"invocation","pair","position","variant","revision","runtimeHash","vectorPerformance","fixture","method","workers","round","seed","draws","warmUp","status","wallSeconds","constructionSeconds","samplingSeconds","diagnosticsSeconds","cpuSeconds","gcSeconds","evaluations","alignedDraws","minMeanEss","minBulkEss","minTailEss","maxRHat","maxMeanError","warningCoordinates","fingerprint","error"
"0","0","0","baseline","eda9ebbaefdf404a3b7fdaa0c3105584d34b2373","38e02ddef01844140e3dfdfdd87733a37d26f59aeef6fcccc67fb13ed19a7d57","vectorPerformance","correlated32","GPSS","1","-2","404175","4000","500","Complete","0.4477359","3.3999E-5","0.206313601","0.2413883","0.8125","0.005","265461","4000","645.117038188815","619.6601510130125","111.82974658890811","1.4709232708798055","0.0221888479832677","32","34ba7e81aae421fabb6d7abc8b37fed811e4c6a3b11b225e03c34135c20e5fab",""
"0","0","0","baseline","eda9ebbaefdf404a3b7fdaa0c3105584d34b2373","38e02ddef01844140e3dfdfdd87733a37d26f59aeef6fcccc67fb13ed19a7d57","vectorPerformance","correlated32","GPSS","1","-1","412094","4000","500","Complete","0.4441974","3.0E-5","0.2046604","0.239507","0.453125","0.002","260316","4000","564.5119782236644","553.9746471274595","68.93212740164371","1.6458772028336794","0.06977010736276656","32","0dd72e443f3b53513a682dd3fda3078d30eb3ca1e5546f164ad2b8797a0cc49f",""
"0","0","0","baseline","eda9ebbaefdf404a3b7fdaa0c3105584d34b2373","38e02ddef01844140e3dfdfdd87733a37d26f59aeef6fcccc67fb13ed19a7d57","vectorPerformance","correlated32","GPSS","1","0","420013","4000","500","Complete","0.449327601","3.05E-5","0.210746001","0.2385511","0.4375","0.004","271170","4000","550.788691510793","462.92862585511017","31.898583590051008","1.6153232296497368","0.02539427674995709","32","4e32fd58fd10390b4e797c6902eed30b34036ec3e48184af25c550e5ecd201e4",""
"0","0","0","baseline","eda9ebbaefdf404a3b7fdaa0c3105584d34b2373","38e02ddef01844140e3dfdfdd87733a37d26f59aeef6fcccc67fb13ed19a7d57","vectorPerformance","correlated32","GPSS","1","1","427932","4000","500","Complete","0.433155","3.16E-5","0.1925547","0.2405687","0.421875","0.003","243643","4000","728.9168563232058","707.6422054588379","37.327199337196575","1.394679319897266","0.014786962883091226","32","6556bc9a5258d4cf10554a8f1be0f66bc02b8dd465a89ab0179fc4a9bce27863",""
"0","0","0","baseline","eda9ebbaefdf404a3b7fdaa0c3105584d34b2373","38e02ddef01844140e3dfdfdd87733a37d26f59aeef6fcccc67fb13ed19a7d57","vectorPerformance","correlated32","GPSS","1","2","435851","4000","500","Complete","0.441879299","2.4899E-5","0.2000348","0.2418196","0.78125","0.002","252525","4000","851.515000276373","802.0414367077282","72.65826721585422","1.3443798021720257","0.05441559245735261","32","241b3dbb9e14d1912d29f4167a0d49b5aac92799d098cc4aea7fd189aea591d5",""
"0","0","0","baseline","eda9ebbaefdf404a3b7fdaa0c3105584d34b2373","38e02ddef01844140e3dfdfdd87733a37d26f59aeef6fcccc67fb13ed19a7d57","vectorPerformance","correlated32","GPSS","1","3","443770","4000","500","Complete","0.438512901","2.4201E-5","0.199614099","0.238874601","0.4375","0.002","252476","4000","579.6107666912351","519.1606176358861","80.32525737492834","1.1037679615355824","0.05661873010414342","32","e379cb80ecf5804cc22ddf166b2fd12dfc52cf394467b1b6e6cab088cb4ce1a7",""
"0","0","0","baseline","eda9ebbaefdf404a3b7fdaa0c3105584d34b2373","38e02ddef01844140e3dfdfdd87733a37d26f59aeef6fcccc67fb13ed19a7d57","vectorPerformance","correlated32","GPSS","1","4","451689","4000","500","Complete","0.459562","2.5899E-5","0.215635501","0.2439006","0.484375","0.007","276146","4000","745.841296773472","687.9271641953604","73.67496547194912","1.1447391912214941","0.06804485983194875","32","d07f89bf5cc41c4bd92db0f6611a71a2eba9eae89a88327e3e8eeccefa31029b",""
"0","0","0","baseline","eda9ebbaefdf404a3b7fdaa0c3105584d34b2373","38e02ddef01844140e3dfdfdd87733a37d26f59aeef6fcccc67fb13ed19a7d57","vectorPerformance","correlated32","GPSS","2","-2","404175","4000","500","Complete","0.275386599","4.19E-5","0.151294699","0.12405","0.65625","0.004","265461","4000","645.117038188815","619.6601510130125","111.82974658890811","1.4709232708798055","0.0221888479832677","32","34ba7e81aae421fabb6d7abc8b37fed811e4c6a3b11b225e03c34135c20e5fab",""
"0","0","0","baseline","eda9ebbaefdf404a3b7fdaa0c3105584d34b2373","38e02ddef01844140e3dfdfdd87733a37d26f59aeef6fcccc67fb13ed19a7d57","vectorPerformance","correlated32","GPSS","2","-1","412094","4000","500","Complete","0.270157301","3.0901E-5","0.1374714","0.132655","0.859375","0.005","260316","4000","564.5119782236644","553.9746471274595","68.93212740164371","1.6458772028336794","0.06977010736276656","32","0dd72e443f3b53513a682dd3fda3078d30eb3ca1e5546f164ad2b8797a0cc49f",""
"0","0","0","baseline","eda9ebbaefdf404a3b7fdaa0c3105584d34b2373","38e02ddef01844140e3dfdfdd87733a37d26f59aeef6fcccc67fb13ed19a7d57","vectorPerformance","correlated32","GPSS","2","0","420013","4000","500","Complete","0.275031299","3.17E-5","0.14587","0.129129599","0.515625","0.005","271170","4000","550.788691510793","462.92862585511017","31.898583590051008","1.6153232296497368","0.02539427674995709","32","4e32fd58fd10390b4e797c6902eed30b34036ec3e48184af25c550e5ecd201e4",""
"0","0","0","baseline","eda9ebbaefdf404a3b7fdaa0c3105584d34b2373","38e02ddef01844140e3dfdfdd87733a37d26f59aeef6fcccc67fb13ed19a7d57","vectorPerformance","correlated32","GPSS","2","1","427932","4000","500","Complete","0.2598157","4.56E-5","0.1297717","0.1299984","0.53125","0.004","243643","4000","728.9168563232058","707.6422054588379","37.327199337196575","1.394679319897266","0.014786962883091226","32","6556bc9a5258d4cf10554a8f1be0f66bc02b8dd465a89ab0179fc4a9bce27863",""
"0","0","0","baseline","eda9ebbaefdf404a3b7fdaa0c3105584d34b2373","38e02ddef01844140e3dfdfdd87733a37d26f59aeef6fcccc67fb13ed19a7d57","vectorPerformance","correlated32","GPSS","2","2","435851","4000","500","Complete","0.2621998","2.3301E-5","0.137393","0.124783499","0.515625","0.004","252525","4000","851.515000276373","802.0414367077282","72.65826721585422","1.3443798021720257","0.05441559245735261","32","241b3dbb9e14d1912d29f4167a0d49b5aac92799d098cc4aea7fd189aea591d5",""
"0","0","0","baseline","eda9ebbaefdf404a3b7fdaa0c3105584d34b2373","38e02ddef01844140e3dfdfdd87733a37d26f59aeef6fcccc67fb13ed19a7d57","vectorPerformance","correlated32","GPSS","2","3","443770","4000","500","Complete","0.2672238","3.5999E-5","0.136051001","0.1311368","0.515625","0.005","252476","4000","579.6107666912351","519.1606176358861","80.32525737492834","1.1037679615355824","0.05661873010414342","32","e379cb80ecf5804cc22ddf166b2fd12dfc52cf394467b1b6e6cab088cb4ce1a7",""
"0","0","0","baseline","eda9ebbaefdf404a3b7fdaa0c3105584d34b2373","38e02ddef01844140e3dfdfdd87733a37d26f59aeef6fcccc67fb13ed19a7d57","vectorPerformance","correlated32","GPSS","2","4","451689","4000","500","Complete","0.2639721","2.37E-5","0.142286","0.1216624","0.53125","0.004","276146","4000","745.841296773472","687.9271641953604","73.67496547194912","1.1447391912214941","0.06804485983194875","32","d07f89bf5cc41c4bd92db0f6611a71a2eba9eae89a88327e3e8eeccefa31029b",""
"0","0","0","baseline","eda9ebbaefdf404a3b7fdaa0c3105584d34b2373","38e02ddef01844140e3dfdfdd87733a37d26f59aeef6fcccc67fb13ed19a7d57","vectorPerformance","correlated32","GPSS","4","-2","404175","4000","500","Complete","0.2037224","3.08E-5","0.1326594","0.0710322","0.796875","0.004","265461","4000","645.117038188815","619.6601510130125","111.82974658890811","1.4709232708798055","0.0221888479832677","32","34ba7e81aae421fabb6d7abc8b37fed811e4c6a3b11b225e03c34135c20e5fab",""
"0","0","0","baseline","eda9ebbaefdf404a3b7fdaa0c3105584d34b2373","38e02ddef01844140e3dfdfdd87733a37d26f59aeef6fcccc67fb13ed19a7d57","vectorPerformance","correlated32","GPSS","4","-1","412094","4000","500","Complete","0.2071644","2.9901E-5","0.1340282","0.073106299","0.75","0.003","260316","4000","564.5119782236644","553.9746471274595","68.93212740164371","1.6458772028336794","0.06977010736276656","32","0dd72e443f3b53513a682dd3fda3078d30eb3ca1e5546f164ad2b8797a0cc49f",""
"0","0","0","baseline","eda9ebbaefdf404a3b7fdaa0c3105584d34b2373","38e02ddef01844140e3dfdfdd87733a37d26f59aeef6fcccc67fb13ed19a7d57","vectorPerformance","correlated32","GPSS","4","0","420013","4000","500","Complete","0.2125621","2.95E-5","0.1364391","0.0760935","0.796875","0.004","271170","4000","550.788691510793","462.92862585511017","31.898583590051008","1.6153232296497368","0.02539427674995709","32","4e32fd58fd10390b4e797c6902eed30b34036ec3e48184af25c550e5ecd201e4",""
"0","0","0","baseline","eda9ebbaefdf404a3b7fdaa0c3105584d34b2373","38e02ddef01844140e3dfdfdd87733a37d26f59aeef6fcccc67fb13ed19a7d57","vectorPerformance","correlated32","GPSS","4","1","427932","4000","500","Complete","0.201706","3.27E-5","0.127712101","0.073961199","0.765625","0.004","243643","4000","728.9168563232058","707.6422054588379","37.327199337196575","1.394679319897266","0.014786962883091226","32","6556bc9a5258d4cf10554a8f1be0f66bc02b8dd465a89ab0179fc4a9bce27863",""
"0","0","0","baseline","eda9ebbaefdf404a3b7fdaa0c3105584d34b2373","38e02ddef01844140e3dfdfdd87733a37d26f59aeef6fcccc67fb13ed19a7d57","vectorPerformance","correlated32","GPSS","4","2","435851","4000","500","Complete","0.2050373","5.09E-5","0.1270278","0.0779586","1.09375","0.005","252525","4000","851.515000276373","802.0414367077282","72.65826721585422","1.3443798021720257","0.05441559245735261","32","241b3dbb9e14d1912d29f4167a0d49b5aac92799d098cc4aea7fd189aea591d5",""
"0","0","0","baseline","eda9ebbaefdf404a3b7fdaa0c3105584d34b2373","38e02ddef01844140e3dfdfdd87733a37d26f59aeef6fcccc67fb13ed19a7d57","vectorPerformance","correlated32","GPSS","4","3","443770","4000","500","Complete","0.2007412","4.65E-5","0.1264184","0.0742763","0.734375","0.004","252476","4000","579.6107666912351","519.1606176358861","80.32525737492834","1.1037679615355824","0.05661873010414342","32","e379cb80ecf5804cc22ddf166b2fd12dfc52cf394467b1b6e6cab088cb4ce1a7",""
"0","0","0","baseline","eda9ebbaefdf404a3b7fdaa0c3105584d34b2373","38e02ddef01844140e3dfdfdd87733a37d26f59aeef6fcccc67fb13ed19a7d57","vectorPerformance","correlated32","GPSS","4","4","451689","4000","500","Complete","0.2083104","2.5E-5","0.1382404","0.070045","0.796875","0.004","276146","4000","745.841296773472","687.9271641953604","73.67496547194912","1.1447391912214941","0.06804485983194875","32","d07f89bf5cc41c4bd92db0f6611a71a2eba9eae89a88327e3e8eeccefa31029b",""
"0","0","0","baseline","eda9ebbaefdf404a3b7fdaa0c3105584d34b2373","38e02ddef01844140e3dfdfdd87733a37d26f59aeef6fcccc67fb13ed19a7d57","vectorPerformance","correlated32","Quantile","1","-2","404175","4000","500","Complete","1.5980156","2.0E-5","1.3429366","0.255059","1.609375","0.018","3282856","4000","23.797668269094697","23.991783455481954","49.25430937145106","1.1516283632440742","0.3728865535403717","32","a76e28f6e88c6be3891bdc833beb8d8d0a1740b95f0935a4806e8ab65d3c899c",""
"0","0","0","baseline","eda9ebbaefdf404a3b7fdaa0c3105584d34b2373","38e02ddef01844140e3dfdfdd87733a37d26f59aeef6fcccc67fb13ed19a7d57","vectorPerformance","correlated32","Quantile","1","-1","412094","4000","500","Complete","1.5824958","2.0799E-5","1.330717901","0.2517571","1.59375","0.018","3230583","4000","31.726513907349148","31.532168002260388","97.16989966673968","1.0798839490509835","0.08306741567350584","32","f9ed8df14134bddcfbb2d40aa6e479cfbaad40e1882750767724d2bc52df3b34",""
"0","0","0","baseline","eda9ebbaefdf404a3b7fdaa0c3105584d34b2373","38e02ddef01844140e3dfdfdd87733a37d26f59aeef6fcccc67fb13ed19a7d57","vectorPerformance","correlated32","Quantile","1","0","420013","4000","500","Complete","1.5670497","2.31E-5","1.3210374","0.2459892","2.296875","0.021","3251733","4000","36.23737925347603","37.074760300245536","94.41153342442881","1.094481746270784","0.006936160462634622","32","70f5117f96cd02d2870b347963ec61f489004b4e752f979286b6bbb78357a72b",""
"0","0","0","baseline","eda9ebbaefdf404a3b7fdaa0c3105584d34b2373","38e02ddef01844140e3dfdfdd87733a37d26f59aeef6fcccc67fb13ed19a7d57","vectorPerformance","correlated32","Quantile","1","1","427932","4000","500","Complete","1.591720801","2.7001E-5","1.3359685","0.2557253","1.578125","0.022","3236479","4000","31.801672449893193","32.058114379350506","84.74388663935426","1.0852433257313874","0.03363458703623934","32","9361e774d845e114d77fdb68cfdc974ca4f240b9ee801485b53bd51fdc75e4ee",""
"0","0","0","baseline","eda9ebbaefdf404a3b7fdaa0c3105584d34b2373","38e02ddef01844140e3dfdfdd87733a37d26f59aeef6fcccc67fb13ed19a7d57","vectorPerformance","correlated32","Quantile","1","2","435851","4000","500","Complete","1.5565828","2.0701E-5","1.3004198","0.256142299","1.90625","0.022","3213584","4000","18.827593772089372","19.418977153927276","144.36214774069362","1.1856715933721973","0.22462708158086309","32","be8072aea54a06faab2c2090774614aa1ad4df6564d26d325be8e1037fc3c851",""
"0","0","0","baseline","eda9ebbaefdf404a3b7fdaa0c3105584d34b2373","38e02ddef01844140e3dfdfdd87733a37d26f59aeef6fcccc67fb13ed19a7d57","vectorPerformance","correlated32","Quantile","1","3","443770","4000","500","Complete","1.6011985","2.1001E-5","1.3391492","0.262028299","2.3125","0.021","3292746","4000","8.551688513959126","8.66542172384507","23.37880092498311","1.3883316083476982","0.08359316129464744","32","3ae74ba297dfc21cabfcf0707b44b409c98d3bd3f9dfc2b6af98aa1fde2b375a",""
"0","0","0","baseline","eda9ebbaefdf404a3b7fdaa0c3105584d34b2373","38e02ddef01844140e3dfdfdd87733a37d26f59aeef6fcccc67fb13ed19a7d57","vectorPerformance","correlated32","Quantile","1","4","451689","4000","500","Complete","1.555133901","2.7701E-5","1.3020418","0.2530644","1.90625","0.019","3210555","4000","32.00943946980557","33.91863557210035","93.00550074538009","1.0837128123690845","0.1407722816405288","32","6de2fd21c7960b9d9708ca419e8aba6e1a90d027a2db52b77e66a4a749ca160e",""
"0","0","0","baseline","eda9ebbaefdf404a3b7fdaa0c3105584d34b2373","38e02ddef01844140e3dfdfdd87733a37d26f59aeef6fcccc67fb13ed19a7d57","vectorPerformance","correlated32","Quantile","2","-2","404175","4000","500","Complete","1.0378125","2.25E-5","0.9069968","0.1307932","2.0625","0.018","3282856","4000","23.797668269094697","23.991783455481954","49.25430937145106","1.1516283632440742","0.3728865535403717","32","a76e28f6e88c6be3891bdc833beb8d8d0a1740b95f0935a4806e8ab65d3c899c",""
"0","0","0","baseline","eda9ebbaefdf404a3b7fdaa0c3105584d34b2373","38e02ddef01844140e3dfdfdd87733a37d26f59aeef6fcccc67fb13ed19a7d57","vectorPerformance","correlated32","Quantile","2","-1","412094","4000","500","Complete","1.0313964","2.0199E-5","0.897051801","0.1343244","2.0625","0.017","3230583","4000","31.726513907349148","31.532168002260388","97.16989966673968","1.0798839490509835","0.08306741567350584","32","f9ed8df14134bddcfbb2d40aa6e479cfbaad40e1882750767724d2bc52df3b34",""
"0","0","0","baseline","eda9ebbaefdf404a3b7fdaa0c3105584d34b2373","38e02ddef01844140e3dfdfdd87733a37d26f59aeef6fcccc67fb13ed19a7d57","vectorPerformance","correlated32","Quantile","2","0","420013","4000","500","Complete","1.0272219","2.13E-5","0.8986684","0.1285322","2.03125","0.019","3251733","4000","36.23737925347603","37.074760300245536","94.41153342442881","1.094481746270784","0.006936160462634622","32","70f5117f96cd02d2870b347963ec61f489004b4e752f979286b6bbb78357a72b",""
"0","0","0","baseline","eda9ebbaefdf404a3b7fdaa0c3105584d34b2373","38e02ddef01844140e3dfdfdd87733a37d26f59aeef6fcccc67fb13ed19a7d57","vectorPerformance","correlated32","Quantile","2","1","427932","4000","500","Complete","1.029417","2.38E-5","0.900092199","0.129301001","2.6875","0.019","3236479","4000","31.801672449893193","32.058114379350506","84.74388663935426","1.0852433257313874","0.03363458703623934","32","9361e774d845e114d77fdb68cfdc974ca4f240b9ee801485b53bd51fdc75e4ee",""
"0","0","0","baseline","eda9ebbaefdf404a3b7fdaa0c3105584d34b2373","38e02ddef01844140e3dfdfdd87733a37d26f59aeef6fcccc67fb13ed19a7d57","vectorPerformance","correlated32","Quantile","2","2","435851","4000","500","Complete","1.029265","2.02E-5","0.890261099","0.138983701","2.03125","0.019","3213584","4000","18.827593772089372","19.418977153927276","144.36214774069362","1.1856715933721973","0.22462708158086309","32","be8072aea54a06faab2c2090774614aa1ad4df6564d26d325be8e1037fc3c851",""
"0","0","0","baseline","eda9ebbaefdf404a3b7fdaa0c3105584d34b2373","38e02ddef01844140e3dfdfdd87733a37d26f59aeef6fcccc67fb13ed19a7d57","vectorPerformance","correlated32","Quantile","2","3","443770","4000","500","Complete","1.0559039","2.3199E-5","0.921298301","0.1345824","2.703125","0.018","3292746","4000","8.551688513959126","8.66542172384507","23.37880092498311","1.3883316083476982","0.08359316129464744","32","3ae74ba297dfc21cabfcf0707b44b409c98d3bd3f9dfc2b6af98aa1fde2b375a",""
"0","0","0","baseline","eda9ebbaefdf404a3b7fdaa0c3105584d34b2373","38e02ddef01844140e3dfdfdd87733a37d26f59aeef6fcccc67fb13ed19a7d57","vectorPerformance","correlated32","Quantile","2","4","451689","4000","500","Complete","1.0231926","2.5901E-5","0.8881168","0.135049899","2.328125","0.019","3210555","4000","32.00943946980557","33.91863557210035","93.00550074538009","1.0837128123690845","0.1407722816405288","32","6de2fd21c7960b9d9708ca419e8aba6e1a90d027a2db52b77e66a4a749ca160e",""
"0","0","0","baseline","eda9ebbaefdf404a3b7fdaa0c3105584d34b2373","38e02ddef01844140e3dfdfdd87733a37d26f59aeef6fcccc67fb13ed19a7d57","vectorPerformance","correlated32","Quantile","4","-2","404175","4000","500","Complete","0.898867301","2.0801E-5","0.824298299","0.074548201","3.546875","0.018","3282856","4000","23.797668269094697","23.991783455481954","49.25430937145106","1.1516283632440742","0.3728865535403717","32","a76e28f6e88c6be3891bdc833beb8d8d0a1740b95f0935a4806e8ab65d3c899c",""
"0","0","0","baseline","eda9ebbaefdf404a3b7fdaa0c3105584d34b2373","38e02ddef01844140e3dfdfdd87733a37d26f59aeef6fcccc67fb13ed19a7d57","vectorPerformance","correlated32","Quantile","4","-1","412094","4000","500","Complete","0.9043216","3.29E-5","0.8272538","0.0770349","3.578125","0.017","3230583","4000","31.726513907349148","31.532168002260388","97.16989966673968","1.0798839490509835","0.08306741567350584","32","f9ed8df14134bddcfbb2d40aa6e479cfbaad40e1882750767724d2bc52df3b34",""
"0","0","0","baseline","eda9ebbaefdf404a3b7fdaa0c3105584d34b2373","38e02ddef01844140e3dfdfdd87733a37d26f59aeef6fcccc67fb13ed19a7d57","vectorPerformance","correlated32","Quantile","4","0","420013","4000","500","Complete","0.9116704","2.26E-5","0.8371378","0.07451","3.953125","0.019","3251733","4000","36.23737925347603","37.074760300245536","94.41153342442881","1.094481746270784","0.006936160462634622","32","70f5117f96cd02d2870b347963ec61f489004b4e752f979286b6bbb78357a72b",""
"0","0","0","baseline","eda9ebbaefdf404a3b7fdaa0c3105584d34b2373","38e02ddef01844140e3dfdfdd87733a37d26f59aeef6fcccc67fb13ed19a7d57","vectorPerformance","correlated32","Quantile","4","1","427932","4000","500","Complete","1.0112224","2.16E-5","0.9342527","0.0769481","4.046875","0.022","3236479","4000","31.801672449893193","32.058114379350506","84.74388663935426","1.0852433257313874","0.03363458703623934","32","9361e774d845e114d77fdb68cfdc974ca4f240b9ee801485b53bd51fdc75e4ee",""
"0","0","0","baseline","eda9ebbaefdf404a3b7fdaa0c3105584d34b2373","38e02ddef01844140e3dfdfdd87733a37d26f59aeef6fcccc67fb13ed19a7d57","vectorPerformance","correlated32","Quantile","4","2","435851","4000","500","Complete","0.9103135","2.0099E-5","0.830137401","0.080156","3.8125","0.019","3213584","4000","18.827593772089372","19.418977153927276","144.36214774069362","1.1856715933721973","0.22462708158086309","32","be8072aea54a06faab2c2090774614aa1ad4df6564d26d325be8e1037fc3c851",""
"0","0","0","baseline","eda9ebbaefdf404a3b7fdaa0c3105584d34b2373","38e02ddef01844140e3dfdfdd87733a37d26f59aeef6fcccc67fb13ed19a7d57","vectorPerformance","correlated32","Quantile","4","3","443770","4000","500","Complete","0.9228158","2.62E-5","0.8345225","0.0882671","3.890625","0.019","3292746","4000","8.551688513959126","8.66542172384507","23.37880092498311","1.3883316083476982","0.08359316129464744","32","3ae74ba297dfc21cabfcf0707b44b409c98d3bd3f9dfc2b6af98aa1fde2b375a",""
"0","0","0","baseline","eda9ebbaefdf404a3b7fdaa0c3105584d34b2373","38e02ddef01844140e3dfdfdd87733a37d26f59aeef6fcccc67fb13ed19a7d57","vectorPerformance","correlated32","Quantile","4","4","451689","4000","500","Complete","0.8972139","2.04E-5","0.818405599","0.078787901","3.609375","0.019","3210555","4000","32.00943946980557","33.91863557210035","93.00550074538009","1.0837128123690845","0.1407722816405288","32","6de2fd21c7960b9d9708ca419e8aba6e1a90d027a2db52b77e66a4a749ca160e",""
"0","0","0","baseline","eda9ebbaefdf404a3b7fdaa0c3105584d34b2373","38e02ddef01844140e3dfdfdd87733a37d26f59aeef6fcccc67fb13ed19a7d57","vectorPerformance","gaussian32","GPSS","1","-2","404175","4000","500","Complete","0.3504484","3.8599E-5","0.095136901","0.2552729","0.34375","0.005","139155","4000","14560.87743232489","14566.888663880416","9030.296419517286","1.0011086994050007","0.013020088729037094","0","f3ae7e88a3469d95a481057ff78725be41612c1e7bdf2f3d1a7c73f5a42981cf",""
"0","0","0","baseline","eda9ebbaefdf404a3b7fdaa0c3105584d34b2373","38e02ddef01844140e3dfdfdd87733a37d26f59aeef6fcccc67fb13ed19a7d57","vectorPerformance","gaussian32","GPSS","1","-1","412094","4000","500","Complete","0.3479579","4.17E-5","0.0948248","0.2530914","0.34375","0.005","138730","4000","14723.327722756223","14738.615855733822","8857.898575485036","1.0012097458367082","0.014860253936955947","0","6d85793e19e5639b0a7430ab942ac98e6519fa4be0fbcee8a8930a2af289299d",""
"0","0","0","baseline","eda9ebbaefdf404a3b7fdaa0c3105584d34b2373","38e02ddef01844140e3dfdfdd87733a37d26f59aeef6fcccc67fb13ed19a7d57","vectorPerformance","gaussian32","GPSS","1","0","420013","4000","500","Complete","0.351451901","4.49E-5","0.097105201","0.2543018","0.359375","0.005","138723","4000","14789.309502344258","14770.299991933614","8878.031772176253","1.0012114173589253","0.02042856356087519","0","fb030bc811389f4cc0c40b053f280c25c0c5e58babb6d5eb761947efb8511783",""
"0","0","0","baseline","eda9ebbaefdf404a3b7fdaa0c3105584d34b2373","38e02ddef01844140e3dfdfdd87733a37d26f59aeef6fcccc67fb13ed19a7d57","vectorPerformance","gaussian32","GPSS","1","1","427932","4000","500","Complete","0.353797","3.85E-5","0.0946289","0.2591296","0.40625","0.008","138788","4000","15028.158264845573","15037.33690560915","9075.6220980371","1.0011653829278853","0.016607695975976222","0","3d0bccbf5e695e5e8a5d89fa29a1a353b231a8693474ffa5e1944f58eee51881",""
"0","0","0","baseline","eda9ebbaefdf404a3b7fdaa0c3105584d34b2373","38e02ddef01844140e3dfdfdd87733a37d26f59aeef6fcccc67fb13ed19a7d57","vectorPerformance","gaussian32","GPSS","1","2","435851","4000","500","Complete","0.3503396","4.0101E-5","0.095943499","0.254356","0.34375","0.005","138703","4000","14933.892470949851","14950.607747787408","8635.192267898514","1.001735370997425","0.021490044822388643","0","603bdfe20f551e62d9c5fbc68e896eb978d3c40134ec7e7cbc17b062760b5957",""
"0","0","0","baseline","eda9ebbaefdf404a3b7fdaa0c3105584d34b2373","38e02ddef01844140e3dfdfdd87733a37d26f59aeef6fcccc67fb13ed19a7d57","vectorPerformance","gaussian32","GPSS","1","3","443770","4000","500","Complete","0.3429602","3.62E-5","0.0947342","0.2481898","0.34375","0.002","138777","4000","15223.671841621832","15221.605805391002","9210.378340418303","1.0015395267295784","0.016172276604625724","0","2ead94f9fc645301334f7309cfcc4f5b6e54cfdca48deed2f7e56fe38456b29a",""
"0","0","0","baseline","eda9ebbaefdf404a3b7fdaa0c3105584d34b2373","38e02ddef01844140e3dfdfdd87733a37d26f59aeef6fcccc67fb13ed19a7d57","vectorPerformance","gaussian32","GPSS","1","4","451689","4000","500","Complete","0.3502163","4.8601E-5","0.0950421","0.255125599","0.375","0.006","138750","4000","14345.553258947568","14342.778169951296","8945.28266108745","1.0011866456042022","0.01864774016529802","0","d4278b864a0c0454d1730a6de2433aebfa0ebf5de90d82ef8563be3b95ce2d1a",""
"0","0","0","baseline","eda9ebbaefdf404a3b7fdaa0c3105584d34b2373","38e02ddef01844140e3dfdfdd87733a37d26f59aeef6fcccc67fb13ed19a7d57","vectorPerformance","gaussian32","GPSS","2","-2","404175","4000","500","Complete","0.198758999","1.086E-4","0.0671147","0.131535699","0.75","0.002","139155","4000","14560.87743232489","14566.888663880416","9030.296419517286","1.0011086994050007","0.013020088729037094","0","f3ae7e88a3469d95a481057ff78725be41612c1e7bdf2f3d1a7c73f5a42981cf",""
"0","0","0","baseline","eda9ebbaefdf404a3b7fdaa0c3105584d34b2373","38e02ddef01844140e3dfdfdd87733a37d26f59aeef6fcccc67fb13ed19a7d57","vectorPerformance","gaussian32","GPSS","2","-1","412094","4000","500","Complete","0.196457399","4.0999E-5","0.065599901","0.130816499","0.703125","0.002","138730","4000","14723.327722756223","14738.615855733822","8857.898575485036","1.0012097458367082","0.014860253936955947","0","6d85793e19e5639b0a7430ab942ac98e6519fa4be0fbcee8a8930a2af289299d",""
"0","0","0","baseline","eda9ebbaefdf404a3b7fdaa0c3105584d34b2373","38e02ddef01844140e3dfdfdd87733a37d26f59aeef6fcccc67fb13ed19a7d57","vectorPerformance","gaussian32","GPSS","2","0","420013","4000","500","Complete","0.2024083","3.6699E-5","0.071539901","0.1308317","0.40625","0.002","138723","4000","14789.309502344258","14770.299991933614","8878.031772176253","1.0012114173589253","0.02042856356087519","0","fb030bc811389f4cc0c40b053f280c25c0c5e58babb6d5eb761947efb8511783",""
"0","0","0","baseline","eda9ebbaefdf404a3b7fdaa0c3105584d34b2373","38e02ddef01844140e3dfdfdd87733a37d26f59aeef6fcccc67fb13ed19a7d57","vectorPerformance","gaussian32","GPSS","2","1","427932","4000","500","Complete","0.1968461","3.64E-5","0.0641729","0.1326368","0.40625","0.004","138788","4000","15028.158264845573","15037.33690560915","9075.6220980371","1.0011653829278853","0.016607695975976222","0","3d0bccbf5e695e5e8a5d89fa29a1a353b231a8693474ffa5e1944f58eee51881",""
"0","0","0","baseline","eda9ebbaefdf404a3b7fdaa0c3105584d34b2373","38e02ddef01844140e3dfdfdd87733a37d26f59aeef6fcccc67fb13ed19a7d57","vectorPerformance","gaussian32","GPSS","2","2","435851","4000","500","Complete","0.1983293","3.57E-5","0.063579","0.1347146","0.375","0.004","138703","4000","14933.892470949851","14950.607747787408","8635.192267898514","1.001735370997425","0.021490044822388643","0","603bdfe20f551e62d9c5fbc68e896eb978d3c40134ec7e7cbc17b062760b5957",""
"0","0","0","baseline","eda9ebbaefdf404a3b7fdaa0c3105584d34b2373","38e02ddef01844140e3dfdfdd87733a37d26f59aeef6fcccc67fb13ed19a7d57","vectorPerformance","gaussian32","GPSS","2","3","443770","4000","500","Complete","0.199269399","5.7299E-5","0.064803701","0.134408399","0.734375","0.004","138777","4000","15223.671841621832","15221.605805391002","9210.378340418303","1.0015395267295784","0.016172276604625724","0","2ead94f9fc645301334f7309cfcc4f5b6e54cfdca48deed2f7e56fe38456b29a",""
"0","0","0","baseline","eda9ebbaefdf404a3b7fdaa0c3105584d34b2373","38e02ddef01844140e3dfdfdd87733a37d26f59aeef6fcccc67fb13ed19a7d57","vectorPerformance","gaussian32","GPSS","2","4","451689","4000","500","Complete","0.197465701","4.78E-5","0.062629301","0.1347886","0.75","0.004","138750","4000","14345.553258947568","14342.778169951296","8945.28266108745","1.0011866456042022","0.01864774016529802","0","d4278b864a0c0454d1730a6de2433aebfa0ebf5de90d82ef8563be3b95ce2d1a",""
"0","0","0","baseline","eda9ebbaefdf404a3b7fdaa0c3105584d34b2373","38e02ddef01844140e3dfdfdd87733a37d26f59aeef6fcccc67fb13ed19a7d57","vectorPerformance","gaussian32","GPSS","4","-2","404175","4000","500","Complete","0.1371231","3.8201E-5","0.0593347","0.077750199","0.75","0.004","139155","4000","14560.87743232489","14566.888663880416","9030.296419517286","1.0011086994050007","0.013020088729037094","0","f3ae7e88a3469d95a481057ff78725be41612c1e7bdf2f3d1a7c73f5a42981cf",""
"0","0","0","baseline","eda9ebbaefdf404a3b7fdaa0c3105584d34b2373","38e02ddef01844140e3dfdfdd87733a37d26f59aeef6fcccc67fb13ed19a7d57","vectorPerformance","gaussian32","GPSS","4","-1","412094","4000","500","Complete","0.1370115","9.98E-5","0.062803499","0.074108201","0.546875","0.002","138730","4000","14723.327722756223","14738.615855733822","8857.898575485036","1.0012097458367082","0.014860253936955947","0","6d85793e19e5639b0a7430ab942ac98e6519fa4be0fbcee8a8930a2af289299d",""
"0","0","0","baseline","eda9ebbaefdf404a3b7fdaa0c3105584d34b2373","38e02ddef01844140e3dfdfdd87733a37d26f59aeef6fcccc67fb13ed19a7d57","vectorPerformance","gaussian32","GPSS","4","0","420013","4000","500","Complete","0.136203701","3.9501E-5","0.0600055","0.0761587","0.5625","0.005","138723","4000","14789.309502344258","14770.299991933614","8878.031772176253","1.0012114173589253","0.02042856356087519","0","fb030bc811389f4cc0c40b053f280c25c0c5e58babb6d5eb761947efb8511783",""
"0","0","0","baseline","eda9ebbaefdf404a3b7fdaa0c3105584d34b2373","38e02ddef01844140e3dfdfdd87733a37d26f59aeef6fcccc67fb13ed19a7d57","vectorPerformance","gaussian32","GPSS","4","1","427932","4000","500","Complete","0.1346631","3.54E-5","0.062273699","0.072354001","0.546875","0.003","138788","4000","15028.158264845573","15037.33690560915","9075.6220980371","1.0011653829278853","0.016607695975976222","0","3d0bccbf5e695e5e8a5d89fa29a1a353b231a8693474ffa5e1944f58eee51881",""
"0","0","0","baseline","eda9ebbaefdf404a3b7fdaa0c3105584d34b2373","38e02ddef01844140e3dfdfdd87733a37d26f59aeef6fcccc67fb13ed19a7d57","vectorPerformance","gaussian32","GPSS","4","2","435851","4000","500","Complete","0.134796001","3.7301E-5","0.0620537","0.072705","0.53125","0.002","138703","4000","14933.892470949851","14950.607747787408","8635.192267898514","1.001735370997425","0.021490044822388643","0","603bdfe20f551e62d9c5fbc68e896eb978d3c40134ec7e7cbc17b062760b5957",""
"0","0","0","baseline","eda9ebbaefdf404a3b7fdaa0c3105584d34b2373","38e02ddef01844140e3dfdfdd87733a37d26f59aeef6fcccc67fb13ed19a7d57","vectorPerformance","gaussian32","GPSS","4","3","443770","4000","500","Complete","0.1332811","3.89E-5","0.061936599","0.071305601","0.8125","0.003","138777","4000","15223.671841621832","15221.605805391002","9210.378340418303","1.0015395267295784","0.016172276604625724","0","2ead94f9fc645301334f7309cfcc4f5b6e54cfdca48deed2f7e56fe38456b29a",""
"0","0","0","baseline","eda9ebbaefdf404a3b7fdaa0c3105584d34b2373","38e02ddef01844140e3dfdfdd87733a37d26f59aeef6fcccc67fb13ed19a7d57","vectorPerformance","gaussian32","GPSS","4","4","451689","4000","500","Complete","0.1407735","5.68E-5","0.061438","0.0792787","0.5625","0.003","138750","4000","14345.553258947568","14342.778169951296","8945.28266108745","1.0011866456042022","0.01864774016529802","0","d4278b864a0c0454d1730a6de2433aebfa0ebf5de90d82ef8563be3b95ce2d1a",""
"0","0","0","baseline","eda9ebbaefdf404a3b7fdaa0c3105584d34b2373","38e02ddef01844140e3dfdfdd87733a37d26f59aeef6fcccc67fb13ed19a7d57","vectorPerformance","gaussian32","Quantile","1","-2","404175","4000","500","Complete","0.7371502","3.08E-5","0.485585099","0.251534301","1.125","0.01","1753214","4000","15219.008327321226","15213.744919585897","12194.607218487616","1.0007110848254097","0.01623649007724448","0","cecc6b4fda00565adaade6079bd9a81eec1cb5425a7364f3a4652f8f1fe688e7",""
"0","0","0","baseline","eda9ebbaefdf404a3b7fdaa0c3105584d34b2373","38e02ddef01844140e3dfdfdd87733a37d26f59aeef6fcccc67fb13ed19a7d57","vectorPerformance","gaussian32","Quantile","1","-1","412094","4000","500","Complete","0.7368055","2.7801E-5","0.4809796","0.255798099","0.734375","0.013","1754500","4000","14374.340793710559","14390.679914776822","12593.727427588436","1.0005481375625007","0.020322296447435884","0","710b12b4b32c1d00e33cda313ee3aca4afb06968f65bf5b1d672fd6109f4f43f",""
"0","0","0","baseline","eda9ebbaefdf404a3b7fdaa0c3105584d34b2373","38e02ddef01844140e3dfdfdd87733a37d26f59aeef6fcccc67fb13ed19a7d57","vectorPerformance","gaussian32","Quantile","1","0","420013","4000","500","Complete","0.730852499","2.71E-5","0.477140499","0.2536849","0.8125","0.012","1751135","4000","14804.415700401843","14796.384417892554","11674.348877600554","1.0004842070731996","0.017149474216242355","0","7163a65543816d08a23c844d2762c1967e2f734b4748129ec7bdf89e140df8b4",""
"0","0","0","baseline","eda9ebbaefdf404a3b7fdaa0c3105584d34b2373","38e02ddef01844140e3dfdfdd87733a37d26f59aeef6fcccc67fb13ed19a7d57","vectorPerformance","gaussian32","Quantile","1","1","427932","4000","500","Complete","0.7350638","2.85E-5","0.4863542","0.2486811","1.09375","0.01","1751119","4000","15119.429112419593","15129.482098788952","12424.352542458728","1.000588248721186","0.024238503591598903","0","e468486f9c3bce272356b47328af805b6315b0ce0dcec0ba389ad1cc6e773090",""
"0","0","0","baseline","eda9ebbaefdf404a3b7fdaa0c3105584d34b2373","38e02ddef01844140e3dfdfdd87733a37d26f59aeef6fcccc67fb13ed19a7d57","vectorPerformance","gaussian32","Quantile","1","2","435851","4000","500","Complete","0.736555","3.0E-5","0.4846048","0.2519202","1.046875","0.012","1754043","4000","14654.09636813213","14648.796726473445","11630.775114295944","1.0006045524861327","0.019982935899345466","0","f17849dd0d6937ddb28ce5136301623e9a5b8e9dd4ad54fb96a198cfdc5f0c6a",""
"0","0","0","baseline","eda9ebbaefdf404a3b7fdaa0c3105584d34b2373","38e02ddef01844140e3dfdfdd87733a37d26f59aeef6fcccc67fb13ed19a7d57","vectorPerformance","gaussian32","Quantile","1","3","443770","4000","500","Complete","0.7399516","2.86E-5","0.4884237","0.2514993","1.09375","0.009","1754067","4000","14670.955292689816","14672.094230083088","12113.52110906072","1.0003997605716526","0.012117200485737945","0","8d191d73493e7fb3ede8cea18ccac7e017f7700706ef9c9f8b699e07b2804d14",""
"0","0","0","baseline","eda9ebbaefdf404a3b7fdaa0c3105584d34b2373","38e02ddef01844140e3dfdfdd87733a37d26f59aeef6fcccc67fb13ed19a7d57","vectorPerformance","gaussian32","Quantile","1","4","451689","4000","500","Complete","0.7376789","2.6801E-5","0.4873886","0.250263499","1.40625","0.009","1751661","4000","14424.859583462046","14417.997752939862","12128.296452895833","1.0007982696988702","0.02835365482901797","0","b8ea3b62393883b214271958061a644368686dc583e5f2e33e5eafdc7a65f17e",""
"0","0","0","baseline","eda9ebbaefdf404a3b7fdaa0c3105584d34b2373","38e02ddef01844140e3dfdfdd87733a37d26f59aeef6fcccc67fb13ed19a7d57","vectorPerformance","gaussian32","Quantile","2","-2","404175","4000","500","Complete","0.4683369","3.82E-5","0.337820999","0.130477701","1.046875","0.012","1753214","4000","15219.008327321226","15213.744919585897","12194.607218487616","1.0007110848254097","0.01623649007724448","0","cecc6b4fda00565adaade6079bd9a81eec1cb5425a7364f3a4652f8f1fe688e7",""
"0","0","0","baseline","eda9ebbaefdf404a3b7fdaa0c3105584d34b2373","38e02ddef01844140e3dfdfdd87733a37d26f59aeef6fcccc67fb13ed19a7d57","vectorPerformance","gaussian32","Quantile","2","-1","412094","4000","500","Complete","0.4589771","2.81E-5","0.328837799","0.130111201","0.90625","0.009","1754500","4000","14374.340793710559","14390.679914776822","12593.727427588436","1.0005481375625007","0.020322296447435884","0","710b12b4b32c1d00e33cda313ee3aca4afb06968f65bf5b1d672fd6109f4f43f",""
"0","0","0","baseline","eda9ebbaefdf404a3b7fdaa0c3105584d34b2373","38e02ddef01844140e3dfdfdd87733a37d26f59aeef6fcccc67fb13ed19a7d57","vectorPerformance","gaussian32","Quantile","2","0","420013","4000","500","Complete","0.4687002","2.8499E-5","0.337598301","0.1310734","1.265625","0.012","1751135","4000","14804.415700401843","14796.384417892554","11674.348877600554","1.0004842070731996","0.017149474216242355","0","7163a65543816d08a23c844d2762c1967e2f734b4748129ec7bdf89e140df8b4",""
"0","0","0","baseline","eda9ebbaefdf404a3b7fdaa0c3105584d34b2373","38e02ddef01844140e3dfdfdd87733a37d26f59aeef6fcccc67fb13ed19a7d57","vectorPerformance","gaussian32","Quantile","2","1","427932","4000","500","Complete","0.459677399","3.55E-5","0.3243551","0.135286799","0.9375","0.012","1751119","4000","15119.429112419593","15129.482098788952","12424.352542458728","1.000588248721186","0.024238503591598903","0","e468486f9c3bce272356b47328af805b6315b0ce0dcec0ba389ad1cc6e773090",""
"0","0","0","baseline","eda9ebbaefdf404a3b7fdaa0c3105584d34b2373","38e02ddef01844140e3dfdfdd87733a37d26f59aeef6fcccc67fb13ed19a7d57","vectorPerformance","gaussian32","Quantile","2","2","435851","4000","500","Complete","0.46065","3.05E-5","0.330026599","0.130592901","0.921875","0.011","1754043","4000","14654.09636813213","14648.796726473445","11630.775114295944","1.0006045524861327","0.019982935899345466","0","f17849dd0d6937ddb28ce5136301623e9a5b8e9dd4ad54fb96a198cfdc5f0c6a",""
"0","0","0","baseline","eda9ebbaefdf404a3b7fdaa0c3105584d34b2373","38e02ddef01844140e3dfdfdd87733a37d26f59aeef6fcccc67fb13ed19a7d57","vectorPerformance","gaussian32","Quantile","2","3","443770","4000","500","Complete","0.4776186","2.83E-5","0.343664099","0.133926201","0.9375","0.012","1754067","4000","14670.955292689816","14672.094230083088","12113.52110906072","1.0003997605716526","0.012117200485737945","0","8d191d73493e7fb3ede8cea18ccac7e017f7700706ef9c9f8b699e07b2804d14",""
"0","0","0","baseline","eda9ebbaefdf404a3b7fdaa0c3105584d34b2373","38e02ddef01844140e3dfdfdd87733a37d26f59aeef6fcccc67fb13ed19a7d57","vectorPerformance","gaussian32","Quantile","2","4","451689","4000","500","Complete","0.4655295","4.84E-5","0.3346526","0.1308285","0.921875","0.011","1751661","4000","14424.859583462046","14417.997752939862","12128.296452895833","1.0007982696988702","0.02835365482901797","0","b8ea3b62393883b214271958061a644368686dc583e5f2e33e5eafdc7a65f17e",""
"0","0","0","baseline","eda9ebbaefdf404a3b7fdaa0c3105584d34b2373","38e02ddef01844140e3dfdfdd87733a37d26f59aeef6fcccc67fb13ed19a7d57","vectorPerformance","gaussian32","Quantile","4","-2","404175","4000","500","Complete","0.4013221","5.8E-5","0.3279621","0.073302","2.203125","0.013","1753214","4000","15219.008327321226","15213.744919585897","12194.607218487616","1.0007110848254097","0.01623649007724448","0","cecc6b4fda00565adaade6079bd9a81eec1cb5425a7364f3a4652f8f1fe688e7",""
"0","0","0","baseline","eda9ebbaefdf404a3b7fdaa0c3105584d34b2373","38e02ddef01844140e3dfdfdd87733a37d26f59aeef6fcccc67fb13ed19a7d57","vectorPerformance","gaussian32","Quantile","4","-1","412094","4000","500","Complete","0.389343299","3.03E-5","0.3105503","0.078762699","1.5625","0.012","1754500","4000","14374.340793710559","14390.679914776822","12593.727427588436","1.0005481375625007","0.020322296447435884","0","710b12b4b32c1d00e33cda313ee3aca4afb06968f65bf5b1d672fd6109f4f43f",""
"0","0","0","baseline","eda9ebbaefdf404a3b7fdaa0c3105584d34b2373","38e02ddef01844140e3dfdfdd87733a37d26f59aeef6fcccc67fb13ed19a7d57","vectorPerformance","gaussian32","Quantile","4","0","420013","4000","500","Complete","0.3873648","2.85E-5","0.3154277","0.0719086","1.578125","0.011","1751135","4000","14804.415700401843","14796.384417892554","11674.348877600554","1.0004842070731996","0.017149474216242355","0","7163a65543816d08a23c844d2762c1967e2f734b4748129ec7bdf89e140df8b4",""
"0","0","0","baseline","eda9ebbaefdf404a3b7fdaa0c3105584d34b2373","38e02ddef01844140e3dfdfdd87733a37d26f59aeef6fcccc67fb13ed19a7d57","vectorPerformance","gaussian32","Quantile","4","1","427932","4000","500","Complete","0.3844707","4.61E-5","0.3121395","0.0722851","1.53125","0.009","1751119","4000","15119.429112419593","15129.482098788952","12424.352542458728","1.000588248721186","0.024238503591598903","0","e468486f9c3bce272356b47328af805b6315b0ce0dcec0ba389ad1cc6e773090",""
"0","0","0","baseline","eda9ebbaefdf404a3b7fdaa0c3105584d34b2373","38e02ddef01844140e3dfdfdd87733a37d26f59aeef6fcccc67fb13ed19a7d57","vectorPerformance","gaussian32","Quantile","4","2","435851","4000","500","Complete","0.386249699","2.89E-5","0.310050399","0.0761704","1.859375","0.012","1754043","4000","14654.09636813213","14648.796726473445","11630.775114295944","1.0006045524861327","0.019982935899345466","0","f17849dd0d6937ddb28ce5136301623e9a5b8e9dd4ad54fb96a198cfdc5f0c6a",""
"0","0","0","baseline","eda9ebbaefdf404a3b7fdaa0c3105584d34b2373","38e02ddef01844140e3dfdfdd87733a37d26f59aeef6fcccc67fb13ed19a7d57","vectorPerformance","gaussian32","Quantile","4","3","443770","4000","500","Complete","0.3878586","3.04E-5","0.314769299","0.073058901","1.578125","0.01","1754067","4000","14670.955292689816","14672.094230083088","12113.52110906072","1.0003997605716526","0.012117200485737945","0","8d191d73493e7fb3ede8cea18ccac7e017f7700706ef9c9f8b699e07b2804d14",""
"0","0","0","baseline","eda9ebbaefdf404a3b7fdaa0c3105584d34b2373","38e02ddef01844140e3dfdfdd87733a37d26f59aeef6fcccc67fb13ed19a7d57","vectorPerformance","gaussian32","Quantile","4","4","451689","4000","500","Complete","0.393692899","2.69E-5","0.3169524","0.076713599","1.859375","0.012","1751661","4000","14424.859583462046","14417.997752939862","12128.296452895833","1.0007982696988702","0.02835365482901797","0","b8ea3b62393883b214271958061a644368686dc583e5f2e33e5eafdc7a65f17e",""
"0","0","0","baseline","eda9ebbaefdf404a3b7fdaa0c3105584d34b2373","38e02ddef01844140e3dfdfdd87733a37d26f59aeef6fcccc67fb13ed19a7d57","vectorPerformance","gaussian8","GPSS","1","-2","404175","4000","500","Complete","0.1213761","1.044E-4","0.0437604","0.0775113","0.21875","0.003","138018","4000","15549.340111147894","15536.369070524215","11710.881022750353","1.000693382204123","0.020280809809882006","0","e7f255a3304bc6df3dfbc4384cc42f0a14e097b21ea85d7dfdd0891304dccc86",""
"0","0","0","baseline","eda9ebbaefdf404a3b7fdaa0c3105584d34b2373","38e02ddef01844140e3dfdfdd87733a37d26f59aeef6fcccc67fb13ed19a7d57","vectorPerformance","gaussian8","GPSS","1","-1","412094","4000","500","Complete","0.1025186","5.17E-5","0.0343651","0.0681018","0.140625","0.002","138132","4000","15263.81484653245","15291.911844531342","11216.22139798599","1.0004803178957116","0.014392603577789376","0","e114ddce1fe3e8b5caed48fc0365aca0d32bd35e94363aa001d7324d00935224",""
"0","0","0","baseline","eda9ebbaefdf404a3b7fdaa0c3105584d34b2373","38e02ddef01844140e3dfdfdd87733a37d26f59aeef6fcccc67fb13ed19a7d57","vectorPerformance","gaussian8","GPSS","1","0","420013","4000","500","Complete","0.092776299","7.82E-5","0.0246133","0.068084799","0.109375","0.002","138323","4000","15080.473776226881","15096.77911576306","11062.432005908491","1.0006149641210862","0.012458863431772271","0","2a91e22981ec396c3eca9414af3d6ac63570dc29437cdd4bdc3eb6a8db475fa2",""
"0","0","0","baseline","eda9ebbaefdf404a3b7fdaa0c3105584d34b2373","38e02ddef01844140e3dfdfdd87733a37d26f59aeef6fcccc67fb13ed19a7d57","vectorPerformance","gaussian8","GPSS","1","1","427932","4000","500","Complete","0.0929953","5.2599E-5","0.025621201","0.0673215","0.09375","0.002","138154","4000","15134.6012276361","15136.078376941558","11308.922646882544","1.0009404579967858","0.013454526579750548","0","045e36a427e6332b3973cb5a7bed2c41034d4baa3241673dfea554f81e693a14",""
"0","0","0","baseline","eda9ebbaefdf404a3b7fdaa0c3105584d34b2373","38e02ddef01844140e3dfdfdd87733a37d26f59aeef6fcccc67fb13ed19a7d57","vectorPerformance","gaussian8","GPSS","1","2","435851","4000","500","Complete","0.0899936","3.64E-5","0.0255888","0.0643684","0.09375","0.002","137988","4000","14363.080320209516","14344.664435137216","11161.859788330772","1.0004963309089212","0.01645570173683253","0","282eaef783cfb8138f0fbaa41141a7646474130935f10820d7fcdc9d6a1e24c0",""
"0","0","0","baseline","eda9ebbaefdf404a3b7fdaa0c3105584d34b2373","38e02ddef01844140e3dfdfdd87733a37d26f59aeef6fcccc67fb13ed19a7d57","vectorPerformance","gaussian8","GPSS","1","3","443770","4000","500","Complete","0.0926905","3.58E-5","0.024032","0.0686227","0.109375","0.0","138055","4000","15045.50132933249","15019.431343943274","10767.592734371476","1.0010260647907836","0.018113200227977133","0","6f88cd3290902ed4688e28521e20205fca8afb18c6e4fe2e6e0de9c4e7e0a62c",""
"0","0","0","baseline","eda9ebbaefdf404a3b7fdaa0c3105584d34b2373","38e02ddef01844140e3dfdfdd87733a37d26f59aeef6fcccc67fb13ed19a7d57","vectorPerformance","gaussian8","GPSS","1","4","451689","4000","500","Complete","0.0912459","3.63E-5","0.0260227","0.0651869","0.125","0.002","138188","4000","15603.053005275411","15621.61943123139","10677.483456214122","1.0007920020096437","0.014172913039023793","0","3703a943973521b658002c1d1edb8b4dcddac3550850573cac7499aba83dbaac",""
"0","0","0","baseline","eda9ebbaefdf404a3b7fdaa0c3105584d34b2373","38e02ddef01844140e3dfdfdd87733a37d26f59aeef6fcccc67fb13ed19a7d57","vectorPerformance","gaussian8","GPSS","2","-2","404175","4000","500","Complete","0.2462537","0.006458601","0.0859728","0.153822299","1.421875","0.003","138018","4000","15549.340111147894","15536.369070524215","11710.881022750353","1.000693382204123","0.020280809809882006","0","e7f255a3304bc6df3dfbc4384cc42f0a14e097b21ea85d7dfdd0891304dccc86",""
"0","0","0","baseline","eda9ebbaefdf404a3b7fdaa0c3105584d34b2373","38e02ddef01844140e3dfdfdd87733a37d26f59aeef6fcccc67fb13ed19a7d57","vectorPerformance","gaussian8","GPSS","2","-1","412094","4000","500","Complete","0.0603849","6.03E-5","0.0187567","0.0415679","0.171875","0.0","138132","4000","15263.81484653245","15291.911844531342","11216.22139798599","1.0004803178957116","0.014392603577789376","0","e114ddce1fe3e8b5caed48fc0365aca0d32bd35e94363aa001d7324d00935224",""
"0","0","0","baseline","eda9ebbaefdf404a3b7fdaa0c3105584d34b2373","38e02ddef01844140e3dfdfdd87733a37d26f59aeef6fcccc67fb13ed19a7d57","vectorPerformance","gaussian8","GPSS","2","0","420013","4000","500","Complete","0.054002601","5.8801E-5","0.0175658","0.036378","0.140625","0.0","138323","4000","15080.473776226881","15096.77911576306","11062.432005908491","1.0006149641210862","0.012458863431772271","0","2a91e22981ec396c3eca9414af3d6ac63570dc29437cdd4bdc3eb6a8db475fa2",""
"0","0","0","baseline","eda9ebbaefdf404a3b7fdaa0c3105584d34b2373","38e02ddef01844140e3dfdfdd87733a37d26f59aeef6fcccc67fb13ed19a7d57","vectorPerformance","gaussian8","GPSS","2","1","427932","4000","500","Complete","0.053999","3.57E-5","0.019328099","0.034635201","0.09375","0.002","138154","4000","15134.6012276361","15136.078376941558","11308.922646882544","1.0009404579967858","0.013454526579750548","0","045e36a427e6332b3973cb5a7bed2c41034d4baa3241673dfea554f81e693a14",""
"0","0","0","baseline","eda9ebbaefdf404a3b7fdaa0c3105584d34b2373","38e02ddef01844140e3dfdfdd87733a37d26f59aeef6fcccc67fb13ed19a7d57","vectorPerformance","gaussian8","GPSS","2","2","435851","4000","500","Complete","0.0529581","3.88E-5","0.0175415","0.0353778","0.109375","0.0","137988","4000","14363.080320209516","14344.664435137216","11161.859788330772","1.0004963309089212","0.01645570173683253","0","282eaef783cfb8138f0fbaa41141a7646474130935f10820d7fcdc9d6a1e24c0",""
"0","0","0","baseline","eda9ebbaefdf404a3b7fdaa0c3105584d34b2373","38e02ddef01844140e3dfdfdd87733a37d26f59aeef6fcccc67fb13ed19a7d57","vectorPerformance","gaussian8","GPSS","2","3","443770","4000","500","Complete","0.0540944","7.82E-5","0.0183124","0.0357038","0.09375","0.0","138055","4000","15045.50132933249","15019.431343943274","10767.592734371476","1.0010260647907836","0.018113200227977133","0","6f88cd3290902ed4688e28521e20205fca8afb18c6e4fe2e6e0de9c4e7e0a62c",""
"0","0","0","baseline","eda9ebbaefdf404a3b7fdaa0c3105584d34b2373","38e02ddef01844140e3dfdfdd87733a37d26f59aeef6fcccc67fb13ed19a7d57","vectorPerformance","gaussian8","GPSS","2","4","451689","4000","500","Complete","0.0552904","3.79E-5","0.0193671","0.0358854","0.109375","0.002","138188","4000","15603.053005275411","15621.61943123139","10677.483456214122","1.0007920020096437","0.014172913039023793","0","3703a943973521b658002c1d1edb8b4dcddac3550850573cac7499aba83dbaac",""
"0","0","0","baseline","eda9ebbaefdf404a3b7fdaa0c3105584d34b2373","38e02ddef01844140e3dfdfdd87733a37d26f59aeef6fcccc67fb13ed19a7d57","vectorPerformance","gaussian8","GPSS","4","-2","404175","4000","500","Complete","0.0531003","1.03299E-4","0.023582201","0.0294148","0.359375","0.0","138018","4000","15549.340111147894","15536.369070524215","11710.881022750353","1.000693382204123","0.020280809809882006","0","e7f255a3304bc6df3dfbc4384cc42f0a14e097b21ea85d7dfdd0891304dccc86",""
"0","0","0","baseline","eda9ebbaefdf404a3b7fdaa0c3105584d34b2373","38e02ddef01844140e3dfdfdd87733a37d26f59aeef6fcccc67fb13ed19a7d57","vectorPerformance","gaussian8","GPSS","4","-1","412094","4000","500","Complete","0.0400826","5.3299E-5","0.017202901","0.0228264","0.203125","0.0","138132","4000","15263.81484653245","15291.911844531342","11216.22139798599","1.0004803178957116","0.014392603577789376","0","e114ddce1fe3e8b5caed48fc0365aca0d32bd35e94363aa001d7324d00935224",""
"0","0","0","baseline","eda9ebbaefdf404a3b7fdaa0c3105584d34b2373","38e02ddef01844140e3dfdfdd87733a37d26f59aeef6fcccc67fb13ed19a7d57","vectorPerformance","gaussian8","GPSS","4","0","420013","4000","500","Complete","0.039547701","4.8901E-5","0.0178004","0.0216984","0.171875","0.0","138323","4000","15080.473776226881","15096.77911576306","11062.432005908491","1.0006149641210862","0.012458863431772271","0","2a91e22981ec396c3eca9414af3d6ac63570dc29437cdd4bdc3eb6a8db475fa2",""
"0","0","0","baseline","eda9ebbaefdf404a3b7fdaa0c3105584d34b2373","38e02ddef01844140e3dfdfdd87733a37d26f59aeef6fcccc67fb13ed19a7d57","vectorPerformance","gaussian8","GPSS","4","1","427932","4000","500","Complete","0.0384016","3.88E-5","0.0178498","0.020513","0.125","0.0","138154","4000","15134.6012276361","15136.078376941558","11308.922646882544","1.0009404579967858","0.013454526579750548","0","045e36a427e6332b3973cb5a7bed2c41034d4baa3241673dfea554f81e693a14",""
"0","0","0","baseline","eda9ebbaefdf404a3b7fdaa0c3105584d34b2373","38e02ddef01844140e3dfdfdd87733a37d26f59aeef6fcccc67fb13ed19a7d57","vectorPerformance","gaussian8","GPSS","4","2","435851","4000","500","Complete","0.0428266","4.3999E-5","0.017515101","0.0252675","0.203125","0.0","137988","4000","14363.080320209516","14344.664435137216","11161.859788330772","1.0004963309089212","0.01645570173683253","0","282eaef783cfb8138f0fbaa41141a7646474130935f10820d7fcdc9d6a1e24c0",""
"0","0","0","baseline","eda9ebbaefdf404a3b7fdaa0c3105584d34b2373","38e02ddef01844140e3dfdfdd87733a37d26f59aeef6fcccc67fb13ed19a7d57","vectorPerformance","gaussian8","GPSS","4","3","443770","4000","500","Complete","0.0434355","3.6099E-5","0.017246","0.026153401","0.171875","0.003","138055","4000","15045.50132933249","15019.431343943274","10767.592734371476","1.0010260647907836","0.018113200227977133","0","6f88cd3290902ed4688e28521e20205fca8afb18c6e4fe2e6e0de9c4e7e0a62c",""
"0","0","0","baseline","eda9ebbaefdf404a3b7fdaa0c3105584d34b2373","38e02ddef01844140e3dfdfdd87733a37d26f59aeef6fcccc67fb13ed19a7d57","vectorPerformance","gaussian8","GPSS","4","4","451689","4000","500","Complete","0.0394725","4.0701E-5","0.0181934","0.021238399","0.140625","0.0","138188","4000","15603.053005275411","15621.61943123139","10677.483456214122","1.0007920020096437","0.014172913039023793","0","3703a943973521b658002c1d1edb8b4dcddac3550850573cac7499aba83dbaac",""
"0","0","0","baseline","eda9ebbaefdf404a3b7fdaa0c3105584d34b2373","38e02ddef01844140e3dfdfdd87733a37d26f59aeef6fcccc67fb13ed19a7d57","vectorPerformance","gaussian8","Quantile","1","-2","404175","4000","500","Complete","0.106378","2.92E-5","0.0414608","0.064888","0.125","0.0","439383","4000","15133.633311857895","15137.149661571859","12640.232874183323","1.0002765119712598","0.010865777388695763","0","0a652ec86caa4b0878042a2ca27e4843b8fff440045e84ffe9040bbf18fc5c1b",""
"0","0","0","baseline","eda9ebbaefdf404a3b7fdaa0c3105584d34b2373","38e02ddef01844140e3dfdfdd87733a37d26f59aeef6fcccc67fb13ed19a7d57","vectorPerformance","gaussian8","Quantile","1","-1","412094","4000","500","Complete","0.1075644","3.19E-5","0.042458199","0.065074301","0.109375","0.0","438543","4000","15213.490906399908","15228.10660758392","12891.868030399028","1.0002543220506444","0.014962146800250764","0","22193da6e1ed5c7fb6bc482596a8cb09c08425673712be65ab0ebf58ef73f382",""
"0","0","0","baseline","eda9ebbaefdf404a3b7fdaa0c3105584d34b2373","38e02ddef01844140e3dfdfdd87733a37d26f59aeef6fcccc67fb13ed19a7d57","vectorPerformance","gaussian8","Quantile","1","0","420013","4000","500","Complete","0.105030801","3.04E-5","0.040109701","0.0648907","0.09375","0.0","436956","4000","15387.214907747757","15383.41868425877","13280.050841973973","1.000488212672387","0.017862111392228958","0","1a2a7053039cbf9cd5227976b2ba660c8f0bbf84c10e94ae04c9c6d297fc0025",""
"0","0","0","baseline","eda9ebbaefdf404a3b7fdaa0c3105584d34b2373","38e02ddef01844140e3dfdfdd87733a37d26f59aeef6fcccc67fb13ed19a7d57","vectorPerformance","gaussian8","Quantile","1","1","427932","4000","500","Complete","0.107574701","3.6401E-5","0.0409432","0.0665951","0.171875","0.0","437269","4000","15727.934748036001","15719.464590581323","12902.625514015059","1.0004649152576137","0.012810490325706247","0","850de3d767de404b10a6234afa6ecc9c5dfdee0c4338411a0af3e46894e42ce3",""
"0","0","0","baseline","eda9ebbaefdf404a3b7fdaa0c3105584d34b2373","38e02ddef01844140e3dfdfdd87733a37d26f59aeef6fcccc67fb13ed19a7d57","vectorPerformance","gaussian8","Quantile","1","2","435851","4000","500","Complete","0.1050033","3.05E-5","0.040474199","0.064498601","0.109375","0.0","438008","4000","15126.989343371939","15133.471327879883","12471.355965872704","1.0004579804360567","0.01410791604282019","0","fd474ea7f77c91f336f3664000c5dec28946aab4fd9917ca2fd5c066ad7e03df",""
"0","0","0","baseline","eda9ebbaefdf404a3b7fdaa0c3105584d34b2373","38e02ddef01844140e3dfdfdd87733a37d26f59aeef6fcccc67fb13ed19a7d57","vectorPerformance","gaussian8","Quantile","1","3","443770","4000","500","Complete","0.1045482","2.92E-5","0.04072","0.063799","0.109375","0.0","438134","4000","14783.95134310092","14781.603964607304","13183.37761680062","1.0005441549460146","0.009381500096846795","0","f5d860d8f1c8c55386f06f23faad6b9f8df1541a619040c2f28698d0813a5f75",""
"0","0","0","baseline","eda9ebbaefdf404a3b7fdaa0c3105584d34b2373","38e02ddef01844140e3dfdfdd87733a37d26f59aeef6fcccc67fb13ed19a7d57","vectorPerformance","gaussian8","Quantile","1","4","451689","4000","500","Complete","0.106098","3.2899E-5","0.0430849","0.062980201","0.109375","0.002","437868","4000","14884.121074739518","14909.092385573675","12538.608584974128","1.0004648391967559","0.02587550455561438","0","f5667ee456b1d3d2b0c42c8460f2481029f27806732e9bf75dd56271a0628822",""
"0","0","0","baseline","eda9ebbaefdf404a3b7fdaa0c3105584d34b2373","38e02ddef01844140e3dfdfdd87733a37d26f59aeef6fcccc67fb13ed19a7d57","vectorPerformance","gaussian8","Quantile","2","-2","404175","4000","500","Complete","0.072640099","2.96E-5","0.038242699","0.0343678","0.25","0.0","439383","4000","15133.633311857895","15137.149661571859","12640.232874183323","1.0002765119712598","0.010865777388695763","0","0a652ec86caa4b0878042a2ca27e4843b8fff440045e84ffe9040bbf18fc5c1b",""
"0","0","0","baseline","eda9ebbaefdf404a3b7fdaa0c3105584d34b2373","38e02ddef01844140e3dfdfdd87733a37d26f59aeef6fcccc67fb13ed19a7d57","vectorPerformance","gaussian8","Quantile","2","-1","412094","4000","500","Complete","0.059248799","3.1E-5","0.0257483","0.033469499","0.453125","0.002","438543","4000","15213.490906399908","15228.10660758392","12891.868030399028","1.0002543220506444","0.014962146800250764","0","22193da6e1ed5c7fb6bc482596a8cb09c08425673712be65ab0ebf58ef73f382",""
"0","0","0","baseline","eda9ebbaefdf404a3b7fdaa0c3105584d34b2373","38e02ddef01844140e3dfdfdd87733a37d26f59aeef6fcccc67fb13ed19a7d57","vectorPerformance","gaussian8","Quantile","2","0","420013","4000","500","Complete","0.0646997","3.24E-5","0.0280252","0.0366421","0.1875","0.002","436956","4000","15387.214907747757","15383.41868425877","13280.050841973973","1.000488212672387","0.017862111392228958","0","1a2a7053039cbf9cd5227976b2ba660c8f0bbf84c10e94ae04c9c6d297fc0025",""
"0","0","0","baseline","eda9ebbaefdf404a3b7fdaa0c3105584d34b2373","38e02ddef01844140e3dfdfdd87733a37d26f59aeef6fcccc67fb13ed19a7d57","vectorPerformance","gaussian8","Quantile","2","1","427932","4000","500","Complete","0.0576902","3.02E-5","0.0233356","0.0343244","0.125","0.0","437269","4000","15727.934748036001","15719.464590581323","12902.625514015059","1.0004649152576137","0.012810490325706247","0","850de3d767de404b10a6234afa6ecc9c5dfdee0c4338411a0af3e46894e42ce3",""
"0","0","0","baseline","eda9ebbaefdf404a3b7fdaa0c3105584d34b2373","38e02ddef01844140e3dfdfdd87733a37d26f59aeef6fcccc67fb13ed19a7d57","vectorPerformance","gaussian8","Quantile","2","2","435851","4000","500","Complete","0.058559999","3.14E-5","0.0256248","0.032903799","0.109375","0.001","438008","4000","15126.989343371939","15133.471327879883","12471.355965872704","1.0004579804360567","0.01410791604282019","0","fd474ea7f77c91f336f3664000c5dec28946aab4fd9917ca2fd5c066ad7e03df",""
"0","0","0","baseline","eda9ebbaefdf404a3b7fdaa0c3105584d34b2373","38e02ddef01844140e3dfdfdd87733a37d26f59aeef6fcccc67fb13ed19a7d57","vectorPerformance","gaussian8","Quantile","2","3","443770","4000","500","Complete","0.059614001","3.18E-5","0.025618701","0.0339635","0.125","0.002","438134","4000","14783.95134310092","14781.603964607304","13183.37761680062","1.0005441549460146","0.009381500096846795","0","f5d860d8f1c8c55386f06f23faad6b9f8df1541a619040c2f28698d0813a5f75",""
"0","0","0","baseline","eda9ebbaefdf404a3b7fdaa0c3105584d34b2373","38e02ddef01844140e3dfdfdd87733a37d26f59aeef6fcccc67fb13ed19a7d57","vectorPerformance","gaussian8","Quantile","2","4","451689","4000","500","Complete","0.0583751","4.43E-5","0.0251071","0.0332237","0.125","0.001","437868","4000","14884.121074739518","14909.092385573675","12538.608584974128","1.0004648391967559","0.02587550455561438","0","f5667ee456b1d3d2b0c42c8460f2481029f27806732e9bf75dd56271a0628822",""
"0","0","0","baseline","eda9ebbaefdf404a3b7fdaa0c3105584d34b2373","38e02ddef01844140e3dfdfdd87733a37d26f59aeef6fcccc67fb13ed19a7d57","vectorPerformance","gaussian8","Quantile","4","-2","404175","4000","500","Complete","0.046091699","2.94E-5","0.0256875","0.020374799","0.1875","0.002","439383","4000","15133.633311857895","15137.149661571859","12640.232874183323","1.0002765119712598","0.010865777388695763","0","0a652ec86caa4b0878042a2ca27e4843b8fff440045e84ffe9040bbf18fc5c1b",""
"0","0","0","baseline","eda9ebbaefdf404a3b7fdaa0c3105584d34b2373","38e02ddef01844140e3dfdfdd87733a37d26f59aeef6fcccc67fb13ed19a7d57","vectorPerformance","gaussian8","Quantile","4","-1","412094","4000","500","Complete","0.0434983","3.18E-5","0.0236601","0.0198064","0.1875","0.003","438543","4000","15213.490906399908","15228.10660758392","12891.868030399028","1.0002543220506444","0.014962146800250764","0","22193da6e1ed5c7fb6bc482596a8cb09c08425673712be65ab0ebf58ef73f382",""
"0","0","0","baseline","eda9ebbaefdf404a3b7fdaa0c3105584d34b2373","38e02ddef01844140e3dfdfdd87733a37d26f59aeef6fcccc67fb13ed19a7d57","vectorPerformance","gaussian8","Quantile","4","0","420013","4000","500","Complete","0.048335601","3.6501E-5","0.0231653","0.0251338","0.3125","0.004","436956","4000","15387.214907747757","15383.41868425877","13280.050841973973","1.000488212672387","0.017862111392228958","0","1a2a7053039cbf9cd5227976b2ba660c8f0bbf84c10e94ae04c9c6d297fc0025",""
"0","0","0","baseline","eda9ebbaefdf404a3b7fdaa0c3105584d34b2373","38e02ddef01844140e3dfdfdd87733a37d26f59aeef6fcccc67fb13ed19a7d57","vectorPerformance","gaussian8","Quantile","4","1","427932","4000","500","Complete","0.044582","5.4499E-5","0.0219697","0.022557801","0.1875","0.002","437269","4000","15727.934748036001","15719.464590581323","12902.625514015059","1.0004649152576137","0.012810490325706247","0","850de3d767de404b10a6234afa6ecc9c5dfdee0c4338411a0af3e46894e42ce3",""
"0","0","0","baseline","eda9ebbaefdf404a3b7fdaa0c3105584d34b2373","38e02ddef01844140e3dfdfdd87733a37d26f59aeef6fcccc67fb13ed19a7d57","vectorPerformance","gaussian8","Quantile","4","2","435851","4000","500","Complete","0.0435593","3.19E-5","0.0218753","0.0216521","0.171875","0.003","438008","4000","15126.989343371939","15133.471327879883","12471.355965872704","1.0004579804360567","0.01410791604282019","0","fd474ea7f77c91f336f3664000c5dec28946aab4fd9917ca2fd5c066ad7e03df",""
"0","0","0","baseline","eda9ebbaefdf404a3b7fdaa0c3105584d34b2373","38e02ddef01844140e3dfdfdd87733a37d26f59aeef6fcccc67fb13ed19a7d57","vectorPerformance","gaussian8","Quantile","4","3","443770","4000","500","Complete","0.0418017","3.07E-5","0.0220068","0.0197642","0.1875","0.0","438134","4000","14783.95134310092","14781.603964607304","13183.37761680062","1.0005441549460146","0.009381500096846795","0","f5d860d8f1c8c55386f06f23faad6b9f8df1541a619040c2f28698d0813a5f75",""
"0","0","0","baseline","eda9ebbaefdf404a3b7fdaa0c3105584d34b2373","38e02ddef01844140e3dfdfdd87733a37d26f59aeef6fcccc67fb13ed19a7d57","vectorPerformance","gaussian8","Quantile","4","4","451689","4000","500","Complete","0.0443667","4.23E-5","0.0242382","0.0200862","0.1875","0.0","437868","4000","14884.121074739518","14909.092385573675","12538.608584974128","1.0004648391967559","0.02587550455561438","0","f5667ee456b1d3d2b0c42c8460f2481029f27806732e9bf75dd56271a0628822",""
"0","0","0","baseline","eda9ebbaefdf404a3b7fdaa0c3105584d34b2373","38e02ddef01844140e3dfdfdd87733a37d26f59aeef6fcccc67fb13ed19a7d57","vectorPerformance","likelihood8","GPSS","1","-2","404175","4000","500","Complete","0.1377868","1.392E-4","0.0748822","0.0627654","0.171875","0.0","113497","4000","15386.728000357793","15391.85127451405","11321.818924317045","1.000502564087113","0.005344596134197365","0","15875fc3ad457cd99d016931ae49e3b53ed50293a59b7331791ac43670de87bd",""
"0","0","0","baseline","eda9ebbaefdf404a3b7fdaa0c3105584d34b2373","38e02ddef01844140e3dfdfdd87733a37d26f59aeef6fcccc67fb13ed19a7d57","vectorPerformance","likelihood8","GPSS","1","-1","412094","4000","500","Complete","0.138472999","5.87E-5","0.0765496","0.061864699","0.140625","0.001","113672","4000","14515.066848005721","14590.130865412311","10903.103694208865","1.0008342935047612","0.005564436392907962","0","fc720f0e7fc6b705ca4b80ac8fe6515a0d286ae0520a978aef375e586c9db6bf",""
"0","0","0","baseline","eda9ebbaefdf404a3b7fdaa0c3105584d34b2373","38e02ddef01844140e3dfdfdd87733a37d26f59aeef6fcccc67fb13ed19a7d57","vectorPerformance","likelihood8","GPSS","1","0","420013","4000","500","Complete","0.1378103","5.84E-5","0.075392399","0.062359501","0.140625","0.0","113054","4000","15068.277084944693","15070.85887531968","10694.846310168503","1.0005601541440654","0.004181248674558491","0","8d6dc2b369fc062d17f4e1721fe9d8a199bcba9f600d8572402455c6c30b60fa",""
"0","0","0","baseline","eda9ebbaefdf404a3b7fdaa0c3105584d34b2373","38e02ddef01844140e3dfdfdd87733a37d26f59aeef6fcccc67fb13ed19a7d57","vectorPerformance","likelihood8","GPSS","1","1","427932","4000","500","Complete","0.1381156","5.3899E-5","0.0750526","0.063009101","0.140625","0.0","113472","4000","15069.243223748383","15055.059231076986","10322.707096463675","1.0013248567157627","0.005340326134526563","0","38e3adbbae621e7ad84a1cb5d7d2f248aeb925e3eea6b59badd3e9bb967ca792",""
"0","0","0","baseline","eda9ebbaefdf404a3b7fdaa0c3105584d34b2373","38e02ddef01844140e3dfdfdd87733a37d26f59aeef6fcccc67fb13ed19a7d57","vectorPerformance","likelihood8","GPSS","1","2","435851","4000","500","Complete","0.1377927","5.05E-5","0.074933799","0.062808401","0.140625","0.0","113322","4000","15018.1283976014","15019.886701809703","11132.174688571149","1.000533090102839","0.005175852109189194","0","a1c97633734bbb43a66c525a225905cb612f427cd2600d3cc731158cc0011283",""
"0","0","0","baseline","eda9ebbaefdf404a3b7fdaa0c3105584d34b2373","38e02ddef01844140e3dfdfdd87733a37d26f59aeef6fcccc67fb13ed19a7d57","vectorPerformance","likelihood8","GPSS","1","3","443770","4000","500","Complete","0.1390082","4.9799E-5","0.075937301","0.0630211","0.140625","0.0","113541","4000","15504.177620932032","15516.176571089783","11070.759113858252","1.0005200177999494","0.0030179744349801974","0","10250d525acdf021423a78f0a10ef6caf57ce50e6525306305dda230dde4a3dd",""
"0","0","0","baseline","eda9ebbaefdf404a3b7fdaa0c3105584d34b2373","38e02ddef01844140e3dfdfdd87733a37d26f59aeef6fcccc67fb13ed19a7d57","vectorPerformance","likelihood8","GPSS","1","4","451689","4000","500","Complete","0.1385439","8.43E-5","0.075053","0.0634066","0.15625","0.0","113652","4000","14785.194091889316","14779.730449941797","11297.287331686812","1.0008757668998252","0.004036703328069907","0","aeb7ca95e5af585230ca0add63518df7f82bcf74ed17b9d657a219f4e1b2d0f5",""
"0","0","0","baseline","eda9ebbaefdf404a3b7fdaa0c3105584d34b2373","38e02ddef01844140e3dfdfdd87733a37d26f59aeef6fcccc67fb13ed19a7d57","vectorPerformance","likelihood8","GPSS","2","-2","404175","4000","500","Complete","0.094264","0.0025085","0.056961099","0.034794401","0.34375","0.0","113497","4000","15386.728000357793","15391.85127451405","11321.818924317045","1.000502564087113","0.005344596134197365","0","15875fc3ad457cd99d016931ae49e3b53ed50293a59b7331791ac43670de87bd",""
"0","0","0","baseline","eda9ebbaefdf404a3b7fdaa0c3105584d34b2373","38e02ddef01844140e3dfdfdd87733a37d26f59aeef6fcccc67fb13ed19a7d57","vectorPerformance","likelihood8","GPSS","2","-1","412094","4000","500","Complete","0.072428799","6.23E-5","0.0391386","0.033227899","0.15625","0.0","113672","4000","14515.066848005721","14590.130865412311","10903.103694208865","1.0008342935047612","0.005564436392907962","0","fc720f0e7fc6b705ca4b80ac8fe6515a0d286ae0520a978aef375e586c9db6bf",""
"0","0","0","baseline","eda9ebbaefdf404a3b7fdaa0c3105584d34b2373","38e02ddef01844140e3dfdfdd87733a37d26f59aeef6fcccc67fb13ed19a7d57","vectorPerformance","likelihood8","GPSS","2","0","420013","4000","500","Complete","0.0735951","9.46E-5","0.0399752","0.0335253","0.15625","0.0","113054","4000","15068.277084944693","15070.85887531968","10694.846310168503","1.0005601541440654","0.004181248674558491","0","8d6dc2b369fc062d17f4e1721fe9d8a199bcba9f600d8572402455c6c30b60fa",""
"0","0","0","baseline","eda9ebbaefdf404a3b7fdaa0c3105584d34b2373","38e02ddef01844140e3dfdfdd87733a37d26f59aeef6fcccc67fb13ed19a7d57","vectorPerformance","likelihood8","GPSS","2","1","427932","4000","500","Complete","0.075085899","5.71E-5","0.0396279","0.035400899","0.171875","0.002","113472","4000","15069.243223748383","15055.059231076986","10322.707096463675","1.0013248567157627","0.005340326134526563","0","38e3adbbae621e7ad84a1cb5d7d2f248aeb925e3eea6b59badd3e9bb967ca792",""
"0","0","0","baseline","eda9ebbaefdf404a3b7fdaa0c3105584d34b2373","38e02ddef01844140e3dfdfdd87733a37d26f59aeef6fcccc67fb13ed19a7d57","vectorPerformance","likelihood8","GPSS","2","2","435851","4000","500","Complete","0.072481201","5.2501E-5","0.0391976","0.0332311","0.140625","0.0","113322","4000","15018.1283976014","15019.886701809703","11132.174688571149","1.000533090102839","0.005175852109189194","0","a1c97633734bbb43a66c525a225905cb612f427cd2600d3cc731158cc0011283",""
"0","0","0","baseline","eda9ebbaefdf404a3b7fdaa0c3105584d34b2373","38e02ddef01844140e3dfdfdd87733a37d26f59aeef6fcccc67fb13ed19a7d57","vectorPerformance","likelihood8","GPSS","2","3","443770","4000","500","Complete","0.0737978","5.02E-5","0.039681899","0.034065701","0.203125","0.0","113541","4000","15504.177620932032","15516.176571089783","11070.759113858252","1.0005200177999494","0.0030179744349801974","0","10250d525acdf021423a78f0a10ef6caf57ce50e6525306305dda230dde4a3dd",""
"0","0","0","baseline","eda9ebbaefdf404a3b7fdaa0c3105584d34b2373","38e02ddef01844140e3dfdfdd87733a37d26f59aeef6fcccc67fb13ed19a7d57","vectorPerformance","likelihood8","GPSS","2","4","451689","4000","500","Complete","0.0731916","4.95E-5","0.0395948","0.0335473","0.15625","0.0","113652","4000","14785.194091889316","14779.730449941797","11297.287331686812","1.0008757668998252","0.004036703328069907","0","aeb7ca95e5af585230ca0add63518df7f82bcf74ed17b9d657a219f4e1b2d0f5",""
"0","0","0","baseline","eda9ebbaefdf404a3b7fdaa0c3105584d34b2373","38e02ddef01844140e3dfdfdd87733a37d26f59aeef6fcccc67fb13ed19a7d57","vectorPerformance","likelihood8","GPSS","4","-2","404175","4000","500","Complete","0.041759799","1.28799E-4","0.021902801","0.019728199","0.125","0.0","113497","4000","15386.728000357793","15391.85127451405","11321.818924317045","1.000502564087113","0.005344596134197365","0","15875fc3ad457cd99d016931ae49e3b53ed50293a59b7331791ac43670de87bd",""
"0","0","0","baseline","eda9ebbaefdf404a3b7fdaa0c3105584d34b2373","38e02ddef01844140e3dfdfdd87733a37d26f59aeef6fcccc67fb13ed19a7d57","vectorPerformance","likelihood8","GPSS","4","-1","412094","4000","500","Complete","0.0408247","6.2599E-5","0.0218775","0.018884601","0.1875","0.0","113672","4000","14515.066848005721","14590.130865412311","10903.103694208865","1.0008342935047612","0.005564436392907962","0","fc720f0e7fc6b705ca4b80ac8fe6515a0d286ae0520a978aef375e586c9db6bf",""
"0","0","0","baseline","eda9ebbaefdf404a3b7fdaa0c3105584d34b2373","38e02ddef01844140e3dfdfdd87733a37d26f59aeef6fcccc67fb13ed19a7d57","vectorPerformance","likelihood8","GPSS","4","0","420013","4000","500","Complete","0.0422143","9.32E-5","0.0231912","0.0189299","0.5","0.001","113054","4000","15068.277084944693","15070.85887531968","10694.846310168503","1.0005601541440654","0.004181248674558491","0","8d6dc2b369fc062d17f4e1721fe9d8a199bcba9f600d8572402455c6c30b60fa",""
"0","0","0","baseline","eda9ebbaefdf404a3b7fdaa0c3105584d34b2373","38e02ddef01844140e3dfdfdd87733a37d26f59aeef6fcccc67fb13ed19a7d57","vectorPerformance","likelihood8","GPSS","4","1","427932","4000","500","Complete","0.040794201","4.85E-5","0.022310101","0.0184356","0.125","0.0","113472","4000","15069.243223748383","15055.059231076986","10322.707096463675","1.0013248567157627","0.005340326134526563","0","38e3adbbae621e7ad84a1cb5d7d2f248aeb925e3eea6b59badd3e9bb967ca792",""
"0","0","0","baseline","eda9ebbaefdf404a3b7fdaa0c3105584d34b2373","38e02ddef01844140e3dfdfdd87733a37d26f59aeef6fcccc67fb13ed19a7d57","vectorPerformance","likelihood8","GPSS","4","2","435851","4000","500","Complete","0.0411733","5.02E-5","0.0220335","0.0190896","0.125","0.0","113322","4000","15018.1283976014","15019.886701809703","11132.174688571149","1.000533090102839","0.005175852109189194","0","a1c97633734bbb43a66c525a225905cb612f427cd2600d3cc731158cc0011283",""
"0","0","0","baseline","eda9ebbaefdf404a3b7fdaa0c3105584d34b2373","38e02ddef01844140e3dfdfdd87733a37d26f59aeef6fcccc67fb13ed19a7d57","vectorPerformance","likelihood8","GPSS","4","3","443770","4000","500","Complete","0.0421962","4.8999E-5","0.022955501","0.0191917","0.1875","0.001","113541","4000","15504.177620932032","15516.176571089783","11070.759113858252","1.0005200177999494","0.0030179744349801974","0","10250d525acdf021423a78f0a10ef6caf57ce50e6525306305dda230dde4a3dd",""
"0","0","0","baseline","eda9ebbaefdf404a3b7fdaa0c3105584d34b2373","38e02ddef01844140e3dfdfdd87733a37d26f59aeef6fcccc67fb13ed19a7d57","vectorPerformance","likelihood8","GPSS","4","4","451689","4000","500","Complete","0.0428081","5.02E-5","0.0229746","0.0197833","0.1875","0.0","113652","4000","14785.194091889316","14779.730449941797","11297.287331686812","1.0008757668998252","0.004036703328069907","0","aeb7ca95e5af585230ca0add63518df7f82bcf74ed17b9d657a219f4e1b2d0f5",""
"0","0","0","baseline","eda9ebbaefdf404a3b7fdaa0c3105584d34b2373","38e02ddef01844140e3dfdfdd87733a37d26f59aeef6fcccc67fb13ed19a7d57","vectorPerformance","likelihood8","Quantile","1","-2","404175","4000","500","Complete","0.4209834","3.16E-5","0.3568456","0.0641062","0.453125","0.002","675623","4000","14553.603071888145","14560.448774995888","11253.189859649683","1.0007097070118298","0.003922918284137322","0","03828cdda4fc43583cac684014ff31176af4a34269763a886473aa7e641f0391",""
"0","0","0","baseline","eda9ebbaefdf404a3b7fdaa0c3105584d34b2373","38e02ddef01844140e3dfdfdd87733a37d26f59aeef6fcccc67fb13ed19a7d57","vectorPerformance","likelihood8","Quantile","1","-1","412094","4000","500","Complete","0.4183255","3.4101E-5","0.356986899","0.0613045","0.40625","0.002","674660","4000","15209.136106969212","15217.30790335651","11240.432710958032","1.0004372157752155","0.0052684685777992235","0","e259b6e006096a76873934a7876a399ffc6054ce8626e6a9f54fe4dc9a2a077b",""
"0","0","0","baseline","eda9ebbaefdf404a3b7fdaa0c3105584d34b2373","38e02ddef01844140e3dfdfdd87733a37d26f59aeef6fcccc67fb13ed19a7d57","vectorPerformance","likelihood8","Quantile","1","0","420013","4000","500","Complete","0.4185223","3.12E-5","0.3562372","0.0622539","0.421875","0.002","673796","4000","15027.331818683551","15033.704474475824","10491.658637470435","1.0004326935079904","0.005338364077357494","0","a6b794bfac044c42b2225f202fe85edd749f09d343dadd0c6f9a8be5b72afda0",""
"0","0","0","baseline","eda9ebbaefdf404a3b7fdaa0c3105584d34b2373","38e02ddef01844140e3dfdfdd87733a37d26f59aeef6fcccc67fb13ed19a7d57","vectorPerformance","likelihood8","Quantile","1","1","427932","4000","500","Complete","0.417948199","3.03E-5","0.3545347","0.063383199","0.4375","0.0","673825","4000","15276.658872254206","15256.4622489339","11119.716918313663","1.000391617247902","0.006419580823759208","0","50e2cecd19fa21e7ea4301720423264b745a7096caa97d8e6935a59763285f0a",""
"0","0","0","baseline","eda9ebbaefdf404a3b7fdaa0c3105584d34b2373","38e02ddef01844140e3dfdfdd87733a37d26f59aeef6fcccc67fb13ed19a7d57","vectorPerformance","likelihood8","Quantile","1","2","435851","4000","500","Complete","0.4184274","3.07E-5","0.355096099","0.063300601","0.421875","0.0","674482","4000","15438.964336306639","15424.356228106937","11497.88972532256","1.0006283061980878","0.01024848436056533","0","d045bb5c2ae5192b21902085068a9b62aa6f41d66d4132dc6affda22bcc4912d",""
"0","0","0","baseline","eda9ebbaefdf404a3b7fdaa0c3105584d34b2373","38e02ddef01844140e3dfdfdd87733a37d26f59aeef6fcccc67fb13ed19a7d57","vectorPerformance","likelihood8","Quantile","1","3","443770","4000","500","Complete","0.418174599","2.9899E-5","0.354147301","0.063997399","0.421875","0.0","674770","4000","15279.141041189421","15290.437507693725","11098.089526704722","1.00060311853599","0.008195113181772185","0","14c0d80a24194a44695934e9fba1972daa6dc8b7383da72f1cd5837c36c4722d",""
"0","0","0","baseline","eda9ebbaefdf404a3b7fdaa0c3105584d34b2373","38e02ddef01844140e3dfdfdd87733a37d26f59aeef6fcccc67fb13ed19a7d57","vectorPerformance","likelihood8","Quantile","1","4","451689","4000","500","Complete","0.4168799","2.93E-5","0.353933","0.0629176","0.421875","0.001","675588","4000","15378.326224840608","15396.096164831599","11613.462866841413","1.000726442029433","0.005885612388259281","0","dffab805aa7e6a415f84c4666b5b3033cb9751a54880ba72e95a79dc87652086",""
"0","0","0","baseline","eda9ebbaefdf404a3b7fdaa0c3105584d34b2373","38e02ddef01844140e3dfdfdd87733a37d26f59aeef6fcccc67fb13ed19a7d57","vectorPerformance","likelihood8","Quantile","2","-2","404175","4000","500","Complete","0.2193909","5.49E-5","0.183847699","0.035488301","0.4375","0.002","675623","4000","14553.603071888145","14560.448774995888","11253.189859649683","1.0007097070118298","0.003922918284137322","0","03828cdda4fc43583cac684014ff31176af4a34269763a886473aa7e641f0391",""
"0","0","0","baseline","eda9ebbaefdf404a3b7fdaa0c3105584d34b2373","38e02ddef01844140e3dfdfdd87733a37d26f59aeef6fcccc67fb13ed19a7d57","vectorPerformance","likelihood8","Quantile","2","-1","412094","4000","500","Complete","0.217943101","2.9E-5","0.184282501","0.0336316","0.46875","0.0","674660","4000","15209.136106969212","15217.30790335651","11240.432710958032","1.0004372157752155","0.0052684685777992235","0","e259b6e006096a76873934a7876a399ffc6054ce8626e6a9f54fe4dc9a2a077b",""
"0","0","0","baseline","eda9ebbaefdf404a3b7fdaa0c3105584d34b2373","38e02ddef01844140e3dfdfdd87733a37d26f59aeef6fcccc67fb13ed19a7d57","vectorPerformance","likelihood8","Quantile","2","0","420013","4000","500","Complete","0.217782","2.85E-5","0.184013","0.0337405","0.453125","0.0","673796","4000","15027.331818683551","15033.704474475824","10491.658637470435","1.0004326935079904","0.005338364077357494","0","a6b794bfac044c42b2225f202fe85edd749f09d343dadd0c6f9a8be5b72afda0",""
"0","0","0","baseline","eda9ebbaefdf404a3b7fdaa0c3105584d34b2373","38e02ddef01844140e3dfdfdd87733a37d26f59aeef6fcccc67fb13ed19a7d57","vectorPerformance","likelihood8","Quantile","2","1","427932","4000","500","Complete","0.2170406","4.79E-5","0.1834013","0.0335914","0.4375","0.0","673825","4000","15276.658872254206","15256.4622489339","11119.716918313663","1.000391617247902","0.006419580823759208","0","50e2cecd19fa21e7ea4301720423264b745a7096caa97d8e6935a59763285f0a",""
"0","0","0","baseline","eda9ebbaefdf404a3b7fdaa0c3105584d34b2373","38e02ddef01844140e3dfdfdd87733a37d26f59aeef6fcccc67fb13ed19a7d57","vectorPerformance","likelihood8","Quantile","2","2","435851","4000","500","Complete","0.217888301","3.1001E-5","0.1851518","0.0327055","0.4375","0.001","674482","4000","15438.964336306639","15424.356228106937","11497.88972532256","1.0006283061980878","0.01024848436056533","0","d045bb5c2ae5192b21902085068a9b62aa6f41d66d4132dc6affda22bcc4912d",""
"0","0","0","baseline","eda9ebbaefdf404a3b7fdaa0c3105584d34b2373","38e02ddef01844140e3dfdfdd87733a37d26f59aeef6fcccc67fb13ed19a7d57","vectorPerformance","likelihood8","Quantile","2","3","443770","4000","500","Complete","0.219996701","3.04E-5","0.186944701","0.0330216","0.4375","0.001","674770","4000","15279.141041189421","15290.437507693725","11098.089526704722","1.00060311853599","0.008195113181772185","0","14c0d80a24194a44695934e9fba1972daa6dc8b7383da72f1cd5837c36c4722d",""
"0","0","0","baseline","eda9ebbaefdf404a3b7fdaa0c3105584d34b2373","38e02ddef01844140e3dfdfdd87733a37d26f59aeef6fcccc67fb13ed19a7d57","vectorPerformance","likelihood8","Quantile","2","4","451689","4000","500","Complete","0.218288599","3.41E-5","0.185290099","0.0329644","0.421875","0.002","675588","4000","15378.326224840608","15396.096164831599","11613.462866841413","1.000726442029433","0.005885612388259281","0","dffab805aa7e6a415f84c4666b5b3033cb9751a54880ba72e95a79dc87652086",""
"0","0","0","baseline","eda9ebbaefdf404a3b7fdaa0c3105584d34b2373","38e02ddef01844140e3dfdfdd87733a37d26f59aeef6fcccc67fb13ed19a7d57","vectorPerformance","likelihood8","Quantile","4","-2","404175","4000","500","Complete","0.1139415","3.17E-5","0.094438","0.0194718","0.46875","0.0","675623","4000","14553.603071888145","14560.448774995888","11253.189859649683","1.0007097070118298","0.003922918284137322","0","03828cdda4fc43583cac684014ff31176af4a34269763a886473aa7e641f0391",""
"0","0","0","baseline","eda9ebbaefdf404a3b7fdaa0c3105584d34b2373","38e02ddef01844140e3dfdfdd87733a37d26f59aeef6fcccc67fb13ed19a7d57","vectorPerformance","likelihood8","Quantile","4","-1","412094","4000","500","Complete","0.1147695","3.17E-5","0.0946487","0.0200891","0.46875","0.0","674660","4000","15209.136106969212","15217.30790335651","11240.432710958032","1.0004372157752155","0.0052684685777992235","0","e259b6e006096a76873934a7876a399ffc6054ce8626e6a9f54fe4dc9a2a077b",""
"0","0","0","baseline","eda9ebbaefdf404a3b7fdaa0c3105584d34b2373","38e02ddef01844140e3dfdfdd87733a37d26f59aeef6fcccc67fb13ed19a7d57","vectorPerformance","likelihood8","Quantile","4","0","420013","4000","500","Complete","0.1152553","3.08E-5","0.096206199","0.019018301","0.4375","0.001","673796","4000","15027.331818683551","15033.704474475824","10491.658637470435","1.0004326935079904","0.005338364077357494","0","a6b794bfac044c42b2225f202fe85edd749f09d343dadd0c6f9a8be5b72afda0",""
"0","0","0","baseline","eda9ebbaefdf404a3b7fdaa0c3105584d34b2373","38e02ddef01844140e3dfdfdd87733a37d26f59aeef6fcccc67fb13ed19a7d57","vectorPerformance","likelihood8","Quantile","4","1","427932","4000","500","Complete","0.1160207","5.94E-5","0.096219499","0.019741801","0.5","0.002","673825","4000","15276.658872254206","15256.4622489339","11119.716918313663","1.000391617247902","0.006419580823759208","0","50e2cecd19fa21e7ea4301720423264b745a7096caa97d8e6935a59763285f0a",""
"0","0","0","baseline","eda9ebbaefdf404a3b7fdaa0c3105584d34b2373","38e02ddef01844140e3dfdfdd87733a37d26f59aeef6fcccc67fb13ed19a7d57","vectorPerformance","likelihood8","Quantile","4","2","435851","4000","500","Complete","0.1163705","2.92E-5","0.096369599","0.019971701","0.5","0.002","674482","4000","15438.964336306639","15424.356228106937","11497.88972532256","1.0006283061980878","0.01024848436056533","0","d045bb5c2ae5192b21902085068a9b62aa6f41d66d4132dc6affda22bcc4912d",""
"0","0","0","baseline","eda9ebbaefdf404a3b7fdaa0c3105584d34b2373","38e02ddef01844140e3dfdfdd87733a37d26f59aeef6fcccc67fb13ed19a7d57","vectorPerformance","likelihood8","Quantile","4","3","443770","4000","500","Complete","0.114399399","2.96E-5","0.0948052","0.019564599","0.5","0.0","674770","4000","15279.141041189421","15290.437507693725","11098.089526704722","1.00060311853599","0.008195113181772185","0","14c0d80a24194a44695934e9fba1972daa6dc8b7383da72f1cd5837c36c4722d",""
"0","0","0","baseline","eda9ebbaefdf404a3b7fdaa0c3105584d34b2373","38e02ddef01844140e3dfdfdd87733a37d26f59aeef6fcccc67fb13ed19a7d57","vectorPerformance","likelihood8","Quantile","4","4","451689","4000","500","Complete","0.1135568","3.33E-5","0.0945159","0.0190076","0.4375","0.0","675588","4000","15378.326224840608","15396.096164831599","11613.462866841413","1.000726442029433","0.005885612388259281","0","dffab805aa7e6a415f84c4666b5b3033cb9751a54880ba72e95a79dc87652086",""
"0","0","0","baseline","eda9ebbaefdf404a3b7fdaa0c3105584d34b2373","38e02ddef01844140e3dfdfdd87733a37d26f59aeef6fcccc67fb13ed19a7d57","vectorPerformance","mixture8","GPSS","1","-2","404175","4000","500","Complete","0.1326498","1.8E-5","0.0669571","0.0656747","0.140625","0.001","229144","4000","14.257988816324646","29.19304971339808","41.12369705555653","1.0898522442939091","0.21935070608817098","8","3b6875e17ed27fe9805ded4d871f7b5f9d73e9def0157d2b9b3ca4e8933848aa",""
"0","0","0","baseline","eda9ebbaefdf404a3b7fdaa0c3105584d34b2373","38e02ddef01844140e3dfdfdd87733a37d26f59aeef6fcccc67fb13ed19a7d57","vectorPerformance","mixture8","GPSS","1","-1","412094","4000","500","Complete","0.131627501","1.6601E-5","0.0683497","0.0632612","0.125","0.001","229290","4000","18.720999899350527","39.028622707399215","46.96121523232878","1.0731938076004162","0.17813809720195017","8","abf27d85ad57f604af02f9ce976cde68729c5e5b0b9868c8021e26e9e57c9cbb",""
"0","0","0","baseline","eda9ebbaefdf404a3b7fdaa0c3105584d34b2373","38e02ddef01844140e3dfdfdd87733a37d26f59aeef6fcccc67fb13ed19a7d57","vectorPerformance","mixture8","GPSS","1","0","420013","4000","500","Complete","0.131306","1.91E-5","0.0682013","0.0630856","0.125","0.001","230860","4000","11.197660818981081","21.159126284650732","49.74480814386594","1.1308094060468774","0.5016290019944878","8","f1a24a91ced5488ebfe513313caafc39cdc36be309bd0944b0aca511830cdc9b",""
"0","0","0","baseline","eda9ebbaefdf404a3b7fdaa0c3105584d34b2373","38e02ddef01844140e3dfdfdd87733a37d26f59aeef6fcccc67fb13ed19a7d57","vectorPerformance","mixture8","GPSS","1","1","427932","4000","500","Complete","0.1280208","1.72E-5","0.066272399","0.061731201","0.125","0.0","227656","4000","350.3365962359708","946.1959119121931","828.0407758236613","1.006187429279826","0.489472770444491","0","3048dd7a997ec08547ffedc643f4f8ad71fb08dfc61d73588f085fae9f3b2530",""
"0","0","0","baseline","eda9ebbaefdf404a3b7fdaa0c3105584d34b2373","38e02ddef01844140e3dfdfdd87733a37d26f59aeef6fcccc67fb13ed19a7d57","vectorPerformance","mixture8","GPSS","1","2","435851","4000","500","Complete","0.132144","1.77E-5","0.068684899","0.063441401","0.140625","0.001","230320","4000","11.885382937205895","20.922381229748733","74.65086869430434","1.127517255169642","0.6163845076767369","8","a8b0c5d28390a6bbe639426c5f3d044100be601426210b18a9d9a12faa0fdcbb",""
"0","0","0","baseline","eda9ebbaefdf404a3b7fdaa0c3105584d34b2373","38e02ddef01844140e3dfdfdd87733a37d26f59aeef6fcccc67fb13ed19a7d57","vectorPerformance","mixture8","GPSS","1","3","443770","4000","500","Complete","0.1299528","1.7101E-5","0.0676136","0.062322099","0.125","0.0","228342","4000","32.15927038708645","138.24287084259578","31.951943081965528","1.0380332431121262","0.32314994313579937","8","fb914cb87efc1f88af4218573d1acfcb2cf7af7578bb3764f9313b6f1caf9c08",""
"0","0","0","baseline","eda9ebbaefdf404a3b7fdaa0c3105584d34b2373","38e02ddef01844140e3dfdfdd87733a37d26f59aeef6fcccc67fb13ed19a7d57","vectorPerformance","mixture8","GPSS","1","4","451689","4000","500","Complete","0.133510601","1.7401E-5","0.068306699","0.065186501","0.125","0.002","231161","4000","11.42981152723505","18.51428192120557","82.97173289489884","1.1478873533286111","0.944470980985646","8","8c304b54387b3cfcaea9ca546733eb569997eadee97f924c60d4475ce4148eb9",""
"0","0","0","baseline","eda9ebbaefdf404a3b7fdaa0c3105584d34b2373","38e02ddef01844140e3dfdfdd87733a37d26f59aeef6fcccc67fb13ed19a7d57","vectorPerformance","mixture8","GPSS","2","-2","404175","4000","500","Complete","0.087108199","1.85E-5","0.0518411","0.035248599","0.234375","0.0","229144","4000","14.257988816324646","29.19304971339808","41.12369705555653","1.0898522442939091","0.21935070608817098","8","3b6875e17ed27fe9805ded4d871f7b5f9d73e9def0157d2b9b3ca4e8933848aa",""
"0","0","0","baseline","eda9ebbaefdf404a3b7fdaa0c3105584d34b2373","38e02ddef01844140e3dfdfdd87733a37d26f59aeef6fcccc67fb13ed19a7d57","vectorPerformance","mixture8","GPSS","2","-1","412094","4000","500","Complete","0.0760451","1.63E-5","0.041784599","0.034244201","0.15625","0.0","229290","4000","18.720999899350527","39.028622707399215","46.96121523232878","1.0731938076004162","0.17813809720195017","8","abf27d85ad57f604af02f9ce976cde68729c5e5b0b9868c8021e26e9e57c9cbb",""
"0","0","0","baseline","eda9ebbaefdf404a3b7fdaa0c3105584d34b2373","38e02ddef01844140e3dfdfdd87733a37d26f59aeef6fcccc67fb13ed19a7d57","vectorPerformance","mixture8","GPSS","2","0","420013","4000","500","Complete","0.079243301","1.8501E-5","0.044134299","0.035090501","0.15625","0.0","230860","4000","11.197660818981081","21.159126284650732","49.74480814386594","1.1308094060468774","0.5016290019944878","8","f1a24a91ced5488ebfe513313caafc39cdc36be309bd0944b0aca511830cdc9b",""
"0","0","0","baseline","eda9ebbaefdf404a3b7fdaa0c3105584d34b2373","38e02ddef01844140e3dfdfdd87733a37d26f59aeef6fcccc67fb13ed19a7d57","vectorPerformance","mixture8","GPSS","2","1","427932","4000","500","Complete","0.0755592","1.8799E-5","0.041684601","0.0338558","0.15625","0.0","227656","4000","350.3365962359708","946.1959119121931","828.0407758236613","1.006187429279826","0.489472770444491","0","3048dd7a997ec08547ffedc643f4f8ad71fb08dfc61d73588f085fae9f3b2530",""
"0","0","0","baseline","eda9ebbaefdf404a3b7fdaa0c3105584d34b2373","38e02ddef01844140e3dfdfdd87733a37d26f59aeef6fcccc67fb13ed19a7d57","vectorPerformance","mixture8","GPSS","2","2","435851","4000","500","Complete","0.0766143","1.61E-5","0.0415719","0.0350263","0.15625","0.0","230320","4000","11.885382937205895","20.922381229748733","74.65086869430434","1.127517255169642","0.6163845076767369","8","a8b0c5d28390a6bbe639426c5f3d044100be601426210b18a9d9a12faa0fdcbb",""
"0","0","0","baseline","eda9ebbaefdf404a3b7fdaa0c3105584d34b2373","38e02ddef01844140e3dfdfdd87733a37d26f59aeef6fcccc67fb13ed19a7d57","vectorPerformance","mixture8","GPSS","2","3","443770","4000","500","Complete","0.0769169","1.7501E-5","0.042838299","0.0340611","0.15625","0.0","228342","4000","32.15927038708645","138.24287084259578","31.951943081965528","1.0380332431121262","0.32314994313579937","8","fb914cb87efc1f88af4218573d1acfcb2cf7af7578bb3764f9313b6f1caf9c08",""
"0","0","0","baseline","eda9ebbaefdf404a3b7fdaa0c3105584d34b2373","38e02ddef01844140e3dfdfdd87733a37d26f59aeef6fcccc67fb13ed19a7d57","vectorPerformance","mixture8","GPSS","2","4","451689","4000","500","Complete","0.076822601","1.7E-5","0.042138501","0.0346671","0.15625","0.0","231161","4000","11.42981152723505","18.51428192120557","82.97173289489884","1.1478873533286111","0.944470980985646","8","8c304b54387b3cfcaea9ca546733eb569997eadee97f924c60d4475ce4148eb9",""
"0","0","0","baseline","eda9ebbaefdf404a3b7fdaa0c3105584d34b2373","38e02ddef01844140e3dfdfdd87733a37d26f59aeef6fcccc67fb13ed19a7d57","vectorPerformance","mixture8","GPSS","4","-2","404175","4000","500","Complete","0.062658301","1.8E-5","0.0420119","0.020628401","0.234375","0.001","229144","4000","14.257988816324646","29.19304971339808","41.12369705555653","1.0898522442939091","0.21935070608817098","8","3b6875e17ed27fe9805ded4d871f7b5f9d73e9def0157d2b9b3ca4e8933848aa",""
"0","0","0","baseline","eda9ebbaefdf404a3b7fdaa0c3105584d34b2373","38e02ddef01844140e3dfdfdd87733a37d26f59aeef6fcccc67fb13ed19a7d57","vectorPerformance","mixture8","GPSS","4","-1","412094","4000","500","Complete","0.060470499","1.64E-5","0.0404194","0.020034699","0.203125","0.0","229290","4000","18.720999899350527","39.028622707399215","46.96121523232878","1.0731938076004162","0.17813809720195017","8","abf27d85ad57f604af02f9ce976cde68729c5e5b0b9868c8021e26e9e57c9cbb",""
"0","0","0","baseline","eda9ebbaefdf404a3b7fdaa0c3105584d34b2373","38e02ddef01844140e3dfdfdd87733a37d26f59aeef6fcccc67fb13ed19a7d57","vectorPerformance","mixture8","GPSS","4","0","420013","4000","500","Complete","0.061189701","1.9101E-5","0.041517799","0.019652801","0.203125","0.001","230860","4000","11.197660818981081","21.159126284650732","49.74480814386594","1.1308094060468774","0.5016290019944878","8","f1a24a91ced5488ebfe513313caafc39cdc36be309bd0944b0aca511830cdc9b",""
"0","0","0","baseline","eda9ebbaefdf404a3b7fdaa0c3105584d34b2373","38e02ddef01844140e3dfdfdd87733a37d26f59aeef6fcccc67fb13ed19a7d57","vectorPerformance","mixture8","GPSS","4","1","427932","4000","500","Complete","0.0599828","1.8E-5","0.0416812","0.0182836","0.25","0.001","227656","4000","350.3365962359708","946.1959119121931","828.0407758236613","1.006187429279826","0.489472770444491","0","3048dd7a997ec08547ffedc643f4f8ad71fb08dfc61d73588f085fae9f3b2530",""
"0","0","0","baseline","eda9ebbaefdf404a3b7fdaa0c3105584d34b2373","38e02ddef01844140e3dfdfdd87733a37d26f59aeef6fcccc67fb13ed19a7d57","vectorPerformance","mixture8","GPSS","4","2","435851","4000","500","Complete","0.062054501","1.69E-5","0.041624501","0.0204131","0.25","0.0","230320","4000","11.885382937205895","20.922381229748733","74.65086869430434","1.127517255169642","0.6163845076767369","8","a8b0c5d28390a6bbe639426c5f3d044100be601426210b18a9d9a12faa0fdcbb",""
"0","0","0","baseline","eda9ebbaefdf404a3b7fdaa0c3105584d34b2373","38e02ddef01844140e3dfdfdd87733a37d26f59aeef6fcccc67fb13ed19a7d57","vectorPerformance","mixture8","GPSS","4","3","443770","4000","500","Complete","0.0609709","1.88E-5","0.0419456","0.0190065","0.25","0.002","228342","4000","32.15927038708645","138.24287084259578","31.951943081965528","1.0380332431121262","0.32314994313579937","8","fb914cb87efc1f88af4218573d1acfcb2cf7af7578bb3764f9313b6f1caf9c08",""
"0","0","0","baseline","eda9ebbaefdf404a3b7fdaa0c3105584d34b2373","38e02ddef01844140e3dfdfdd87733a37d26f59aeef6fcccc67fb13ed19a7d57","vectorPerformance","mixture8","GPSS","4","4","451689","4000","500","Complete","0.063513301","1.7501E-5","0.043217999","0.020277801","0.25","0.001","231161","4000","11.42981152723505","18.51428192120557","82.97173289489884","1.1478873533286111","0.944470980985646","8","8c304b54387b3cfcaea9ca546733eb569997eadee97f924c60d4475ce4148eb9",""
"0","0","0","baseline","eda9ebbaefdf404a3b7fdaa0c3105584d34b2373","38e02ddef01844140e3dfdfdd87733a37d26f59aeef6fcccc67fb13ed19a7d57","vectorPerformance","mixture8","Quantile","1","-2","404175","4000","500","Complete","0.2231587","3.43E-5","0.1572427","0.0658817","0.25","0.001","794544","4000","4.187636809868029","7.060337598855363","26.16378128764236","1.5288331364789502","3.256985326991021","8","08478ec37e7016f0a746f5541369d3f27e6780b3d77ac0dd3727aedc458b8a7f",""
"0","0","0","baseline","eda9ebbaefdf404a3b7fdaa0c3105584d34b2373","38e02ddef01844140e3dfdfdd87733a37d26f59aeef6fcccc67fb13ed19a7d57","vectorPerformance","mixture8","Quantile","1","-1","412094","4000","500","Complete","0.2274668","1.51E-5","0.1639778","0.0634739","0.234375","0.001","816779","4000","13172.219750891138","13222.282432153374","9557.095877190202","1.0009523655339596","4.505381108384656","0","df0a2d121acaf8121fe4585bac661d116d56b94d4bbd87d7554b9b56bc69a16b",""
"0","0","0","baseline","eda9ebbaefdf404a3b7fdaa0c3105584d34b2373","38e02ddef01844140e3dfdfdd87733a37d26f59aeef6fcccc67fb13ed19a7d57","vectorPerformance","mixture8","Quantile","1","0","420013","4000","500","Complete","0.2257525","1.53E-5","0.160296999","0.065440201","0.21875","0.001","794198","4000","4.186058672517822","7.066033020998243","25.872565892706334","1.528293121197245","3.254959184947837","8","298edcccf4cb67bd1d71a2c67eaac49d9c2f065b01ce89b5a425470b4ac34246",""
"0","0","0","baseline","eda9ebbaefdf404a3b7fdaa0c3105584d34b2373","38e02ddef01844140e3dfdfdd87733a37d26f59aeef6fcccc67fb13ed19a7d57","vectorPerformance","mixture8","Quantile","1","1","427932","4000","500","Complete","0.2269704","1.74E-5","0.1611152","0.0658378","0.234375","0.002","793428","4000","4.1830750512240416","7.063117190644894","25.56957561795727","1.5283657513611182","3.2567621870613133","8","273d5a969b71614959a723e90feee880f8890fbdd52ed734512ecdb8349192a1",""
"0","0","0","baseline","eda9ebbaefdf404a3b7fdaa0c3105584d34b2373","38e02ddef01844140e3dfdfdd87733a37d26f59aeef6fcccc67fb13ed19a7d57","vectorPerformance","mixture8","Quantile","1","2","435851","4000","500","Complete","0.2273792","2.17E-5","0.160950899","0.066406601","0.234375","0.005","819559","4000","13453.176078554361","13421.262962358194","9216.280792110578","1.0005674240480147","4.502788958677054","0","d8c678a9202d9a68411f907dc58204bfa1e84fa81561ad1055f777dd4b42c6f2",""
"0","0","0","baseline","eda9ebbaefdf404a3b7fdaa0c3105584d34b2373","38e02ddef01844140e3dfdfdd87733a37d26f59aeef6fcccc67fb13ed19a7d57","vectorPerformance","mixture8","Quantile","1","3","443770","4000","500","Complete","0.225591599","1.61E-5","0.1619853","0.063590199","0.21875","0.001","818525","4000","14133.815442025896","14200.524096105466","9050.625427824825","1.0007425189374404","4.512149086714977","0","1bb1a4f128a60c3df02103528fa01749d02171821dd07470e5dae7f5e8630625",""
"0","0","0","baseline","eda9ebbaefdf404a3b7fdaa0c3105584d34b2373","38e02ddef01844140e3dfdfdd87733a37d26f59aeef6fcccc67fb13ed19a7d57","vectorPerformance","mixture8","Quantile","1","4","451689","4000","500","Complete","0.2250496","1.75E-5","0.161678199","0.063353901","0.21875","0.001","819229","4000","12826.818650755431","12819.884446949432","9099.649034826969","1.000430048273552","4.504000123365279","0","678212121ddd43756b45e7bd2e21e3caba79bf54b0c78a22985c55552046cf37",""
"0","0","0","baseline","eda9ebbaefdf404a3b7fdaa0c3105584d34b2373","38e02ddef01844140e3dfdfdd87733a37d26f59aeef6fcccc67fb13ed19a7d57","vectorPerformance","mixture8","Quantile","2","-2","404175","4000","500","Complete","0.134774299","1.61E-5","0.098295999","0.0364622","0.234375","0.0","794544","4000","4.187636809868029","7.060337598855363","26.16378128764236","1.5288331364789502","3.256985326991021","8","08478ec37e7016f0a746f5541369d3f27e6780b3d77ac0dd3727aedc458b8a7f",""
"0","0","0","baseline","eda9ebbaefdf404a3b7fdaa0c3105584d34b2373","38e02ddef01844140e3dfdfdd87733a37d26f59aeef6fcccc67fb13ed19a7d57","vectorPerformance","mixture8","Quantile","2","-1","412094","4000","500","Complete","0.1348751","2.25E-5","0.1006651","0.0341875","0.265625","0.001","816779","4000","13172.219750891138","13222.282432153374","9557.095877190202","1.0009523655339596","4.505381108384656","0","df0a2d121acaf8121fe4585bac661d116d56b94d4bbd87d7554b9b56bc69a16b",""
"0","0","0","baseline","eda9ebbaefdf404a3b7fdaa0c3105584d34b2373","38e02ddef01844140e3dfdfdd87733a37d26f59aeef6fcccc67fb13ed19a7d57","vectorPerformance","mixture8","Quantile","2","0","420013","4000","500","Complete","0.138226","1.57E-5","0.099501","0.0387093","0.265625","0.002","794198","4000","4.186058672517822","7.066033020998243","25.872565892706334","1.528293121197245","3.254959184947837","8","298edcccf4cb67bd1d71a2c67eaac49d9c2f065b01ce89b5a425470b4ac34246",""
"0","0","0","baseline","eda9ebbaefdf404a3b7fdaa0c3105584d34b2373","38e02ddef01844140e3dfdfdd87733a37d26f59aeef6fcccc67fb13ed19a7d57","vectorPerformance","mixture8","Quantile","2","1","427932","4000","500","Complete","0.135841399","1.57E-5","0.1001063","0.035719399","0.28125","0.001","793428","4000","4.1830750512240416","7.063117190644894","25.56957561795727","1.5283657513611182","3.2567621870613133","8","273d5a969b71614959a723e90feee880f8890fbdd52ed734512ecdb8349192a1",""
"0","0","0","baseline","eda9ebbaefdf404a3b7fdaa0c3105584d34b2373","38e02ddef01844140e3dfdfdd87733a37d26f59aeef6fcccc67fb13ed19a7d57","vectorPerformance","mixture8","Quantile","2","2","435851","4000","500","Complete","0.1360398","1.65E-5","0.1001259","0.0358974","0.265625","0.002","819559","4000","13453.176078554361","13421.262962358194","9216.280792110578","1.0005674240480147","4.502788958677054","0","d8c678a9202d9a68411f907dc58204bfa1e84fa81561ad1055f777dd4b42c6f2",""
"0","0","0","baseline","eda9ebbaefdf404a3b7fdaa0c3105584d34b2373","38e02ddef01844140e3dfdfdd87733a37d26f59aeef6fcccc67fb13ed19a7d57","vectorPerformance","mixture8","Quantile","2","3","443770","4000","500","Complete","0.1344797","1.74E-5","0.101074","0.0333883","0.25","0.0","818525","4000","14133.815442025896","14200.524096105466","9050.625427824825","1.0007425189374404","4.512149086714977","0","1bb1a4f128a60c3df02103528fa01749d02171821dd07470e5dae7f5e8630625",""
"0","0","0","baseline","eda9ebbaefdf404a3b7fdaa0c3105584d34b2373","38e02ddef01844140e3dfdfdd87733a37d26f59aeef6fcccc67fb13ed19a7d57","vectorPerformance","mixture8","Quantile","2","4","451689","4000","500","Complete","0.1324206","1.62E-5","0.099078199","0.033326201","0.28125","0.001","819229","4000","12826.818650755431","12819.884446949432","9099.649034826969","1.000430048273552","4.504000123365279","0","678212121ddd43756b45e7bd2e21e3caba79bf54b0c78a22985c55552046cf37",""
"0","0","0","baseline","eda9ebbaefdf404a3b7fdaa0c3105584d34b2373","38e02ddef01844140e3dfdfdd87733a37d26f59aeef6fcccc67fb13ed19a7d57","vectorPerformance","mixture8","Quantile","4","-2","404175","4000","500","Complete","0.0994992","1.62E-5","0.0767155","0.0227675","0.359375","0.0","794544","4000","4.187636809868029","7.060337598855363","26.16378128764236","1.5288331364789502","3.256985326991021","8","08478ec37e7016f0a746f5541369d3f27e6780b3d77ac0dd3727aedc458b8a7f",""
"0","0","0","baseline","eda9ebbaefdf404a3b7fdaa0c3105584d34b2373","38e02ddef01844140e3dfdfdd87733a37d26f59aeef6fcccc67fb13ed19a7d57","vectorPerformance","mixture8","Quantile","4","-1","412094","4000","500","Complete","0.098140601","1.55E-5","0.077967801","0.0201573","0.375","0.001","816779","4000","13172.219750891138","13222.282432153374","9557.095877190202","1.0009523655339596","4.505381108384656","0","df0a2d121acaf8121fe4585bac661d116d56b94d4bbd87d7554b9b56bc69a16b",""
"0","0","0","baseline","eda9ebbaefdf404a3b7fdaa0c3105584d34b2373","38e02ddef01844140e3dfdfdd87733a37d26f59aeef6fcccc67fb13ed19a7d57","vectorPerformance","mixture8","Quantile","4","0","420013","4000","500","Complete","0.106095","1.6E-5","0.0815397","0.0245393","0.421875","0.001","794198","4000","4.186058672517822","7.066033020998243","25.872565892706334","1.528293121197245","3.254959184947837","8","298edcccf4cb67bd1d71a2c67eaac49d9c2f065b01ce89b5a425470b4ac34246",""
"0","0","0","baseline","eda9ebbaefdf404a3b7fdaa0c3105584d34b2373","38e02ddef01844140e3dfdfdd87733a37d26f59aeef6fcccc67fb13ed19a7d57","vectorPerformance","mixture8","Quantile","4","1","427932","4000","500","Complete","0.1016864","1.63E-5","0.079630101","0.022039999","0.4375","0.002","793428","4000","4.1830750512240416","7.063117190644894","25.56957561795727","1.5283657513611182","3.2567621870613133","8","273d5a969b71614959a723e90feee880f8890fbdd52ed734512ecdb8349192a1",""
"0","0","0","baseline","eda9ebbaefdf404a3b7fdaa0c3105584d34b2373","38e02ddef01844140e3dfdfdd87733a37d26f59aeef6fcccc67fb13ed19a7d57","vectorPerformance","mixture8","Quantile","4","2","435851","4000","500","Complete","0.1023425","1.6E-5","0.083502801","0.018823699","0.375","0.002","819559","4000","13453.176078554361","13421.262962358194","9216.280792110578","1.0005674240480147","4.502788958677054","0","d8c678a9202d9a68411f907dc58204bfa1e84fa81561ad1055f777dd4b42c6f2",""
"0","0","0","baseline","eda9ebbaefdf404a3b7fdaa0c3105584d34b2373","38e02ddef01844140e3dfdfdd87733a37d26f59aeef6fcccc67fb13ed19a7d57","vectorPerformance","mixture8","Quantile","4","3","443770","4000","500","Complete","0.097039701","1.61E-5","0.076714701","0.0203089","0.359375","0.0","818525","4000","14133.815442025896","14200.524096105466","9050.625427824825","1.0007425189374404","4.512149086714977","0","1bb1a4f128a60c3df02103528fa01749d02171821dd07470e5dae7f5e8630625",""
"0","0","0","baseline","eda9ebbaefdf404a3b7fdaa0c3105584d34b2373","38e02ddef01844140e3dfdfdd87733a37d26f59aeef6fcccc67fb13ed19a7d57","vectorPerformance","mixture8","Quantile","4","4","451689","4000","500","Complete","0.098641401","1.66E-5","0.0790571","0.019567701","0.4375","0.001","819229","4000","12826.818650755431","12819.884446949432","9099.649034826969","1.000430048273552","4.504000123365279","0","678212121ddd43756b45e7bd2e21e3caba79bf54b0c78a22985c55552046cf37",""
"0","0","0","baseline","eda9ebbaefdf404a3b7fdaa0c3105584d34b2373","38e02ddef01844140e3dfdfdd87733a37d26f59aeef6fcccc67fb13ed19a7d57","vectorPerformance","positive32","GPSS","1","-2","404175","4000","500","Complete","0.4309377","2.57E-5","0.177834199","0.253077801","0.421875","0.007","312248","4000","6.507081555422677","8.267454120088496","11.239726363241573","1.4243493212370788","0.9111742118510904","32","e1f462be7160698fc96433c37d8e6460fa2b583d96e58a05af89904985ee97c5",""
"0","0","0","baseline","eda9ebbaefdf404a3b7fdaa0c3105584d34b2373","38e02ddef01844140e3dfdfdd87733a37d26f59aeef6fcccc67fb13ed19a7d57","vectorPerformance","positive32","GPSS","1","-1","412094","4000","500","Complete","0.436512599","2.48E-5","0.180251799","0.256236","0.4375","0.004","312989","4000","5.495322761597328","8.012492423835413","12.29336507256984","1.4621066333934736","0.5327465027759886","32","047503de7ceb57f45f2c33ddf27b78c64d75cb6665a40538a8909c85da9d2c02",""
"0","0","0","baseline","eda9ebbaefdf404a3b7fdaa0c3105584d34b2373","38e02ddef01844140e3dfdfdd87733a37d26f59aeef6fcccc67fb13ed19a7d57","vectorPerformance","positive32","GPSS","1","0","420013","4000","500","Complete","0.432573999","3.04E-5","0.17992","0.252623599","0.421875","0.007","315080","4000","5.054210848500271","6.4086389980297715","11.498400167812514","1.682066869867944","1.124774421937512","32","9182bbb858877f9a625ab3c8ae05e7120fdc466f42d5a1dceccf9395da6065e9",""
"0","0","0","baseline","eda9ebbaefdf404a3b7fdaa0c3105584d34b2373","38e02ddef01844140e3dfdfdd87733a37d26f59aeef6fcccc67fb13ed19a7d57","vectorPerformance","positive32","GPSS","1","1","427932","4000","500","Complete","0.4280426","2.44E-5","0.1805793","0.2474389","0.4375","0.003","310499","4000","4.949526595516298","7.4253970060875725","11.370735805288119","1.496332455560683","0.5218258205642705","32","f0d7064a140efac0e8d7992843e936b5b1ea4f33b336f96c18ed34d07d4ff733",""
"0","0","0","baseline","eda9ebbaefdf404a3b7fdaa0c3105584d34b2373","38e02ddef01844140e3dfdfdd87733a37d26f59aeef6fcccc67fb13ed19a7d57","vectorPerformance","positive32","GPSS","1","2","435851","4000","500","Complete","0.4314323","2.5E-5","0.1833361","0.2480712","0.4375","0.002","312895","4000","6.595439608345559","8.875134343603566","10.947737821804315","1.3815878832703925","0.38311879002350624","32","0365e43fa384cead64ff9f89d32ea3ea9edfdb1f4523fadebe6c708ca213e343",""
"0","0","0","baseline","eda9ebbaefdf404a3b7fdaa0c3105584d34b2373","38e02ddef01844140e3dfdfdd87733a37d26f59aeef6fcccc67fb13ed19a7d57","vectorPerformance","positive32","GPSS","1","3","443770","4000","500","Complete","0.430362601","2.4501E-5","0.185141","0.2451971","0.78125","0.003","322378","4000","4.786571198089734","5.896539279571406","11.375709989448119","1.7909712039019074","1.5561805918696656","32","6ad6daee0ad4e8690da4c2f3a9ad5ab953ab95d6f3a80ac9994366367dae6f68",""
"0","0","0","baseline","eda9ebbaefdf404a3b7fdaa0c3105584d34b2373","38e02ddef01844140e3dfdfdd87733a37d26f59aeef6fcccc67fb13ed19a7d57","vectorPerformance","positive32","GPSS","1","4","451689","4000","500","Complete","0.4364905","2.51E-5","0.181825099","0.254640301","0.4375","0.006","312493","4000","7.11180708957874","8.71283262637544","16.641164170760746","1.408214647506748","0.6415784047018325","32","b56b7859597de05ce23273ba96ae874e4baee6fad0f20d955b87448e5465d676",""
"0","0","0","baseline","eda9ebbaefdf404a3b7fdaa0c3105584d34b2373","38e02ddef01844140e3dfdfdd87733a37d26f59aeef6fcccc67fb13ed19a7d57","vectorPerformance","positive32","GPSS","2","-2","404175","4000","500","Complete","0.2471831","2.49E-5","0.1186125","0.1285457","0.5625","0.003","312248","4000","6.507081555422677","8.267454120088496","11.239726363241573","1.4243493212370788","0.9111742118510904","32","e1f462be7160698fc96433c37d8e6460fa2b583d96e58a05af89904985ee97c5",""
"0","0","0","baseline","eda9ebbaefdf404a3b7fdaa0c3105584d34b2373","38e02ddef01844140e3dfdfdd87733a37d26f59aeef6fcccc67fb13ed19a7d57","vectorPerformance","positive32","GPSS","2","-1","412094","4000","500","Complete","0.244596199","2.2699E-5","0.110362701","0.134210799","0.796875","0.002","312989","4000","5.495322761597328","8.012492423835413","12.29336507256984","1.4621066333934736","0.5327465027759886","32","047503de7ceb57f45f2c33ddf27b78c64d75cb6665a40538a8909c85da9d2c02",""
"0","0","0","baseline","eda9ebbaefdf404a3b7fdaa0c3105584d34b2373","38e02ddef01844140e3dfdfdd87733a37d26f59aeef6fcccc67fb13ed19a7d57","vectorPerformance","positive32","GPSS","2","0","420013","4000","500","Complete","0.2444934","2.45E-5","0.1112787","0.1331902","0.46875","0.002","315080","4000","5.054210848500271","6.4086389980297715","11.498400167812514","1.682066869867944","1.124774421937512","32","9182bbb858877f9a625ab3c8ae05e7120fdc466f42d5a1dceccf9395da6065e9",""
"0","0","0","baseline","eda9ebbaefdf404a3b7fdaa0c3105584d34b2373","38e02ddef01844140e3dfdfdd87733a37d26f59aeef6fcccc67fb13ed19a7d57","vectorPerformance","positive32","GPSS","2","1","427932","4000","500","Complete","0.2419779","2.47E-5","0.1114433","0.1305099","0.46875","0.002","310499","4000","4.949526595516298","7.4253970060875725","11.370735805288119","1.496332455560683","0.5218258205642705","32","f0d7064a140efac0e8d7992843e936b5b1ea4f33b336f96c18ed34d07d4ff733",""
"0","0","0","baseline","eda9ebbaefdf404a3b7fdaa0c3105584d34b2373","38e02ddef01844140e3dfdfdd87733a37d26f59aeef6fcccc67fb13ed19a7d57","vectorPerformance","positive32","GPSS","2","2","435851","4000","500","Complete","0.2458914","2.5099E-5","0.1116093","0.134257001","0.484375","0.004","312895","4000","6.595439608345559","8.875134343603566","10.947737821804315","1.3815878832703925","0.38311879002350624","32","0365e43fa384cead64ff9f89d32ea3ea9edfdb1f4523fadebe6c708ca213e343",""
"0","0","0","baseline","eda9ebbaefdf404a3b7fdaa0c3105584d34b2373","38e02ddef01844140e3dfdfdd87733a37d26f59aeef6fcccc67fb13ed19a7d57","vectorPerformance","positive32","GPSS","2","3","443770","4000","500","Complete","0.2506973","2.59E-5","0.115454999","0.135216401","0.5","0.004","322378","4000","4.786571198089734","5.896539279571406","11.375709989448119","1.7909712039019074","1.5561805918696656","32","6ad6daee0ad4e8690da4c2f3a9ad5ab953ab95d6f3a80ac9994366367dae6f68",""
"0","0","0","baseline","eda9ebbaefdf404a3b7fdaa0c3105584d34b2373","38e02ddef01844140e3dfdfdd87733a37d26f59aeef6fcccc67fb13ed19a7d57","vectorPerformance","positive32","GPSS","2","4","451689","4000","500","Complete","0.2469437","2.3599E-5","0.109216701","0.1377034","0.5","0.005","312493","4000","7.11180708957874","8.71283262637544","16.641164170760746","1.408214647506748","0.6415784047018325","32","b56b7859597de05ce23273ba96ae874e4baee6fad0f20d955b87448e5465d676",""
"0","0","0","baseline","eda9ebbaefdf404a3b7fdaa0c3105584d34b2373","38e02ddef01844140e3dfdfdd87733a37d26f59aeef6fcccc67fb13ed19a7d57","vectorPerformance","positive32","GPSS","4","-2","404175","4000","500","Complete","0.172189999","4.1999E-5","0.098306801","0.073841199","0.734375","0.002","312248","4000","6.507081555422677","8.267454120088496","11.239726363241573","1.4243493212370788","0.9111742118510904","32","e1f462be7160698fc96433c37d8e6460fa2b583d96e58a05af89904985ee97c5",""
"0","0","0","baseline","eda9ebbaefdf404a3b7fdaa0c3105584d34b2373","38e02ddef01844140e3dfdfdd87733a37d26f59aeef6fcccc67fb13ed19a7d57","vectorPerformance","positive32","GPSS","4","-1","412094","4000","500","Complete","0.1750486","2.48E-5","0.0963923","0.0786315","0.921875","0.002","312989","4000","5.495322761597328","8.012492423835413","12.29336507256984","1.4621066333934736","0.5327465027759886","32","047503de7ceb57f45f2c33ddf27b78c64d75cb6665a40538a8909c85da9d2c02",""
"0","0","0","baseline","eda9ebbaefdf404a3b7fdaa0c3105584d34b2373","38e02ddef01844140e3dfdfdd87733a37d26f59aeef6fcccc67fb13ed19a7d57","vectorPerformance","positive32","GPSS","4","0","420013","4000","500","Complete","0.1753479","2.48E-5","0.0938441","0.081479","0.671875","0.004","315080","4000","5.054210848500271","6.4086389980297715","11.498400167812514","1.682066869867944","1.124774421937512","32","9182bbb858877f9a625ab3c8ae05e7120fdc466f42d5a1dceccf9395da6065e9",""
"0","0","0","baseline","eda9ebbaefdf404a3b7fdaa0c3105584d34b2373","38e02ddef01844140e3dfdfdd87733a37d26f59aeef6fcccc67fb13ed19a7d57","vectorPerformance","positive32","GPSS","4","1","427932","4000","500","Complete","0.1730184","2.43E-5","0.0939943","0.0789998","0.96875","0.004","310499","4000","4.949526595516298","7.4253970060875725","11.370735805288119","1.496332455560683","0.5218258205642705","32","f0d7064a140efac0e8d7992843e936b5b1ea4f33b336f96c18ed34d07d4ff733",""
"0","0","0","baseline","eda9ebbaefdf404a3b7fdaa0c3105584d34b2373","38e02ddef01844140e3dfdfdd87733a37d26f59aeef6fcccc67fb13ed19a7d57","vectorPerformance","positive32","GPSS","4","2","435851","4000","500","Complete","0.1752997","2.25E-5","0.0960728","0.0792044","1.0","0.005","312895","4000","6.595439608345559","8.875134343603566","10.947737821804315","1.3815878832703925","0.38311879002350624","32","0365e43fa384cead64ff9f89d32ea3ea9edfdb1f4523fadebe6c708ca213e343",""
"0","0","0","baseline","eda9ebbaefdf404a3b7fdaa0c3105584d34b2373","38e02ddef01844140e3dfdfdd87733a37d26f59aeef6fcccc67fb13ed19a7d57","vectorPerformance","positive32","GPSS","4","3","443770","4000","500","Complete","0.1746563","2.98E-5","0.1000176","0.0746089","0.6875","0.003","322378","4000","4.786571198089734","5.896539279571406","11.375709989448119","1.7909712039019074","1.5561805918696656","32","6ad6daee0ad4e8690da4c2f3a9ad5ab953ab95d6f3a80ac9994366367dae6f68",""
"0","0","0","baseline","eda9ebbaefdf404a3b7fdaa0c3105584d34b2373","38e02ddef01844140e3dfdfdd87733a37d26f59aeef6fcccc67fb13ed19a7d57","vectorPerformance","positive32","GPSS","4","4","451689","4000","500","Complete","0.1729384","2.39E-5","0.097574","0.0753405","0.65625","0.002","312493","4000","7.11180708957874","8.71283262637544","16.641164170760746","1.408214647506748","0.6415784047018325","32","b56b7859597de05ce23273ba96ae874e4baee6fad0f20d955b87448e5465d676",""
"0","0","0","baseline","eda9ebbaefdf404a3b7fdaa0c3105584d34b2373","38e02ddef01844140e3dfdfdd87733a37d26f59aeef6fcccc67fb13ed19a7d57","vectorPerformance","positive32","Quantile","1","-2","404175","4000","500","Complete","0.6527813","2.2599E-5","0.403259901","0.2494988","0.640625","0.005","2332703","4000","8030.260361578566","7443.725542312934","10980.95587684255","1.0012073242374708","0.03162578897149504","0","109d1589a3cfa1856056d074588bf62a00242342be20aaa02c7f9fa0c3d02464",""
"0","0","0","baseline","eda9ebbaefdf404a3b7fdaa0c3105584d34b2373","38e02ddef01844140e3dfdfdd87733a37d26f59aeef6fcccc67fb13ed19a7d57","vectorPerformance","positive32","Quantile","1","-1","412094","4000","500","Complete","0.6518453","2.2701E-5","0.4053057","0.246516899","0.65625","0.007","2332056","4000","7849.260320702932","7497.08911341319","10218.844461352033","1.000850226319869","0.023734462941020107","0","2e7ae8f39b7d995378c03be6210919257cb3c5da65a71f7499cfe9fc1c43ddaa",""
"0","0","0","baseline","eda9ebbaefdf404a3b7fdaa0c3105584d34b2373","38e02ddef01844140e3dfdfdd87733a37d26f59aeef6fcccc67fb13ed19a7d57","vectorPerformance","positive32","Quantile","1","0","420013","4000","500","Complete","0.6510809","3.3201E-5","0.4006562","0.250391499","0.65625","0.005","2331456","4000","8061.462008922536","7644.287188277893","10396.228328686206","1.000767355772193","0.026399068267307313","0","b1c80d02d980f561db28b8e8c75872a90bfe94527189f07f4dfe1c9226d272e5",""
"0","0","0","baseline","eda9ebbaefdf404a3b7fdaa0c3105584d34b2373","38e02ddef01844140e3dfdfdd87733a37d26f59aeef6fcccc67fb13ed19a7d57","vectorPerformance","positive32","Quantile","1","1","427932","4000","500","Complete","0.6564908","1.9099E-5","0.406368001","0.2501037","1.0","0.006","2330866","4000","7748.716822064378","7364.471868294603","10702.763364386927","1.0006942215274883","0.030448865944532777","0","218737eae3e2da277e8b65fe3a76bd5f04046950597185a676bdc475001c1e46",""
"0","0","0","baseline","eda9ebbaefdf404a3b7fdaa0c3105584d34b2373","38e02ddef01844140e3dfdfdd87733a37d26f59aeef6fcccc67fb13ed19a7d57","vectorPerformance","positive32","Quantile","1","2","435851","4000","500","Complete","0.659345101","2.2301E-5","0.4052413","0.2540815","1.0","0.006","2331863","4000","7994.761109518766","7444.795092892279","10756.070846197807","1.0010742652566522","0.026722483101742966","0","fb50892c47662c7c9c7473b45775635e782a20ef09488c3bc7f407bd559adfe3",""
"0","0","0","baseline","eda9ebbaefdf404a3b7fdaa0c3105584d34b2373","38e02ddef01844140e3dfdfdd87733a37d26f59aeef6fcccc67fb13ed19a7d57","vectorPerformance","positive32","Quantile","1","3","443770","4000","500","Complete","0.655764699","4.51E-5","0.4021559","0.253563699","0.65625","0.005","2331071","4000","8046.326204198977","7094.826103737033","10587.156707045673","1.0006492486922247","0.022192055198105076","0","ea829d033823c80e3ad79c2bf9f4c957103c19055e7f39ac840ae3dd8ecf7787",""
"0","0","0","baseline","eda9ebbaefdf404a3b7fdaa0c3105584d34b2373","38e02ddef01844140e3dfdfdd87733a37d26f59aeef6fcccc67fb13ed19a7d57","vectorPerformance","positive32","Quantile","1","4","451689","4000","500","Complete","0.6575207","1.98E-5","0.405945","0.2515559","0.65625","0.006","2329615","4000","8049.572429524939","7585.9302215949265","10803.178568962107","1.001435614653514","0.019996657665890316","0","f2275fab90488b6e0703edb3fe7b6bef8718ce8c0b14a645dc9d2b61880d135c",""
"0","0","0","baseline","eda9ebbaefdf404a3b7fdaa0c3105584d34b2373","38e02ddef01844140e3dfdfdd87733a37d26f59aeef6fcccc67fb13ed19a7d57","vectorPerformance","positive32","Quantile","2","-2","404175","4000","500","Complete","0.368949499","2.16E-5","0.2413941","0.127533799","1.078125","0.007","2332703","4000","8030.260361578566","7443.725542312934","10980.95587684255","1.0012073242374708","0.03162578897149504","0","109d1589a3cfa1856056d074588bf62a00242342be20aaa02c7f9fa0c3d02464",""
"0","0","0","baseline","eda9ebbaefdf404a3b7fdaa0c3105584d34b2373","38e02ddef01844140e3dfdfdd87733a37d26f59aeef6fcccc67fb13ed19a7d57","vectorPerformance","positive32","Quantile","2","-1","412094","4000","500","Complete","0.3652061","2.21E-5","0.22762","0.137564","0.71875","0.008","2332056","4000","7849.260320702932","7497.08911341319","10218.844461352033","1.000850226319869","0.023734462941020107","0","2e7ae8f39b7d995378c03be6210919257cb3c5da65a71f7499cfe9fc1c43ddaa",""
"0","0","0","baseline","eda9ebbaefdf404a3b7fdaa0c3105584d34b2373","38e02ddef01844140e3dfdfdd87733a37d26f59aeef6fcccc67fb13ed19a7d57","vectorPerformance","positive32","Quantile","2","0","420013","4000","500","Complete","0.360603701","2.2201E-5","0.2229703","0.1376112","1.0625","0.008","2331456","4000","8061.462008922536","7644.287188277893","10396.228328686206","1.000767355772193","0.026399068267307313","0","b1c80d02d980f561db28b8e8c75872a90bfe94527189f07f4dfe1c9226d272e5",""
"0","0","0","baseline","eda9ebbaefdf404a3b7fdaa0c3105584d34b2373","38e02ddef01844140e3dfdfdd87733a37d26f59aeef6fcccc67fb13ed19a7d57","vectorPerformance","positive32","Quantile","2","1","427932","4000","500","Complete","0.3540704","2.18E-5","0.220023499","0.134025101","1.015625","0.007","2330866","4000","7748.716822064378","7364.471868294603","10702.763364386927","1.0006942215274883","0.030448865944532777","0","218737eae3e2da277e8b65fe3a76bd5f04046950597185a676bdc475001c1e46",""
"0","0","0","baseline","eda9ebbaefdf404a3b7fdaa0c3105584d34b2373","38e02ddef01844140e3dfdfdd87733a37d26f59aeef6fcccc67fb13ed19a7d57","vectorPerformance","positive32","Quantile","2","2","435851","4000","500","Complete","0.359000399","2.3499E-5","0.223429","0.1355479","0.765625","0.009","2331863","4000","7994.761109518766","7444.795092892279","10756.070846197807","1.0010742652566522","0.026722483101742966","0","fb50892c47662c7c9c7473b45775635e782a20ef09488c3bc7f407bd559adfe3",""
"0","0","0","baseline","eda9ebbaefdf404a3b7fdaa0c3105584d34b2373","38e02ddef01844140e3dfdfdd87733a37d26f59aeef6fcccc67fb13ed19a7d57","vectorPerformance","positive32","Quantile","2","3","443770","4000","500","Complete","0.3564797","3.1E-5","0.2280545","0.1283942","1.015625","0.006","2331071","4000","8046.326204198977","7094.826103737033","10587.156707045673","1.0006492486922247","0.022192055198105076","0","ea829d033823c80e3ad79c2bf9f4c957103c19055e7f39ac840ae3dd8ecf7787",""
"0","0","0","baseline","eda9ebbaefdf404a3b7fdaa0c3105584d34b2373","38e02ddef01844140e3dfdfdd87733a37d26f59aeef6fcccc67fb13ed19a7d57","vectorPerformance","positive32","Quantile","2","4","451689","4000","500","Complete","0.3558507","2.35E-5","0.2197997","0.1360275","0.6875","0.008","2329615","4000","8049.572429524939","7585.9302215949265","10803.178568962107","1.001435614653514","0.019996657665890316","0","f2275fab90488b6e0703edb3fe7b6bef8718ce8c0b14a645dc9d2b61880d135c",""
"0","0","0","baseline","eda9ebbaefdf404a3b7fdaa0c3105584d34b2373","38e02ddef01844140e3dfdfdd87733a37d26f59aeef6fcccc67fb13ed19a7d57","vectorPerformance","positive32","Quantile","4","-2","404175","4000","500","Complete","0.2593644","2.16E-5","0.1868003","0.0725425","1.0625","0.006","2332703","4000","8030.260361578566","7443.725542312934","10980.95587684255","1.0012073242374708","0.03162578897149504","0","109d1589a3cfa1856056d074588bf62a00242342be20aaa02c7f9fa0c3d02464",""
"0","0","0","baseline","eda9ebbaefdf404a3b7fdaa0c3105584d34b2373","38e02ddef01844140e3dfdfdd87733a37d26f59aeef6fcccc67fb13ed19a7d57","vectorPerformance","positive32","Quantile","4","-1","412094","4000","500","Complete","0.261020699","2.06E-5","0.1836512","0.077348899","1.03125","0.006","2332056","4000","7849.260320702932","7497.08911341319","10218.844461352033","1.000850226319869","0.023734462941020107","0","2e7ae8f39b7d995378c03be6210919257cb3c5da65a71f7499cfe9fc1c43ddaa",""
"0","0","0","baseline","eda9ebbaefdf404a3b7fdaa0c3105584d34b2373","38e02ddef01844140e3dfdfdd87733a37d26f59aeef6fcccc67fb13ed19a7d57","vectorPerformance","positive32","Quantile","4","0","420013","4000","500","Complete","0.2639447","2.17E-5","0.1922983","0.0716247","1.265625","0.007","2331456","4000","8061.462008922536","7644.287188277893","10396.228328686206","1.000767355772193","0.026399068267307313","0","b1c80d02d980f561db28b8e8c75872a90bfe94527189f07f4dfe1c9226d272e5",""
"0","0","0","baseline","eda9ebbaefdf404a3b7fdaa0c3105584d34b2373","38e02ddef01844140e3dfdfdd87733a37d26f59aeef6fcccc67fb13ed19a7d57","vectorPerformance","positive32","Quantile","4","1","427932","4000","500","Complete","0.262284601","3.3E-5","0.183694801","0.0785568","1.03125","0.009","2330866","4000","7748.716822064378","7364.471868294603","10702.763364386927","1.0006942215274883","0.030448865944532777","0","218737eae3e2da277e8b65fe3a76bd5f04046950597185a676bdc475001c1e46",""
"0","0","0","baseline","eda9ebbaefdf404a3b7fdaa0c3105584d34b2373","38e02ddef01844140e3dfdfdd87733a37d26f59aeef6fcccc67fb13ed19a7d57","vectorPerformance","positive32","Quantile","4","2","435851","4000","500","Complete","0.2556948","2.0E-5","0.184130199","0.071544601","0.953125","0.006","2331863","4000","7994.761109518766","7444.795092892279","10756.070846197807","1.0010742652566522","0.026722483101742966","0","fb50892c47662c7c9c7473b45775635e782a20ef09488c3bc7f407bd559adfe3",""
"0","0","0","baseline","eda9ebbaefdf404a3b7fdaa0c3105584d34b2373","38e02ddef01844140e3dfdfdd87733a37d26f59aeef6fcccc67fb13ed19a7d57","vectorPerformance","positive32","Quantile","4","3","443770","4000","500","Complete","0.2550464","2.14E-5","0.182941","0.072084","0.953125","0.007","2331071","4000","8046.326204198977","7094.826103737033","10587.156707045673","1.0006492486922247","0.022192055198105076","0","ea829d033823c80e3ad79c2bf9f4c957103c19055e7f39ac840ae3dd8ecf7787",""
"0","0","0","baseline","eda9ebbaefdf404a3b7fdaa0c3105584d34b2373","38e02ddef01844140e3dfdfdd87733a37d26f59aeef6fcccc67fb13ed19a7d57","vectorPerformance","positive32","Quantile","4","4","451689","4000","500","Complete","0.255769099","2.0399E-5","0.1857087","0.07004","1.28125","0.007","2329615","4000","8049.572429524939","7585.9302215949265","10803.178568962107","1.001435614653514","0.019996657665890316","0","f2275fab90488b6e0703edb3fe7b6bef8718ce8c0b14a645dc9d2b61880d135c",""
"1","0","1","current","c6410392edd5b83003dbde0a9e0f1626dbac5328","3c4eb5aa557927d8666f64a5ccf45de3609b074f89f8e4b1b3604a66d52a3654","vectorPerformance","correlated32","GPSS","1","-2","404175","4000","500","Complete","0.431590601","3.6301E-5","0.2354804","0.1960739","0.421875","0.005","265461","4000","645.117038188815","619.6601510130125","111.82974658890811","1.4709232708798055","0.0221888479832677","32","34ba7e81aae421fabb6d7abc8b37fed811e4c6a3b11b225e03c34135c20e5fab",""
"1","0","1","current","c6410392edd5b83003dbde0a9e0f1626dbac5328","3c4eb5aa557927d8666f64a5ccf45de3609b074f89f8e4b1b3604a66d52a3654","vectorPerformance","correlated32","GPSS","1","-1","412094","4000","500","Complete","0.410038401","3.13E-5","0.215193901","0.1948132","0.75","0.003","260316","4000","564.5119782236644","553.9746471274595","68.93212740164371","1.6458772028336794","0.06977010736276656","32","0dd72e443f3b53513a682dd3fda3078d30eb3ca1e5546f164ad2b8797a0cc49f",""
"1","0","1","current","c6410392edd5b83003dbde0a9e0f1626dbac5328","3c4eb5aa557927d8666f64a5ccf45de3609b074f89f8e4b1b3604a66d52a3654","vectorPerformance","correlated32","GPSS","1","0","420013","4000","500","Complete","0.419656701","3.1E-5","0.221213901","0.1984118","0.65625","0.005","271170","4000","550.788691510793","462.92862585511017","31.898583590051008","1.6153232296497368","0.02539427674995709","32","4e32fd58fd10390b4e797c6902eed30b34036ec3e48184af25c550e5ecd201e4",""
"1","0","1","current","c6410392edd5b83003dbde0a9e0f1626dbac5328","3c4eb5aa557927d8666f64a5ccf45de3609b074f89f8e4b1b3604a66d52a3654","vectorPerformance","correlated32","GPSS","1","1","427932","4000","500","Complete","0.401837599","3.01E-5","0.204371599","0.1974359","0.40625","0.003","243643","4000","728.9168563232058","707.6422054588379","37.327199337196575","1.394679319897266","0.014786962883091226","32","6556bc9a5258d4cf10554a8f1be0f66bc02b8dd465a89ab0179fc4a9bce27863",""
"1","0","1","current","c6410392edd5b83003dbde0a9e0f1626dbac5328","3c4eb5aa557927d8666f64a5ccf45de3609b074f89f8e4b1b3604a66d52a3654","vectorPerformance","correlated32","GPSS","1","2","435851","4000","500","Complete","0.405650599","2.4999E-5","0.210981701","0.194643899","0.40625","0.002","252525","4000","851.515000276373","802.0414367077282","72.65826721585422","1.3443798021720257","0.05441559245735261","32","241b3dbb9e14d1912d29f4167a0d49b5aac92799d098cc4aea7fd189aea591d5",""
"1","0","1","current","c6410392edd5b83003dbde0a9e0f1626dbac5328","3c4eb5aa557927d8666f64a5ccf45de3609b074f89f8e4b1b3604a66d52a3654","vectorPerformance","correlated32","GPSS","1","3","443770","4000","500","Complete","0.401985","3.24E-5","0.209216501","0.192736099","0.40625","0.003","252476","4000","579.6107666912351","519.1606176358861","80.32525737492834","1.1037679615355824","0.05661873010414342","32","e379cb80ecf5804cc22ddf166b2fd12dfc52cf394467b1b6e6cab088cb4ce1a7",""
"1","0","1","current","c6410392edd5b83003dbde0a9e0f1626dbac5328","3c4eb5aa557927d8666f64a5ccf45de3609b074f89f8e4b1b3604a66d52a3654","vectorPerformance","correlated32","GPSS","1","4","451689","4000","500","Complete","0.418774899","2.52E-5","0.224989","0.193760699","0.40625","0.004","276146","4000","745.841296773472","687.9271641953604","73.67496547194912","1.1447391912214941","0.06804485983194875","32","d07f89bf5cc41c4bd92db0f6611a71a2eba9eae89a88327e3e8eeccefa31029b",""
"1","0","1","current","c6410392edd5b83003dbde0a9e0f1626dbac5328","3c4eb5aa557927d8666f64a5ccf45de3609b074f89f8e4b1b3604a66d52a3654","vectorPerformance","correlated32","GPSS","2","-2","404175","4000","500","Complete","0.2674087","4.4099E-5","0.160388301","0.1069763","0.671875","0.005","265461","4000","645.117038188815","619.6601510130125","111.82974658890811","1.4709232708798055","0.0221888479832677","32","34ba7e81aae421fabb6d7abc8b37fed811e4c6a3b11b225e03c34135c20e5fab",""
"1","0","1","current","c6410392edd5b83003dbde0a9e0f1626dbac5328","3c4eb5aa557927d8666f64a5ccf45de3609b074f89f8e4b1b3604a66d52a3654","vectorPerformance","correlated32","GPSS","2","-1","412094","4000","500","Complete","0.2501299","3.04E-5","0.1423565","0.107743","0.484375","0.002","260316","4000","564.5119782236644","553.9746471274595","68.93212740164371","1.6458772028336794","0.06977010736276656","32","0dd72e443f3b53513a682dd3fda3078d30eb3ca1e5546f164ad2b8797a0cc49f",""
"1","0","1","current","c6410392edd5b83003dbde0a9e0f1626dbac5328","3c4eb5aa557927d8666f64a5ccf45de3609b074f89f8e4b1b3604a66d52a3654","vectorPerformance","correlated32","GPSS","2","0","420013","4000","500","Complete","0.2542368","3.46E-5","0.1457843","0.1084179","0.8125","0.004","271170","4000","550.788691510793","462.92862585511017","31.898583590051008","1.6153232296497368","0.02539427674995709","32","4e32fd58fd10390b4e797c6902eed30b34036ec3e48184af25c550e5ecd201e4",""
"1","0","1","current","c6410392edd5b83003dbde0a9e0f1626dbac5328","3c4eb5aa557927d8666f64a5ccf45de3609b074f89f8e4b1b3604a66d52a3654","vectorPerformance","correlated32","GPSS","2","1","427932","4000","500","Complete","0.2457588","4.52E-5","0.1356011","0.1101125","0.796875","0.004","243643","4000","728.9168563232058","707.6422054588379","37.327199337196575","1.394679319897266","0.014786962883091226","32","6556bc9a5258d4cf10554a8f1be0f66bc02b8dd465a89ab0179fc4a9bce27863",""
"1","0","1","current","c6410392edd5b83003dbde0a9e0f1626dbac5328","3c4eb5aa557927d8666f64a5ccf45de3609b074f89f8e4b1b3604a66d52a3654","vectorPerformance","correlated32","GPSS","2","2","435851","4000","500","Complete","0.2443288","2.5499E-5","0.142361001","0.1019423","0.484375","0.004","252525","4000","851.515000276373","802.0414367077282","72.65826721585422","1.3443798021720257","0.05441559245735261","32","241b3dbb9e14d1912d29f4167a0d49b5aac92799d098cc4aea7fd189aea591d5",""
"1","0","1","current","c6410392edd5b83003dbde0a9e0f1626dbac5328","3c4eb5aa557927d8666f64a5ccf45de3609b074f89f8e4b1b3604a66d52a3654","vectorPerformance","correlated32","GPSS","2","3","443770","4000","500","Complete","0.246481401","3.7301E-5","0.1392343","0.1072098","0.484375","0.004","252476","4000","579.6107666912351","519.1606176358861","80.32525737492834","1.1037679615355824","0.05661873010414342","32","e379cb80ecf5804cc22ddf166b2fd12dfc52cf394467b1b6e6cab088cb4ce1a7",""
"1","0","1","current","c6410392edd5b83003dbde0a9e0f1626dbac5328","3c4eb5aa557927d8666f64a5ccf45de3609b074f89f8e4b1b3604a66d52a3654","vectorPerformance","correlated32","GPSS","2","4","451689","4000","500","Complete","0.250517099","2.19E-5","0.1459403","0.104554899","0.828125","0.003","276146","4000","745.841296773472","687.9271641953604","73.67496547194912","1.1447391912214941","0.06804485983194875","32","d07f89bf5cc41c4bd92db0f6611a71a2eba9eae89a88327e3e8eeccefa31029b",""
"1","0","1","current","c6410392edd5b83003dbde0a9e0f1626dbac5328","3c4eb5aa557927d8666f64a5ccf45de3609b074f89f8e4b1b3604a66d52a3654","vectorPerformance","correlated32","GPSS","4","-2","404175","4000","500","Complete","0.227050999","4.1999E-5","0.157753401","0.069255599","0.875","0.004","265461","4000","645.117038188815","619.6601510130125","111.82974658890811","1.4709232708798055","0.0221888479832677","32","34ba7e81aae421fabb6d7abc8b37fed811e4c6a3b11b225e03c34135c20e5fab",""
"1","0","1","current","c6410392edd5b83003dbde0a9e0f1626dbac5328","3c4eb5aa557927d8666f64a5ccf45de3609b074f89f8e4b1b3604a66d52a3654","vectorPerformance","correlated32","GPSS","4","-1","412094","4000","500","Complete","0.198403999","3.2499E-5","0.132653901","0.065717599","0.78125","0.004","260316","4000","564.5119782236644","553.9746471274595","68.93212740164371","1.6458772028336794","0.06977010736276656","32","0dd72e443f3b53513a682dd3fda3078d30eb3ca1e5546f164ad2b8797a0cc49f",""
"1","0","1","current","c6410392edd5b83003dbde0a9e0f1626dbac5328","3c4eb5aa557927d8666f64a5ccf45de3609b074f89f8e4b1b3604a66d52a3654","vectorPerformance","correlated32","GPSS","4","0","420013","4000","500","Complete","0.2017876","3.17E-5","0.1367991","0.0649568","0.75","0.005","271170","4000","550.788691510793","462.92862585511017","31.898583590051008","1.6153232296497368","0.02539427674995709","32","4e32fd58fd10390b4e797c6902eed30b34036ec3e48184af25c550e5ecd201e4",""
"1","0","1","current","c6410392edd5b83003dbde0a9e0f1626dbac5328","3c4eb5aa557927d8666f64a5ccf45de3609b074f89f8e4b1b3604a66d52a3654","vectorPerformance","correlated32","GPSS","4","1","427932","4000","500","Complete","0.1873059","3.76E-5","0.1252998","0.0619685","0.75","0.004","243643","4000","728.9168563232058","707.6422054588379","37.327199337196575","1.394679319897266","0.014786962883091226","32","6556bc9a5258d4cf10554a8f1be0f66bc02b8dd465a89ab0179fc4a9bce27863",""
"1","0","1","current","c6410392edd5b83003dbde0a9e0f1626dbac5328","3c4eb5aa557927d8666f64a5ccf45de3609b074f89f8e4b1b3604a66d52a3654","vectorPerformance","correlated32","GPSS","4","2","435851","4000","500","Complete","0.195031701","5.3201E-5","0.1272235","0.067755","0.734375","0.005","252525","4000","851.515000276373","802.0414367077282","72.65826721585422","1.3443798021720257","0.05441559245735261","32","241b3dbb9e14d1912d29f4167a0d49b5aac92799d098cc4aea7fd189aea591d5",""
"1","0","1","current","c6410392edd5b83003dbde0a9e0f1626dbac5328","3c4eb5aa557927d8666f64a5ccf45de3609b074f89f8e4b1b3604a66d52a3654","vectorPerformance","correlated32","GPSS","4","3","443770","4000","500","Complete","0.1910086","4.54E-5","0.127151199","0.063812001","0.6875","0.005","252476","4000","579.6107666912351","519.1606176358861","80.32525737492834","1.1037679615355824","0.05661873010414342","32","e379cb80ecf5804cc22ddf166b2fd12dfc52cf394467b1b6e6cab088cb4ce1a7",""
"1","0","1","current","c6410392edd5b83003dbde0a9e0f1626dbac5328","3c4eb5aa557927d8666f64a5ccf45de3609b074f89f8e4b1b3604a66d52a3654","vectorPerformance","correlated32","GPSS","4","4","451689","4000","500","Complete","0.199855099","2.49E-5","0.1389586","0.060871599","1.0625","0.004","276146","4000","745.841296773472","687.9271641953604","73.67496547194912","1.1447391912214941","0.06804485983194875","32","d07f89bf5cc41c4bd92db0f6611a71a2eba9eae89a88327e3e8eeccefa31029b",""
"1","0","1","current","c6410392edd5b83003dbde0a9e0f1626dbac5328","3c4eb5aa557927d8666f64a5ccf45de3609b074f89f8e4b1b3604a66d52a3654","vectorPerformance","correlated32","Quantile","1","-2","404175","4000","500","Complete","1.5373062","2.1299E-5","1.336682001","0.2006029","1.859375","0.019","3282856","4000","23.797668269094697","23.991783455481954","49.25430937145106","1.1516283632440742","0.3728865535403717","32","a76e28f6e88c6be3891bdc833beb8d8d0a1740b95f0935a4806e8ab65d3c899c",""
"1","0","1","current","c6410392edd5b83003dbde0a9e0f1626dbac5328","3c4eb5aa557927d8666f64a5ccf45de3609b074f89f8e4b1b3604a66d52a3654","vectorPerformance","correlated32","Quantile","1","-1","412094","4000","500","Complete","1.5035841","2.07E-5","1.3073081","0.1962553","1.875","0.017","3230583","4000","31.726513907349148","31.532168002260388","97.16989966673968","1.0798839490509835","0.08306741567350584","32","f9ed8df14134bddcfbb2d40aa6e479cfbaad40e1882750767724d2bc52df3b34",""
"1","0","1","current","c6410392edd5b83003dbde0a9e0f1626dbac5328","3c4eb5aa557927d8666f64a5ccf45de3609b074f89f8e4b1b3604a66d52a3654","vectorPerformance","correlated32","Quantile","1","0","420013","4000","500","Complete","1.5164051","2.17E-5","1.3185084","0.197875","1.578125","0.022","3251733","4000","36.23737925347603","37.074760300245536","94.41153342442881","1.094481746270784","0.006936160462634622","32","70f5117f96cd02d2870b347963ec61f489004b4e752f979286b6bbb78357a72b",""
"1","0","1","current","c6410392edd5b83003dbde0a9e0f1626dbac5328","3c4eb5aa557927d8666f64a5ccf45de3609b074f89f8e4b1b3604a66d52a3654","vectorPerformance","correlated32","Quantile","1","1","427932","4000","500","Complete","1.5006982","2.1599E-5","1.306270801","0.1944058","1.875","0.019","3236479","4000","31.801672449893193","32.058114379350506","84.74388663935426","1.0852433257313874","0.03363458703623934","32","9361e774d845e114d77fdb68cfdc974ca4f240b9ee801485b53bd51fdc75e4ee",""
"1","0","1","current","c6410392edd5b83003dbde0a9e0f1626dbac5328","3c4eb5aa557927d8666f64a5ccf45de3609b074f89f8e4b1b3604a66d52a3654","vectorPerformance","correlated32","Quantile","1","2","435851","4000","500","Complete","1.5105168","2.2699E-5","1.306249901","0.2042442","1.890625","0.021","3213584","4000","18.827593772089372","19.418977153927276","144.36214774069362","1.1856715933721973","0.22462708158086309","32","be8072aea54a06faab2c2090774614aa1ad4df6564d26d325be8e1037fc3c851",""
"1","0","1","current","c6410392edd5b83003dbde0a9e0f1626dbac5328","3c4eb5aa557927d8666f64a5ccf45de3609b074f89f8e4b1b3604a66d52a3654","vectorPerformance","correlated32","Quantile","1","3","443770","4000","500","Complete","1.5703656","2.06E-5","1.355911699","0.214433301","2.28125","0.023","3292746","4000","8.551688513959126","8.66542172384507","23.37880092498311","1.3883316083476982","0.08359316129464744","32","3ae74ba297dfc21cabfcf0707b44b409c98d3bd3f9dfc2b6af98aa1fde2b375a",""
"1","0","1","current","c6410392edd5b83003dbde0a9e0f1626dbac5328","3c4eb5aa557927d8666f64a5ccf45de3609b074f89f8e4b1b3604a66d52a3654","vectorPerformance","correlated32","Quantile","1","4","451689","4000","500","Complete","1.5197448","2.24E-5","1.3171388","0.2025836","1.515625","0.021","3210555","4000","32.00943946980557","33.91863557210035","93.00550074538009","1.0837128123690845","0.1407722816405288","32","6de2fd21c7960b9d9708ca419e8aba6e1a90d027a2db52b77e66a4a749ca160e",""
"1","0","1","current","c6410392edd5b83003dbde0a9e0f1626dbac5328","3c4eb5aa557927d8666f64a5ccf45de3609b074f89f8e4b1b3604a66d52a3654","vectorPerformance","correlated32","Quantile","2","-2","404175","4000","500","Complete","1.010377","1.97E-5","0.9025315","0.1078258","2.015625","0.019","3282856","4000","23.797668269094697","23.991783455481954","49.25430937145106","1.1516283632440742","0.3728865535403717","32","a76e28f6e88c6be3891bdc833beb8d8d0a1740b95f0935a4806e8ab65d3c899c",""
"1","0","1","current","c6410392edd5b83003dbde0a9e0f1626dbac5328","3c4eb5aa557927d8666f64a5ccf45de3609b074f89f8e4b1b3604a66d52a3654","vectorPerformance","correlated32","Quantile","2","-1","412094","4000","500","Complete","0.984574","2.06E-5","0.8777285","0.1068249","2.265625","0.017","3230583","4000","31.726513907349148","31.532168002260388","97.16989966673968","1.0798839490509835","0.08306741567350584","32","f9ed8df14134bddcfbb2d40aa6e479cfbaad40e1882750767724d2bc52df3b34",""
"1","0","1","current","c6410392edd5b83003dbde0a9e0f1626dbac5328","3c4eb5aa557927d8666f64a5ccf45de3609b074f89f8e4b1b3604a66d52a3654","vectorPerformance","correlated32","Quantile","2","0","420013","4000","500","Complete","0.991755","2.05E-5","0.8834813","0.1082532","2.28125","0.019","3251733","4000","36.23737925347603","37.074760300245536","94.41153342442881","1.094481746270784","0.006936160462634622","32","70f5117f96cd02d2870b347963ec61f489004b4e752f979286b6bbb78357a72b",""
"1","0","1","current","c6410392edd5b83003dbde0a9e0f1626dbac5328","3c4eb5aa557927d8666f64a5ccf45de3609b074f89f8e4b1b3604a66d52a3654","vectorPerformance","correlated32","Quantile","2","1","427932","4000","500","Complete","0.985014201","2.1601E-5","0.8773345","0.1076581","1.953125","0.019","3236479","4000","31.801672449893193","32.058114379350506","84.74388663935426","1.0852433257313874","0.03363458703623934","32","9361e774d845e114d77fdb68cfdc974ca4f240b9ee801485b53bd51fdc75e4ee",""
"1","0","1","current","c6410392edd5b83003dbde0a9e0f1626dbac5328","3c4eb5aa557927d8666f64a5ccf45de3609b074f89f8e4b1b3604a66d52a3654","vectorPerformance","correlated32","Quantile","2","2","435851","4000","500","Complete","0.995271701","2.1301E-5","0.8808976","0.1143528","2.796875","0.019","3213584","4000","18.827593772089372","19.418977153927276","144.36214774069362","1.1856715933721973","0.22462708158086309","32","be8072aea54a06faab2c2090774614aa1ad4df6564d26d325be8e1037fc3c851",""
"1","0","1","current","c6410392edd5b83003dbde0a9e0f1626dbac5328","3c4eb5aa557927d8666f64a5ccf45de3609b074f89f8e4b1b3604a66d52a3654","vectorPerformance","correlated32","Quantile","2","3","443770","4000","500","Complete","1.0175053","2.22E-5","0.9014793","0.1160038","2.046875","0.018","3292746","4000","8.551688513959126","8.66542172384507","23.37880092498311","1.3883316083476982","0.08359316129464744","32","3ae74ba297dfc21cabfcf0707b44b409c98d3bd3f9dfc2b6af98aa1fde2b375a",""
"1","0","1","current","c6410392edd5b83003dbde0a9e0f1626dbac5328","3c4eb5aa557927d8666f64a5ccf45de3609b074f89f8e4b1b3604a66d52a3654","vectorPerformance","correlated32","Quantile","2","4","451689","4000","500","Complete","0.9942808","2.19E-5","0.8823499","0.111909","2.609375","0.019","3210555","4000","32.00943946980557","33.91863557210035","93.00550074538009","1.0837128123690845","0.1407722816405288","32","6de2fd21c7960b9d9708ca419e8aba6e1a90d027a2db52b77e66a4a749ca160e",""
"1","0","1","current","c6410392edd5b83003dbde0a9e0f1626dbac5328","3c4eb5aa557927d8666f64a5ccf45de3609b074f89f8e4b1b3604a66d52a3654","vectorPerformance","correlated32","Quantile","4","-2","404175","4000","500","Complete","0.8976802","2.07E-5","0.833051","0.0646085","3.578125","0.017","3282856","4000","23.797668269094697","23.991783455481954","49.25430937145106","1.1516283632440742","0.3728865535403717","32","a76e28f6e88c6be3891bdc833beb8d8d0a1740b95f0935a4806e8ab65d3c899c",""
"1","0","1","current","c6410392edd5b83003dbde0a9e0f1626dbac5328","3c4eb5aa557927d8666f64a5ccf45de3609b074f89f8e4b1b3604a66d52a3654","vectorPerformance","correlated32","Quantile","4","-1","412094","4000","500","Complete","0.897362701","3.6301E-5","0.825839","0.0714874","3.828125","0.02","3230583","4000","31.726513907349148","31.532168002260388","97.16989966673968","1.0798839490509835","0.08306741567350584","32","f9ed8df14134bddcfbb2d40aa6e479cfbaad40e1882750767724d2bc52df3b34",""
"1","0","1","current","c6410392edd5b83003dbde0a9e0f1626dbac5328","3c4eb5aa557927d8666f64a5ccf45de3609b074f89f8e4b1b3604a66d52a3654","vectorPerformance","correlated32","Quantile","4","0","420013","4000","500","Complete","0.893612201","2.1901E-5","0.8298248","0.0637655","3.828125","0.019","3251733","4000","36.23737925347603","37.074760300245536","94.41153342442881","1.094481746270784","0.006936160462634622","32","70f5117f96cd02d2870b347963ec61f489004b4e752f979286b6bbb78357a72b",""
"1","0","1","current","c6410392edd5b83003dbde0a9e0f1626dbac5328","3c4eb5aa557927d8666f64a5ccf45de3609b074f89f8e4b1b3604a66d52a3654","vectorPerformance","correlated32","Quantile","4","1","427932","4000","500","Complete","0.875699","2.0999E-5","0.810031801","0.0656462","3.78125","0.019","3236479","4000","31.801672449893193","32.058114379350506","84.74388663935426","1.0852433257313874","0.03363458703623934","32","9361e774d845e114d77fdb68cfdc974ca4f240b9ee801485b53bd51fdc75e4ee",""
"1","0","1","current","c6410392edd5b83003dbde0a9e0f1626dbac5328","3c4eb5aa557927d8666f64a5ccf45de3609b074f89f8e4b1b3604a66d52a3654","vectorPerformance","correlated32","Quantile","4","2","435851","4000","500","Complete","0.8830239","2.2999E-5","0.814262001","0.0687389","3.734375","0.018","3213584","4000","18.827593772089372","19.418977153927276","144.36214774069362","1.1856715933721973","0.22462708158086309","32","be8072aea54a06faab2c2090774614aa1ad4df6564d26d325be8e1037fc3c851",""
"1","0","1","current","c6410392edd5b83003dbde0a9e0f1626dbac5328","3c4eb5aa557927d8666f64a5ccf45de3609b074f89f8e4b1b3604a66d52a3654","vectorPerformance","correlated32","Quantile","4","3","443770","4000","500","Complete","0.9172983","2.2899E-5","0.8482146","0.069060801","4.3125","0.019","3292746","4000","8.551688513959126","8.66542172384507","23.37880092498311","1.3883316083476982","0.08359316129464744","32","3ae74ba297dfc21cabfcf0707b44b409c98d3bd3f9dfc2b6af98aa1fde2b375a",""
"1","0","1","current","c6410392edd5b83003dbde0a9e0f1626dbac5328","3c4eb5aa557927d8666f64a5ccf45de3609b074f89f8e4b1b3604a66d52a3654","vectorPerformance","correlated32","Quantile","4","4","451689","4000","500","Complete","0.889564999","1.99E-5","0.8207388","0.068806299","3.765625","0.02","3210555","4000","32.00943946980557","33.91863557210035","93.00550074538009","1.0837128123690845","0.1407722816405288","32","6de2fd21c7960b9d9708ca419e8aba6e1a90d027a2db52b77e66a4a749ca160e",""
"1","0","1","current","c6410392edd5b83003dbde0a9e0f1626dbac5328","3c4eb5aa557927d8666f64a5ccf45de3609b074f89f8e4b1b3604a66d52a3654","vectorPerformance","gaussian32","GPSS","1","-2","404175","4000","500","Complete","0.2982521","4.1901E-5","0.103065699","0.1951445","0.59375","0.004","139155","4000","14560.87743232489","14566.888663880416","9030.296419517286","1.0011086994050007","0.013020088729037094","0","f3ae7e88a3469d95a481057ff78725be41612c1e7bdf2f3d1a7c73f5a42981cf",""
"1","0","1","current","c6410392edd5b83003dbde0a9e0f1626dbac5328","3c4eb5aa557927d8666f64a5ccf45de3609b074f89f8e4b1b3604a66d52a3654","vectorPerformance","gaussian32","GPSS","1","-1","412094","4000","500","Complete","0.2961386","4.37E-5","0.1021191","0.1939758","0.296875","0.004","138730","4000","14723.327722756223","14738.615855733822","8857.898575485036","1.0012097458367082","0.014860253936955947","0","6d85793e19e5639b0a7430ab942ac98e6519fa4be0fbcee8a8930a2af289299d",""
"1","0","1","current","c6410392edd5b83003dbde0a9e0f1626dbac5328","3c4eb5aa557927d8666f64a5ccf45de3609b074f89f8e4b1b3604a66d52a3654","vectorPerformance","gaussian32","GPSS","1","0","420013","4000","500","Complete","0.2969142","4.57E-5","0.102436599","0.194431901","0.3125","0.005","138723","4000","14789.309502344258","14770.299991933614","8878.031772176253","1.0012114173589253","0.02042856356087519","0","fb030bc811389f4cc0c40b053f280c25c0c5e58babb6d5eb761947efb8511783",""
"1","0","1","current","c6410392edd5b83003dbde0a9e0f1626dbac5328","3c4eb5aa557927d8666f64a5ccf45de3609b074f89f8e4b1b3604a66d52a3654","vectorPerformance","gaussian32","GPSS","1","1","427932","4000","500","Complete","0.2990431","4.12E-5","0.1050136","0.1939883","0.3125","0.004","138788","4000","15028.158264845573","15037.33690560915","9075.6220980371","1.0011653829278853","0.016607695975976222","0","3d0bccbf5e695e5e8a5d89fa29a1a353b231a8693474ffa5e1944f58eee51881",""
"1","0","1","current","c6410392edd5b83003dbde0a9e0f1626dbac5328","3c4eb5aa557927d8666f64a5ccf45de3609b074f89f8e4b1b3604a66d52a3654","vectorPerformance","gaussian32","GPSS","1","2","435851","4000","500","Complete","0.310084","3.3E-5","0.1092884","0.2007626","0.3125","0.003","138703","4000","14933.892470949851","14950.607747787408","8635.192267898514","1.001735370997425","0.021490044822388643","0","603bdfe20f551e62d9c5fbc68e896eb978d3c40134ec7e7cbc17b062760b5957",""
"1","0","1","current","c6410392edd5b83003dbde0a9e0f1626dbac5328","3c4eb5aa557927d8666f64a5ccf45de3609b074f89f8e4b1b3604a66d52a3654","vectorPerformance","gaussian32","GPSS","1","3","443770","4000","500","Complete","0.2929013","3.68E-5","0.1032185","0.189646","0.296875","0.002","138777","4000","15223.671841621832","15221.605805391002","9210.378340418303","1.0015395267295784","0.016172276604625724","0","2ead94f9fc645301334f7309cfcc4f5b6e54cfdca48deed2f7e56fe38456b29a",""
"1","0","1","current","c6410392edd5b83003dbde0a9e0f1626dbac5328","3c4eb5aa557927d8666f64a5ccf45de3609b074f89f8e4b1b3604a66d52a3654","vectorPerformance","gaussian32","GPSS","1","4","451689","4000","500","Complete","0.29336","3.8499E-5","0.103617801","0.1897037","0.28125","0.003","138750","4000","14345.553258947568","14342.778169951296","8945.28266108745","1.0011866456042022","0.01864774016529802","0","d4278b864a0c0454d1730a6de2433aebfa0ebf5de90d82ef8563be3b95ce2d1a",""
"1","0","1","current","c6410392edd5b83003dbde0a9e0f1626dbac5328","3c4eb5aa557927d8666f64a5ccf45de3609b074f89f8e4b1b3604a66d52a3654","vectorPerformance","gaussian32","GPSS","2","-2","404175","4000","500","Complete","0.1747816","2.753E-4","0.0710299","0.1034764","0.71875","0.002","139155","4000","14560.87743232489","14566.888663880416","9030.296419517286","1.0011086994050007","0.013020088729037094","0","f3ae7e88a3469d95a481057ff78725be41612c1e7bdf2f3d1a7c73f5a42981cf",""
"1","0","1","current","c6410392edd5b83003dbde0a9e0f1626dbac5328","3c4eb5aa557927d8666f64a5ccf45de3609b074f89f8e4b1b3604a66d52a3654","vectorPerformance","gaussian32","GPSS","2","-1","412094","4000","500","Complete","0.1665681","3.9001E-5","0.0663222","0.100206899","0.34375","0.002","138730","4000","14723.327722756223","14738.615855733822","8857.898575485036","1.0012097458367082","0.014860253936955947","0","6d85793e19e5639b0a7430ab942ac98e6519fa4be0fbcee8a8930a2af289299d",""
"1","0","1","current","c6410392edd5b83003dbde0a9e0f1626dbac5328","3c4eb5aa557927d8666f64a5ccf45de3609b074f89f8e4b1b3604a66d52a3654","vectorPerformance","gaussian32","GPSS","2","0","420013","4000","500","Complete","0.170841901","3.8401E-5","0.0669986","0.1038049","0.34375","0.005","138723","4000","14789.309502344258","14770.299991933614","8878.031772176253","1.0012114173589253","0.02042856356087519","0","fb030bc811389f4cc0c40b053f280c25c0c5e58babb6d5eb761947efb8511783",""
"1","0","1","current","c6410392edd5b83003dbde0a9e0f1626dbac5328","3c4eb5aa557927d8666f64a5ccf45de3609b074f89f8e4b1b3604a66d52a3654","vectorPerformance","gaussian32","GPSS","2","1","427932","4000","500","Complete","0.1715836","4.08E-5","0.067002199","0.104540601","0.34375","0.003","138788","4000","15028.158264845573","15037.33690560915","9075.6220980371","1.0011653829278853","0.016607695975976222","0","3d0bccbf5e695e5e8a5d89fa29a1a353b231a8693474ffa5e1944f58eee51881",""
"1","0","1","current","c6410392edd5b83003dbde0a9e0f1626dbac5328","3c4eb5aa557927d8666f64a5ccf45de3609b074f89f8e4b1b3604a66d52a3654","vectorPerformance","gaussian32","GPSS","2","2","435851","4000","500","Complete","0.169769301","3.7201E-5","0.068396399","0.101335701","0.359375","0.002","138703","4000","14933.892470949851","14950.607747787408","8635.192267898514","1.001735370997425","0.021490044822388643","0","603bdfe20f551e62d9c5fbc68e896eb978d3c40134ec7e7cbc17b062760b5957",""
"1","0","1","current","c6410392edd5b83003dbde0a9e0f1626dbac5328","3c4eb5aa557927d8666f64a5ccf45de3609b074f89f8e4b1b3604a66d52a3654","vectorPerformance","gaussian32","GPSS","2","3","443770","4000","500","Complete","0.167772101","3.8101E-5","0.069586399","0.098147601","0.34375","0.003","138777","4000","15223.671841621832","15221.605805391002","9210.378340418303","1.0015395267295784","0.016172276604625724","0","2ead94f9fc645301334f7309cfcc4f5b6e54cfdca48deed2f7e56fe38456b29a",""
"1","0","1","current","c6410392edd5b83003dbde0a9e0f1626dbac5328","3c4eb5aa557927d8666f64a5ccf45de3609b074f89f8e4b1b3604a66d52a3654","vectorPerformance","gaussian32","GPSS","2","4","451689","4000","500","Complete","0.172021599","4.8E-5","0.0646545","0.107319099","0.34375","0.004","138750","4000","14345.553258947568","14342.778169951296","8945.28266108745","1.0011866456042022","0.01864774016529802","0","d4278b864a0c0454d1730a6de2433aebfa0ebf5de90d82ef8563be3b95ce2d1a",""
"1","0","1","current","c6410392edd5b83003dbde0a9e0f1626dbac5328","3c4eb5aa557927d8666f64a5ccf45de3609b074f89f8e4b1b3604a66d52a3654","vectorPerformance","gaussian32","GPSS","4","-2","404175","4000","500","Complete","0.123692","3.9E-5","0.064156699","0.059496301","0.75","0.004","139155","4000","14560.87743232489","14566.888663880416","9030.296419517286","1.0011086994050007","0.013020088729037094","0","f3ae7e88a3469d95a481057ff78725be41612c1e7bdf2f3d1a7c73f5a42981cf",""
"1","0","1","current","c6410392edd5b83003dbde0a9e0f1626dbac5328","3c4eb5aa557927d8666f64a5ccf45de3609b074f89f8e4b1b3604a66d52a3654","vectorPerformance","gaussian32","GPSS","4","-1","412094","4000","500","Complete","0.121260001","1.40601E-4","0.0631201","0.0579993","0.453125","0.003","138730","4000","14723.327722756223","14738.615855733822","8857.898575485036","1.0012097458367082","0.014860253936955947","0","6d85793e19e5639b0a7430ab942ac98e6519fa4be0fbcee8a8930a2af289299d",""
"1","0","1","current","c6410392edd5b83003dbde0a9e0f1626dbac5328","3c4eb5aa557927d8666f64a5ccf45de3609b074f89f8e4b1b3604a66d52a3654","vectorPerformance","gaussian32","GPSS","4","0","420013","4000","500","Complete","0.1187335","3.51E-5","0.06286","0.0558384","0.4375","0.003","138723","4000","14789.309502344258","14770.299991933614","8878.031772176253","1.0012114173589253","0.02042856356087519","0","fb030bc811389f4cc0c40b053f280c25c0c5e58babb6d5eb761947efb8511783",""
"1","0","1","current","c6410392edd5b83003dbde0a9e0f1626dbac5328","3c4eb5aa557927d8666f64a5ccf45de3609b074f89f8e4b1b3604a66d52a3654","vectorPerformance","gaussian32","GPSS","4","1","427932","4000","500","Complete","0.119437401","3.6001E-5","0.0613439","0.0580575","0.515625","0.002","138788","4000","15028.158264845573","15037.33690560915","9075.6220980371","1.0011653829278853","0.016607695975976222","0","3d0bccbf5e695e5e8a5d89fa29a1a353b231a8693474ffa5e1944f58eee51881",""
"1","0","1","current","c6410392edd5b83003dbde0a9e0f1626dbac5328","3c4eb5aa557927d8666f64a5ccf45de3609b074f89f8e4b1b3604a66d52a3654","vectorPerformance","gaussian32","GPSS","4","2","435851","4000","500","Complete","0.124535701","4.67E-5","0.063198001","0.061291","0.5","0.005","138703","4000","14933.892470949851","14950.607747787408","8635.192267898514","1.001735370997425","0.021490044822388643","0","603bdfe20f551e62d9c5fbc68e896eb978d3c40134ec7e7cbc17b062760b5957",""
"1","0","1","current","c6410392edd5b83003dbde0a9e0f1626dbac5328","3c4eb5aa557927d8666f64a5ccf45de3609b074f89f8e4b1b3604a66d52a3654","vectorPerformance","gaussian32","GPSS","4","3","443770","4000","500","Complete","0.122763101","4.3301E-5","0.0596656","0.0630542","0.46875","0.004","138777","4000","15223.671841621832","15221.605805391002","9210.378340418303","1.0015395267295784","0.016172276604625724","0","2ead94f9fc645301334f7309cfcc4f5b6e54cfdca48deed2f7e56fe38456b29a",""
"1","0","1","current","c6410392edd5b83003dbde0a9e0f1626dbac5328","3c4eb5aa557927d8666f64a5ccf45de3609b074f89f8e4b1b3604a66d52a3654","vectorPerformance","gaussian32","GPSS","4","4","451689","4000","500","Complete","0.1200438","4.19E-5","0.060495899","0.059506001","0.734375","0.002","138750","4000","14345.553258947568","14342.778169951296","8945.28266108745","1.0011866456042022","0.01864774016529802","0","d4278b864a0c0454d1730a6de2433aebfa0ebf5de90d82ef8563be3b95ce2d1a",""
"1","0","1","current","c6410392edd5b83003dbde0a9e0f1626dbac5328","3c4eb5aa557927d8666f64a5ccf45de3609b074f89f8e4b1b3604a66d52a3654","vectorPerformance","gaussian32","Quantile","1","-2","404175","4000","500","Complete","0.6662448","2.87E-5","0.4748659","0.1913502","1.015625","0.01","1753214","4000","15219.008327321226","15213.744919585897","12194.607218487616","1.0007110848254097","0.01623649007724448","0","cecc6b4fda00565adaade6079bd9a81eec1cb5425a7364f3a4652f8f1fe688e7",""
"1","0","1","current","c6410392edd5b83003dbde0a9e0f1626dbac5328","3c4eb5aa557927d8666f64a5ccf45de3609b074f89f8e4b1b3604a66d52a3654","vectorPerformance","gaussian32","Quantile","1","-1","412094","4000","500","Complete","0.6651952","3.07E-5","0.4745164","0.1906481","0.703125","0.009","1754500","4000","14374.340793710559","14390.679914776822","12593.727427588436","1.0005481375625007","0.020322296447435884","0","710b12b4b32c1d00e33cda313ee3aca4afb06968f65bf5b1d672fd6109f4f43f",""
"1","0","1","current","c6410392edd5b83003dbde0a9e0f1626dbac5328","3c4eb5aa557927d8666f64a5ccf45de3609b074f89f8e4b1b3604a66d52a3654","vectorPerformance","gaussian32","Quantile","1","0","420013","4000","500","Complete","0.686041899","3.1E-5","0.4938079","0.192202999","0.6875","0.01","1751135","4000","14804.415700401843","14796.384417892554","11674.348877600554","1.0004842070731996","0.017149474216242355","0","7163a65543816d08a23c844d2762c1967e2f734b4748129ec7bdf89e140df8b4",""
"1","0","1","current","c6410392edd5b83003dbde0a9e0f1626dbac5328","3c4eb5aa557927d8666f64a5ccf45de3609b074f89f8e4b1b3604a66d52a3654","vectorPerformance","gaussian32","Quantile","1","1","427932","4000","500","Complete","0.662310601","2.8001E-5","0.472270899","0.190011701","0.8125","0.009","1751119","4000","15119.429112419593","15129.482098788952","12424.352542458728","1.000588248721186","0.024238503591598903","0","e468486f9c3bce272356b47328af805b6315b0ce0dcec0ba389ad1cc6e773090",""
"1","0","1","current","c6410392edd5b83003dbde0a9e0f1626dbac5328","3c4eb5aa557927d8666f64a5ccf45de3609b074f89f8e4b1b3604a66d52a3654","vectorPerformance","gaussian32","Quantile","1","2","435851","4000","500","Complete","0.6710128","3.2E-5","0.4694087","0.2015721","0.671875","0.015","1754043","4000","14654.09636813213","14648.796726473445","11630.775114295944","1.0006045524861327","0.019982935899345466","0","f17849dd0d6937ddb28ce5136301623e9a5b8e9dd4ad54fb96a198cfdc5f0c6a",""
"1","0","1","current","c6410392edd5b83003dbde0a9e0f1626dbac5328","3c4eb5aa557927d8666f64a5ccf45de3609b074f89f8e4b1b3604a66d52a3654","vectorPerformance","gaussian32","Quantile","1","3","443770","4000","500","Complete","0.6652232","3.2799E-5","0.474459901","0.1907305","0.671875","0.009","1754067","4000","14670.955292689816","14672.094230083088","12113.52110906072","1.0003997605716526","0.012117200485737945","0","8d191d73493e7fb3ede8cea18ccac7e017f7700706ef9c9f8b699e07b2804d14",""
"1","0","1","current","c6410392edd5b83003dbde0a9e0f1626dbac5328","3c4eb5aa557927d8666f64a5ccf45de3609b074f89f8e4b1b3604a66d52a3654","vectorPerformance","gaussian32","Quantile","1","4","451689","4000","500","Complete","0.7120582","2.82E-5","0.5110162","0.2010138","1.0625","0.01","1751661","4000","14424.859583462046","14417.997752939862","12128.296452895833","1.0007982696988702","0.02835365482901797","0","b8ea3b62393883b214271958061a644368686dc583e5f2e33e5eafdc7a65f17e",""
"1","0","1","current","c6410392edd5b83003dbde0a9e0f1626dbac5328","3c4eb5aa557927d8666f64a5ccf45de3609b074f89f8e4b1b3604a66d52a3654","vectorPerformance","gaussian32","Quantile","2","-2","404175","4000","500","Complete","0.4411034","3.88E-5","0.3360284","0.1050362","1.203125","0.013","1753214","4000","15219.008327321226","15213.744919585897","12194.607218487616","1.0007110848254097","0.01623649007724448","0","cecc6b4fda00565adaade6079bd9a81eec1cb5425a7364f3a4652f8f1fe688e7",""
"1","0","1","current","c6410392edd5b83003dbde0a9e0f1626dbac5328","3c4eb5aa557927d8666f64a5ccf45de3609b074f89f8e4b1b3604a66d52a3654","vectorPerformance","gaussian32","Quantile","2","-1","412094","4000","500","Complete","0.424665199","3.03E-5","0.3224663","0.102168599","0.90625","0.01","1754500","4000","14374.340793710559","14390.679914776822","12593.727427588436","1.0005481375625007","0.020322296447435884","0","710b12b4b32c1d00e33cda313ee3aca4afb06968f65bf5b1d672fd6109f4f43f",""
"1","0","1","current","c6410392edd5b83003dbde0a9e0f1626dbac5328","3c4eb5aa557927d8666f64a5ccf45de3609b074f89f8e4b1b3604a66d52a3654","vectorPerformance","gaussian32","Quantile","2","0","420013","4000","500","Complete","0.4246679","3.2E-5","0.323164","0.1014719","1.171875","0.011","1751135","4000","14804.415700401843","14796.384417892554","11674.348877600554","1.0004842070731996","0.017149474216242355","0","7163a65543816d08a23c844d2762c1967e2f734b4748129ec7bdf89e140df8b4",""
"1","0","1","current","c6410392edd5b83003dbde0a9e0f1626dbac5328","3c4eb5aa557927d8666f64a5ccf45de3609b074f89f8e4b1b3604a66d52a3654","vectorPerformance","gaussian32","Quantile","2","1","427932","4000","500","Complete","0.4387897","3.65E-5","0.332019299","0.106733901","0.859375","0.012","1751119","4000","15119.429112419593","15129.482098788952","12424.352542458728","1.000588248721186","0.024238503591598903","0","e468486f9c3bce272356b47328af805b6315b0ce0dcec0ba389ad1cc6e773090",""
"1","0","1","current","c6410392edd5b83003dbde0a9e0f1626dbac5328","3c4eb5aa557927d8666f64a5ccf45de3609b074f89f8e4b1b3604a66d52a3654","vectorPerformance","gaussian32","Quantile","2","2","435851","4000","500","Complete","0.464380501","2.82E-5","0.361887201","0.1024651","1.21875","0.009","1754043","4000","14654.09636813213","14648.796726473445","11630.775114295944","1.0006045524861327","0.019982935899345466","0","f17849dd0d6937ddb28ce5136301623e9a5b8e9dd4ad54fb96a198cfdc5f0c6a",""
"1","0","1","current","c6410392edd5b83003dbde0a9e0f1626dbac5328","3c4eb5aa557927d8666f64a5ccf45de3609b074f89f8e4b1b3604a66d52a3654","vectorPerformance","gaussian32","Quantile","2","3","443770","4000","500","Complete","0.4404116","2.91E-5","0.3363681","0.1040144","1.203125","0.012","1754067","4000","14670.955292689816","14672.094230083088","12113.52110906072","1.0003997605716526","0.012117200485737945","0","8d191d73493e7fb3ede8cea18ccac7e017f7700706ef9c9f8b699e07b2804d14",""
"1","0","1","current","c6410392edd5b83003dbde0a9e0f1626dbac5328","3c4eb5aa557927d8666f64a5ccf45de3609b074f89f8e4b1b3604a66d52a3654","vectorPerformance","gaussian32","Quantile","2","4","451689","4000","500","Complete","0.439905701","4.52E-5","0.339711201","0.1001493","1.515625","0.011","1751661","4000","14424.859583462046","14417.997752939862","12128.296452895833","1.0007982696988702","0.02835365482901797","0","b8ea3b62393883b214271958061a644368686dc583e5f2e33e5eafdc7a65f17e",""
"1","0","1","current","c6410392edd5b83003dbde0a9e0f1626dbac5328","3c4eb5aa557927d8666f64a5ccf45de3609b074f89f8e4b1b3604a66d52a3654","vectorPerformance","gaussian32","Quantile","4","-2","404175","4000","500","Complete","0.382197999","6.18E-5","0.3246756","0.057460599","1.84375","0.012","1753214","4000","15219.008327321226","15213.744919585897","12194.607218487616","1.0007110848254097","0.01623649007724448","0","cecc6b4fda00565adaade6079bd9a81eec1cb5425a7364f3a4652f8f1fe688e7",""
"1","0","1","current","c6410392edd5b83003dbde0a9e0f1626dbac5328","3c4eb5aa557927d8666f64a5ccf45de3609b074f89f8e4b1b3604a66d52a3654","vectorPerformance","gaussian32","Quantile","4","-1","412094","4000","500","Complete","0.3842433","2.92E-5","0.3201161","0.064098","1.84375","0.014","1754500","4000","14374.340793710559","14390.679914776822","12593.727427588436","1.0005481375625007","0.020322296447435884","0","710b12b4b32c1d00e33cda313ee3aca4afb06968f65bf5b1d672fd6109f4f43f",""
"1","0","1","current","c6410392edd5b83003dbde0a9e0f1626dbac5328","3c4eb5aa557927d8666f64a5ccf45de3609b074f89f8e4b1b3604a66d52a3654","vectorPerformance","gaussian32","Quantile","4","0","420013","4000","500","Complete","0.383644401","2.8901E-5","0.320298","0.0633175","1.78125","0.013","1751135","4000","14804.415700401843","14796.384417892554","11674.348877600554","1.0004842070731996","0.017149474216242355","0","7163a65543816d08a23c844d2762c1967e2f734b4748129ec7bdf89e140df8b4",""
"1","0","1","current","c6410392edd5b83003dbde0a9e0f1626dbac5328","3c4eb5aa557927d8666f64a5ccf45de3609b074f89f8e4b1b3604a66d52a3654","vectorPerformance","gaussian32","Quantile","4","1","427932","4000","500","Complete","0.3740321","4.61E-5","0.3176319","0.0563541","1.515625","0.011","1751119","4000","15119.429112419593","15129.482098788952","12424.352542458728","1.000588248721186","0.024238503591598903","0","e468486f9c3bce272356b47328af805b6315b0ce0dcec0ba389ad1cc6e773090",""
"1","0","1","current","c6410392edd5b83003dbde0a9e0f1626dbac5328","3c4eb5aa557927d8666f64a5ccf45de3609b074f89f8e4b1b3604a66d52a3654","vectorPerformance","gaussian32","Quantile","4","2","435851","4000","500","Complete","0.3751015","2.93E-5","0.317427899","0.057644301","1.5","0.009","1754043","4000","14654.09636813213","14648.796726473445","11630.775114295944","1.0006045524861327","0.019982935899345466","0","f17849dd0d6937ddb28ce5136301623e9a5b8e9dd4ad54fb96a198cfdc5f0c6a",""
"1","0","1","current","c6410392edd5b83003dbde0a9e0f1626dbac5328","3c4eb5aa557927d8666f64a5ccf45de3609b074f89f8e4b1b3604a66d52a3654","vectorPerformance","gaussian32","Quantile","4","3","443770","4000","500","Complete","0.3790336","2.87E-5","0.320949","0.0580559","1.5","0.012","1754067","4000","14670.955292689816","14672.094230083088","12113.52110906072","1.0003997605716526","0.012117200485737945","0","8d191d73493e7fb3ede8cea18ccac7e017f7700706ef9c9f8b699e07b2804d14",""
"1","0","1","current","c6410392edd5b83003dbde0a9e0f1626dbac5328","3c4eb5aa557927d8666f64a5ccf45de3609b074f89f8e4b1b3604a66d52a3654","vectorPerformance","gaussian32","Quantile","4","4","451689","4000","500","Complete","0.388539801","2.91E-5","0.3262167","0.062294001","1.8125","0.013","1751661","4000","14424.859583462046","14417.997752939862","12128.296452895833","1.0007982696988702","0.02835365482901797","0","b8ea3b62393883b214271958061a644368686dc583e5f2e33e5eafdc7a65f17e",""
"1","0","1","current","c6410392edd5b83003dbde0a9e0f1626dbac5328","3c4eb5aa557927d8666f64a5ccf45de3609b074f89f8e4b1b3604a66d52a3654","vectorPerformance","gaussian8","GPSS","1","-2","404175","4000","500","Complete","0.115202201","5.4801E-5","0.0560724","0.059075","0.203125","0.003","138018","4000","15549.340111147894","15536.369070524215","11710.881022750353","1.000693382204123","0.020280809809882006","0","e7f255a3304bc6df3dfbc4384cc42f0a14e097b21ea85d7dfdd0891304dccc86",""
"1","0","1","current","c6410392edd5b83003dbde0a9e0f1626dbac5328","3c4eb5aa557927d8666f64a5ccf45de3609b074f89f8e4b1b3604a66d52a3654","vectorPerformance","gaussian8","GPSS","1","-1","412094","4000","500","Complete","0.111000799","9.27E-5","0.0544036","0.056504499","0.1875","0.002","138132","4000","15263.81484653245","15291.911844531342","11216.22139798599","1.0004803178957116","0.014392603577789376","0","e114ddce1fe3e8b5caed48fc0365aca0d32bd35e94363aa001d7324d00935224",""
"1","0","1","current","c6410392edd5b83003dbde0a9e0f1626dbac5328","3c4eb5aa557927d8666f64a5ccf45de3609b074f89f8e4b1b3604a66d52a3654","vectorPerformance","gaussian8","GPSS","1","0","420013","4000","500","Complete","0.0827162","8.4099E-5","0.0275363","0.055095801","0.09375","0.002","138323","4000","15080.473776226881","15096.77911576306","11062.432005908491","1.0006149641210862","0.012458863431772271","0","2a91e22981ec396c3eca9414af3d6ac63570dc29437cdd4bdc3eb6a8db475fa2",""
"1","0","1","current","c6410392edd5b83003dbde0a9e0f1626dbac5328","3c4eb5aa557927d8666f64a5ccf45de3609b074f89f8e4b1b3604a66d52a3654","vectorPerformance","gaussian8","GPSS","1","1","427932","4000","500","Complete","0.080987","3.6399E-5","0.0254716","0.055479001","0.078125","0.0","138154","4000","15134.6012276361","15136.078376941558","11308.922646882544","1.0009404579967858","0.013454526579750548","0","045e36a427e6332b3973cb5a7bed2c41034d4baa3241673dfea554f81e693a14",""
"1","0","1","current","c6410392edd5b83003dbde0a9e0f1626dbac5328","3c4eb5aa557927d8666f64a5ccf45de3609b074f89f8e4b1b3604a66d52a3654","vectorPerformance","gaussian8","GPSS","1","2","435851","4000","500","Complete","0.0802049","3.7401E-5","0.0282497","0.051917799","0.078125","0.002","137988","4000","14363.080320209516","14344.664435137216","11161.859788330772","1.0004963309089212","0.01645570173683253","0","282eaef783cfb8138f0fbaa41141a7646474130935f10820d7fcdc9d6a1e24c0",""
"1","0","1","current","c6410392edd5b83003dbde0a9e0f1626dbac5328","3c4eb5aa557927d8666f64a5ccf45de3609b074f89f8e4b1b3604a66d52a3654","vectorPerformance","gaussian8","GPSS","1","3","443770","4000","500","Complete","0.083621799","3.4E-5","0.0262485","0.057339299","0.109375","0.003","138055","4000","15045.50132933249","15019.431343943274","10767.592734371476","1.0010260647907836","0.018113200227977133","0","6f88cd3290902ed4688e28521e20205fca8afb18c6e4fe2e6e0de9c4e7e0a62c",""
"1","0","1","current","c6410392edd5b83003dbde0a9e0f1626dbac5328","3c4eb5aa557927d8666f64a5ccf45de3609b074f89f8e4b1b3604a66d52a3654","vectorPerformance","gaussian8","GPSS","1","4","451689","4000","500","Complete","0.087764999","3.33E-5","0.0285023","0.059229399","0.15625","0.002","138188","4000","15603.053005275411","15621.61943123139","10677.483456214122","1.0007920020096437","0.014172913039023793","0","3703a943973521b658002c1d1edb8b4dcddac3550850573cac7499aba83dbaac",""
"1","0","1","current","c6410392edd5b83003dbde0a9e0f1626dbac5328","3c4eb5aa557927d8666f64a5ccf45de3609b074f89f8e4b1b3604a66d52a3654","vectorPerformance","gaussian8","GPSS","2","-2","404175","4000","500","Complete","0.2367605","0.006401399","0.0858129","0.144546201","1.125","0.003","138018","4000","15549.340111147894","15536.369070524215","11710.881022750353","1.000693382204123","0.020280809809882006","0","e7f255a3304bc6df3dfbc4384cc42f0a14e097b21ea85d7dfdd0891304dccc86",""
"1","0","1","current","c6410392edd5b83003dbde0a9e0f1626dbac5328","3c4eb5aa557927d8666f64a5ccf45de3609b074f89f8e4b1b3604a66d52a3654","vectorPerformance","gaussian8","GPSS","2","-1","412094","4000","500","Complete","0.060846999","4.76E-5","0.0265888","0.034210599","0.1875","0.0","138132","4000","15263.81484653245","15291.911844531342","11216.22139798599","1.0004803178957116","0.014392603577789376","0","e114ddce1fe3e8b5caed48fc0365aca0d32bd35e94363aa001d7324d00935224",""
"1","0","1","current","c6410392edd5b83003dbde0a9e0f1626dbac5328","3c4eb5aa557927d8666f64a5ccf45de3609b074f89f8e4b1b3604a66d52a3654","vectorPerformance","gaussian8","GPSS","2","0","420013","4000","500","Complete","0.0497207","6.02E-5","0.0178059","0.0318546","0.09375","0.0","138323","4000","15080.473776226881","15096.77911576306","11062.432005908491","1.0006149641210862","0.012458863431772271","0","2a91e22981ec396c3eca9414af3d6ac63570dc29437cdd4bdc3eb6a8db475fa2",""
"1","0","1","current","c6410392edd5b83003dbde0a9e0f1626dbac5328","3c4eb5aa557927d8666f64a5ccf45de3609b074f89f8e4b1b3604a66d52a3654","vectorPerformance","gaussian8","GPSS","2","1","427932","4000","500","Complete","0.0509857","3.81E-5","0.0205276","0.03042","0.09375","0.002","138154","4000","15134.6012276361","15136.078376941558","11308.922646882544","1.0009404579967858","0.013454526579750548","0","045e36a427e6332b3973cb5a7bed2c41034d4baa3241673dfea554f81e693a14",""
"1","0","1","current","c6410392edd5b83003dbde0a9e0f1626dbac5328","3c4eb5aa557927d8666f64a5ccf45de3609b074f89f8e4b1b3604a66d52a3654","vectorPerformance","gaussian8","GPSS","2","2","435851","4000","500","Complete","0.048909601","4.0101E-5","0.017941","0.0309285","0.125","0.0","137988","4000","14363.080320209516","14344.664435137216","11161.859788330772","1.0004963309089212","0.01645570173683253","0","282eaef783cfb8138f0fbaa41141a7646474130935f10820d7fcdc9d6a1e24c0",""
"1","0","1","current","c6410392edd5b83003dbde0a9e0f1626dbac5328","3c4eb5aa557927d8666f64a5ccf45de3609b074f89f8e4b1b3604a66d52a3654","vectorPerformance","gaussian8","GPSS","2","3","443770","4000","500","Complete","0.049835501","9.9401E-5","0.0188663","0.0308698","0.109375","0.0","138055","4000","15045.50132933249","15019.431343943274","10767.592734371476","1.0010260647907836","0.018113200227977133","0","6f88cd3290902ed4688e28521e20205fca8afb18c6e4fe2e6e0de9c4e7e0a62c",""
"1","0","1","current","c6410392edd5b83003dbde0a9e0f1626dbac5328","3c4eb5aa557927d8666f64a5ccf45de3609b074f89f8e4b1b3604a66d52a3654","vectorPerformance","gaussian8","GPSS","2","4","451689","4000","500","Complete","0.0497999","3.32E-5","0.0183131","0.0314536","0.125","0.0","138188","4000","15603.053005275411","15621.61943123139","10677.483456214122","1.0007920020096437","0.014172913039023793","0","3703a943973521b658002c1d1edb8b4dcddac3550850573cac7499aba83dbaac",""
"1","0","1","current","c6410392edd5b83003dbde0a9e0f1626dbac5328","3c4eb5aa557927d8666f64a5ccf45de3609b074f89f8e4b1b3604a66d52a3654","vectorPerformance","gaussian8","GPSS","4","-2","404175","4000","500","Complete","0.046169501","1.02201E-4","0.0229791","0.0230882","0.265625","0.0","138018","4000","15549.340111147894","15536.369070524215","11710.881022750353","1.000693382204123","0.020280809809882006","0","e7f255a3304bc6df3dfbc4384cc42f0a14e097b21ea85d7dfdd0891304dccc86",""
"1","0","1","current","c6410392edd5b83003dbde0a9e0f1626dbac5328","3c4eb5aa557927d8666f64a5ccf45de3609b074f89f8e4b1b3604a66d52a3654","vectorPerformance","gaussian8","GPSS","4","-1","412094","4000","500","Complete","0.0395198","1.544E-4","0.0180862","0.0212792","0.140625","0.0","138132","4000","15263.81484653245","15291.911844531342","11216.22139798599","1.0004803178957116","0.014392603577789376","0","e114ddce1fe3e8b5caed48fc0365aca0d32bd35e94363aa001d7324d00935224",""
"1","0","1","current","c6410392edd5b83003dbde0a9e0f1626dbac5328","3c4eb5aa557927d8666f64a5ccf45de3609b074f89f8e4b1b3604a66d52a3654","vectorPerformance","gaussian8","GPSS","4","0","420013","4000","500","Complete","0.0425585","4.3099E-5","0.0190938","0.023421601","0.109375","0.003","138323","4000","15080.473776226881","15096.77911576306","11062.432005908491","1.0006149641210862","0.012458863431772271","0","2a91e22981ec396c3eca9414af3d6ac63570dc29437cdd4bdc3eb6a8db475fa2",""
"1","0","1","current","c6410392edd5b83003dbde0a9e0f1626dbac5328","3c4eb5aa557927d8666f64a5ccf45de3609b074f89f8e4b1b3604a66d52a3654","vectorPerformance","gaussian8","GPSS","4","1","427932","4000","500","Complete","0.0374572","3.6699E-5","0.017744301","0.0196762","0.171875","0.0","138154","4000","15134.6012276361","15136.078376941558","11308.922646882544","1.0009404579967858","0.013454526579750548","0","045e36a427e6332b3973cb5a7bed2c41034d4baa3241673dfea554f81e693a14",""
"1","0","1","current","c6410392edd5b83003dbde0a9e0f1626dbac5328","3c4eb5aa557927d8666f64a5ccf45de3609b074f89f8e4b1b3604a66d52a3654","vectorPerformance","gaussian8","GPSS","4","2","435851","4000","500","Complete","0.0372955","3.62E-5","0.0181225","0.0191368","0.125","0.0","137988","4000","14363.080320209516","14344.664435137216","11161.859788330772","1.0004963309089212","0.01645570173683253","0","282eaef783cfb8138f0fbaa41141a7646474130935f10820d7fcdc9d6a1e24c0",""
"1","0","1","current","c6410392edd5b83003dbde0a9e0f1626dbac5328","3c4eb5aa557927d8666f64a5ccf45de3609b074f89f8e4b1b3604a66d52a3654","vectorPerformance","gaussian8","GPSS","4","3","443770","4000","500","Complete","0.0388215","3.45E-5","0.0202559","0.0185311","0.1875","0.002","138055","4000","15045.50132933249","15019.431343943274","10767.592734371476","1.0010260647907836","0.018113200227977133","0","6f88cd3290902ed4688e28521e20205fca8afb18c6e4fe2e6e0de9c4e7e0a62c",""
"1","0","1","current","c6410392edd5b83003dbde0a9e0f1626dbac5328","3c4eb5aa557927d8666f64a5ccf45de3609b074f89f8e4b1b3604a66d52a3654","vectorPerformance","gaussian8","GPSS","4","4","451689","4000","500","Complete","0.0395006","4.08E-5","0.019424","0.0200358","0.203125","0.0","138188","4000","15603.053005275411","15621.61943123139","10677.483456214122","1.0007920020096437","0.014172913039023793","0","3703a943973521b658002c1d1edb8b4dcddac3550850573cac7499aba83dbaac",""
"1","0","1","current","c6410392edd5b83003dbde0a9e0f1626dbac5328","3c4eb5aa557927d8666f64a5ccf45de3609b074f89f8e4b1b3604a66d52a3654","vectorPerformance","gaussian8","Quantile","1","-2","404175","4000","500","Complete","0.0978124","4.46E-5","0.0416769","0.0560909","0.203125","0.0","439383","4000","15133.633311857895","15137.149661571859","12640.232874183323","1.0002765119712598","0.010865777388695763","0","0a652ec86caa4b0878042a2ca27e4843b8fff440045e84ffe9040bbf18fc5c1b",""
"1","0","1","current","c6410392edd5b83003dbde0a9e0f1626dbac5328","3c4eb5aa557927d8666f64a5ccf45de3609b074f89f8e4b1b3604a66d52a3654","vectorPerformance","gaussian8","Quantile","1","-1","412094","4000","500","Complete","0.093555599","3.19E-5","0.041373399","0.0521503","0.4375","0.003","438543","4000","15213.490906399908","15228.10660758392","12891.868030399028","1.0002543220506444","0.014962146800250764","0","22193da6e1ed5c7fb6bc482596a8cb09c08425673712be65ab0ebf58ef73f382",""
"1","0","1","current","c6410392edd5b83003dbde0a9e0f1626dbac5328","3c4eb5aa557927d8666f64a5ccf45de3609b074f89f8e4b1b3604a66d52a3654","vectorPerformance","gaussian8","Quantile","1","0","420013","4000","500","Complete","0.0951914","3.0199E-5","0.0436157","0.051545501","0.4375","0.003","436956","4000","15387.214907747757","15383.41868425877","13280.050841973973","1.000488212672387","0.017862111392228958","0","1a2a7053039cbf9cd5227976b2ba660c8f0bbf84c10e94ae04c9c6d297fc0025",""
"1","0","1","current","c6410392edd5b83003dbde0a9e0f1626dbac5328","3c4eb5aa557927d8666f64a5ccf45de3609b074f89f8e4b1b3604a66d52a3654","vectorPerformance","gaussian8","Quantile","1","1","427932","4000","500","Complete","0.093789699","3.17E-5","0.0412683","0.052489699","0.1875","0.0","437269","4000","15727.934748036001","15719.464590581323","12902.625514015059","1.0004649152576137","0.012810490325706247","0","850de3d767de404b10a6234afa6ecc9c5dfdee0c4338411a0af3e46894e42ce3",""
"1","0","1","current","c6410392edd5b83003dbde0a9e0f1626dbac5328","3c4eb5aa557927d8666f64a5ccf45de3609b074f89f8e4b1b3604a66d52a3654","vectorPerformance","gaussian8","Quantile","1","2","435851","4000","500","Complete","0.0903288","3.35E-5","0.0414776","0.0488177","0.078125","0.0","438008","4000","15126.989343371939","15133.471327879883","12471.355965872704","1.0004579804360567","0.01410791604282019","0","fd474ea7f77c91f336f3664000c5dec28946aab4fd9917ca2fd5c066ad7e03df",""
"1","0","1","current","c6410392edd5b83003dbde0a9e0f1626dbac5328","3c4eb5aa557927d8666f64a5ccf45de3609b074f89f8e4b1b3604a66d52a3654","vectorPerformance","gaussian8","Quantile","1","3","443770","4000","500","Complete","0.090506901","4.8401E-5","0.041324199","0.049134301","0.09375","0.0","438134","4000","14783.95134310092","14781.603964607304","13183.37761680062","1.0005441549460146","0.009381500096846795","0","f5d860d8f1c8c55386f06f23faad6b9f8df1541a619040c2f28698d0813a5f75",""
"1","0","1","current","c6410392edd5b83003dbde0a9e0f1626dbac5328","3c4eb5aa557927d8666f64a5ccf45de3609b074f89f8e4b1b3604a66d52a3654","vectorPerformance","gaussian8","Quantile","1","4","451689","4000","500","Complete","0.0906985","3.24E-5","0.042544799","0.048121301","0.09375","0.001","437868","4000","14884.121074739518","14909.092385573675","12538.608584974128","1.0004648391967559","0.02587550455561438","0","f5667ee456b1d3d2b0c42c8460f2481029f27806732e9bf75dd56271a0628822",""
"1","0","1","current","c6410392edd5b83003dbde0a9e0f1626dbac5328","3c4eb5aa557927d8666f64a5ccf45de3609b074f89f8e4b1b3604a66d52a3654","vectorPerformance","gaussian8","Quantile","2","-2","404175","4000","500","Complete","0.0735739","2.95E-5","0.0403126","0.0332318","0.3125","0.0","439383","4000","15133.633311857895","15137.149661571859","12640.232874183323","1.0002765119712598","0.010865777388695763","0","0a652ec86caa4b0878042a2ca27e4843b8fff440045e84ffe9040bbf18fc5c1b",""
"1","0","1","current","c6410392edd5b83003dbde0a9e0f1626dbac5328","3c4eb5aa557927d8666f64a5ccf45de3609b074f89f8e4b1b3604a66d52a3654","vectorPerformance","gaussian8","Quantile","2","-1","412094","4000","500","Complete","0.054178999","3.25E-5","0.0272583","0.026888199","0.140625","0.002","438543","4000","15213.490906399908","15228.10660758392","12891.868030399028","1.0002543220506444","0.014962146800250764","0","22193da6e1ed5c7fb6bc482596a8cb09c08425673712be65ab0ebf58ef73f382",""
"1","0","1","current","c6410392edd5b83003dbde0a9e0f1626dbac5328","3c4eb5aa557927d8666f64a5ccf45de3609b074f89f8e4b1b3604a66d52a3654","vectorPerformance","gaussian8","Quantile","2","0","420013","4000","500","Complete","0.050197001","3.11E-5","0.023513","0.026652901","0.140625","0.0","436956","4000","15387.214907747757","15383.41868425877","13280.050841973973","1.000488212672387","0.017862111392228958","0","1a2a7053039cbf9cd5227976b2ba660c8f0bbf84c10e94ae04c9c6d297fc0025",""
"1","0","1","current","c6410392edd5b83003dbde0a9e0f1626dbac5328","3c4eb5aa557927d8666f64a5ccf45de3609b074f89f8e4b1b3604a66d52a3654","vectorPerformance","gaussian8","Quantile","2","1","427932","4000","500","Complete","0.051884099","3.78E-5","0.024167","0.027679299","0.171875","0.0","437269","4000","15727.934748036001","15719.464590581323","12902.625514015059","1.0004649152576137","0.012810490325706247","0","850de3d767de404b10a6234afa6ecc9c5dfdee0c4338411a0af3e46894e42ce3",""
"1","0","1","current","c6410392edd5b83003dbde0a9e0f1626dbac5328","3c4eb5aa557927d8666f64a5ccf45de3609b074f89f8e4b1b3604a66d52a3654","vectorPerformance","gaussian8","Quantile","2","2","435851","4000","500","Complete","0.0516613","3.46E-5","0.0253792","0.0262475","0.09375","0.001","438008","4000","15126.989343371939","15133.471327879883","12471.355965872704","1.0004579804360567","0.01410791604282019","0","fd474ea7f77c91f336f3664000c5dec28946aab4fd9917ca2fd5c066ad7e03df",""
"1","0","1","current","c6410392edd5b83003dbde0a9e0f1626dbac5328","3c4eb5aa557927d8666f64a5ccf45de3609b074f89f8e4b1b3604a66d52a3654","vectorPerformance","gaussian8","Quantile","2","3","443770","4000","500","Complete","0.051621901","3.01E-5","0.0254399","0.026151901","0.125","0.002","438134","4000","14783.95134310092","14781.603964607304","13183.37761680062","1.0005441549460146","0.009381500096846795","0","f5d860d8f1c8c55386f06f23faad6b9f8df1541a619040c2f28698d0813a5f75",""
"1","0","1","current","c6410392edd5b83003dbde0a9e0f1626dbac5328","3c4eb5aa557927d8666f64a5ccf45de3609b074f89f8e4b1b3604a66d52a3654","vectorPerformance","gaussian8","Quantile","2","4","451689","4000","500","Complete","0.0518764","4.9499E-5","0.025347501","0.0264794","0.109375","0.001","437868","4000","14884.121074739518","14909.092385573675","12538.608584974128","1.0004648391967559","0.02587550455561438","0","f5667ee456b1d3d2b0c42c8460f2481029f27806732e9bf75dd56271a0628822",""
"1","0","1","current","c6410392edd5b83003dbde0a9e0f1626dbac5328","3c4eb5aa557927d8666f64a5ccf45de3609b074f89f8e4b1b3604a66d52a3654","vectorPerformance","gaussian8","Quantile","4","-2","404175","4000","500","Complete","0.0452217","3.12E-5","0.025710699","0.019479801","0.5","0.002","439383","4000","15133.633311857895","15137.149661571859","12640.232874183323","1.0002765119712598","0.010865777388695763","0","0a652ec86caa4b0878042a2ca27e4843b8fff440045e84ffe9040bbf18fc5c1b",""
"1","0","1","current","c6410392edd5b83003dbde0a9e0f1626dbac5328","3c4eb5aa557927d8666f64a5ccf45de3609b074f89f8e4b1b3604a66d52a3654","vectorPerformance","gaussian8","Quantile","4","-1","412094","4000","500","Complete","0.0383057","2.93E-5","0.0221936","0.0160828","0.1875","0.0","438543","4000","15213.490906399908","15228.10660758392","12891.868030399028","1.0002543220506444","0.014962146800250764","0","22193da6e1ed5c7fb6bc482596a8cb09c08425673712be65ab0ebf58ef73f382",""
"1","0","1","current","c6410392edd5b83003dbde0a9e0f1626dbac5328","3c4eb5aa557927d8666f64a5ccf45de3609b074f89f8e4b1b3604a66d52a3654","vectorPerformance","gaussian8","Quantile","4","0","420013","4000","500","Complete","0.042758499","3.27E-5","0.0226576","0.020068199","0.234375","0.003","436956","4000","15387.214907747757","15383.41868425877","13280.050841973973","1.000488212672387","0.017862111392228958","0","1a2a7053039cbf9cd5227976b2ba660c8f0bbf84c10e94ae04c9c6d297fc0025",""
"1","0","1","current","c6410392edd5b83003dbde0a9e0f1626dbac5328","3c4eb5aa557927d8666f64a5ccf45de3609b074f89f8e4b1b3604a66d52a3654","vectorPerformance","gaussian8","Quantile","4","1","427932","4000","500","Complete","0.041826","4.15E-5","0.0256644","0.0161201","0.234375","0.002","437269","4000","15727.934748036001","15719.464590581323","12902.625514015059","1.0004649152576137","0.012810490325706247","0","850de3d767de404b10a6234afa6ecc9c5dfdee0c4338411a0af3e46894e42ce3",""
"1","0","1","current","c6410392edd5b83003dbde0a9e0f1626dbac5328","3c4eb5aa557927d8666f64a5ccf45de3609b074f89f8e4b1b3604a66d52a3654","vectorPerformance","gaussian8","Quantile","4","2","435851","4000","500","Complete","0.0395934","3.11E-5","0.0234689","0.0160934","0.171875","0.002","438008","4000","15126.989343371939","15133.471327879883","12471.355965872704","1.0004579804360567","0.01410791604282019","0","fd474ea7f77c91f336f3664000c5dec28946aab4fd9917ca2fd5c066ad7e03df",""
"1","0","1","current","c6410392edd5b83003dbde0a9e0f1626dbac5328","3c4eb5aa557927d8666f64a5ccf45de3609b074f89f8e4b1b3604a66d52a3654","vectorPerformance","gaussian8","Quantile","4","3","443770","4000","500","Complete","0.0376767","3.12E-5","0.0217257","0.0159198","0.125","0.0","438134","4000","14783.95134310092","14781.603964607304","13183.37761680062","1.0005441549460146","0.009381500096846795","0","f5d860d8f1c8c55386f06f23faad6b9f8df1541a619040c2f28698d0813a5f75",""
"1","0","1","current","c6410392edd5b83003dbde0a9e0f1626dbac5328","3c4eb5aa557927d8666f64a5ccf45de3609b074f89f8e4b1b3604a66d52a3654","vectorPerformance","gaussian8","Quantile","4","4","451689","4000","500","Complete","0.038509999","3.84E-5","0.022251399","0.0162202","0.125","0.0","437868","4000","14884.121074739518","14909.092385573675","12538.608584974128","1.0004648391967559","0.02587550455561438","0","f5667ee456b1d3d2b0c42c8460f2481029f27806732e9bf75dd56271a0628822",""
"1","0","1","current","c6410392edd5b83003dbde0a9e0f1626dbac5328","3c4eb5aa557927d8666f64a5ccf45de3609b074f89f8e4b1b3604a66d52a3654","vectorPerformance","likelihood8","GPSS","1","-2","404175","4000","500","Complete","0.1300781","1.302E-4","0.081761199","0.048186701","0.140625","0.0","113497","4000","15386.728000357793","15391.85127451405","11321.818924317045","1.000502564087113","0.005344596134197365","0","15875fc3ad457cd99d016931ae49e3b53ed50293a59b7331791ac43670de87bd",""
"1","0","1","current","c6410392edd5b83003dbde0a9e0f1626dbac5328","3c4eb5aa557927d8666f64a5ccf45de3609b074f89f8e4b1b3604a66d52a3654","vectorPerformance","likelihood8","GPSS","1","-1","412094","4000","500","Complete","0.129909299","6.12E-5","0.0817562","0.048091899","0.125","0.0","113672","4000","14515.066848005721","14590.130865412311","10903.103694208865","1.0008342935047612","0.005564436392907962","0","fc720f0e7fc6b705ca4b80ac8fe6515a0d286ae0520a978aef375e586c9db6bf",""
"1","0","1","current","c6410392edd5b83003dbde0a9e0f1626dbac5328","3c4eb5aa557927d8666f64a5ccf45de3609b074f89f8e4b1b3604a66d52a3654","vectorPerformance","likelihood8","GPSS","1","0","420013","4000","500","Complete","0.1325431","5.9399E-5","0.081000001","0.0514837","0.125","0.0","113054","4000","15068.277084944693","15070.85887531968","10694.846310168503","1.0005601541440654","0.004181248674558491","0","8d6dc2b369fc062d17f4e1721fe9d8a199bcba9f600d8572402455c6c30b60fa",""
"1","0","1","current","c6410392edd5b83003dbde0a9e0f1626dbac5328","3c4eb5aa557927d8666f64a5ccf45de3609b074f89f8e4b1b3604a66d52a3654","vectorPerformance","likelihood8","GPSS","1","1","427932","4000","500","Complete","0.1289426","5.44E-5","0.0808328","0.0480554","0.125","0.0","113472","4000","15069.243223748383","15055.059231076986","10322.707096463675","1.0013248567157627","0.005340326134526563","0","38e3adbbae621e7ad84a1cb5d7d2f248aeb925e3eea6b59badd3e9bb967ca792",""
"1","0","1","current","c6410392edd5b83003dbde0a9e0f1626dbac5328","3c4eb5aa557927d8666f64a5ccf45de3609b074f89f8e4b1b3604a66d52a3654","vectorPerformance","likelihood8","GPSS","1","2","435851","4000","500","Complete","0.129869601","4.72E-5","0.0811368","0.048685601","0.125","0.0","113322","4000","15018.1283976014","15019.886701809703","11132.174688571149","1.000533090102839","0.005175852109189194","0","a1c97633734bbb43a66c525a225905cb612f427cd2600d3cc731158cc0011283",""
"1","0","1","current","c6410392edd5b83003dbde0a9e0f1626dbac5328","3c4eb5aa557927d8666f64a5ccf45de3609b074f89f8e4b1b3604a66d52a3654","vectorPerformance","likelihood8","GPSS","1","3","443770","4000","500","Complete","0.1293939","5.08E-5","0.0813849","0.0479582","0.125","0.0","113541","4000","15504.177620932032","15516.176571089783","11070.759113858252","1.0005200177999494","0.0030179744349801974","0","10250d525acdf021423a78f0a10ef6caf57ce50e6525306305dda230dde4a3dd",""
"1","0","1","current","c6410392edd5b83003dbde0a9e0f1626dbac5328","3c4eb5aa557927d8666f64a5ccf45de3609b074f89f8e4b1b3604a66d52a3654","vectorPerformance","likelihood8","GPSS","1","4","451689","4000","500","Complete","0.130753199","8.1699E-5","0.082654901","0.048016599","0.125","0.0","113652","4000","14785.194091889316","14779.730449941797","11297.287331686812","1.0008757668998252","0.004036703328069907","0","aeb7ca95e5af585230ca0add63518df7f82bcf74ed17b9d657a219f4e1b2d0f5",""
"1","0","1","current","c6410392edd5b83003dbde0a9e0f1626dbac5328","3c4eb5aa557927d8666f64a5ccf45de3609b074f89f8e4b1b3604a66d52a3654","vectorPerformance","likelihood8","GPSS","2","-2","404175","4000","500","Complete","0.0898319","0.0033683","0.060035399","0.026428201","0.34375","0.001","113497","4000","15386.728000357793","15391.85127451405","11321.818924317045","1.000502564087113","0.005344596134197365","0","15875fc3ad457cd99d016931ae49e3b53ed50293a59b7331791ac43670de87bd",""
"1","0","1","current","c6410392edd5b83003dbde0a9e0f1626dbac5328","3c4eb5aa557927d8666f64a5ccf45de3609b074f89f8e4b1b3604a66d52a3654","vectorPerformance","likelihood8","GPSS","2","-1","412094","4000","500","Complete","0.0700521","5.8699E-5","0.042707301","0.0272861","0.15625","0.002","113672","4000","14515.066848005721","14590.130865412311","10903.103694208865","1.0008342935047612","0.005564436392907962","0","fc720f0e7fc6b705ca4b80ac8fe6515a0d286ae0520a978aef375e586c9db6bf",""
"1","0","1","current","c6410392edd5b83003dbde0a9e0f1626dbac5328","3c4eb5aa557927d8666f64a5ccf45de3609b074f89f8e4b1b3604a66d52a3654","vectorPerformance","likelihood8","GPSS","2","0","420013","4000","500","Complete","0.0959562","3.446E-4","0.0654469","0.0301647","0.1875","0.002","113054","4000","15068.277084944693","15070.85887531968","10694.846310168503","1.0005601541440654","0.004181248674558491","0","8d6dc2b369fc062d17f4e1721fe9d8a199bcba9f600d8572402455c6c30b60fa",""
"1","0","1","current","c6410392edd5b83003dbde0a9e0f1626dbac5328","3c4eb5aa557927d8666f64a5ccf45de3609b074f89f8e4b1b3604a66d52a3654","vectorPerformance","likelihood8","GPSS","2","1","427932","4000","500","Complete","0.070088599","5.45E-5","0.0430252","0.027008899","0.21875","0.001","113472","4000","15069.243223748383","15055.059231076986","10322.707096463675","1.0013248567157627","0.005340326134526563","0","38e3adbbae621e7ad84a1cb5d7d2f248aeb925e3eea6b59badd3e9bb967ca792",""
"1","0","1","current","c6410392edd5b83003dbde0a9e0f1626dbac5328","3c4eb5aa557927d8666f64a5ccf45de3609b074f89f8e4b1b3604a66d52a3654","vectorPerformance","likelihood8","GPSS","2","2","435851","4000","500","Complete","0.069853","5.0599E-5","0.0446274","0.025175001","0.15625","0.001","113322","4000","15018.1283976014","15019.886701809703","11132.174688571149","1.000533090102839","0.005175852109189194","0","a1c97633734bbb43a66c525a225905cb612f427cd2600d3cc731158cc0011283",""
"1","0","1","current","c6410392edd5b83003dbde0a9e0f1626dbac5328","3c4eb5aa557927d8666f64a5ccf45de3609b074f89f8e4b1b3604a66d52a3654","vectorPerformance","likelihood8","GPSS","2","3","443770","4000","500","Complete","0.0689659","5.0199E-5","0.042814801","0.0261009","0.203125","0.0","113541","4000","15504.177620932032","15516.176571089783","11070.759113858252","1.0005200177999494","0.0030179744349801974","0","10250d525acdf021423a78f0a10ef6caf57ce50e6525306305dda230dde4a3dd",""
"1","0","1","current","c6410392edd5b83003dbde0a9e0f1626dbac5328","3c4eb5aa557927d8666f64a5ccf45de3609b074f89f8e4b1b3604a66d52a3654","vectorPerformance","likelihood8","GPSS","2","4","451689","4000","500","Complete","0.068166499","4.86E-5","0.0424275","0.025690399","0.15625","0.001","113652","4000","14785.194091889316","14779.730449941797","11297.287331686812","1.0008757668998252","0.004036703328069907","0","aeb7ca95e5af585230ca0add63518df7f82bcf74ed17b9d657a219f4e1b2d0f5",""
"1","0","1","current","c6410392edd5b83003dbde0a9e0f1626dbac5328","3c4eb5aa557927d8666f64a5ccf45de3609b074f89f8e4b1b3604a66d52a3654","vectorPerformance","likelihood8","GPSS","4","-2","404175","4000","500","Complete","0.0388957","1.28299E-4","0.023417201","0.0153502","0.125","0.0","113497","4000","15386.728000357793","15391.85127451405","11321.818924317045","1.000502564087113","0.005344596134197365","0","15875fc3ad457cd99d016931ae49e3b53ed50293a59b7331791ac43670de87bd",""
"1","0","1","current","c6410392edd5b83003dbde0a9e0f1626dbac5328","3c4eb5aa557927d8666f64a5ccf45de3609b074f89f8e4b1b3604a66d52a3654","vectorPerformance","likelihood8","GPSS","4","-1","412094","4000","500","Complete","0.040075099","5.74E-5","0.0247722","0.015245499","0.1875","0.0","113672","4000","14515.066848005721","14590.130865412311","10903.103694208865","1.0008342935047612","0.005564436392907962","0","fc720f0e7fc6b705ca4b80ac8fe6515a0d286ae0520a978aef375e586c9db6bf",""
"1","0","1","current","c6410392edd5b83003dbde0a9e0f1626dbac5328","3c4eb5aa557927d8666f64a5ccf45de3609b074f89f8e4b1b3604a66d52a3654","vectorPerformance","likelihood8","GPSS","4","0","420013","4000","500","Complete","0.040708599","1.16799E-4","0.024750001","0.015841799","0.21875","0.0","113054","4000","15068.277084944693","15070.85887531968","10694.846310168503","1.0005601541440654","0.004181248674558491","0","8d6dc2b369fc062d17f4e1721fe9d8a199bcba9f600d8572402455c6c30b60fa",""
"1","0","1","current","c6410392edd5b83003dbde0a9e0f1626dbac5328","3c4eb5aa557927d8666f64a5ccf45de3609b074f89f8e4b1b3604a66d52a3654","vectorPerformance","likelihood8","GPSS","4","1","427932","4000","500","Complete","0.0390562","4.96E-5","0.0235744","0.0154322","0.125","0.0","113472","4000","15069.243223748383","15055.059231076986","10322.707096463675","1.0013248567157627","0.005340326134526563","0","38e3adbbae621e7ad84a1cb5d7d2f248aeb925e3eea6b59badd3e9bb967ca792",""
"1","0","1","current","c6410392edd5b83003dbde0a9e0f1626dbac5328","3c4eb5aa557927d8666f64a5ccf45de3609b074f89f8e4b1b3604a66d52a3654","vectorPerformance","likelihood8","GPSS","4","2","435851","4000","500","Complete","0.038589","4.97E-5","0.023232499","0.015306801","0.125","0.0","113322","4000","15018.1283976014","15019.886701809703","11132.174688571149","1.000533090102839","0.005175852109189194","0","a1c97633734bbb43a66c525a225905cb612f427cd2600d3cc731158cc0011283",""
"1","0","1","current","c6410392edd5b83003dbde0a9e0f1626dbac5328","3c4eb5aa557927d8666f64a5ccf45de3609b074f89f8e4b1b3604a66d52a3654","vectorPerformance","likelihood8","GPSS","4","3","443770","4000","500","Complete","0.039683401","4.9301E-5","0.0235811","0.016053","0.125","0.0","113541","4000","15504.177620932032","15516.176571089783","11070.759113858252","1.0005200177999494","0.0030179744349801974","0","10250d525acdf021423a78f0a10ef6caf57ce50e6525306305dda230dde4a3dd",""
"1","0","1","current","c6410392edd5b83003dbde0a9e0f1626dbac5328","3c4eb5aa557927d8666f64a5ccf45de3609b074f89f8e4b1b3604a66d52a3654","vectorPerformance","likelihood8","GPSS","4","4","451689","4000","500","Complete","0.038929999","5.55E-5","0.0234873","0.015387199","0.109375","0.0","113652","4000","14785.194091889316","14779.730449941797","11297.287331686812","1.0008757668998252","0.004036703328069907","0","aeb7ca95e5af585230ca0add63518df7f82bcf74ed17b9d657a219f4e1b2d0f5",""
"1","0","1","current","c6410392edd5b83003dbde0a9e0f1626dbac5328","3c4eb5aa557927d8666f64a5ccf45de3609b074f89f8e4b1b3604a66d52a3654","vectorPerformance","likelihood8","Quantile","1","-2","404175","4000","500","Complete","0.4289256","3.51E-5","0.380871","0.0480195","0.421875","0.001","675623","4000","14553.603071888145","14560.448774995888","11253.189859649683","1.0007097070118298","0.003922918284137322","0","03828cdda4fc43583cac684014ff31176af4a34269763a886473aa7e641f0391",""
"1","0","1","current","c6410392edd5b83003dbde0a9e0f1626dbac5328","3c4eb5aa557927d8666f64a5ccf45de3609b074f89f8e4b1b3604a66d52a3654","vectorPerformance","likelihood8","Quantile","1","-1","412094","4000","500","Complete","0.4274998","2.93E-5","0.3793189","0.0481516","0.4375","0.001","674660","4000","15209.136106969212","15217.30790335651","11240.432710958032","1.0004372157752155","0.0052684685777992235","0","e259b6e006096a76873934a7876a399ffc6054ce8626e6a9f54fe4dc9a2a077b",""
"1","0","1","current","c6410392edd5b83003dbde0a9e0f1626dbac5328","3c4eb5aa557927d8666f64a5ccf45de3609b074f89f8e4b1b3604a66d52a3654","vectorPerformance","likelihood8","Quantile","1","0","420013","4000","500","Complete","0.425916501","2.8801E-5","0.3776871","0.0482006","0.421875","0.001","673796","4000","15027.331818683551","15033.704474475824","10491.658637470435","1.0004326935079904","0.005338364077357494","0","a6b794bfac044c42b2225f202fe85edd749f09d343dadd0c6f9a8be5b72afda0",""
"1","0","1","current","c6410392edd5b83003dbde0a9e0f1626dbac5328","3c4eb5aa557927d8666f64a5ccf45de3609b074f89f8e4b1b3604a66d52a3654","vectorPerformance","likelihood8","Quantile","1","1","427932","4000","500","Complete","0.4275947","4.8401E-5","0.3791015","0.048444799","0.421875","0.0","673825","4000","15276.658872254206","15256.4622489339","11119.716918313663","1.000391617247902","0.006419580823759208","0","50e2cecd19fa21e7ea4301720423264b745a7096caa97d8e6935a59763285f0a",""
"1","0","1","current","c6410392edd5b83003dbde0a9e0f1626dbac5328","3c4eb5aa557927d8666f64a5ccf45de3609b074f89f8e4b1b3604a66d52a3654","vectorPerformance","likelihood8","Quantile","1","2","435851","4000","500","Complete","0.432695201","3.4901E-5","0.3828275","0.0498328","0.4375","0.002","674482","4000","15438.964336306639","15424.356228106937","11497.88972532256","1.0006283061980878","0.01024848436056533","0","d045bb5c2ae5192b21902085068a9b62aa6f41d66d4132dc6affda22bcc4912d",""
"1","0","1","current","c6410392edd5b83003dbde0a9e0f1626dbac5328","3c4eb5aa557927d8666f64a5ccf45de3609b074f89f8e4b1b3604a66d52a3654","vectorPerformance","likelihood8","Quantile","1","3","443770","4000","500","Complete","0.428871699","3.01E-5","0.382414","0.046427599","0.4375","0.002","674770","4000","15279.141041189421","15290.437507693725","11098.089526704722","1.00060311853599","0.008195113181772185","0","14c0d80a24194a44695934e9fba1972daa6dc8b7383da72f1cd5837c36c4722d",""
"1","0","1","current","c6410392edd5b83003dbde0a9e0f1626dbac5328","3c4eb5aa557927d8666f64a5ccf45de3609b074f89f8e4b1b3604a66d52a3654","vectorPerformance","likelihood8","Quantile","1","4","451689","4000","500","Complete","0.432267999","3.15E-5","0.382061299","0.0501752","0.4375","0.0","675588","4000","15378.326224840608","15396.096164831599","11613.462866841413","1.000726442029433","0.005885612388259281","0","dffab805aa7e6a415f84c4666b5b3033cb9751a54880ba72e95a79dc87652086",""
"1","0","1","current","c6410392edd5b83003dbde0a9e0f1626dbac5328","3c4eb5aa557927d8666f64a5ccf45de3609b074f89f8e4b1b3604a66d52a3654","vectorPerformance","likelihood8","Quantile","2","-2","404175","4000","500","Complete","0.2236147","5.6499E-5","0.197031101","0.0265271","0.46875","0.001","675623","4000","14553.603071888145","14560.448774995888","11253.189859649683","1.0007097070118298","0.003922918284137322","0","03828cdda4fc43583cac684014ff31176af4a34269763a886473aa7e641f0391",""
"1","0","1","current","c6410392edd5b83003dbde0a9e0f1626dbac5328","3c4eb5aa557927d8666f64a5ccf45de3609b074f89f8e4b1b3604a66d52a3654","vectorPerformance","likelihood8","Quantile","2","-1","412094","4000","500","Complete","0.2223585","2.81E-5","0.1957871","0.0265433","0.453125","0.0","674660","4000","15209.136106969212","15217.30790335651","11240.432710958032","1.0004372157752155","0.0052684685777992235","0","e259b6e006096a76873934a7876a399ffc6054ce8626e6a9f54fe4dc9a2a077b",""
"1","0","1","current","c6410392edd5b83003dbde0a9e0f1626dbac5328","3c4eb5aa557927d8666f64a5ccf45de3609b074f89f8e4b1b3604a66d52a3654","vectorPerformance","likelihood8","Quantile","2","0","420013","4000","500","Complete","0.221127901","3.5401E-5","0.1949205","0.026172","0.46875","0.0","673796","4000","15027.331818683551","15033.704474475824","10491.658637470435","1.0004326935079904","0.005338364077357494","0","a6b794bfac044c42b2225f202fe85edd749f09d343dadd0c6f9a8be5b72afda0",""
"1","0","1","current","c6410392edd5b83003dbde0a9e0f1626dbac5328","3c4eb5aa557927d8666f64a5ccf45de3609b074f89f8e4b1b3604a66d52a3654","vectorPerformance","likelihood8","Quantile","2","1","427932","4000","500","Complete","0.2246158","4.0199E-5","0.196482601","0.028093","0.4375","0.002","673825","4000","15276.658872254206","15256.4622489339","11119.716918313663","1.000391617247902","0.006419580823759208","0","50e2cecd19fa21e7ea4301720423264b745a7096caa97d8e6935a59763285f0a",""
"1","0","1","current","c6410392edd5b83003dbde0a9e0f1626dbac5328","3c4eb5aa557927d8666f64a5ccf45de3609b074f89f8e4b1b3604a66d52a3654","vectorPerformance","likelihood8","Quantile","2","2","435851","4000","500","Complete","0.2211936","2.85E-5","0.1950049","0.0261602","0.421875","0.0","674482","4000","15438.964336306639","15424.356228106937","11497.88972532256","1.0006283061980878","0.01024848436056533","0","d045bb5c2ae5192b21902085068a9b62aa6f41d66d4132dc6affda22bcc4912d",""
"1","0","1","current","c6410392edd5b83003dbde0a9e0f1626dbac5328","3c4eb5aa557927d8666f64a5ccf45de3609b074f89f8e4b1b3604a66d52a3654","vectorPerformance","likelihood8","Quantile","2","3","443770","4000","500","Complete","0.223660401","5.4101E-5","0.197794099","0.025812201","0.46875","0.0","674770","4000","15279.141041189421","15290.437507693725","11098.089526704722","1.00060311853599","0.008195113181772185","0","14c0d80a24194a44695934e9fba1972daa6dc8b7383da72f1cd5837c36c4722d",""
"1","0","1","current","c6410392edd5b83003dbde0a9e0f1626dbac5328","3c4eb5aa557927d8666f64a5ccf45de3609b074f89f8e4b1b3604a66d52a3654","vectorPerformance","likelihood8","Quantile","2","4","451689","4000","500","Complete","0.222991301","3.3401E-5","0.1966789","0.026279","0.421875","0.0","675588","4000","15378.326224840608","15396.096164831599","11613.462866841413","1.000726442029433","0.005885612388259281","0","dffab805aa7e6a415f84c4666b5b3033cb9751a54880ba72e95a79dc87652086",""
"1","0","1","current","c6410392edd5b83003dbde0a9e0f1626dbac5328","3c4eb5aa557927d8666f64a5ccf45de3609b074f89f8e4b1b3604a66d52a3654","vectorPerformance","likelihood8","Quantile","4","-2","404175","4000","500","Complete","0.1168131","2.87E-5","0.1008474","0.015937","0.4375","0.0","675623","4000","14553.603071888145","14560.448774995888","11253.189859649683","1.0007097070118298","0.003922918284137322","0","03828cdda4fc43583cac684014ff31176af4a34269763a886473aa7e641f0391",""
"1","0","1","current","c6410392edd5b83003dbde0a9e0f1626dbac5328","3c4eb5aa557927d8666f64a5ccf45de3609b074f89f8e4b1b3604a66d52a3654","vectorPerformance","likelihood8","Quantile","4","-1","412094","4000","500","Complete","0.116625001","3.3601E-5","0.1006783","0.0159131","0.453125","0.0","674660","4000","15209.136106969212","15217.30790335651","11240.432710958032","1.0004372157752155","0.0052684685777992235","0","e259b6e006096a76873934a7876a399ffc6054ce8626e6a9f54fe4dc9a2a077b",""
"1","0","1","current","c6410392edd5b83003dbde0a9e0f1626dbac5328","3c4eb5aa557927d8666f64a5ccf45de3609b074f89f8e4b1b3604a66d52a3654","vectorPerformance","likelihood8","Quantile","4","0","420013","4000","500","Complete","0.1184093","3.5301E-5","0.1023717","0.016002299","0.46875","0.001","673796","4000","15027.331818683551","15033.704474475824","10491.658637470435","1.0004326935079904","0.005338364077357494","0","a6b794bfac044c42b2225f202fe85edd749f09d343dadd0c6f9a8be5b72afda0",""
"1","0","1","current","c6410392edd5b83003dbde0a9e0f1626dbac5328","3c4eb5aa557927d8666f64a5ccf45de3609b074f89f8e4b1b3604a66d52a3654","vectorPerformance","likelihood8","Quantile","4","1","427932","4000","500","Complete","0.119752501","5.4401E-5","0.1035326","0.0161655","0.4375","0.0","673825","4000","15276.658872254206","15256.4622489339","11119.716918313663","1.000391617247902","0.006419580823759208","0","50e2cecd19fa21e7ea4301720423264b745a7096caa97d8e6935a59763285f0a",""
"1","0","1","current","c6410392edd5b83003dbde0a9e0f1626dbac5328","3c4eb5aa557927d8666f64a5ccf45de3609b074f89f8e4b1b3604a66d52a3654","vectorPerformance","likelihood8","Quantile","4","2","435851","4000","500","Complete","0.1165342","2.93E-5","0.1006925","0.0158124","0.5","0.0","674482","4000","15438.964336306639","15424.356228106937","11497.88972532256","1.0006283061980878","0.01024848436056533","0","d045bb5c2ae5192b21902085068a9b62aa6f41d66d4132dc6affda22bcc4912d",""
"1","0","1","current","c6410392edd5b83003dbde0a9e0f1626dbac5328","3c4eb5aa557927d8666f64a5ccf45de3609b074f89f8e4b1b3604a66d52a3654","vectorPerformance","likelihood8","Quantile","4","3","443770","4000","500","Complete","0.1199353","3.1E-5","0.102699599","0.017204701","0.4375","0.002","674770","4000","15279.141041189421","15290.437507693725","11098.089526704722","1.00060311853599","0.008195113181772185","0","14c0d80a24194a44695934e9fba1972daa6dc8b7383da72f1cd5837c36c4722d",""
"1","0","1","current","c6410392edd5b83003dbde0a9e0f1626dbac5328","3c4eb5aa557927d8666f64a5ccf45de3609b074f89f8e4b1b3604a66d52a3654","vectorPerformance","likelihood8","Quantile","4","4","451689","4000","500","Complete","0.119094999","3.1E-5","0.1035902","0.015473799","0.515625","0.002","675588","4000","15378.326224840608","15396.096164831599","11613.462866841413","1.000726442029433","0.005885612388259281","0","dffab805aa7e6a415f84c4666b5b3033cb9751a54880ba72e95a79dc87652086",""
"1","0","1","current","c6410392edd5b83003dbde0a9e0f1626dbac5328","3c4eb5aa557927d8666f64a5ccf45de3609b074f89f8e4b1b3604a66d52a3654","vectorPerformance","mixture8","GPSS","1","-2","404175","4000","500","Complete","0.1230068","1.94E-5","0.0714645","0.0515229","0.125","0.001","229144","4000","14.257988816324646","29.19304971339808","41.12369705555653","1.0898522442939091","0.21935070608817098","8","3b6875e17ed27fe9805ded4d871f7b5f9d73e9def0157d2b9b3ca4e8933848aa",""
"1","0","1","current","c6410392edd5b83003dbde0a9e0f1626dbac5328","3c4eb5aa557927d8666f64a5ccf45de3609b074f89f8e4b1b3604a66d52a3654","vectorPerformance","mixture8","GPSS","1","-1","412094","4000","500","Complete","0.123827","1.93E-5","0.0711797","0.052628","0.125","0.001","229290","4000","18.720999899350527","39.028622707399215","46.96121523232878","1.0731938076004162","0.17813809720195017","8","abf27d85ad57f604af02f9ce976cde68729c5e5b0b9868c8021e26e9e57c9cbb",""
"1","0","1","current","c6410392edd5b83003dbde0a9e0f1626dbac5328","3c4eb5aa557927d8666f64a5ccf45de3609b074f89f8e4b1b3604a66d52a3654","vectorPerformance","mixture8","GPSS","1","0","420013","4000","500","Complete","0.1259375","1.75E-5","0.0706816","0.0552384","0.125","0.0","230860","4000","11.197660818981081","21.159126284650732","49.74480814386594","1.1308094060468774","0.5016290019944878","8","f1a24a91ced5488ebfe513313caafc39cdc36be309bd0944b0aca511830cdc9b",""
"1","0","1","current","c6410392edd5b83003dbde0a9e0f1626dbac5328","3c4eb5aa557927d8666f64a5ccf45de3609b074f89f8e4b1b3604a66d52a3654","vectorPerformance","mixture8","GPSS","1","1","427932","4000","500","Complete","0.120952","2.1699E-5","0.072991501","0.0479388","0.109375","0.001","227656","4000","350.3365962359708","946.1959119121931","828.0407758236613","1.006187429279826","0.489472770444491","0","3048dd7a997ec08547ffedc643f4f8ad71fb08dfc61d73588f085fae9f3b2530",""
"1","0","1","current","c6410392edd5b83003dbde0a9e0f1626dbac5328","3c4eb5aa557927d8666f64a5ccf45de3609b074f89f8e4b1b3604a66d52a3654","vectorPerformance","mixture8","GPSS","1","2","435851","4000","500","Complete","0.126415699","2.04E-5","0.0715197","0.054875599","0.125","0.001","230320","4000","11.885382937205895","20.922381229748733","74.65086869430434","1.127517255169642","0.6163845076767369","8","a8b0c5d28390a6bbe639426c5f3d044100be601426210b18a9d9a12faa0fdcbb",""
"1","0","1","current","c6410392edd5b83003dbde0a9e0f1626dbac5328","3c4eb5aa557927d8666f64a5ccf45de3609b074f89f8e4b1b3604a66d52a3654","vectorPerformance","mixture8","GPSS","1","3","443770","4000","500","Complete","0.126144199","2.2E-5","0.072701799","0.0534204","0.125","0.0","228342","4000","32.15927038708645","138.24287084259578","31.951943081965528","1.0380332431121262","0.32314994313579937","8","fb914cb87efc1f88af4218573d1acfcb2cf7af7578bb3764f9313b6f1caf9c08",""
"1","0","1","current","c6410392edd5b83003dbde0a9e0f1626dbac5328","3c4eb5aa557927d8666f64a5ccf45de3609b074f89f8e4b1b3604a66d52a3654","vectorPerformance","mixture8","GPSS","1","4","451689","4000","500","Complete","0.126278299","1.77E-5","0.0733516","0.052908999","0.125","0.001","231161","4000","11.42981152723505","18.51428192120557","82.97173289489884","1.1478873533286111","0.944470980985646","8","8c304b54387b3cfcaea9ca546733eb569997eadee97f924c60d4475ce4148eb9",""
"1","0","1","current","c6410392edd5b83003dbde0a9e0f1626dbac5328","3c4eb5aa557927d8666f64a5ccf45de3609b074f89f8e4b1b3604a66d52a3654","vectorPerformance","mixture8","GPSS","2","-2","404175","4000","500","Complete","0.090951","1.7501E-5","0.0602354","0.030698099","0.25","0.001","229144","4000","14.257988816324646","29.19304971339808","41.12369705555653","1.0898522442939091","0.21935070608817098","8","3b6875e17ed27fe9805ded4d871f7b5f9d73e9def0157d2b9b3ca4e8933848aa",""
"1","0","1","current","c6410392edd5b83003dbde0a9e0f1626dbac5328","3c4eb5aa557927d8666f64a5ccf45de3609b074f89f8e4b1b3604a66d52a3654","vectorPerformance","mixture8","GPSS","2","-1","412094","4000","500","Complete","0.071021901","1.39E-5","0.041988801","0.0290192","0.140625","0.0","229290","4000","18.720999899350527","39.028622707399215","46.96121523232878","1.0731938076004162","0.17813809720195017","8","abf27d85ad57f604af02f9ce976cde68729c5e5b0b9868c8021e26e9e57c9cbb",""
"1","0","1","current","c6410392edd5b83003dbde0a9e0f1626dbac5328","3c4eb5aa557927d8666f64a5ccf45de3609b074f89f8e4b1b3604a66d52a3654","vectorPerformance","mixture8","GPSS","2","0","420013","4000","500","Complete","0.086023","1.88E-5","0.0546287","0.0313755","0.140625","0.001","230860","4000","11.197660818981081","21.159126284650732","49.74480814386594","1.1308094060468774","0.5016290019944878","8","f1a24a91ced5488ebfe513313caafc39cdc36be309bd0944b0aca511830cdc9b",""
"1","0","1","current","c6410392edd5b83003dbde0a9e0f1626dbac5328","3c4eb5aa557927d8666f64a5ccf45de3609b074f89f8e4b1b3604a66d52a3654","vectorPerformance","mixture8","GPSS","2","1","427932","4000","500","Complete","0.079072099","1.85E-5","0.0508713","0.028182299","0.15625","0.001","227656","4000","350.3365962359708","946.1959119121931","828.0407758236613","1.006187429279826","0.489472770444491","0","3048dd7a997ec08547ffedc643f4f8ad71fb08dfc61d73588f085fae9f3b2530",""
"1","0","1","current","c6410392edd5b83003dbde0a9e0f1626dbac5328","3c4eb5aa557927d8666f64a5ccf45de3609b074f89f8e4b1b3604a66d52a3654","vectorPerformance","mixture8","GPSS","2","2","435851","4000","500","Complete","0.075514299","1.76E-5","0.0447037","0.030792999","0.15625","0.002","230320","4000","11.885382937205895","20.922381229748733","74.65086869430434","1.127517255169642","0.6163845076767369","8","a8b0c5d28390a6bbe639426c5f3d044100be601426210b18a9d9a12faa0fdcbb",""
"1","0","1","current","c6410392edd5b83003dbde0a9e0f1626dbac5328","3c4eb5aa557927d8666f64a5ccf45de3609b074f89f8e4b1b3604a66d52a3654","vectorPerformance","mixture8","GPSS","2","3","443770","4000","500","Complete","0.072308199","1.79E-5","0.0445775","0.027712799","0.15625","0.001","228342","4000","32.15927038708645","138.24287084259578","31.951943081965528","1.0380332431121262","0.32314994313579937","8","fb914cb87efc1f88af4218573d1acfcb2cf7af7578bb3764f9313b6f1caf9c08",""
"1","0","1","current","c6410392edd5b83003dbde0a9e0f1626dbac5328","3c4eb5aa557927d8666f64a5ccf45de3609b074f89f8e4b1b3604a66d52a3654","vectorPerformance","mixture8","GPSS","2","4","451689","4000","500","Complete","0.086571001","1.7101E-5","0.056442799","0.030111101","0.1875","0.001","231161","4000","11.42981152723505","18.51428192120557","82.97173289489884","1.1478873533286111","0.944470980985646","8","8c304b54387b3cfcaea9ca546733eb569997eadee97f924c60d4475ce4148eb9",""
"1","0","1","current","c6410392edd5b83003dbde0a9e0f1626dbac5328","3c4eb5aa557927d8666f64a5ccf45de3609b074f89f8e4b1b3604a66d52a3654","vectorPerformance","mixture8","GPSS","4","-2","404175","4000","500","Complete","0.0613549","1.9501E-5","0.0436872","0.017648199","0.25","0.0","229144","4000","14.257988816324646","29.19304971339808","41.12369705555653","1.0898522442939091","0.21935070608817098","8","3b6875e17ed27fe9805ded4d871f7b5f9d73e9def0157d2b9b3ca4e8933848aa",""
"1","0","1","current","c6410392edd5b83003dbde0a9e0f1626dbac5328","3c4eb5aa557927d8666f64a5ccf45de3609b074f89f8e4b1b3604a66d52a3654","vectorPerformance","mixture8","GPSS","4","-1","412094","4000","500","Complete","0.060716801","1.83E-5","0.042232401","0.0184661","0.25","0.001","229290","4000","18.720999899350527","39.028622707399215","46.96121523232878","1.0731938076004162","0.17813809720195017","8","abf27d85ad57f604af02f9ce976cde68729c5e5b0b9868c8021e26e9e57c9cbb",""
"1","0","1","current","c6410392edd5b83003dbde0a9e0f1626dbac5328","3c4eb5aa557927d8666f64a5ccf45de3609b074f89f8e4b1b3604a66d52a3654","vectorPerformance","mixture8","GPSS","4","0","420013","4000","500","Complete","0.0649729","1.84E-5","0.0463165","0.018638","0.28125","0.0","230860","4000","11.197660818981081","21.159126284650732","49.74480814386594","1.1308094060468774","0.5016290019944878","8","f1a24a91ced5488ebfe513313caafc39cdc36be309bd0944b0aca511830cdc9b",""
"1","0","1","current","c6410392edd5b83003dbde0a9e0f1626dbac5328","3c4eb5aa557927d8666f64a5ccf45de3609b074f89f8e4b1b3604a66d52a3654","vectorPerformance","mixture8","GPSS","4","1","427932","4000","500","Complete","0.057196901","2.1201E-5","0.0417648","0.0154109","0.1875","0.0","227656","4000","350.3365962359708","946.1959119121931","828.0407758236613","1.006187429279826","0.489472770444491","0","3048dd7a997ec08547ffedc643f4f8ad71fb08dfc61d73588f085fae9f3b2530",""
"1","0","1","current","c6410392edd5b83003dbde0a9e0f1626dbac5328","3c4eb5aa557927d8666f64a5ccf45de3609b074f89f8e4b1b3604a66d52a3654","vectorPerformance","mixture8","GPSS","4","2","435851","4000","500","Complete","0.0685769","1.9199E-5","0.049984401","0.0185733","0.25","0.0","230320","4000","11.885382937205895","20.922381229748733","74.65086869430434","1.127517255169642","0.6163845076767369","8","a8b0c5d28390a6bbe639426c5f3d044100be601426210b18a9d9a12faa0fdcbb",""
"1","0","1","current","c6410392edd5b83003dbde0a9e0f1626dbac5328","3c4eb5aa557927d8666f64a5ccf45de3609b074f89f8e4b1b3604a66d52a3654","vectorPerformance","mixture8","GPSS","4","3","443770","4000","500","Complete","0.0626543","2.16E-5","0.0461561","0.0164766","0.25","0.0","228342","4000","32.15927038708645","138.24287084259578","31.951943081965528","1.0380332431121262","0.32314994313579937","8","fb914cb87efc1f88af4218573d1acfcb2cf7af7578bb3764f9313b6f1caf9c08",""
"1","0","1","current","c6410392edd5b83003dbde0a9e0f1626dbac5328","3c4eb5aa557927d8666f64a5ccf45de3609b074f89f8e4b1b3604a66d52a3654","vectorPerformance","mixture8","GPSS","4","4","451689","4000","500","Complete","0.066859","3.83E-5","0.0483931","0.0184276","0.28125","0.0","231161","4000","11.42981152723505","18.51428192120557","82.97173289489884","1.1478873533286111","0.944470980985646","8","8c304b54387b3cfcaea9ca546733eb569997eadee97f924c60d4475ce4148eb9",""
"1","0","1","current","c6410392edd5b83003dbde0a9e0f1626dbac5328","3c4eb5aa557927d8666f64a5ccf45de3609b074f89f8e4b1b3604a66d52a3654","vectorPerformance","mixture8","Quantile","1","-2","404175","4000","500","Complete","0.2138716","3.15E-5","0.1600767","0.0537634","0.21875","0.002","794544","4000","4.187636809868029","7.060337598855363","26.16378128764236","1.5288331364789502","3.256985326991021","8","08478ec37e7016f0a746f5541369d3f27e6780b3d77ac0dd3727aedc458b8a7f",""
"1","0","1","current","c6410392edd5b83003dbde0a9e0f1626dbac5328","3c4eb5aa557927d8666f64a5ccf45de3609b074f89f8e4b1b3604a66d52a3654","vectorPerformance","mixture8","Quantile","1","-1","412094","4000","500","Complete","0.2168553","1.57E-5","0.1666224","0.0502172","0.21875","0.002","816779","4000","13172.219750891138","13222.282432153374","9557.095877190202","1.0009523655339596","4.505381108384656","0","df0a2d121acaf8121fe4585bac661d116d56b94d4bbd87d7554b9b56bc69a16b",""
"1","0","1","current","c6410392edd5b83003dbde0a9e0f1626dbac5328","3c4eb5aa557927d8666f64a5ccf45de3609b074f89f8e4b1b3604a66d52a3654","vectorPerformance","mixture8","Quantile","1","0","420013","4000","500","Complete","0.2153746","1.84E-5","0.1592128","0.0561434","0.21875","0.0","794198","4000","4.186058672517822","7.066033020998243","25.872565892706334","1.528293121197245","3.254959184947837","8","298edcccf4cb67bd1d71a2c67eaac49d9c2f065b01ce89b5a425470b4ac34246",""
"1","0","1","current","c6410392edd5b83003dbde0a9e0f1626dbac5328","3c4eb5aa557927d8666f64a5ccf45de3609b074f89f8e4b1b3604a66d52a3654","vectorPerformance","mixture8","Quantile","1","1","427932","4000","500","Complete","0.208754999","1.54E-5","0.154600999","0.0541386","0.203125","0.001","793428","4000","4.1830750512240416","7.063117190644894","25.56957561795727","1.5283657513611182","3.2567621870613133","8","273d5a969b71614959a723e90feee880f8890fbdd52ed734512ecdb8349192a1",""
"1","0","1","current","c6410392edd5b83003dbde0a9e0f1626dbac5328","3c4eb5aa557927d8666f64a5ccf45de3609b074f89f8e4b1b3604a66d52a3654","vectorPerformance","mixture8","Quantile","1","2","435851","4000","500","Complete","0.2151135","1.47E-5","0.1619002","0.0531986","0.203125","0.002","819559","4000","13453.176078554361","13421.262962358194","9216.280792110578","1.0005674240480147","4.502788958677054","0","d8c678a9202d9a68411f907dc58204bfa1e84fa81561ad1055f777dd4b42c6f2",""
"1","0","1","current","c6410392edd5b83003dbde0a9e0f1626dbac5328","3c4eb5aa557927d8666f64a5ccf45de3609b074f89f8e4b1b3604a66d52a3654","vectorPerformance","mixture8","Quantile","1","3","443770","4000","500","Complete","0.216219599","3.4699E-5","0.166580701","0.049604199","0.21875","0.003","818525","4000","14133.815442025896","14200.524096105466","9050.625427824825","1.0007425189374404","4.512149086714977","0","1bb1a4f128a60c3df02103528fa01749d02171821dd07470e5dae7f5e8630625",""
"1","0","1","current","c6410392edd5b83003dbde0a9e0f1626dbac5328","3c4eb5aa557927d8666f64a5ccf45de3609b074f89f8e4b1b3604a66d52a3654","vectorPerformance","mixture8","Quantile","1","4","451689","4000","500","Complete","0.2178271","2.71E-5","0.163229299","0.054570701","0.25","0.004","819229","4000","12826.818650755431","12819.884446949432","9099.649034826969","1.000430048273552","4.504000123365279","0","678212121ddd43756b45e7bd2e21e3caba79bf54b0c78a22985c55552046cf37",""
"1","0","1","current","c6410392edd5b83003dbde0a9e0f1626dbac5328","3c4eb5aa557927d8666f64a5ccf45de3609b074f89f8e4b1b3604a66d52a3654","vectorPerformance","mixture8","Quantile","2","-2","404175","4000","500","Complete","0.137640701","1.54E-5","0.105962201","0.0316631","0.265625","0.001","794544","4000","4.187636809868029","7.060337598855363","26.16378128764236","1.5288331364789502","3.256985326991021","8","08478ec37e7016f0a746f5541369d3f27e6780b3d77ac0dd3727aedc458b8a7f",""
"1","0","1","current","c6410392edd5b83003dbde0a9e0f1626dbac5328","3c4eb5aa557927d8666f64a5ccf45de3609b074f89f8e4b1b3604a66d52a3654","vectorPerformance","mixture8","Quantile","2","-1","412094","4000","500","Complete","0.1338405","2.1E-5","0.1063892","0.0274303","0.21875","0.002","816779","4000","13172.219750891138","13222.282432153374","9557.095877190202","1.0009523655339596","4.505381108384656","0","df0a2d121acaf8121fe4585bac661d116d56b94d4bbd87d7554b9b56bc69a16b",""
"1","0","1","current","c6410392edd5b83003dbde0a9e0f1626dbac5328","3c4eb5aa557927d8666f64a5ccf45de3609b074f89f8e4b1b3604a66d52a3654","vectorPerformance","mixture8","Quantile","2","0","420013","4000","500","Complete","0.131199","1.69E-5","0.1018741","0.029308","0.25","0.001","794198","4000","4.186058672517822","7.066033020998243","25.872565892706334","1.528293121197245","3.254959184947837","8","298edcccf4cb67bd1d71a2c67eaac49d9c2f065b01ce89b5a425470b4ac34246",""
"1","0","1","current","c6410392edd5b83003dbde0a9e0f1626dbac5328","3c4eb5aa557927d8666f64a5ccf45de3609b074f89f8e4b1b3604a66d52a3654","vectorPerformance","mixture8","Quantile","2","1","427932","4000","500","Complete","0.1325819","1.6401E-5","0.103027199","0.0295383","0.265625","0.001","793428","4000","4.1830750512240416","7.063117190644894","25.56957561795727","1.5283657513611182","3.2567621870613133","8","273d5a969b71614959a723e90feee880f8890fbdd52ed734512ecdb8349192a1",""
"1","0","1","current","c6410392edd5b83003dbde0a9e0f1626dbac5328","3c4eb5aa557927d8666f64a5ccf45de3609b074f89f8e4b1b3604a66d52a3654","vectorPerformance","mixture8","Quantile","2","2","435851","4000","500","Complete","0.135144601","1.8001E-5","0.1064423","0.0286843","0.265625","0.001","819559","4000","13453.176078554361","13421.262962358194","9216.280792110578","1.0005674240480147","4.502788958677054","0","d8c678a9202d9a68411f907dc58204bfa1e84fa81561ad1055f777dd4b42c6f2",""
"1","0","1","current","c6410392edd5b83003dbde0a9e0f1626dbac5328","3c4eb5aa557927d8666f64a5ccf45de3609b074f89f8e4b1b3604a66d52a3654","vectorPerformance","mixture8","Quantile","2","3","443770","4000","500","Complete","0.133624701","1.7701E-5","0.1059912","0.0276158","0.28125","0.001","818525","4000","14133.815442025896","14200.524096105466","9050.625427824825","1.0007425189374404","4.512149086714977","0","1bb1a4f128a60c3df02103528fa01749d02171821dd07470e5dae7f5e8630625",""
"1","0","1","current","c6410392edd5b83003dbde0a9e0f1626dbac5328","3c4eb5aa557927d8666f64a5ccf45de3609b074f89f8e4b1b3604a66d52a3654","vectorPerformance","mixture8","Quantile","2","4","451689","4000","500","Complete","0.1312819","1.63E-5","0.1043891","0.0268765","0.28125","0.002","819229","4000","12826.818650755431","12819.884446949432","9099.649034826969","1.000430048273552","4.504000123365279","0","678212121ddd43756b45e7bd2e21e3caba79bf54b0c78a22985c55552046cf37",""
"1","0","1","current","c6410392edd5b83003dbde0a9e0f1626dbac5328","3c4eb5aa557927d8666f64a5ccf45de3609b074f89f8e4b1b3604a66d52a3654","vectorPerformance","mixture8","Quantile","4","-2","404175","4000","500","Complete","0.1032197","1.68E-5","0.084905099","0.018297801","0.421875","0.002","794544","4000","4.187636809868029","7.060337598855363","26.16378128764236","1.5288331364789502","3.256985326991021","8","08478ec37e7016f0a746f5541369d3f27e6780b3d77ac0dd3727aedc458b8a7f",""
"1","0","1","current","c6410392edd5b83003dbde0a9e0f1626dbac5328","3c4eb5aa557927d8666f64a5ccf45de3609b074f89f8e4b1b3604a66d52a3654","vectorPerformance","mixture8","Quantile","4","-1","412094","4000","500","Complete","0.105034","1.6801E-5","0.086164799","0.0188524","0.515625","0.002","816779","4000","13172.219750891138","13222.282432153374","9557.095877190202","1.0009523655339596","4.505381108384656","0","df0a2d121acaf8121fe4585bac661d116d56b94d4bbd87d7554b9b56bc69a16b",""
"1","0","1","current","c6410392edd5b83003dbde0a9e0f1626dbac5328","3c4eb5aa557927d8666f64a5ccf45de3609b074f89f8e4b1b3604a66d52a3654","vectorPerformance","mixture8","Quantile","4","0","420013","4000","500","Complete","0.095816801","1.49E-5","0.076758101","0.0190438","0.390625","0.0","794198","4000","4.186058672517822","7.066033020998243","25.872565892706334","1.528293121197245","3.254959184947837","8","298edcccf4cb67bd1d71a2c67eaac49d9c2f065b01ce89b5a425470b4ac34246",""
"1","0","1","current","c6410392edd5b83003dbde0a9e0f1626dbac5328","3c4eb5aa557927d8666f64a5ccf45de3609b074f89f8e4b1b3604a66d52a3654","vectorPerformance","mixture8","Quantile","4","1","427932","4000","500","Complete","0.1067359","1.5E-5","0.0868597","0.0198612","0.4375","0.001","793428","4000","4.1830750512240416","7.063117190644894","25.56957561795727","1.5283657513611182","3.2567621870613133","8","273d5a969b71614959a723e90feee880f8890fbdd52ed734512ecdb8349192a1",""
"1","0","1","current","c6410392edd5b83003dbde0a9e0f1626dbac5328","3c4eb5aa557927d8666f64a5ccf45de3609b074f89f8e4b1b3604a66d52a3654","vectorPerformance","mixture8","Quantile","4","2","435851","4000","500","Complete","0.0981603","1.79E-5","0.0816347","0.0165077","0.375","0.001","819559","4000","13453.176078554361","13421.262962358194","9216.280792110578","1.0005674240480147","4.502788958677054","0","d8c678a9202d9a68411f907dc58204bfa1e84fa81561ad1055f777dd4b42c6f2",""
"1","0","1","current","c6410392edd5b83003dbde0a9e0f1626dbac5328","3c4eb5aa557927d8666f64a5ccf45de3609b074f89f8e4b1b3604a66d52a3654","vectorPerformance","mixture8","Quantile","4","3","443770","4000","500","Complete","0.113571401","1.7701E-5","0.0965649","0.0169888","0.4375","0.002","818525","4000","14133.815442025896","14200.524096105466","9050.625427824825","1.0007425189374404","4.512149086714977","0","1bb1a4f128a60c3df02103528fa01749d02171821dd07470e5dae7f5e8630625",""
"1","0","1","current","c6410392edd5b83003dbde0a9e0f1626dbac5328","3c4eb5aa557927d8666f64a5ccf45de3609b074f89f8e4b1b3604a66d52a3654","vectorPerformance","mixture8","Quantile","4","4","451689","4000","500","Complete","0.1088017","2.22E-5","0.0925359","0.0162436","0.4375","0.002","819229","4000","12826.818650755431","12819.884446949432","9099.649034826969","1.000430048273552","4.504000123365279","0","678212121ddd43756b45e7bd2e21e3caba79bf54b0c78a22985c55552046cf37",""
"1","0","1","current","c6410392edd5b83003dbde0a9e0f1626dbac5328","3c4eb5aa557927d8666f64a5ccf45de3609b074f89f8e4b1b3604a66d52a3654","vectorPerformance","positive32","GPSS","1","-2","404175","4000","500","Complete","0.424633","3.3599E-5","0.226755201","0.1978442","0.421875","0.003","312248","4000","6.507081555422677","8.267454120088496","11.239726363241573","1.4243493212370788","0.9111742118510904","32","e1f462be7160698fc96433c37d8e6460fa2b583d96e58a05af89904985ee97c5",""
"1","0","1","current","c6410392edd5b83003dbde0a9e0f1626dbac5328","3c4eb5aa557927d8666f64a5ccf45de3609b074f89f8e4b1b3604a66d52a3654","vectorPerformance","positive32","GPSS","1","-1","412094","4000","500","Complete","0.4303378","2.35E-5","0.2298602","0.2004541","0.4375","0.004","312989","4000","5.495322761597328","8.012492423835413","12.29336507256984","1.4621066333934736","0.5327465027759886","32","047503de7ceb57f45f2c33ddf27b78c64d75cb6665a40538a8909c85da9d2c02",""
"1","0","1","current","c6410392edd5b83003dbde0a9e0f1626dbac5328","3c4eb5aa557927d8666f64a5ccf45de3609b074f89f8e4b1b3604a66d52a3654","vectorPerformance","positive32","GPSS","1","0","420013","4000","500","Complete","0.431712301","2.3001E-5","0.2269995","0.2046898","0.4375","0.007","315080","4000","5.054210848500271","6.4086389980297715","11.498400167812514","1.682066869867944","1.124774421937512","32","9182bbb858877f9a625ab3c8ae05e7120fdc466f42d5a1dceccf9395da6065e9",""
"1","0","1","current","c6410392edd5b83003dbde0a9e0f1626dbac5328","3c4eb5aa557927d8666f64a5ccf45de3609b074f89f8e4b1b3604a66d52a3654","vectorPerformance","positive32","GPSS","1","1","427932","4000","500","Complete","0.422857999","2.54E-5","0.2240708","0.198761799","0.421875","0.002","310499","4000","4.949526595516298","7.4253970060875725","11.370735805288119","1.496332455560683","0.5218258205642705","32","f0d7064a140efac0e8d7992843e936b5b1ea4f33b336f96c18ed34d07d4ff733",""
"1","0","1","current","c6410392edd5b83003dbde0a9e0f1626dbac5328","3c4eb5aa557927d8666f64a5ccf45de3609b074f89f8e4b1b3604a66d52a3654","vectorPerformance","positive32","GPSS","1","2","435851","4000","500","Complete","0.426375501","2.5601E-5","0.2263939","0.199956","0.453125","0.002","312895","4000","6.595439608345559","8.875134343603566","10.947737821804315","1.3815878832703925","0.38311879002350624","32","0365e43fa384cead64ff9f89d32ea3ea9edfdb1f4523fadebe6c708ca213e343",""
"1","0","1","current","c6410392edd5b83003dbde0a9e0f1626dbac5328","3c4eb5aa557927d8666f64a5ccf45de3609b074f89f8e4b1b3604a66d52a3654","vectorPerformance","positive32","GPSS","1","3","443770","4000","500","Complete","0.4282497","2.7901E-5","0.2295508","0.198670999","0.421875","0.002","322378","4000","4.786571198089734","5.896539279571406","11.375709989448119","1.7909712039019074","1.5561805918696656","32","6ad6daee0ad4e8690da4c2f3a9ad5ab953ab95d6f3a80ac9994366367dae6f68",""
"1","0","1","current","c6410392edd5b83003dbde0a9e0f1626dbac5328","3c4eb5aa557927d8666f64a5ccf45de3609b074f89f8e4b1b3604a66d52a3654","vectorPerformance","positive32","GPSS","1","4","451689","4000","500","Complete","0.429872","2.32E-5","0.2232644","0.2065844","0.421875","0.007","312493","4000","7.11180708957874","8.71283262637544","16.641164170760746","1.408214647506748","0.6415784047018325","32","b56b7859597de05ce23273ba96ae874e4baee6fad0f20d955b87448e5465d676",""
"1","0","1","current","c6410392edd5b83003dbde0a9e0f1626dbac5328","3c4eb5aa557927d8666f64a5ccf45de3609b074f89f8e4b1b3604a66d52a3654","vectorPerformance","positive32","GPSS","2","-2","404175","4000","500","Complete","0.2467292","2.51E-5","0.139847299","0.106856801","0.53125","0.003","312248","4000","6.507081555422677","8.267454120088496","11.239726363241573","1.4243493212370788","0.9111742118510904","32","e1f462be7160698fc96433c37d8e6460fa2b583d96e58a05af89904985ee97c5",""
"1","0","1","current","c6410392edd5b83003dbde0a9e0f1626dbac5328","3c4eb5aa557927d8666f64a5ccf45de3609b074f89f8e4b1b3604a66d52a3654","vectorPerformance","positive32","GPSS","2","-1","412094","4000","500","Complete","0.2400317","2.36E-5","0.1281296","0.1118785","0.46875","0.002","312989","4000","5.495322761597328","8.012492423835413","12.29336507256984","1.4621066333934736","0.5327465027759886","32","047503de7ceb57f45f2c33ddf27b78c64d75cb6665a40538a8909c85da9d2c02",""
"1","0","1","current","c6410392edd5b83003dbde0a9e0f1626dbac5328","3c4eb5aa557927d8666f64a5ccf45de3609b074f89f8e4b1b3604a66d52a3654","vectorPerformance","positive32","GPSS","2","0","420013","4000","500","Complete","0.239821299","2.33E-5","0.1293248","0.110473199","0.796875","0.002","315080","4000","5.054210848500271","6.4086389980297715","11.498400167812514","1.682066869867944","1.124774421937512","32","9182bbb858877f9a625ab3c8ae05e7120fdc466f42d5a1dceccf9395da6065e9",""
"1","0","1","current","c6410392edd5b83003dbde0a9e0f1626dbac5328","3c4eb5aa557927d8666f64a5ccf45de3609b074f89f8e4b1b3604a66d52a3654","vectorPerformance","positive32","GPSS","2","1","427932","4000","500","Complete","0.236690101","2.6401E-5","0.1284794","0.1081843","0.46875","0.003","310499","4000","4.949526595516298","7.4253970060875725","11.370735805288119","1.496332455560683","0.5218258205642705","32","f0d7064a140efac0e8d7992843e936b5b1ea4f33b336f96c18ed34d07d4ff733",""
"1","0","1","current","c6410392edd5b83003dbde0a9e0f1626dbac5328","3c4eb5aa557927d8666f64a5ccf45de3609b074f89f8e4b1b3604a66d52a3654","vectorPerformance","positive32","GPSS","2","2","435851","4000","500","Complete","0.2422616","2.3699E-5","0.129268201","0.1129697","0.5","0.004","312895","4000","6.595439608345559","8.875134343603566","10.947737821804315","1.3815878832703925","0.38311879002350624","32","0365e43fa384cead64ff9f89d32ea3ea9edfdb1f4523fadebe6c708ca213e343",""
"1","0","1","current","c6410392edd5b83003dbde0a9e0f1626dbac5328","3c4eb5aa557927d8666f64a5ccf45de3609b074f89f8e4b1b3604a66d52a3654","vectorPerformance","positive32","GPSS","2","3","443770","4000","500","Complete","0.240345399","2.3099E-5","0.131578601","0.108743699","0.515625","0.004","322378","4000","4.786571198089734","5.896539279571406","11.375709989448119","1.7909712039019074","1.5561805918696656","32","6ad6daee0ad4e8690da4c2f3a9ad5ab953ab95d6f3a80ac9994366367dae6f68",""
"1","0","1","current","c6410392edd5b83003dbde0a9e0f1626dbac5328","3c4eb5aa557927d8666f64a5ccf45de3609b074f89f8e4b1b3604a66d52a3654","vectorPerformance","positive32","GPSS","2","4","451689","4000","500","Complete","0.240347","2.36E-5","0.1287494","0.111574","0.46875","0.004","312493","4000","7.11180708957874","8.71283262637544","16.641164170760746","1.408214647506748","0.6415784047018325","32","b56b7859597de05ce23273ba96ae874e4baee6fad0f20d955b87448e5465d676",""
"1","0","1","current","c6410392edd5b83003dbde0a9e0f1626dbac5328","3c4eb5aa557927d8666f64a5ccf45de3609b074f89f8e4b1b3604a66d52a3654","vectorPerformance","positive32","GPSS","4","-2","404175","4000","500","Complete","0.1672859","3.17E-5","0.0981067","0.0691475","0.96875","0.004","312248","4000","6.507081555422677","8.267454120088496","11.239726363241573","1.4243493212370788","0.9111742118510904","32","e1f462be7160698fc96433c37d8e6460fa2b583d96e58a05af89904985ee97c5",""
"1","0","1","current","c6410392edd5b83003dbde0a9e0f1626dbac5328","3c4eb5aa557927d8666f64a5ccf45de3609b074f89f8e4b1b3604a66d52a3654","vectorPerformance","positive32","GPSS","4","-1","412094","4000","500","Complete","0.165056","3.29E-5","0.0978752","0.0671479","0.703125","0.002","312989","4000","5.495322761597328","8.012492423835413","12.29336507256984","1.4621066333934736","0.5327465027759886","32","047503de7ceb57f45f2c33ddf27b78c64d75cb6665a40538a8909c85da9d2c02",""
"1","0","1","current","c6410392edd5b83003dbde0a9e0f1626dbac5328","3c4eb5aa557927d8666f64a5ccf45de3609b074f89f8e4b1b3604a66d52a3654","vectorPerformance","positive32","GPSS","4","0","420013","4000","500","Complete","0.1678517","2.33E-5","0.097606599","0.070221801","0.6875","0.004","315080","4000","5.054210848500271","6.4086389980297715","11.498400167812514","1.682066869867944","1.124774421937512","32","9182bbb858877f9a625ab3c8ae05e7120fdc466f42d5a1dceccf9395da6065e9",""
"1","0","1","current","c6410392edd5b83003dbde0a9e0f1626dbac5328","3c4eb5aa557927d8666f64a5ccf45de3609b074f89f8e4b1b3604a66d52a3654","vectorPerformance","positive32","GPSS","4","1","427932","4000","500","Complete","0.167651399","2.35E-5","0.0970957","0.070532199","0.640625","0.004","310499","4000","4.949526595516298","7.4253970060875725","11.370735805288119","1.496332455560683","0.5218258205642705","32","f0d7064a140efac0e8d7992843e936b5b1ea4f33b336f96c18ed34d07d4ff733",""
"1","0","1","current","c6410392edd5b83003dbde0a9e0f1626dbac5328","3c4eb5aa557927d8666f64a5ccf45de3609b074f89f8e4b1b3604a66d52a3654","vectorPerformance","positive32","GPSS","4","2","435851","4000","500","Complete","0.1677635","2.4E-5","0.0974725","0.070267","0.65625","0.004","312895","4000","6.595439608345559","8.875134343603566","10.947737821804315","1.3815878832703925","0.38311879002350624","32","0365e43fa384cead64ff9f89d32ea3ea9edfdb1f4523fadebe6c708ca213e343",""
"1","0","1","current","c6410392edd5b83003dbde0a9e0f1626dbac5328","3c4eb5aa557927d8666f64a5ccf45de3609b074f89f8e4b1b3604a66d52a3654","vectorPerformance","positive32","GPSS","4","3","443770","4000","500","Complete","0.167309399","2.52E-5","0.102656799","0.0646274","0.671875","0.003","322378","4000","4.786571198089734","5.896539279571406","11.375709989448119","1.7909712039019074","1.5561805918696656","32","6ad6daee0ad4e8690da4c2f3a9ad5ab953ab95d6f3a80ac9994366367dae6f68",""
"1","0","1","current","c6410392edd5b83003dbde0a9e0f1626dbac5328","3c4eb5aa557927d8666f64a5ccf45de3609b074f89f8e4b1b3604a66d52a3654","vectorPerformance","positive32","GPSS","4","4","451689","4000","500","Complete","0.1662177","2.5E-5","0.1027528","0.0634399","0.640625","0.003","312493","4000","7.11180708957874","8.71283262637544","16.641164170760746","1.408214647506748","0.6415784047018325","32","b56b7859597de05ce23273ba96ae874e4baee6fad0f20d955b87448e5465d676",""
"1","0","1","current","c6410392edd5b83003dbde0a9e0f1626dbac5328","3c4eb5aa557927d8666f64a5ccf45de3609b074f89f8e4b1b3604a66d52a3654","vectorPerformance","positive32","Quantile","1","-2","404175","4000","500","Complete","0.8935198","2.26E-5","0.6970727","0.1964245","0.890625","0.01","2332703","4000","8030.260361578566","7443.725542312934","10980.95587684255","1.0012073242374708","0.03162578897149504","0","109d1589a3cfa1856056d074588bf62a00242342be20aaa02c7f9fa0c3d02464",""
"1","0","1","current","c6410392edd5b83003dbde0a9e0f1626dbac5328","3c4eb5aa557927d8666f64a5ccf45de3609b074f89f8e4b1b3604a66d52a3654","vectorPerformance","positive32","Quantile","1","-1","412094","4000","500","Complete","0.889193001","2.1101E-5","0.6996147","0.1895572","0.890625","0.006","2332056","4000","7849.260320702932","7497.08911341319","10218.844461352033","1.000850226319869","0.023734462941020107","0","2e7ae8f39b7d995378c03be6210919257cb3c5da65a71f7499cfe9fc1c43ddaa",""
"1","0","1","current","c6410392edd5b83003dbde0a9e0f1626dbac5328","3c4eb5aa557927d8666f64a5ccf45de3609b074f89f8e4b1b3604a66d52a3654","vectorPerformance","positive32","Quantile","1","0","420013","4000","500","Complete","0.8995214","3.3199E-5","0.702377201","0.197111","1.59375","0.009","2331456","4000","8061.462008922536","7644.287188277893","10396.228328686206","1.000767355772193","0.026399068267307313","0","b1c80d02d980f561db28b8e8c75872a90bfe94527189f07f4dfe1c9226d272e5",""
"1","0","1","current","c6410392edd5b83003dbde0a9e0f1626dbac5328","3c4eb5aa557927d8666f64a5ccf45de3609b074f89f8e4b1b3604a66d52a3654","vectorPerformance","positive32","Quantile","1","1","427932","4000","500","Complete","0.9004081","2.74E-5","0.7096858","0.1906949","1.234375","0.005","2330866","4000","7748.716822064378","7364.471868294603","10702.763364386927","1.0006942215274883","0.030448865944532777","0","218737eae3e2da277e8b65fe3a76bd5f04046950597185a676bdc475001c1e46",""
"1","0","1","current","c6410392edd5b83003dbde0a9e0f1626dbac5328","3c4eb5aa557927d8666f64a5ccf45de3609b074f89f8e4b1b3604a66d52a3654","vectorPerformance","positive32","Quantile","1","2","435851","4000","500","Complete","0.9075388","2.61E-5","0.7141865","0.1933262","0.90625","0.004","2331863","4000","7994.761109518766","7444.795092892279","10756.070846197807","1.0010742652566522","0.026722483101742966","0","fb50892c47662c7c9c7473b45775635e782a20ef09488c3bc7f407bd559adfe3",""
"1","0","1","current","c6410392edd5b83003dbde0a9e0f1626dbac5328","3c4eb5aa557927d8666f64a5ccf45de3609b074f89f8e4b1b3604a66d52a3654","vectorPerformance","positive32","Quantile","1","3","443770","4000","500","Complete","0.8888406","4.89E-5","0.6917207","0.197071","0.890625","0.008","2331071","4000","8046.326204198977","7094.826103737033","10587.156707045673","1.0006492486922247","0.022192055198105076","0","ea829d033823c80e3ad79c2bf9f4c957103c19055e7f39ac840ae3dd8ecf7787",""
"1","0","1","current","c6410392edd5b83003dbde0a9e0f1626dbac5328","3c4eb5aa557927d8666f64a5ccf45de3609b074f89f8e4b1b3604a66d52a3654","vectorPerformance","positive32","Quantile","1","4","451689","4000","500","Complete","0.8902249","2.04E-5","0.6982871","0.1919174","0.890625","0.006","2329615","4000","8049.572429524939","7585.9302215949265","10803.178568962107","1.001435614653514","0.019996657665890316","0","f2275fab90488b6e0703edb3fe7b6bef8718ce8c0b14a645dc9d2b61880d135c",""
"1","0","1","current","c6410392edd5b83003dbde0a9e0f1626dbac5328","3c4eb5aa557927d8666f64a5ccf45de3609b074f89f8e4b1b3604a66d52a3654","vectorPerformance","positive32","Quantile","2","-2","404175","4000","500","Complete","0.49372","1.84E-5","0.3914981","0.1022035","1.015625","0.007","2332703","4000","8030.260361578566","7443.725542312934","10980.95587684255","1.0012073242374708","0.03162578897149504","0","109d1589a3cfa1856056d074588bf62a00242342be20aaa02c7f9fa0c3d02464",""
"1","0","1","current","c6410392edd5b83003dbde0a9e0f1626dbac5328","3c4eb5aa557927d8666f64a5ccf45de3609b074f89f8e4b1b3604a66d52a3654","vectorPerformance","positive32","Quantile","2","-1","412094","4000","500","Complete","0.494689399","1.93E-5","0.3878714","0.106798699","1.328125","0.008","2332056","4000","7849.260320702932","7497.08911341319","10218.844461352033","1.000850226319869","0.023734462941020107","0","2e7ae8f39b7d995378c03be6210919257cb3c5da65a71f7499cfe9fc1c43ddaa",""
"1","0","1","current","c6410392edd5b83003dbde0a9e0f1626dbac5328","3c4eb5aa557927d8666f64a5ccf45de3609b074f89f8e4b1b3604a66d52a3654","vectorPerformance","positive32","Quantile","2","0","420013","4000","500","Complete","0.494246999","2.6899E-5","0.391952601","0.102267499","1.0","0.007","2331456","4000","8061.462008922536","7644.287188277893","10396.228328686206","1.000767355772193","0.026399068267307313","0","b1c80d02d980f561db28b8e8c75872a90bfe94527189f07f4dfe1c9226d272e5",""
"1","0","1","current","c6410392edd5b83003dbde0a9e0f1626dbac5328","3c4eb5aa557927d8666f64a5ccf45de3609b074f89f8e4b1b3604a66d52a3654","vectorPerformance","positive32","Quantile","2","1","427932","4000","500","Complete","0.5009389","2.26E-5","0.3928207","0.1080956","0.984375","0.007","2330866","4000","7748.716822064378","7364.471868294603","10702.763364386927","1.0006942215274883","0.030448865944532777","0","218737eae3e2da277e8b65fe3a76bd5f04046950597185a676bdc475001c1e46",""
"1","0","1","current","c6410392edd5b83003dbde0a9e0f1626dbac5328","3c4eb5aa557927d8666f64a5ccf45de3609b074f89f8e4b1b3604a66d52a3654","vectorPerformance","positive32","Quantile","2","2","435851","4000","500","Complete","0.490089799","2.04E-5","0.3828564","0.107212999","1.296875","0.009","2331863","4000","7994.761109518766","7444.795092892279","10756.070846197807","1.0010742652566522","0.026722483101742966","0","fb50892c47662c7c9c7473b45775635e782a20ef09488c3bc7f407bd559adfe3",""
"1","0","1","current","c6410392edd5b83003dbde0a9e0f1626dbac5328","3c4eb5aa557927d8666f64a5ccf45de3609b074f89f8e4b1b3604a66d52a3654","vectorPerformance","positive32","Quantile","2","3","443770","4000","500","Complete","0.4888778","3.33E-5","0.384293","0.1045515","1.0","0.006","2331071","4000","8046.326204198977","7094.826103737033","10587.156707045673","1.0006492486922247","0.022192055198105076","0","ea829d033823c80e3ad79c2bf9f4c957103c19055e7f39ac840ae3dd8ecf7787",""
"1","0","1","current","c6410392edd5b83003dbde0a9e0f1626dbac5328","3c4eb5aa557927d8666f64a5ccf45de3609b074f89f8e4b1b3604a66d52a3654","vectorPerformance","positive32","Quantile","2","4","451689","4000","500","Complete","0.489636999","1.8399E-5","0.3846767","0.1049419","1.28125","0.008","2329615","4000","8049.572429524939","7585.9302215949265","10803.178568962107","1.001435614653514","0.019996657665890316","0","f2275fab90488b6e0703edb3fe7b6bef8718ce8c0b14a645dc9d2b61880d135c",""
"1","0","1","current","c6410392edd5b83003dbde0a9e0f1626dbac5328","3c4eb5aa557927d8666f64a5ccf45de3609b074f89f8e4b1b3604a66d52a3654","vectorPerformance","positive32","Quantile","4","-2","404175","4000","500","Complete","0.274068701","2.1501E-5","0.216510999","0.057536201","1.03125","0.006","2332703","4000","8030.260361578566","7443.725542312934","10980.95587684255","1.0012073242374708","0.03162578897149504","0","109d1589a3cfa1856056d074588bf62a00242342be20aaa02c7f9fa0c3d02464",""
"1","0","1","current","c6410392edd5b83003dbde0a9e0f1626dbac5328","3c4eb5aa557927d8666f64a5ccf45de3609b074f89f8e4b1b3604a66d52a3654","vectorPerformance","positive32","Quantile","4","-1","412094","4000","500","Complete","0.279000401","2.2101E-5","0.2202954","0.0586829","0.984375","0.005","2332056","4000","7849.260320702932","7497.08911341319","10218.844461352033","1.000850226319869","0.023734462941020107","0","2e7ae8f39b7d995378c03be6210919257cb3c5da65a71f7499cfe9fc1c43ddaa",""
"1","0","1","current","c6410392edd5b83003dbde0a9e0f1626dbac5328","3c4eb5aa557927d8666f64a5ccf45de3609b074f89f8e4b1b3604a66d52a3654","vectorPerformance","positive32","Quantile","4","0","420013","4000","500","Complete","0.284851801","2.4101E-5","0.2270067","0.057821","1.375","0.007","2331456","4000","8061.462008922536","7644.287188277893","10396.228328686206","1.000767355772193","0.026399068267307313","0","b1c80d02d980f561db28b8e8c75872a90bfe94527189f07f4dfe1c9226d272e5",""
"1","0","1","current","c6410392edd5b83003dbde0a9e0f1626dbac5328","3c4eb5aa557927d8666f64a5ccf45de3609b074f89f8e4b1b3604a66d52a3654","vectorPerformance","positive32","Quantile","4","1","427932","4000","500","Complete","0.2876971","2.2099E-5","0.2243787","0.063296301","1.375","0.009","2330866","4000","7748.716822064378","7364.471868294603","10702.763364386927","1.0006942215274883","0.030448865944532777","0","218737eae3e2da277e8b65fe3a76bd5f04046950597185a676bdc475001c1e46",""
"1","0","1","current","c6410392edd5b83003dbde0a9e0f1626dbac5328","3c4eb5aa557927d8666f64a5ccf45de3609b074f89f8e4b1b3604a66d52a3654","vectorPerformance","positive32","Quantile","4","2","435851","4000","500","Complete","0.3325606","2.25E-5","0.266617899","0.065920201","1.578125","0.007","2331863","4000","7994.761109518766","7444.795092892279","10756.070846197807","1.0010742652566522","0.026722483101742966","0","fb50892c47662c7c9c7473b45775635e782a20ef09488c3bc7f407bd559adfe3",""
"1","0","1","current","c6410392edd5b83003dbde0a9e0f1626dbac5328","3c4eb5aa557927d8666f64a5ccf45de3609b074f89f8e4b1b3604a66d52a3654","vectorPerformance","positive32","Quantile","4","3","443770","4000","500","Complete","0.274376099","1.89E-5","0.2160178","0.058339399","1.703125","0.007","2331071","4000","8046.326204198977","7094.826103737033","10587.156707045673","1.0006492486922247","0.022192055198105076","0","ea829d033823c80e3ad79c2bf9f4c957103c19055e7f39ac840ae3dd8ecf7787",""
"1","0","1","current","c6410392edd5b83003dbde0a9e0f1626dbac5328","3c4eb5aa557927d8666f64a5ccf45de3609b074f89f8e4b1b3604a66d52a3654","vectorPerformance","positive32","Quantile","4","4","451689","4000","500","Complete","0.2756213","1.94E-5","0.2177042","0.0578977","1.125","0.006","2329615","4000","8049.572429524939","7585.9302215949265","10803.178568962107","1.001435614653514","0.019996657665890316","0","f2275fab90488b6e0703edb3fe7b6bef8718ce8c0b14a645dc9d2b61880d135c",""
"2","1","0","current","c6410392edd5b83003dbde0a9e0f1626dbac5328","3c4eb5aa557927d8666f64a5ccf45de3609b074f89f8e4b1b3604a66d52a3654","vectorPerformance","correlated32","GPSS","1","-2","404175","4000","500","Complete","0.394995901","2.97E-5","0.2122683","0.182697901","0.75","0.004","265461","4000","645.117038188815","619.6601510130125","111.82974658890811","1.4709232708798055","0.0221888479832677","32","34ba7e81aae421fabb6d7abc8b37fed811e4c6a3b11b225e03c34135c20e5fab",""
"2","1","0","current","c6410392edd5b83003dbde0a9e0f1626dbac5328","3c4eb5aa557927d8666f64a5ccf45de3609b074f89f8e4b1b3604a66d52a3654","vectorPerformance","correlated32","GPSS","1","-1","412094","4000","500","Complete","0.399215","2.91E-5","0.2045861","0.1945998","0.390625","0.006","260316","4000","564.5119782236644","553.9746471274595","68.93212740164371","1.6458772028336794","0.06977010736276656","32","0dd72e443f3b53513a682dd3fda3078d30eb3ca1e5546f164ad2b8797a0cc49f",""
"2","1","0","current","c6410392edd5b83003dbde0a9e0f1626dbac5328","3c4eb5aa557927d8666f64a5ccf45de3609b074f89f8e4b1b3604a66d52a3654","vectorPerformance","correlated32","GPSS","1","0","420013","4000","500","Complete","0.4000272","2.8301E-5","0.2091337","0.190865199","0.40625","0.003","271170","4000","550.788691510793","462.92862585511017","31.898583590051008","1.6153232296497368","0.02539427674995709","32","4e32fd58fd10390b4e797c6902eed30b34036ec3e48184af25c550e5ecd201e4",""
"2","1","0","current","c6410392edd5b83003dbde0a9e0f1626dbac5328","3c4eb5aa557927d8666f64a5ccf45de3609b074f89f8e4b1b3604a66d52a3654","vectorPerformance","correlated32","GPSS","1","1","427932","4000","500","Complete","0.3846359","2.93E-5","0.1912525","0.1933541","0.4375","0.006","243643","4000","728.9168563232058","707.6422054588379","37.327199337196575","1.394679319897266","0.014786962883091226","32","6556bc9a5258d4cf10554a8f1be0f66bc02b8dd465a89ab0179fc4a9bce27863",""
"2","1","0","current","c6410392edd5b83003dbde0a9e0f1626dbac5328","3c4eb5aa557927d8666f64a5ccf45de3609b074f89f8e4b1b3604a66d52a3654","vectorPerformance","correlated32","GPSS","1","2","435851","4000","500","Complete","0.394243201","2.3801E-5","0.2028527","0.1913667","0.390625","0.004","252525","4000","851.515000276373","802.0414367077282","72.65826721585422","1.3443798021720257","0.05441559245735261","32","241b3dbb9e14d1912d29f4167a0d49b5aac92799d098cc4aea7fd189aea591d5",""
"2","1","0","current","c6410392edd5b83003dbde0a9e0f1626dbac5328","3c4eb5aa557927d8666f64a5ccf45de3609b074f89f8e4b1b3604a66d52a3654","vectorPerformance","correlated32","GPSS","1","3","443770","4000","500","Complete","0.3957303","2.6599E-5","0.2055384","0.190165301","0.390625","0.004","252476","4000","579.6107666912351","519.1606176358861","80.32525737492834","1.1037679615355824","0.05661873010414342","32","e379cb80ecf5804cc22ddf166b2fd12dfc52cf394467b1b6e6cab088cb4ce1a7",""
"2","1","0","current","c6410392edd5b83003dbde0a9e0f1626dbac5328","3c4eb5aa557927d8666f64a5ccf45de3609b074f89f8e4b1b3604a66d52a3654","vectorPerformance","correlated32","GPSS","1","4","451689","4000","500","Complete","0.4015274","2.48E-5","0.2147093","0.1867933","0.40625","0.002","276146","4000","745.841296773472","687.9271641953604","73.67496547194912","1.1447391912214941","0.06804485983194875","32","d07f89bf5cc41c4bd92db0f6611a71a2eba9eae89a88327e3e8eeccefa31029b",""
"2","1","0","current","c6410392edd5b83003dbde0a9e0f1626dbac5328","3c4eb5aa557927d8666f64a5ccf45de3609b074f89f8e4b1b3604a66d52a3654","vectorPerformance","correlated32","GPSS","2","-2","404175","4000","500","Complete","0.2425764","3.7799E-5","0.146678801","0.0958598","0.65625","0.003","265461","4000","645.117038188815","619.6601510130125","111.82974658890811","1.4709232708798055","0.0221888479832677","32","34ba7e81aae421fabb6d7abc8b37fed811e4c6a3b11b225e03c34135c20e5fab",""
"2","1","0","current","c6410392edd5b83003dbde0a9e0f1626dbac5328","3c4eb5aa557927d8666f64a5ccf45de3609b074f89f8e4b1b3604a66d52a3654","vectorPerformance","correlated32","GPSS","2","-1","412094","4000","500","Complete","0.2414254","2.81E-5","0.140587399","0.100809901","0.4375","0.004","260316","4000","564.5119782236644","553.9746471274595","68.93212740164371","1.6458772028336794","0.06977010736276656","32","0dd72e443f3b53513a682dd3fda3078d30eb3ca1e5546f164ad2b8797a0cc49f",""
"2","1","0","current","c6410392edd5b83003dbde0a9e0f1626dbac5328","3c4eb5aa557927d8666f64a5ccf45de3609b074f89f8e4b1b3604a66d52a3654","vectorPerformance","correlated32","GPSS","2","0","420013","4000","500","Complete","0.245876799","3.12E-5","0.141758999","0.1040866","0.5","0.005","271170","4000","550.788691510793","462.92862585511017","31.898583590051008","1.6153232296497368","0.02539427674995709","32","4e32fd58fd10390b4e797c6902eed30b34036ec3e48184af25c550e5ecd201e4",""
"2","1","0","current","c6410392edd5b83003dbde0a9e0f1626dbac5328","3c4eb5aa557927d8666f64a5ccf45de3609b074f89f8e4b1b3604a66d52a3654","vectorPerformance","correlated32","GPSS","2","1","427932","4000","500","Complete","0.2530227","5.01E-5","0.142185399","0.110787201","0.484375","0.003","243643","4000","728.9168563232058","707.6422054588379","37.327199337196575","1.394679319897266","0.014786962883091226","32","6556bc9a5258d4cf10554a8f1be0f66bc02b8dd465a89ab0179fc4a9bce27863",""
"2","1","0","current","c6410392edd5b83003dbde0a9e0f1626dbac5328","3c4eb5aa557927d8666f64a5ccf45de3609b074f89f8e4b1b3604a66d52a3654","vectorPerformance","correlated32","GPSS","2","2","435851","4000","500","Complete","0.2374595","2.44E-5","0.1352966","0.1021385","0.484375","0.004","252525","4000","851.515000276373","802.0414367077282","72.65826721585422","1.3443798021720257","0.05441559245735261","32","241b3dbb9e14d1912d29f4167a0d49b5aac92799d098cc4aea7fd189aea591d5",""
"2","1","0","current","c6410392edd5b83003dbde0a9e0f1626dbac5328","3c4eb5aa557927d8666f64a5ccf45de3609b074f89f8e4b1b3604a66d52a3654","vectorPerformance","correlated32","GPSS","2","3","443770","4000","500","Complete","0.2862266","4.38E-5","0.1708779","0.1153049","0.546875","0.006","252476","4000","579.6107666912351","519.1606176358861","80.32525737492834","1.1037679615355824","0.05661873010414342","32","e379cb80ecf5804cc22ddf166b2fd12dfc52cf394467b1b6e6cab088cb4ce1a7",""
"2","1","0","current","c6410392edd5b83003dbde0a9e0f1626dbac5328","3c4eb5aa557927d8666f64a5ccf45de3609b074f89f8e4b1b3604a66d52a3654","vectorPerformance","correlated32","GPSS","2","4","451689","4000","500","Complete","0.2472169","2.62E-5","0.1473311","0.0998596","0.515625","0.005","276146","4000","745.841296773472","687.9271641953604","73.67496547194912","1.1447391912214941","0.06804485983194875","32","d07f89bf5cc41c4bd92db0f6611a71a2eba9eae89a88327e3e8eeccefa31029b",""
"2","1","0","current","c6410392edd5b83003dbde0a9e0f1626dbac5328","3c4eb5aa557927d8666f64a5ccf45de3609b074f89f8e4b1b3604a66d52a3654","vectorPerformance","correlated32","GPSS","4","-2","404175","4000","500","Complete","0.193746799","3.27E-5","0.134828","0.058886099","0.8125","0.004","265461","4000","645.117038188815","619.6601510130125","111.82974658890811","1.4709232708798055","0.0221888479832677","32","34ba7e81aae421fabb6d7abc8b37fed811e4c6a3b11b225e03c34135c20e5fab",""
"2","1","0","current","c6410392edd5b83003dbde0a9e0f1626dbac5328","3c4eb5aa557927d8666f64a5ccf45de3609b074f89f8e4b1b3604a66d52a3654","vectorPerformance","correlated32","GPSS","4","-1","412094","4000","500","Complete","0.194115099","2.91E-5","0.130668699","0.0634173","0.71875","0.005","260316","4000","564.5119782236644","553.9746471274595","68.93212740164371","1.6458772028336794","0.06977010736276656","32","0dd72e443f3b53513a682dd3fda3078d30eb3ca1e5546f164ad2b8797a0cc49f",""
"2","1","0","current","c6410392edd5b83003dbde0a9e0f1626dbac5328","3c4eb5aa557927d8666f64a5ccf45de3609b074f89f8e4b1b3604a66d52a3654","vectorPerformance","correlated32","GPSS","4","0","420013","4000","500","Complete","0.1975145","3.31E-5","0.134812099","0.062669301","0.765625","0.005","271170","4000","550.788691510793","462.92862585511017","31.898583590051008","1.6153232296497368","0.02539427674995709","32","4e32fd58fd10390b4e797c6902eed30b34036ec3e48184af25c550e5ecd201e4",""
"2","1","0","current","c6410392edd5b83003dbde0a9e0f1626dbac5328","3c4eb5aa557927d8666f64a5ccf45de3609b074f89f8e4b1b3604a66d52a3654","vectorPerformance","correlated32","GPSS","4","1","427932","4000","500","Complete","0.2044846","3.12E-5","0.138108099","0.066345301","0.8125","0.002","243643","4000","728.9168563232058","707.6422054588379","37.327199337196575","1.394679319897266","0.014786962883091226","32","6556bc9a5258d4cf10554a8f1be0f66bc02b8dd465a89ab0179fc4a9bce27863",""
"2","1","0","current","c6410392edd5b83003dbde0a9e0f1626dbac5328","3c4eb5aa557927d8666f64a5ccf45de3609b074f89f8e4b1b3604a66d52a3654","vectorPerformance","correlated32","GPSS","4","2","435851","4000","500","Complete","0.1974394","5.39E-5","0.1337531","0.0636324","0.734375","0.004","252525","4000","851.515000276373","802.0414367077282","72.65826721585422","1.3443798021720257","0.05441559245735261","32","241b3dbb9e14d1912d29f4167a0d49b5aac92799d098cc4aea7fd189aea591d5",""
"2","1","0","current","c6410392edd5b83003dbde0a9e0f1626dbac5328","3c4eb5aa557927d8666f64a5ccf45de3609b074f89f8e4b1b3604a66d52a3654","vectorPerformance","correlated32","GPSS","4","3","443770","4000","500","Complete","0.2124146","4.95E-5","0.139451399","0.072913701","0.828125","0.005","252476","4000","579.6107666912351","519.1606176358861","80.32525737492834","1.1037679615355824","0.05661873010414342","32","e379cb80ecf5804cc22ddf166b2fd12dfc52cf394467b1b6e6cab088cb4ce1a7",""
"2","1","0","current","c6410392edd5b83003dbde0a9e0f1626dbac5328","3c4eb5aa557927d8666f64a5ccf45de3609b074f89f8e4b1b3604a66d52a3654","vectorPerformance","correlated32","GPSS","4","4","451689","4000","500","Complete","0.2007865","2.3199E-5","0.139497701","0.0612656","0.734375","0.006","276146","4000","745.841296773472","687.9271641953604","73.67496547194912","1.1447391912214941","0.06804485983194875","32","d07f89bf5cc41c4bd92db0f6611a71a2eba9eae89a88327e3e8eeccefa31029b",""
"2","1","0","current","c6410392edd5b83003dbde0a9e0f1626dbac5328","3c4eb5aa557927d8666f64a5ccf45de3609b074f89f8e4b1b3604a66d52a3654","vectorPerformance","correlated32","Quantile","1","-2","404175","4000","500","Complete","1.458060801","2.2301E-5","1.266994899","0.191043601","1.8125","0.021","3282856","4000","23.797668269094697","23.991783455481954","49.25430937145106","1.1516283632440742","0.3728865535403717","32","a76e28f6e88c6be3891bdc833beb8d8d0a1740b95f0935a4806e8ab65d3c899c",""
"2","1","0","current","c6410392edd5b83003dbde0a9e0f1626dbac5328","3c4eb5aa557927d8666f64a5ccf45de3609b074f89f8e4b1b3604a66d52a3654","vectorPerformance","correlated32","Quantile","1","-1","412094","4000","500","Complete","1.430262101","2.3501E-5","1.2401815","0.1900571","1.765625","0.019","3230583","4000","31.726513907349148","31.532168002260388","97.16989966673968","1.0798839490509835","0.08306741567350584","32","f9ed8df14134bddcfbb2d40aa6e479cfbaad40e1882750767724d2bc52df3b34",""
"2","1","0","current","c6410392edd5b83003dbde0a9e0f1626dbac5328","3c4eb5aa557927d8666f64a5ccf45de3609b074f89f8e4b1b3604a66d52a3654","vectorPerformance","correlated32","Quantile","1","0","420013","4000","500","Complete","1.421642099","2.24E-5","1.235434699","0.186185","1.453125","0.02","3251733","4000","36.23737925347603","37.074760300245536","94.41153342442881","1.094481746270784","0.006936160462634622","32","70f5117f96cd02d2870b347963ec61f489004b4e752f979286b6bbb78357a72b",""
"2","1","0","current","c6410392edd5b83003dbde0a9e0f1626dbac5328","3c4eb5aa557927d8666f64a5ccf45de3609b074f89f8e4b1b3604a66d52a3654","vectorPerformance","correlated32","Quantile","1","1","427932","4000","500","Complete","1.4119812","2.1101E-5","1.2249569","0.187003199","2.40625","0.021","3236479","4000","31.801672449893193","32.058114379350506","84.74388663935426","1.0852433257313874","0.03363458703623934","32","9361e774d845e114d77fdb68cfdc974ca4f240b9ee801485b53bd51fdc75e4ee",""
"2","1","0","current","c6410392edd5b83003dbde0a9e0f1626dbac5328","3c4eb5aa557927d8666f64a5ccf45de3609b074f89f8e4b1b3604a66d52a3654","vectorPerformance","correlated32","Quantile","1","2","435851","4000","500","Complete","1.406813799","2.33E-5","1.2158554","0.190935099","2.09375","0.018","3213584","4000","18.827593772089372","19.418977153927276","144.36214774069362","1.1856715933721973","0.22462708158086309","32","be8072aea54a06faab2c2090774614aa1ad4df6564d26d325be8e1037fc3c851",""
"2","1","0","current","c6410392edd5b83003dbde0a9e0f1626dbac5328","3c4eb5aa557927d8666f64a5ccf45de3609b074f89f8e4b1b3604a66d52a3654","vectorPerformance","correlated32","Quantile","1","3","443770","4000","500","Complete","1.528477801","2.2601E-5","1.3205101","0.2079451","1.53125","0.02","3292746","4000","8.551688513959126","8.66542172384507","23.37880092498311","1.3883316083476982","0.08359316129464744","32","3ae74ba297dfc21cabfcf0707b44b409c98d3bd3f9dfc2b6af98aa1fde2b375a",""
"2","1","0","current","c6410392edd5b83003dbde0a9e0f1626dbac5328","3c4eb5aa557927d8666f64a5ccf45de3609b074f89f8e4b1b3604a66d52a3654","vectorPerformance","correlated32","Quantile","1","4","451689","4000","500","Complete","1.491127","2.22E-5","1.288865","0.2022398","1.5","0.022","3210555","4000","32.00943946980557","33.91863557210035","93.00550074538009","1.0837128123690845","0.1407722816405288","32","6de2fd21c7960b9d9708ca419e8aba6e1a90d027a2db52b77e66a4a749ca160e",""
"2","1","0","current","c6410392edd5b83003dbde0a9e0f1626dbac5328","3c4eb5aa557927d8666f64a5ccf45de3609b074f89f8e4b1b3604a66d52a3654","vectorPerformance","correlated32","Quantile","2","-2","404175","4000","500","Complete","1.0018496","2.1101E-5","0.8979641","0.103864399","2.0","0.018","3282856","4000","23.797668269094697","23.991783455481954","49.25430937145106","1.1516283632440742","0.3728865535403717","32","a76e28f6e88c6be3891bdc833beb8d8d0a1740b95f0935a4806e8ab65d3c899c",""
"2","1","0","current","c6410392edd5b83003dbde0a9e0f1626dbac5328","3c4eb5aa557927d8666f64a5ccf45de3609b074f89f8e4b1b3604a66d52a3654","vectorPerformance","correlated32","Quantile","2","-1","412094","4000","500","Complete","0.9906198","2.05E-5","0.8800929","0.1105064","1.984375","0.021","3230583","4000","31.726513907349148","31.532168002260388","97.16989966673968","1.0798839490509835","0.08306741567350584","32","f9ed8df14134bddcfbb2d40aa6e479cfbaad40e1882750767724d2bc52df3b34",""
"2","1","0","current","c6410392edd5b83003dbde0a9e0f1626dbac5328","3c4eb5aa557927d8666f64a5ccf45de3609b074f89f8e4b1b3604a66d52a3654","vectorPerformance","correlated32","Quantile","2","0","420013","4000","500","Complete","0.955439199","2.0499E-5","0.854202901","0.101215799","2.1875","0.017","3251733","4000","36.23737925347603","37.074760300245536","94.41153342442881","1.094481746270784","0.006936160462634622","32","70f5117f96cd02d2870b347963ec61f489004b4e752f979286b6bbb78357a72b",""
"2","1","0","current","c6410392edd5b83003dbde0a9e0f1626dbac5328","3c4eb5aa557927d8666f64a5ccf45de3609b074f89f8e4b1b3604a66d52a3654","vectorPerformance","correlated32","Quantile","2","1","427932","4000","500","Complete","0.950851499","2.1499E-5","0.849244901","0.101585099","2.234375","0.018","3236479","4000","31.801672449893193","32.058114379350506","84.74388663935426","1.0852433257313874","0.03363458703623934","32","9361e774d845e114d77fdb68cfdc974ca4f240b9ee801485b53bd51fdc75e4ee",""
"2","1","0","current","c6410392edd5b83003dbde0a9e0f1626dbac5328","3c4eb5aa557927d8666f64a5ccf45de3609b074f89f8e4b1b3604a66d52a3654","vectorPerformance","correlated32","Quantile","2","2","435851","4000","500","Complete","0.9929799","1.94E-5","0.8808398","0.1121207","2.4375","0.019","3213584","4000","18.827593772089372","19.418977153927276","144.36214774069362","1.1856715933721973","0.22462708158086309","32","be8072aea54a06faab2c2090774614aa1ad4df6564d26d325be8e1037fc3c851",""
"2","1","0","current","c6410392edd5b83003dbde0a9e0f1626dbac5328","3c4eb5aa557927d8666f64a5ccf45de3609b074f89f8e4b1b3604a66d52a3654","vectorPerformance","correlated32","Quantile","2","3","443770","4000","500","Complete","1.047003101","2.2801E-5","0.9303593","0.116621","2.09375","0.021","3292746","4000","8.551688513959126","8.66542172384507","23.37880092498311","1.3883316083476982","0.08359316129464744","32","3ae74ba297dfc21cabfcf0707b44b409c98d3bd3f9dfc2b6af98aa1fde2b375a",""
"2","1","0","current","c6410392edd5b83003dbde0a9e0f1626dbac5328","3c4eb5aa557927d8666f64a5ccf45de3609b074f89f8e4b1b3604a66d52a3654","vectorPerformance","correlated32","Quantile","2","4","451689","4000","500","Complete","1.016516399","2.1799E-5","0.911266001","0.105228599","1.984375","0.019","3210555","4000","32.00943946980557","33.91863557210035","93.00550074538009","1.0837128123690845","0.1407722816405288","32","6de2fd21c7960b9d9708ca419e8aba6e1a90d027a2db52b77e66a4a749ca160e",""
"2","1","0","current","c6410392edd5b83003dbde0a9e0f1626dbac5328","3c4eb5aa557927d8666f64a5ccf45de3609b074f89f8e4b1b3604a66d52a3654","vectorPerformance","correlated32","Quantile","4","-2","404175","4000","500","Complete","0.913792","2.14E-5","0.8510794","0.0626912","3.828125","0.019","3282856","4000","23.797668269094697","23.991783455481954","49.25430937145106","1.1516283632440742","0.3728865535403717","32","a76e28f6e88c6be3891bdc833beb8d8d0a1740b95f0935a4806e8ab65d3c899c",""
"2","1","0","current","c6410392edd5b83003dbde0a9e0f1626dbac5328","3c4eb5aa557927d8666f64a5ccf45de3609b074f89f8e4b1b3604a66d52a3654","vectorPerformance","correlated32","Quantile","4","-1","412094","4000","500","Complete","0.8731454","3.29E-5","0.8137508","0.0593617","3.703125","0.017","3230583","4000","31.726513907349148","31.532168002260388","97.16989966673968","1.0798839490509835","0.08306741567350584","32","f9ed8df14134bddcfbb2d40aa6e479cfbaad40e1882750767724d2bc52df3b34",""
"2","1","0","current","c6410392edd5b83003dbde0a9e0f1626dbac5328","3c4eb5aa557927d8666f64a5ccf45de3609b074f89f8e4b1b3604a66d52a3654","vectorPerformance","correlated32","Quantile","4","0","420013","4000","500","Complete","0.868161401","2.0901E-5","0.808106299","0.060034201","3.640625","0.02","3251733","4000","36.23737925347603","37.074760300245536","94.41153342442881","1.094481746270784","0.006936160462634622","32","70f5117f96cd02d2870b347963ec61f489004b4e752f979286b6bbb78357a72b",""
"2","1","0","current","c6410392edd5b83003dbde0a9e0f1626dbac5328","3c4eb5aa557927d8666f64a5ccf45de3609b074f89f8e4b1b3604a66d52a3654","vectorPerformance","correlated32","Quantile","4","1","427932","4000","500","Complete","0.8569728","2.05E-5","0.7971397","0.0598126","3.609375","0.017","3236479","4000","31.801672449893193","32.058114379350506","84.74388663935426","1.0852433257313874","0.03363458703623934","32","9361e774d845e114d77fdb68cfdc974ca4f240b9ee801485b53bd51fdc75e4ee",""
"2","1","0","current","c6410392edd5b83003dbde0a9e0f1626dbac5328","3c4eb5aa557927d8666f64a5ccf45de3609b074f89f8e4b1b3604a66d52a3654","vectorPerformance","correlated32","Quantile","4","2","435851","4000","500","Complete","0.8604136","2.1501E-5","0.792862199","0.0675299","3.984375","0.02","3213584","4000","18.827593772089372","19.418977153927276","144.36214774069362","1.1856715933721973","0.22462708158086309","32","be8072aea54a06faab2c2090774614aa1ad4df6564d26d325be8e1037fc3c851",""
"2","1","0","current","c6410392edd5b83003dbde0a9e0f1626dbac5328","3c4eb5aa557927d8666f64a5ccf45de3609b074f89f8e4b1b3604a66d52a3654","vectorPerformance","correlated32","Quantile","4","3","443770","4000","500","Complete","0.9606139","2.0E-5","0.881565599","0.079028301","4.09375","0.022","3292746","4000","8.551688513959126","8.66542172384507","23.37880092498311","1.3883316083476982","0.08359316129464744","32","3ae74ba297dfc21cabfcf0707b44b409c98d3bd3f9dfc2b6af98aa1fde2b375a",""
"2","1","0","current","c6410392edd5b83003dbde0a9e0f1626dbac5328","3c4eb5aa557927d8666f64a5ccf45de3609b074f89f8e4b1b3604a66d52a3654","vectorPerformance","correlated32","Quantile","4","4","451689","4000","500","Complete","0.938594701","2.0301E-5","0.874369899","0.064204501","4.0","0.021","3210555","4000","32.00943946980557","33.91863557210035","93.00550074538009","1.0837128123690845","0.1407722816405288","32","6de2fd21c7960b9d9708ca419e8aba6e1a90d027a2db52b77e66a4a749ca160e",""
"2","1","0","current","c6410392edd5b83003dbde0a9e0f1626dbac5328","3c4eb5aa557927d8666f64a5ccf45de3609b074f89f8e4b1b3604a66d52a3654","vectorPerformance","gaussian32","GPSS","1","-2","404175","4000","500","Complete","0.2928427","4.37E-5","0.097027399","0.195771601","0.375","0.007","139155","4000","14560.87743232489","14566.888663880416","9030.296419517286","1.0011086994050007","0.013020088729037094","0","f3ae7e88a3469d95a481057ff78725be41612c1e7bdf2f3d1a7c73f5a42981cf",""
"2","1","0","current","c6410392edd5b83003dbde0a9e0f1626dbac5328","3c4eb5aa557927d8666f64a5ccf45de3609b074f89f8e4b1b3604a66d52a3654","vectorPerformance","gaussian32","GPSS","1","-1","412094","4000","500","Complete","0.2860292","4.06E-5","0.095667","0.1903216","0.296875","0.004","138730","4000","14723.327722756223","14738.615855733822","8857.898575485036","1.0012097458367082","0.014860253936955947","0","6d85793e19e5639b0a7430ab942ac98e6519fa4be0fbcee8a8930a2af289299d",""
"2","1","0","current","c6410392edd5b83003dbde0a9e0f1626dbac5328","3c4eb5aa557927d8666f64a5ccf45de3609b074f89f8e4b1b3604a66d52a3654","vectorPerformance","gaussian32","GPSS","1","0","420013","4000","500","Complete","0.2903616","4.57E-5","0.0963883","0.1939276","0.328125","0.008","138723","4000","14789.309502344258","14770.299991933614","8878.031772176253","1.0012114173589253","0.02042856356087519","0","fb030bc811389f4cc0c40b053f280c25c0c5e58babb6d5eb761947efb8511783",""
"2","1","0","current","c6410392edd5b83003dbde0a9e0f1626dbac5328","3c4eb5aa557927d8666f64a5ccf45de3609b074f89f8e4b1b3604a66d52a3654","vectorPerformance","gaussian32","GPSS","1","1","427932","4000","500","Complete","0.288679","4.59E-5","0.096739601","0.191893499","0.328125","0.005","138788","4000","15028.158264845573","15037.33690560915","9075.6220980371","1.0011653829278853","0.016607695975976222","0","3d0bccbf5e695e5e8a5d89fa29a1a353b231a8693474ffa5e1944f58eee51881",""
"2","1","0","current","c6410392edd5b83003dbde0a9e0f1626dbac5328","3c4eb5aa557927d8666f64a5ccf45de3609b074f89f8e4b1b3604a66d52a3654","vectorPerformance","gaussian32","GPSS","1","2","435851","4000","500","Complete","0.2833394","3.56E-5","0.0953335","0.1879703","0.28125","0.003","138703","4000","14933.892470949851","14950.607747787408","8635.192267898514","1.001735370997425","0.021490044822388643","0","603bdfe20f551e62d9c5fbc68e896eb978d3c40134ec7e7cbc17b062760b5957",""
"2","1","0","current","c6410392edd5b83003dbde0a9e0f1626dbac5328","3c4eb5aa557927d8666f64a5ccf45de3609b074f89f8e4b1b3604a66d52a3654","vectorPerformance","gaussian32","GPSS","1","3","443770","4000","500","Complete","0.2882773","3.65E-5","0.0946234","0.1936174","0.28125","0.006","138777","4000","15223.671841621832","15221.605805391002","9210.378340418303","1.0015395267295784","0.016172276604625724","0","2ead94f9fc645301334f7309cfcc4f5b6e54cfdca48deed2f7e56fe38456b29a",""
"2","1","0","current","c6410392edd5b83003dbde0a9e0f1626dbac5328","3c4eb5aa557927d8666f64a5ccf45de3609b074f89f8e4b1b3604a66d52a3654","vectorPerformance","gaussian32","GPSS","1","4","451689","4000","500","Complete","0.2827712","3.9999E-5","0.097045901","0.1856853","0.625","0.002","138750","4000","14345.553258947568","14342.778169951296","8945.28266108745","1.0011866456042022","0.01864774016529802","0","d4278b864a0c0454d1730a6de2433aebfa0ebf5de90d82ef8563be3b95ce2d1a",""
"2","1","0","current","c6410392edd5b83003dbde0a9e0f1626dbac5328","3c4eb5aa557927d8666f64a5ccf45de3609b074f89f8e4b1b3604a66d52a3654","vectorPerformance","gaussian32","GPSS","2","-2","404175","4000","500","Complete","0.1689247","7.51E-5","0.0688439","0.1000057","0.390625","0.002","139155","4000","14560.87743232489","14566.888663880416","9030.296419517286","1.0011086994050007","0.013020088729037094","0","f3ae7e88a3469d95a481057ff78725be41612c1e7bdf2f3d1a7c73f5a42981cf",""
"2","1","0","current","c6410392edd5b83003dbde0a9e0f1626dbac5328","3c4eb5aa557927d8666f64a5ccf45de3609b074f89f8e4b1b3604a66d52a3654","vectorPerformance","gaussian32","GPSS","2","-1","412094","4000","500","Complete","0.1651479","4.66E-5","0.067675301","0.097425999","0.6875","0.003","138730","4000","14723.327722756223","14738.615855733822","8857.898575485036","1.0012097458367082","0.014860253936955947","0","6d85793e19e5639b0a7430ab942ac98e6519fa4be0fbcee8a8930a2af289299d",""
"2","1","0","current","c6410392edd5b83003dbde0a9e0f1626dbac5328","3c4eb5aa557927d8666f64a5ccf45de3609b074f89f8e4b1b3604a66d52a3654","vectorPerformance","gaussian32","GPSS","2","0","420013","4000","500","Complete","0.1638172","4.1399E-5","0.064511801","0.099264","0.34375","0.002","138723","4000","14789.309502344258","14770.299991933614","8878.031772176253","1.0012114173589253","0.02042856356087519","0","fb030bc811389f4cc0c40b053f280c25c0c5e58babb6d5eb761947efb8511783",""
"2","1","0","current","c6410392edd5b83003dbde0a9e0f1626dbac5328","3c4eb5aa557927d8666f64a5ccf45de3609b074f89f8e4b1b3604a66d52a3654","vectorPerformance","gaussian32","GPSS","2","1","427932","4000","500","Complete","0.1735532","4.25E-5","0.0708012","0.1027095","0.671875","0.004","138788","4000","15028.158264845573","15037.33690560915","9075.6220980371","1.0011653829278853","0.016607695975976222","0","3d0bccbf5e695e5e8a5d89fa29a1a353b231a8693474ffa5e1944f58eee51881",""
"2","1","0","current","c6410392edd5b83003dbde0a9e0f1626dbac5328","3c4eb5aa557927d8666f64a5ccf45de3609b074f89f8e4b1b3604a66d52a3654","vectorPerformance","gaussian32","GPSS","2","2","435851","4000","500","Complete","0.169524499","3.62E-5","0.068245299","0.101243","0.359375","0.002","138703","4000","14933.892470949851","14950.607747787408","8635.192267898514","1.001735370997425","0.021490044822388643","0","603bdfe20f551e62d9c5fbc68e896eb978d3c40134ec7e7cbc17b062760b5957",""
"2","1","0","current","c6410392edd5b83003dbde0a9e0f1626dbac5328","3c4eb5aa557927d8666f64a5ccf45de3609b074f89f8e4b1b3604a66d52a3654","vectorPerformance","gaussian32","GPSS","2","3","443770","4000","500","Complete","0.176594401","3.5701E-5","0.0774805","0.0990782","0.34375","0.002","138777","4000","15223.671841621832","15221.605805391002","9210.378340418303","1.0015395267295784","0.016172276604625724","0","2ead94f9fc645301334f7309cfcc4f5b6e54cfdca48deed2f7e56fe38456b29a",""
"2","1","0","current","c6410392edd5b83003dbde0a9e0f1626dbac5328","3c4eb5aa557927d8666f64a5ccf45de3609b074f89f8e4b1b3604a66d52a3654","vectorPerformance","gaussian32","GPSS","2","4","451689","4000","500","Complete","0.1671562","5.5199E-5","0.062386801","0.1047142","0.3125","0.003","138750","4000","14345.553258947568","14342.778169951296","8945.28266108745","1.0011866456042022","0.01864774016529802","0","d4278b864a0c0454d1730a6de2433aebfa0ebf5de90d82ef8563be3b95ce2d1a",""
"2","1","0","current","c6410392edd5b83003dbde0a9e0f1626dbac5328","3c4eb5aa557927d8666f64a5ccf45de3609b074f89f8e4b1b3604a66d52a3654","vectorPerformance","gaussian32","GPSS","4","-2","404175","4000","500","Complete","0.1231502","4.11E-5","0.0597194","0.0633897","0.5","0.004","139155","4000","14560.87743232489","14566.888663880416","9030.296419517286","1.0011086994050007","0.013020088729037094","0","f3ae7e88a3469d95a481057ff78725be41612c1e7bdf2f3d1a7c73f5a42981cf",""
"2","1","0","current","c6410392edd5b83003dbde0a9e0f1626dbac5328","3c4eb5aa557927d8666f64a5ccf45de3609b074f89f8e4b1b3604a66d52a3654","vectorPerformance","gaussian32","GPSS","4","-1","412094","4000","500","Complete","0.120082","8.4199E-5","0.062244101","0.0577537","0.5","0.003","138730","4000","14723.327722756223","14738.615855733822","8857.898575485036","1.0012097458367082","0.014860253936955947","0","6d85793e19e5639b0a7430ab942ac98e6519fa4be0fbcee8a8930a2af289299d",""
"2","1","0","current","c6410392edd5b83003dbde0a9e0f1626dbac5328","3c4eb5aa557927d8666f64a5ccf45de3609b074f89f8e4b1b3604a66d52a3654","vectorPerformance","gaussian32","GPSS","4","0","420013","4000","500","Complete","0.1217691","3.7E-5","0.0608992","0.0608329","0.796875","0.004","138723","4000","14789.309502344258","14770.299991933614","8878.031772176253","1.0012114173589253","0.02042856356087519","0","fb030bc811389f4cc0c40b053f280c25c0c5e58babb6d5eb761947efb8511783",""
"2","1","0","current","c6410392edd5b83003dbde0a9e0f1626dbac5328","3c4eb5aa557927d8666f64a5ccf45de3609b074f89f8e4b1b3604a66d52a3654","vectorPerformance","gaussian32","GPSS","4","1","427932","4000","500","Complete","0.1206519","3.75E-5","0.062907899","0.057706501","0.515625","0.003","138788","4000","15028.158264845573","15037.33690560915","9075.6220980371","1.0011653829278853","0.016607695975976222","0","3d0bccbf5e695e5e8a5d89fa29a1a353b231a8693474ffa5e1944f58eee51881",""
"2","1","0","current","c6410392edd5b83003dbde0a9e0f1626dbac5328","3c4eb5aa557927d8666f64a5ccf45de3609b074f89f8e4b1b3604a66d52a3654","vectorPerformance","gaussian32","GPSS","4","2","435851","4000","500","Complete","0.1185237","3.83E-5","0.0620665","0.0564189","0.4375","0.003","138703","4000","14933.892470949851","14950.607747787408","8635.192267898514","1.001735370997425","0.021490044822388643","0","603bdfe20f551e62d9c5fbc68e896eb978d3c40134ec7e7cbc17b062760b5957",""
"2","1","0","current","c6410392edd5b83003dbde0a9e0f1626dbac5328","3c4eb5aa557927d8666f64a5ccf45de3609b074f89f8e4b1b3604a66d52a3654","vectorPerformance","gaussian32","GPSS","4","3","443770","4000","500","Complete","0.126371799","3.8899E-5","0.062699","0.0636339","0.515625","0.008","138777","4000","15223.671841621832","15221.605805391002","9210.378340418303","1.0015395267295784","0.016172276604625724","0","2ead94f9fc645301334f7309cfcc4f5b6e54cfdca48deed2f7e56fe38456b29a",""
"2","1","0","current","c6410392edd5b83003dbde0a9e0f1626dbac5328","3c4eb5aa557927d8666f64a5ccf45de3609b074f89f8e4b1b3604a66d52a3654","vectorPerformance","gaussian32","GPSS","4","4","451689","4000","500","Complete","0.117857","3.88E-5","0.0612821","0.0565361","0.4375","0.003","138750","4000","14345.553258947568","14342.778169951296","8945.28266108745","1.0011866456042022","0.01864774016529802","0","d4278b864a0c0454d1730a6de2433aebfa0ebf5de90d82ef8563be3b95ce2d1a",""
"2","1","0","current","c6410392edd5b83003dbde0a9e0f1626dbac5328","3c4eb5aa557927d8666f64a5ccf45de3609b074f89f8e4b1b3604a66d52a3654","vectorPerformance","gaussian32","Quantile","1","-2","404175","4000","500","Complete","0.6075486","3.09E-5","0.421183799","0.186333901","0.640625","0.011","1753214","4000","15219.008327321226","15213.744919585897","12194.607218487616","1.0007110848254097","0.01623649007724448","0","cecc6b4fda00565adaade6079bd9a81eec1cb5425a7364f3a4652f8f1fe688e7",""
"2","1","0","current","c6410392edd5b83003dbde0a9e0f1626dbac5328","3c4eb5aa557927d8666f64a5ccf45de3609b074f89f8e4b1b3604a66d52a3654","vectorPerformance","gaussian32","Quantile","1","-1","412094","4000","500","Complete","0.593885801","2.9501E-5","0.4096646","0.1841917","1.21875","0.012","1754500","4000","14374.340793710559","14390.679914776822","12593.727427588436","1.0005481375625007","0.020322296447435884","0","710b12b4b32c1d00e33cda313ee3aca4afb06968f65bf5b1d672fd6109f4f43f",""
"2","1","0","current","c6410392edd5b83003dbde0a9e0f1626dbac5328","3c4eb5aa557927d8666f64a5ccf45de3609b074f89f8e4b1b3604a66d52a3654","vectorPerformance","gaussian32","Quantile","1","0","420013","4000","500","Complete","0.5906694","2.97E-5","0.39901","0.1916297","0.9375","0.012","1751135","4000","14804.415700401843","14796.384417892554","11674.348877600554","1.0004842070731996","0.017149474216242355","0","7163a65543816d08a23c844d2762c1967e2f734b4748129ec7bdf89e140df8b4",""
"2","1","0","current","c6410392edd5b83003dbde0a9e0f1626dbac5328","3c4eb5aa557927d8666f64a5ccf45de3609b074f89f8e4b1b3604a66d52a3654","vectorPerformance","gaussian32","Quantile","1","1","427932","4000","500","Complete","0.5881225","2.98E-5","0.400259301","0.187833399","0.578125","0.009","1751119","4000","15119.429112419593","15129.482098788952","12424.352542458728","1.000588248721186","0.024238503591598903","0","e468486f9c3bce272356b47328af805b6315b0ce0dcec0ba389ad1cc6e773090",""
"2","1","0","current","c6410392edd5b83003dbde0a9e0f1626dbac5328","3c4eb5aa557927d8666f64a5ccf45de3609b074f89f8e4b1b3604a66d52a3654","vectorPerformance","gaussian32","Quantile","1","2","435851","4000","500","Complete","0.591473499","3.2299E-5","0.407996601","0.183444599","0.9375","0.012","1754043","4000","14654.09636813213","14648.796726473445","11630.775114295944","1.0006045524861327","0.019982935899345466","0","f17849dd0d6937ddb28ce5136301623e9a5b8e9dd4ad54fb96a198cfdc5f0c6a",""
"2","1","0","current","c6410392edd5b83003dbde0a9e0f1626dbac5328","3c4eb5aa557927d8666f64a5ccf45de3609b074f89f8e4b1b3604a66d52a3654","vectorPerformance","gaussian32","Quantile","1","3","443770","4000","500","Complete","0.5902031","2.82E-5","0.3994152","0.1907597","0.59375","0.013","1754067","4000","14670.955292689816","14672.094230083088","12113.52110906072","1.0003997605716526","0.012117200485737945","0","8d191d73493e7fb3ede8cea18ccac7e017f7700706ef9c9f8b699e07b2804d14",""
"2","1","0","current","c6410392edd5b83003dbde0a9e0f1626dbac5328","3c4eb5aa557927d8666f64a5ccf45de3609b074f89f8e4b1b3604a66d52a3654","vectorPerformance","gaussian32","Quantile","1","4","451689","4000","500","Complete","0.585837201","3.7801E-5","0.401410099","0.184389301","0.640625","0.011","1751661","4000","14424.859583462046","14417.997752939862","12128.296452895833","1.0007982696988702","0.02835365482901797","0","b8ea3b62393883b214271958061a644368686dc583e5f2e33e5eafdc7a65f17e",""
"2","1","0","current","c6410392edd5b83003dbde0a9e0f1626dbac5328","3c4eb5aa557927d8666f64a5ccf45de3609b074f89f8e4b1b3604a66d52a3654","vectorPerformance","gaussian32","Quantile","2","-2","404175","4000","500","Complete","0.4357317","3.5E-5","0.3315024","0.1041943","0.859375","0.013","1753214","4000","15219.008327321226","15213.744919585897","12194.607218487616","1.0007110848254097","0.01623649007724448","0","cecc6b4fda00565adaade6079bd9a81eec1cb5425a7364f3a4652f8f1fe688e7",""
"2","1","0","current","c6410392edd5b83003dbde0a9e0f1626dbac5328","3c4eb5aa557927d8666f64a5ccf45de3609b074f89f8e4b1b3604a66d52a3654","vectorPerformance","gaussian32","Quantile","2","-1","412094","4000","500","Complete","0.4212798","2.6601E-5","0.3242695","0.096983699","0.875","0.011","1754500","4000","14374.340793710559","14390.679914776822","12593.727427588436","1.0005481375625007","0.020322296447435884","0","710b12b4b32c1d00e33cda313ee3aca4afb06968f65bf5b1d672fd6109f4f43f",""
"2","1","0","current","c6410392edd5b83003dbde0a9e0f1626dbac5328","3c4eb5aa557927d8666f64a5ccf45de3609b074f89f8e4b1b3604a66d52a3654","vectorPerformance","gaussian32","Quantile","2","0","420013","4000","500","Complete","0.4172084","2.71E-5","0.3142128","0.1029685","1.109375","0.012","1751135","4000","14804.415700401843","14796.384417892554","11674.348877600554","1.0004842070731996","0.017149474216242355","0","7163a65543816d08a23c844d2762c1967e2f734b4748129ec7bdf89e140df8b4",""
"2","1","0","current","c6410392edd5b83003dbde0a9e0f1626dbac5328","3c4eb5aa557927d8666f64a5ccf45de3609b074f89f8e4b1b3604a66d52a3654","vectorPerformance","gaussian32","Quantile","2","1","427932","4000","500","Complete","0.4225808","4.2899E-5","0.321419801","0.1011181","1.515625","0.01","1751119","4000","15119.429112419593","15129.482098788952","12424.352542458728","1.000588248721186","0.024238503591598903","0","e468486f9c3bce272356b47328af805b6315b0ce0dcec0ba389ad1cc6e773090",""
"2","1","0","current","c6410392edd5b83003dbde0a9e0f1626dbac5328","3c4eb5aa557927d8666f64a5ccf45de3609b074f89f8e4b1b3604a66d52a3654","vectorPerformance","gaussian32","Quantile","2","2","435851","4000","500","Complete","0.4265608","2.7E-5","0.3311625","0.0953713","0.84375","0.012","1754043","4000","14654.09636813213","14648.796726473445","11630.775114295944","1.0006045524861327","0.019982935899345466","0","f17849dd0d6937ddb28ce5136301623e9a5b8e9dd4ad54fb96a198cfdc5f0c6a",""
"2","1","0","current","c6410392edd5b83003dbde0a9e0f1626dbac5328","3c4eb5aa557927d8666f64a5ccf45de3609b074f89f8e4b1b3604a66d52a3654","vectorPerformance","gaussian32","Quantile","2","3","443770","4000","500","Complete","0.4270318","2.8199E-5","0.323635701","0.1033679","0.875","0.012","1754067","4000","14670.955292689816","14672.094230083088","12113.52110906072","1.0003997605716526","0.012117200485737945","0","8d191d73493e7fb3ede8cea18ccac7e017f7700706ef9c9f8b699e07b2804d14",""
"2","1","0","current","c6410392edd5b83003dbde0a9e0f1626dbac5328","3c4eb5aa557927d8666f64a5ccf45de3609b074f89f8e4b1b3604a66d52a3654","vectorPerformance","gaussian32","Quantile","2","4","451689","4000","500","Complete","0.4144122","4.52E-5","0.3126213","0.1017457","1.171875","0.012","1751661","4000","14424.859583462046","14417.997752939862","12128.296452895833","1.0007982696988702","0.02835365482901797","0","b8ea3b62393883b214271958061a644368686dc583e5f2e33e5eafdc7a65f17e",""
"2","1","0","current","c6410392edd5b83003dbde0a9e0f1626dbac5328","3c4eb5aa557927d8666f64a5ccf45de3609b074f89f8e4b1b3604a66d52a3654","vectorPerformance","gaussian32","Quantile","4","-2","404175","4000","500","Complete","0.377386799","6.3099E-5","0.320071201","0.057252499","2.109375","0.012","1753214","4000","15219.008327321226","15213.744919585897","12194.607218487616","1.0007110848254097","0.01623649007724448","0","cecc6b4fda00565adaade6079bd9a81eec1cb5425a7364f3a4652f8f1fe688e7",""
"2","1","0","current","c6410392edd5b83003dbde0a9e0f1626dbac5328","3c4eb5aa557927d8666f64a5ccf45de3609b074f89f8e4b1b3604a66d52a3654","vectorPerformance","gaussian32","Quantile","4","-1","412094","4000","500","Complete","0.3722711","2.92E-5","0.310533","0.0617089","1.765625","0.011","1754500","4000","14374.340793710559","14390.679914776822","12593.727427588436","1.0005481375625007","0.020322296447435884","0","710b12b4b32c1d00e33cda313ee3aca4afb06968f65bf5b1d672fd6109f4f43f",""
"2","1","0","current","c6410392edd5b83003dbde0a9e0f1626dbac5328","3c4eb5aa557927d8666f64a5ccf45de3609b074f89f8e4b1b3604a66d52a3654","vectorPerformance","gaussian32","Quantile","4","0","420013","4000","500","Complete","0.3718395","3.01E-5","0.3110707","0.0607387","1.421875","0.012","1751135","4000","14804.415700401843","14796.384417892554","11674.348877600554","1.0004842070731996","0.017149474216242355","0","7163a65543816d08a23c844d2762c1967e2f734b4748129ec7bdf89e140df8b4",""
"2","1","0","current","c6410392edd5b83003dbde0a9e0f1626dbac5328","3c4eb5aa557927d8666f64a5ccf45de3609b074f89f8e4b1b3604a66d52a3654","vectorPerformance","gaussian32","Quantile","4","1","427932","4000","500","Complete","0.3793275","3.96E-5","0.3216907","0.0575972","1.78125","0.011","1751119","4000","15119.429112419593","15129.482098788952","12424.352542458728","1.000588248721186","0.024238503591598903","0","e468486f9c3bce272356b47328af805b6315b0ce0dcec0ba389ad1cc6e773090",""
"2","1","0","current","c6410392edd5b83003dbde0a9e0f1626dbac5328","3c4eb5aa557927d8666f64a5ccf45de3609b074f89f8e4b1b3604a66d52a3654","vectorPerformance","gaussian32","Quantile","4","2","435851","4000","500","Complete","0.3740702","2.8099E-5","0.316734","0.057308101","1.46875","0.01","1754043","4000","14654.09636813213","14648.796726473445","11630.775114295944","1.0006045524861327","0.019982935899345466","0","f17849dd0d6937ddb28ce5136301623e9a5b8e9dd4ad54fb96a198cfdc5f0c6a",""
"2","1","0","current","c6410392edd5b83003dbde0a9e0f1626dbac5328","3c4eb5aa557927d8666f64a5ccf45de3609b074f89f8e4b1b3604a66d52a3654","vectorPerformance","gaussian32","Quantile","4","3","443770","4000","500","Complete","0.3821383","2.7E-5","0.3203108","0.0618005","1.484375","0.012","1754067","4000","14670.955292689816","14672.094230083088","12113.52110906072","1.0003997605716526","0.012117200485737945","0","8d191d73493e7fb3ede8cea18ccac7e017f7700706ef9c9f8b699e07b2804d14",""
"2","1","0","current","c6410392edd5b83003dbde0a9e0f1626dbac5328","3c4eb5aa557927d8666f64a5ccf45de3609b074f89f8e4b1b3604a66d52a3654","vectorPerformance","gaussian32","Quantile","4","4","451689","4000","500","Complete","0.3720226","3.35E-5","0.3167665","0.0552226","1.5","0.008","1751661","4000","14424.859583462046","14417.997752939862","12128.296452895833","1.0007982696988702","0.02835365482901797","0","b8ea3b62393883b214271958061a644368686dc583e5f2e33e5eafdc7a65f17e",""
"2","1","0","current","c6410392edd5b83003dbde0a9e0f1626dbac5328","3c4eb5aa557927d8666f64a5ccf45de3609b074f89f8e4b1b3604a66d52a3654","vectorPerformance","gaussian8","GPSS","1","-2","404175","4000","500","Complete","0.112393601","4.4701E-5","0.053573099","0.058775801","0.1875","0.003","138018","4000","15549.340111147894","15536.369070524215","11710.881022750353","1.000693382204123","0.020280809809882006","0","e7f255a3304bc6df3dfbc4384cc42f0a14e097b21ea85d7dfdd0891304dccc86",""
"2","1","0","current","c6410392edd5b83003dbde0a9e0f1626dbac5328","3c4eb5aa557927d8666f64a5ccf45de3609b074f89f8e4b1b3604a66d52a3654","vectorPerformance","gaussian8","GPSS","1","-1","412094","4000","500","Complete","0.0958104","8.07E-5","0.0356674","0.0600623","0.140625","0.002","138132","4000","15263.81484653245","15291.911844531342","11216.22139798599","1.0004803178957116","0.014392603577789376","0","e114ddce1fe3e8b5caed48fc0365aca0d32bd35e94363aa001d7324d00935224",""
"2","1","0","current","c6410392edd5b83003dbde0a9e0f1626dbac5328","3c4eb5aa557927d8666f64a5ccf45de3609b074f89f8e4b1b3604a66d52a3654","vectorPerformance","gaussian8","GPSS","1","0","420013","4000","500","Complete","0.0820325","6.95E-5","0.0262574","0.0557056","0.109375","0.002","138323","4000","15080.473776226881","15096.77911576306","11062.432005908491","1.0006149641210862","0.012458863431772271","0","2a91e22981ec396c3eca9414af3d6ac63570dc29437cdd4bdc3eb6a8db475fa2",""
"2","1","0","current","c6410392edd5b83003dbde0a9e0f1626dbac5328","3c4eb5aa557927d8666f64a5ccf45de3609b074f89f8e4b1b3604a66d52a3654","vectorPerformance","gaussian8","GPSS","1","1","427932","4000","500","Complete","0.0817914","3.7299E-5","0.025634401","0.0561197","0.140625","0.002","138154","4000","15134.6012276361","15136.078376941558","11308.922646882544","1.0009404579967858","0.013454526579750548","0","045e36a427e6332b3973cb5a7bed2c41034d4baa3241673dfea554f81e693a14",""
"2","1","0","current","c6410392edd5b83003dbde0a9e0f1626dbac5328","3c4eb5aa557927d8666f64a5ccf45de3609b074f89f8e4b1b3604a66d52a3654","vectorPerformance","gaussian8","GPSS","1","2","435851","4000","500","Complete","0.07729","3.59E-5","0.026196499","0.051057601","0.0625","0.002","137988","4000","14363.080320209516","14344.664435137216","11161.859788330772","1.0004963309089212","0.01645570173683253","0","282eaef783cfb8138f0fbaa41141a7646474130935f10820d7fcdc9d6a1e24c0",""
"2","1","0","current","c6410392edd5b83003dbde0a9e0f1626dbac5328","3c4eb5aa557927d8666f64a5ccf45de3609b074f89f8e4b1b3604a66d52a3654","vectorPerformance","gaussian8","GPSS","1","3","443770","4000","500","Complete","0.0786837","3.87E-5","0.0237378","0.0549072","0.09375","0.0","138055","4000","15045.50132933249","15019.431343943274","10767.592734371476","1.0010260647907836","0.018113200227977133","0","6f88cd3290902ed4688e28521e20205fca8afb18c6e4fe2e6e0de9c4e7e0a62c",""
"2","1","0","current","c6410392edd5b83003dbde0a9e0f1626dbac5328","3c4eb5aa557927d8666f64a5ccf45de3609b074f89f8e4b1b3604a66d52a3654","vectorPerformance","gaussian8","GPSS","1","4","451689","4000","500","Complete","0.077861201","3.3001E-5","0.0254195","0.0524087","0.140625","0.002","138188","4000","15603.053005275411","15621.61943123139","10677.483456214122","1.0007920020096437","0.014172913039023793","0","3703a943973521b658002c1d1edb8b4dcddac3550850573cac7499aba83dbaac",""
"2","1","0","current","c6410392edd5b83003dbde0a9e0f1626dbac5328","3c4eb5aa557927d8666f64a5ccf45de3609b074f89f8e4b1b3604a66d52a3654","vectorPerformance","gaussian8","GPSS","2","-2","404175","4000","500","Complete","0.235665699","0.0062024","0.0847938","0.144669499","1.28125","0.003","138018","4000","15549.340111147894","15536.369070524215","11710.881022750353","1.000693382204123","0.020280809809882006","0","e7f255a3304bc6df3dfbc4384cc42f0a14e097b21ea85d7dfdd0891304dccc86",""
"2","1","0","current","c6410392edd5b83003dbde0a9e0f1626dbac5328","3c4eb5aa557927d8666f64a5ccf45de3609b074f89f8e4b1b3604a66d52a3654","vectorPerformance","gaussian8","GPSS","2","-1","412094","4000","500","Complete","0.0523317","5.24E-5","0.0189552","0.0333241","0.125","0.0","138132","4000","15263.81484653245","15291.911844531342","11216.22139798599","1.0004803178957116","0.014392603577789376","0","e114ddce1fe3e8b5caed48fc0365aca0d32bd35e94363aa001d7324d00935224",""
"2","1","0","current","c6410392edd5b83003dbde0a9e0f1626dbac5328","3c4eb5aa557927d8666f64a5ccf45de3609b074f89f8e4b1b3604a66d52a3654","vectorPerformance","gaussian8","GPSS","2","0","420013","4000","500","Complete","0.0478996","6.15E-5","0.017058501","0.030779599","0.140625","0.0","138323","4000","15080.473776226881","15096.77911576306","11062.432005908491","1.0006149641210862","0.012458863431772271","0","2a91e22981ec396c3eca9414af3d6ac63570dc29437cdd4bdc3eb6a8db475fa2",""
"2","1","0","current","c6410392edd5b83003dbde0a9e0f1626dbac5328","3c4eb5aa557927d8666f64a5ccf45de3609b074f89f8e4b1b3604a66d52a3654","vectorPerformance","gaussian8","GPSS","2","1","427932","4000","500","Complete","0.0488923","3.64E-5","0.020008499","0.028847401","0.09375","0.002","138154","4000","15134.6012276361","15136.078376941558","11308.922646882544","1.0009404579967858","0.013454526579750548","0","045e36a427e6332b3973cb5a7bed2c41034d4baa3241673dfea554f81e693a14",""
"2","1","0","current","c6410392edd5b83003dbde0a9e0f1626dbac5328","3c4eb5aa557927d8666f64a5ccf45de3609b074f89f8e4b1b3604a66d52a3654","vectorPerformance","gaussian8","GPSS","2","2","435851","4000","500","Complete","0.0477652","4.83E-5","0.0169144","0.0308025","0.09375","0.0","137988","4000","14363.080320209516","14344.664435137216","11161.859788330772","1.0004963309089212","0.01645570173683253","0","282eaef783cfb8138f0fbaa41141a7646474130935f10820d7fcdc9d6a1e24c0",""
"2","1","0","current","c6410392edd5b83003dbde0a9e0f1626dbac5328","3c4eb5aa557927d8666f64a5ccf45de3609b074f89f8e4b1b3604a66d52a3654","vectorPerformance","gaussian8","GPSS","2","3","443770","4000","500","Complete","0.0485081","6.72E-5","0.017624899","0.030816001","0.09375","0.0","138055","4000","15045.50132933249","15019.431343943274","10767.592734371476","1.0010260647907836","0.018113200227977133","0","6f88cd3290902ed4688e28521e20205fca8afb18c6e4fe2e6e0de9c4e7e0a62c",""
"2","1","0","current","c6410392edd5b83003dbde0a9e0f1626dbac5328","3c4eb5aa557927d8666f64a5ccf45de3609b074f89f8e4b1b3604a66d52a3654","vectorPerformance","gaussian8","GPSS","2","4","451689","4000","500","Complete","0.050502301","5.1701E-5","0.020139","0.0303116","0.46875","0.002","138188","4000","15603.053005275411","15621.61943123139","10677.483456214122","1.0007920020096437","0.014172913039023793","0","3703a943973521b658002c1d1edb8b4dcddac3550850573cac7499aba83dbaac",""
"2","1","0","current","c6410392edd5b83003dbde0a9e0f1626dbac5328","3c4eb5aa557927d8666f64a5ccf45de3609b074f89f8e4b1b3604a66d52a3654","vectorPerformance","gaussian8","GPSS","4","-2","404175","4000","500","Complete","0.045466399","1.05699E-4","0.022163901","0.023196799","0.1875","0.0","138018","4000","15549.340111147894","15536.369070524215","11710.881022750353","1.000693382204123","0.020280809809882006","0","e7f255a3304bc6df3dfbc4384cc42f0a14e097b21ea85d7dfdd0891304dccc86",""
"2","1","0","current","c6410392edd5b83003dbde0a9e0f1626dbac5328","3c4eb5aa557927d8666f64a5ccf45de3609b074f89f8e4b1b3604a66d52a3654","vectorPerformance","gaussian8","GPSS","4","-1","412094","4000","500","Complete","0.039257101","1.28301E-4","0.0180436","0.0210852","0.203125","0.0","138132","4000","15263.81484653245","15291.911844531342","11216.22139798599","1.0004803178957116","0.014392603577789376","0","e114ddce1fe3e8b5caed48fc0365aca0d32bd35e94363aa001d7324d00935224",""
"2","1","0","current","c6410392edd5b83003dbde0a9e0f1626dbac5328","3c4eb5aa557927d8666f64a5ccf45de3609b074f89f8e4b1b3604a66d52a3654","vectorPerformance","gaussian8","GPSS","4","0","420013","4000","500","Complete","0.0373941","4.37E-5","0.017258399","0.020092001","0.125","0.0","138323","4000","15080.473776226881","15096.77911576306","11062.432005908491","1.0006149641210862","0.012458863431772271","0","2a91e22981ec396c3eca9414af3d6ac63570dc29437cdd4bdc3eb6a8db475fa2",""
"2","1","0","current","c6410392edd5b83003dbde0a9e0f1626dbac5328","3c4eb5aa557927d8666f64a5ccf45de3609b074f89f8e4b1b3604a66d52a3654","vectorPerformance","gaussian8","GPSS","4","1","427932","4000","500","Complete","0.0371885","5.38E-5","0.0169925","0.0201422","0.140625","0.0","138154","4000","15134.6012276361","15136.078376941558","11308.922646882544","1.0009404579967858","0.013454526579750548","0","045e36a427e6332b3973cb5a7bed2c41034d4baa3241673dfea554f81e693a14",""
"2","1","0","current","c6410392edd5b83003dbde0a9e0f1626dbac5328","3c4eb5aa557927d8666f64a5ccf45de3609b074f89f8e4b1b3604a66d52a3654","vectorPerformance","gaussian8","GPSS","4","2","435851","4000","500","Complete","0.036491099","3.92E-5","0.017554199","0.0188977","0.125","0.0","137988","4000","14363.080320209516","14344.664435137216","11161.859788330772","1.0004963309089212","0.01645570173683253","0","282eaef783cfb8138f0fbaa41141a7646474130935f10820d7fcdc9d6a1e24c0",""
"2","1","0","current","c6410392edd5b83003dbde0a9e0f1626dbac5328","3c4eb5aa557927d8666f64a5ccf45de3609b074f89f8e4b1b3604a66d52a3654","vectorPerformance","gaussian8","GPSS","4","3","443770","4000","500","Complete","0.0398906","3.65E-5","0.0181406","0.0217135","0.203125","0.004","138055","4000","15045.50132933249","15019.431343943274","10767.592734371476","1.0010260647907836","0.018113200227977133","0","6f88cd3290902ed4688e28521e20205fca8afb18c6e4fe2e6e0de9c4e7e0a62c",""
"2","1","0","current","c6410392edd5b83003dbde0a9e0f1626dbac5328","3c4eb5aa557927d8666f64a5ccf45de3609b074f89f8e4b1b3604a66d52a3654","vectorPerformance","gaussian8","GPSS","4","4","451689","4000","500","Complete","0.036324901","4.2301E-5","0.0181558","0.0181268","0.15625","0.0","138188","4000","15603.053005275411","15621.61943123139","10677.483456214122","1.0007920020096437","0.014172913039023793","0","3703a943973521b658002c1d1edb8b4dcddac3550850573cac7499aba83dbaac",""
"2","1","0","current","c6410392edd5b83003dbde0a9e0f1626dbac5328","3c4eb5aa557927d8666f64a5ccf45de3609b074f89f8e4b1b3604a66d52a3654","vectorPerformance","gaussian8","Quantile","1","-2","404175","4000","500","Complete","0.095690001","3.24E-5","0.038891501","0.0567661","0.140625","0.0","439383","4000","15133.633311857895","15137.149661571859","12640.232874183323","1.0002765119712598","0.010865777388695763","0","0a652ec86caa4b0878042a2ca27e4843b8fff440045e84ffe9040bbf18fc5c1b",""
"2","1","0","current","c6410392edd5b83003dbde0a9e0f1626dbac5328","3c4eb5aa557927d8666f64a5ccf45de3609b074f89f8e4b1b3604a66d52a3654","vectorPerformance","gaussian8","Quantile","1","-1","412094","4000","500","Complete","0.0841734","3.26E-5","0.0363414","0.0477994","0.09375","0.0","438543","4000","15213.490906399908","15228.10660758392","12891.868030399028","1.0002543220506444","0.014962146800250764","0","22193da6e1ed5c7fb6bc482596a8cb09c08425673712be65ab0ebf58ef73f382",""
"2","1","0","current","c6410392edd5b83003dbde0a9e0f1626dbac5328","3c4eb5aa557927d8666f64a5ccf45de3609b074f89f8e4b1b3604a66d52a3654","vectorPerformance","gaussian8","Quantile","1","0","420013","4000","500","Complete","0.0851353","3.3699E-5","0.036368401","0.0487332","0.09375","0.0","436956","4000","15387.214907747757","15383.41868425877","13280.050841973973","1.000488212672387","0.017862111392228958","0","1a2a7053039cbf9cd5227976b2ba660c8f0bbf84c10e94ae04c9c6d297fc0025",""
"2","1","0","current","c6410392edd5b83003dbde0a9e0f1626dbac5328","3c4eb5aa557927d8666f64a5ccf45de3609b074f89f8e4b1b3604a66d52a3654","vectorPerformance","gaussian8","Quantile","1","1","427932","4000","500","Complete","0.0869298","3.29E-5","0.0363025","0.0505944","0.1875","0.0","437269","4000","15727.934748036001","15719.464590581323","12902.625514015059","1.0004649152576137","0.012810490325706247","0","850de3d767de404b10a6234afa6ecc9c5dfdee0c4338411a0af3e46894e42ce3",""
"2","1","0","current","c6410392edd5b83003dbde0a9e0f1626dbac5328","3c4eb5aa557927d8666f64a5ccf45de3609b074f89f8e4b1b3604a66d52a3654","vectorPerformance","gaussian8","Quantile","1","2","435851","4000","500","Complete","0.087429099","4.34E-5","0.0384032","0.048982499","0.09375","0.0","438008","4000","15126.989343371939","15133.471327879883","12471.355965872704","1.0004579804360567","0.01410791604282019","0","fd474ea7f77c91f336f3664000c5dec28946aab4fd9917ca2fd5c066ad7e03df",""
"2","1","0","current","c6410392edd5b83003dbde0a9e0f1626dbac5328","3c4eb5aa557927d8666f64a5ccf45de3609b074f89f8e4b1b3604a66d52a3654","vectorPerformance","gaussian8","Quantile","1","3","443770","4000","500","Complete","0.0834336","3.35E-5","0.035539599","0.047860501","0.078125","0.0","438134","4000","14783.95134310092","14781.603964607304","13183.37761680062","1.0005441549460146","0.009381500096846795","0","f5d860d8f1c8c55386f06f23faad6b9f8df1541a619040c2f28698d0813a5f75",""
"2","1","0","current","c6410392edd5b83003dbde0a9e0f1626dbac5328","3c4eb5aa557927d8666f64a5ccf45de3609b074f89f8e4b1b3604a66d52a3654","vectorPerformance","gaussian8","Quantile","1","4","451689","4000","500","Complete","0.0859423","3.18E-5","0.0386845","0.047226","0.421875","0.002","437868","4000","14884.121074739518","14909.092385573675","12538.608584974128","1.0004648391967559","0.02587550455561438","0","f5667ee456b1d3d2b0c42c8460f2481029f27806732e9bf75dd56271a0628822",""
"2","1","0","current","c6410392edd5b83003dbde0a9e0f1626dbac5328","3c4eb5aa557927d8666f64a5ccf45de3609b074f89f8e4b1b3604a66d52a3654","vectorPerformance","gaussian8","Quantile","2","-2","404175","4000","500","Complete","0.077188201","2.9101E-5","0.0439342","0.0332249","0.265625","0.0","439383","4000","15133.633311857895","15137.149661571859","12640.232874183323","1.0002765119712598","0.010865777388695763","0","0a652ec86caa4b0878042a2ca27e4843b8fff440045e84ffe9040bbf18fc5c1b",""
"2","1","0","current","c6410392edd5b83003dbde0a9e0f1626dbac5328","3c4eb5aa557927d8666f64a5ccf45de3609b074f89f8e4b1b3604a66d52a3654","vectorPerformance","gaussian8","Quantile","2","-1","412094","4000","500","Complete","0.053073099","3.5399E-5","0.0269551","0.0260826","0.109375","0.003","438543","4000","15213.490906399908","15228.10660758392","12891.868030399028","1.0002543220506444","0.014962146800250764","0","22193da6e1ed5c7fb6bc482596a8cb09c08425673712be65ab0ebf58ef73f382",""
"2","1","0","current","c6410392edd5b83003dbde0a9e0f1626dbac5328","3c4eb5aa557927d8666f64a5ccf45de3609b074f89f8e4b1b3604a66d52a3654","vectorPerformance","gaussian8","Quantile","2","0","420013","4000","500","Complete","0.0532877","3.2E-5","0.0258074","0.0274483","0.140625","0.002","436956","4000","15387.214907747757","15383.41868425877","13280.050841973973","1.000488212672387","0.017862111392228958","0","1a2a7053039cbf9cd5227976b2ba660c8f0bbf84c10e94ae04c9c6d297fc0025",""
"2","1","0","current","c6410392edd5b83003dbde0a9e0f1626dbac5328","3c4eb5aa557927d8666f64a5ccf45de3609b074f89f8e4b1b3604a66d52a3654","vectorPerformance","gaussian8","Quantile","2","1","427932","4000","500","Complete","0.051772","3.44E-5","0.0238897","0.0278479","0.09375","0.0","437269","4000","15727.934748036001","15719.464590581323","12902.625514015059","1.0004649152576137","0.012810490325706247","0","850de3d767de404b10a6234afa6ecc9c5dfdee0c4338411a0af3e46894e42ce3",""
"2","1","0","current","c6410392edd5b83003dbde0a9e0f1626dbac5328","3c4eb5aa557927d8666f64a5ccf45de3609b074f89f8e4b1b3604a66d52a3654","vectorPerformance","gaussian8","Quantile","2","2","435851","4000","500","Complete","0.049647299","3.13E-5","0.0243959","0.025220099","0.140625","0.002","438008","4000","15126.989343371939","15133.471327879883","12471.355965872704","1.0004579804360567","0.01410791604282019","0","fd474ea7f77c91f336f3664000c5dec28946aab4fd9917ca2fd5c066ad7e03df",""
"2","1","0","current","c6410392edd5b83003dbde0a9e0f1626dbac5328","3c4eb5aa557927d8666f64a5ccf45de3609b074f89f8e4b1b3604a66d52a3654","vectorPerformance","gaussian8","Quantile","2","3","443770","4000","500","Complete","0.0500839","3.28E-5","0.0247032","0.0253479","0.125","0.002","438134","4000","14783.95134310092","14781.603964607304","13183.37761680062","1.0005441549460146","0.009381500096846795","0","f5d860d8f1c8c55386f06f23faad6b9f8df1541a619040c2f28698d0813a5f75",""
"2","1","0","current","c6410392edd5b83003dbde0a9e0f1626dbac5328","3c4eb5aa557927d8666f64a5ccf45de3609b074f89f8e4b1b3604a66d52a3654","vectorPerformance","gaussian8","Quantile","2","4","451689","4000","500","Complete","0.049733001","5.3101E-5","0.024043799","0.025636101","0.09375","0.001","437868","4000","14884.121074739518","14909.092385573675","12538.608584974128","1.0004648391967559","0.02587550455561438","0","f5667ee456b1d3d2b0c42c8460f2481029f27806732e9bf75dd56271a0628822",""
"2","1","0","current","c6410392edd5b83003dbde0a9e0f1626dbac5328","3c4eb5aa557927d8666f64a5ccf45de3609b074f89f8e4b1b3604a66d52a3654","vectorPerformance","gaussian8","Quantile","4","-2","404175","4000","500","Complete","0.043648401","3.27E-5","0.0249648","0.018650901","0.203125","0.002","439383","4000","15133.633311857895","15137.149661571859","12640.232874183323","1.0002765119712598","0.010865777388695763","0","0a652ec86caa4b0878042a2ca27e4843b8fff440045e84ffe9040bbf18fc5c1b",""
"2","1","0","current","c6410392edd5b83003dbde0a9e0f1626dbac5328","3c4eb5aa557927d8666f64a5ccf45de3609b074f89f8e4b1b3604a66d52a3654","vectorPerformance","gaussian8","Quantile","4","-1","412094","4000","500","Complete","0.0406423","3.02E-5","0.0238739","0.0167382","0.28125","0.002","438543","4000","15213.490906399908","15228.10660758392","12891.868030399028","1.0002543220506444","0.014962146800250764","0","22193da6e1ed5c7fb6bc482596a8cb09c08425673712be65ab0ebf58ef73f382",""
"2","1","0","current","c6410392edd5b83003dbde0a9e0f1626dbac5328","3c4eb5aa557927d8666f64a5ccf45de3609b074f89f8e4b1b3604a66d52a3654","vectorPerformance","gaussian8","Quantile","4","0","420013","4000","500","Complete","0.0448428","3.75E-5","0.0239794","0.0208259","0.21875","0.004","436956","4000","15387.214907747757","15383.41868425877","13280.050841973973","1.000488212672387","0.017862111392228958","0","1a2a7053039cbf9cd5227976b2ba660c8f0bbf84c10e94ae04c9c6d297fc0025",""
"2","1","0","current","c6410392edd5b83003dbde0a9e0f1626dbac5328","3c4eb5aa557927d8666f64a5ccf45de3609b074f89f8e4b1b3604a66d52a3654","vectorPerformance","gaussian8","Quantile","4","1","427932","4000","500","Complete","0.0413415","4.26E-5","0.0222301","0.0190688","0.171875","0.002","437269","4000","15727.934748036001","15719.464590581323","12902.625514015059","1.0004649152576137","0.012810490325706247","0","850de3d767de404b10a6234afa6ecc9c5dfdee0c4338411a0af3e46894e42ce3",""
"2","1","0","current","c6410392edd5b83003dbde0a9e0f1626dbac5328","3c4eb5aa557927d8666f64a5ccf45de3609b074f89f8e4b1b3604a66d52a3654","vectorPerformance","gaussian8","Quantile","4","2","435851","4000","500","Complete","0.0415277","3.58E-5","0.023182199","0.018309701","0.0625","0.002","438008","4000","15126.989343371939","15133.471327879883","12471.355965872704","1.0004579804360567","0.01410791604282019","0","fd474ea7f77c91f336f3664000c5dec28946aab4fd9917ca2fd5c066ad7e03df",""
"2","1","0","current","c6410392edd5b83003dbde0a9e0f1626dbac5328","3c4eb5aa557927d8666f64a5ccf45de3609b074f89f8e4b1b3604a66d52a3654","vectorPerformance","gaussian8","Quantile","4","3","443770","4000","500","Complete","0.038316301","2.8701E-5","0.0217952","0.0164924","0.125","0.0","438134","4000","14783.95134310092","14781.603964607304","13183.37761680062","1.0005441549460146","0.009381500096846795","0","f5d860d8f1c8c55386f06f23faad6b9f8df1541a619040c2f28698d0813a5f75",""
"2","1","0","current","c6410392edd5b83003dbde0a9e0f1626dbac5328","3c4eb5aa557927d8666f64a5ccf45de3609b074f89f8e4b1b3604a66d52a3654","vectorPerformance","gaussian8","Quantile","4","4","451689","4000","500","Complete","0.0374283","4.32E-5","0.0217901","0.015595","0.1875","0.0","437868","4000","14884.121074739518","14909.092385573675","12538.608584974128","1.0004648391967559","0.02587550455561438","0","f5667ee456b1d3d2b0c42c8460f2481029f27806732e9bf75dd56271a0628822",""
"2","1","0","current","c6410392edd5b83003dbde0a9e0f1626dbac5328","3c4eb5aa557927d8666f64a5ccf45de3609b074f89f8e4b1b3604a66d52a3654","vectorPerformance","likelihood8","GPSS","1","-2","404175","4000","500","Complete","0.1234255","1.485E-4","0.0774489","0.0458281","0.125","0.0","113497","4000","15386.728000357793","15391.85127451405","11321.818924317045","1.000502564087113","0.005344596134197365","0","15875fc3ad457cd99d016931ae49e3b53ed50293a59b7331791ac43670de87bd",""
"2","1","0","current","c6410392edd5b83003dbde0a9e0f1626dbac5328","3c4eb5aa557927d8666f64a5ccf45de3609b074f89f8e4b1b3604a66d52a3654","vectorPerformance","likelihood8","GPSS","1","-1","412094","4000","500","Complete","0.124019499","5.8499E-5","0.078208501","0.045752499","0.171875","0.0","113672","4000","14515.066848005721","14590.130865412311","10903.103694208865","1.0008342935047612","0.005564436392907962","0","fc720f0e7fc6b705ca4b80ac8fe6515a0d286ae0520a978aef375e586c9db6bf",""
"2","1","0","current","c6410392edd5b83003dbde0a9e0f1626dbac5328","3c4eb5aa557927d8666f64a5ccf45de3609b074f89f8e4b1b3604a66d52a3654","vectorPerformance","likelihood8","GPSS","1","0","420013","4000","500","Complete","0.1237812","5.66E-5","0.078379899","0.045344701","0.109375","0.0","113054","4000","15068.277084944693","15070.85887531968","10694.846310168503","1.0005601541440654","0.004181248674558491","0","8d6dc2b369fc062d17f4e1721fe9d8a199bcba9f600d8572402455c6c30b60fa",""
"2","1","0","current","c6410392edd5b83003dbde0a9e0f1626dbac5328","3c4eb5aa557927d8666f64a5ccf45de3609b074f89f8e4b1b3604a66d52a3654","vectorPerformance","likelihood8","GPSS","1","1","427932","4000","500","Complete","0.123617901","8.6501E-5","0.077812299","0.045719101","0.125","0.0","113472","4000","15069.243223748383","15055.059231076986","10322.707096463675","1.0013248567157627","0.005340326134526563","0","38e3adbbae621e7ad84a1cb5d7d2f248aeb925e3eea6b59badd3e9bb967ca792",""
"2","1","0","current","c6410392edd5b83003dbde0a9e0f1626dbac5328","3c4eb5aa557927d8666f64a5ccf45de3609b074f89f8e4b1b3604a66d52a3654","vectorPerformance","likelihood8","GPSS","1","2","435851","4000","500","Complete","0.1236901","4.87E-5","0.078344099","0.045297301","0.109375","0.0","113322","4000","15018.1283976014","15019.886701809703","11132.174688571149","1.000533090102839","0.005175852109189194","0","a1c97633734bbb43a66c525a225905cb612f427cd2600d3cc731158cc0011283",""
"2","1","0","current","c6410392edd5b83003dbde0a9e0f1626dbac5328","3c4eb5aa557927d8666f64a5ccf45de3609b074f89f8e4b1b3604a66d52a3654","vectorPerformance","likelihood8","GPSS","1","3","443770","4000","500","Complete","0.1232567","4.9399E-5","0.078064601","0.0451427","0.125","0.0","113541","4000","15504.177620932032","15516.176571089783","11070.759113858252","1.0005200177999494","0.0030179744349801974","0","10250d525acdf021423a78f0a10ef6caf57ce50e6525306305dda230dde4a3dd",""
"2","1","0","current","c6410392edd5b83003dbde0a9e0f1626dbac5328","3c4eb5aa557927d8666f64a5ccf45de3609b074f89f8e4b1b3604a66d52a3654","vectorPerformance","likelihood8","GPSS","1","4","451689","4000","500","Complete","0.1237352","6.78E-5","0.0779719","0.0456955","0.125","0.0","113652","4000","14785.194091889316","14779.730449941797","11297.287331686812","1.0008757668998252","0.004036703328069907","0","aeb7ca95e5af585230ca0add63518df7f82bcf74ed17b9d657a219f4e1b2d0f5",""
"2","1","0","current","c6410392edd5b83003dbde0a9e0f1626dbac5328","3c4eb5aa557927d8666f64a5ccf45de3609b074f89f8e4b1b3604a66d52a3654","vectorPerformance","likelihood8","GPSS","2","-2","404175","4000","500","Complete","0.0811419","0.0026024","0.0536782","0.0248613","0.25","0.0","113497","4000","15386.728000357793","15391.85127451405","11321.818924317045","1.000502564087113","0.005344596134197365","0","15875fc3ad457cd99d016931ae49e3b53ed50293a59b7331791ac43670de87bd",""
"2","1","0","current","c6410392edd5b83003dbde0a9e0f1626dbac5328","3c4eb5aa557927d8666f64a5ccf45de3609b074f89f8e4b1b3604a66d52a3654","vectorPerformance","likelihood8","GPSS","2","-1","412094","4000","500","Complete","0.0662845","6.9E-5","0.0413507","0.0248648","0.125","0.0","113672","4000","14515.066848005721","14590.130865412311","10903.103694208865","1.0008342935047612","0.005564436392907962","0","fc720f0e7fc6b705ca4b80ac8fe6515a0d286ae0520a978aef375e586c9db6bf",""
"2","1","0","current","c6410392edd5b83003dbde0a9e0f1626dbac5328","3c4eb5aa557927d8666f64a5ccf45de3609b074f89f8e4b1b3604a66d52a3654","vectorPerformance","likelihood8","GPSS","2","0","420013","4000","500","Complete","0.0654229","9.72E-5","0.0405043","0.0248214","0.125","0.0","113054","4000","15068.277084944693","15070.85887531968","10694.846310168503","1.0005601541440654","0.004181248674558491","0","8d6dc2b369fc062d17f4e1721fe9d8a199bcba9f600d8572402455c6c30b60fa",""
"2","1","0","current","c6410392edd5b83003dbde0a9e0f1626dbac5328","3c4eb5aa557927d8666f64a5ccf45de3609b074f89f8e4b1b3604a66d52a3654","vectorPerformance","likelihood8","GPSS","2","1","427932","4000","500","Complete","0.068030299","5.18E-5","0.040976","0.027002499","0.171875","0.002","113472","4000","15069.243223748383","15055.059231076986","10322.707096463675","1.0013248567157627","0.005340326134526563","0","38e3adbbae621e7ad84a1cb5d7d2f248aeb925e3eea6b59badd3e9bb967ca792",""
"2","1","0","current","c6410392edd5b83003dbde0a9e0f1626dbac5328","3c4eb5aa557927d8666f64a5ccf45de3609b074f89f8e4b1b3604a66d52a3654","vectorPerformance","likelihood8","GPSS","2","2","435851","4000","500","Complete","0.066036101","4.82E-5","0.040716001","0.0252719","0.140625","0.0","113322","4000","15018.1283976014","15019.886701809703","11132.174688571149","1.000533090102839","0.005175852109189194","0","a1c97633734bbb43a66c525a225905cb612f427cd2600d3cc731158cc0011283",""
"2","1","0","current","c6410392edd5b83003dbde0a9e0f1626dbac5328","3c4eb5aa557927d8666f64a5ccf45de3609b074f89f8e4b1b3604a66d52a3654","vectorPerformance","likelihood8","GPSS","2","3","443770","4000","500","Complete","0.066129899","4.85E-5","0.0412288","0.024852599","0.1875","0.0","113541","4000","15504.177620932032","15516.176571089783","11070.759113858252","1.0005200177999494","0.0030179744349801974","0","10250d525acdf021423a78f0a10ef6caf57ce50e6525306305dda230dde4a3dd",""
"2","1","0","current","c6410392edd5b83003dbde0a9e0f1626dbac5328","3c4eb5aa557927d8666f64a5ccf45de3609b074f89f8e4b1b3604a66d52a3654","vectorPerformance","likelihood8","GPSS","2","4","451689","4000","500","Complete","0.0656039","4.66E-5","0.0419179","0.0236394","0.125","0.002","113652","4000","14785.194091889316","14779.730449941797","11297.287331686812","1.0008757668998252","0.004036703328069907","0","aeb7ca95e5af585230ca0add63518df7f82bcf74ed17b9d657a219f4e1b2d0f5",""
"2","1","0","current","c6410392edd5b83003dbde0a9e0f1626dbac5328","3c4eb5aa557927d8666f64a5ccf45de3609b074f89f8e4b1b3604a66d52a3654","vectorPerformance","likelihood8","GPSS","4","-2","404175","4000","500","Complete","0.039051701","1.34801E-4","0.0239997","0.0149172","0.1875","0.001","113497","4000","15386.728000357793","15391.85127451405","11321.818924317045","1.000502564087113","0.005344596134197365","0","15875fc3ad457cd99d016931ae49e3b53ed50293a59b7331791ac43670de87bd",""
"2","1","0","current","c6410392edd5b83003dbde0a9e0f1626dbac5328","3c4eb5aa557927d8666f64a5ccf45de3609b074f89f8e4b1b3604a66d52a3654","vectorPerformance","likelihood8","GPSS","4","-1","412094","4000","500","Complete","0.0372733","5.88E-5","0.02184","0.0153745","0.1875","0.001","113672","4000","14515.066848005721","14590.130865412311","10903.103694208865","1.0008342935047612","0.005564436392907962","0","fc720f0e7fc6b705ca4b80ac8fe6515a0d286ae0520a978aef375e586c9db6bf",""
"2","1","0","current","c6410392edd5b83003dbde0a9e0f1626dbac5328","3c4eb5aa557927d8666f64a5ccf45de3609b074f89f8e4b1b3604a66d52a3654","vectorPerformance","likelihood8","GPSS","4","0","420013","4000","500","Complete","0.0386666","8.44E-5","0.0233815","0.0152007","0.1875","0.001","113054","4000","15068.277084944693","15070.85887531968","10694.846310168503","1.0005601541440654","0.004181248674558491","0","8d6dc2b369fc062d17f4e1721fe9d8a199bcba9f600d8572402455c6c30b60fa",""
"2","1","0","current","c6410392edd5b83003dbde0a9e0f1626dbac5328","3c4eb5aa557927d8666f64a5ccf45de3609b074f89f8e4b1b3604a66d52a3654","vectorPerformance","likelihood8","GPSS","4","1","427932","4000","500","Complete","0.036864599","5.1099E-5","0.0222115","0.014602","0.109375","0.0","113472","4000","15069.243223748383","15055.059231076986","10322.707096463675","1.0013248567157627","0.005340326134526563","0","38e3adbbae621e7ad84a1cb5d7d2f248aeb925e3eea6b59badd3e9bb967ca792",""
"2","1","0","current","c6410392edd5b83003dbde0a9e0f1626dbac5328","3c4eb5aa557927d8666f64a5ccf45de3609b074f89f8e4b1b3604a66d52a3654","vectorPerformance","likelihood8","GPSS","4","2","435851","4000","500","Complete","0.037172899","4.67E-5","0.0224592","0.014666999","0.125","0.0","113322","4000","15018.1283976014","15019.886701809703","11132.174688571149","1.000533090102839","0.005175852109189194","0","a1c97633734bbb43a66c525a225905cb612f427cd2600d3cc731158cc0011283",""
"2","1","0","current","c6410392edd5b83003dbde0a9e0f1626dbac5328","3c4eb5aa557927d8666f64a5ccf45de3609b074f89f8e4b1b3604a66d52a3654","vectorPerformance","likelihood8","GPSS","4","3","443770","4000","500","Complete","0.037664101","4.69E-5","0.022528101","0.0150891","0.125","0.0","113541","4000","15504.177620932032","15516.176571089783","11070.759113858252","1.0005200177999494","0.0030179744349801974","0","10250d525acdf021423a78f0a10ef6caf57ce50e6525306305dda230dde4a3dd",""
"2","1","0","current","c6410392edd5b83003dbde0a9e0f1626dbac5328","3c4eb5aa557927d8666f64a5ccf45de3609b074f89f8e4b1b3604a66d52a3654","vectorPerformance","likelihood8","GPSS","4","4","451689","4000","500","Complete","0.0367995","5.36E-5","0.0216954","0.0150505","0.15625","0.0","113652","4000","14785.194091889316","14779.730449941797","11297.287331686812","1.0008757668998252","0.004036703328069907","0","aeb7ca95e5af585230ca0add63518df7f82bcf74ed17b9d657a219f4e1b2d0f5",""
"2","1","0","current","c6410392edd5b83003dbde0a9e0f1626dbac5328","3c4eb5aa557927d8666f64a5ccf45de3609b074f89f8e4b1b3604a66d52a3654","vectorPerformance","likelihood8","Quantile","1","-2","404175","4000","500","Complete","0.421408701","4.8901E-5","0.375805399","0.045554401","0.421875","0.001","675623","4000","14553.603071888145","14560.448774995888","11253.189859649683","1.0007097070118298","0.003922918284137322","0","03828cdda4fc43583cac684014ff31176af4a34269763a886473aa7e641f0391",""
"2","1","0","current","c6410392edd5b83003dbde0a9e0f1626dbac5328","3c4eb5aa557927d8666f64a5ccf45de3609b074f89f8e4b1b3604a66d52a3654","vectorPerformance","likelihood8","Quantile","1","-1","412094","4000","500","Complete","0.4185256","4.32E-5","0.3720619","0.0464205","0.40625","0.001","674660","4000","15209.136106969212","15217.30790335651","11240.432710958032","1.0004372157752155","0.0052684685777992235","0","e259b6e006096a76873934a7876a399ffc6054ce8626e6a9f54fe4dc9a2a077b",""
"2","1","0","current","c6410392edd5b83003dbde0a9e0f1626dbac5328","3c4eb5aa557927d8666f64a5ccf45de3609b074f89f8e4b1b3604a66d52a3654","vectorPerformance","likelihood8","Quantile","1","0","420013","4000","500","Complete","0.419588101","3.5001E-5","0.3727891","0.046764","0.390625","0.0","673796","4000","15027.331818683551","15033.704474475824","10491.658637470435","1.0004326935079904","0.005338364077357494","0","a6b794bfac044c42b2225f202fe85edd749f09d343dadd0c6f9a8be5b72afda0",""
"2","1","0","current","c6410392edd5b83003dbde0a9e0f1626dbac5328","3c4eb5aa557927d8666f64a5ccf45de3609b074f89f8e4b1b3604a66d52a3654","vectorPerformance","likelihood8","Quantile","1","1","427932","4000","500","Complete","0.4202913","3.12E-5","0.3754412","0.0448189","0.421875","0.001","673825","4000","15276.658872254206","15256.4622489339","11119.716918313663","1.000391617247902","0.006419580823759208","0","50e2cecd19fa21e7ea4301720423264b745a7096caa97d8e6935a59763285f0a",""
"2","1","0","current","c6410392edd5b83003dbde0a9e0f1626dbac5328","3c4eb5aa557927d8666f64a5ccf45de3609b074f89f8e4b1b3604a66d52a3654","vectorPerformance","likelihood8","Quantile","1","2","435851","4000","500","Complete","0.436697701","3.01E-5","0.3908853","0.045782301","0.4375","0.001","674482","4000","15438.964336306639","15424.356228106937","11497.88972532256","1.0006283061980878","0.01024848436056533","0","d045bb5c2ae5192b21902085068a9b62aa6f41d66d4132dc6affda22bcc4912d",""
"2","1","0","current","c6410392edd5b83003dbde0a9e0f1626dbac5328","3c4eb5aa557927d8666f64a5ccf45de3609b074f89f8e4b1b3604a66d52a3654","vectorPerformance","likelihood8","Quantile","1","3","443770","4000","500","Complete","0.421591999","3.09E-5","0.374752","0.046809099","0.421875","0.0","674770","4000","15279.141041189421","15290.437507693725","11098.089526704722","1.00060311853599","0.008195113181772185","0","14c0d80a24194a44695934e9fba1972daa6dc8b7383da72f1cd5837c36c4722d",""
"2","1","0","current","c6410392edd5b83003dbde0a9e0f1626dbac5328","3c4eb5aa557927d8666f64a5ccf45de3609b074f89f8e4b1b3604a66d52a3654","vectorPerformance","likelihood8","Quantile","1","4","451689","4000","500","Complete","0.4351501","3.5E-5","0.3896992","0.0454159","0.421875","0.001","675588","4000","15378.326224840608","15396.096164831599","11613.462866841413","1.000726442029433","0.005885612388259281","0","dffab805aa7e6a415f84c4666b5b3033cb9751a54880ba72e95a79dc87652086",""
"2","1","0","current","c6410392edd5b83003dbde0a9e0f1626dbac5328","3c4eb5aa557927d8666f64a5ccf45de3609b074f89f8e4b1b3604a66d52a3654","vectorPerformance","likelihood8","Quantile","2","-2","404175","4000","500","Complete","0.220532901","8.9101E-5","0.195513199","0.024930601","0.40625","0.001","675623","4000","14553.603071888145","14560.448774995888","11253.189859649683","1.0007097070118298","0.003922918284137322","0","03828cdda4fc43583cac684014ff31176af4a34269763a886473aa7e641f0391",""
"2","1","0","current","c6410392edd5b83003dbde0a9e0f1626dbac5328","3c4eb5aa557927d8666f64a5ccf45de3609b074f89f8e4b1b3604a66d52a3654","vectorPerformance","likelihood8","Quantile","2","-1","412094","4000","500","Complete","0.2202867","5.7599E-5","0.194752001","0.0254771","0.453125","0.0","674660","4000","15209.136106969212","15217.30790335651","11240.432710958032","1.0004372157752155","0.0052684685777992235","0","e259b6e006096a76873934a7876a399ffc6054ce8626e6a9f54fe4dc9a2a077b",""
"2","1","0","current","c6410392edd5b83003dbde0a9e0f1626dbac5328","3c4eb5aa557927d8666f64a5ccf45de3609b074f89f8e4b1b3604a66d52a3654","vectorPerformance","likelihood8","Quantile","2","0","420013","4000","500","Complete","0.219910101","3.2601E-5","0.195631899","0.024245601","0.4375","0.002","673796","4000","15027.331818683551","15033.704474475824","10491.658637470435","1.0004326935079904","0.005338364077357494","0","a6b794bfac044c42b2225f202fe85edd749f09d343dadd0c6f9a8be5b72afda0",""
"2","1","0","current","c6410392edd5b83003dbde0a9e0f1626dbac5328","3c4eb5aa557927d8666f64a5ccf45de3609b074f89f8e4b1b3604a66d52a3654","vectorPerformance","likelihood8","Quantile","2","1","427932","4000","500","Complete","0.221035899","4.75E-5","0.1965297","0.024458699","0.453125","0.001","673825","4000","15276.658872254206","15256.4622489339","11119.716918313663","1.000391617247902","0.006419580823759208","0","50e2cecd19fa21e7ea4301720423264b745a7096caa97d8e6935a59763285f0a",""
"2","1","0","current","c6410392edd5b83003dbde0a9e0f1626dbac5328","3c4eb5aa557927d8666f64a5ccf45de3609b074f89f8e4b1b3604a66d52a3654","vectorPerformance","likelihood8","Quantile","2","2","435851","4000","500","Complete","0.2193045","3.2E-5","0.19392","0.0253525","0.4375","0.0","674482","4000","15438.964336306639","15424.356228106937","11497.88972532256","1.0006283061980878","0.01024848436056533","0","d045bb5c2ae5192b21902085068a9b62aa6f41d66d4132dc6affda22bcc4912d",""
"2","1","0","current","c6410392edd5b83003dbde0a9e0f1626dbac5328","3c4eb5aa557927d8666f64a5ccf45de3609b074f89f8e4b1b3604a66d52a3654","vectorPerformance","likelihood8","Quantile","2","3","443770","4000","500","Complete","0.2372879","3.13E-5","0.2135959","0.0236607","0.453125","0.002","674770","4000","15279.141041189421","15290.437507693725","11098.089526704722","1.00060311853599","0.008195113181772185","0","14c0d80a24194a44695934e9fba1972daa6dc8b7383da72f1cd5837c36c4722d",""
"2","1","0","current","c6410392edd5b83003dbde0a9e0f1626dbac5328","3c4eb5aa557927d8666f64a5ccf45de3609b074f89f8e4b1b3604a66d52a3654","vectorPerformance","likelihood8","Quantile","2","4","451689","4000","500","Complete","0.2218536","3.15E-5","0.197091401","0.024730699","0.4375","0.002","675588","4000","15378.326224840608","15396.096164831599","11613.462866841413","1.000726442029433","0.005885612388259281","0","dffab805aa7e6a415f84c4666b5b3033cb9751a54880ba72e95a79dc87652086",""
"2","1","0","current","c6410392edd5b83003dbde0a9e0f1626dbac5328","3c4eb5aa557927d8666f64a5ccf45de3609b074f89f8e4b1b3604a66d52a3654","vectorPerformance","likelihood8","Quantile","4","-2","404175","4000","500","Complete","0.1166795","4.7999E-5","0.101010401","0.0156211","0.5","0.0","675623","4000","14553.603071888145","14560.448774995888","11253.189859649683","1.0007097070118298","0.003922918284137322","0","03828cdda4fc43583cac684014ff31176af4a34269763a886473aa7e641f0391",""
"2","1","0","current","c6410392edd5b83003dbde0a9e0f1626dbac5328","3c4eb5aa557927d8666f64a5ccf45de3609b074f89f8e4b1b3604a66d52a3654","vectorPerformance","likelihood8","Quantile","4","-1","412094","4000","500","Complete","0.1169685","3.47E-5","0.099245699","0.017688101","0.453125","0.002","674660","4000","15209.136106969212","15217.30790335651","11240.432710958032","1.0004372157752155","0.0052684685777992235","0","e259b6e006096a76873934a7876a399ffc6054ce8626e6a9f54fe4dc9a2a077b",""
"2","1","0","current","c6410392edd5b83003dbde0a9e0f1626dbac5328","3c4eb5aa557927d8666f64a5ccf45de3609b074f89f8e4b1b3604a66d52a3654","vectorPerformance","likelihood8","Quantile","4","0","420013","4000","500","Complete","0.1155997","4.39E-5","0.099846699","0.015709101","0.4375","0.0","673796","4000","15027.331818683551","15033.704474475824","10491.658637470435","1.0004326935079904","0.005338364077357494","0","a6b794bfac044c42b2225f202fe85edd749f09d343dadd0c6f9a8be5b72afda0",""
"2","1","0","current","c6410392edd5b83003dbde0a9e0f1626dbac5328","3c4eb5aa557927d8666f64a5ccf45de3609b074f89f8e4b1b3604a66d52a3654","vectorPerformance","likelihood8","Quantile","4","1","427932","4000","500","Complete","0.1154081","5.9899E-5","0.099824301","0.0155239","0.4375","0.0","673825","4000","15276.658872254206","15256.4622489339","11119.716918313663","1.000391617247902","0.006419580823759208","0","50e2cecd19fa21e7ea4301720423264b745a7096caa97d8e6935a59763285f0a",""
"2","1","0","current","c6410392edd5b83003dbde0a9e0f1626dbac5328","3c4eb5aa557927d8666f64a5ccf45de3609b074f89f8e4b1b3604a66d52a3654","vectorPerformance","likelihood8","Quantile","4","2","435851","4000","500","Complete","0.120744801","3.2E-5","0.105499001","0.0152138","0.5","0.0","674482","4000","15438.964336306639","15424.356228106937","11497.88972532256","1.0006283061980878","0.01024848436056533","0","d045bb5c2ae5192b21902085068a9b62aa6f41d66d4132dc6affda22bcc4912d",""
"2","1","0","current","c6410392edd5b83003dbde0a9e0f1626dbac5328","3c4eb5aa557927d8666f64a5ccf45de3609b074f89f8e4b1b3604a66d52a3654","vectorPerformance","likelihood8","Quantile","4","3","443770","4000","500","Complete","0.1164389","9.764E-4","0.0994455","0.016017","0.375","0.001","674770","4000","15279.141041189421","15290.437507693725","11098.089526704722","1.00060311853599","0.008195113181772185","0","14c0d80a24194a44695934e9fba1972daa6dc8b7383da72f1cd5837c36c4722d",""
"2","1","0","current","c6410392edd5b83003dbde0a9e0f1626dbac5328","3c4eb5aa557927d8666f64a5ccf45de3609b074f89f8e4b1b3604a66d52a3654","vectorPerformance","likelihood8","Quantile","4","4","451689","4000","500","Complete","0.114794001","3.3201E-5","0.099496399","0.015264401","0.453125","0.0","675588","4000","15378.326224840608","15396.096164831599","11613.462866841413","1.000726442029433","0.005885612388259281","0","dffab805aa7e6a415f84c4666b5b3033cb9751a54880ba72e95a79dc87652086",""
"2","1","0","current","c6410392edd5b83003dbde0a9e0f1626dbac5328","3c4eb5aa557927d8666f64a5ccf45de3609b074f89f8e4b1b3604a66d52a3654","vectorPerformance","mixture8","GPSS","1","-2","404175","4000","500","Complete","0.1153909","1.65E-5","0.065937399","0.049437001","0.453125","0.001","229144","4000","14.257988816324646","29.19304971339808","41.12369705555653","1.0898522442939091","0.21935070608817098","8","3b6875e17ed27fe9805ded4d871f7b5f9d73e9def0157d2b9b3ca4e8933848aa",""
"2","1","0","current","c6410392edd5b83003dbde0a9e0f1626dbac5328","3c4eb5aa557927d8666f64a5ccf45de3609b074f89f8e4b1b3604a66d52a3654","vectorPerformance","mixture8","GPSS","1","-1","412094","4000","500","Complete","0.116403799","1.71E-5","0.0675773","0.048809399","0.109375","0.001","229290","4000","18.720999899350527","39.028622707399215","46.96121523232878","1.0731938076004162","0.17813809720195017","8","abf27d85ad57f604af02f9ce976cde68729c5e5b0b9868c8021e26e9e57c9cbb",""
"2","1","0","current","c6410392edd5b83003dbde0a9e0f1626dbac5328","3c4eb5aa557927d8666f64a5ccf45de3609b074f89f8e4b1b3604a66d52a3654","vectorPerformance","mixture8","GPSS","1","0","420013","4000","500","Complete","0.1238155","1.64E-5","0.0744708","0.0493283","0.125","0.001","230860","4000","11.197660818981081","21.159126284650732","49.74480814386594","1.1308094060468774","0.5016290019944878","8","f1a24a91ced5488ebfe513313caafc39cdc36be309bd0944b0aca511830cdc9b",""
"2","1","0","current","c6410392edd5b83003dbde0a9e0f1626dbac5328","3c4eb5aa557927d8666f64a5ccf45de3609b074f89f8e4b1b3604a66d52a3654","vectorPerformance","mixture8","GPSS","1","1","427932","4000","500","Complete","0.1123331","1.7599E-5","0.0664766","0.045838901","0.140625","0.001","227656","4000","350.3365962359708","946.1959119121931","828.0407758236613","1.006187429279826","0.489472770444491","0","3048dd7a997ec08547ffedc643f4f8ad71fb08dfc61d73588f085fae9f3b2530",""
"2","1","0","current","c6410392edd5b83003dbde0a9e0f1626dbac5328","3c4eb5aa557927d8666f64a5ccf45de3609b074f89f8e4b1b3604a66d52a3654","vectorPerformance","mixture8","GPSS","1","2","435851","4000","500","Complete","0.1151236","2.7899E-5","0.066237301","0.0488584","0.125","0.0","230320","4000","11.885382937205895","20.922381229748733","74.65086869430434","1.127517255169642","0.6163845076767369","8","a8b0c5d28390a6bbe639426c5f3d044100be601426210b18a9d9a12faa0fdcbb",""
"2","1","0","current","c6410392edd5b83003dbde0a9e0f1626dbac5328","3c4eb5aa557927d8666f64a5ccf45de3609b074f89f8e4b1b3604a66d52a3654","vectorPerformance","mixture8","GPSS","1","3","443770","4000","500","Complete","0.1131997","1.74E-5","0.0657484","0.0474339","0.109375","0.0","228342","4000","32.15927038708645","138.24287084259578","31.951943081965528","1.0380332431121262","0.32314994313579937","8","fb914cb87efc1f88af4218573d1acfcb2cf7af7578bb3764f9313b6f1caf9c08",""
"2","1","0","current","c6410392edd5b83003dbde0a9e0f1626dbac5328","3c4eb5aa557927d8666f64a5ccf45de3609b074f89f8e4b1b3604a66d52a3654","vectorPerformance","mixture8","GPSS","1","4","451689","4000","500","Complete","0.1261364","1.63E-5","0.0741955","0.0519246","0.125","0.0","231161","4000","11.42981152723505","18.51428192120557","82.97173289489884","1.1478873533286111","0.944470980985646","8","8c304b54387b3cfcaea9ca546733eb569997eadee97f924c60d4475ce4148eb9",""
"2","1","0","current","c6410392edd5b83003dbde0a9e0f1626dbac5328","3c4eb5aa557927d8666f64a5ccf45de3609b074f89f8e4b1b3604a66d52a3654","vectorPerformance","mixture8","GPSS","2","-2","404175","4000","500","Complete","0.0789024","1.69E-5","0.051217599","0.027667901","0.21875","0.0","229144","4000","14.257988816324646","29.19304971339808","41.12369705555653","1.0898522442939091","0.21935070608817098","8","3b6875e17ed27fe9805ded4d871f7b5f9d73e9def0157d2b9b3ca4e8933848aa",""
"2","1","0","current","c6410392edd5b83003dbde0a9e0f1626dbac5328","3c4eb5aa557927d8666f64a5ccf45de3609b074f89f8e4b1b3604a66d52a3654","vectorPerformance","mixture8","GPSS","2","-1","412094","4000","500","Complete","0.067494","1.58E-5","0.0395357","0.0279425","0.15625","0.0","229290","4000","18.720999899350527","39.028622707399215","46.96121523232878","1.0731938076004162","0.17813809720195017","8","abf27d85ad57f604af02f9ce976cde68729c5e5b0b9868c8021e26e9e57c9cbb",""
"2","1","0","current","c6410392edd5b83003dbde0a9e0f1626dbac5328","3c4eb5aa557927d8666f64a5ccf45de3609b074f89f8e4b1b3604a66d52a3654","vectorPerformance","mixture8","GPSS","2","0","420013","4000","500","Complete","0.0694477","1.55E-5","0.040892899","0.028539301","0.15625","0.001","230860","4000","11.197660818981081","21.159126284650732","49.74480814386594","1.1308094060468774","0.5016290019944878","8","f1a24a91ced5488ebfe513313caafc39cdc36be309bd0944b0aca511830cdc9b",""
"2","1","0","current","c6410392edd5b83003dbde0a9e0f1626dbac5328","3c4eb5aa557927d8666f64a5ccf45de3609b074f89f8e4b1b3604a66d52a3654","vectorPerformance","mixture8","GPSS","2","1","427932","4000","500","Complete","0.0651572","1.62E-5","0.0402292","0.0249118","0.140625","0.001","227656","4000","350.3365962359708","946.1959119121931","828.0407758236613","1.006187429279826","0.489472770444491","0","3048dd7a997ec08547ffedc643f4f8ad71fb08dfc61d73588f085fae9f3b2530",""
"2","1","0","current","c6410392edd5b83003dbde0a9e0f1626dbac5328","3c4eb5aa557927d8666f64a5ccf45de3609b074f89f8e4b1b3604a66d52a3654","vectorPerformance","mixture8","GPSS","2","2","435851","4000","500","Complete","0.069664499","1.83E-5","0.0428099","0.026836299","0.125","0.001","230320","4000","11.885382937205895","20.922381229748733","74.65086869430434","1.127517255169642","0.6163845076767369","8","a8b0c5d28390a6bbe639426c5f3d044100be601426210b18a9d9a12faa0fdcbb",""
"2","1","0","current","c6410392edd5b83003dbde0a9e0f1626dbac5328","3c4eb5aa557927d8666f64a5ccf45de3609b074f89f8e4b1b3604a66d52a3654","vectorPerformance","mixture8","GPSS","2","3","443770","4000","500","Complete","0.0661872","1.71E-5","0.0402577","0.0259124","0.140625","0.001","228342","4000","32.15927038708645","138.24287084259578","31.951943081965528","1.0380332431121262","0.32314994313579937","8","fb914cb87efc1f88af4218573d1acfcb2cf7af7578bb3764f9313b6f1caf9c08",""
"2","1","0","current","c6410392edd5b83003dbde0a9e0f1626dbac5328","3c4eb5aa557927d8666f64a5ccf45de3609b074f89f8e4b1b3604a66d52a3654","vectorPerformance","mixture8","GPSS","2","4","451689","4000","500","Complete","0.0682957","1.62E-5","0.042070301","0.026209199","0.484375","0.001","231161","4000","11.42981152723505","18.51428192120557","82.97173289489884","1.1478873533286111","0.944470980985646","8","8c304b54387b3cfcaea9ca546733eb569997eadee97f924c60d4475ce4148eb9",""
"2","1","0","current","c6410392edd5b83003dbde0a9e0f1626dbac5328","3c4eb5aa557927d8666f64a5ccf45de3609b074f89f8e4b1b3604a66d52a3654","vectorPerformance","mixture8","GPSS","4","-2","404175","4000","500","Complete","0.0577339","1.82E-5","0.0405172","0.0171985","0.25","0.001","229144","4000","14.257988816324646","29.19304971339808","41.12369705555653","1.0898522442939091","0.21935070608817098","8","3b6875e17ed27fe9805ded4d871f7b5f9d73e9def0157d2b9b3ca4e8933848aa",""
"2","1","0","current","c6410392edd5b83003dbde0a9e0f1626dbac5328","3c4eb5aa557927d8666f64a5ccf45de3609b074f89f8e4b1b3604a66d52a3654","vectorPerformance","mixture8","GPSS","4","-1","412094","4000","500","Complete","0.0559396","1.82E-5","0.0392315","0.0166899","0.25","0.0","229290","4000","18.720999899350527","39.028622707399215","46.96121523232878","1.0731938076004162","0.17813809720195017","8","abf27d85ad57f604af02f9ce976cde68729c5e5b0b9868c8021e26e9e57c9cbb",""
"2","1","0","current","c6410392edd5b83003dbde0a9e0f1626dbac5328","3c4eb5aa557927d8666f64a5ccf45de3609b074f89f8e4b1b3604a66d52a3654","vectorPerformance","mixture8","GPSS","4","0","420013","4000","500","Complete","0.055984301","1.7701E-5","0.0396756","0.016291","0.1875","0.0","230860","4000","11.197660818981081","21.159126284650732","49.74480814386594","1.1308094060468774","0.5016290019944878","8","f1a24a91ced5488ebfe513313caafc39cdc36be309bd0944b0aca511830cdc9b",""
"2","1","0","current","c6410392edd5b83003dbde0a9e0f1626dbac5328","3c4eb5aa557927d8666f64a5ccf45de3609b074f89f8e4b1b3604a66d52a3654","vectorPerformance","mixture8","GPSS","4","1","427932","4000","500","Complete","0.053663699","1.7699E-5","0.039325801","0.014320199","0.1875","0.0","227656","4000","350.3365962359708","946.1959119121931","828.0407758236613","1.006187429279826","0.489472770444491","0","3048dd7a997ec08547ffedc643f4f8ad71fb08dfc61d73588f085fae9f3b2530",""
"2","1","0","current","c6410392edd5b83003dbde0a9e0f1626dbac5328","3c4eb5aa557927d8666f64a5ccf45de3609b074f89f8e4b1b3604a66d52a3654","vectorPerformance","mixture8","GPSS","4","2","435851","4000","500","Complete","0.0578307","1.6699E-5","0.0393226","0.018491401","0.1875","0.001","230320","4000","11.885382937205895","20.922381229748733","74.65086869430434","1.127517255169642","0.6163845076767369","8","a8b0c5d28390a6bbe639426c5f3d044100be601426210b18a9d9a12faa0fdcbb",""
"2","1","0","current","c6410392edd5b83003dbde0a9e0f1626dbac5328","3c4eb5aa557927d8666f64a5ccf45de3609b074f89f8e4b1b3604a66d52a3654","vectorPerformance","mixture8","GPSS","4","3","443770","4000","500","Complete","0.059736499","1.7499E-5","0.043236001","0.016482999","0.203125","0.0","228342","4000","32.15927038708645","138.24287084259578","31.951943081965528","1.0380332431121262","0.32314994313579937","8","fb914cb87efc1f88af4218573d1acfcb2cf7af7578bb3764f9313b6f1caf9c08",""
"2","1","0","current","c6410392edd5b83003dbde0a9e0f1626dbac5328","3c4eb5aa557927d8666f64a5ccf45de3609b074f89f8e4b1b3604a66d52a3654","vectorPerformance","mixture8","GPSS","4","4","451689","4000","500","Complete","0.059522099","1.66E-5","0.042640699","0.0168648","0.25","0.001","231161","4000","11.42981152723505","18.51428192120557","82.97173289489884","1.1478873533286111","0.944470980985646","8","8c304b54387b3cfcaea9ca546733eb569997eadee97f924c60d4475ce4148eb9",""
"2","1","0","current","c6410392edd5b83003dbde0a9e0f1626dbac5328","3c4eb5aa557927d8666f64a5ccf45de3609b074f89f8e4b1b3604a66d52a3654","vectorPerformance","mixture8","Quantile","1","-2","404175","4000","500","Complete","0.205060999","3.94E-5","0.1548108","0.050210799","0.203125","0.001","794544","4000","4.187636809868029","7.060337598855363","26.16378128764236","1.5288331364789502","3.256985326991021","8","08478ec37e7016f0a746f5541369d3f27e6780b3d77ac0dd3727aedc458b8a7f",""
"2","1","0","current","c6410392edd5b83003dbde0a9e0f1626dbac5328","3c4eb5aa557927d8666f64a5ccf45de3609b074f89f8e4b1b3604a66d52a3654","vectorPerformance","mixture8","Quantile","1","-1","412094","4000","500","Complete","0.205302701","1.59E-5","0.158428101","0.0468587","0.203125","0.001","816779","4000","13172.219750891138","13222.282432153374","9557.095877190202","1.0009523655339596","4.505381108384656","0","df0a2d121acaf8121fe4585bac661d116d56b94d4bbd87d7554b9b56bc69a16b",""
"2","1","0","current","c6410392edd5b83003dbde0a9e0f1626dbac5328","3c4eb5aa557927d8666f64a5ccf45de3609b074f89f8e4b1b3604a66d52a3654","vectorPerformance","mixture8","Quantile","1","0","420013","4000","500","Complete","0.2133187","1.47E-5","0.1594117","0.0538923","0.21875","0.0","794198","4000","4.186058672517822","7.066033020998243","25.872565892706334","1.528293121197245","3.254959184947837","8","298edcccf4cb67bd1d71a2c67eaac49d9c2f065b01ce89b5a425470b4ac34246",""
"2","1","0","current","c6410392edd5b83003dbde0a9e0f1626dbac5328","3c4eb5aa557927d8666f64a5ccf45de3609b074f89f8e4b1b3604a66d52a3654","vectorPerformance","mixture8","Quantile","1","1","427932","4000","500","Complete","0.2055627","1.5E-5","0.1544347","0.051113","0.21875","0.001","793428","4000","4.1830750512240416","7.063117190644894","25.56957561795727","1.5283657513611182","3.2567621870613133","8","273d5a969b71614959a723e90feee880f8890fbdd52ed734512ecdb8349192a1",""
"2","1","0","current","c6410392edd5b83003dbde0a9e0f1626dbac5328","3c4eb5aa557927d8666f64a5ccf45de3609b074f89f8e4b1b3604a66d52a3654","vectorPerformance","mixture8","Quantile","1","2","435851","4000","500","Complete","0.2073697","1.59E-5","0.1610363","0.0463175","0.203125","0.001","819559","4000","13453.176078554361","13421.262962358194","9216.280792110578","1.0005674240480147","4.502788958677054","0","d8c678a9202d9a68411f907dc58204bfa1e84fa81561ad1055f777dd4b42c6f2",""
"2","1","0","current","c6410392edd5b83003dbde0a9e0f1626dbac5328","3c4eb5aa557927d8666f64a5ccf45de3609b074f89f8e4b1b3604a66d52a3654","vectorPerformance","mixture8","Quantile","1","3","443770","4000","500","Complete","0.206041199","1.49E-5","0.1594782","0.046548099","0.21875","0.0","818525","4000","14133.815442025896","14200.524096105466","9050.625427824825","1.0007425189374404","4.512149086714977","0","1bb1a4f128a60c3df02103528fa01749d02171821dd07470e5dae7f5e8630625",""
"2","1","0","current","c6410392edd5b83003dbde0a9e0f1626dbac5328","3c4eb5aa557927d8666f64a5ccf45de3609b074f89f8e4b1b3604a66d52a3654","vectorPerformance","mixture8","Quantile","1","4","451689","4000","500","Complete","0.207846801","1.54E-5","0.1613719","0.046459501","0.203125","0.001","819229","4000","12826.818650755431","12819.884446949432","9099.649034826969","1.000430048273552","4.504000123365279","0","678212121ddd43756b45e7bd2e21e3caba79bf54b0c78a22985c55552046cf37",""
"2","1","0","current","c6410392edd5b83003dbde0a9e0f1626dbac5328","3c4eb5aa557927d8666f64a5ccf45de3609b074f89f8e4b1b3604a66d52a3654","vectorPerformance","mixture8","Quantile","2","-2","404175","4000","500","Complete","0.1257485","1.66E-5","0.0971138","0.0286181","0.578125","0.001","794544","4000","4.187636809868029","7.060337598855363","26.16378128764236","1.5288331364789502","3.256985326991021","8","08478ec37e7016f0a746f5541369d3f27e6780b3d77ac0dd3727aedc458b8a7f",""
"2","1","0","current","c6410392edd5b83003dbde0a9e0f1626dbac5328","3c4eb5aa557927d8666f64a5ccf45de3609b074f89f8e4b1b3604a66d52a3654","vectorPerformance","mixture8","Quantile","2","-1","412094","4000","500","Complete","0.1247204","2.0799E-5","0.099093801","0.0256058","0.25","0.001","816779","4000","13172.219750891138","13222.282432153374","9557.095877190202","1.0009523655339596","4.505381108384656","0","df0a2d121acaf8121fe4585bac661d116d56b94d4bbd87d7554b9b56bc69a16b",""
"2","1","0","current","c6410392edd5b83003dbde0a9e0f1626dbac5328","3c4eb5aa557927d8666f64a5ccf45de3609b074f89f8e4b1b3604a66d52a3654","vectorPerformance","mixture8","Quantile","2","0","420013","4000","500","Complete","0.128350299","1.7999E-5","0.100085101","0.028247199","0.25","0.001","794198","4000","4.186058672517822","7.066033020998243","25.872565892706334","1.528293121197245","3.254959184947837","8","298edcccf4cb67bd1d71a2c67eaac49d9c2f065b01ce89b5a425470b4ac34246",""
"2","1","0","current","c6410392edd5b83003dbde0a9e0f1626dbac5328","3c4eb5aa557927d8666f64a5ccf45de3609b074f89f8e4b1b3604a66d52a3654","vectorPerformance","mixture8","Quantile","2","1","427932","4000","500","Complete","0.1247588","1.65E-5","0.0960909","0.0286514","0.25","0.001","793428","4000","4.1830750512240416","7.063117190644894","25.56957561795727","1.5283657513611182","3.2567621870613133","8","273d5a969b71614959a723e90feee880f8890fbdd52ed734512ecdb8349192a1",""
"2","1","0","current","c6410392edd5b83003dbde0a9e0f1626dbac5328","3c4eb5aa557927d8666f64a5ccf45de3609b074f89f8e4b1b3604a66d52a3654","vectorPerformance","mixture8","Quantile","2","2","435851","4000","500","Complete","0.123389","1.46E-5","0.0987029","0.0246715","0.25","0.001","819559","4000","13453.176078554361","13421.262962358194","9216.280792110578","1.0005674240480147","4.502788958677054","0","d8c678a9202d9a68411f907dc58204bfa1e84fa81561ad1055f777dd4b42c6f2",""
"2","1","0","current","c6410392edd5b83003dbde0a9e0f1626dbac5328","3c4eb5aa557927d8666f64a5ccf45de3609b074f89f8e4b1b3604a66d52a3654","vectorPerformance","mixture8","Quantile","2","3","443770","4000","500","Complete","0.1233475","1.6199E-5","0.097531801","0.0257995","0.265625","0.002","818525","4000","14133.815442025896","14200.524096105466","9050.625427824825","1.0007425189374404","4.512149086714977","0","1bb1a4f128a60c3df02103528fa01749d02171821dd07470e5dae7f5e8630625",""
"2","1","0","current","c6410392edd5b83003dbde0a9e0f1626dbac5328","3c4eb5aa557927d8666f64a5ccf45de3609b074f89f8e4b1b3604a66d52a3654","vectorPerformance","mixture8","Quantile","2","4","451689","4000","500","Complete","0.123850399","1.52E-5","0.0987652","0.025069999","0.25","0.001","819229","4000","12826.818650755431","12819.884446949432","9099.649034826969","1.000430048273552","4.504000123365279","0","678212121ddd43756b45e7bd2e21e3caba79bf54b0c78a22985c55552046cf37",""
"2","1","0","current","c6410392edd5b83003dbde0a9e0f1626dbac5328","3c4eb5aa557927d8666f64a5ccf45de3609b074f89f8e4b1b3604a66d52a3654","vectorPerformance","mixture8","Quantile","4","-2","404175","4000","500","Complete","0.093732499","1.55E-5","0.0755772","0.018139799","0.375","0.001","794544","4000","4.187636809868029","7.060337598855363","26.16378128764236","1.5288331364789502","3.256985326991021","8","08478ec37e7016f0a746f5541369d3f27e6780b3d77ac0dd3727aedc458b8a7f",""
"2","1","0","current","c6410392edd5b83003dbde0a9e0f1626dbac5328","3c4eb5aa557927d8666f64a5ccf45de3609b074f89f8e4b1b3604a66d52a3654","vectorPerformance","mixture8","Quantile","4","-1","412094","4000","500","Complete","0.091150099","1.54E-5","0.0757657","0.015368999","0.375","0.001","816779","4000","13172.219750891138","13222.282432153374","9557.095877190202","1.0009523655339596","4.505381108384656","0","df0a2d121acaf8121fe4585bac661d116d56b94d4bbd87d7554b9b56bc69a16b",""
"2","1","0","current","c6410392edd5b83003dbde0a9e0f1626dbac5328","3c4eb5aa557927d8666f64a5ccf45de3609b074f89f8e4b1b3604a66d52a3654","vectorPerformance","mixture8","Quantile","4","0","420013","4000","500","Complete","0.0920871","1.48E-5","0.073107299","0.018965001","0.328125","0.001","794198","4000","4.186058672517822","7.066033020998243","25.872565892706334","1.528293121197245","3.254959184947837","8","298edcccf4cb67bd1d71a2c67eaac49d9c2f065b01ce89b5a425470b4ac34246",""
"2","1","0","current","c6410392edd5b83003dbde0a9e0f1626dbac5328","3c4eb5aa557927d8666f64a5ccf45de3609b074f89f8e4b1b3604a66d52a3654","vectorPerformance","mixture8","Quantile","4","1","427932","4000","500","Complete","0.1006514","1.61E-5","0.081461","0.0191743","0.421875","0.001","793428","4000","4.1830750512240416","7.063117190644894","25.56957561795727","1.5283657513611182","3.2567621870613133","8","273d5a969b71614959a723e90feee880f8890fbdd52ed734512ecdb8349192a1",""
"2","1","0","current","c6410392edd5b83003dbde0a9e0f1626dbac5328","3c4eb5aa557927d8666f64a5ccf45de3609b074f89f8e4b1b3604a66d52a3654","vectorPerformance","mixture8","Quantile","4","2","435851","4000","500","Complete","0.094654399","1.6699E-5","0.078372101","0.016265599","0.375","0.001","819559","4000","13453.176078554361","13421.262962358194","9216.280792110578","1.0005674240480147","4.502788958677054","0","d8c678a9202d9a68411f907dc58204bfa1e84fa81561ad1055f777dd4b42c6f2",""
"2","1","0","current","c6410392edd5b83003dbde0a9e0f1626dbac5328","3c4eb5aa557927d8666f64a5ccf45de3609b074f89f8e4b1b3604a66d52a3654","vectorPerformance","mixture8","Quantile","4","3","443770","4000","500","Complete","0.0929673","1.53E-5","0.076495599","0.016456401","0.375","0.0","818525","4000","14133.815442025896","14200.524096105466","9050.625427824825","1.0007425189374404","4.512149086714977","0","1bb1a4f128a60c3df02103528fa01749d02171821dd07470e5dae7f5e8630625",""
"2","1","0","current","c6410392edd5b83003dbde0a9e0f1626dbac5328","3c4eb5aa557927d8666f64a5ccf45de3609b074f89f8e4b1b3604a66d52a3654","vectorPerformance","mixture8","Quantile","4","4","451689","4000","500","Complete","0.0943772","1.92E-5","0.0790336","0.0153244","0.375","0.001","819229","4000","12826.818650755431","12819.884446949432","9099.649034826969","1.000430048273552","4.504000123365279","0","678212121ddd43756b45e7bd2e21e3caba79bf54b0c78a22985c55552046cf37",""
"2","1","0","current","c6410392edd5b83003dbde0a9e0f1626dbac5328","3c4eb5aa557927d8666f64a5ccf45de3609b074f89f8e4b1b3604a66d52a3654","vectorPerformance","positive32","GPSS","1","-2","404175","4000","500","Complete","0.3833717","2.37E-5","0.1840814","0.1992666","0.375","0.002","312248","4000","6.507081555422677","8.267454120088496","11.239726363241573","1.4243493212370788","0.9111742118510904","32","e1f462be7160698fc96433c37d8e6460fa2b583d96e58a05af89904985ee97c5",""
"2","1","0","current","c6410392edd5b83003dbde0a9e0f1626dbac5328","3c4eb5aa557927d8666f64a5ccf45de3609b074f89f8e4b1b3604a66d52a3654","vectorPerformance","positive32","GPSS","1","-1","412094","4000","500","Complete","0.389729999","3.17E-5","0.1855395","0.204158799","0.390625","0.008","312989","4000","5.495322761597328","8.012492423835413","12.29336507256984","1.4621066333934736","0.5327465027759886","32","047503de7ceb57f45f2c33ddf27b78c64d75cb6665a40538a8909c85da9d2c02",""
"2","1","0","current","c6410392edd5b83003dbde0a9e0f1626dbac5328","3c4eb5aa557927d8666f64a5ccf45de3609b074f89f8e4b1b3604a66d52a3654","vectorPerformance","positive32","GPSS","1","0","420013","4000","500","Complete","0.398762701","2.4801E-5","0.1966205","0.2021174","0.40625","0.005","315080","4000","5.054210848500271","6.4086389980297715","11.498400167812514","1.682066869867944","1.124774421937512","32","9182bbb858877f9a625ab3c8ae05e7120fdc466f42d5a1dceccf9395da6065e9",""
"2","1","0","current","c6410392edd5b83003dbde0a9e0f1626dbac5328","3c4eb5aa557927d8666f64a5ccf45de3609b074f89f8e4b1b3604a66d52a3654","vectorPerformance","positive32","GPSS","1","1","427932","4000","500","Complete","0.3892523","2.78E-5","0.182603599","0.206620901","0.390625","0.005","310499","4000","4.949526595516298","7.4253970060875725","11.370735805288119","1.496332455560683","0.5218258205642705","32","f0d7064a140efac0e8d7992843e936b5b1ea4f33b336f96c18ed34d07d4ff733",""
"2","1","0","current","c6410392edd5b83003dbde0a9e0f1626dbac5328","3c4eb5aa557927d8666f64a5ccf45de3609b074f89f8e4b1b3604a66d52a3654","vectorPerformance","positive32","GPSS","1","2","435851","4000","500","Complete","0.3771202","4.35E-5","0.1821767","0.1949","0.375","0.004","312895","4000","6.595439608345559","8.875134343603566","10.947737821804315","1.3815878832703925","0.38311879002350624","32","0365e43fa384cead64ff9f89d32ea3ea9edfdb1f4523fadebe6c708ca213e343",""
"2","1","0","current","c6410392edd5b83003dbde0a9e0f1626dbac5328","3c4eb5aa557927d8666f64a5ccf45de3609b074f89f8e4b1b3604a66d52a3654","vectorPerformance","positive32","GPSS","1","3","443770","4000","500","Complete","0.3743359","2.48E-5","0.1852556","0.1890555","0.375","0.003","322378","4000","4.786571198089734","5.896539279571406","11.375709989448119","1.7909712039019074","1.5561805918696656","32","6ad6daee0ad4e8690da4c2f3a9ad5ab953ab95d6f3a80ac9994366367dae6f68",""
"2","1","0","current","c6410392edd5b83003dbde0a9e0f1626dbac5328","3c4eb5aa557927d8666f64a5ccf45de3609b074f89f8e4b1b3604a66d52a3654","vectorPerformance","positive32","GPSS","1","4","451689","4000","500","Complete","0.3714288","2.45E-5","0.178742799","0.192661501","0.375","0.004","312493","4000","7.11180708957874","8.71283262637544","16.641164170760746","1.408214647506748","0.6415784047018325","32","b56b7859597de05ce23273ba96ae874e4baee6fad0f20d955b87448e5465d676",""
"2","1","0","current","c6410392edd5b83003dbde0a9e0f1626dbac5328","3c4eb5aa557927d8666f64a5ccf45de3609b074f89f8e4b1b3604a66d52a3654","vectorPerformance","positive32","GPSS","2","-2","404175","4000","500","Complete","0.2277523","2.54E-5","0.119841199","0.107885701","0.734375","0.003","312248","4000","6.507081555422677","8.267454120088496","11.239726363241573","1.4243493212370788","0.9111742118510904","32","e1f462be7160698fc96433c37d8e6460fa2b583d96e58a05af89904985ee97c5",""
"2","1","0","current","c6410392edd5b83003dbde0a9e0f1626dbac5328","3c4eb5aa557927d8666f64a5ccf45de3609b074f89f8e4b1b3604a66d52a3654","vectorPerformance","positive32","GPSS","2","-1","412094","4000","500","Complete","0.218694201","2.5401E-5","0.1131011","0.1055677","0.4375","0.004","312989","4000","5.495322761597328","8.012492423835413","12.29336507256984","1.4621066333934736","0.5327465027759886","32","047503de7ceb57f45f2c33ddf27b78c64d75cb6665a40538a8909c85da9d2c02",""
"2","1","0","current","c6410392edd5b83003dbde0a9e0f1626dbac5328","3c4eb5aa557927d8666f64a5ccf45de3609b074f89f8e4b1b3604a66d52a3654","vectorPerformance","positive32","GPSS","2","0","420013","4000","500","Complete","0.220412201","2.4301E-5","0.1148616","0.1055263","0.453125","0.002","315080","4000","5.054210848500271","6.4086389980297715","11.498400167812514","1.682066869867944","1.124774421937512","32","9182bbb858877f9a625ab3c8ae05e7120fdc466f42d5a1dceccf9395da6065e9",""
"2","1","0","current","c6410392edd5b83003dbde0a9e0f1626dbac5328","3c4eb5aa557927d8666f64a5ccf45de3609b074f89f8e4b1b3604a66d52a3654","vectorPerformance","positive32","GPSS","2","1","427932","4000","500","Complete","0.223297499","2.65E-5","0.1127702","0.110500799","0.4375","0.004","310499","4000","4.949526595516298","7.4253970060875725","11.370735805288119","1.496332455560683","0.5218258205642705","32","f0d7064a140efac0e8d7992843e936b5b1ea4f33b336f96c18ed34d07d4ff733",""
"2","1","0","current","c6410392edd5b83003dbde0a9e0f1626dbac5328","3c4eb5aa557927d8666f64a5ccf45de3609b074f89f8e4b1b3604a66d52a3654","vectorPerformance","positive32","GPSS","2","2","435851","4000","500","Complete","0.215926899","2.4E-5","0.1106604","0.105242499","0.453125","0.003","312895","4000","6.595439608345559","8.875134343603566","10.947737821804315","1.3815878832703925","0.38311879002350624","32","0365e43fa384cead64ff9f89d32ea3ea9edfdb1f4523fadebe6c708ca213e343",""
"2","1","0","current","c6410392edd5b83003dbde0a9e0f1626dbac5328","3c4eb5aa557927d8666f64a5ccf45de3609b074f89f8e4b1b3604a66d52a3654","vectorPerformance","positive32","GPSS","2","3","443770","4000","500","Complete","0.219406","2.48E-5","0.1141988","0.1051824","0.4375","0.004","322378","4000","4.786571198089734","5.896539279571406","11.375709989448119","1.7909712039019074","1.5561805918696656","32","6ad6daee0ad4e8690da4c2f3a9ad5ab953ab95d6f3a80ac9994366367dae6f68",""
"2","1","0","current","c6410392edd5b83003dbde0a9e0f1626dbac5328","3c4eb5aa557927d8666f64a5ccf45de3609b074f89f8e4b1b3604a66d52a3654","vectorPerformance","positive32","GPSS","2","4","451689","4000","500","Complete","0.2139378","2.3199E-5","0.108192101","0.1057225","0.40625","0.004","312493","4000","7.11180708957874","8.71283262637544","16.641164170760746","1.408214647506748","0.6415784047018325","32","b56b7859597de05ce23273ba96ae874e4baee6fad0f20d955b87448e5465d676",""
"2","1","0","current","c6410392edd5b83003dbde0a9e0f1626dbac5328","3c4eb5aa557927d8666f64a5ccf45de3609b074f89f8e4b1b3604a66d52a3654","vectorPerformance","positive32","GPSS","4","-2","404175","4000","500","Complete","0.1628998","3.32E-5","0.0920859","0.0707807","0.625","0.004","312248","4000","6.507081555422677","8.267454120088496","11.239726363241573","1.4243493212370788","0.9111742118510904","32","e1f462be7160698fc96433c37d8e6460fa2b583d96e58a05af89904985ee97c5",""
"2","1","0","current","c6410392edd5b83003dbde0a9e0f1626dbac5328","3c4eb5aa557927d8666f64a5ccf45de3609b074f89f8e4b1b3604a66d52a3654","vectorPerformance","positive32","GPSS","4","-1","412094","4000","500","Complete","0.166268199","3.49E-5","0.1010335","0.065199799","1.015625","0.003","312989","4000","5.495322761597328","8.012492423835413","12.29336507256984","1.4621066333934736","0.5327465027759886","32","047503de7ceb57f45f2c33ddf27b78c64d75cb6665a40538a8909c85da9d2c02",""
"2","1","0","current","c6410392edd5b83003dbde0a9e0f1626dbac5328","3c4eb5aa557927d8666f64a5ccf45de3609b074f89f8e4b1b3604a66d52a3654","vectorPerformance","positive32","GPSS","4","0","420013","4000","500","Complete","0.1663805","2.78E-5","0.0991248","0.0672279","0.671875","0.005","315080","4000","5.054210848500271","6.4086389980297715","11.498400167812514","1.682066869867944","1.124774421937512","32","9182bbb858877f9a625ab3c8ae05e7120fdc466f42d5a1dceccf9395da6065e9",""
"2","1","0","current","c6410392edd5b83003dbde0a9e0f1626dbac5328","3c4eb5aa557927d8666f64a5ccf45de3609b074f89f8e4b1b3604a66d52a3654","vectorPerformance","positive32","GPSS","4","1","427932","4000","500","Complete","0.1679104","2.72E-5","0.1054966","0.0623866","0.6875","0.004","310499","4000","4.949526595516298","7.4253970060875725","11.370735805288119","1.496332455560683","0.5218258205642705","32","f0d7064a140efac0e8d7992843e936b5b1ea4f33b336f96c18ed34d07d4ff733",""
"2","1","0","current","c6410392edd5b83003dbde0a9e0f1626dbac5328","3c4eb5aa557927d8666f64a5ccf45de3609b074f89f8e4b1b3604a66d52a3654","vectorPerformance","positive32","GPSS","4","2","435851","4000","500","Complete","0.1602366","2.58E-5","0.0963946","0.0638162","0.609375","0.003","312895","4000","6.595439608345559","8.875134343603566","10.947737821804315","1.3815878832703925","0.38311879002350624","32","0365e43fa384cead64ff9f89d32ea3ea9edfdb1f4523fadebe6c708ca213e343",""
"2","1","0","current","c6410392edd5b83003dbde0a9e0f1626dbac5328","3c4eb5aa557927d8666f64a5ccf45de3609b074f89f8e4b1b3604a66d52a3654","vectorPerformance","positive32","GPSS","4","3","443770","4000","500","Complete","0.158245499","2.3899E-5","0.098724901","0.059496699","0.625","0.004","322378","4000","4.786571198089734","5.896539279571406","11.375709989448119","1.7909712039019074","1.5561805918696656","32","6ad6daee0ad4e8690da4c2f3a9ad5ab953ab95d6f3a80ac9994366367dae6f68",""
"2","1","0","current","c6410392edd5b83003dbde0a9e0f1626dbac5328","3c4eb5aa557927d8666f64a5ccf45de3609b074f89f8e4b1b3604a66d52a3654","vectorPerformance","positive32","GPSS","4","4","451689","4000","500","Complete","0.1536353","2.7201E-5","0.0930669","0.060541199","0.59375","0.002","312493","4000","7.11180708957874","8.71283262637544","16.641164170760746","1.408214647506748","0.6415784047018325","32","b56b7859597de05ce23273ba96ae874e4baee6fad0f20d955b87448e5465d676",""
"2","1","0","current","c6410392edd5b83003dbde0a9e0f1626dbac5328","3c4eb5aa557927d8666f64a5ccf45de3609b074f89f8e4b1b3604a66d52a3654","vectorPerformance","positive32","Quantile","1","-2","404175","4000","500","Complete","0.5903758","2.21E-5","0.4088128","0.1815409","0.9375","0.006","2332703","4000","8030.260361578566","7443.725542312934","10980.95587684255","1.0012073242374708","0.03162578897149504","0","109d1589a3cfa1856056d074588bf62a00242342be20aaa02c7f9fa0c3d02464",""
"2","1","0","current","c6410392edd5b83003dbde0a9e0f1626dbac5328","3c4eb5aa557927d8666f64a5ccf45de3609b074f89f8e4b1b3604a66d52a3654","vectorPerformance","positive32","Quantile","1","-1","412094","4000","500","Complete","0.5931958","2.11E-5","0.4108618","0.1823129","0.578125","0.007","2332056","4000","7849.260320702932","7497.08911341319","10218.844461352033","1.000850226319869","0.023734462941020107","0","2e7ae8f39b7d995378c03be6210919257cb3c5da65a71f7499cfe9fc1c43ddaa",""
"2","1","0","current","c6410392edd5b83003dbde0a9e0f1626dbac5328","3c4eb5aa557927d8666f64a5ccf45de3609b074f89f8e4b1b3604a66d52a3654","vectorPerformance","positive32","Quantile","1","0","420013","4000","500","Complete","0.586736601","3.9001E-5","0.4075149","0.1791827","0.578125","0.007","2331456","4000","8061.462008922536","7644.287188277893","10396.228328686206","1.000767355772193","0.026399068267307313","0","b1c80d02d980f561db28b8e8c75872a90bfe94527189f07f4dfe1c9226d272e5",""
"2","1","0","current","c6410392edd5b83003dbde0a9e0f1626dbac5328","3c4eb5aa557927d8666f64a5ccf45de3609b074f89f8e4b1b3604a66d52a3654","vectorPerformance","positive32","Quantile","1","1","427932","4000","500","Complete","0.5891154","2.0201E-5","0.4072418","0.181853399","0.59375","0.006","2330866","4000","7748.716822064378","7364.471868294603","10702.763364386927","1.0006942215274883","0.030448865944532777","0","218737eae3e2da277e8b65fe3a76bd5f04046950597185a676bdc475001c1e46",""
"2","1","0","current","c6410392edd5b83003dbde0a9e0f1626dbac5328","3c4eb5aa557927d8666f64a5ccf45de3609b074f89f8e4b1b3604a66d52a3654","vectorPerformance","positive32","Quantile","1","2","435851","4000","500","Complete","0.5960056","2.0099E-5","0.411949401","0.1840361","0.9375","0.007","2331863","4000","7994.761109518766","7444.795092892279","10756.070846197807","1.0010742652566522","0.026722483101742966","0","fb50892c47662c7c9c7473b45775635e782a20ef09488c3bc7f407bd559adfe3",""
"2","1","0","current","c6410392edd5b83003dbde0a9e0f1626dbac5328","3c4eb5aa557927d8666f64a5ccf45de3609b074f89f8e4b1b3604a66d52a3654","vectorPerformance","positive32","Quantile","1","3","443770","4000","500","Complete","0.592853099","4.71E-5","0.4059111","0.186894899","0.59375","0.01","2331071","4000","8046.326204198977","7094.826103737033","10587.156707045673","1.0006492486922247","0.022192055198105076","0","ea829d033823c80e3ad79c2bf9f4c957103c19055e7f39ac840ae3dd8ecf7787",""
"2","1","0","current","c6410392edd5b83003dbde0a9e0f1626dbac5328","3c4eb5aa557927d8666f64a5ccf45de3609b074f89f8e4b1b3604a66d52a3654","vectorPerformance","positive32","Quantile","1","4","451689","4000","500","Complete","0.5879306","2.07E-5","0.4082446","0.1796653","0.578125","0.006","2329615","4000","8049.572429524939","7585.9302215949265","10803.178568962107","1.001435614653514","0.019996657665890316","0","f2275fab90488b6e0703edb3fe7b6bef8718ce8c0b14a645dc9d2b61880d135c",""
"2","1","0","current","c6410392edd5b83003dbde0a9e0f1626dbac5328","3c4eb5aa557927d8666f64a5ccf45de3609b074f89f8e4b1b3604a66d52a3654","vectorPerformance","positive32","Quantile","2","-2","404175","4000","500","Complete","0.3306308","2.08E-5","0.234643","0.095967","1.0","0.005","2332703","4000","8030.260361578566","7443.725542312934","10980.95587684255","1.0012073242374708","0.03162578897149504","0","109d1589a3cfa1856056d074588bf62a00242342be20aaa02c7f9fa0c3d02464",""
"2","1","0","current","c6410392edd5b83003dbde0a9e0f1626dbac5328","3c4eb5aa557927d8666f64a5ccf45de3609b074f89f8e4b1b3604a66d52a3654","vectorPerformance","positive32","Quantile","2","-1","412094","4000","500","Complete","0.318749999","2.14E-5","0.219840899","0.0988877","0.625","0.008","2332056","4000","7849.260320702932","7497.08911341319","10218.844461352033","1.000850226319869","0.023734462941020107","0","2e7ae8f39b7d995378c03be6210919257cb3c5da65a71f7499cfe9fc1c43ddaa",""
"2","1","0","current","c6410392edd5b83003dbde0a9e0f1626dbac5328","3c4eb5aa557927d8666f64a5ccf45de3609b074f89f8e4b1b3604a66d52a3654","vectorPerformance","positive32","Quantile","2","0","420013","4000","500","Complete","0.322200099","2.1499E-5","0.222622401","0.099556199","0.65625","0.005","2331456","4000","8061.462008922536","7644.287188277893","10396.228328686206","1.000767355772193","0.026399068267307313","0","b1c80d02d980f561db28b8e8c75872a90bfe94527189f07f4dfe1c9226d272e5",""
"2","1","0","current","c6410392edd5b83003dbde0a9e0f1626dbac5328","3c4eb5aa557927d8666f64a5ccf45de3609b074f89f8e4b1b3604a66d52a3654","vectorPerformance","positive32","Quantile","2","1","427932","4000","500","Complete","0.3171658","2.05E-5","0.2200992","0.0970461","0.625","0.006","2330866","4000","7748.716822064378","7364.471868294603","10702.763364386927","1.0006942215274883","0.030448865944532777","0","218737eae3e2da277e8b65fe3a76bd5f04046950597185a676bdc475001c1e46",""
"2","1","0","current","c6410392edd5b83003dbde0a9e0f1626dbac5328","3c4eb5aa557927d8666f64a5ccf45de3609b074f89f8e4b1b3604a66d52a3654","vectorPerformance","positive32","Quantile","2","2","435851","4000","500","Complete","0.330229301","2.1001E-5","0.2252463","0.104962","0.65625","0.006","2331863","4000","7994.761109518766","7444.795092892279","10756.070846197807","1.0010742652566522","0.026722483101742966","0","fb50892c47662c7c9c7473b45775635e782a20ef09488c3bc7f407bd559adfe3",""
"2","1","0","current","c6410392edd5b83003dbde0a9e0f1626dbac5328","3c4eb5aa557927d8666f64a5ccf45de3609b074f89f8e4b1b3604a66d52a3654","vectorPerformance","positive32","Quantile","2","3","443770","4000","500","Complete","0.321574699","2.95E-5","0.2235876","0.097957599","0.625","0.006","2331071","4000","8046.326204198977","7094.826103737033","10587.156707045673","1.0006492486922247","0.022192055198105076","0","ea829d033823c80e3ad79c2bf9f4c957103c19055e7f39ac840ae3dd8ecf7787",""
"2","1","0","current","c6410392edd5b83003dbde0a9e0f1626dbac5328","3c4eb5aa557927d8666f64a5ccf45de3609b074f89f8e4b1b3604a66d52a3654","vectorPerformance","positive32","Quantile","2","4","451689","4000","500","Complete","0.3184257","2.0899E-5","0.222081101","0.0963237","0.96875","0.006","2329615","4000","8049.572429524939","7585.9302215949265","10803.178568962107","1.001435614653514","0.019996657665890316","0","f2275fab90488b6e0703edb3fe7b6bef8718ce8c0b14a645dc9d2b61880d135c",""
"2","1","0","current","c6410392edd5b83003dbde0a9e0f1626dbac5328","3c4eb5aa557927d8666f64a5ccf45de3609b074f89f8e4b1b3604a66d52a3654","vectorPerformance","positive32","Quantile","4","-2","404175","4000","500","Complete","0.2346891","2.09E-5","0.173639199","0.061029001","0.890625","0.008","2332703","4000","8030.260361578566","7443.725542312934","10980.95587684255","1.0012073242374708","0.03162578897149504","0","109d1589a3cfa1856056d074588bf62a00242342be20aaa02c7f9fa0c3d02464",""
"2","1","0","current","c6410392edd5b83003dbde0a9e0f1626dbac5328","3c4eb5aa557927d8666f64a5ccf45de3609b074f89f8e4b1b3604a66d52a3654","vectorPerformance","positive32","Quantile","4","-1","412094","4000","500","Complete","0.238451399","2.15E-5","0.1772305","0.061199399","1.53125","0.009","2332056","4000","7849.260320702932","7497.08911341319","10218.844461352033","1.000850226319869","0.023734462941020107","0","2e7ae8f39b7d995378c03be6210919257cb3c5da65a71f7499cfe9fc1c43ddaa",""
"2","1","0","current","c6410392edd5b83003dbde0a9e0f1626dbac5328","3c4eb5aa557927d8666f64a5ccf45de3609b074f89f8e4b1b3604a66d52a3654","vectorPerformance","positive32","Quantile","4","0","420013","4000","500","Complete","0.235439201","1.9801E-5","0.1749058","0.0605136","1.234375","0.008","2331456","4000","8061.462008922536","7644.287188277893","10396.228328686206","1.000767355772193","0.026399068267307313","0","b1c80d02d980f561db28b8e8c75872a90bfe94527189f07f4dfe1c9226d272e5",""
"2","1","0","current","c6410392edd5b83003dbde0a9e0f1626dbac5328","3c4eb5aa557927d8666f64a5ccf45de3609b074f89f8e4b1b3604a66d52a3654","vectorPerformance","positive32","Quantile","4","1","427932","4000","500","Complete","0.2359982","2.0099E-5","0.1720303","0.063947801","0.90625","0.007","2330866","4000","7748.716822064378","7364.471868294603","10702.763364386927","1.0006942215274883","0.030448865944532777","0","218737eae3e2da277e8b65fe3a76bd5f04046950597185a676bdc475001c1e46",""
"2","1","0","current","c6410392edd5b83003dbde0a9e0f1626dbac5328","3c4eb5aa557927d8666f64a5ccf45de3609b074f89f8e4b1b3604a66d52a3654","vectorPerformance","positive32","Quantile","4","2","435851","4000","500","Complete","0.23747","2.08E-5","0.1775739","0.0598753","0.9375","0.009","2331863","4000","7994.761109518766","7444.795092892279","10756.070846197807","1.0010742652566522","0.026722483101742966","0","fb50892c47662c7c9c7473b45775635e782a20ef09488c3bc7f407bd559adfe3",""
"2","1","0","current","c6410392edd5b83003dbde0a9e0f1626dbac5328","3c4eb5aa557927d8666f64a5ccf45de3609b074f89f8e4b1b3604a66d52a3654","vectorPerformance","positive32","Quantile","4","3","443770","4000","500","Complete","0.261135499","2.48E-5","0.2004932","0.060617499","0.953125","0.009","2331071","4000","8046.326204198977","7094.826103737033","10587.156707045673","1.0006492486922247","0.022192055198105076","0","ea829d033823c80e3ad79c2bf9f4c957103c19055e7f39ac840ae3dd8ecf7787",""
"2","1","0","current","c6410392edd5b83003dbde0a9e0f1626dbac5328","3c4eb5aa557927d8666f64a5ccf45de3609b074f89f8e4b1b3604a66d52a3654","vectorPerformance","positive32","Quantile","4","4","451689","4000","500","Complete","0.239869701","2.0401E-5","0.180168699","0.059680601","0.875","0.009","2329615","4000","8049.572429524939","7585.9302215949265","10803.178568962107","1.001435614653514","0.019996657665890316","0","f2275fab90488b6e0703edb3fe7b6bef8718ce8c0b14a645dc9d2b61880d135c",""
"3","1","1","baseline","eda9ebbaefdf404a3b7fdaa0c3105584d34b2373","38e02ddef01844140e3dfdfdd87733a37d26f59aeef6fcccc67fb13ed19a7d57","vectorPerformance","correlated32","GPSS","1","-2","404175","4000","500","Complete","0.4479051","3.13E-5","0.214313899","0.233559901","0.46875","0.006","265461","4000","645.117038188815","619.6601510130125","111.82974658890811","1.4709232708798055","0.0221888479832677","32","34ba7e81aae421fabb6d7abc8b37fed811e4c6a3b11b225e03c34135c20e5fab",""
"3","1","1","baseline","eda9ebbaefdf404a3b7fdaa0c3105584d34b2373","38e02ddef01844140e3dfdfdd87733a37d26f59aeef6fcccc67fb13ed19a7d57","vectorPerformance","correlated32","GPSS","1","-1","412094","4000","500","Complete","0.443669299","3.01E-5","0.2114093","0.232229899","0.453125","0.003","260316","4000","564.5119782236644","553.9746471274595","68.93212740164371","1.6458772028336794","0.06977010736276656","32","0dd72e443f3b53513a682dd3fda3078d30eb3ca1e5546f164ad2b8797a0cc49f",""
"3","1","1","baseline","eda9ebbaefdf404a3b7fdaa0c3105584d34b2373","38e02ddef01844140e3dfdfdd87733a37d26f59aeef6fcccc67fb13ed19a7d57","vectorPerformance","correlated32","GPSS","1","0","420013","4000","500","Complete","0.451022499","3.15E-5","0.2199899","0.231001099","0.453125","0.004","271170","4000","550.788691510793","462.92862585511017","31.898583590051008","1.6153232296497368","0.02539427674995709","32","4e32fd58fd10390b4e797c6902eed30b34036ec3e48184af25c550e5ecd201e4",""
"3","1","1","baseline","eda9ebbaefdf404a3b7fdaa0c3105584d34b2373","38e02ddef01844140e3dfdfdd87733a37d26f59aeef6fcccc67fb13ed19a7d57","vectorPerformance","correlated32","GPSS","1","1","427932","4000","500","Complete","0.434026699","3.34E-5","0.2000219","0.233971399","0.453125","0.003","243643","4000","728.9168563232058","707.6422054588379","37.327199337196575","1.394679319897266","0.014786962883091226","32","6556bc9a5258d4cf10554a8f1be0f66bc02b8dd465a89ab0179fc4a9bce27863",""
"3","1","1","baseline","eda9ebbaefdf404a3b7fdaa0c3105584d34b2373","38e02ddef01844140e3dfdfdd87733a37d26f59aeef6fcccc67fb13ed19a7d57","vectorPerformance","correlated32","GPSS","1","2","435851","4000","500","Complete","0.438423701","2.3201E-5","0.203828","0.2345725","0.4375","0.002","252525","4000","851.515000276373","802.0414367077282","72.65826721585422","1.3443798021720257","0.05441559245735261","32","241b3dbb9e14d1912d29f4167a0d49b5aac92799d098cc4aea7fd189aea591d5",""
"3","1","1","baseline","eda9ebbaefdf404a3b7fdaa0c3105584d34b2373","38e02ddef01844140e3dfdfdd87733a37d26f59aeef6fcccc67fb13ed19a7d57","vectorPerformance","correlated32","GPSS","1","3","443770","4000","500","Complete","0.4394107","2.27E-5","0.2076771","0.2317109","0.4375","0.002","252476","4000","579.6107666912351","519.1606176358861","80.32525737492834","1.1037679615355824","0.05661873010414342","32","e379cb80ecf5804cc22ddf166b2fd12dfc52cf394467b1b6e6cab088cb4ce1a7",""
"3","1","1","baseline","eda9ebbaefdf404a3b7fdaa0c3105584d34b2373","38e02ddef01844140e3dfdfdd87733a37d26f59aeef6fcccc67fb13ed19a7d57","vectorPerformance","correlated32","GPSS","1","4","451689","4000","500","Complete","0.4535582","2.36E-5","0.223662399","0.229872201","0.46875","0.004","276146","4000","745.841296773472","687.9271641953604","73.67496547194912","1.1447391912214941","0.06804485983194875","32","d07f89bf5cc41c4bd92db0f6611a71a2eba9eae89a88327e3e8eeccefa31029b",""
"3","1","1","baseline","eda9ebbaefdf404a3b7fdaa0c3105584d34b2373","38e02ddef01844140e3dfdfdd87733a37d26f59aeef6fcccc67fb13ed19a7d57","vectorPerformance","correlated32","GPSS","2","-2","404175","4000","500","Complete","0.2637832","3.84E-5","0.1449079","0.1188369","0.6875","0.003","265461","4000","645.117038188815","619.6601510130125","111.82974658890811","1.4709232708798055","0.0221888479832677","32","34ba7e81aae421fabb6d7abc8b37fed811e4c6a3b11b225e03c34135c20e5fab",""
"3","1","1","baseline","eda9ebbaefdf404a3b7fdaa0c3105584d34b2373","38e02ddef01844140e3dfdfdd87733a37d26f59aeef6fcccc67fb13ed19a7d57","vectorPerformance","correlated32","GPSS","2","-1","412094","4000","500","Complete","0.267974599","2.82E-5","0.1360006","0.131945799","0.890625","0.005","260316","4000","564.5119782236644","553.9746471274595","68.93212740164371","1.6458772028336794","0.06977010736276656","32","0dd72e443f3b53513a682dd3fda3078d30eb3ca1e5546f164ad2b8797a0cc49f",""
"3","1","1","baseline","eda9ebbaefdf404a3b7fdaa0c3105584d34b2373","38e02ddef01844140e3dfdfdd87733a37d26f59aeef6fcccc67fb13ed19a7d57","vectorPerformance","correlated32","GPSS","2","0","420013","4000","500","Complete","0.2702224","3.1599E-5","0.142616001","0.1275748","0.515625","0.005","271170","4000","550.788691510793","462.92862585511017","31.898583590051008","1.6153232296497368","0.02539427674995709","32","4e32fd58fd10390b4e797c6902eed30b34036ec3e48184af25c550e5ecd201e4",""
"3","1","1","baseline","eda9ebbaefdf404a3b7fdaa0c3105584d34b2373","38e02ddef01844140e3dfdfdd87733a37d26f59aeef6fcccc67fb13ed19a7d57","vectorPerformance","correlated32","GPSS","2","1","427932","4000","500","Complete","0.2548868","5.04E-5","0.129487899","0.125348501","0.5","0.004","243643","4000","728.9168563232058","707.6422054588379","37.327199337196575","1.394679319897266","0.014786962883091226","32","6556bc9a5258d4cf10554a8f1be0f66bc02b8dd465a89ab0179fc4a9bce27863",""
"3","1","1","baseline","eda9ebbaefdf404a3b7fdaa0c3105584d34b2373","38e02ddef01844140e3dfdfdd87733a37d26f59aeef6fcccc67fb13ed19a7d57","vectorPerformance","correlated32","GPSS","2","2","435851","4000","500","Complete","0.2691594","2.37E-5","0.142126499","0.127009201","0.828125","0.003","252525","4000","851.515000276373","802.0414367077282","72.65826721585422","1.3443798021720257","0.05441559245735261","32","241b3dbb9e14d1912d29f4167a0d49b5aac92799d098cc4aea7fd189aea591d5",""
"3","1","1","baseline","eda9ebbaefdf404a3b7fdaa0c3105584d34b2373","38e02ddef01844140e3dfdfdd87733a37d26f59aeef6fcccc67fb13ed19a7d57","vectorPerformance","correlated32","GPSS","2","3","443770","4000","500","Complete","0.2589742","3.8899E-5","0.131761901","0.1271734","0.515625","0.004","252476","4000","579.6107666912351","519.1606176358861","80.32525737492834","1.1037679615355824","0.05661873010414342","32","e379cb80ecf5804cc22ddf166b2fd12dfc52cf394467b1b6e6cab088cb4ce1a7",""
"3","1","1","baseline","eda9ebbaefdf404a3b7fdaa0c3105584d34b2373","38e02ddef01844140e3dfdfdd87733a37d26f59aeef6fcccc67fb13ed19a7d57","vectorPerformance","correlated32","GPSS","2","4","451689","4000","500","Complete","0.268082899","2.32E-5","0.144208899","0.1238508","0.859375","0.003","276146","4000","745.841296773472","687.9271641953604","73.67496547194912","1.1447391912214941","0.06804485983194875","32","d07f89bf5cc41c4bd92db0f6611a71a2eba9eae89a88327e3e8eeccefa31029b",""
"3","1","1","baseline","eda9ebbaefdf404a3b7fdaa0c3105584d34b2373","38e02ddef01844140e3dfdfdd87733a37d26f59aeef6fcccc67fb13ed19a7d57","vectorPerformance","correlated32","GPSS","4","-2","404175","4000","500","Complete","0.1987673","4.0901E-5","0.1287293","0.069997099","1.0625","0.004","265461","4000","645.117038188815","619.6601510130125","111.82974658890811","1.4709232708798055","0.0221888479832677","32","34ba7e81aae421fabb6d7abc8b37fed811e4c6a3b11b225e03c34135c20e5fab",""
"3","1","1","baseline","eda9ebbaefdf404a3b7fdaa0c3105584d34b2373","38e02ddef01844140e3dfdfdd87733a37d26f59aeef6fcccc67fb13ed19a7d57","vectorPerformance","correlated32","GPSS","4","-1","412094","4000","500","Complete","0.202982101","2.86E-5","0.1319737","0.070979801","0.734375","0.003","260316","4000","564.5119782236644","553.9746471274595","68.93212740164371","1.6458772028336794","0.06977010736276656","32","0dd72e443f3b53513a682dd3fda3078d30eb3ca1e5546f164ad2b8797a0cc49f",""
"3","1","1","baseline","eda9ebbaefdf404a3b7fdaa0c3105584d34b2373","38e02ddef01844140e3dfdfdd87733a37d26f59aeef6fcccc67fb13ed19a7d57","vectorPerformance","correlated32","GPSS","4","0","420013","4000","500","Complete","0.2055492","3.03E-5","0.129522699","0.075996201","0.796875","0.004","271170","4000","550.788691510793","462.92862585511017","31.898583590051008","1.6153232296497368","0.02539427674995709","32","4e32fd58fd10390b4e797c6902eed30b34036ec3e48184af25c550e5ecd201e4",""
"3","1","1","baseline","eda9ebbaefdf404a3b7fdaa0c3105584d34b2373","38e02ddef01844140e3dfdfdd87733a37d26f59aeef6fcccc67fb13ed19a7d57","vectorPerformance","correlated32","GPSS","4","1","427932","4000","500","Complete","0.1957309","3.13E-5","0.123022","0.0726776","1.0625","0.003","243643","4000","728.9168563232058","707.6422054588379","37.327199337196575","1.394679319897266","0.014786962883091226","32","6556bc9a5258d4cf10554a8f1be0f66bc02b8dd465a89ab0179fc4a9bce27863",""
"3","1","1","baseline","eda9ebbaefdf404a3b7fdaa0c3105584d34b2373","38e02ddef01844140e3dfdfdd87733a37d26f59aeef6fcccc67fb13ed19a7d57","vectorPerformance","correlated32","GPSS","4","2","435851","4000","500","Complete","0.201221701","4.9001E-5","0.1227993","0.0783734","0.75","0.005","252525","4000","851.515000276373","802.0414367077282","72.65826721585422","1.3443798021720257","0.05441559245735261","32","241b3dbb9e14d1912d29f4167a0d49b5aac92799d098cc4aea7fd189aea591d5",""
"3","1","1","baseline","eda9ebbaefdf404a3b7fdaa0c3105584d34b2373","38e02ddef01844140e3dfdfdd87733a37d26f59aeef6fcccc67fb13ed19a7d57","vectorPerformance","correlated32","GPSS","4","3","443770","4000","500","Complete","0.196389601","4.6E-5","0.1254269","0.070916701","0.8125","0.005","252476","4000","579.6107666912351","519.1606176358861","80.32525737492834","1.1037679615355824","0.05661873010414342","32","e379cb80ecf5804cc22ddf166b2fd12dfc52cf394467b1b6e6cab088cb4ce1a7",""
"3","1","1","baseline","eda9ebbaefdf404a3b7fdaa0c3105584d34b2373","38e02ddef01844140e3dfdfdd87733a37d26f59aeef6fcccc67fb13ed19a7d57","vectorPerformance","correlated32","GPSS","4","4","451689","4000","500","Complete","0.205344301","2.4001E-5","0.1344886","0.0708317","1.078125","0.004","276146","4000","745.841296773472","687.9271641953604","73.67496547194912","1.1447391912214941","0.06804485983194875","32","d07f89bf5cc41c4bd92db0f6611a71a2eba9eae89a88327e3e8eeccefa31029b",""
"3","1","1","baseline","eda9ebbaefdf404a3b7fdaa0c3105584d34b2373","38e02ddef01844140e3dfdfdd87733a37d26f59aeef6fcccc67fb13ed19a7d57","vectorPerformance","correlated32","Quantile","1","-2","404175","4000","500","Complete","1.5648613","2.29E-5","1.3196445","0.2451939","2.015625","0.021","3282856","4000","23.797668269094697","23.991783455481954","49.25430937145106","1.1516283632440742","0.3728865535403717","32","a76e28f6e88c6be3891bdc833beb8d8d0a1740b95f0935a4806e8ab65d3c899c",""
"3","1","1","baseline","eda9ebbaefdf404a3b7fdaa0c3105584d34b2373","38e02ddef01844140e3dfdfdd87733a37d26f59aeef6fcccc67fb13ed19a7d57","vectorPerformance","correlated32","Quantile","1","-1","412094","4000","500","Complete","1.5448886","2.0899E-5","1.299637401","0.2452303","1.578125","0.02","3230583","4000","31.726513907349148","31.532168002260388","97.16989966673968","1.0798839490509835","0.08306741567350584","32","f9ed8df14134bddcfbb2d40aa6e479cfbaad40e1882750767724d2bc52df3b34",""
"3","1","1","baseline","eda9ebbaefdf404a3b7fdaa0c3105584d34b2373","38e02ddef01844140e3dfdfdd87733a37d26f59aeef6fcccc67fb13ed19a7d57","vectorPerformance","correlated32","Quantile","1","0","420013","4000","500","Complete","1.5531848","2.1999E-5","1.3137378","0.239425001","1.59375","0.021","3251733","4000","36.23737925347603","37.074760300245536","94.41153342442881","1.094481746270784","0.006936160462634622","32","70f5117f96cd02d2870b347963ec61f489004b4e752f979286b6bbb78357a72b",""
"3","1","1","baseline","eda9ebbaefdf404a3b7fdaa0c3105584d34b2373","38e02ddef01844140e3dfdfdd87733a37d26f59aeef6fcccc67fb13ed19a7d57","vectorPerformance","correlated32","Quantile","1","1","427932","4000","500","Complete","1.5257528","2.3499E-5","1.2887269","0.237002401","1.515625","0.018","3236479","4000","31.801672449893193","32.058114379350506","84.74388663935426","1.0852433257313874","0.03363458703623934","32","9361e774d845e114d77fdb68cfdc974ca4f240b9ee801485b53bd51fdc75e4ee",""
"3","1","1","baseline","eda9ebbaefdf404a3b7fdaa0c3105584d34b2373","38e02ddef01844140e3dfdfdd87733a37d26f59aeef6fcccc67fb13ed19a7d57","vectorPerformance","correlated32","Quantile","1","2","435851","4000","500","Complete","1.545226","2.0699E-5","1.288973601","0.2562317","1.9375","0.018","3213584","4000","18.827593772089372","19.418977153927276","144.36214774069362","1.1856715933721973","0.22462708158086309","32","be8072aea54a06faab2c2090774614aa1ad4df6564d26d325be8e1037fc3c851",""
"3","1","1","baseline","eda9ebbaefdf404a3b7fdaa0c3105584d34b2373","38e02ddef01844140e3dfdfdd87733a37d26f59aeef6fcccc67fb13ed19a7d57","vectorPerformance","correlated32","Quantile","1","3","443770","4000","500","Complete","1.574570499","2.12E-5","1.3217434","0.252805899","1.84375","0.022","3292746","4000","8.551688513959126","8.66542172384507","23.37880092498311","1.3883316083476982","0.08359316129464744","32","3ae74ba297dfc21cabfcf0707b44b409c98d3bd3f9dfc2b6af98aa1fde2b375a",""
"3","1","1","baseline","eda9ebbaefdf404a3b7fdaa0c3105584d34b2373","38e02ddef01844140e3dfdfdd87733a37d26f59aeef6fcccc67fb13ed19a7d57","vectorPerformance","correlated32","Quantile","1","4","451689","4000","500","Complete","1.5442822","2.05E-5","1.2979679","0.2462938","1.546875","0.021","3210555","4000","32.00943946980557","33.91863557210035","93.00550074538009","1.0837128123690845","0.1407722816405288","32","6de2fd21c7960b9d9708ca419e8aba6e1a90d027a2db52b77e66a4a749ca160e",""
"3","1","1","baseline","eda9ebbaefdf404a3b7fdaa0c3105584d34b2373","38e02ddef01844140e3dfdfdd87733a37d26f59aeef6fcccc67fb13ed19a7d57","vectorPerformance","correlated32","Quantile","2","-2","404175","4000","500","Complete","1.0016222","1.98E-5","0.8710647","0.1305377","1.984375","0.018","3282856","4000","23.797668269094697","23.991783455481954","49.25430937145106","1.1516283632440742","0.3728865535403717","32","a76e28f6e88c6be3891bdc833beb8d8d0a1740b95f0935a4806e8ab65d3c899c",""
"3","1","1","baseline","eda9ebbaefdf404a3b7fdaa0c3105584d34b2373","38e02ddef01844140e3dfdfdd87733a37d26f59aeef6fcccc67fb13ed19a7d57","vectorPerformance","correlated32","Quantile","2","-1","412094","4000","500","Complete","0.991396001","2.1001E-5","0.858362399","0.133012601","2.234375","0.019","3230583","4000","31.726513907349148","31.532168002260388","97.16989966673968","1.0798839490509835","0.08306741567350584","32","f9ed8df14134bddcfbb2d40aa6e479cfbaad40e1882750767724d2bc52df3b34",""
"3","1","1","baseline","eda9ebbaefdf404a3b7fdaa0c3105584d34b2373","38e02ddef01844140e3dfdfdd87733a37d26f59aeef6fcccc67fb13ed19a7d57","vectorPerformance","correlated32","Quantile","2","0","420013","4000","500","Complete","1.006098299","2.12E-5","0.8768898","0.129187299","2.3125","0.019","3251733","4000","36.23737925347603","37.074760300245536","94.41153342442881","1.094481746270784","0.006936160462634622","32","70f5117f96cd02d2870b347963ec61f489004b4e752f979286b6bbb78357a72b",""
"3","1","1","baseline","eda9ebbaefdf404a3b7fdaa0c3105584d34b2373","38e02ddef01844140e3dfdfdd87733a37d26f59aeef6fcccc67fb13ed19a7d57","vectorPerformance","correlated32","Quantile","2","1","427932","4000","500","Complete","0.9854471","2.12E-5","0.8557168","0.1297091","2.625","0.018","3236479","4000","31.801672449893193","32.058114379350506","84.74388663935426","1.0852433257313874","0.03363458703623934","32","9361e774d845e114d77fdb68cfdc974ca4f240b9ee801485b53bd51fdc75e4ee",""
"3","1","1","baseline","eda9ebbaefdf404a3b7fdaa0c3105584d34b2373","38e02ddef01844140e3dfdfdd87733a37d26f59aeef6fcccc67fb13ed19a7d57","vectorPerformance","correlated32","Quantile","2","2","435851","4000","500","Complete","1.0741817","2.3E-5","0.9270839","0.1470748","2.734375","0.02","3213584","4000","18.827593772089372","19.418977153927276","144.36214774069362","1.1856715933721973","0.22462708158086309","32","be8072aea54a06faab2c2090774614aa1ad4df6564d26d325be8e1037fc3c851",""
"3","1","1","baseline","eda9ebbaefdf404a3b7fdaa0c3105584d34b2373","38e02ddef01844140e3dfdfdd87733a37d26f59aeef6fcccc67fb13ed19a7d57","vectorPerformance","correlated32","Quantile","2","3","443770","4000","500","Complete","1.018813899","2.51E-5","0.883972199","0.1348166","2.328125","0.018","3292746","4000","8.551688513959126","8.66542172384507","23.37880092498311","1.3883316083476982","0.08359316129464744","32","3ae74ba297dfc21cabfcf0707b44b409c98d3bd3f9dfc2b6af98aa1fde2b375a",""
"3","1","1","baseline","eda9ebbaefdf404a3b7fdaa0c3105584d34b2373","38e02ddef01844140e3dfdfdd87733a37d26f59aeef6fcccc67fb13ed19a7d57","vectorPerformance","correlated32","Quantile","2","4","451689","4000","500","Complete","0.983143699","1.87E-5","0.8499249","0.133200099","2.21875","0.019","3210555","4000","32.00943946980557","33.91863557210035","93.00550074538009","1.0837128123690845","0.1407722816405288","32","6de2fd21c7960b9d9708ca419e8aba6e1a90d027a2db52b77e66a4a749ca160e",""
"3","1","1","baseline","eda9ebbaefdf404a3b7fdaa0c3105584d34b2373","38e02ddef01844140e3dfdfdd87733a37d26f59aeef6fcccc67fb13ed19a7d57","vectorPerformance","correlated32","Quantile","4","-2","404175","4000","500","Complete","0.882717599","2.02E-5","0.807162","0.075535399","3.484375","0.017","3282856","4000","23.797668269094697","23.991783455481954","49.25430937145106","1.1516283632440742","0.3728865535403717","32","a76e28f6e88c6be3891bdc833beb8d8d0a1740b95f0935a4806e8ab65d3c899c",""
"3","1","1","baseline","eda9ebbaefdf404a3b7fdaa0c3105584d34b2373","38e02ddef01844140e3dfdfdd87733a37d26f59aeef6fcccc67fb13ed19a7d57","vectorPerformance","correlated32","Quantile","4","-1","412094","4000","500","Complete","0.872224999","3.7E-5","0.793956799","0.0782312","3.34375","0.018","3230583","4000","31.726513907349148","31.532168002260388","97.16989966673968","1.0798839490509835","0.08306741567350584","32","f9ed8df14134bddcfbb2d40aa6e479cfbaad40e1882750767724d2bc52df3b34",""
"3","1","1","baseline","eda9ebbaefdf404a3b7fdaa0c3105584d34b2373","38e02ddef01844140e3dfdfdd87733a37d26f59aeef6fcccc67fb13ed19a7d57","vectorPerformance","correlated32","Quantile","4","0","420013","4000","500","Complete","0.9196535","2.53E-5","0.843193599","0.076434601","3.65625","0.019","3251733","4000","36.23737925347603","37.074760300245536","94.41153342442881","1.094481746270784","0.006936160462634622","32","70f5117f96cd02d2870b347963ec61f489004b4e752f979286b6bbb78357a72b",""
"3","1","1","baseline","eda9ebbaefdf404a3b7fdaa0c3105584d34b2373","38e02ddef01844140e3dfdfdd87733a37d26f59aeef6fcccc67fb13ed19a7d57","vectorPerformance","correlated32","Quantile","4","1","427932","4000","500","Complete","0.8653518","2.07E-5","0.791803499","0.073527601","3.375","0.018","3236479","4000","31.801672449893193","32.058114379350506","84.74388663935426","1.0852433257313874","0.03363458703623934","32","9361e774d845e114d77fdb68cfdc974ca4f240b9ee801485b53bd51fdc75e4ee",""
"3","1","1","baseline","eda9ebbaefdf404a3b7fdaa0c3105584d34b2373","38e02ddef01844140e3dfdfdd87733a37d26f59aeef6fcccc67fb13ed19a7d57","vectorPerformance","correlated32","Quantile","4","2","435851","4000","500","Complete","0.875238599","2.03E-5","0.7972072","0.078011099","3.46875","0.018","3213584","4000","18.827593772089372","19.418977153927276","144.36214774069362","1.1856715933721973","0.22462708158086309","32","be8072aea54a06faab2c2090774614aa1ad4df6564d26d325be8e1037fc3c851",""
"3","1","1","baseline","eda9ebbaefdf404a3b7fdaa0c3105584d34b2373","38e02ddef01844140e3dfdfdd87733a37d26f59aeef6fcccc67fb13ed19a7d57","vectorPerformance","correlated32","Quantile","4","3","443770","4000","500","Complete","0.9055188","2.07E-5","0.8258903","0.0796078","3.859375","0.018","3292746","4000","8.551688513959126","8.66542172384507","23.37880092498311","1.3883316083476982","0.08359316129464744","32","3ae74ba297dfc21cabfcf0707b44b409c98d3bd3f9dfc2b6af98aa1fde2b375a",""
"3","1","1","baseline","eda9ebbaefdf404a3b7fdaa0c3105584d34b2373","38e02ddef01844140e3dfdfdd87733a37d26f59aeef6fcccc67fb13ed19a7d57","vectorPerformance","correlated32","Quantile","4","4","451689","4000","500","Complete","0.863985999","2.12E-5","0.7873765","0.076588299","4.328125","0.017","3210555","4000","32.00943946980557","33.91863557210035","93.00550074538009","1.0837128123690845","0.1407722816405288","32","6de2fd21c7960b9d9708ca419e8aba6e1a90d027a2db52b77e66a4a749ca160e",""
"3","1","1","baseline","eda9ebbaefdf404a3b7fdaa0c3105584d34b2373","38e02ddef01844140e3dfdfdd87733a37d26f59aeef6fcccc67fb13ed19a7d57","vectorPerformance","gaussian32","GPSS","1","-2","404175","4000","500","Complete","0.3575332","4.41E-5","0.1075741","0.249915","0.453125","0.005","139155","4000","14560.87743232489","14566.888663880416","9030.296419517286","1.0011086994050007","0.013020088729037094","0","f3ae7e88a3469d95a481057ff78725be41612c1e7bdf2f3d1a7c73f5a42981cf",""
"3","1","1","baseline","eda9ebbaefdf404a3b7fdaa0c3105584d34b2373","38e02ddef01844140e3dfdfdd87733a37d26f59aeef6fcccc67fb13ed19a7d57","vectorPerformance","gaussian32","GPSS","1","-1","412094","4000","500","Complete","0.355649001","4.1301E-5","0.1050623","0.2505454","0.359375","0.009","138730","4000","14723.327722756223","14738.615855733822","8857.898575485036","1.0012097458367082","0.014860253936955947","0","6d85793e19e5639b0a7430ab942ac98e6519fa4be0fbcee8a8930a2af289299d",""
"3","1","1","baseline","eda9ebbaefdf404a3b7fdaa0c3105584d34b2373","38e02ddef01844140e3dfdfdd87733a37d26f59aeef6fcccc67fb13ed19a7d57","vectorPerformance","gaussian32","GPSS","1","0","420013","4000","500","Complete","0.3494082","4.4801E-5","0.1075155","0.241847899","0.6875","0.003","138723","4000","14789.309502344258","14770.299991933614","8878.031772176253","1.0012114173589253","0.02042856356087519","0","fb030bc811389f4cc0c40b053f280c25c0c5e58babb6d5eb761947efb8511783",""
"3","1","1","baseline","eda9ebbaefdf404a3b7fdaa0c3105584d34b2373","38e02ddef01844140e3dfdfdd87733a37d26f59aeef6fcccc67fb13ed19a7d57","vectorPerformance","gaussian32","GPSS","1","1","427932","4000","500","Complete","0.3527369","3.67E-5","0.1071749","0.2455253","0.375","0.004","138788","4000","15028.158264845573","15037.33690560915","9075.6220980371","1.0011653829278853","0.016607695975976222","0","3d0bccbf5e695e5e8a5d89fa29a1a353b231a8693474ffa5e1944f58eee51881",""
"3","1","1","baseline","eda9ebbaefdf404a3b7fdaa0c3105584d34b2373","38e02ddef01844140e3dfdfdd87733a37d26f59aeef6fcccc67fb13ed19a7d57","vectorPerformance","gaussian32","GPSS","1","2","435851","4000","500","Complete","0.350521","3.86E-5","0.1087837","0.2416987","0.34375","0.003","138703","4000","14933.892470949851","14950.607747787408","8635.192267898514","1.001735370997425","0.021490044822388643","0","603bdfe20f551e62d9c5fbc68e896eb978d3c40134ec7e7cbc17b062760b5957",""
"3","1","1","baseline","eda9ebbaefdf404a3b7fdaa0c3105584d34b2373","38e02ddef01844140e3dfdfdd87733a37d26f59aeef6fcccc67fb13ed19a7d57","vectorPerformance","gaussian32","GPSS","1","3","443770","4000","500","Complete","0.351010401","3.4801E-5","0.1061519","0.2448237","0.328125","0.005","138777","4000","15223.671841621832","15221.605805391002","9210.378340418303","1.0015395267295784","0.016172276604625724","0","2ead94f9fc645301334f7309cfcc4f5b6e54cfdca48deed2f7e56fe38456b29a",""
"3","1","1","baseline","eda9ebbaefdf404a3b7fdaa0c3105584d34b2373","38e02ddef01844140e3dfdfdd87733a37d26f59aeef6fcccc67fb13ed19a7d57","vectorPerformance","gaussian32","GPSS","1","4","451689","4000","500","Complete","0.350238199","4.06E-5","0.108927599","0.24127","0.6875","0.002","138750","4000","14345.553258947568","14342.778169951296","8945.28266108745","1.0011866456042022","0.01864774016529802","0","d4278b864a0c0454d1730a6de2433aebfa0ebf5de90d82ef8563be3b95ce2d1a",""
"3","1","1","baseline","eda9ebbaefdf404a3b7fdaa0c3105584d34b2373","38e02ddef01844140e3dfdfdd87733a37d26f59aeef6fcccc67fb13ed19a7d57","vectorPerformance","gaussian32","GPSS","2","-2","404175","4000","500","Complete","0.2070087","1.547E-4","0.071846999","0.135007001","0.5","0.006","139155","4000","14560.87743232489","14566.888663880416","9030.296419517286","1.0011086994050007","0.013020088729037094","0","f3ae7e88a3469d95a481057ff78725be41612c1e7bdf2f3d1a7c73f5a42981cf",""
"3","1","1","baseline","eda9ebbaefdf404a3b7fdaa0c3105584d34b2373","38e02ddef01844140e3dfdfdd87733a37d26f59aeef6fcccc67fb13ed19a7d57","vectorPerformance","gaussian32","GPSS","2","-1","412094","4000","500","Complete","0.203696401","4.52E-5","0.076851901","0.1267993","0.40625","0.002","138730","4000","14723.327722756223","14738.615855733822","8857.898575485036","1.0012097458367082","0.014860253936955947","0","6d85793e19e5639b0a7430ab942ac98e6519fa4be0fbcee8a8930a2af289299d",""
"3","1","1","baseline","eda9ebbaefdf404a3b7fdaa0c3105584d34b2373","38e02ddef01844140e3dfdfdd87733a37d26f59aeef6fcccc67fb13ed19a7d57","vectorPerformance","gaussian32","GPSS","2","0","420013","4000","500","Complete","0.1974714","3.42E-5","0.067872299","0.129564901","0.390625","0.005","138723","4000","14789.309502344258","14770.299991933614","8878.031772176253","1.0012114173589253","0.02042856356087519","0","fb030bc811389f4cc0c40b053f280c25c0c5e58babb6d5eb761947efb8511783",""
"3","1","1","baseline","eda9ebbaefdf404a3b7fdaa0c3105584d34b2373","38e02ddef01844140e3dfdfdd87733a37d26f59aeef6fcccc67fb13ed19a7d57","vectorPerformance","gaussian32","GPSS","2","1","427932","4000","500","Complete","0.1977829","3.5E-5","0.0668283","0.1309196","0.40625","0.003","138788","4000","15028.158264845573","15037.33690560915","9075.6220980371","1.0011653829278853","0.016607695975976222","0","3d0bccbf5e695e5e8a5d89fa29a1a353b231a8693474ffa5e1944f58eee51881",""
"3","1","1","baseline","eda9ebbaefdf404a3b7fdaa0c3105584d34b2373","38e02ddef01844140e3dfdfdd87733a37d26f59aeef6fcccc67fb13ed19a7d57","vectorPerformance","gaussian32","GPSS","2","2","435851","4000","500","Complete","0.1962395","3.39E-5","0.0672582","0.1289474","0.375","0.004","138703","4000","14933.892470949851","14950.607747787408","8635.192267898514","1.001735370997425","0.021490044822388643","0","603bdfe20f551e62d9c5fbc68e896eb978d3c40134ec7e7cbc17b062760b5957",""
"3","1","1","baseline","eda9ebbaefdf404a3b7fdaa0c3105584d34b2373","38e02ddef01844140e3dfdfdd87733a37d26f59aeef6fcccc67fb13ed19a7d57","vectorPerformance","gaussian32","GPSS","2","3","443770","4000","500","Complete","0.201077299","3.62E-5","0.067549","0.133492099","0.4375","0.003","138777","4000","15223.671841621832","15221.605805391002","9210.378340418303","1.0015395267295784","0.016172276604625724","0","2ead94f9fc645301334f7309cfcc4f5b6e54cfdca48deed2f7e56fe38456b29a",""
"3","1","1","baseline","eda9ebbaefdf404a3b7fdaa0c3105584d34b2373","38e02ddef01844140e3dfdfdd87733a37d26f59aeef6fcccc67fb13ed19a7d57","vectorPerformance","gaussian32","GPSS","2","4","451689","4000","500","Complete","0.1947117","4.59E-5","0.0682419","0.1264239","0.375","0.003","138750","4000","14345.553258947568","14342.778169951296","8945.28266108745","1.0011866456042022","0.01864774016529802","0","d4278b864a0c0454d1730a6de2433aebfa0ebf5de90d82ef8563be3b95ce2d1a",""
"3","1","1","baseline","eda9ebbaefdf404a3b7fdaa0c3105584d34b2373","38e02ddef01844140e3dfdfdd87733a37d26f59aeef6fcccc67fb13ed19a7d57","vectorPerformance","gaussian32","GPSS","4","-2","404175","4000","500","Complete","0.1353089","4.07E-5","0.0650892","0.070179","0.5625","0.003","139155","4000","14560.87743232489","14566.888663880416","9030.296419517286","1.0011086994050007","0.013020088729037094","0","f3ae7e88a3469d95a481057ff78725be41612c1e7bdf2f3d1a7c73f5a42981cf",""
"3","1","1","baseline","eda9ebbaefdf404a3b7fdaa0c3105584d34b2373","38e02ddef01844140e3dfdfdd87733a37d26f59aeef6fcccc67fb13ed19a7d57","vectorPerformance","gaussian32","GPSS","4","-1","412094","4000","500","Complete","0.1312262","6.1E-5","0.0607122","0.070453","0.5","0.002","138730","4000","14723.327722756223","14738.615855733822","8857.898575485036","1.0012097458367082","0.014860253936955947","0","6d85793e19e5639b0a7430ab942ac98e6519fa4be0fbcee8a8930a2af289299d",""
"3","1","1","baseline","eda9ebbaefdf404a3b7fdaa0c3105584d34b2373","38e02ddef01844140e3dfdfdd87733a37d26f59aeef6fcccc67fb13ed19a7d57","vectorPerformance","gaussian32","GPSS","4","0","420013","4000","500","Complete","0.1319836","3.51E-5","0.0612419","0.0707066","0.828125","0.002","138723","4000","14789.309502344258","14770.299991933614","8878.031772176253","1.0012114173589253","0.02042856356087519","0","fb030bc811389f4cc0c40b053f280c25c0c5e58babb6d5eb761947efb8511783",""
"3","1","1","baseline","eda9ebbaefdf404a3b7fdaa0c3105584d34b2373","38e02ddef01844140e3dfdfdd87733a37d26f59aeef6fcccc67fb13ed19a7d57","vectorPerformance","gaussian32","GPSS","4","1","427932","4000","500","Complete","0.131119399","3.4399E-5","0.059159101","0.071925899","0.5625","0.002","138788","4000","15028.158264845573","15037.33690560915","9075.6220980371","1.0011653829278853","0.016607695975976222","0","3d0bccbf5e695e5e8a5d89fa29a1a353b231a8693474ffa5e1944f58eee51881",""
"3","1","1","baseline","eda9ebbaefdf404a3b7fdaa0c3105584d34b2373","38e02ddef01844140e3dfdfdd87733a37d26f59aeef6fcccc67fb13ed19a7d57","vectorPerformance","gaussian32","GPSS","4","2","435851","4000","500","Complete","0.1329805","3.5599E-5","0.0591965","0.073748401","0.84375","0.005","138703","4000","14933.892470949851","14950.607747787408","8635.192267898514","1.001735370997425","0.021490044822388643","0","603bdfe20f551e62d9c5fbc68e896eb978d3c40134ec7e7cbc17b062760b5957",""
"3","1","1","baseline","eda9ebbaefdf404a3b7fdaa0c3105584d34b2373","38e02ddef01844140e3dfdfdd87733a37d26f59aeef6fcccc67fb13ed19a7d57","vectorPerformance","gaussian32","GPSS","4","3","443770","4000","500","Complete","0.129153201","3.7801E-5","0.0588822","0.0702332","0.515625","0.002","138777","4000","15223.671841621832","15221.605805391002","9210.378340418303","1.0015395267295784","0.016172276604625724","0","2ead94f9fc645301334f7309cfcc4f5b6e54cfdca48deed2f7e56fe38456b29a",""
"3","1","1","baseline","eda9ebbaefdf404a3b7fdaa0c3105584d34b2373","38e02ddef01844140e3dfdfdd87733a37d26f59aeef6fcccc67fb13ed19a7d57","vectorPerformance","gaussian32","GPSS","4","4","451689","4000","500","Complete","0.1379147","3.77E-5","0.0617902","0.0760868","0.5625","0.004","138750","4000","14345.553258947568","14342.778169951296","8945.28266108745","1.0011866456042022","0.01864774016529802","0","d4278b864a0c0454d1730a6de2433aebfa0ebf5de90d82ef8563be3b95ce2d1a",""
"3","1","1","baseline","eda9ebbaefdf404a3b7fdaa0c3105584d34b2373","38e02ddef01844140e3dfdfdd87733a37d26f59aeef6fcccc67fb13ed19a7d57","vectorPerformance","gaussian32","Quantile","1","-2","404175","4000","500","Complete","0.7463023","3.38E-5","0.5013567","0.2449118","1.09375","0.012","1753214","4000","15219.008327321226","15213.744919585897","12194.607218487616","1.0007110848254097","0.01623649007724448","0","cecc6b4fda00565adaade6079bd9a81eec1cb5425a7364f3a4652f8f1fe688e7",""
"3","1","1","baseline","eda9ebbaefdf404a3b7fdaa0c3105584d34b2373","38e02ddef01844140e3dfdfdd87733a37d26f59aeef6fcccc67fb13ed19a7d57","vectorPerformance","gaussian32","Quantile","1","-1","412094","4000","500","Complete","0.7152019","3.02E-5","0.4675636","0.2476081","0.75","0.012","1754500","4000","14374.340793710559","14390.679914776822","12593.727427588436","1.0005481375625007","0.020322296447435884","0","710b12b4b32c1d00e33cda313ee3aca4afb06968f65bf5b1d672fd6109f4f43f",""
"3","1","1","baseline","eda9ebbaefdf404a3b7fdaa0c3105584d34b2373","38e02ddef01844140e3dfdfdd87733a37d26f59aeef6fcccc67fb13ed19a7d57","vectorPerformance","gaussian32","Quantile","1","0","420013","4000","500","Complete","0.7324429","2.87E-5","0.476996399","0.255417801","0.734375","0.015","1751135","4000","14804.415700401843","14796.384417892554","11674.348877600554","1.0004842070731996","0.017149474216242355","0","7163a65543816d08a23c844d2762c1967e2f734b4748129ec7bdf89e140df8b4",""
"3","1","1","baseline","eda9ebbaefdf404a3b7fdaa0c3105584d34b2373","38e02ddef01844140e3dfdfdd87733a37d26f59aeef6fcccc67fb13ed19a7d57","vectorPerformance","gaussian32","Quantile","1","1","427932","4000","500","Complete","0.7153108","2.96E-5","0.472335","0.2429462","0.734375","0.009","1751119","4000","15119.429112419593","15129.482098788952","12424.352542458728","1.000588248721186","0.024238503591598903","0","e468486f9c3bce272356b47328af805b6315b0ce0dcec0ba389ad1cc6e773090",""
"3","1","1","baseline","eda9ebbaefdf404a3b7fdaa0c3105584d34b2373","38e02ddef01844140e3dfdfdd87733a37d26f59aeef6fcccc67fb13ed19a7d57","vectorPerformance","gaussian32","Quantile","1","2","435851","4000","500","Complete","0.7203171","3.12E-5","0.4775574","0.2427285","1.046875","0.011","1754043","4000","14654.09636813213","14648.796726473445","11630.775114295944","1.0006045524861327","0.019982935899345466","0","f17849dd0d6937ddb28ce5136301623e9a5b8e9dd4ad54fb96a198cfdc5f0c6a",""
"3","1","1","baseline","eda9ebbaefdf404a3b7fdaa0c3105584d34b2373","38e02ddef01844140e3dfdfdd87733a37d26f59aeef6fcccc67fb13ed19a7d57","vectorPerformance","gaussian32","Quantile","1","3","443770","4000","500","Complete","0.6986928","2.8E-5","0.4554738","0.243191","1.21875","0.008","1754067","4000","14670.955292689816","14672.094230083088","12113.52110906072","1.0003997605716526","0.012117200485737945","0","8d191d73493e7fb3ede8cea18ccac7e017f7700706ef9c9f8b699e07b2804d14",""
"3","1","1","baseline","eda9ebbaefdf404a3b7fdaa0c3105584d34b2373","38e02ddef01844140e3dfdfdd87733a37d26f59aeef6fcccc67fb13ed19a7d57","vectorPerformance","gaussian32","Quantile","1","4","451689","4000","500","Complete","0.7044328","2.6799E-5","0.461556101","0.2428499","1.59375","0.008","1751661","4000","14424.859583462046","14417.997752939862","12128.296452895833","1.0007982696988702","0.02835365482901797","0","b8ea3b62393883b214271958061a644368686dc583e5f2e33e5eafdc7a65f17e",""
"3","1","1","baseline","eda9ebbaefdf404a3b7fdaa0c3105584d34b2373","38e02ddef01844140e3dfdfdd87733a37d26f59aeef6fcccc67fb13ed19a7d57","vectorPerformance","gaussian32","Quantile","2","-2","404175","4000","500","Complete","0.4815347","3.7099E-5","0.346305201","0.1351924","1.234375","0.016","1753214","4000","15219.008327321226","15213.744919585897","12194.607218487616","1.0007110848254097","0.01623649007724448","0","cecc6b4fda00565adaade6079bd9a81eec1cb5425a7364f3a4652f8f1fe688e7",""
"3","1","1","baseline","eda9ebbaefdf404a3b7fdaa0c3105584d34b2373","38e02ddef01844140e3dfdfdd87733a37d26f59aeef6fcccc67fb13ed19a7d57","vectorPerformance","gaussian32","Quantile","2","-1","412094","4000","500","Complete","0.439865201","3.16E-5","0.3111697","0.128663901","1.1875","0.009","1754500","4000","14374.340793710559","14390.679914776822","12593.727427588436","1.0005481375625007","0.020322296447435884","0","710b12b4b32c1d00e33cda313ee3aca4afb06968f65bf5b1d672fd6109f4f43f",""
"3","1","1","baseline","eda9ebbaefdf404a3b7fdaa0c3105584d34b2373","38e02ddef01844140e3dfdfdd87733a37d26f59aeef6fcccc67fb13ed19a7d57","vectorPerformance","gaussian32","Quantile","2","0","420013","4000","500","Complete","0.4572222","2.97E-5","0.330317699","0.126874801","0.953125","0.013","1751135","4000","14804.415700401843","14796.384417892554","11674.348877600554","1.0004842070731996","0.017149474216242355","0","7163a65543816d08a23c844d2762c1967e2f734b4748129ec7bdf89e140df8b4",""
"3","1","1","baseline","eda9ebbaefdf404a3b7fdaa0c3105584d34b2373","38e02ddef01844140e3dfdfdd87733a37d26f59aeef6fcccc67fb13ed19a7d57","vectorPerformance","gaussian32","Quantile","2","1","427932","4000","500","Complete","0.439996301","5.5501E-5","0.310532499","0.129408301","0.859375","0.012","1751119","4000","15119.429112419593","15129.482098788952","12424.352542458728","1.000588248721186","0.024238503591598903","0","e468486f9c3bce272356b47328af805b6315b0ce0dcec0ba389ad1cc6e773090",""
"3","1","1","baseline","eda9ebbaefdf404a3b7fdaa0c3105584d34b2373","38e02ddef01844140e3dfdfdd87733a37d26f59aeef6fcccc67fb13ed19a7d57","vectorPerformance","gaussian32","Quantile","2","2","435851","4000","500","Complete","0.4369575","2.7099E-5","0.307809701","0.1291207","0.890625","0.012","1754043","4000","14654.09636813213","14648.796726473445","11630.775114295944","1.0006045524861327","0.019982935899345466","0","f17849dd0d6937ddb28ce5136301623e9a5b8e9dd4ad54fb96a198cfdc5f0c6a",""
"3","1","1","baseline","eda9ebbaefdf404a3b7fdaa0c3105584d34b2373","38e02ddef01844140e3dfdfdd87733a37d26f59aeef6fcccc67fb13ed19a7d57","vectorPerformance","gaussian32","Quantile","2","3","443770","4000","500","Complete","0.446332899","2.7399E-5","0.313190601","0.133114899","0.875","0.011","1754067","4000","14670.955292689816","14672.094230083088","12113.52110906072","1.0003997605716526","0.012117200485737945","0","8d191d73493e7fb3ede8cea18ccac7e017f7700706ef9c9f8b699e07b2804d14",""
"3","1","1","baseline","eda9ebbaefdf404a3b7fdaa0c3105584d34b2373","38e02ddef01844140e3dfdfdd87733a37d26f59aeef6fcccc67fb13ed19a7d57","vectorPerformance","gaussian32","Quantile","2","4","451689","4000","500","Complete","0.4355965","4.49E-5","0.307735299","0.127816301","0.890625","0.01","1751661","4000","14424.859583462046","14417.997752939862","12128.296452895833","1.0007982696988702","0.02835365482901797","0","b8ea3b62393883b214271958061a644368686dc583e5f2e33e5eafdc7a65f17e",""
"3","1","1","baseline","eda9ebbaefdf404a3b7fdaa0c3105584d34b2373","38e02ddef01844140e3dfdfdd87733a37d26f59aeef6fcccc67fb13ed19a7d57","vectorPerformance","gaussian32","Quantile","4","-2","404175","4000","500","Complete","0.4400289","6.4399E-5","0.365646301","0.0743182","2.015625","0.014","1753214","4000","15219.008327321226","15213.744919585897","12194.607218487616","1.0007110848254097","0.01623649007724448","0","cecc6b4fda00565adaade6079bd9a81eec1cb5425a7364f3a4652f8f1fe688e7",""
"3","1","1","baseline","eda9ebbaefdf404a3b7fdaa0c3105584d34b2373","38e02ddef01844140e3dfdfdd87733a37d26f59aeef6fcccc67fb13ed19a7d57","vectorPerformance","gaussian32","Quantile","4","-1","412094","4000","500","Complete","0.4090054","2.93E-5","0.331479499","0.077496601","1.9375","0.013","1754500","4000","14374.340793710559","14390.679914776822","12593.727427588436","1.0005481375625007","0.020322296447435884","0","710b12b4b32c1d00e33cda313ee3aca4afb06968f65bf5b1d672fd6109f4f43f",""
"3","1","1","baseline","eda9ebbaefdf404a3b7fdaa0c3105584d34b2373","38e02ddef01844140e3dfdfdd87733a37d26f59aeef6fcccc67fb13ed19a7d57","vectorPerformance","gaussian32","Quantile","4","0","420013","4000","500","Complete","0.3979798","2.9199E-5","0.320232001","0.0777186","1.515625","0.013","1751135","4000","14804.415700401843","14796.384417892554","11674.348877600554","1.0004842070731996","0.017149474216242355","0","7163a65543816d08a23c844d2762c1967e2f734b4748129ec7bdf89e140df8b4",""
"3","1","1","baseline","eda9ebbaefdf404a3b7fdaa0c3105584d34b2373","38e02ddef01844140e3dfdfdd87733a37d26f59aeef6fcccc67fb13ed19a7d57","vectorPerformance","gaussian32","Quantile","4","1","427932","4000","500","Complete","0.379176599","4.7599E-5","0.310041001","0.069087999","1.515625","0.011","1751119","4000","15119.429112419593","15129.482098788952","12424.352542458728","1.000588248721186","0.024238503591598903","0","e468486f9c3bce272356b47328af805b6315b0ce0dcec0ba389ad1cc6e773090",""
"3","1","1","baseline","eda9ebbaefdf404a3b7fdaa0c3105584d34b2373","38e02ddef01844140e3dfdfdd87733a37d26f59aeef6fcccc67fb13ed19a7d57","vectorPerformance","gaussian32","Quantile","4","2","435851","4000","500","Complete","0.3825339","2.94E-5","0.3103842","0.0721203","2.140625","0.01","1754043","4000","14654.09636813213","14648.796726473445","11630.775114295944","1.0006045524861327","0.019982935899345466","0","f17849dd0d6937ddb28ce5136301623e9a5b8e9dd4ad54fb96a198cfdc5f0c6a",""
"3","1","1","baseline","eda9ebbaefdf404a3b7fdaa0c3105584d34b2373","38e02ddef01844140e3dfdfdd87733a37d26f59aeef6fcccc67fb13ed19a7d57","vectorPerformance","gaussian32","Quantile","4","3","443770","4000","500","Complete","0.3803057","2.79E-5","0.3064149","0.0738629","2.375","0.01","1754067","4000","14670.955292689816","14672.094230083088","12113.52110906072","1.0003997605716526","0.012117200485737945","0","8d191d73493e7fb3ede8cea18ccac7e017f7700706ef9c9f8b699e07b2804d14",""
"3","1","1","baseline","eda9ebbaefdf404a3b7fdaa0c3105584d34b2373","38e02ddef01844140e3dfdfdd87733a37d26f59aeef6fcccc67fb13ed19a7d57","vectorPerformance","gaussian32","Quantile","4","4","451689","4000","500","Complete","0.376505901","2.7701E-5","0.3010713","0.0754069","1.65625","0.012","1751661","4000","14424.859583462046","14417.997752939862","12128.296452895833","1.0007982696988702","0.02835365482901797","0","b8ea3b62393883b214271958061a644368686dc583e5f2e33e5eafdc7a65f17e",""
"3","1","1","baseline","eda9ebbaefdf404a3b7fdaa0c3105584d34b2373","38e02ddef01844140e3dfdfdd87733a37d26f59aeef6fcccc67fb13ed19a7d57","vectorPerformance","gaussian8","GPSS","1","-2","404175","4000","500","Complete","0.1295091","7.8199E-5","0.0543502","0.075080701","0.1875","0.002","138018","4000","15549.340111147894","15536.369070524215","11710.881022750353","1.000693382204123","0.020280809809882006","0","e7f255a3304bc6df3dfbc4384cc42f0a14e097b21ea85d7dfdd0891304dccc86",""
"3","1","1","baseline","eda9ebbaefdf404a3b7fdaa0c3105584d34b2373","38e02ddef01844140e3dfdfdd87733a37d26f59aeef6fcccc67fb13ed19a7d57","vectorPerformance","gaussian8","GPSS","1","-1","412094","4000","500","Complete","0.1107374","6.43E-5","0.0389688","0.0717043","0.15625","0.002","138132","4000","15263.81484653245","15291.911844531342","11216.22139798599","1.0004803178957116","0.014392603577789376","0","e114ddce1fe3e8b5caed48fc0365aca0d32bd35e94363aa001d7324d00935224",""
"3","1","1","baseline","eda9ebbaefdf404a3b7fdaa0c3105584d34b2373","38e02ddef01844140e3dfdfdd87733a37d26f59aeef6fcccc67fb13ed19a7d57","vectorPerformance","gaussian8","GPSS","1","0","420013","4000","500","Complete","0.0944924","7.15E-5","0.0297948","0.0646261","0.09375","0.003","138323","4000","15080.473776226881","15096.77911576306","11062.432005908491","1.0006149641210862","0.012458863431772271","0","2a91e22981ec396c3eca9414af3d6ac63570dc29437cdd4bdc3eb6a8db475fa2",""
"3","1","1","baseline","eda9ebbaefdf404a3b7fdaa0c3105584d34b2373","38e02ddef01844140e3dfdfdd87733a37d26f59aeef6fcccc67fb13ed19a7d57","vectorPerformance","gaussian8","GPSS","1","1","427932","4000","500","Complete","0.092918","3.7599E-5","0.025948301","0.0669321","0.109375","0.0","138154","4000","15134.6012276361","15136.078376941558","11308.922646882544","1.0009404579967858","0.013454526579750548","0","045e36a427e6332b3973cb5a7bed2c41034d4baa3241673dfea554f81e693a14",""
"3","1","1","baseline","eda9ebbaefdf404a3b7fdaa0c3105584d34b2373","38e02ddef01844140e3dfdfdd87733a37d26f59aeef6fcccc67fb13ed19a7d57","vectorPerformance","gaussian8","GPSS","1","2","435851","4000","500","Complete","0.094869999","3.4899E-5","0.028462501","0.066372599","0.109375","0.002","137988","4000","14363.080320209516","14344.664435137216","11161.859788330772","1.0004963309089212","0.01645570173683253","0","282eaef783cfb8138f0fbaa41141a7646474130935f10820d7fcdc9d6a1e24c0",""
"3","1","1","baseline","eda9ebbaefdf404a3b7fdaa0c3105584d34b2373","38e02ddef01844140e3dfdfdd87733a37d26f59aeef6fcccc67fb13ed19a7d57","vectorPerformance","gaussian8","GPSS","1","3","443770","4000","500","Complete","0.096205799","3.61E-5","0.0259931","0.070176599","0.109375","0.002","138055","4000","15045.50132933249","15019.431343943274","10767.592734371476","1.0010260647907836","0.018113200227977133","0","6f88cd3290902ed4688e28521e20205fca8afb18c6e4fe2e6e0de9c4e7e0a62c",""
"3","1","1","baseline","eda9ebbaefdf404a3b7fdaa0c3105584d34b2373","38e02ddef01844140e3dfdfdd87733a37d26f59aeef6fcccc67fb13ed19a7d57","vectorPerformance","gaussian8","GPSS","1","4","451689","4000","500","Complete","0.1007597","3.4099E-5","0.028480401","0.0722452","0.125","0.002","138188","4000","15603.053005275411","15621.61943123139","10677.483456214122","1.0007920020096437","0.014172913039023793","0","3703a943973521b658002c1d1edb8b4dcddac3550850573cac7499aba83dbaac",""
"3","1","1","baseline","eda9ebbaefdf404a3b7fdaa0c3105584d34b2373","38e02ddef01844140e3dfdfdd87733a37d26f59aeef6fcccc67fb13ed19a7d57","vectorPerformance","gaussian8","GPSS","2","-2","404175","4000","500","Complete","0.252988","0.0063446","0.0869256","0.1597178","1.234375","0.004","138018","4000","15549.340111147894","15536.369070524215","11710.881022750353","1.000693382204123","0.020280809809882006","0","e7f255a3304bc6df3dfbc4384cc42f0a14e097b21ea85d7dfdd0891304dccc86",""
"3","1","1","baseline","eda9ebbaefdf404a3b7fdaa0c3105584d34b2373","38e02ddef01844140e3dfdfdd87733a37d26f59aeef6fcccc67fb13ed19a7d57","vectorPerformance","gaussian8","GPSS","2","-1","412094","4000","500","Complete","0.0624851","4.89E-5","0.018759","0.0436772","0.1875","0.0","138132","4000","15263.81484653245","15291.911844531342","11216.22139798599","1.0004803178957116","0.014392603577789376","0","e114ddce1fe3e8b5caed48fc0365aca0d32bd35e94363aa001d7324d00935224",""
"3","1","1","baseline","eda9ebbaefdf404a3b7fdaa0c3105584d34b2373","38e02ddef01844140e3dfdfdd87733a37d26f59aeef6fcccc67fb13ed19a7d57","vectorPerformance","gaussian8","GPSS","2","0","420013","4000","500","Complete","0.056563199","1.357E-4","0.0181651","0.038262399","0.09375","0.0","138323","4000","15080.473776226881","15096.77911576306","11062.432005908491","1.0006149641210862","0.012458863431772271","0","2a91e22981ec396c3eca9414af3d6ac63570dc29437cdd4bdc3eb6a8db475fa2",""
"3","1","1","baseline","eda9ebbaefdf404a3b7fdaa0c3105584d34b2373","38e02ddef01844140e3dfdfdd87733a37d26f59aeef6fcccc67fb13ed19a7d57","vectorPerformance","gaussian8","GPSS","2","1","427932","4000","500","Complete","0.057396","3.39E-5","0.019548199","0.037813901","0.109375","0.002","138154","4000","15134.6012276361","15136.078376941558","11308.922646882544","1.0009404579967858","0.013454526579750548","0","045e36a427e6332b3973cb5a7bed2c41034d4baa3241673dfea554f81e693a14",""
"3","1","1","baseline","eda9ebbaefdf404a3b7fdaa0c3105584d34b2373","38e02ddef01844140e3dfdfdd87733a37d26f59aeef6fcccc67fb13ed19a7d57","vectorPerformance","gaussian8","GPSS","2","2","435851","4000","500","Complete","0.0571211","4.2E-5","0.018280299","0.038798801","0.140625","0.0","137988","4000","14363.080320209516","14344.664435137216","11161.859788330772","1.0004963309089212","0.01645570173683253","0","282eaef783cfb8138f0fbaa41141a7646474130935f10820d7fcdc9d6a1e24c0",""
"3","1","1","baseline","eda9ebbaefdf404a3b7fdaa0c3105584d34b2373","38e02ddef01844140e3dfdfdd87733a37d26f59aeef6fcccc67fb13ed19a7d57","vectorPerformance","gaussian8","GPSS","2","3","443770","4000","500","Complete","0.0563534","4.0501E-5","0.0185974","0.037715499","0.140625","0.0","138055","4000","15045.50132933249","15019.431343943274","10767.592734371476","1.0010260647907836","0.018113200227977133","0","6f88cd3290902ed4688e28521e20205fca8afb18c6e4fe2e6e0de9c4e7e0a62c",""
"3","1","1","baseline","eda9ebbaefdf404a3b7fdaa0c3105584d34b2373","38e02ddef01844140e3dfdfdd87733a37d26f59aeef6fcccc67fb13ed19a7d57","vectorPerformance","gaussian8","GPSS","2","4","451689","4000","500","Complete","0.0576455","3.78E-5","0.0189644","0.0386433","0.1875","0.0","138188","4000","15603.053005275411","15621.61943123139","10677.483456214122","1.0007920020096437","0.014172913039023793","0","3703a943973521b658002c1d1edb8b4dcddac3550850573cac7499aba83dbaac",""
"3","1","1","baseline","eda9ebbaefdf404a3b7fdaa0c3105584d34b2373","38e02ddef01844140e3dfdfdd87733a37d26f59aeef6fcccc67fb13ed19a7d57","vectorPerformance","gaussian8","GPSS","4","-2","404175","4000","500","Complete","0.0519964","1.30501E-4","0.025062","0.026803899","0.3125","0.0","138018","4000","15549.340111147894","15536.369070524215","11710.881022750353","1.000693382204123","0.020280809809882006","0","e7f255a3304bc6df3dfbc4384cc42f0a14e097b21ea85d7dfdd0891304dccc86",""
"3","1","1","baseline","eda9ebbaefdf404a3b7fdaa0c3105584d34b2373","38e02ddef01844140e3dfdfdd87733a37d26f59aeef6fcccc67fb13ed19a7d57","vectorPerformance","gaussian8","GPSS","4","-1","412094","4000","500","Complete","0.042153401","5.98E-5","0.018305001","0.0237886","0.140625","0.0","138132","4000","15263.81484653245","15291.911844531342","11216.22139798599","1.0004803178957116","0.014392603577789376","0","e114ddce1fe3e8b5caed48fc0365aca0d32bd35e94363aa001d7324d00935224",""
"3","1","1","baseline","eda9ebbaefdf404a3b7fdaa0c3105584d34b2373","38e02ddef01844140e3dfdfdd87733a37d26f59aeef6fcccc67fb13ed19a7d57","vectorPerformance","gaussian8","GPSS","4","0","420013","4000","500","Complete","0.0442206","4.35E-5","0.017792199","0.026384901","0.1875","0.002","138323","4000","15080.473776226881","15096.77911576306","11062.432005908491","1.0006149641210862","0.012458863431772271","0","2a91e22981ec396c3eca9414af3d6ac63570dc29437cdd4bdc3eb6a8db475fa2",""
"3","1","1","baseline","eda9ebbaefdf404a3b7fdaa0c3105584d34b2373","38e02ddef01844140e3dfdfdd87733a37d26f59aeef6fcccc67fb13ed19a7d57","vectorPerformance","gaussian8","GPSS","4","1","427932","4000","500","Complete","0.039173501","3.4501E-5","0.0171944","0.0219446","0.125","0.0","138154","4000","15134.6012276361","15136.078376941558","11308.922646882544","1.0009404579967858","0.013454526579750548","0","045e36a427e6332b3973cb5a7bed2c41034d4baa3241673dfea554f81e693a14",""
"3","1","1","baseline","eda9ebbaefdf404a3b7fdaa0c3105584d34b2373","38e02ddef01844140e3dfdfdd87733a37d26f59aeef6fcccc67fb13ed19a7d57","vectorPerformance","gaussian8","GPSS","4","2","435851","4000","500","Complete","0.039189901","4.9101E-5","0.0170391","0.0221017","0.203125","0.0","137988","4000","14363.080320209516","14344.664435137216","11161.859788330772","1.0004963309089212","0.01645570173683253","0","282eaef783cfb8138f0fbaa41141a7646474130935f10820d7fcdc9d6a1e24c0",""
"3","1","1","baseline","eda9ebbaefdf404a3b7fdaa0c3105584d34b2373","38e02ddef01844140e3dfdfdd87733a37d26f59aeef6fcccc67fb13ed19a7d57","vectorPerformance","gaussian8","GPSS","4","3","443770","4000","500","Complete","0.041443801","3.5901E-5","0.019898799","0.021509101","0.1875","0.003","138055","4000","15045.50132933249","15019.431343943274","10767.592734371476","1.0010260647907836","0.018113200227977133","0","6f88cd3290902ed4688e28521e20205fca8afb18c6e4fe2e6e0de9c4e7e0a62c",""
"3","1","1","baseline","eda9ebbaefdf404a3b7fdaa0c3105584d34b2373","38e02ddef01844140e3dfdfdd87733a37d26f59aeef6fcccc67fb13ed19a7d57","vectorPerformance","gaussian8","GPSS","4","4","451689","4000","500","Complete","0.0405605","4.0699E-5","0.0181961","0.022323701","0.234375","0.0","138188","4000","15603.053005275411","15621.61943123139","10677.483456214122","1.0007920020096437","0.014172913039023793","0","3703a943973521b658002c1d1edb8b4dcddac3550850573cac7499aba83dbaac",""
"3","1","1","baseline","eda9ebbaefdf404a3b7fdaa0c3105584d34b2373","38e02ddef01844140e3dfdfdd87733a37d26f59aeef6fcccc67fb13ed19a7d57","vectorPerformance","gaussian8","Quantile","1","-2","404175","4000","500","Complete","0.1141112","3.44E-5","0.041833999","0.072242801","0.1875","0.003","439383","4000","15133.633311857895","15137.149661571859","12640.232874183323","1.0002765119712598","0.010865777388695763","0","0a652ec86caa4b0878042a2ca27e4843b8fff440045e84ffe9040bbf18fc5c1b",""
"3","1","1","baseline","eda9ebbaefdf404a3b7fdaa0c3105584d34b2373","38e02ddef01844140e3dfdfdd87733a37d26f59aeef6fcccc67fb13ed19a7d57","vectorPerformance","gaussian8","Quantile","1","-1","412094","4000","500","Complete","0.109352201","3.3201E-5","0.0436553","0.0656637","0.125","0.003","438543","4000","15213.490906399908","15228.10660758392","12891.868030399028","1.0002543220506444","0.014962146800250764","0","22193da6e1ed5c7fb6bc482596a8cb09c08425673712be65ab0ebf58ef73f382",""
"3","1","1","baseline","eda9ebbaefdf404a3b7fdaa0c3105584d34b2373","38e02ddef01844140e3dfdfdd87733a37d26f59aeef6fcccc67fb13ed19a7d57","vectorPerformance","gaussian8","Quantile","1","0","420013","4000","500","Complete","0.1084842","3.21E-5","0.0436765","0.0647756","0.109375","0.003","436956","4000","15387.214907747757","15383.41868425877","13280.050841973973","1.000488212672387","0.017862111392228958","0","1a2a7053039cbf9cd5227976b2ba660c8f0bbf84c10e94ae04c9c6d297fc0025",""
"3","1","1","baseline","eda9ebbaefdf404a3b7fdaa0c3105584d34b2373","38e02ddef01844140e3dfdfdd87733a37d26f59aeef6fcccc67fb13ed19a7d57","vectorPerformance","gaussian8","Quantile","1","1","427932","4000","500","Complete","0.1075077","3.2901E-5","0.041090699","0.0663841","0.1875","0.0","437269","4000","15727.934748036001","15719.464590581323","12902.625514015059","1.0004649152576137","0.012810490325706247","0","850de3d767de404b10a6234afa6ecc9c5dfdee0c4338411a0af3e46894e42ce3",""
"3","1","1","baseline","eda9ebbaefdf404a3b7fdaa0c3105584d34b2373","38e02ddef01844140e3dfdfdd87733a37d26f59aeef6fcccc67fb13ed19a7d57","vectorPerformance","gaussian8","Quantile","1","2","435851","4000","500","Complete","0.105393","3.2E-5","0.0415871","0.0637739","0.15625","0.0","438008","4000","15126.989343371939","15133.471327879883","12471.355965872704","1.0004579804360567","0.01410791604282019","0","fd474ea7f77c91f336f3664000c5dec28946aab4fd9917ca2fd5c066ad7e03df",""
"3","1","1","baseline","eda9ebbaefdf404a3b7fdaa0c3105584d34b2373","38e02ddef01844140e3dfdfdd87733a37d26f59aeef6fcccc67fb13ed19a7d57","vectorPerformance","gaussian8","Quantile","1","3","443770","4000","500","Complete","0.1039216","3.2899E-5","0.040307201","0.0635815","0.09375","0.0","438134","4000","14783.95134310092","14781.603964607304","13183.37761680062","1.0005441549460146","0.009381500096846795","0","f5d860d8f1c8c55386f06f23faad6b9f8df1541a619040c2f28698d0813a5f75",""
"3","1","1","baseline","eda9ebbaefdf404a3b7fdaa0c3105584d34b2373","38e02ddef01844140e3dfdfdd87733a37d26f59aeef6fcccc67fb13ed19a7d57","vectorPerformance","gaussian8","Quantile","1","4","451689","4000","500","Complete","0.1049289","3.35E-5","0.042252999","0.062642401","0.109375","0.0","437868","4000","14884.121074739518","14909.092385573675","12538.608584974128","1.0004648391967559","0.02587550455561438","0","f5667ee456b1d3d2b0c42c8460f2481029f27806732e9bf75dd56271a0628822",""
"3","1","1","baseline","eda9ebbaefdf404a3b7fdaa0c3105584d34b2373","38e02ddef01844140e3dfdfdd87733a37d26f59aeef6fcccc67fb13ed19a7d57","vectorPerformance","gaussian8","Quantile","2","-2","404175","4000","500","Complete","0.0780323","2.94E-5","0.0397538","0.0382491","0.28125","0.0","439383","4000","15133.633311857895","15137.149661571859","12640.232874183323","1.0002765119712598","0.010865777388695763","0","0a652ec86caa4b0878042a2ca27e4843b8fff440045e84ffe9040bbf18fc5c1b",""
"3","1","1","baseline","eda9ebbaefdf404a3b7fdaa0c3105584d34b2373","38e02ddef01844140e3dfdfdd87733a37d26f59aeef6fcccc67fb13ed19a7d57","vectorPerformance","gaussian8","Quantile","2","-1","412094","4000","500","Complete","0.056495301","2.99E-5","0.022875801","0.0335896","0.109375","0.0","438543","4000","15213.490906399908","15228.10660758392","12891.868030399028","1.0002543220506444","0.014962146800250764","0","22193da6e1ed5c7fb6bc482596a8cb09c08425673712be65ab0ebf58ef73f382",""
"3","1","1","baseline","eda9ebbaefdf404a3b7fdaa0c3105584d34b2373","38e02ddef01844140e3dfdfdd87733a37d26f59aeef6fcccc67fb13ed19a7d57","vectorPerformance","gaussian8","Quantile","2","0","420013","4000","500","Complete","0.0570852","3.07E-5","0.0233183","0.0337362","0.140625","0.0","436956","4000","15387.214907747757","15383.41868425877","13280.050841973973","1.000488212672387","0.017862111392228958","0","1a2a7053039cbf9cd5227976b2ba660c8f0bbf84c10e94ae04c9c6d297fc0025",""
"3","1","1","baseline","eda9ebbaefdf404a3b7fdaa0c3105584d34b2373","38e02ddef01844140e3dfdfdd87733a37d26f59aeef6fcccc67fb13ed19a7d57","vectorPerformance","gaussian8","Quantile","2","1","427932","4000","500","Complete","0.0571312","3.02E-5","0.0229305","0.0341705","0.125","0.0","437269","4000","15727.934748036001","15719.464590581323","12902.625514015059","1.0004649152576137","0.012810490325706247","0","850de3d767de404b10a6234afa6ecc9c5dfdee0c4338411a0af3e46894e42ce3",""
"3","1","1","baseline","eda9ebbaefdf404a3b7fdaa0c3105584d34b2373","38e02ddef01844140e3dfdfdd87733a37d26f59aeef6fcccc67fb13ed19a7d57","vectorPerformance","gaussian8","Quantile","2","2","435851","4000","500","Complete","0.0596722","3.14E-5","0.0259925","0.0336483","0.078125","0.002","438008","4000","15126.989343371939","15133.471327879883","12471.355965872704","1.0004579804360567","0.01410791604282019","0","fd474ea7f77c91f336f3664000c5dec28946aab4fd9917ca2fd5c066ad7e03df",""
"3","1","1","baseline","eda9ebbaefdf404a3b7fdaa0c3105584d34b2373","38e02ddef01844140e3dfdfdd87733a37d26f59aeef6fcccc67fb13ed19a7d57","vectorPerformance","gaussian8","Quantile","2","3","443770","4000","500","Complete","0.058152501","3.3401E-5","0.0248233","0.0332958","0.109375","0.001","438134","4000","14783.95134310092","14781.603964607304","13183.37761680062","1.0005441549460146","0.009381500096846795","0","f5d860d8f1c8c55386f06f23faad6b9f8df1541a619040c2f28698d0813a5f75",""
"3","1","1","baseline","eda9ebbaefdf404a3b7fdaa0c3105584d34b2373","38e02ddef01844140e3dfdfdd87733a37d26f59aeef6fcccc67fb13ed19a7d57","vectorPerformance","gaussian8","Quantile","2","4","451689","4000","500","Complete","0.0588477","4.99E-5","0.0249986","0.0337992","0.125","0.001","437868","4000","14884.121074739518","14909.092385573675","12538.608584974128","1.0004648391967559","0.02587550455561438","0","f5667ee456b1d3d2b0c42c8460f2481029f27806732e9bf75dd56271a0628822",""
"3","1","1","baseline","eda9ebbaefdf404a3b7fdaa0c3105584d34b2373","38e02ddef01844140e3dfdfdd87733a37d26f59aeef6fcccc67fb13ed19a7d57","vectorPerformance","gaussian8","Quantile","4","-2","404175","4000","500","Complete","0.0462268","2.95E-5","0.0235646","0.0226327","0.1875","0.002","439383","4000","15133.633311857895","15137.149661571859","12640.232874183323","1.0002765119712598","0.010865777388695763","0","0a652ec86caa4b0878042a2ca27e4843b8fff440045e84ffe9040bbf18fc5c1b",""
"3","1","1","baseline","eda9ebbaefdf404a3b7fdaa0c3105584d34b2373","38e02ddef01844140e3dfdfdd87733a37d26f59aeef6fcccc67fb13ed19a7d57","vectorPerformance","gaussian8","Quantile","4","-1","412094","4000","500","Complete","0.043010801","2.8601E-5","0.023271399","0.019710801","0.203125","0.0","438543","4000","15213.490906399908","15228.10660758392","12891.868030399028","1.0002543220506444","0.014962146800250764","0","22193da6e1ed5c7fb6bc482596a8cb09c08425673712be65ab0ebf58ef73f382",""
"3","1","1","baseline","eda9ebbaefdf404a3b7fdaa0c3105584d34b2373","38e02ddef01844140e3dfdfdd87733a37d26f59aeef6fcccc67fb13ed19a7d57","vectorPerformance","gaussian8","Quantile","4","0","420013","4000","500","Complete","0.0462372","3.08E-5","0.0271379","0.0190685","0.21875","0.003","436956","4000","15387.214907747757","15383.41868425877","13280.050841973973","1.000488212672387","0.017862111392228958","0","1a2a7053039cbf9cd5227976b2ba660c8f0bbf84c10e94ae04c9c6d297fc0025",""
"3","1","1","baseline","eda9ebbaefdf404a3b7fdaa0c3105584d34b2373","38e02ddef01844140e3dfdfdd87733a37d26f59aeef6fcccc67fb13ed19a7d57","vectorPerformance","gaussian8","Quantile","4","1","427932","4000","500","Complete","0.046052301","4.1301E-5","0.0258843","0.0201267","0.21875","0.002","437269","4000","15727.934748036001","15719.464590581323","12902.625514015059","1.0004649152576137","0.012810490325706247","0","850de3d767de404b10a6234afa6ecc9c5dfdee0c4338411a0af3e46894e42ce3",""
"3","1","1","baseline","eda9ebbaefdf404a3b7fdaa0c3105584d34b2373","38e02ddef01844140e3dfdfdd87733a37d26f59aeef6fcccc67fb13ed19a7d57","vectorPerformance","gaussian8","Quantile","4","2","435851","4000","500","Complete","0.044289301","2.98E-5","0.0244022","0.019857301","0.1875","0.001","438008","4000","15126.989343371939","15133.471327879883","12471.355965872704","1.0004579804360567","0.01410791604282019","0","fd474ea7f77c91f336f3664000c5dec28946aab4fd9917ca2fd5c066ad7e03df",""
"3","1","1","baseline","eda9ebbaefdf404a3b7fdaa0c3105584d34b2373","38e02ddef01844140e3dfdfdd87733a37d26f59aeef6fcccc67fb13ed19a7d57","vectorPerformance","gaussian8","Quantile","4","3","443770","4000","500","Complete","0.042675299","3.68E-5","0.0223748","0.020263699","0.109375","0.0","438134","4000","14783.95134310092","14781.603964607304","13183.37761680062","1.0005441549460146","0.009381500096846795","0","f5d860d8f1c8c55386f06f23faad6b9f8df1541a619040c2f28698d0813a5f75",""
"3","1","1","baseline","eda9ebbaefdf404a3b7fdaa0c3105584d34b2373","38e02ddef01844140e3dfdfdd87733a37d26f59aeef6fcccc67fb13ed19a7d57","vectorPerformance","gaussian8","Quantile","4","4","451689","4000","500","Complete","0.0412091","4.2199E-5","0.021652201","0.0195147","0.15625","0.0","437868","4000","14884.121074739518","14909.092385573675","12538.608584974128","1.0004648391967559","0.02587550455561438","0","f5667ee456b1d3d2b0c42c8460f2481029f27806732e9bf75dd56271a0628822",""
"3","1","1","baseline","eda9ebbaefdf404a3b7fdaa0c3105584d34b2373","38e02ddef01844140e3dfdfdd87733a37d26f59aeef6fcccc67fb13ed19a7d57","vectorPerformance","likelihood8","GPSS","1","-2","404175","4000","500","Complete","0.140339101","1.26301E-4","0.079302","0.0609108","0.140625","0.0","113497","4000","15386.728000357793","15391.85127451405","11321.818924317045","1.000502564087113","0.005344596134197365","0","15875fc3ad457cd99d016931ae49e3b53ed50293a59b7331791ac43670de87bd",""
"3","1","1","baseline","eda9ebbaefdf404a3b7fdaa0c3105584d34b2373","38e02ddef01844140e3dfdfdd87733a37d26f59aeef6fcccc67fb13ed19a7d57","vectorPerformance","likelihood8","GPSS","1","-1","412094","4000","500","Complete","0.1397213","6.78E-5","0.0786442","0.0610093","0.1875","0.0","113672","4000","14515.066848005721","14590.130865412311","10903.103694208865","1.0008342935047612","0.005564436392907962","0","fc720f0e7fc6b705ca4b80ac8fe6515a0d286ae0520a978aef375e586c9db6bf",""
"3","1","1","baseline","eda9ebbaefdf404a3b7fdaa0c3105584d34b2373","38e02ddef01844140e3dfdfdd87733a37d26f59aeef6fcccc67fb13ed19a7d57","vectorPerformance","likelihood8","GPSS","1","0","420013","4000","500","Complete","0.139686199","6.03E-5","0.0775214","0.062104499","0.140625","0.001","113054","4000","15068.277084944693","15070.85887531968","10694.846310168503","1.0005601541440654","0.004181248674558491","0","8d6dc2b369fc062d17f4e1721fe9d8a199bcba9f600d8572402455c6c30b60fa",""
"3","1","1","baseline","eda9ebbaefdf404a3b7fdaa0c3105584d34b2373","38e02ddef01844140e3dfdfdd87733a37d26f59aeef6fcccc67fb13ed19a7d57","vectorPerformance","likelihood8","GPSS","1","1","427932","4000","500","Complete","0.141148001","5.6701E-5","0.0785696","0.0625217","0.140625","0.0","113472","4000","15069.243223748383","15055.059231076986","10322.707096463675","1.0013248567157627","0.005340326134526563","0","38e3adbbae621e7ad84a1cb5d7d2f248aeb925e3eea6b59badd3e9bb967ca792",""
"3","1","1","baseline","eda9ebbaefdf404a3b7fdaa0c3105584d34b2373","38e02ddef01844140e3dfdfdd87733a37d26f59aeef6fcccc67fb13ed19a7d57","vectorPerformance","likelihood8","GPSS","1","2","435851","4000","500","Complete","0.142348299","4.9E-5","0.0784626","0.063836699","0.140625","0.002","113322","4000","15018.1283976014","15019.886701809703","11132.174688571149","1.000533090102839","0.005175852109189194","0","a1c97633734bbb43a66c525a225905cb612f427cd2600d3cc731158cc0011283",""
"3","1","1","baseline","eda9ebbaefdf404a3b7fdaa0c3105584d34b2373","38e02ddef01844140e3dfdfdd87733a37d26f59aeef6fcccc67fb13ed19a7d57","vectorPerformance","likelihood8","GPSS","1","3","443770","4000","500","Complete","0.1398682","5.1299E-5","0.079777601","0.0600393","0.140625","0.001","113541","4000","15504.177620932032","15516.176571089783","11070.759113858252","1.0005200177999494","0.0030179744349801974","0","10250d525acdf021423a78f0a10ef6caf57ce50e6525306305dda230dde4a3dd",""
"3","1","1","baseline","eda9ebbaefdf404a3b7fdaa0c3105584d34b2373","38e02ddef01844140e3dfdfdd87733a37d26f59aeef6fcccc67fb13ed19a7d57","vectorPerformance","likelihood8","GPSS","1","4","451689","4000","500","Complete","0.142820899","8.24E-5","0.0788887","0.063849799","0.140625","0.0","113652","4000","14785.194091889316","14779.730449941797","11297.287331686812","1.0008757668998252","0.004036703328069907","0","aeb7ca95e5af585230ca0add63518df7f82bcf74ed17b9d657a219f4e1b2d0f5",""
"3","1","1","baseline","eda9ebbaefdf404a3b7fdaa0c3105584d34b2373","38e02ddef01844140e3dfdfdd87733a37d26f59aeef6fcccc67fb13ed19a7d57","vectorPerformance","likelihood8","GPSS","2","-2","404175","4000","500","Complete","0.092549701","0.003419101","0.0563949","0.0327357","0.265625","0.0","113497","4000","15386.728000357793","15391.85127451405","11321.818924317045","1.000502564087113","0.005344596134197365","0","15875fc3ad457cd99d016931ae49e3b53ed50293a59b7331791ac43670de87bd",""
"3","1","1","baseline","eda9ebbaefdf404a3b7fdaa0c3105584d34b2373","38e02ddef01844140e3dfdfdd87733a37d26f59aeef6fcccc67fb13ed19a7d57","vectorPerformance","likelihood8","GPSS","2","-1","412094","4000","500","Complete","0.074042101","5.7401E-5","0.0418837","0.032101","0.15625","0.001","113672","4000","14515.066848005721","14590.130865412311","10903.103694208865","1.0008342935047612","0.005564436392907962","0","fc720f0e7fc6b705ca4b80ac8fe6515a0d286ae0520a978aef375e586c9db6bf",""
"3","1","1","baseline","eda9ebbaefdf404a3b7fdaa0c3105584d34b2373","38e02ddef01844140e3dfdfdd87733a37d26f59aeef6fcccc67fb13ed19a7d57","vectorPerformance","likelihood8","GPSS","2","0","420013","4000","500","Complete","0.0727566","8.5699E-5","0.040250301","0.0324206","0.171875","0.0","113054","4000","15068.277084944693","15070.85887531968","10694.846310168503","1.0005601541440654","0.004181248674558491","0","8d6dc2b369fc062d17f4e1721fe9d8a199bcba9f600d8572402455c6c30b60fa",""
"3","1","1","baseline","eda9ebbaefdf404a3b7fdaa0c3105584d34b2373","38e02ddef01844140e3dfdfdd87733a37d26f59aeef6fcccc67fb13ed19a7d57","vectorPerformance","likelihood8","GPSS","2","1","427932","4000","500","Complete","0.0747449","4.8E-5","0.041943999","0.032752901","0.171875","0.0","113472","4000","15069.243223748383","15055.059231076986","10322.707096463675","1.0013248567157627","0.005340326134526563","0","38e3adbbae621e7ad84a1cb5d7d2f248aeb925e3eea6b59badd3e9bb967ca792",""
"3","1","1","baseline","eda9ebbaefdf404a3b7fdaa0c3105584d34b2373","38e02ddef01844140e3dfdfdd87733a37d26f59aeef6fcccc67fb13ed19a7d57","vectorPerformance","likelihood8","GPSS","2","2","435851","4000","500","Complete","0.0751861","4.9699E-5","0.0416922","0.033444201","0.125","0.0","113322","4000","15018.1283976014","15019.886701809703","11132.174688571149","1.000533090102839","0.005175852109189194","0","a1c97633734bbb43a66c525a225905cb612f427cd2600d3cc731158cc0011283",""
"3","1","1","baseline","eda9ebbaefdf404a3b7fdaa0c3105584d34b2373","38e02ddef01844140e3dfdfdd87733a37d26f59aeef6fcccc67fb13ed19a7d57","vectorPerformance","likelihood8","GPSS","2","3","443770","4000","500","Complete","0.075708","5.0E-5","0.0426508","0.0330072","0.171875","0.0","113541","4000","15504.177620932032","15516.176571089783","11070.759113858252","1.0005200177999494","0.0030179744349801974","0","10250d525acdf021423a78f0a10ef6caf57ce50e6525306305dda230dde4a3dd",""
"3","1","1","baseline","eda9ebbaefdf404a3b7fdaa0c3105584d34b2373","38e02ddef01844140e3dfdfdd87733a37d26f59aeef6fcccc67fb13ed19a7d57","vectorPerformance","likelihood8","GPSS","2","4","451689","4000","500","Complete","0.075060801","4.72E-5","0.041203801","0.0338098","0.125","0.0","113652","4000","14785.194091889316","14779.730449941797","11297.287331686812","1.0008757668998252","0.004036703328069907","0","aeb7ca95e5af585230ca0add63518df7f82bcf74ed17b9d657a219f4e1b2d0f5",""
"3","1","1","baseline","eda9ebbaefdf404a3b7fdaa0c3105584d34b2373","38e02ddef01844140e3dfdfdd87733a37d26f59aeef6fcccc67fb13ed19a7d57","vectorPerformance","likelihood8","GPSS","4","-2","404175","4000","500","Complete","0.043174","1.361E-4","0.024178699","0.018859201","0.1875","0.0","113497","4000","15386.728000357793","15391.85127451405","11321.818924317045","1.000502564087113","0.005344596134197365","0","15875fc3ad457cd99d016931ae49e3b53ed50293a59b7331791ac43670de87bd",""
"3","1","1","baseline","eda9ebbaefdf404a3b7fdaa0c3105584d34b2373","38e02ddef01844140e3dfdfdd87733a37d26f59aeef6fcccc67fb13ed19a7d57","vectorPerformance","likelihood8","GPSS","4","-1","412094","4000","500","Complete","0.0418311","5.7001E-5","0.022785599","0.0189885","0.1875","0.0","113672","4000","14515.066848005721","14590.130865412311","10903.103694208865","1.0008342935047612","0.005564436392907962","0","fc720f0e7fc6b705ca4b80ac8fe6515a0d286ae0520a978aef375e586c9db6bf",""
"3","1","1","baseline","eda9ebbaefdf404a3b7fdaa0c3105584d34b2373","38e02ddef01844140e3dfdfdd87733a37d26f59aeef6fcccc67fb13ed19a7d57","vectorPerformance","likelihood8","GPSS","4","0","420013","4000","500","Complete","0.0414537","8.65E-5","0.022164","0.0192032","0.140625","0.0","113054","4000","15068.277084944693","15070.85887531968","10694.846310168503","1.0005601541440654","0.004181248674558491","0","8d6dc2b369fc062d17f4e1721fe9d8a199bcba9f600d8572402455c6c30b60fa",""
"3","1","1","baseline","eda9ebbaefdf404a3b7fdaa0c3105584d34b2373","38e02ddef01844140e3dfdfdd87733a37d26f59aeef6fcccc67fb13ed19a7d57","vectorPerformance","likelihood8","GPSS","4","1","427932","4000","500","Complete","0.0460047","5.0999E-5","0.026959201","0.0189945","0.234375","0.001","113472","4000","15069.243223748383","15055.059231076986","10322.707096463675","1.0013248567157627","0.005340326134526563","0","38e3adbbae621e7ad84a1cb5d7d2f248aeb925e3eea6b59badd3e9bb967ca792",""
"3","1","1","baseline","eda9ebbaefdf404a3b7fdaa0c3105584d34b2373","38e02ddef01844140e3dfdfdd87733a37d26f59aeef6fcccc67fb13ed19a7d57","vectorPerformance","likelihood8","GPSS","4","2","435851","4000","500","Complete","0.0443107","5.11E-5","0.0245484","0.0197112","0.1875","0.0","113322","4000","15018.1283976014","15019.886701809703","11132.174688571149","1.000533090102839","0.005175852109189194","0","a1c97633734bbb43a66c525a225905cb612f427cd2600d3cc731158cc0011283",""
"3","1","1","baseline","eda9ebbaefdf404a3b7fdaa0c3105584d34b2373","38e02ddef01844140e3dfdfdd87733a37d26f59aeef6fcccc67fb13ed19a7d57","vectorPerformance","likelihood8","GPSS","4","3","443770","4000","500","Complete","0.043101","4.78E-5","0.0244135","0.0186397","0.125","0.0","113541","4000","15504.177620932032","15516.176571089783","11070.759113858252","1.0005200177999494","0.0030179744349801974","0","10250d525acdf021423a78f0a10ef6caf57ce50e6525306305dda230dde4a3dd",""
"3","1","1","baseline","eda9ebbaefdf404a3b7fdaa0c3105584d34b2373","38e02ddef01844140e3dfdfdd87733a37d26f59aeef6fcccc67fb13ed19a7d57","vectorPerformance","likelihood8","GPSS","4","4","451689","4000","500","Complete","0.042920701","4.9801E-5","0.0234534","0.0194175","0.125","0.0","113652","4000","14785.194091889316","14779.730449941797","11297.287331686812","1.0008757668998252","0.004036703328069907","0","aeb7ca95e5af585230ca0add63518df7f82bcf74ed17b9d657a219f4e1b2d0f5",""
"3","1","1","baseline","eda9ebbaefdf404a3b7fdaa0c3105584d34b2373","38e02ddef01844140e3dfdfdd87733a37d26f59aeef6fcccc67fb13ed19a7d57","vectorPerformance","likelihood8","Quantile","1","-2","404175","4000","500","Complete","0.434995","3.16E-5","0.371984101","0.062979299","0.453125","0.0","675623","4000","14553.603071888145","14560.448774995888","11253.189859649683","1.0007097070118298","0.003922918284137322","0","03828cdda4fc43583cac684014ff31176af4a34269763a886473aa7e641f0391",""
"3","1","1","baseline","eda9ebbaefdf404a3b7fdaa0c3105584d34b2373","38e02ddef01844140e3dfdfdd87733a37d26f59aeef6fcccc67fb13ed19a7d57","vectorPerformance","likelihood8","Quantile","1","-1","412094","4000","500","Complete","0.429247399","3.2099E-5","0.3646357","0.0645796","0.4375","0.0","674660","4000","15209.136106969212","15217.30790335651","11240.432710958032","1.0004372157752155","0.0052684685777992235","0","e259b6e006096a76873934a7876a399ffc6054ce8626e6a9f54fe4dc9a2a077b",""
"3","1","1","baseline","eda9ebbaefdf404a3b7fdaa0c3105584d34b2373","38e02ddef01844140e3dfdfdd87733a37d26f59aeef6fcccc67fb13ed19a7d57","vectorPerformance","likelihood8","Quantile","1","0","420013","4000","500","Complete","0.4297017","3.08E-5","0.3654177","0.0642532","0.421875","0.0","673796","4000","15027.331818683551","15033.704474475824","10491.658637470435","1.0004326935079904","0.005338364077357494","0","a6b794bfac044c42b2225f202fe85edd749f09d343dadd0c6f9a8be5b72afda0",""
"3","1","1","baseline","eda9ebbaefdf404a3b7fdaa0c3105584d34b2373","38e02ddef01844140e3dfdfdd87733a37d26f59aeef6fcccc67fb13ed19a7d57","vectorPerformance","likelihood8","Quantile","1","1","427932","4000","500","Complete","0.423532801","3.18E-5","0.363337401","0.0601636","0.421875","0.002","673825","4000","15276.658872254206","15256.4622489339","11119.716918313663","1.000391617247902","0.006419580823759208","0","50e2cecd19fa21e7ea4301720423264b745a7096caa97d8e6935a59763285f0a",""
"3","1","1","baseline","eda9ebbaefdf404a3b7fdaa0c3105584d34b2373","38e02ddef01844140e3dfdfdd87733a37d26f59aeef6fcccc67fb13ed19a7d57","vectorPerformance","likelihood8","Quantile","1","2","435851","4000","500","Complete","0.425371001","3.03E-5","0.365063","0.060277701","0.4375","0.001","674482","4000","15438.964336306639","15424.356228106937","11497.88972532256","1.0006283061980878","0.01024848436056533","0","d045bb5c2ae5192b21902085068a9b62aa6f41d66d4132dc6affda22bcc4912d",""
"3","1","1","baseline","eda9ebbaefdf404a3b7fdaa0c3105584d34b2373","38e02ddef01844140e3dfdfdd87733a37d26f59aeef6fcccc67fb13ed19a7d57","vectorPerformance","likelihood8","Quantile","1","3","443770","4000","500","Complete","0.422613399","3.0E-5","0.362223299","0.0603601","0.421875","0.002","674770","4000","15279.141041189421","15290.437507693725","11098.089526704722","1.00060311853599","0.008195113181772185","0","14c0d80a24194a44695934e9fba1972daa6dc8b7383da72f1cd5837c36c4722d",""
"3","1","1","baseline","eda9ebbaefdf404a3b7fdaa0c3105584d34b2373","38e02ddef01844140e3dfdfdd87733a37d26f59aeef6fcccc67fb13ed19a7d57","vectorPerformance","likelihood8","Quantile","1","4","451689","4000","500","Complete","0.4235743","2.98E-5","0.361824","0.0617205","0.421875","0.0","675588","4000","15378.326224840608","15396.096164831599","11613.462866841413","1.000726442029433","0.005885612388259281","0","dffab805aa7e6a415f84c4666b5b3033cb9751a54880ba72e95a79dc87652086",""
"3","1","1","baseline","eda9ebbaefdf404a3b7fdaa0c3105584d34b2373","38e02ddef01844140e3dfdfdd87733a37d26f59aeef6fcccc67fb13ed19a7d57","vectorPerformance","likelihood8","Quantile","2","-2","404175","4000","500","Complete","0.2237991","5.57E-5","0.1899787","0.0337647","0.4375","0.001","675623","4000","14553.603071888145","14560.448774995888","11253.189859649683","1.0007097070118298","0.003922918284137322","0","03828cdda4fc43583cac684014ff31176af4a34269763a886473aa7e641f0391",""
"3","1","1","baseline","eda9ebbaefdf404a3b7fdaa0c3105584d34b2373","38e02ddef01844140e3dfdfdd87733a37d26f59aeef6fcccc67fb13ed19a7d57","vectorPerformance","likelihood8","Quantile","2","-1","412094","4000","500","Complete","0.2228499","2.92E-5","0.1884325","0.0343882","0.453125","0.002","674660","4000","15209.136106969212","15217.30790335651","11240.432710958032","1.0004372157752155","0.0052684685777992235","0","e259b6e006096a76873934a7876a399ffc6054ce8626e6a9f54fe4dc9a2a077b",""
"3","1","1","baseline","eda9ebbaefdf404a3b7fdaa0c3105584d34b2373","38e02ddef01844140e3dfdfdd87733a37d26f59aeef6fcccc67fb13ed19a7d57","vectorPerformance","likelihood8","Quantile","2","0","420013","4000","500","Complete","0.2222485","3.1E-5","0.190305299","0.031912201","0.4375","0.002","673796","4000","15027.331818683551","15033.704474475824","10491.658637470435","1.0004326935079904","0.005338364077357494","0","a6b794bfac044c42b2225f202fe85edd749f09d343dadd0c6f9a8be5b72afda0",""
"3","1","1","baseline","eda9ebbaefdf404a3b7fdaa0c3105584d34b2373","38e02ddef01844140e3dfdfdd87733a37d26f59aeef6fcccc67fb13ed19a7d57","vectorPerformance","likelihood8","Quantile","2","1","427932","4000","500","Complete","0.2225051","4.77E-5","0.1899314","0.032526","0.5","0.002","673825","4000","15276.658872254206","15256.4622489339","11119.716918313663","1.000391617247902","0.006419580823759208","0","50e2cecd19fa21e7ea4301720423264b745a7096caa97d8e6935a59763285f0a",""
"3","1","1","baseline","eda9ebbaefdf404a3b7fdaa0c3105584d34b2373","38e02ddef01844140e3dfdfdd87733a37d26f59aeef6fcccc67fb13ed19a7d57","vectorPerformance","likelihood8","Quantile","2","2","435851","4000","500","Complete","0.2184655","2.91E-5","0.1856845","0.0327519","0.4375","0.0","674482","4000","15438.964336306639","15424.356228106937","11497.88972532256","1.0006283061980878","0.01024848436056533","0","d045bb5c2ae5192b21902085068a9b62aa6f41d66d4132dc6affda22bcc4912d",""
"3","1","1","baseline","eda9ebbaefdf404a3b7fdaa0c3105584d34b2373","38e02ddef01844140e3dfdfdd87733a37d26f59aeef6fcccc67fb13ed19a7d57","vectorPerformance","likelihood8","Quantile","2","3","443770","4000","500","Complete","0.219661799","3.03E-5","0.1863747","0.033256799","0.4375","0.0","674770","4000","15279.141041189421","15290.437507693725","11098.089526704722","1.00060311853599","0.008195113181772185","0","14c0d80a24194a44695934e9fba1972daa6dc8b7383da72f1cd5837c36c4722d",""
"3","1","1","baseline","eda9ebbaefdf404a3b7fdaa0c3105584d34b2373","38e02ddef01844140e3dfdfdd87733a37d26f59aeef6fcccc67fb13ed19a7d57","vectorPerformance","likelihood8","Quantile","2","4","451689","4000","500","Complete","0.219052101","3.0701E-5","0.186511","0.0325104","0.4375","0.0","675588","4000","15378.326224840608","15396.096164831599","11613.462866841413","1.000726442029433","0.005885612388259281","0","dffab805aa7e6a415f84c4666b5b3033cb9751a54880ba72e95a79dc87652086",""
"3","1","1","baseline","eda9ebbaefdf404a3b7fdaa0c3105584d34b2373","38e02ddef01844140e3dfdfdd87733a37d26f59aeef6fcccc67fb13ed19a7d57","vectorPerformance","likelihood8","Quantile","4","-2","404175","4000","500","Complete","0.119591301","3.11E-5","0.097472601","0.0220876","0.4375","0.001","675623","4000","14553.603071888145","14560.448774995888","11253.189859649683","1.0007097070118298","0.003922918284137322","0","03828cdda4fc43583cac684014ff31176af4a34269763a886473aa7e641f0391",""
"3","1","1","baseline","eda9ebbaefdf404a3b7fdaa0c3105584d34b2373","38e02ddef01844140e3dfdfdd87733a37d26f59aeef6fcccc67fb13ed19a7d57","vectorPerformance","likelihood8","Quantile","4","-1","412094","4000","500","Complete","0.121240899","5.98E-5","0.1021059","0.019075199","0.53125","0.002","674660","4000","15209.136106969212","15217.30790335651","11240.432710958032","1.0004372157752155","0.0052684685777992235","0","e259b6e006096a76873934a7876a399ffc6054ce8626e6a9f54fe4dc9a2a077b",""
"3","1","1","baseline","eda9ebbaefdf404a3b7fdaa0c3105584d34b2373","38e02ddef01844140e3dfdfdd87733a37d26f59aeef6fcccc67fb13ed19a7d57","vectorPerformance","likelihood8","Quantile","4","0","420013","4000","500","Complete","0.1158332","2.97E-5","0.0966839","0.0191196","0.5","0.0","673796","4000","15027.331818683551","15033.704474475824","10491.658637470435","1.0004326935079904","0.005338364077357494","0","a6b794bfac044c42b2225f202fe85edd749f09d343dadd0c6f9a8be5b72afda0",""
"3","1","1","baseline","eda9ebbaefdf404a3b7fdaa0c3105584d34b2373","38e02ddef01844140e3dfdfdd87733a37d26f59aeef6fcccc67fb13ed19a7d57","vectorPerformance","likelihood8","Quantile","4","1","427932","4000","500","Complete","0.116518901","5.4601E-5","0.0969415","0.0195228","0.515625","0.0","673825","4000","15276.658872254206","15256.4622489339","11119.716918313663","1.000391617247902","0.006419580823759208","0","50e2cecd19fa21e7ea4301720423264b745a7096caa97d8e6935a59763285f0a",""
"3","1","1","baseline","eda9ebbaefdf404a3b7fdaa0c3105584d34b2373","38e02ddef01844140e3dfdfdd87733a37d26f59aeef6fcccc67fb13ed19a7d57","vectorPerformance","likelihood8","Quantile","4","2","435851","4000","500","Complete","0.115988","2.92E-5","0.0964675","0.0194913","0.4375","0.0","674482","4000","15438.964336306639","15424.356228106937","11497.88972532256","1.0006283061980878","0.01024848436056533","0","d045bb5c2ae5192b21902085068a9b62aa6f41d66d4132dc6affda22bcc4912d",""
"3","1","1","baseline","eda9ebbaefdf404a3b7fdaa0c3105584d34b2373","38e02ddef01844140e3dfdfdd87733a37d26f59aeef6fcccc67fb13ed19a7d57","vectorPerformance","likelihood8","Quantile","4","3","443770","4000","500","Complete","0.119840601","2.97E-5","0.1006904","0.019120501","0.5","0.001","674770","4000","15279.141041189421","15290.437507693725","11098.089526704722","1.00060311853599","0.008195113181772185","0","14c0d80a24194a44695934e9fba1972daa6dc8b7383da72f1cd5837c36c4722d",""
"3","1","1","baseline","eda9ebbaefdf404a3b7fdaa0c3105584d34b2373","38e02ddef01844140e3dfdfdd87733a37d26f59aeef6fcccc67fb13ed19a7d57","vectorPerformance","likelihood8","Quantile","4","4","451689","4000","500","Complete","0.117721899","4.2499E-5","0.098823601","0.018855799","0.515625","0.001","675588","4000","15378.326224840608","15396.096164831599","11613.462866841413","1.000726442029433","0.005885612388259281","0","dffab805aa7e6a415f84c4666b5b3033cb9751a54880ba72e95a79dc87652086",""
"3","1","1","baseline","eda9ebbaefdf404a3b7fdaa0c3105584d34b2373","38e02ddef01844140e3dfdfdd87733a37d26f59aeef6fcccc67fb13ed19a7d57","vectorPerformance","mixture8","GPSS","1","-2","404175","4000","500","Complete","0.130911399","2.6E-5","0.0691836","0.061701799","0.125","0.0","229144","4000","14.257988816324646","29.19304971339808","41.12369705555653","1.0898522442939091","0.21935070608817098","8","3b6875e17ed27fe9805ded4d871f7b5f9d73e9def0157d2b9b3ca4e8933848aa",""
"3","1","1","baseline","eda9ebbaefdf404a3b7fdaa0c3105584d34b2373","38e02ddef01844140e3dfdfdd87733a37d26f59aeef6fcccc67fb13ed19a7d57","vectorPerformance","mixture8","GPSS","1","-1","412094","4000","500","Complete","0.1300761","1.6601E-5","0.0675372","0.062522299","0.140625","0.0","229290","4000","18.720999899350527","39.028622707399215","46.96121523232878","1.0731938076004162","0.17813809720195017","8","abf27d85ad57f604af02f9ce976cde68729c5e5b0b9868c8021e26e9e57c9cbb",""
"3","1","1","baseline","eda9ebbaefdf404a3b7fdaa0c3105584d34b2373","38e02ddef01844140e3dfdfdd87733a37d26f59aeef6fcccc67fb13ed19a7d57","vectorPerformance","mixture8","GPSS","1","0","420013","4000","500","Complete","0.1301371","1.71E-5","0.068119","0.062001","0.125","0.0","230860","4000","11.197660818981081","21.159126284650732","49.74480814386594","1.1308094060468774","0.5016290019944878","8","f1a24a91ced5488ebfe513313caafc39cdc36be309bd0944b0aca511830cdc9b",""
"3","1","1","baseline","eda9ebbaefdf404a3b7fdaa0c3105584d34b2373","38e02ddef01844140e3dfdfdd87733a37d26f59aeef6fcccc67fb13ed19a7d57","vectorPerformance","mixture8","GPSS","1","1","427932","4000","500","Complete","0.127833599","1.71E-5","0.0685767","0.059239799","0.125","0.0","227656","4000","350.3365962359708","946.1959119121931","828.0407758236613","1.006187429279826","0.489472770444491","0","3048dd7a997ec08547ffedc643f4f8ad71fb08dfc61d73588f085fae9f3b2530",""
"3","1","1","baseline","eda9ebbaefdf404a3b7fdaa0c3105584d34b2373","38e02ddef01844140e3dfdfdd87733a37d26f59aeef6fcccc67fb13ed19a7d57","vectorPerformance","mixture8","GPSS","1","2","435851","4000","500","Complete","0.130656","1.63E-5","0.0684332","0.0622065","0.140625","0.0","230320","4000","11.885382937205895","20.922381229748733","74.65086869430434","1.127517255169642","0.6163845076767369","8","a8b0c5d28390a6bbe639426c5f3d044100be601426210b18a9d9a12faa0fdcbb",""
"3","1","1","baseline","eda9ebbaefdf404a3b7fdaa0c3105584d34b2373","38e02ddef01844140e3dfdfdd87733a37d26f59aeef6fcccc67fb13ed19a7d57","vectorPerformance","mixture8","GPSS","1","3","443770","4000","500","Complete","0.128543001","1.66E-5","0.067997801","0.0605286","0.125","0.0","228342","4000","32.15927038708645","138.24287084259578","31.951943081965528","1.0380332431121262","0.32314994313579937","8","fb914cb87efc1f88af4218573d1acfcb2cf7af7578bb3764f9313b6f1caf9c08",""
"3","1","1","baseline","eda9ebbaefdf404a3b7fdaa0c3105584d34b2373","38e02ddef01844140e3dfdfdd87733a37d26f59aeef6fcccc67fb13ed19a7d57","vectorPerformance","mixture8","GPSS","1","4","451689","4000","500","Complete","0.130212401","1.8701E-5","0.068858099","0.061335601","0.140625","0.0","231161","4000","11.42981152723505","18.51428192120557","82.97173289489884","1.1478873533286111","0.944470980985646","8","8c304b54387b3cfcaea9ca546733eb569997eadee97f924c60d4475ce4148eb9",""
"3","1","1","baseline","eda9ebbaefdf404a3b7fdaa0c3105584d34b2373","38e02ddef01844140e3dfdfdd87733a37d26f59aeef6fcccc67fb13ed19a7d57","vectorPerformance","mixture8","GPSS","2","-2","404175","4000","500","Complete","0.0916185","1.6399E-5","0.0568155","0.034786601","0.234375","0.001","229144","4000","14.257988816324646","29.19304971339808","41.12369705555653","1.0898522442939091","0.21935070608817098","8","3b6875e17ed27fe9805ded4d871f7b5f9d73e9def0157d2b9b3ca4e8933848aa",""
"3","1","1","baseline","eda9ebbaefdf404a3b7fdaa0c3105584d34b2373","38e02ddef01844140e3dfdfdd87733a37d26f59aeef6fcccc67fb13ed19a7d57","vectorPerformance","mixture8","GPSS","2","-1","412094","4000","500","Complete","0.0755691","1.7099E-5","0.040627901","0.0349241","0.15625","0.002","229290","4000","18.720999899350527","39.028622707399215","46.96121523232878","1.0731938076004162","0.17813809720195017","8","abf27d85ad57f604af02f9ce976cde68729c5e5b0b9868c8021e26e9e57c9cbb",""
"3","1","1","baseline","eda9ebbaefdf404a3b7fdaa0c3105584d34b2373","38e02ddef01844140e3dfdfdd87733a37d26f59aeef6fcccc67fb13ed19a7d57","vectorPerformance","mixture8","GPSS","2","0","420013","4000","500","Complete","0.076111199","1.58E-5","0.042412299","0.0336831","0.15625","0.001","230860","4000","11.197660818981081","21.159126284650732","49.74480814386594","1.1308094060468774","0.5016290019944878","8","f1a24a91ced5488ebfe513313caafc39cdc36be309bd0944b0aca511830cdc9b",""
"3","1","1","baseline","eda9ebbaefdf404a3b7fdaa0c3105584d34b2373","38e02ddef01844140e3dfdfdd87733a37d26f59aeef6fcccc67fb13ed19a7d57","vectorPerformance","mixture8","GPSS","2","1","427932","4000","500","Complete","0.073103201","1.54E-5","0.040943801","0.032144","0.15625","0.0","227656","4000","350.3365962359708","946.1959119121931","828.0407758236613","1.006187429279826","0.489472770444491","0","3048dd7a997ec08547ffedc643f4f8ad71fb08dfc61d73588f085fae9f3b2530",""
"3","1","1","baseline","eda9ebbaefdf404a3b7fdaa0c3105584d34b2373","38e02ddef01844140e3dfdfdd87733a37d26f59aeef6fcccc67fb13ed19a7d57","vectorPerformance","mixture8","GPSS","2","2","435851","4000","500","Complete","0.075118901","1.7501E-5","0.0420482","0.0330532","0.140625","0.001","230320","4000","11.885382937205895","20.922381229748733","74.65086869430434","1.127517255169642","0.6163845076767369","8","a8b0c5d28390a6bbe639426c5f3d044100be601426210b18a9d9a12faa0fdcbb",""
"3","1","1","baseline","eda9ebbaefdf404a3b7fdaa0c3105584d34b2373","38e02ddef01844140e3dfdfdd87733a37d26f59aeef6fcccc67fb13ed19a7d57","vectorPerformance","mixture8","GPSS","2","3","443770","4000","500","Complete","0.0764448","1.61E-5","0.0431255","0.0333032","0.125","0.001","228342","4000","32.15927038708645","138.24287084259578","31.951943081965528","1.0380332431121262","0.32314994313579937","8","fb914cb87efc1f88af4218573d1acfcb2cf7af7578bb3764f9313b6f1caf9c08",""
"3","1","1","baseline","eda9ebbaefdf404a3b7fdaa0c3105584d34b2373","38e02ddef01844140e3dfdfdd87733a37d26f59aeef6fcccc67fb13ed19a7d57","vectorPerformance","mixture8","GPSS","2","4","451689","4000","500","Complete","0.0768866","1.63E-5","0.042336999","0.034533301","0.15625","0.001","231161","4000","11.42981152723505","18.51428192120557","82.97173289489884","1.1478873533286111","0.944470980985646","8","8c304b54387b3cfcaea9ca546733eb569997eadee97f924c60d4475ce4148eb9",""
"3","1","1","baseline","eda9ebbaefdf404a3b7fdaa0c3105584d34b2373","38e02ddef01844140e3dfdfdd87733a37d26f59aeef6fcccc67fb13ed19a7d57","vectorPerformance","mixture8","GPSS","4","-2","404175","4000","500","Complete","0.0602059","1.9599E-5","0.039877401","0.0203089","0.25","0.0","229144","4000","14.257988816324646","29.19304971339808","41.12369705555653","1.0898522442939091","0.21935070608817098","8","3b6875e17ed27fe9805ded4d871f7b5f9d73e9def0157d2b9b3ca4e8933848aa",""
"3","1","1","baseline","eda9ebbaefdf404a3b7fdaa0c3105584d34b2373","38e02ddef01844140e3dfdfdd87733a37d26f59aeef6fcccc67fb13ed19a7d57","vectorPerformance","mixture8","GPSS","4","-1","412094","4000","500","Complete","0.0603272","2.28E-5","0.0406136","0.0196908","0.234375","0.001","229290","4000","18.720999899350527","39.028622707399215","46.96121523232878","1.0731938076004162","0.17813809720195017","8","abf27d85ad57f604af02f9ce976cde68729c5e5b0b9868c8021e26e9e57c9cbb",""
"3","1","1","baseline","eda9ebbaefdf404a3b7fdaa0c3105584d34b2373","38e02ddef01844140e3dfdfdd87733a37d26f59aeef6fcccc67fb13ed19a7d57","vectorPerformance","mixture8","GPSS","4","0","420013","4000","500","Complete","0.06004","1.72E-5","0.0403081","0.0197147","0.25","0.0","230860","4000","11.197660818981081","21.159126284650732","49.74480814386594","1.1308094060468774","0.5016290019944878","8","f1a24a91ced5488ebfe513313caafc39cdc36be309bd0944b0aca511830cdc9b",""
"3","1","1","baseline","eda9ebbaefdf404a3b7fdaa0c3105584d34b2373","38e02ddef01844140e3dfdfdd87733a37d26f59aeef6fcccc67fb13ed19a7d57","vectorPerformance","mixture8","GPSS","4","1","427932","4000","500","Complete","0.0593109","1.6999E-5","0.039681301","0.0196126","0.25","0.002","227656","4000","350.3365962359708","946.1959119121931","828.0407758236613","1.006187429279826","0.489472770444491","0","3048dd7a997ec08547ffedc643f4f8ad71fb08dfc61d73588f085fae9f3b2530",""
"3","1","1","baseline","eda9ebbaefdf404a3b7fdaa0c3105584d34b2373","38e02ddef01844140e3dfdfdd87733a37d26f59aeef6fcccc67fb13ed19a7d57","vectorPerformance","mixture8","GPSS","4","2","435851","4000","500","Complete","0.060601101","1.7001E-5","0.0411217","0.0194624","0.25","0.001","230320","4000","11.885382937205895","20.922381229748733","74.65086869430434","1.127517255169642","0.6163845076767369","8","a8b0c5d28390a6bbe639426c5f3d044100be601426210b18a9d9a12faa0fdcbb",""
"3","1","1","baseline","eda9ebbaefdf404a3b7fdaa0c3105584d34b2373","38e02ddef01844140e3dfdfdd87733a37d26f59aeef6fcccc67fb13ed19a7d57","vectorPerformance","mixture8","GPSS","4","3","443770","4000","500","Complete","0.0581609","1.65E-5","0.0392444","0.0189","0.1875","0.0","228342","4000","32.15927038708645","138.24287084259578","31.951943081965528","1.0380332431121262","0.32314994313579937","8","fb914cb87efc1f88af4218573d1acfcb2cf7af7578bb3764f9313b6f1caf9c08",""
"3","1","1","baseline","eda9ebbaefdf404a3b7fdaa0c3105584d34b2373","38e02ddef01844140e3dfdfdd87733a37d26f59aeef6fcccc67fb13ed19a7d57","vectorPerformance","mixture8","GPSS","4","4","451689","4000","500","Complete","0.062717","1.75E-5","0.0406188","0.0220807","0.25","0.001","231161","4000","11.42981152723505","18.51428192120557","82.97173289489884","1.1478873533286111","0.944470980985646","8","8c304b54387b3cfcaea9ca546733eb569997eadee97f924c60d4475ce4148eb9",""
"3","1","1","baseline","eda9ebbaefdf404a3b7fdaa0c3105584d34b2373","38e02ddef01844140e3dfdfdd87733a37d26f59aeef6fcccc67fb13ed19a7d57","vectorPerformance","mixture8","Quantile","1","-2","404175","4000","500","Complete","0.2182297","3.23E-5","0.155097101","0.063100299","0.21875","0.002","794544","4000","4.187636809868029","7.060337598855363","26.16378128764236","1.5288331364789502","3.256985326991021","8","08478ec37e7016f0a746f5541369d3f27e6780b3d77ac0dd3727aedc458b8a7f",""
"3","1","1","baseline","eda9ebbaefdf404a3b7fdaa0c3105584d34b2373","38e02ddef01844140e3dfdfdd87733a37d26f59aeef6fcccc67fb13ed19a7d57","vectorPerformance","mixture8","Quantile","1","-1","412094","4000","500","Complete","0.2179809","1.52E-5","0.157919899","0.060045801","0.5625","0.002","816779","4000","13172.219750891138","13222.282432153374","9557.095877190202","1.0009523655339596","4.505381108384656","0","df0a2d121acaf8121fe4585bac661d116d56b94d4bbd87d7554b9b56bc69a16b",""
"3","1","1","baseline","eda9ebbaefdf404a3b7fdaa0c3105584d34b2373","38e02ddef01844140e3dfdfdd87733a37d26f59aeef6fcccc67fb13ed19a7d57","vectorPerformance","mixture8","Quantile","1","0","420013","4000","500","Complete","0.219916","1.61E-5","0.1573823","0.0625176","0.21875","0.003","794198","4000","4.186058672517822","7.066033020998243","25.872565892706334","1.528293121197245","3.254959184947837","8","298edcccf4cb67bd1d71a2c67eaac49d9c2f065b01ce89b5a425470b4ac34246",""
"3","1","1","baseline","eda9ebbaefdf404a3b7fdaa0c3105584d34b2373","38e02ddef01844140e3dfdfdd87733a37d26f59aeef6fcccc67fb13ed19a7d57","vectorPerformance","mixture8","Quantile","1","1","427932","4000","500","Complete","0.2178073","1.43E-5","0.1526793","0.0651137","0.21875","0.0","793428","4000","4.1830750512240416","7.063117190644894","25.56957561795727","1.5283657513611182","3.2567621870613133","8","273d5a969b71614959a723e90feee880f8890fbdd52ed734512ecdb8349192a1",""
"3","1","1","baseline","eda9ebbaefdf404a3b7fdaa0c3105584d34b2373","38e02ddef01844140e3dfdfdd87733a37d26f59aeef6fcccc67fb13ed19a7d57","vectorPerformance","mixture8","Quantile","1","2","435851","4000","500","Complete","0.218882","1.49E-5","0.1572595","0.0616076","0.21875","0.001","819559","4000","13453.176078554361","13421.262962358194","9216.280792110578","1.0005674240480147","4.502788958677054","0","d8c678a9202d9a68411f907dc58204bfa1e84fa81561ad1055f777dd4b42c6f2",""
"3","1","1","baseline","eda9ebbaefdf404a3b7fdaa0c3105584d34b2373","38e02ddef01844140e3dfdfdd87733a37d26f59aeef6fcccc67fb13ed19a7d57","vectorPerformance","mixture8","Quantile","1","3","443770","4000","500","Complete","0.218771499","1.63E-5","0.1577733","0.060981899","0.21875","0.001","818525","4000","14133.815442025896","14200.524096105466","9050.625427824825","1.0007425189374404","4.512149086714977","0","1bb1a4f128a60c3df02103528fa01749d02171821dd07470e5dae7f5e8630625",""
"3","1","1","baseline","eda9ebbaefdf404a3b7fdaa0c3105584d34b2373","38e02ddef01844140e3dfdfdd87733a37d26f59aeef6fcccc67fb13ed19a7d57","vectorPerformance","mixture8","Quantile","1","4","451689","4000","500","Complete","0.2201227","1.56E-5","0.1600469","0.0600602","0.21875","0.002","819229","4000","12826.818650755431","12819.884446949432","9099.649034826969","1.000430048273552","4.504000123365279","0","678212121ddd43756b45e7bd2e21e3caba79bf54b0c78a22985c55552046cf37",""
"3","1","1","baseline","eda9ebbaefdf404a3b7fdaa0c3105584d34b2373","38e02ddef01844140e3dfdfdd87733a37d26f59aeef6fcccc67fb13ed19a7d57","vectorPerformance","mixture8","Quantile","2","-2","404175","4000","500","Complete","0.133327599","1.46E-5","0.0996507","0.033662299","0.390625","0.001","794544","4000","4.187636809868029","7.060337598855363","26.16378128764236","1.5288331364789502","3.256985326991021","8","08478ec37e7016f0a746f5541369d3f27e6780b3d77ac0dd3727aedc458b8a7f",""
"3","1","1","baseline","eda9ebbaefdf404a3b7fdaa0c3105584d34b2373","38e02ddef01844140e3dfdfdd87733a37d26f59aeef6fcccc67fb13ed19a7d57","vectorPerformance","mixture8","Quantile","2","-1","412094","4000","500","Complete","0.135085099","2.09E-5","0.1030632","0.032000999","0.28125","0.001","816779","4000","13172.219750891138","13222.282432153374","9557.095877190202","1.0009523655339596","4.505381108384656","0","df0a2d121acaf8121fe4585bac661d116d56b94d4bbd87d7554b9b56bc69a16b",""
"3","1","1","baseline","eda9ebbaefdf404a3b7fdaa0c3105584d34b2373","38e02ddef01844140e3dfdfdd87733a37d26f59aeef6fcccc67fb13ed19a7d57","vectorPerformance","mixture8","Quantile","2","0","420013","4000","500","Complete","0.135050799","1.61E-5","0.0989202","0.036114499","0.59375","0.001","794198","4000","4.186058672517822","7.066033020998243","25.872565892706334","1.528293121197245","3.254959184947837","8","298edcccf4cb67bd1d71a2c67eaac49d9c2f065b01ce89b5a425470b4ac34246",""
"3","1","1","baseline","eda9ebbaefdf404a3b7fdaa0c3105584d34b2373","38e02ddef01844140e3dfdfdd87733a37d26f59aeef6fcccc67fb13ed19a7d57","vectorPerformance","mixture8","Quantile","2","1","427932","4000","500","Complete","0.1356086","1.55E-5","0.099614799","0.035978301","0.234375","0.001","793428","4000","4.1830750512240416","7.063117190644894","25.56957561795727","1.5283657513611182","3.2567621870613133","8","273d5a969b71614959a723e90feee880f8890fbdd52ed734512ecdb8349192a1",""
"3","1","1","baseline","eda9ebbaefdf404a3b7fdaa0c3105584d34b2373","38e02ddef01844140e3dfdfdd87733a37d26f59aeef6fcccc67fb13ed19a7d57","vectorPerformance","mixture8","Quantile","2","2","435851","4000","500","Complete","0.1355822","1.6E-5","0.103070399","0.032495801","0.296875","0.001","819559","4000","13453.176078554361","13421.262962358194","9216.280792110578","1.0005674240480147","4.502788958677054","0","d8c678a9202d9a68411f907dc58204bfa1e84fa81561ad1055f777dd4b42c6f2",""
"3","1","1","baseline","eda9ebbaefdf404a3b7fdaa0c3105584d34b2373","38e02ddef01844140e3dfdfdd87733a37d26f59aeef6fcccc67fb13ed19a7d57","vectorPerformance","mixture8","Quantile","2","3","443770","4000","500","Complete","0.1334202","1.57E-5","0.100599999","0.032804501","0.25","0.001","818525","4000","14133.815442025896","14200.524096105466","9050.625427824825","1.0007425189374404","4.512149086714977","0","1bb1a4f128a60c3df02103528fa01749d02171821dd07470e5dae7f5e8630625",""
"3","1","1","baseline","eda9ebbaefdf404a3b7fdaa0c3105584d34b2373","38e02ddef01844140e3dfdfdd87733a37d26f59aeef6fcccc67fb13ed19a7d57","vectorPerformance","mixture8","Quantile","2","4","451689","4000","500","Complete","0.133771","1.6E-5","0.101295299","0.032459701","0.25","0.002","819229","4000","12826.818650755431","12819.884446949432","9099.649034826969","1.000430048273552","4.504000123365279","0","678212121ddd43756b45e7bd2e21e3caba79bf54b0c78a22985c55552046cf37",""
"3","1","1","baseline","eda9ebbaefdf404a3b7fdaa0c3105584d34b2373","38e02ddef01844140e3dfdfdd87733a37d26f59aeef6fcccc67fb13ed19a7d57","vectorPerformance","mixture8","Quantile","4","-2","404175","4000","500","Complete","0.0966666","1.56E-5","0.0756489","0.0210021","0.4375","0.001","794544","4000","4.187636809868029","7.060337598855363","26.16378128764236","1.5288331364789502","3.256985326991021","8","08478ec37e7016f0a746f5541369d3f27e6780b3d77ac0dd3727aedc458b8a7f",""
"3","1","1","baseline","eda9ebbaefdf404a3b7fdaa0c3105584d34b2373","38e02ddef01844140e3dfdfdd87733a37d26f59aeef6fcccc67fb13ed19a7d57","vectorPerformance","mixture8","Quantile","4","-1","412094","4000","500","Complete","0.0949832","1.54E-5","0.076006499","0.018961301","0.375","0.001","816779","4000","13172.219750891138","13222.282432153374","9557.095877190202","1.0009523655339596","4.505381108384656","0","df0a2d121acaf8121fe4585bac661d116d56b94d4bbd87d7554b9b56bc69a16b",""
"3","1","1","baseline","eda9ebbaefdf404a3b7fdaa0c3105584d34b2373","38e02ddef01844140e3dfdfdd87733a37d26f59aeef6fcccc67fb13ed19a7d57","vectorPerformance","mixture8","Quantile","4","0","420013","4000","500","Complete","0.097866601","1.52E-5","0.073728501","0.0241229","0.421875","0.003","794198","4000","4.186058672517822","7.066033020998243","25.872565892706334","1.528293121197245","3.254959184947837","8","298edcccf4cb67bd1d71a2c67eaac49d9c2f065b01ce89b5a425470b4ac34246",""
"3","1","1","baseline","eda9ebbaefdf404a3b7fdaa0c3105584d34b2373","38e02ddef01844140e3dfdfdd87733a37d26f59aeef6fcccc67fb13ed19a7d57","vectorPerformance","mixture8","Quantile","4","1","427932","4000","500","Complete","0.0958256","1.54E-5","0.0739832","0.021827","0.359375","0.0","793428","4000","4.1830750512240416","7.063117190644894","25.56957561795727","1.5283657513611182","3.2567621870613133","8","273d5a969b71614959a723e90feee880f8890fbdd52ed734512ecdb8349192a1",""
"3","1","1","baseline","eda9ebbaefdf404a3b7fdaa0c3105584d34b2373","38e02ddef01844140e3dfdfdd87733a37d26f59aeef6fcccc67fb13ed19a7d57","vectorPerformance","mixture8","Quantile","4","2","435851","4000","500","Complete","0.094659899","1.52E-5","0.0751152","0.019529499","0.375","0.001","819559","4000","13453.176078554361","13421.262962358194","9216.280792110578","1.0005674240480147","4.502788958677054","0","d8c678a9202d9a68411f907dc58204bfa1e84fa81561ad1055f777dd4b42c6f2",""
"3","1","1","baseline","eda9ebbaefdf404a3b7fdaa0c3105584d34b2373","38e02ddef01844140e3dfdfdd87733a37d26f59aeef6fcccc67fb13ed19a7d57","vectorPerformance","mixture8","Quantile","4","3","443770","4000","500","Complete","0.094612299","1.57E-5","0.0754986","0.019097999","0.375","0.001","818525","4000","14133.815442025896","14200.524096105466","9050.625427824825","1.0007425189374404","4.512149086714977","0","1bb1a4f128a60c3df02103528fa01749d02171821dd07470e5dae7f5e8630625",""
"3","1","1","baseline","eda9ebbaefdf404a3b7fdaa0c3105584d34b2373","38e02ddef01844140e3dfdfdd87733a37d26f59aeef6fcccc67fb13ed19a7d57","vectorPerformance","mixture8","Quantile","4","4","451689","4000","500","Complete","0.0971988","1.81E-5","0.078358199","0.018822501","0.40625","0.001","819229","4000","12826.818650755431","12819.884446949432","9099.649034826969","1.000430048273552","4.504000123365279","0","678212121ddd43756b45e7bd2e21e3caba79bf54b0c78a22985c55552046cf37",""
"3","1","1","baseline","eda9ebbaefdf404a3b7fdaa0c3105584d34b2373","38e02ddef01844140e3dfdfdd87733a37d26f59aeef6fcccc67fb13ed19a7d57","vectorPerformance","positive32","GPSS","1","-2","404175","4000","500","Complete","0.457953401","2.4801E-5","0.220049","0.2378796","0.453125","0.003","312248","4000","6.507081555422677","8.267454120088496","11.239726363241573","1.4243493212370788","0.9111742118510904","32","e1f462be7160698fc96433c37d8e6460fa2b583d96e58a05af89904985ee97c5",""
"3","1","1","baseline","eda9ebbaefdf404a3b7fdaa0c3105584d34b2373","38e02ddef01844140e3dfdfdd87733a37d26f59aeef6fcccc67fb13ed19a7d57","vectorPerformance","positive32","GPSS","1","-1","412094","4000","500","Complete","0.4688861","2.39E-5","0.224955899","0.243906301","0.46875","0.003","312989","4000","5.495322761597328","8.012492423835413","12.29336507256984","1.4621066333934736","0.5327465027759886","32","047503de7ceb57f45f2c33ddf27b78c64d75cb6665a40538a8909c85da9d2c02",""
"3","1","1","baseline","eda9ebbaefdf404a3b7fdaa0c3105584d34b2373","38e02ddef01844140e3dfdfdd87733a37d26f59aeef6fcccc67fb13ed19a7d57","vectorPerformance","positive32","GPSS","1","0","420013","4000","500","Complete","0.462592499","2.48E-5","0.2231596","0.239408099","0.453125","0.003","315080","4000","5.054210848500271","6.4086389980297715","11.498400167812514","1.682066869867944","1.124774421937512","32","9182bbb858877f9a625ab3c8ae05e7120fdc466f42d5a1dceccf9395da6065e9",""
"3","1","1","baseline","eda9ebbaefdf404a3b7fdaa0c3105584d34b2373","38e02ddef01844140e3dfdfdd87733a37d26f59aeef6fcccc67fb13ed19a7d57","vectorPerformance","positive32","GPSS","1","1","427932","4000","500","Complete","0.464452499","4.08E-5","0.2211945","0.243217199","0.46875","0.005","310499","4000","4.949526595516298","7.4253970060875725","11.370735805288119","1.496332455560683","0.5218258205642705","32","f0d7064a140efac0e8d7992843e936b5b1ea4f33b336f96c18ed34d07d4ff733",""
"3","1","1","baseline","eda9ebbaefdf404a3b7fdaa0c3105584d34b2373","38e02ddef01844140e3dfdfdd87733a37d26f59aeef6fcccc67fb13ed19a7d57","vectorPerformance","positive32","GPSS","1","2","435851","4000","500","Complete","0.469325501","2.3701E-5","0.2258722","0.2434296","0.46875","0.005","312895","4000","6.595439608345559","8.875134343603566","10.947737821804315","1.3815878832703925","0.38311879002350624","32","0365e43fa384cead64ff9f89d32ea3ea9edfdb1f4523fadebe6c708ca213e343",""
"3","1","1","baseline","eda9ebbaefdf404a3b7fdaa0c3105584d34b2373","38e02ddef01844140e3dfdfdd87733a37d26f59aeef6fcccc67fb13ed19a7d57","vectorPerformance","positive32","GPSS","1","3","443770","4000","500","Complete","0.4713181","2.3501E-5","0.2280732","0.243221399","0.46875","0.004","322378","4000","4.786571198089734","5.896539279571406","11.375709989448119","1.7909712039019074","1.5561805918696656","32","6ad6daee0ad4e8690da4c2f3a9ad5ab953ab95d6f3a80ac9994366367dae6f68",""
"3","1","1","baseline","eda9ebbaefdf404a3b7fdaa0c3105584d34b2373","38e02ddef01844140e3dfdfdd87733a37d26f59aeef6fcccc67fb13ed19a7d57","vectorPerformance","positive32","GPSS","1","4","451689","4000","500","Complete","0.465563899","2.2999E-5","0.219603801","0.245937099","0.46875","0.007","312493","4000","7.11180708957874","8.71283262637544","16.641164170760746","1.408214647506748","0.6415784047018325","32","b56b7859597de05ce23273ba96ae874e4baee6fad0f20d955b87448e5465d676",""
"3","1","1","baseline","eda9ebbaefdf404a3b7fdaa0c3105584d34b2373","38e02ddef01844140e3dfdfdd87733a37d26f59aeef6fcccc67fb13ed19a7d57","vectorPerformance","positive32","GPSS","2","-2","404175","4000","500","Complete","0.2641263","2.2401E-5","0.1351819","0.128921999","0.5625","0.003","312248","4000","6.507081555422677","8.267454120088496","11.239726363241573","1.4243493212370788","0.9111742118510904","32","e1f462be7160698fc96433c37d8e6460fa2b583d96e58a05af89904985ee97c5",""
"3","1","1","baseline","eda9ebbaefdf404a3b7fdaa0c3105584d34b2373","38e02ddef01844140e3dfdfdd87733a37d26f59aeef6fcccc67fb13ed19a7d57","vectorPerformance","positive32","GPSS","2","-1","412094","4000","500","Complete","0.2601425","2.14E-5","0.1255223","0.1345988","0.828125","0.005","312989","4000","5.495322761597328","8.012492423835413","12.29336507256984","1.4621066333934736","0.5327465027759886","32","047503de7ceb57f45f2c33ddf27b78c64d75cb6665a40538a8909c85da9d2c02",""
"3","1","1","baseline","eda9ebbaefdf404a3b7fdaa0c3105584d34b2373","38e02ddef01844140e3dfdfdd87733a37d26f59aeef6fcccc67fb13ed19a7d57","vectorPerformance","positive32","GPSS","2","0","420013","4000","500","Complete","0.259794601","2.3001E-5","0.1272791","0.1324925","0.5","0.004","315080","4000","5.054210848500271","6.4086389980297715","11.498400167812514","1.682066869867944","1.124774421937512","32","9182bbb858877f9a625ab3c8ae05e7120fdc466f42d5a1dceccf9395da6065e9",""
"3","1","1","baseline","eda9ebbaefdf404a3b7fdaa0c3105584d34b2373","38e02ddef01844140e3dfdfdd87733a37d26f59aeef6fcccc67fb13ed19a7d57","vectorPerformance","positive32","GPSS","2","1","427932","4000","500","Complete","0.2572869","2.47E-5","0.124781299","0.132480901","0.859375","0.004","310499","4000","4.949526595516298","7.4253970060875725","11.370735805288119","1.496332455560683","0.5218258205642705","32","f0d7064a140efac0e8d7992843e936b5b1ea4f33b336f96c18ed34d07d4ff733",""
"3","1","1","baseline","eda9ebbaefdf404a3b7fdaa0c3105584d34b2373","38e02ddef01844140e3dfdfdd87733a37d26f59aeef6fcccc67fb13ed19a7d57","vectorPerformance","positive32","GPSS","2","2","435851","4000","500","Complete","0.2586645","2.1699E-5","0.128527001","0.1301158","0.53125","0.003","312895","4000","6.595439608345559","8.875134343603566","10.947737821804315","1.3815878832703925","0.38311879002350624","32","0365e43fa384cead64ff9f89d32ea3ea9edfdb1f4523fadebe6c708ca213e343",""
"3","1","1","baseline","eda9ebbaefdf404a3b7fdaa0c3105584d34b2373","38e02ddef01844140e3dfdfdd87733a37d26f59aeef6fcccc67fb13ed19a7d57","vectorPerformance","positive32","GPSS","2","3","443770","4000","500","Complete","0.2589258","2.25E-5","0.1301361","0.1287672","0.515625","0.004","322378","4000","4.786571198089734","5.896539279571406","11.375709989448119","1.7909712039019074","1.5561805918696656","32","6ad6daee0ad4e8690da4c2f3a9ad5ab953ab95d6f3a80ac9994366367dae6f68",""
"3","1","1","baseline","eda9ebbaefdf404a3b7fdaa0c3105584d34b2373","38e02ddef01844140e3dfdfdd87733a37d26f59aeef6fcccc67fb13ed19a7d57","vectorPerformance","positive32","GPSS","2","4","451689","4000","500","Complete","0.2558182","2.18E-5","0.126769799","0.129026601","0.5","0.003","312493","4000","7.11180708957874","8.71283262637544","16.641164170760746","1.408214647506748","0.6415784047018325","32","b56b7859597de05ce23273ba96ae874e4baee6fad0f20d955b87448e5465d676",""
"3","1","1","baseline","eda9ebbaefdf404a3b7fdaa0c3105584d34b2373","38e02ddef01844140e3dfdfdd87733a37d26f59aeef6fcccc67fb13ed19a7d57","vectorPerformance","positive32","GPSS","4","-2","404175","4000","500","Complete","0.173146101","2.99E-5","0.094386101","0.0787301","0.703125","0.004","312248","4000","6.507081555422677","8.267454120088496","11.239726363241573","1.4243493212370788","0.9111742118510904","32","e1f462be7160698fc96433c37d8e6460fa2b583d96e58a05af89904985ee97c5",""
"3","1","1","baseline","eda9ebbaefdf404a3b7fdaa0c3105584d34b2373","38e02ddef01844140e3dfdfdd87733a37d26f59aeef6fcccc67fb13ed19a7d57","vectorPerformance","positive32","GPSS","4","-1","412094","4000","500","Complete","0.1767867","2.31E-5","0.0971259","0.0796377","0.6875","0.004","312989","4000","5.495322761597328","8.012492423835413","12.29336507256984","1.4621066333934736","0.5327465027759886","32","047503de7ceb57f45f2c33ddf27b78c64d75cb6665a40538a8909c85da9d2c02",""
"3","1","1","baseline","eda9ebbaefdf404a3b7fdaa0c3105584d34b2373","38e02ddef01844140e3dfdfdd87733a37d26f59aeef6fcccc67fb13ed19a7d57","vectorPerformance","positive32","GPSS","4","0","420013","4000","500","Complete","0.173053801","2.3901E-5","0.098310999","0.074718901","0.6875","0.003","315080","4000","5.054210848500271","6.4086389980297715","11.498400167812514","1.682066869867944","1.124774421937512","32","9182bbb858877f9a625ab3c8ae05e7120fdc466f42d5a1dceccf9395da6065e9",""
"3","1","1","baseline","eda9ebbaefdf404a3b7fdaa0c3105584d34b2373","38e02ddef01844140e3dfdfdd87733a37d26f59aeef6fcccc67fb13ed19a7d57","vectorPerformance","positive32","GPSS","4","1","427932","4000","500","Complete","0.170366101","2.3501E-5","0.0956801","0.0746625","0.609375","0.003","310499","4000","4.949526595516298","7.4253970060875725","11.370735805288119","1.496332455560683","0.5218258205642705","32","f0d7064a140efac0e8d7992843e936b5b1ea4f33b336f96c18ed34d07d4ff733",""
"3","1","1","baseline","eda9ebbaefdf404a3b7fdaa0c3105584d34b2373","38e02ddef01844140e3dfdfdd87733a37d26f59aeef6fcccc67fb13ed19a7d57","vectorPerformance","positive32","GPSS","4","2","435851","4000","500","Complete","0.171849099","2.42E-5","0.0983267","0.073498199","0.671875","0.003","312895","4000","6.595439608345559","8.875134343603566","10.947737821804315","1.3815878832703925","0.38311879002350624","32","0365e43fa384cead64ff9f89d32ea3ea9edfdb1f4523fadebe6c708ca213e343",""
"3","1","1","baseline","eda9ebbaefdf404a3b7fdaa0c3105584d34b2373","38e02ddef01844140e3dfdfdd87733a37d26f59aeef6fcccc67fb13ed19a7d57","vectorPerformance","positive32","GPSS","4","3","443770","4000","500","Complete","0.1773173","3.09E-5","0.0999171","0.0773693","0.6875","0.004","322378","4000","4.786571198089734","5.896539279571406","11.375709989448119","1.7909712039019074","1.5561805918696656","32","6ad6daee0ad4e8690da4c2f3a9ad5ab953ab95d6f3a80ac9994366367dae6f68",""
"3","1","1","baseline","eda9ebbaefdf404a3b7fdaa0c3105584d34b2373","38e02ddef01844140e3dfdfdd87733a37d26f59aeef6fcccc67fb13ed19a7d57","vectorPerformance","positive32","GPSS","4","4","451689","4000","500","Complete","0.1702744","2.3399E-5","0.0954464","0.074804601","0.6875","0.002","312493","4000","7.11180708957874","8.71283262637544","16.641164170760746","1.408214647506748","0.6415784047018325","32","b56b7859597de05ce23273ba96ae874e4baee6fad0f20d955b87448e5465d676",""
"3","1","1","baseline","eda9ebbaefdf404a3b7fdaa0c3105584d34b2373","38e02ddef01844140e3dfdfdd87733a37d26f59aeef6fcccc67fb13ed19a7d57","vectorPerformance","positive32","Quantile","1","-2","404175","4000","500","Complete","0.9607189","2.0799E-5","0.715149601","0.2455485","0.96875","0.008","2332703","4000","8030.260361578566","7443.725542312934","10980.95587684255","1.0012073242374708","0.03162578897149504","0","109d1589a3cfa1856056d074588bf62a00242342be20aaa02c7f9fa0c3d02464",""
"3","1","1","baseline","eda9ebbaefdf404a3b7fdaa0c3105584d34b2373","38e02ddef01844140e3dfdfdd87733a37d26f59aeef6fcccc67fb13ed19a7d57","vectorPerformance","positive32","Quantile","1","-1","412094","4000","500","Complete","0.949731699","2.14E-5","0.7044684","0.245241899","1.296875","0.006","2332056","4000","7849.260320702932","7497.08911341319","10218.844461352033","1.000850226319869","0.023734462941020107","0","2e7ae8f39b7d995378c03be6210919257cb3c5da65a71f7499cfe9fc1c43ddaa",""
"3","1","1","baseline","eda9ebbaefdf404a3b7fdaa0c3105584d34b2373","38e02ddef01844140e3dfdfdd87733a37d26f59aeef6fcccc67fb13ed19a7d57","vectorPerformance","positive32","Quantile","1","0","420013","4000","500","Complete","0.9431177","3.64E-5","0.694599599","0.248481701","1.65625","0.007","2331456","4000","8061.462008922536","7644.287188277893","10396.228328686206","1.000767355772193","0.026399068267307313","0","b1c80d02d980f561db28b8e8c75872a90bfe94527189f07f4dfe1c9226d272e5",""
"3","1","1","baseline","eda9ebbaefdf404a3b7fdaa0c3105584d34b2373","38e02ddef01844140e3dfdfdd87733a37d26f59aeef6fcccc67fb13ed19a7d57","vectorPerformance","positive32","Quantile","1","1","427932","4000","500","Complete","0.945620799","2.16E-5","0.6970993","0.248499899","0.953125","0.011","2330866","4000","7748.716822064378","7364.471868294603","10702.763364386927","1.0006942215274883","0.030448865944532777","0","218737eae3e2da277e8b65fe3a76bd5f04046950597185a676bdc475001c1e46",""
"3","1","1","baseline","eda9ebbaefdf404a3b7fdaa0c3105584d34b2373","38e02ddef01844140e3dfdfdd87733a37d26f59aeef6fcccc67fb13ed19a7d57","vectorPerformance","positive32","Quantile","1","2","435851","4000","500","Complete","0.9546255","2.11E-5","0.704032799","0.250571601","0.984375","0.011","2331863","4000","7994.761109518766","7444.795092892279","10756.070846197807","1.0010742652566522","0.026722483101742966","0","fb50892c47662c7c9c7473b45775635e782a20ef09488c3bc7f407bd559adfe3",""
"3","1","1","baseline","eda9ebbaefdf404a3b7fdaa0c3105584d34b2373","38e02ddef01844140e3dfdfdd87733a37d26f59aeef6fcccc67fb13ed19a7d57","vectorPerformance","positive32","Quantile","1","3","443770","4000","500","Complete","0.9469944","4.4101E-5","0.702037","0.244913299","0.96875","0.008","2331071","4000","8046.326204198977","7094.826103737033","10587.156707045673","1.0006492486922247","0.022192055198105076","0","ea829d033823c80e3ad79c2bf9f4c957103c19055e7f39ac840ae3dd8ecf7787",""
"3","1","1","baseline","eda9ebbaefdf404a3b7fdaa0c3105584d34b2373","38e02ddef01844140e3dfdfdd87733a37d26f59aeef6fcccc67fb13ed19a7d57","vectorPerformance","positive32","Quantile","1","4","451689","4000","500","Complete","0.948641701","1.9601E-5","0.701822799","0.246799301","0.9375","0.008","2329615","4000","8049.572429524939","7585.9302215949265","10803.178568962107","1.001435614653514","0.019996657665890316","0","f2275fab90488b6e0703edb3fe7b6bef8718ce8c0b14a645dc9d2b61880d135c",""
"3","1","1","baseline","eda9ebbaefdf404a3b7fdaa0c3105584d34b2373","38e02ddef01844140e3dfdfdd87733a37d26f59aeef6fcccc67fb13ed19a7d57","vectorPerformance","positive32","Quantile","2","-2","404175","4000","500","Complete","0.537744199","2.08E-5","0.4108395","0.126883899","1.453125","0.006","2332703","4000","8030.260361578566","7443.725542312934","10980.95587684255","1.0012073242374708","0.03162578897149504","0","109d1589a3cfa1856056d074588bf62a00242342be20aaa02c7f9fa0c3d02464",""
"3","1","1","baseline","eda9ebbaefdf404a3b7fdaa0c3105584d34b2373","38e02ddef01844140e3dfdfdd87733a37d26f59aeef6fcccc67fb13ed19a7d57","vectorPerformance","positive32","Quantile","2","-1","412094","4000","500","Complete","0.518441099","2.1299E-5","0.391933101","0.126486699","1.3125","0.007","2332056","4000","7849.260320702932","7497.08911341319","10218.844461352033","1.000850226319869","0.023734462941020107","0","2e7ae8f39b7d995378c03be6210919257cb3c5da65a71f7499cfe9fc1c43ddaa",""
"3","1","1","baseline","eda9ebbaefdf404a3b7fdaa0c3105584d34b2373","38e02ddef01844140e3dfdfdd87733a37d26f59aeef6fcccc67fb13ed19a7d57","vectorPerformance","positive32","Quantile","2","0","420013","4000","500","Complete","0.5213074","2.0199E-5","0.392624701","0.1286625","1.0625","0.006","2331456","4000","8061.462008922536","7644.287188277893","10396.228328686206","1.000767355772193","0.026399068267307313","0","b1c80d02d980f561db28b8e8c75872a90bfe94527189f07f4dfe1c9226d272e5",""
"3","1","1","baseline","eda9ebbaefdf404a3b7fdaa0c3105584d34b2373","38e02ddef01844140e3dfdfdd87733a37d26f59aeef6fcccc67fb13ed19a7d57","vectorPerformance","positive32","Quantile","2","1","427932","4000","500","Complete","0.516366501","1.9901E-5","0.3876658","0.1286808","1.03125","0.006","2330866","4000","7748.716822064378","7364.471868294603","10702.763364386927","1.0006942215274883","0.030448865944532777","0","218737eae3e2da277e8b65fe3a76bd5f04046950597185a676bdc475001c1e46",""
"3","1","1","baseline","eda9ebbaefdf404a3b7fdaa0c3105584d34b2373","38e02ddef01844140e3dfdfdd87733a37d26f59aeef6fcccc67fb13ed19a7d57","vectorPerformance","positive32","Quantile","2","2","435851","4000","500","Complete","0.513305","1.82E-5","0.385308799","0.127978001","1.359375","0.007","2331863","4000","7994.761109518766","7444.795092892279","10756.070846197807","1.0010742652566522","0.026722483101742966","0","fb50892c47662c7c9c7473b45775635e782a20ef09488c3bc7f407bd559adfe3",""
"3","1","1","baseline","eda9ebbaefdf404a3b7fdaa0c3105584d34b2373","38e02ddef01844140e3dfdfdd87733a37d26f59aeef6fcccc67fb13ed19a7d57","vectorPerformance","positive32","Quantile","2","3","443770","4000","500","Complete","0.5147938","2.8E-5","0.3854167","0.1293491","1.03125","0.004","2331071","4000","8046.326204198977","7094.826103737033","10587.156707045673","1.0006492486922247","0.022192055198105076","0","ea829d033823c80e3ad79c2bf9f4c957103c19055e7f39ac840ae3dd8ecf7787",""
"3","1","1","baseline","eda9ebbaefdf404a3b7fdaa0c3105584d34b2373","38e02ddef01844140e3dfdfdd87733a37d26f59aeef6fcccc67fb13ed19a7d57","vectorPerformance","positive32","Quantile","2","4","451689","4000","500","Complete","0.5114514","1.91E-5","0.383811799","0.127620501","1.34375","0.007","2329615","4000","8049.572429524939","7585.9302215949265","10803.178568962107","1.001435614653514","0.019996657665890316","0","f2275fab90488b6e0703edb3fe7b6bef8718ce8c0b14a645dc9d2b61880d135c",""
"3","1","1","baseline","eda9ebbaefdf404a3b7fdaa0c3105584d34b2373","38e02ddef01844140e3dfdfdd87733a37d26f59aeef6fcccc67fb13ed19a7d57","vectorPerformance","positive32","Quantile","4","-2","404175","4000","500","Complete","0.280757","1.99E-5","0.2103968","0.0703403","1.125","0.005","2332703","4000","8030.260361578566","7443.725542312934","10980.95587684255","1.0012073242374708","0.03162578897149504","0","109d1589a3cfa1856056d074588bf62a00242342be20aaa02c7f9fa0c3d02464",""
"3","1","1","baseline","eda9ebbaefdf404a3b7fdaa0c3105584d34b2373","38e02ddef01844140e3dfdfdd87733a37d26f59aeef6fcccc67fb13ed19a7d57","vectorPerformance","positive32","Quantile","4","-1","412094","4000","500","Complete","0.2977076","2.35E-5","0.221475499","0.076208601","1.4375","0.008","2332056","4000","7849.260320702932","7497.08911341319","10218.844461352033","1.000850226319869","0.023734462941020107","0","2e7ae8f39b7d995378c03be6210919257cb3c5da65a71f7499cfe9fc1c43ddaa",""
"3","1","1","baseline","eda9ebbaefdf404a3b7fdaa0c3105584d34b2373","38e02ddef01844140e3dfdfdd87733a37d26f59aeef6fcccc67fb13ed19a7d57","vectorPerformance","positive32","Quantile","4","0","420013","4000","500","Complete","0.286436899","2.0899E-5","0.214373801","0.072042199","1.09375","0.006","2331456","4000","8061.462008922536","7644.287188277893","10396.228328686206","1.000767355772193","0.026399068267307313","0","b1c80d02d980f561db28b8e8c75872a90bfe94527189f07f4dfe1c9226d272e5",""
"3","1","1","baseline","eda9ebbaefdf404a3b7fdaa0c3105584d34b2373","38e02ddef01844140e3dfdfdd87733a37d26f59aeef6fcccc67fb13ed19a7d57","vectorPerformance","positive32","Quantile","4","1","427932","4000","500","Complete","0.2850993","1.8299E-5","0.215752601","0.0693284","1.109375","0.007","2330866","4000","7748.716822064378","7364.471868294603","10702.763364386927","1.0006942215274883","0.030448865944532777","0","218737eae3e2da277e8b65fe3a76bd5f04046950597185a676bdc475001c1e46",""
"3","1","1","baseline","eda9ebbaefdf404a3b7fdaa0c3105584d34b2373","38e02ddef01844140e3dfdfdd87733a37d26f59aeef6fcccc67fb13ed19a7d57","vectorPerformance","positive32","Quantile","4","2","435851","4000","500","Complete","0.282311","1.95E-5","0.2111","0.0711915","1.375","0.005","2331863","4000","7994.761109518766","7444.795092892279","10756.070846197807","1.0010742652566522","0.026722483101742966","0","fb50892c47662c7c9c7473b45775635e782a20ef09488c3bc7f407bd559adfe3",""
"3","1","1","baseline","eda9ebbaefdf404a3b7fdaa0c3105584d34b2373","38e02ddef01844140e3dfdfdd87733a37d26f59aeef6fcccc67fb13ed19a7d57","vectorPerformance","positive32","Quantile","4","3","443770","4000","500","Complete","0.2841757","1.91E-5","0.2108327","0.0733239","1.421875","0.007","2331071","4000","8046.326204198977","7094.826103737033","10587.156707045673","1.0006492486922247","0.022192055198105076","0","ea829d033823c80e3ad79c2bf9f4c957103c19055e7f39ac840ae3dd8ecf7787",""
"3","1","1","baseline","eda9ebbaefdf404a3b7fdaa0c3105584d34b2373","38e02ddef01844140e3dfdfdd87733a37d26f59aeef6fcccc67fb13ed19a7d57","vectorPerformance","positive32","Quantile","4","4","451689","4000","500","Complete","0.2836204","1.92E-5","0.2111225","0.0724787","1.125","0.006","2329615","4000","8049.572429524939","7585.9302215949265","10803.178568962107","1.001435614653514","0.019996657665890316","0","f2275fab90488b6e0703edb3fe7b6bef8718ce8c0b14a645dc9d2b61880d135c",""
"4","2","0","baseline","eda9ebbaefdf404a3b7fdaa0c3105584d34b2373","38e02ddef01844140e3dfdfdd87733a37d26f59aeef6fcccc67fb13ed19a7d57","vectorPerformance","correlated32","GPSS","1","-2","404175","4000","500","Complete","0.473232399","3.4099E-5","0.2264393","0.246759","0.515625","0.007","265461","4000","645.117038188815","619.6601510130125","111.82974658890811","1.4709232708798055","0.0221888479832677","32","34ba7e81aae421fabb6d7abc8b37fed811e4c6a3b11b225e03c34135c20e5fab",""
"4","2","0","baseline","eda9ebbaefdf404a3b7fdaa0c3105584d34b2373","38e02ddef01844140e3dfdfdd87733a37d26f59aeef6fcccc67fb13ed19a7d57","vectorPerformance","correlated32","GPSS","1","-1","412094","4000","500","Complete","0.4465566","3.0E-5","0.2108774","0.2356492","0.8125","0.002","260316","4000","564.5119782236644","553.9746471274595","68.93212740164371","1.6458772028336794","0.06977010736276656","32","0dd72e443f3b53513a682dd3fda3078d30eb3ca1e5546f164ad2b8797a0cc49f",""
"4","2","0","baseline","eda9ebbaefdf404a3b7fdaa0c3105584d34b2373","38e02ddef01844140e3dfdfdd87733a37d26f59aeef6fcccc67fb13ed19a7d57","vectorPerformance","correlated32","GPSS","1","0","420013","4000","500","Complete","0.4530854","2.7999E-5","0.220294901","0.2327625","0.453125","0.004","271170","4000","550.788691510793","462.92862585511017","31.898583590051008","1.6153232296497368","0.02539427674995709","32","4e32fd58fd10390b4e797c6902eed30b34036ec3e48184af25c550e5ecd201e4",""
"4","2","0","baseline","eda9ebbaefdf404a3b7fdaa0c3105584d34b2373","38e02ddef01844140e3dfdfdd87733a37d26f59aeef6fcccc67fb13ed19a7d57","vectorPerformance","correlated32","GPSS","1","1","427932","4000","500","Complete","0.4368833","3.02E-5","0.200946099","0.235907001","0.4375","0.002","243643","4000","728.9168563232058","707.6422054588379","37.327199337196575","1.394679319897266","0.014786962883091226","32","6556bc9a5258d4cf10554a8f1be0f66bc02b8dd465a89ab0179fc4a9bce27863",""
"4","2","0","baseline","eda9ebbaefdf404a3b7fdaa0c3105584d34b2373","38e02ddef01844140e3dfdfdd87733a37d26f59aeef6fcccc67fb13ed19a7d57","vectorPerformance","correlated32","GPSS","1","2","435851","4000","500","Complete","0.4411329","2.24E-5","0.205813","0.2352975","0.4375","0.002","252525","4000","851.515000276373","802.0414367077282","72.65826721585422","1.3443798021720257","0.05441559245735261","32","241b3dbb9e14d1912d29f4167a0d49b5aac92799d098cc4aea7fd189aea591d5",""
"4","2","0","baseline","eda9ebbaefdf404a3b7fdaa0c3105584d34b2373","38e02ddef01844140e3dfdfdd87733a37d26f59aeef6fcccc67fb13ed19a7d57","vectorPerformance","correlated32","GPSS","1","3","443770","4000","500","Complete","0.4391824","2.1699E-5","0.206008901","0.2331518","0.421875","0.002","252476","4000","579.6107666912351","519.1606176358861","80.32525737492834","1.1037679615355824","0.05661873010414342","32","e379cb80ecf5804cc22ddf166b2fd12dfc52cf394467b1b6e6cab088cb4ce1a7",""
"4","2","0","baseline","eda9ebbaefdf404a3b7fdaa0c3105584d34b2373","38e02ddef01844140e3dfdfdd87733a37d26f59aeef6fcccc67fb13ed19a7d57","vectorPerformance","correlated32","GPSS","1","4","451689","4000","500","Complete","0.4549223","2.25E-5","0.2233157","0.2315841","0.453125","0.004","276146","4000","745.841296773472","687.9271641953604","73.67496547194912","1.1447391912214941","0.06804485983194875","32","d07f89bf5cc41c4bd92db0f6611a71a2eba9eae89a88327e3e8eeccefa31029b",""
"4","2","0","baseline","eda9ebbaefdf404a3b7fdaa0c3105584d34b2373","38e02ddef01844140e3dfdfdd87733a37d26f59aeef6fcccc67fb13ed19a7d57","vectorPerformance","correlated32","GPSS","2","-2","404175","4000","500","Complete","0.2647127","3.67E-5","0.1457401","0.1189359","0.671875","0.003","265461","4000","645.117038188815","619.6601510130125","111.82974658890811","1.4709232708798055","0.0221888479832677","32","34ba7e81aae421fabb6d7abc8b37fed811e4c6a3b11b225e03c34135c20e5fab",""
"4","2","0","baseline","eda9ebbaefdf404a3b7fdaa0c3105584d34b2373","38e02ddef01844140e3dfdfdd87733a37d26f59aeef6fcccc67fb13ed19a7d57","vectorPerformance","correlated32","GPSS","2","-1","412094","4000","500","Complete","0.2843058","3.01E-5","0.145448001","0.138827699","0.875","0.005","260316","4000","564.5119782236644","553.9746471274595","68.93212740164371","1.6458772028336794","0.06977010736276656","32","0dd72e443f3b53513a682dd3fda3078d30eb3ca1e5546f164ad2b8797a0cc49f",""
"4","2","0","baseline","eda9ebbaefdf404a3b7fdaa0c3105584d34b2373","38e02ddef01844140e3dfdfdd87733a37d26f59aeef6fcccc67fb13ed19a7d57","vectorPerformance","correlated32","GPSS","2","0","420013","4000","500","Complete","0.2717093","2.91E-5","0.1425803","0.1290999","0.515625","0.005","271170","4000","550.788691510793","462.92862585511017","31.898583590051008","1.6153232296497368","0.02539427674995709","32","4e32fd58fd10390b4e797c6902eed30b34036ec3e48184af25c550e5ecd201e4",""
"4","2","0","baseline","eda9ebbaefdf404a3b7fdaa0c3105584d34b2373","38e02ddef01844140e3dfdfdd87733a37d26f59aeef6fcccc67fb13ed19a7d57","vectorPerformance","correlated32","GPSS","2","1","427932","4000","500","Complete","0.2573507","4.32E-5","0.1295083","0.1277992","0.515625","0.004","243643","4000","728.9168563232058","707.6422054588379","37.327199337196575","1.394679319897266","0.014786962883091226","32","6556bc9a5258d4cf10554a8f1be0f66bc02b8dd465a89ab0179fc4a9bce27863",""
"4","2","0","baseline","eda9ebbaefdf404a3b7fdaa0c3105584d34b2373","38e02ddef01844140e3dfdfdd87733a37d26f59aeef6fcccc67fb13ed19a7d57","vectorPerformance","correlated32","GPSS","2","2","435851","4000","500","Complete","0.2622002","2.19E-5","0.1347227","0.1274556","0.859375","0.003","252525","4000","851.515000276373","802.0414367077282","72.65826721585422","1.3443798021720257","0.05441559245735261","32","241b3dbb9e14d1912d29f4167a0d49b5aac92799d098cc4aea7fd189aea591d5",""
"4","2","0","baseline","eda9ebbaefdf404a3b7fdaa0c3105584d34b2373","38e02ddef01844140e3dfdfdd87733a37d26f59aeef6fcccc67fb13ed19a7d57","vectorPerformance","correlated32","GPSS","2","3","443770","4000","500","Complete","0.2605767","2.41E-5","0.132549299","0.128003301","0.515625","0.004","252476","4000","579.6107666912351","519.1606176358861","80.32525737492834","1.1037679615355824","0.05661873010414342","32","e379cb80ecf5804cc22ddf166b2fd12dfc52cf394467b1b6e6cab088cb4ce1a7",""
"4","2","0","baseline","eda9ebbaefdf404a3b7fdaa0c3105584d34b2373","38e02ddef01844140e3dfdfdd87733a37d26f59aeef6fcccc67fb13ed19a7d57","vectorPerformance","correlated32","GPSS","2","4","451689","4000","500","Complete","0.2686645","2.1999E-5","0.144073401","0.1245691","0.53125","0.003","276146","4000","745.841296773472","687.9271641953604","73.67496547194912","1.1447391912214941","0.06804485983194875","32","d07f89bf5cc41c4bd92db0f6611a71a2eba9eae89a88327e3e8eeccefa31029b",""
"4","2","0","baseline","eda9ebbaefdf404a3b7fdaa0c3105584d34b2373","38e02ddef01844140e3dfdfdd87733a37d26f59aeef6fcccc67fb13ed19a7d57","vectorPerformance","correlated32","GPSS","4","-2","404175","4000","500","Complete","0.2031356","3.1599E-5","0.131336701","0.0717673","0.828125","0.004","265461","4000","645.117038188815","619.6601510130125","111.82974658890811","1.4709232708798055","0.0221888479832677","32","34ba7e81aae421fabb6d7abc8b37fed811e4c6a3b11b225e03c34135c20e5fab",""
"4","2","0","baseline","eda9ebbaefdf404a3b7fdaa0c3105584d34b2373","38e02ddef01844140e3dfdfdd87733a37d26f59aeef6fcccc67fb13ed19a7d57","vectorPerformance","correlated32","GPSS","4","-1","412094","4000","500","Complete","0.217945","3.24E-5","0.1456662","0.0722464","0.765625","0.005","260316","4000","564.5119782236644","553.9746471274595","68.93212740164371","1.6458772028336794","0.06977010736276656","32","0dd72e443f3b53513a682dd3fda3078d30eb3ca1e5546f164ad2b8797a0cc49f",""
"4","2","0","baseline","eda9ebbaefdf404a3b7fdaa0c3105584d34b2373","38e02ddef01844140e3dfdfdd87733a37d26f59aeef6fcccc67fb13ed19a7d57","vectorPerformance","correlated32","GPSS","4","0","420013","4000","500","Complete","0.2041017","2.97E-5","0.130882701","0.073189299","0.796875","0.004","271170","4000","550.788691510793","462.92862585511017","31.898583590051008","1.6153232296497368","0.02539427674995709","32","4e32fd58fd10390b4e797c6902eed30b34036ec3e48184af25c550e5ecd201e4",""
"4","2","0","baseline","eda9ebbaefdf404a3b7fdaa0c3105584d34b2373","38e02ddef01844140e3dfdfdd87733a37d26f59aeef6fcccc67fb13ed19a7d57","vectorPerformance","correlated32","GPSS","4","1","427932","4000","500","Complete","0.194665199","2.89E-5","0.1228511","0.071785199","0.796875","0.004","243643","4000","728.9168563232058","707.6422054588379","37.327199337196575","1.394679319897266","0.014786962883091226","32","6556bc9a5258d4cf10554a8f1be0f66bc02b8dd465a89ab0179fc4a9bce27863",""
"4","2","0","baseline","eda9ebbaefdf404a3b7fdaa0c3105584d34b2373","38e02ddef01844140e3dfdfdd87733a37d26f59aeef6fcccc67fb13ed19a7d57","vectorPerformance","correlated32","GPSS","4","2","435851","4000","500","Complete","0.1987989","4.4199E-5","0.122136501","0.0766182","0.796875","0.005","252525","4000","851.515000276373","802.0414367077282","72.65826721585422","1.3443798021720257","0.05441559245735261","32","241b3dbb9e14d1912d29f4167a0d49b5aac92799d098cc4aea7fd189aea591d5",""
"4","2","0","baseline","eda9ebbaefdf404a3b7fdaa0c3105584d34b2373","38e02ddef01844140e3dfdfdd87733a37d26f59aeef6fcccc67fb13ed19a7d57","vectorPerformance","correlated32","GPSS","4","3","443770","4000","500","Complete","0.1929036","2.28E-5","0.124385099","0.068495701","0.71875","0.005","252476","4000","579.6107666912351","519.1606176358861","80.32525737492834","1.1037679615355824","0.05661873010414342","32","e379cb80ecf5804cc22ddf166b2fd12dfc52cf394467b1b6e6cab088cb4ce1a7",""
"4","2","0","baseline","eda9ebbaefdf404a3b7fdaa0c3105584d34b2373","38e02ddef01844140e3dfdfdd87733a37d26f59aeef6fcccc67fb13ed19a7d57","vectorPerformance","correlated32","GPSS","4","4","451689","4000","500","Complete","0.203254399","2.2499E-5","0.134656001","0.068575899","0.8125","0.004","276146","4000","745.841296773472","687.9271641953604","73.67496547194912","1.1447391912214941","0.06804485983194875","32","d07f89bf5cc41c4bd92db0f6611a71a2eba9eae89a88327e3e8eeccefa31029b",""
"4","2","0","baseline","eda9ebbaefdf404a3b7fdaa0c3105584d34b2373","38e02ddef01844140e3dfdfdd87733a37d26f59aeef6fcccc67fb13ed19a7d57","vectorPerformance","correlated32","Quantile","1","-2","404175","4000","500","Complete","1.481427599","2.23E-5","1.235915599","0.2454897","1.84375","0.021","3282856","4000","23.797668269094697","23.991783455481954","49.25430937145106","1.1516283632440742","0.3728865535403717","32","a76e28f6e88c6be3891bdc833beb8d8d0a1740b95f0935a4806e8ab65d3c899c",""
"4","2","0","baseline","eda9ebbaefdf404a3b7fdaa0c3105584d34b2373","38e02ddef01844140e3dfdfdd87733a37d26f59aeef6fcccc67fb13ed19a7d57","vectorPerformance","correlated32","Quantile","1","-1","412094","4000","500","Complete","1.4604921","2.27E-5","1.214661","0.2458084","1.46875","0.018","3230583","4000","31.726513907349148","31.532168002260388","97.16989966673968","1.0798839490509835","0.08306741567350584","32","f9ed8df14134bddcfbb2d40aa6e479cfbaad40e1882750767724d2bc52df3b34",""
"4","2","0","baseline","eda9ebbaefdf404a3b7fdaa0c3105584d34b2373","38e02ddef01844140e3dfdfdd87733a37d26f59aeef6fcccc67fb13ed19a7d57","vectorPerformance","correlated32","Quantile","1","0","420013","4000","500","Complete","1.5207799","2.29E-5","1.2819223","0.2388347","2.1875","0.019","3251733","4000","36.23737925347603","37.074760300245536","94.41153342442881","1.094481746270784","0.006936160462634622","32","70f5117f96cd02d2870b347963ec61f489004b4e752f979286b6bbb78357a72b",""
"4","2","0","baseline","eda9ebbaefdf404a3b7fdaa0c3105584d34b2373","38e02ddef01844140e3dfdfdd87733a37d26f59aeef6fcccc67fb13ed19a7d57","vectorPerformance","correlated32","Quantile","1","1","427932","4000","500","Complete","1.4574448","1.97E-5","1.2155874","0.2418377","1.4375","0.019","3236479","4000","31.801672449893193","32.058114379350506","84.74388663935426","1.0852433257313874","0.03363458703623934","32","9361e774d845e114d77fdb68cfdc974ca4f240b9ee801485b53bd51fdc75e4ee",""
"4","2","0","baseline","eda9ebbaefdf404a3b7fdaa0c3105584d34b2373","38e02ddef01844140e3dfdfdd87733a37d26f59aeef6fcccc67fb13ed19a7d57","vectorPerformance","correlated32","Quantile","1","2","435851","4000","500","Complete","1.4386274","2.0699E-5","1.1889222","0.249684501","2.4375","0.021","3213584","4000","18.827593772089372","19.418977153927276","144.36214774069362","1.1856715933721973","0.22462708158086309","32","be8072aea54a06faab2c2090774614aa1ad4df6564d26d325be8e1037fc3c851",""
"4","2","0","baseline","eda9ebbaefdf404a3b7fdaa0c3105584d34b2373","38e02ddef01844140e3dfdfdd87733a37d26f59aeef6fcccc67fb13ed19a7d57","vectorPerformance","correlated32","Quantile","1","3","443770","4000","500","Complete","1.4801133","2.19E-5","1.2278272","0.2522642","1.5","0.02","3292746","4000","8.551688513959126","8.66542172384507","23.37880092498311","1.3883316083476982","0.08359316129464744","32","3ae74ba297dfc21cabfcf0707b44b409c98d3bd3f9dfc2b6af98aa1fde2b375a",""
"4","2","0","baseline","eda9ebbaefdf404a3b7fdaa0c3105584d34b2373","38e02ddef01844140e3dfdfdd87733a37d26f59aeef6fcccc67fb13ed19a7d57","vectorPerformance","correlated32","Quantile","1","4","451689","4000","500","Complete","1.464186899","2.05E-5","1.2155766","0.248589799","1.796875","0.021","3210555","4000","32.00943946980557","33.91863557210035","93.00550074538009","1.0837128123690845","0.1407722816405288","32","6de2fd21c7960b9d9708ca419e8aba6e1a90d027a2db52b77e66a4a749ca160e",""
"4","2","0","baseline","eda9ebbaefdf404a3b7fdaa0c3105584d34b2373","38e02ddef01844140e3dfdfdd87733a37d26f59aeef6fcccc67fb13ed19a7d57","vectorPerformance","correlated32","Quantile","2","-2","404175","4000","500","Complete","1.0027074","2.0401E-5","0.8727966","0.129890399","1.984375","0.019","3282856","4000","23.797668269094697","23.991783455481954","49.25430937145106","1.1516283632440742","0.3728865535403717","32","a76e28f6e88c6be3891bdc833beb8d8d0a1740b95f0935a4806e8ab65d3c899c",""
"4","2","0","baseline","eda9ebbaefdf404a3b7fdaa0c3105584d34b2373","38e02ddef01844140e3dfdfdd87733a37d26f59aeef6fcccc67fb13ed19a7d57","vectorPerformance","correlated32","Quantile","2","-1","412094","4000","500","Complete","0.9757995","1.88E-5","0.8469936","0.1287871","1.9375","0.019","3230583","4000","31.726513907349148","31.532168002260388","97.16989966673968","1.0798839490509835","0.08306741567350584","32","f9ed8df14134bddcfbb2d40aa6e479cfbaad40e1882750767724d2bc52df3b34",""
"4","2","0","baseline","eda9ebbaefdf404a3b7fdaa0c3105584d34b2373","38e02ddef01844140e3dfdfdd87733a37d26f59aeef6fcccc67fb13ed19a7d57","vectorPerformance","correlated32","Quantile","2","0","420013","4000","500","Complete","0.9738111","2.0901E-5","0.8464006","0.127389599","2.234375","0.018","3251733","4000","36.23737925347603","37.074760300245536","94.41153342442881","1.094481746270784","0.006936160462634622","32","70f5117f96cd02d2870b347963ec61f489004b4e752f979286b6bbb78357a72b",""
"4","2","0","baseline","eda9ebbaefdf404a3b7fdaa0c3105584d34b2373","38e02ddef01844140e3dfdfdd87733a37d26f59aeef6fcccc67fb13ed19a7d57","vectorPerformance","correlated32","Quantile","2","1","427932","4000","500","Complete","0.9826686","2.0799E-5","0.851027701","0.1316201","2.265625","0.018","3236479","4000","31.801672449893193","32.058114379350506","84.74388663935426","1.0852433257313874","0.03363458703623934","32","9361e774d845e114d77fdb68cfdc974ca4f240b9ee801485b53bd51fdc75e4ee",""
"4","2","0","baseline","eda9ebbaefdf404a3b7fdaa0c3105584d34b2373","38e02ddef01844140e3dfdfdd87733a37d26f59aeef6fcccc67fb13ed19a7d57","vectorPerformance","correlated32","Quantile","2","2","435851","4000","500","Complete","0.9673712","2.0899E-5","0.8349891","0.132361201","1.9375","0.018","3213584","4000","18.827593772089372","19.418977153927276","144.36214774069362","1.1856715933721973","0.22462708158086309","32","be8072aea54a06faab2c2090774614aa1ad4df6564d26d325be8e1037fc3c851",""
"4","2","0","baseline","eda9ebbaefdf404a3b7fdaa0c3105584d34b2373","38e02ddef01844140e3dfdfdd87733a37d26f59aeef6fcccc67fb13ed19a7d57","vectorPerformance","correlated32","Quantile","2","3","443770","4000","500","Complete","0.995534399","2.07E-5","0.8581039","0.137409799","1.984375","0.017","3292746","4000","8.551688513959126","8.66542172384507","23.37880092498311","1.3883316083476982","0.08359316129464744","32","3ae74ba297dfc21cabfcf0707b44b409c98d3bd3f9dfc2b6af98aa1fde2b375a",""
"4","2","0","baseline","eda9ebbaefdf404a3b7fdaa0c3105584d34b2373","38e02ddef01844140e3dfdfdd87733a37d26f59aeef6fcccc67fb13ed19a7d57","vectorPerformance","correlated32","Quantile","2","4","451689","4000","500","Complete","0.9730802","2.06E-5","0.8359167","0.1371429","1.984375","0.018","3210555","4000","32.00943946980557","33.91863557210035","93.00550074538009","1.0837128123690845","0.1407722816405288","32","6de2fd21c7960b9d9708ca419e8aba6e1a90d027a2db52b77e66a4a749ca160e",""
"4","2","0","baseline","eda9ebbaefdf404a3b7fdaa0c3105584d34b2373","38e02ddef01844140e3dfdfdd87733a37d26f59aeef6fcccc67fb13ed19a7d57","vectorPerformance","correlated32","Quantile","4","-2","404175","4000","500","Complete","0.8928713","2.12E-5","0.8176277","0.0752224","3.515625","0.018","3282856","4000","23.797668269094697","23.991783455481954","49.25430937145106","1.1516283632440742","0.3728865535403717","32","a76e28f6e88c6be3891bdc833beb8d8d0a1740b95f0935a4806e8ab65d3c899c",""
"4","2","0","baseline","eda9ebbaefdf404a3b7fdaa0c3105584d34b2373","38e02ddef01844140e3dfdfdd87733a37d26f59aeef6fcccc67fb13ed19a7d57","vectorPerformance","correlated32","Quantile","4","-1","412094","4000","500","Complete","0.8941554","3.22E-5","0.8132771","0.0808461","4.078125","0.02","3230583","4000","31.726513907349148","31.532168002260388","97.16989966673968","1.0798839490509835","0.08306741567350584","32","f9ed8df14134bddcfbb2d40aa6e479cfbaad40e1882750767724d2bc52df3b34",""
"4","2","0","baseline","eda9ebbaefdf404a3b7fdaa0c3105584d34b2373","38e02ddef01844140e3dfdfdd87733a37d26f59aeef6fcccc67fb13ed19a7d57","vectorPerformance","correlated32","Quantile","4","0","420013","4000","500","Complete","0.870544999","2.1699E-5","0.7984522","0.0720711","4.0","0.018","3251733","4000","36.23737925347603","37.074760300245536","94.41153342442881","1.094481746270784","0.006936160462634622","32","70f5117f96cd02d2870b347963ec61f489004b4e752f979286b6bbb78357a72b",""
"4","2","0","baseline","eda9ebbaefdf404a3b7fdaa0c3105584d34b2373","38e02ddef01844140e3dfdfdd87733a37d26f59aeef6fcccc67fb13ed19a7d57","vectorPerformance","correlated32","Quantile","4","1","427932","4000","500","Complete","0.872442799","2.13E-5","0.795718699","0.0767028","3.78125","0.019","3236479","4000","31.801672449893193","32.058114379350506","84.74388663935426","1.0852433257313874","0.03363458703623934","32","9361e774d845e114d77fdb68cfdc974ca4f240b9ee801485b53bd51fdc75e4ee",""
"4","2","0","baseline","eda9ebbaefdf404a3b7fdaa0c3105584d34b2373","38e02ddef01844140e3dfdfdd87733a37d26f59aeef6fcccc67fb13ed19a7d57","vectorPerformance","correlated32","Quantile","4","2","435851","4000","500","Complete","0.873755601","1.9501E-5","0.7935046","0.0802315","4.328125","0.019","3213584","4000","18.827593772089372","19.418977153927276","144.36214774069362","1.1856715933721973","0.22462708158086309","32","be8072aea54a06faab2c2090774614aa1ad4df6564d26d325be8e1037fc3c851",""
"4","2","0","baseline","eda9ebbaefdf404a3b7fdaa0c3105584d34b2373","38e02ddef01844140e3dfdfdd87733a37d26f59aeef6fcccc67fb13ed19a7d57","vectorPerformance","correlated32","Quantile","4","3","443770","4000","500","Complete","0.8928163","1.94E-5","0.8122093","0.0805876","3.75","0.018","3292746","4000","8.551688513959126","8.66542172384507","23.37880092498311","1.3883316083476982","0.08359316129464744","32","3ae74ba297dfc21cabfcf0707b44b409c98d3bd3f9dfc2b6af98aa1fde2b375a",""
"4","2","0","baseline","eda9ebbaefdf404a3b7fdaa0c3105584d34b2373","38e02ddef01844140e3dfdfdd87733a37d26f59aeef6fcccc67fb13ed19a7d57","vectorPerformance","correlated32","Quantile","4","4","451689","4000","500","Complete","0.867993501","2.0401E-5","0.788913","0.0790601","4.046875","0.018","3210555","4000","32.00943946980557","33.91863557210035","93.00550074538009","1.0837128123690845","0.1407722816405288","32","6de2fd21c7960b9d9708ca419e8aba6e1a90d027a2db52b77e66a4a749ca160e",""
"4","2","0","baseline","eda9ebbaefdf404a3b7fdaa0c3105584d34b2373","38e02ddef01844140e3dfdfdd87733a37d26f59aeef6fcccc67fb13ed19a7d57","vectorPerformance","gaussian32","GPSS","1","-2","404175","4000","500","Complete","0.3523743","4.54E-5","0.1029775","0.2493514","0.375","0.005","139155","4000","14560.87743232489","14566.888663880416","9030.296419517286","1.0011086994050007","0.013020088729037094","0","f3ae7e88a3469d95a481057ff78725be41612c1e7bdf2f3d1a7c73f5a42981cf",""
"4","2","0","baseline","eda9ebbaefdf404a3b7fdaa0c3105584d34b2373","38e02ddef01844140e3dfdfdd87733a37d26f59aeef6fcccc67fb13ed19a7d57","vectorPerformance","gaussian32","GPSS","1","-1","412094","4000","500","Complete","0.3508362","4.77E-5","0.1015096","0.2492789","0.359375","0.005","138730","4000","14723.327722756223","14738.615855733822","8857.898575485036","1.0012097458367082","0.014860253936955947","0","6d85793e19e5639b0a7430ab942ac98e6519fa4be0fbcee8a8930a2af289299d",""
"4","2","0","baseline","eda9ebbaefdf404a3b7fdaa0c3105584d34b2373","38e02ddef01844140e3dfdfdd87733a37d26f59aeef6fcccc67fb13ed19a7d57","vectorPerformance","gaussian32","GPSS","1","0","420013","4000","500","Complete","0.3477666","4.93E-5","0.1007905","0.2469268","0.34375","0.003","138723","4000","14789.309502344258","14770.299991933614","8878.031772176253","1.0012114173589253","0.02042856356087519","0","fb030bc811389f4cc0c40b053f280c25c0c5e58babb6d5eb761947efb8511783",""
"4","2","0","baseline","eda9ebbaefdf404a3b7fdaa0c3105584d34b2373","38e02ddef01844140e3dfdfdd87733a37d26f59aeef6fcccc67fb13ed19a7d57","vectorPerformance","gaussian32","GPSS","1","1","427932","4000","500","Complete","0.350482901","3.7401E-5","0.1030499","0.2473956","0.375","0.004","138788","4000","15028.158264845573","15037.33690560915","9075.6220980371","1.0011653829278853","0.016607695975976222","0","3d0bccbf5e695e5e8a5d89fa29a1a353b231a8693474ffa5e1944f58eee51881",""
"4","2","0","baseline","eda9ebbaefdf404a3b7fdaa0c3105584d34b2373","38e02ddef01844140e3dfdfdd87733a37d26f59aeef6fcccc67fb13ed19a7d57","vectorPerformance","gaussian32","GPSS","1","2","435851","4000","500","Complete","0.3477524","3.46E-5","0.103737899","0.243979901","0.359375","0.002","138703","4000","14933.892470949851","14950.607747787408","8635.192267898514","1.001735370997425","0.021490044822388643","0","603bdfe20f551e62d9c5fbc68e896eb978d3c40134ec7e7cbc17b062760b5957",""
"4","2","0","baseline","eda9ebbaefdf404a3b7fdaa0c3105584d34b2373","38e02ddef01844140e3dfdfdd87733a37d26f59aeef6fcccc67fb13ed19a7d57","vectorPerformance","gaussian32","GPSS","1","3","443770","4000","500","Complete","0.349914801","3.4001E-5","0.1024888","0.247392","0.6875","0.005","138777","4000","15223.671841621832","15221.605805391002","9210.378340418303","1.0015395267295784","0.016172276604625724","0","2ead94f9fc645301334f7309cfcc4f5b6e54cfdca48deed2f7e56fe38456b29a",""
"4","2","0","baseline","eda9ebbaefdf404a3b7fdaa0c3105584d34b2373","38e02ddef01844140e3dfdfdd87733a37d26f59aeef6fcccc67fb13ed19a7d57","vectorPerformance","gaussian32","GPSS","1","4","451689","4000","500","Complete","0.3514518","3.56E-5","0.104402099","0.247014101","0.359375","0.002","138750","4000","14345.553258947568","14342.778169951296","8945.28266108745","1.0011866456042022","0.01864774016529802","0","d4278b864a0c0454d1730a6de2433aebfa0ebf5de90d82ef8563be3b95ce2d1a",""
"4","2","0","baseline","eda9ebbaefdf404a3b7fdaa0c3105584d34b2373","38e02ddef01844140e3dfdfdd87733a37d26f59aeef6fcccc67fb13ed19a7d57","vectorPerformance","gaussian32","GPSS","2","-2","404175","4000","500","Complete","0.196056301","8.0201E-5","0.0653484","0.1306277","0.421875","0.002","139155","4000","14560.87743232489","14566.888663880416","9030.296419517286","1.0011086994050007","0.013020088729037094","0","f3ae7e88a3469d95a481057ff78725be41612c1e7bdf2f3d1a7c73f5a42981cf",""
"4","2","0","baseline","eda9ebbaefdf404a3b7fdaa0c3105584d34b2373","38e02ddef01844140e3dfdfdd87733a37d26f59aeef6fcccc67fb13ed19a7d57","vectorPerformance","gaussian32","GPSS","2","-1","412094","4000","500","Complete","0.193131301","4.59E-5","0.065094401","0.127991","0.421875","0.003","138730","4000","14723.327722756223","14738.615855733822","8857.898575485036","1.0012097458367082","0.014860253936955947","0","6d85793e19e5639b0a7430ab942ac98e6519fa4be0fbcee8a8930a2af289299d",""
"4","2","0","baseline","eda9ebbaefdf404a3b7fdaa0c3105584d34b2373","38e02ddef01844140e3dfdfdd87733a37d26f59aeef6fcccc67fb13ed19a7d57","vectorPerformance","gaussian32","GPSS","2","0","420013","4000","500","Complete","0.195951099","3.68E-5","0.0652695","0.130644799","0.625","0.005","138723","4000","14789.309502344258","14770.299991933614","8878.031772176253","1.0012114173589253","0.02042856356087519","0","fb030bc811389f4cc0c40b053f280c25c0c5e58babb6d5eb761947efb8511783",""
"4","2","0","baseline","eda9ebbaefdf404a3b7fdaa0c3105584d34b2373","38e02ddef01844140e3dfdfdd87733a37d26f59aeef6fcccc67fb13ed19a7d57","vectorPerformance","gaussian32","GPSS","2","1","427932","4000","500","Complete","0.195073601","3.4201E-5","0.0629141","0.1321253","0.375","0.004","138788","4000","15028.158264845573","15037.33690560915","9075.6220980371","1.0011653829278853","0.016607695975976222","0","3d0bccbf5e695e5e8a5d89fa29a1a353b231a8693474ffa5e1944f58eee51881",""
"4","2","0","baseline","eda9ebbaefdf404a3b7fdaa0c3105584d34b2373","38e02ddef01844140e3dfdfdd87733a37d26f59aeef6fcccc67fb13ed19a7d57","vectorPerformance","gaussian32","GPSS","2","2","435851","4000","500","Complete","0.1954909","3.48E-5","0.064316","0.1311401","0.40625","0.004","138703","4000","14933.892470949851","14950.607747787408","8635.192267898514","1.001735370997425","0.021490044822388643","0","603bdfe20f551e62d9c5fbc68e896eb978d3c40134ec7e7cbc17b062760b5957",""
"4","2","0","baseline","eda9ebbaefdf404a3b7fdaa0c3105584d34b2373","38e02ddef01844140e3dfdfdd87733a37d26f59aeef6fcccc67fb13ed19a7d57","vectorPerformance","gaussian32","GPSS","2","3","443770","4000","500","Complete","0.197613799","3.48E-5","0.0641047","0.133474299","0.375","0.003","138777","4000","15223.671841621832","15221.605805391002","9210.378340418303","1.0015395267295784","0.016172276604625724","0","2ead94f9fc645301334f7309cfcc4f5b6e54cfdca48deed2f7e56fe38456b29a",""
"4","2","0","baseline","eda9ebbaefdf404a3b7fdaa0c3105584d34b2373","38e02ddef01844140e3dfdfdd87733a37d26f59aeef6fcccc67fb13ed19a7d57","vectorPerformance","gaussian32","GPSS","2","4","451689","4000","500","Complete","0.190880199","4.64E-5","0.0659678","0.124865999","0.40625","0.002","138750","4000","14345.553258947568","14342.778169951296","8945.28266108745","1.0011866456042022","0.01864774016529802","0","d4278b864a0c0454d1730a6de2433aebfa0ebf5de90d82ef8563be3b95ce2d1a",""
"4","2","0","baseline","eda9ebbaefdf404a3b7fdaa0c3105584d34b2373","38e02ddef01844140e3dfdfdd87733a37d26f59aeef6fcccc67fb13ed19a7d57","vectorPerformance","gaussian32","GPSS","4","-2","404175","4000","500","Complete","0.1306032","4.57E-5","0.059817","0.0707405","0.796875","0.003","139155","4000","14560.87743232489","14566.888663880416","9030.296419517286","1.0011086994050007","0.013020088729037094","0","f3ae7e88a3469d95a481057ff78725be41612c1e7bdf2f3d1a7c73f5a42981cf",""
"4","2","0","baseline","eda9ebbaefdf404a3b7fdaa0c3105584d34b2373","38e02ddef01844140e3dfdfdd87733a37d26f59aeef6fcccc67fb13ed19a7d57","vectorPerformance","gaussian32","GPSS","4","-1","412094","4000","500","Complete","0.1305243","7.4399E-5","0.059284101","0.0711658","0.5","0.002","138730","4000","14723.327722756223","14738.615855733822","8857.898575485036","1.0012097458367082","0.014860253936955947","0","6d85793e19e5639b0a7430ab942ac98e6519fa4be0fbcee8a8930a2af289299d",""
"4","2","0","baseline","eda9ebbaefdf404a3b7fdaa0c3105584d34b2373","38e02ddef01844140e3dfdfdd87733a37d26f59aeef6fcccc67fb13ed19a7d57","vectorPerformance","gaussian32","GPSS","4","0","420013","4000","500","Complete","0.1296924","3.5999E-5","0.060090901","0.0695655","0.875","0.002","138723","4000","14789.309502344258","14770.299991933614","8878.031772176253","1.0012114173589253","0.02042856356087519","0","fb030bc811389f4cc0c40b053f280c25c0c5e58babb6d5eb761947efb8511783",""
"4","2","0","baseline","eda9ebbaefdf404a3b7fdaa0c3105584d34b2373","38e02ddef01844140e3dfdfdd87733a37d26f59aeef6fcccc67fb13ed19a7d57","vectorPerformance","gaussian32","GPSS","4","1","427932","4000","500","Complete","0.1326521","3.48E-5","0.0600524","0.0725649","0.515625","0.002","138788","4000","15028.158264845573","15037.33690560915","9075.6220980371","1.0011653829278853","0.016607695975976222","0","3d0bccbf5e695e5e8a5d89fa29a1a353b231a8693474ffa5e1944f58eee51881",""
"4","2","0","baseline","eda9ebbaefdf404a3b7fdaa0c3105584d34b2373","38e02ddef01844140e3dfdfdd87733a37d26f59aeef6fcccc67fb13ed19a7d57","vectorPerformance","gaussian32","GPSS","4","2","435851","4000","500","Complete","0.1329192","3.55E-5","0.0590653","0.0738184","0.53125","0.004","138703","4000","14933.892470949851","14950.607747787408","8635.192267898514","1.001735370997425","0.021490044822388643","0","603bdfe20f551e62d9c5fbc68e896eb978d3c40134ec7e7cbc17b062760b5957",""
"4","2","0","baseline","eda9ebbaefdf404a3b7fdaa0c3105584d34b2373","38e02ddef01844140e3dfdfdd87733a37d26f59aeef6fcccc67fb13ed19a7d57","vectorPerformance","gaussian32","GPSS","4","3","443770","4000","500","Complete","0.130526201","3.8901E-5","0.059373399","0.071113901","0.8125","0.003","138777","4000","15223.671841621832","15221.605805391002","9210.378340418303","1.0015395267295784","0.016172276604625724","0","2ead94f9fc645301334f7309cfcc4f5b6e54cfdca48deed2f7e56fe38456b29a",""
"4","2","0","baseline","eda9ebbaefdf404a3b7fdaa0c3105584d34b2373","38e02ddef01844140e3dfdfdd87733a37d26f59aeef6fcccc67fb13ed19a7d57","vectorPerformance","gaussian32","GPSS","4","4","451689","4000","500","Complete","0.1325836","3.77E-5","0.0579715","0.0745744","0.5","0.004","138750","4000","14345.553258947568","14342.778169951296","8945.28266108745","1.0011866456042022","0.01864774016529802","0","d4278b864a0c0454d1730a6de2433aebfa0ebf5de90d82ef8563be3b95ce2d1a",""
"4","2","0","baseline","eda9ebbaefdf404a3b7fdaa0c3105584d34b2373","38e02ddef01844140e3dfdfdd87733a37d26f59aeef6fcccc67fb13ed19a7d57","vectorPerformance","gaussian32","Quantile","1","-2","404175","4000","500","Complete","0.6440441","2.95E-5","0.3976847","0.2463299","1.0","0.009","1753214","4000","15219.008327321226","15213.744919585897","12194.607218487616","1.0007110848254097","0.01623649007724448","0","cecc6b4fda00565adaade6079bd9a81eec1cb5425a7364f3a4652f8f1fe688e7",""
"4","2","0","baseline","eda9ebbaefdf404a3b7fdaa0c3105584d34b2373","38e02ddef01844140e3dfdfdd87733a37d26f59aeef6fcccc67fb13ed19a7d57","vectorPerformance","gaussian32","Quantile","1","-1","412094","4000","500","Complete","0.641487501","2.83E-5","0.392206701","0.2492525","0.765625","0.013","1754500","4000","14374.340793710559","14390.679914776822","12593.727427588436","1.0005481375625007","0.020322296447435884","0","710b12b4b32c1d00e33cda313ee3aca4afb06968f65bf5b1d672fd6109f4f43f",""
"4","2","0","baseline","eda9ebbaefdf404a3b7fdaa0c3105584d34b2373","38e02ddef01844140e3dfdfdd87733a37d26f59aeef6fcccc67fb13ed19a7d57","vectorPerformance","gaussian32","Quantile","1","0","420013","4000","500","Complete","0.6385876","2.92E-5","0.3931783","0.2453801","0.953125","0.011","1751135","4000","14804.415700401843","14796.384417892554","11674.348877600554","1.0004842070731996","0.017149474216242355","0","7163a65543816d08a23c844d2762c1967e2f734b4748129ec7bdf89e140df8b4",""
"4","2","0","baseline","eda9ebbaefdf404a3b7fdaa0c3105584d34b2373","38e02ddef01844140e3dfdfdd87733a37d26f59aeef6fcccc67fb13ed19a7d57","vectorPerformance","gaussian32","Quantile","1","1","427932","4000","500","Complete","0.6418992","2.67E-5","0.395746","0.2461265","0.65625","0.011","1751119","4000","15119.429112419593","15129.482098788952","12424.352542458728","1.000588248721186","0.024238503591598903","0","e468486f9c3bce272356b47328af805b6315b0ce0dcec0ba389ad1cc6e773090",""
"4","2","0","baseline","eda9ebbaefdf404a3b7fdaa0c3105584d34b2373","38e02ddef01844140e3dfdfdd87733a37d26f59aeef6fcccc67fb13ed19a7d57","vectorPerformance","gaussian32","Quantile","1","2","435851","4000","500","Complete","0.643215","3.08E-5","0.3965924","0.2465918","1.34375","0.01","1754043","4000","14654.09636813213","14648.796726473445","11630.775114295944","1.0006045524861327","0.019982935899345466","0","f17849dd0d6937ddb28ce5136301623e9a5b8e9dd4ad54fb96a198cfdc5f0c6a",""
"4","2","0","baseline","eda9ebbaefdf404a3b7fdaa0c3105584d34b2373","38e02ddef01844140e3dfdfdd87733a37d26f59aeef6fcccc67fb13ed19a7d57","vectorPerformance","gaussian32","Quantile","1","3","443770","4000","500","Complete","0.642952199","2.81E-5","0.3949858","0.247938299","0.984375","0.008","1754067","4000","14670.955292689816","14672.094230083088","12113.52110906072","1.0003997605716526","0.012117200485737945","0","8d191d73493e7fb3ede8cea18ccac7e017f7700706ef9c9f8b699e07b2804d14",""
"4","2","0","baseline","eda9ebbaefdf404a3b7fdaa0c3105584d34b2373","38e02ddef01844140e3dfdfdd87733a37d26f59aeef6fcccc67fb13ed19a7d57","vectorPerformance","gaussian32","Quantile","1","4","451689","4000","500","Complete","0.6428747","2.84E-5","0.3986748","0.2441715","1.0","0.008","1751661","4000","14424.859583462046","14417.997752939862","12128.296452895833","1.0007982696988702","0.02835365482901797","0","b8ea3b62393883b214271958061a644368686dc583e5f2e33e5eafdc7a65f17e",""
"4","2","0","baseline","eda9ebbaefdf404a3b7fdaa0c3105584d34b2373","38e02ddef01844140e3dfdfdd87733a37d26f59aeef6fcccc67fb13ed19a7d57","vectorPerformance","gaussian32","Quantile","2","-2","404175","4000","500","Complete","0.444892199","3.6299E-5","0.315014701","0.129841199","0.859375","0.011","1753214","4000","15219.008327321226","15213.744919585897","12194.607218487616","1.0007110848254097","0.01623649007724448","0","cecc6b4fda00565adaade6079bd9a81eec1cb5425a7364f3a4652f8f1fe688e7",""
"4","2","0","baseline","eda9ebbaefdf404a3b7fdaa0c3105584d34b2373","38e02ddef01844140e3dfdfdd87733a37d26f59aeef6fcccc67fb13ed19a7d57","vectorPerformance","gaussian32","Quantile","2","-1","412094","4000","500","Complete","0.437352199","2.63E-5","0.3095876","0.127738299","1.03125","0.01","1754500","4000","14374.340793710559","14390.679914776822","12593.727427588436","1.0005481375625007","0.020322296447435884","0","710b12b4b32c1d00e33cda313ee3aca4afb06968f65bf5b1d672fd6109f4f43f",""
"4","2","0","baseline","eda9ebbaefdf404a3b7fdaa0c3105584d34b2373","38e02ddef01844140e3dfdfdd87733a37d26f59aeef6fcccc67fb13ed19a7d57","vectorPerformance","gaussian32","Quantile","2","0","420013","4000","500","Complete","0.4382813","2.94E-5","0.313185099","0.125066801","1.21875","0.011","1751135","4000","14804.415700401843","14796.384417892554","11674.348877600554","1.0004842070731996","0.017149474216242355","0","7163a65543816d08a23c844d2762c1967e2f734b4748129ec7bdf89e140df8b4",""
"4","2","0","baseline","eda9ebbaefdf404a3b7fdaa0c3105584d34b2373","38e02ddef01844140e3dfdfdd87733a37d26f59aeef6fcccc67fb13ed19a7d57","vectorPerformance","gaussian32","Quantile","2","1","427932","4000","500","Complete","0.4372902","4.0999E-5","0.306673001","0.1305762","1.203125","0.012","1751119","4000","15119.429112419593","15129.482098788952","12424.352542458728","1.000588248721186","0.024238503591598903","0","e468486f9c3bce272356b47328af805b6315b0ce0dcec0ba389ad1cc6e773090",""
"4","2","0","baseline","eda9ebbaefdf404a3b7fdaa0c3105584d34b2373","38e02ddef01844140e3dfdfdd87733a37d26f59aeef6fcccc67fb13ed19a7d57","vectorPerformance","gaussian32","Quantile","2","2","435851","4000","500","Complete","0.4381713","2.75E-5","0.3122406","0.1259032","0.859375","0.012","1754043","4000","14654.09636813213","14648.796726473445","11630.775114295944","1.0006045524861327","0.019982935899345466","0","f17849dd0d6937ddb28ce5136301623e9a5b8e9dd4ad54fb96a198cfdc5f0c6a",""
"4","2","0","baseline","eda9ebbaefdf404a3b7fdaa0c3105584d34b2373","38e02ddef01844140e3dfdfdd87733a37d26f59aeef6fcccc67fb13ed19a7d57","vectorPerformance","gaussian32","Quantile","2","3","443770","4000","500","Complete","0.4501126","2.6901E-5","0.3162403","0.133845399","0.90625","0.011","1754067","4000","14670.955292689816","14672.094230083088","12113.52110906072","1.0003997605716526","0.012117200485737945","0","8d191d73493e7fb3ede8cea18ccac7e017f7700706ef9c9f8b699e07b2804d14",""
"4","2","0","baseline","eda9ebbaefdf404a3b7fdaa0c3105584d34b2373","38e02ddef01844140e3dfdfdd87733a37d26f59aeef6fcccc67fb13ed19a7d57","vectorPerformance","gaussian32","Quantile","2","4","451689","4000","500","Complete","0.4307875","4.55E-5","0.303195701","0.127546299","0.859375","0.01","1751661","4000","14424.859583462046","14417.997752939862","12128.296452895833","1.0007982696988702","0.02835365482901797","0","b8ea3b62393883b214271958061a644368686dc583e5f2e33e5eafdc7a65f17e",""
"4","2","0","baseline","eda9ebbaefdf404a3b7fdaa0c3105584d34b2373","38e02ddef01844140e3dfdfdd87733a37d26f59aeef6fcccc67fb13ed19a7d57","vectorPerformance","gaussian32","Quantile","4","-2","404175","4000","500","Complete","0.375297699","5.98E-5","0.3042492","0.070988699","1.703125","0.01","1753214","4000","15219.008327321226","15213.744919585897","12194.607218487616","1.0007110848254097","0.01623649007724448","0","cecc6b4fda00565adaade6079bd9a81eec1cb5425a7364f3a4652f8f1fe688e7",""
"4","2","0","baseline","eda9ebbaefdf404a3b7fdaa0c3105584d34b2373","38e02ddef01844140e3dfdfdd87733a37d26f59aeef6fcccc67fb13ed19a7d57","vectorPerformance","gaussian32","Quantile","4","-1","412094","4000","500","Complete","0.3774541","2.59E-5","0.3034781","0.0739501","1.796875","0.011","1754500","4000","14374.340793710559","14390.679914776822","12593.727427588436","1.0005481375625007","0.020322296447435884","0","710b12b4b32c1d00e33cda313ee3aca4afb06968f65bf5b1d672fd6109f4f43f",""
"4","2","0","baseline","eda9ebbaefdf404a3b7fdaa0c3105584d34b2373","38e02ddef01844140e3dfdfdd87733a37d26f59aeef6fcccc67fb13ed19a7d57","vectorPerformance","gaussian32","Quantile","4","0","420013","4000","500","Complete","0.3753535","3.11E-5","0.3047314","0.070591","1.796875","0.011","1751135","4000","14804.415700401843","14796.384417892554","11674.348877600554","1.0004842070731996","0.017149474216242355","0","7163a65543816d08a23c844d2762c1967e2f734b4748129ec7bdf89e140df8b4",""
"4","2","0","baseline","eda9ebbaefdf404a3b7fdaa0c3105584d34b2373","38e02ddef01844140e3dfdfdd87733a37d26f59aeef6fcccc67fb13ed19a7d57","vectorPerformance","gaussian32","Quantile","4","1","427932","4000","500","Complete","0.3738331","5.11E-5","0.302397699","0.071384301","1.796875","0.009","1751119","4000","15119.429112419593","15129.482098788952","12424.352542458728","1.000588248721186","0.024238503591598903","0","e468486f9c3bce272356b47328af805b6315b0ce0dcec0ba389ad1cc6e773090",""
"4","2","0","baseline","eda9ebbaefdf404a3b7fdaa0c3105584d34b2373","38e02ddef01844140e3dfdfdd87733a37d26f59aeef6fcccc67fb13ed19a7d57","vectorPerformance","gaussian32","Quantile","4","2","435851","4000","500","Complete","0.3792693","2.69E-5","0.3022786","0.0769638","2.078125","0.012","1754043","4000","14654.09636813213","14648.796726473445","11630.775114295944","1.0006045524861327","0.019982935899345466","0","f17849dd0d6937ddb28ce5136301623e9a5b8e9dd4ad54fb96a198cfdc5f0c6a",""
"4","2","0","baseline","eda9ebbaefdf404a3b7fdaa0c3105584d34b2373","38e02ddef01844140e3dfdfdd87733a37d26f59aeef6fcccc67fb13ed19a7d57","vectorPerformance","gaussian32","Quantile","4","3","443770","4000","500","Complete","0.3781681","2.64E-5","0.3080429","0.0700988","1.53125","0.011","1754067","4000","14670.955292689816","14672.094230083088","12113.52110906072","1.0003997605716526","0.012117200485737945","0","8d191d73493e7fb3ede8cea18ccac7e017f7700706ef9c9f8b699e07b2804d14",""
"4","2","0","baseline","eda9ebbaefdf404a3b7fdaa0c3105584d34b2373","38e02ddef01844140e3dfdfdd87733a37d26f59aeef6fcccc67fb13ed19a7d57","vectorPerformance","gaussian32","Quantile","4","4","451689","4000","500","Complete","0.3799522","2.79E-5","0.304130999","0.075793301","1.5","0.011","1751661","4000","14424.859583462046","14417.997752939862","12128.296452895833","1.0007982696988702","0.02835365482901797","0","b8ea3b62393883b214271958061a644368686dc583e5f2e33e5eafdc7a65f17e",""
"4","2","0","baseline","eda9ebbaefdf404a3b7fdaa0c3105584d34b2373","38e02ddef01844140e3dfdfdd87733a37d26f59aeef6fcccc67fb13ed19a7d57","vectorPerformance","gaussian8","GPSS","1","-2","404175","4000","500","Complete","0.1255868","5.34E-5","0.0563898","0.0691436","0.203125","0.002","138018","4000","15549.340111147894","15536.369070524215","11710.881022750353","1.000693382204123","0.020280809809882006","0","e7f255a3304bc6df3dfbc4384cc42f0a14e097b21ea85d7dfdd0891304dccc86",""
"4","2","0","baseline","eda9ebbaefdf404a3b7fdaa0c3105584d34b2373","38e02ddef01844140e3dfdfdd87733a37d26f59aeef6fcccc67fb13ed19a7d57","vectorPerformance","gaussian8","GPSS","1","-1","412094","4000","500","Complete","0.1043451","9.4601E-5","0.0356922","0.068558299","0.171875","0.003","138132","4000","15263.81484653245","15291.911844531342","11216.22139798599","1.0004803178957116","0.014392603577789376","0","e114ddce1fe3e8b5caed48fc0365aca0d32bd35e94363aa001d7324d00935224",""
"4","2","0","baseline","eda9ebbaefdf404a3b7fdaa0c3105584d34b2373","38e02ddef01844140e3dfdfdd87733a37d26f59aeef6fcccc67fb13ed19a7d57","vectorPerformance","gaussian8","GPSS","1","0","420013","4000","500","Complete","0.0951712","5.7401E-5","0.028151299","0.0669625","0.109375","0.002","138323","4000","15080.473776226881","15096.77911576306","11062.432005908491","1.0006149641210862","0.012458863431772271","0","2a91e22981ec396c3eca9414af3d6ac63570dc29437cdd4bdc3eb6a8db475fa2",""
"4","2","0","baseline","eda9ebbaefdf404a3b7fdaa0c3105584d34b2373","38e02ddef01844140e3dfdfdd87733a37d26f59aeef6fcccc67fb13ed19a7d57","vectorPerformance","gaussian8","GPSS","1","1","427932","4000","500","Complete","0.0952618","3.8601E-5","0.0264059","0.068817299","0.125","0.0","138154","4000","15134.6012276361","15136.078376941558","11308.922646882544","1.0009404579967858","0.013454526579750548","0","045e36a427e6332b3973cb5a7bed2c41034d4baa3241673dfea554f81e693a14",""
"4","2","0","baseline","eda9ebbaefdf404a3b7fdaa0c3105584d34b2373","38e02ddef01844140e3dfdfdd87733a37d26f59aeef6fcccc67fb13ed19a7d57","vectorPerformance","gaussian8","GPSS","1","2","435851","4000","500","Complete","0.093171599","4.11E-5","0.0280262","0.065104299","0.09375","0.002","137988","4000","14363.080320209516","14344.664435137216","11161.859788330772","1.0004963309089212","0.01645570173683253","0","282eaef783cfb8138f0fbaa41141a7646474130935f10820d7fcdc9d6a1e24c0",""
"4","2","0","baseline","eda9ebbaefdf404a3b7fdaa0c3105584d34b2373","38e02ddef01844140e3dfdfdd87733a37d26f59aeef6fcccc67fb13ed19a7d57","vectorPerformance","gaussian8","GPSS","1","3","443770","4000","500","Complete","0.0933371","3.7199E-5","0.0259769","0.067323001","0.109375","0.002","138055","4000","15045.50132933249","15019.431343943274","10767.592734371476","1.0010260647907836","0.018113200227977133","0","6f88cd3290902ed4688e28521e20205fca8afb18c6e4fe2e6e0de9c4e7e0a62c",""
"4","2","0","baseline","eda9ebbaefdf404a3b7fdaa0c3105584d34b2373","38e02ddef01844140e3dfdfdd87733a37d26f59aeef6fcccc67fb13ed19a7d57","vectorPerformance","gaussian8","GPSS","1","4","451689","4000","500","Complete","0.0983527","5.14E-5","0.028086799","0.070214501","0.546875","0.002","138188","4000","15603.053005275411","15621.61943123139","10677.483456214122","1.0007920020096437","0.014172913039023793","0","3703a943973521b658002c1d1edb8b4dcddac3550850573cac7499aba83dbaac",""
"4","2","0","baseline","eda9ebbaefdf404a3b7fdaa0c3105584d34b2373","38e02ddef01844140e3dfdfdd87733a37d26f59aeef6fcccc67fb13ed19a7d57","vectorPerformance","gaussian8","GPSS","2","-2","404175","4000","500","Complete","0.2336344","0.0060206","0.0833227","0.1442911","1.28125","0.003","138018","4000","15549.340111147894","15536.369070524215","11710.881022750353","1.000693382204123","0.020280809809882006","0","e7f255a3304bc6df3dfbc4384cc42f0a14e097b21ea85d7dfdd0891304dccc86",""
"4","2","0","baseline","eda9ebbaefdf404a3b7fdaa0c3105584d34b2373","38e02ddef01844140e3dfdfdd87733a37d26f59aeef6fcccc67fb13ed19a7d57","vectorPerformance","gaussian8","GPSS","2","-1","412094","4000","500","Complete","0.0562489","5.04E-5","0.0181518","0.0380467","0.109375","0.0","138132","4000","15263.81484653245","15291.911844531342","11216.22139798599","1.0004803178957116","0.014392603577789376","0","e114ddce1fe3e8b5caed48fc0365aca0d32bd35e94363aa001d7324d00935224",""
"4","2","0","baseline","eda9ebbaefdf404a3b7fdaa0c3105584d34b2373","38e02ddef01844140e3dfdfdd87733a37d26f59aeef6fcccc67fb13ed19a7d57","vectorPerformance","gaussian8","GPSS","2","0","420013","4000","500","Complete","0.053904899","6.6E-5","0.017146199","0.0366927","0.125","0.0","138323","4000","15080.473776226881","15096.77911576306","11062.432005908491","1.0006149641210862","0.012458863431772271","0","2a91e22981ec396c3eca9414af3d6ac63570dc29437cdd4bdc3eb6a8db475fa2",""
"4","2","0","baseline","eda9ebbaefdf404a3b7fdaa0c3105584d34b2373","38e02ddef01844140e3dfdfdd87733a37d26f59aeef6fcccc67fb13ed19a7d57","vectorPerformance","gaussian8","GPSS","2","1","427932","4000","500","Complete","0.0546743","3.84E-5","0.0184554","0.0361805","0.125","0.001","138154","4000","15134.6012276361","15136.078376941558","11308.922646882544","1.0009404579967858","0.013454526579750548","0","045e36a427e6332b3973cb5a7bed2c41034d4baa3241673dfea554f81e693a14",""
"4","2","0","baseline","eda9ebbaefdf404a3b7fdaa0c3105584d34b2373","38e02ddef01844140e3dfdfdd87733a37d26f59aeef6fcccc67fb13ed19a7d57","vectorPerformance","gaussian8","GPSS","2","2","435851","4000","500","Complete","0.0538964","4.78E-5","0.017219199","0.036629401","0.109375","0.0","137988","4000","14363.080320209516","14344.664435137216","11161.859788330772","1.0004963309089212","0.01645570173683253","0","282eaef783cfb8138f0fbaa41141a7646474130935f10820d7fcdc9d6a1e24c0",""
"4","2","0","baseline","eda9ebbaefdf404a3b7fdaa0c3105584d34b2373","38e02ddef01844140e3dfdfdd87733a37d26f59aeef6fcccc67fb13ed19a7d57","vectorPerformance","gaussian8","GPSS","2","3","443770","4000","500","Complete","0.054526999","4.41E-5","0.017130999","0.0373519","0.140625","0.0","138055","4000","15045.50132933249","15019.431343943274","10767.592734371476","1.0010260647907836","0.018113200227977133","0","6f88cd3290902ed4688e28521e20205fca8afb18c6e4fe2e6e0de9c4e7e0a62c",""
"4","2","0","baseline","eda9ebbaefdf404a3b7fdaa0c3105584d34b2373","38e02ddef01844140e3dfdfdd87733a37d26f59aeef6fcccc67fb13ed19a7d57","vectorPerformance","gaussian8","GPSS","2","4","451689","4000","500","Complete","0.0541877","3.67E-5","0.0170041","0.0371469","0.109375","0.0","138188","4000","15603.053005275411","15621.61943123139","10677.483456214122","1.0007920020096437","0.014172913039023793","0","3703a943973521b658002c1d1edb8b4dcddac3550850573cac7499aba83dbaac",""
"4","2","0","baseline","eda9ebbaefdf404a3b7fdaa0c3105584d34b2373","38e02ddef01844140e3dfdfdd87733a37d26f59aeef6fcccc67fb13ed19a7d57","vectorPerformance","gaussian8","GPSS","4","-2","404175","4000","500","Complete","0.0494593","1.005E-4","0.0223622","0.0269966","0.390625","0.0","138018","4000","15549.340111147894","15536.369070524215","11710.881022750353","1.000693382204123","0.020280809809882006","0","e7f255a3304bc6df3dfbc4384cc42f0a14e097b21ea85d7dfdd0891304dccc86",""
"4","2","0","baseline","eda9ebbaefdf404a3b7fdaa0c3105584d34b2373","38e02ddef01844140e3dfdfdd87733a37d26f59aeef6fcccc67fb13ed19a7d57","vectorPerformance","gaussian8","GPSS","4","-1","412094","4000","500","Complete","0.0403766","1.09E-4","0.017394","0.0228736","0.203125","0.0","138132","4000","15263.81484653245","15291.911844531342","11216.22139798599","1.0004803178957116","0.014392603577789376","0","e114ddce1fe3e8b5caed48fc0365aca0d32bd35e94363aa001d7324d00935224",""
"4","2","0","baseline","eda9ebbaefdf404a3b7fdaa0c3105584d34b2373","38e02ddef01844140e3dfdfdd87733a37d26f59aeef6fcccc67fb13ed19a7d57","vectorPerformance","gaussian8","GPSS","4","0","420013","4000","500","Complete","0.0431066","4.6E-5","0.0170851","0.0259755","0.484375","0.003","138323","4000","15080.473776226881","15096.77911576306","11062.432005908491","1.0006149641210862","0.012458863431772271","0","2a91e22981ec396c3eca9414af3d6ac63570dc29437cdd4bdc3eb6a8db475fa2",""
"4","2","0","baseline","eda9ebbaefdf404a3b7fdaa0c3105584d34b2373","38e02ddef01844140e3dfdfdd87733a37d26f59aeef6fcccc67fb13ed19a7d57","vectorPerformance","gaussian8","GPSS","4","1","427932","4000","500","Complete","0.039912501","1.534E-4","0.017025101","0.022734","0.203125","0.0","138154","4000","15134.6012276361","15136.078376941558","11308.922646882544","1.0009404579967858","0.013454526579750548","0","045e36a427e6332b3973cb5a7bed2c41034d4baa3241673dfea554f81e693a14",""
"4","2","0","baseline","eda9ebbaefdf404a3b7fdaa0c3105584d34b2373","38e02ddef01844140e3dfdfdd87733a37d26f59aeef6fcccc67fb13ed19a7d57","vectorPerformance","gaussian8","GPSS","4","2","435851","4000","500","Complete","0.0402286","4.08E-5","0.0166047","0.0235831","0.140625","0.0","137988","4000","14363.080320209516","14344.664435137216","11161.859788330772","1.0004963309089212","0.01645570173683253","0","282eaef783cfb8138f0fbaa41141a7646474130935f10820d7fcdc9d6a1e24c0",""
"4","2","0","baseline","eda9ebbaefdf404a3b7fdaa0c3105584d34b2373","38e02ddef01844140e3dfdfdd87733a37d26f59aeef6fcccc67fb13ed19a7d57","vectorPerformance","gaussian8","GPSS","4","3","443770","4000","500","Complete","0.0399875","3.76E-5","0.0194544","0.0204955","0.1875","0.003","138055","4000","15045.50132933249","15019.431343943274","10767.592734371476","1.0010260647907836","0.018113200227977133","0","6f88cd3290902ed4688e28521e20205fca8afb18c6e4fe2e6e0de9c4e7e0a62c",""
"4","2","0","baseline","eda9ebbaefdf404a3b7fdaa0c3105584d34b2373","38e02ddef01844140e3dfdfdd87733a37d26f59aeef6fcccc67fb13ed19a7d57","vectorPerformance","gaussian8","GPSS","4","4","451689","4000","500","Complete","0.039026801","4.2701E-5","0.0172476","0.0217365","0.125","0.0","138188","4000","15603.053005275411","15621.61943123139","10677.483456214122","1.0007920020096437","0.014172913039023793","0","3703a943973521b658002c1d1edb8b4dcddac3550850573cac7499aba83dbaac",""
"4","2","0","baseline","eda9ebbaefdf404a3b7fdaa0c3105584d34b2373","38e02ddef01844140e3dfdfdd87733a37d26f59aeef6fcccc67fb13ed19a7d57","vectorPerformance","gaussian8","Quantile","1","-2","404175","4000","500","Complete","0.1043522","3.03E-5","0.0372007","0.0671212","0.140625","0.0","439383","4000","15133.633311857895","15137.149661571859","12640.232874183323","1.0002765119712598","0.010865777388695763","0","0a652ec86caa4b0878042a2ca27e4843b8fff440045e84ffe9040bbf18fc5c1b",""
"4","2","0","baseline","eda9ebbaefdf404a3b7fdaa0c3105584d34b2373","38e02ddef01844140e3dfdfdd87733a37d26f59aeef6fcccc67fb13ed19a7d57","vectorPerformance","gaussian8","Quantile","1","-1","412094","4000","500","Complete","0.101289099","3.2199E-5","0.0354408","0.0658161","0.109375","0.003","438543","4000","15213.490906399908","15228.10660758392","12891.868030399028","1.0002543220506444","0.014962146800250764","0","22193da6e1ed5c7fb6bc482596a8cb09c08425673712be65ab0ebf58ef73f382",""
"4","2","0","baseline","eda9ebbaefdf404a3b7fdaa0c3105584d34b2373","38e02ddef01844140e3dfdfdd87733a37d26f59aeef6fcccc67fb13ed19a7d57","vectorPerformance","gaussian8","Quantile","1","0","420013","4000","500","Complete","0.102521799","3.09E-5","0.037590599","0.0649003","0.09375","0.002","436956","4000","15387.214907747757","15383.41868425877","13280.050841973973","1.000488212672387","0.017862111392228958","0","1a2a7053039cbf9cd5227976b2ba660c8f0bbf84c10e94ae04c9c6d297fc0025",""
"4","2","0","baseline","eda9ebbaefdf404a3b7fdaa0c3105584d34b2373","38e02ddef01844140e3dfdfdd87733a37d26f59aeef6fcccc67fb13ed19a7d57","vectorPerformance","gaussian8","Quantile","1","1","427932","4000","500","Complete","0.1019938","3.79E-5","0.036311299","0.065644601","0.1875","0.0","437269","4000","15727.934748036001","15719.464590581323","12902.625514015059","1.0004649152576137","0.012810490325706247","0","850de3d767de404b10a6234afa6ecc9c5dfdee0c4338411a0af3e46894e42ce3",""
"4","2","0","baseline","eda9ebbaefdf404a3b7fdaa0c3105584d34b2373","38e02ddef01844140e3dfdfdd87733a37d26f59aeef6fcccc67fb13ed19a7d57","vectorPerformance","gaussian8","Quantile","1","2","435851","4000","500","Complete","0.098429399","2.93E-5","0.0347505","0.063649599","0.09375","0.0","438008","4000","15126.989343371939","15133.471327879883","12471.355965872704","1.0004579804360567","0.01410791604282019","0","fd474ea7f77c91f336f3664000c5dec28946aab4fd9917ca2fd5c066ad7e03df",""
"4","2","0","baseline","eda9ebbaefdf404a3b7fdaa0c3105584d34b2373","38e02ddef01844140e3dfdfdd87733a37d26f59aeef6fcccc67fb13ed19a7d57","vectorPerformance","gaussian8","Quantile","1","3","443770","4000","500","Complete","0.0976879","3.1199E-5","0.034526301","0.0631304","0.09375","0.0","438134","4000","14783.95134310092","14781.603964607304","13183.37761680062","1.0005441549460146","0.009381500096846795","0","f5d860d8f1c8c55386f06f23faad6b9f8df1541a619040c2f28698d0813a5f75",""
"4","2","0","baseline","eda9ebbaefdf404a3b7fdaa0c3105584d34b2373","38e02ddef01844140e3dfdfdd87733a37d26f59aeef6fcccc67fb13ed19a7d57","vectorPerformance","gaussian8","Quantile","1","4","451689","4000","500","Complete","0.0995942","3.28E-5","0.037660099","0.061901301","0.09375","0.001","437868","4000","14884.121074739518","14909.092385573675","12538.608584974128","1.0004648391967559","0.02587550455561438","0","f5667ee456b1d3d2b0c42c8460f2481029f27806732e9bf75dd56271a0628822",""
"4","2","0","baseline","eda9ebbaefdf404a3b7fdaa0c3105584d34b2373","38e02ddef01844140e3dfdfdd87733a37d26f59aeef6fcccc67fb13ed19a7d57","vectorPerformance","gaussian8","Quantile","2","-2","404175","4000","500","Complete","0.084261099","3.13E-5","0.0460423","0.038187499","0.28125","0.0","439383","4000","15133.633311857895","15137.149661571859","12640.232874183323","1.0002765119712598","0.010865777388695763","0","0a652ec86caa4b0878042a2ca27e4843b8fff440045e84ffe9040bbf18fc5c1b",""
"4","2","0","baseline","eda9ebbaefdf404a3b7fdaa0c3105584d34b2373","38e02ddef01844140e3dfdfdd87733a37d26f59aeef6fcccc67fb13ed19a7d57","vectorPerformance","gaussian8","Quantile","2","-1","412094","4000","500","Complete","0.0579113","2.87E-5","0.0245171","0.0333655","0.140625","0.002","438543","4000","15213.490906399908","15228.10660758392","12891.868030399028","1.0002543220506444","0.014962146800250764","0","22193da6e1ed5c7fb6bc482596a8cb09c08425673712be65ab0ebf58ef73f382",""
"4","2","0","baseline","eda9ebbaefdf404a3b7fdaa0c3105584d34b2373","38e02ddef01844140e3dfdfdd87733a37d26f59aeef6fcccc67fb13ed19a7d57","vectorPerformance","gaussian8","Quantile","2","0","420013","4000","500","Complete","0.0558047","2.94E-5","0.021771","0.0340043","0.09375","0.0","436956","4000","15387.214907747757","15383.41868425877","13280.050841973973","1.000488212672387","0.017862111392228958","0","1a2a7053039cbf9cd5227976b2ba660c8f0bbf84c10e94ae04c9c6d297fc0025",""
"4","2","0","baseline","eda9ebbaefdf404a3b7fdaa0c3105584d34b2373","38e02ddef01844140e3dfdfdd87733a37d26f59aeef6fcccc67fb13ed19a7d57","vectorPerformance","gaussian8","Quantile","2","1","427932","4000","500","Complete","0.055365901","3.3101E-5","0.021512","0.0338208","0.125","0.0","437269","4000","15727.934748036001","15719.464590581323","12902.625514015059","1.0004649152576137","0.012810490325706247","0","850de3d767de404b10a6234afa6ecc9c5dfdee0c4338411a0af3e46894e42ce3",""
"4","2","0","baseline","eda9ebbaefdf404a3b7fdaa0c3105584d34b2373","38e02ddef01844140e3dfdfdd87733a37d26f59aeef6fcccc67fb13ed19a7d57","vectorPerformance","gaussian8","Quantile","2","2","435851","4000","500","Complete","0.0557526","3.23E-5","0.023528","0.0321923","0.125","0.002","438008","4000","15126.989343371939","15133.471327879883","12471.355965872704","1.0004579804360567","0.01410791604282019","0","fd474ea7f77c91f336f3664000c5dec28946aab4fd9917ca2fd5c066ad7e03df",""
"4","2","0","baseline","eda9ebbaefdf404a3b7fdaa0c3105584d34b2373","38e02ddef01844140e3dfdfdd87733a37d26f59aeef6fcccc67fb13ed19a7d57","vectorPerformance","gaussian8","Quantile","2","3","443770","4000","500","Complete","0.056237701","3.06E-5","0.0228384","0.033368701","0.421875","0.001","438134","4000","14783.95134310092","14781.603964607304","13183.37761680062","1.0005441549460146","0.009381500096846795","0","f5d860d8f1c8c55386f06f23faad6b9f8df1541a619040c2f28698d0813a5f75",""
"4","2","0","baseline","eda9ebbaefdf404a3b7fdaa0c3105584d34b2373","38e02ddef01844140e3dfdfdd87733a37d26f59aeef6fcccc67fb13ed19a7d57","vectorPerformance","gaussian8","Quantile","2","4","451689","4000","500","Complete","0.055602899","4.58E-5","0.0227698","0.032787299","0.125","0.001","437868","4000","14884.121074739518","14909.092385573675","12538.608584974128","1.0004648391967559","0.02587550455561438","0","f5667ee456b1d3d2b0c42c8460f2481029f27806732e9bf75dd56271a0628822",""
"4","2","0","baseline","eda9ebbaefdf404a3b7fdaa0c3105584d34b2373","38e02ddef01844140e3dfdfdd87733a37d26f59aeef6fcccc67fb13ed19a7d57","vectorPerformance","gaussian8","Quantile","4","-2","404175","4000","500","Complete","0.0464014","3.08E-5","0.0241952","0.0221754","0.21875","0.002","439383","4000","15133.633311857895","15137.149661571859","12640.232874183323","1.0002765119712598","0.010865777388695763","0","0a652ec86caa4b0878042a2ca27e4843b8fff440045e84ffe9040bbf18fc5c1b",""
"4","2","0","baseline","eda9ebbaefdf404a3b7fdaa0c3105584d34b2373","38e02ddef01844140e3dfdfdd87733a37d26f59aeef6fcccc67fb13ed19a7d57","vectorPerformance","gaussian8","Quantile","4","-1","412094","4000","500","Complete","0.041022199","2.86E-5","0.021042399","0.0199512","0.234375","0.0","438543","4000","15213.490906399908","15228.10660758392","12891.868030399028","1.0002543220506444","0.014962146800250764","0","22193da6e1ed5c7fb6bc482596a8cb09c08425673712be65ab0ebf58ef73f382",""
"4","2","0","baseline","eda9ebbaefdf404a3b7fdaa0c3105584d34b2373","38e02ddef01844140e3dfdfdd87733a37d26f59aeef6fcccc67fb13ed19a7d57","vectorPerformance","gaussian8","Quantile","4","0","420013","4000","500","Complete","0.0443826","3.06E-5","0.0218335","0.0225185","0.15625","0.003","436956","4000","15387.214907747757","15383.41868425877","13280.050841973973","1.000488212672387","0.017862111392228958","0","1a2a7053039cbf9cd5227976b2ba660c8f0bbf84c10e94ae04c9c6d297fc0025",""
"4","2","0","baseline","eda9ebbaefdf404a3b7fdaa0c3105584d34b2373","38e02ddef01844140e3dfdfdd87733a37d26f59aeef6fcccc67fb13ed19a7d57","vectorPerformance","gaussian8","Quantile","4","1","427932","4000","500","Complete","0.0416378","3.88E-5","0.022766799","0.018832201","0.125","0.002","437269","4000","15727.934748036001","15719.464590581323","12902.625514015059","1.0004649152576137","0.012810490325706247","0","850de3d767de404b10a6234afa6ecc9c5dfdee0c4338411a0af3e46894e42ce3",""
"4","2","0","baseline","eda9ebbaefdf404a3b7fdaa0c3105584d34b2373","38e02ddef01844140e3dfdfdd87733a37d26f59aeef6fcccc67fb13ed19a7d57","vectorPerformance","gaussian8","Quantile","4","2","435851","4000","500","Complete","0.0418972","2.74E-5","0.0228478","0.019022","0.203125","0.001","438008","4000","15126.989343371939","15133.471327879883","12471.355965872704","1.0004579804360567","0.01410791604282019","0","fd474ea7f77c91f336f3664000c5dec28946aab4fd9917ca2fd5c066ad7e03df",""
"4","2","0","baseline","eda9ebbaefdf404a3b7fdaa0c3105584d34b2373","38e02ddef01844140e3dfdfdd87733a37d26f59aeef6fcccc67fb13ed19a7d57","vectorPerformance","gaussian8","Quantile","4","3","443770","4000","500","Complete","0.0410332","3.19E-5","0.0210377","0.0199636","0.125","0.0","438134","4000","14783.95134310092","14781.603964607304","13183.37761680062","1.0005441549460146","0.009381500096846795","0","f5d860d8f1c8c55386f06f23faad6b9f8df1541a619040c2f28698d0813a5f75",""
"4","2","0","baseline","eda9ebbaefdf404a3b7fdaa0c3105584d34b2373","38e02ddef01844140e3dfdfdd87733a37d26f59aeef6fcccc67fb13ed19a7d57","vectorPerformance","gaussian8","Quantile","4","4","451689","4000","500","Complete","0.040494101","3.9401E-5","0.021010299","0.019444401","0.15625","0.0","437868","4000","14884.121074739518","14909.092385573675","12538.608584974128","1.0004648391967559","0.02587550455561438","0","f5667ee456b1d3d2b0c42c8460f2481029f27806732e9bf75dd56271a0628822",""
"4","2","0","baseline","eda9ebbaefdf404a3b7fdaa0c3105584d34b2373","38e02ddef01844140e3dfdfdd87733a37d26f59aeef6fcccc67fb13ed19a7d57","vectorPerformance","likelihood8","GPSS","1","-2","404175","4000","500","Complete","0.1411464","1.39E-4","0.079536201","0.061471199","0.140625","0.0","113497","4000","15386.728000357793","15391.85127451405","11321.818924317045","1.000502564087113","0.005344596134197365","0","15875fc3ad457cd99d016931ae49e3b53ed50293a59b7331791ac43670de87bd",""
"4","2","0","baseline","eda9ebbaefdf404a3b7fdaa0c3105584d34b2373","38e02ddef01844140e3dfdfdd87733a37d26f59aeef6fcccc67fb13ed19a7d57","vectorPerformance","likelihood8","GPSS","1","-1","412094","4000","500","Complete","0.14116","6.24E-5","0.080167","0.0609306","0.171875","0.0","113672","4000","14515.066848005721","14590.130865412311","10903.103694208865","1.0008342935047612","0.005564436392907962","0","fc720f0e7fc6b705ca4b80ac8fe6515a0d286ae0520a978aef375e586c9db6bf",""
"4","2","0","baseline","eda9ebbaefdf404a3b7fdaa0c3105584d34b2373","38e02ddef01844140e3dfdfdd87733a37d26f59aeef6fcccc67fb13ed19a7d57","vectorPerformance","likelihood8","GPSS","1","0","420013","4000","500","Complete","0.140103201","6.0101E-5","0.0794155","0.0606276","0.140625","0.0","113054","4000","15068.277084944693","15070.85887531968","10694.846310168503","1.0005601541440654","0.004181248674558491","0","8d6dc2b369fc062d17f4e1721fe9d8a199bcba9f600d8572402455c6c30b60fa",""
"4","2","0","baseline","eda9ebbaefdf404a3b7fdaa0c3105584d34b2373","38e02ddef01844140e3dfdfdd87733a37d26f59aeef6fcccc67fb13ed19a7d57","vectorPerformance","likelihood8","GPSS","1","1","427932","4000","500","Complete","0.1407586","5.55E-5","0.079941499","0.060761601","0.140625","0.0","113472","4000","15069.243223748383","15055.059231076986","10322.707096463675","1.0013248567157627","0.005340326134526563","0","38e3adbbae621e7ad84a1cb5d7d2f248aeb925e3eea6b59badd3e9bb967ca792",""
"4","2","0","baseline","eda9ebbaefdf404a3b7fdaa0c3105584d34b2373","38e02ddef01844140e3dfdfdd87733a37d26f59aeef6fcccc67fb13ed19a7d57","vectorPerformance","likelihood8","GPSS","1","2","435851","4000","500","Complete","0.141378401","5.0201E-5","0.079499499","0.061828701","0.15625","0.0","113322","4000","15018.1283976014","15019.886701809703","11132.174688571149","1.000533090102839","0.005175852109189194","0","a1c97633734bbb43a66c525a225905cb612f427cd2600d3cc731158cc0011283",""
"4","2","0","baseline","eda9ebbaefdf404a3b7fdaa0c3105584d34b2373","38e02ddef01844140e3dfdfdd87733a37d26f59aeef6fcccc67fb13ed19a7d57","vectorPerformance","likelihood8","GPSS","1","3","443770","4000","500","Complete","0.141418","4.8699E-5","0.078635901","0.0627334","0.140625","0.001","113541","4000","15504.177620932032","15516.176571089783","11070.759113858252","1.0005200177999494","0.0030179744349801974","0","10250d525acdf021423a78f0a10ef6caf57ce50e6525306305dda230dde4a3dd",""
"4","2","0","baseline","eda9ebbaefdf404a3b7fdaa0c3105584d34b2373","38e02ddef01844140e3dfdfdd87733a37d26f59aeef6fcccc67fb13ed19a7d57","vectorPerformance","likelihood8","GPSS","1","4","451689","4000","500","Complete","0.140101","6.84E-5","0.0793845","0.0606481","0.140625","0.0","113652","4000","14785.194091889316","14779.730449941797","11297.287331686812","1.0008757668998252","0.004036703328069907","0","aeb7ca95e5af585230ca0add63518df7f82bcf74ed17b9d657a219f4e1b2d0f5",""
"4","2","0","baseline","eda9ebbaefdf404a3b7fdaa0c3105584d34b2373","38e02ddef01844140e3dfdfdd87733a37d26f59aeef6fcccc67fb13ed19a7d57","vectorPerformance","likelihood8","GPSS","2","-2","404175","4000","500","Complete","0.089418501","0.002962301","0.0537157","0.0327405","0.28125","0.0","113497","4000","15386.728000357793","15391.85127451405","11321.818924317045","1.000502564087113","0.005344596134197365","0","15875fc3ad457cd99d016931ae49e3b53ed50293a59b7331791ac43670de87bd",""
"4","2","0","baseline","eda9ebbaefdf404a3b7fdaa0c3105584d34b2373","38e02ddef01844140e3dfdfdd87733a37d26f59aeef6fcccc67fb13ed19a7d57","vectorPerformance","likelihood8","GPSS","2","-1","412094","4000","500","Complete","0.0742261","5.84E-5","0.0424025","0.0317652","0.171875","0.002","113672","4000","14515.066848005721","14590.130865412311","10903.103694208865","1.0008342935047612","0.005564436392907962","0","fc720f0e7fc6b705ca4b80ac8fe6515a0d286ae0520a978aef375e586c9db6bf",""
"4","2","0","baseline","eda9ebbaefdf404a3b7fdaa0c3105584d34b2373","38e02ddef01844140e3dfdfdd87733a37d26f59aeef6fcccc67fb13ed19a7d57","vectorPerformance","likelihood8","GPSS","2","0","420013","4000","500","Complete","0.074367401","9.01E-5","0.0415714","0.032705901","0.28125","0.001","113054","4000","15068.277084944693","15070.85887531968","10694.846310168503","1.0005601541440654","0.004181248674558491","0","8d6dc2b369fc062d17f4e1721fe9d8a199bcba9f600d8572402455c6c30b60fa",""
"4","2","0","baseline","eda9ebbaefdf404a3b7fdaa0c3105584d34b2373","38e02ddef01844140e3dfdfdd87733a37d26f59aeef6fcccc67fb13ed19a7d57","vectorPerformance","likelihood8","GPSS","2","1","427932","4000","500","Complete","0.0733482","4.76E-5","0.041145","0.0321556","0.125","0.0","113472","4000","15069.243223748383","15055.059231076986","10322.707096463675","1.0013248567157627","0.005340326134526563","0","38e3adbbae621e7ad84a1cb5d7d2f248aeb925e3eea6b59badd3e9bb967ca792",""
"4","2","0","baseline","eda9ebbaefdf404a3b7fdaa0c3105584d34b2373","38e02ddef01844140e3dfdfdd87733a37d26f59aeef6fcccc67fb13ed19a7d57","vectorPerformance","likelihood8","GPSS","2","2","435851","4000","500","Complete","0.0745903","4.88E-5","0.0417817","0.0327598","0.453125","0.001","113322","4000","15018.1283976014","15019.886701809703","11132.174688571149","1.000533090102839","0.005175852109189194","0","a1c97633734bbb43a66c525a225905cb612f427cd2600d3cc731158cc0011283",""
"4","2","0","baseline","eda9ebbaefdf404a3b7fdaa0c3105584d34b2373","38e02ddef01844140e3dfdfdd87733a37d26f59aeef6fcccc67fb13ed19a7d57","vectorPerformance","likelihood8","GPSS","2","3","443770","4000","500","Complete","0.074439201","5.2301E-5","0.041412299","0.032974601","0.203125","0.0","113541","4000","15504.177620932032","15516.176571089783","11070.759113858252","1.0005200177999494","0.0030179744349801974","0","10250d525acdf021423a78f0a10ef6caf57ce50e6525306305dda230dde4a3dd",""
"4","2","0","baseline","eda9ebbaefdf404a3b7fdaa0c3105584d34b2373","38e02ddef01844140e3dfdfdd87733a37d26f59aeef6fcccc67fb13ed19a7d57","vectorPerformance","likelihood8","GPSS","2","4","451689","4000","500","Complete","0.0745808","4.99E-5","0.0417345","0.0327964","0.15625","0.0","113652","4000","14785.194091889316","14779.730449941797","11297.287331686812","1.0008757668998252","0.004036703328069907","0","aeb7ca95e5af585230ca0add63518df7f82bcf74ed17b9d657a219f4e1b2d0f5",""
"4","2","0","baseline","eda9ebbaefdf404a3b7fdaa0c3105584d34b2373","38e02ddef01844140e3dfdfdd87733a37d26f59aeef6fcccc67fb13ed19a7d57","vectorPerformance","likelihood8","GPSS","4","-2","404175","4000","500","Complete","0.0415554","1.342E-4","0.022958399","0.018462801","0.125","0.0","113497","4000","15386.728000357793","15391.85127451405","11321.818924317045","1.000502564087113","0.005344596134197365","0","15875fc3ad457cd99d016931ae49e3b53ed50293a59b7331791ac43670de87bd",""
"4","2","0","baseline","eda9ebbaefdf404a3b7fdaa0c3105584d34b2373","38e02ddef01844140e3dfdfdd87733a37d26f59aeef6fcccc67fb13ed19a7d57","vectorPerformance","likelihood8","GPSS","4","-1","412094","4000","500","Complete","0.0418014","5.72E-5","0.0230023","0.0187419","0.125","0.0","113672","4000","14515.066848005721","14590.130865412311","10903.103694208865","1.0008342935047612","0.005564436392907962","0","fc720f0e7fc6b705ca4b80ac8fe6515a0d286ae0520a978aef375e586c9db6bf",""
"4","2","0","baseline","eda9ebbaefdf404a3b7fdaa0c3105584d34b2373","38e02ddef01844140e3dfdfdd87733a37d26f59aeef6fcccc67fb13ed19a7d57","vectorPerformance","likelihood8","GPSS","4","0","420013","4000","500","Complete","0.041955901","9.25E-5","0.0225512","0.019312201","0.125","0.0","113054","4000","15068.277084944693","15070.85887531968","10694.846310168503","1.0005601541440654","0.004181248674558491","0","8d6dc2b369fc062d17f4e1721fe9d8a199bcba9f600d8572402455c6c30b60fa",""
"4","2","0","baseline","eda9ebbaefdf404a3b7fdaa0c3105584d34b2373","38e02ddef01844140e3dfdfdd87733a37d26f59aeef6fcccc67fb13ed19a7d57","vectorPerformance","likelihood8","GPSS","4","1","427932","4000","500","Complete","0.0427771","5.1399E-5","0.022539101","0.0201866","0.125","0.001","113472","4000","15069.243223748383","15055.059231076986","10322.707096463675","1.0013248567157627","0.005340326134526563","0","38e3adbbae621e7ad84a1cb5d7d2f248aeb925e3eea6b59badd3e9bb967ca792",""
"4","2","0","baseline","eda9ebbaefdf404a3b7fdaa0c3105584d34b2373","38e02ddef01844140e3dfdfdd87733a37d26f59aeef6fcccc67fb13ed19a7d57","vectorPerformance","likelihood8","GPSS","4","2","435851","4000","500","Complete","0.0431153","5.46E-5","0.023473299","0.019587401","0.234375","0.0","113322","4000","15018.1283976014","15019.886701809703","11132.174688571149","1.000533090102839","0.005175852109189194","0","a1c97633734bbb43a66c525a225905cb612f427cd2600d3cc731158cc0011283",""
"4","2","0","baseline","eda9ebbaefdf404a3b7fdaa0c3105584d34b2373","38e02ddef01844140e3dfdfdd87733a37d26f59aeef6fcccc67fb13ed19a7d57","vectorPerformance","likelihood8","GPSS","4","3","443770","4000","500","Complete","0.042140799","4.64E-5","0.0226676","0.019426799","0.1875","0.0","113541","4000","15504.177620932032","15516.176571089783","11070.759113858252","1.0005200177999494","0.0030179744349801974","0","10250d525acdf021423a78f0a10ef6caf57ce50e6525306305dda230dde4a3dd",""
"4","2","0","baseline","eda9ebbaefdf404a3b7fdaa0c3105584d34b2373","38e02ddef01844140e3dfdfdd87733a37d26f59aeef6fcccc67fb13ed19a7d57","vectorPerformance","likelihood8","GPSS","4","4","451689","4000","500","Complete","0.0412336","5.02E-5","0.0227637","0.0184197","0.1875","0.0","113652","4000","14785.194091889316","14779.730449941797","11297.287331686812","1.0008757668998252","0.004036703328069907","0","aeb7ca95e5af585230ca0add63518df7f82bcf74ed17b9d657a219f4e1b2d0f5",""
"4","2","0","baseline","eda9ebbaefdf404a3b7fdaa0c3105584d34b2373","38e02ddef01844140e3dfdfdd87733a37d26f59aeef6fcccc67fb13ed19a7d57","vectorPerformance","likelihood8","Quantile","1","-2","404175","4000","500","Complete","0.4427452","4.9E-5","0.3800149","0.0626813","0.4375","0.0","675623","4000","14553.603071888145","14560.448774995888","11253.189859649683","1.0007097070118298","0.003922918284137322","0","03828cdda4fc43583cac684014ff31176af4a34269763a886473aa7e641f0391",""
"4","2","0","baseline","eda9ebbaefdf404a3b7fdaa0c3105584d34b2373","38e02ddef01844140e3dfdfdd87733a37d26f59aeef6fcccc67fb13ed19a7d57","vectorPerformance","likelihood8","Quantile","1","-1","412094","4000","500","Complete","0.4319343","3.73E-5","0.369805099","0.062091901","0.421875","0.001","674660","4000","15209.136106969212","15217.30790335651","11240.432710958032","1.0004372157752155","0.0052684685777992235","0","e259b6e006096a76873934a7876a399ffc6054ce8626e6a9f54fe4dc9a2a077b",""
"4","2","0","baseline","eda9ebbaefdf404a3b7fdaa0c3105584d34b2373","38e02ddef01844140e3dfdfdd87733a37d26f59aeef6fcccc67fb13ed19a7d57","vectorPerformance","likelihood8","Quantile","1","0","420013","4000","500","Complete","0.4322879","4.05E-5","0.3697326","0.0625148","0.421875","0.0","673796","4000","15027.331818683551","15033.704474475824","10491.658637470435","1.0004326935079904","0.005338364077357494","0","a6b794bfac044c42b2225f202fe85edd749f09d343dadd0c6f9a8be5b72afda0",""
"4","2","0","baseline","eda9ebbaefdf404a3b7fdaa0c3105584d34b2373","38e02ddef01844140e3dfdfdd87733a37d26f59aeef6fcccc67fb13ed19a7d57","vectorPerformance","likelihood8","Quantile","1","1","427932","4000","500","Complete","0.4360705","3.06E-5","0.371441199","0.064598701","0.4375","0.003","673825","4000","15276.658872254206","15256.4622489339","11119.716918313663","1.000391617247902","0.006419580823759208","0","50e2cecd19fa21e7ea4301720423264b745a7096caa97d8e6935a59763285f0a",""
"4","2","0","baseline","eda9ebbaefdf404a3b7fdaa0c3105584d34b2373","38e02ddef01844140e3dfdfdd87733a37d26f59aeef6fcccc67fb13ed19a7d57","vectorPerformance","likelihood8","Quantile","1","2","435851","4000","500","Complete","0.4348087","3.17E-5","0.3746089","0.0601681","0.78125","0.002","674482","4000","15438.964336306639","15424.356228106937","11497.88972532256","1.0006283061980878","0.01024848436056533","0","d045bb5c2ae5192b21902085068a9b62aa6f41d66d4132dc6affda22bcc4912d",""
"4","2","0","baseline","eda9ebbaefdf404a3b7fdaa0c3105584d34b2373","38e02ddef01844140e3dfdfdd87733a37d26f59aeef6fcccc67fb13ed19a7d57","vectorPerformance","likelihood8","Quantile","1","3","443770","4000","500","Complete","0.4345312","3.26E-5","0.3734697","0.0610289","0.4375","0.001","674770","4000","15279.141041189421","15290.437507693725","11098.089526704722","1.00060311853599","0.008195113181772185","0","14c0d80a24194a44695934e9fba1972daa6dc8b7383da72f1cd5837c36c4722d",""
"4","2","0","baseline","eda9ebbaefdf404a3b7fdaa0c3105584d34b2373","38e02ddef01844140e3dfdfdd87733a37d26f59aeef6fcccc67fb13ed19a7d57","vectorPerformance","likelihood8","Quantile","1","4","451689","4000","500","Complete","0.4321301","3.06E-5","0.369714399","0.062385101","0.421875","0.0","675588","4000","15378.326224840608","15396.096164831599","11613.462866841413","1.000726442029433","0.005885612388259281","0","dffab805aa7e6a415f84c4666b5b3033cb9751a54880ba72e95a79dc87652086",""
"4","2","0","baseline","eda9ebbaefdf404a3b7fdaa0c3105584d34b2373","38e02ddef01844140e3dfdfdd87733a37d26f59aeef6fcccc67fb13ed19a7d57","vectorPerformance","likelihood8","Quantile","2","-2","404175","4000","500","Complete","0.2271119","9.16E-5","0.1945399","0.0324804","0.46875","0.002","675623","4000","14553.603071888145","14560.448774995888","11253.189859649683","1.0007097070118298","0.003922918284137322","0","03828cdda4fc43583cac684014ff31176af4a34269763a886473aa7e641f0391",""
"4","2","0","baseline","eda9ebbaefdf404a3b7fdaa0c3105584d34b2373","38e02ddef01844140e3dfdfdd87733a37d26f59aeef6fcccc67fb13ed19a7d57","vectorPerformance","likelihood8","Quantile","2","-1","412094","4000","500","Complete","0.224498299","5.8499E-5","0.191438701","0.033001099","0.453125","0.0","674660","4000","15209.136106969212","15217.30790335651","11240.432710958032","1.0004372157752155","0.0052684685777992235","0","e259b6e006096a76873934a7876a399ffc6054ce8626e6a9f54fe4dc9a2a077b",""
"4","2","0","baseline","eda9ebbaefdf404a3b7fdaa0c3105584d34b2373","38e02ddef01844140e3dfdfdd87733a37d26f59aeef6fcccc67fb13ed19a7d57","vectorPerformance","likelihood8","Quantile","2","0","420013","4000","500","Complete","0.2260162","3.22E-5","0.1908492","0.0351348","0.4375","0.002","673796","4000","15027.331818683551","15033.704474475824","10491.658637470435","1.0004326935079904","0.005338364077357494","0","a6b794bfac044c42b2225f202fe85edd749f09d343dadd0c6f9a8be5b72afda0",""
"4","2","0","baseline","eda9ebbaefdf404a3b7fdaa0c3105584d34b2373","38e02ddef01844140e3dfdfdd87733a37d26f59aeef6fcccc67fb13ed19a7d57","vectorPerformance","likelihood8","Quantile","2","1","427932","4000","500","Complete","0.2265502","4.91E-5","0.1939028","0.0325983","0.484375","0.002","673825","4000","15276.658872254206","15256.4622489339","11119.716918313663","1.000391617247902","0.006419580823759208","0","50e2cecd19fa21e7ea4301720423264b745a7096caa97d8e6935a59763285f0a",""
"4","2","0","baseline","eda9ebbaefdf404a3b7fdaa0c3105584d34b2373","38e02ddef01844140e3dfdfdd87733a37d26f59aeef6fcccc67fb13ed19a7d57","vectorPerformance","likelihood8","Quantile","2","2","435851","4000","500","Complete","0.225649701","2.92E-5","0.192555701","0.0330648","0.4375","0.0","674482","4000","15438.964336306639","15424.356228106937","11497.88972532256","1.0006283061980878","0.01024848436056533","0","d045bb5c2ae5192b21902085068a9b62aa6f41d66d4132dc6affda22bcc4912d",""
"4","2","0","baseline","eda9ebbaefdf404a3b7fdaa0c3105584d34b2373","38e02ddef01844140e3dfdfdd87733a37d26f59aeef6fcccc67fb13ed19a7d57","vectorPerformance","likelihood8","Quantile","2","3","443770","4000","500","Complete","0.2257855","3.08E-5","0.1923171","0.0334376","0.46875","0.0","674770","4000","15279.141041189421","15290.437507693725","11098.089526704722","1.00060311853599","0.008195113181772185","0","14c0d80a24194a44695934e9fba1972daa6dc8b7383da72f1cd5837c36c4722d",""
"4","2","0","baseline","eda9ebbaefdf404a3b7fdaa0c3105584d34b2373","38e02ddef01844140e3dfdfdd87733a37d26f59aeef6fcccc67fb13ed19a7d57","vectorPerformance","likelihood8","Quantile","2","4","451689","4000","500","Complete","0.2242347","3.07E-5","0.1917968","0.0324072","0.46875","0.0","675588","4000","15378.326224840608","15396.096164831599","11613.462866841413","1.000726442029433","0.005885612388259281","0","dffab805aa7e6a415f84c4666b5b3033cb9751a54880ba72e95a79dc87652086",""
"4","2","0","baseline","eda9ebbaefdf404a3b7fdaa0c3105584d34b2373","38e02ddef01844140e3dfdfdd87733a37d26f59aeef6fcccc67fb13ed19a7d57","vectorPerformance","likelihood8","Quantile","4","-2","404175","4000","500","Complete","0.1189123","4.71E-5","0.0987342","0.020131","0.484375","0.0","675623","4000","14553.603071888145","14560.448774995888","11253.189859649683","1.0007097070118298","0.003922918284137322","0","03828cdda4fc43583cac684014ff31176af4a34269763a886473aa7e641f0391",""
"4","2","0","baseline","eda9ebbaefdf404a3b7fdaa0c3105584d34b2373","38e02ddef01844140e3dfdfdd87733a37d26f59aeef6fcccc67fb13ed19a7d57","vectorPerformance","likelihood8","Quantile","4","-1","412094","4000","500","Complete","0.1213131","3.72E-5","0.0989091","0.0223668","0.453125","0.003","674660","4000","15209.136106969212","15217.30790335651","11240.432710958032","1.0004372157752155","0.0052684685777992235","0","e259b6e006096a76873934a7876a399ffc6054ce8626e6a9f54fe4dc9a2a077b",""
"4","2","0","baseline","eda9ebbaefdf404a3b7fdaa0c3105584d34b2373","38e02ddef01844140e3dfdfdd87733a37d26f59aeef6fcccc67fb13ed19a7d57","vectorPerformance","likelihood8","Quantile","4","0","420013","4000","500","Complete","0.118504201","3.07E-5","0.099184801","0.0192887","0.453125","0.0","673796","4000","15027.331818683551","15033.704474475824","10491.658637470435","1.0004326935079904","0.005338364077357494","0","a6b794bfac044c42b2225f202fe85edd749f09d343dadd0c6f9a8be5b72afda0",""
"4","2","0","baseline","eda9ebbaefdf404a3b7fdaa0c3105584d34b2373","38e02ddef01844140e3dfdfdd87733a37d26f59aeef6fcccc67fb13ed19a7d57","vectorPerformance","likelihood8","Quantile","4","1","427932","4000","500","Complete","0.1175807","5.43E-5","0.0980006","0.0195258","0.5","0.0","673825","4000","15276.658872254206","15256.4622489339","11119.716918313663","1.000391617247902","0.006419580823759208","0","50e2cecd19fa21e7ea4301720423264b745a7096caa97d8e6935a59763285f0a",""
"4","2","0","baseline","eda9ebbaefdf404a3b7fdaa0c3105584d34b2373","38e02ddef01844140e3dfdfdd87733a37d26f59aeef6fcccc67fb13ed19a7d57","vectorPerformance","likelihood8","Quantile","4","2","435851","4000","500","Complete","0.1178455","2.98E-5","0.098278999","0.019536701","0.4375","0.0","674482","4000","15438.964336306639","15424.356228106937","11497.88972532256","1.0006283061980878","0.01024848436056533","0","d045bb5c2ae5192b21902085068a9b62aa6f41d66d4132dc6affda22bcc4912d",""
"4","2","0","baseline","eda9ebbaefdf404a3b7fdaa0c3105584d34b2373","38e02ddef01844140e3dfdfdd87733a37d26f59aeef6fcccc67fb13ed19a7d57","vectorPerformance","likelihood8","Quantile","4","3","443770","4000","500","Complete","0.120272899","3.18E-5","0.101833999","0.0184071","0.453125","0.002","674770","4000","15279.141041189421","15290.437507693725","11098.089526704722","1.00060311853599","0.008195113181772185","0","14c0d80a24194a44695934e9fba1972daa6dc8b7383da72f1cd5837c36c4722d",""
"4","2","0","baseline","eda9ebbaefdf404a3b7fdaa0c3105584d34b2373","38e02ddef01844140e3dfdfdd87733a37d26f59aeef6fcccc67fb13ed19a7d57","vectorPerformance","likelihood8","Quantile","4","4","451689","4000","500","Complete","0.119206399","3.3099E-5","0.100181601","0.018991699","0.515625","0.002","675588","4000","15378.326224840608","15396.096164831599","11613.462866841413","1.000726442029433","0.005885612388259281","0","dffab805aa7e6a415f84c4666b5b3033cb9751a54880ba72e95a79dc87652086",""
"4","2","0","baseline","eda9ebbaefdf404a3b7fdaa0c3105584d34b2373","38e02ddef01844140e3dfdfdd87733a37d26f59aeef6fcccc67fb13ed19a7d57","vectorPerformance","mixture8","GPSS","1","-2","404175","4000","500","Complete","0.1331158","1.77E-5","0.070616","0.0624821","0.125","0.001","229144","4000","14.257988816324646","29.19304971339808","41.12369705555653","1.0898522442939091","0.21935070608817098","8","3b6875e17ed27fe9805ded4d871f7b5f9d73e9def0157d2b9b3ca4e8933848aa",""
"4","2","0","baseline","eda9ebbaefdf404a3b7fdaa0c3105584d34b2373","38e02ddef01844140e3dfdfdd87733a37d26f59aeef6fcccc67fb13ed19a7d57","vectorPerformance","mixture8","GPSS","1","-1","412094","4000","500","Complete","0.132806801","1.7001E-5","0.0702438","0.062546","0.140625","0.0","229290","4000","18.720999899350527","39.028622707399215","46.96121523232878","1.0731938076004162","0.17813809720195017","8","abf27d85ad57f604af02f9ce976cde68729c5e5b0b9868c8021e26e9e57c9cbb",""
"4","2","0","baseline","eda9ebbaefdf404a3b7fdaa0c3105584d34b2373","38e02ddef01844140e3dfdfdd87733a37d26f59aeef6fcccc67fb13ed19a7d57","vectorPerformance","mixture8","GPSS","1","0","420013","4000","500","Complete","0.1325212","1.7E-5","0.0699708","0.0625334","0.140625","0.0","230860","4000","11.197660818981081","21.159126284650732","49.74480814386594","1.1308094060468774","0.5016290019944878","8","f1a24a91ced5488ebfe513313caafc39cdc36be309bd0944b0aca511830cdc9b",""
"4","2","0","baseline","eda9ebbaefdf404a3b7fdaa0c3105584d34b2373","38e02ddef01844140e3dfdfdd87733a37d26f59aeef6fcccc67fb13ed19a7d57","vectorPerformance","mixture8","GPSS","1","1","427932","4000","500","Complete","0.1328762","1.75E-5","0.0723624","0.0604963","0.140625","0.001","227656","4000","350.3365962359708","946.1959119121931","828.0407758236613","1.006187429279826","0.489472770444491","0","3048dd7a997ec08547ffedc643f4f8ad71fb08dfc61d73588f085fae9f3b2530",""
"4","2","0","baseline","eda9ebbaefdf404a3b7fdaa0c3105584d34b2373","38e02ddef01844140e3dfdfdd87733a37d26f59aeef6fcccc67fb13ed19a7d57","vectorPerformance","mixture8","GPSS","1","2","435851","4000","500","Complete","0.1308831","1.8399E-5","0.068942401","0.0619223","0.140625","0.0","230320","4000","11.885382937205895","20.922381229748733","74.65086869430434","1.127517255169642","0.6163845076767369","8","a8b0c5d28390a6bbe639426c5f3d044100be601426210b18a9d9a12faa0fdcbb",""
"4","2","0","baseline","eda9ebbaefdf404a3b7fdaa0c3105584d34b2373","38e02ddef01844140e3dfdfdd87733a37d26f59aeef6fcccc67fb13ed19a7d57","vectorPerformance","mixture8","GPSS","1","3","443770","4000","500","Complete","0.136971701","1.8501E-5","0.070583299","0.066369901","0.125","0.0","228342","4000","32.15927038708645","138.24287084259578","31.951943081965528","1.0380332431121262","0.32314994313579937","8","fb914cb87efc1f88af4218573d1acfcb2cf7af7578bb3764f9313b6f1caf9c08",""
"4","2","0","baseline","eda9ebbaefdf404a3b7fdaa0c3105584d34b2373","38e02ddef01844140e3dfdfdd87733a37d26f59aeef6fcccc67fb13ed19a7d57","vectorPerformance","mixture8","GPSS","1","4","451689","4000","500","Complete","0.1337053","1.74E-5","0.0715549","0.062133","0.140625","0.001","231161","4000","11.42981152723505","18.51428192120557","82.97173289489884","1.1478873533286111","0.944470980985646","8","8c304b54387b3cfcaea9ca546733eb569997eadee97f924c60d4475ce4148eb9",""
"4","2","0","baseline","eda9ebbaefdf404a3b7fdaa0c3105584d34b2373","38e02ddef01844140e3dfdfdd87733a37d26f59aeef6fcccc67fb13ed19a7d57","vectorPerformance","mixture8","GPSS","2","-2","404175","4000","500","Complete","0.0887675","2.98E-5","0.0538805","0.0348572","0.25","0.001","229144","4000","14.257988816324646","29.19304971339808","41.12369705555653","1.0898522442939091","0.21935070608817098","8","3b6875e17ed27fe9805ded4d871f7b5f9d73e9def0157d2b9b3ca4e8933848aa",""
"4","2","0","baseline","eda9ebbaefdf404a3b7fdaa0c3105584d34b2373","38e02ddef01844140e3dfdfdd87733a37d26f59aeef6fcccc67fb13ed19a7d57","vectorPerformance","mixture8","GPSS","2","-1","412094","4000","500","Complete","0.0779716","1.59E-5","0.041692799","0.036262901","0.15625","0.001","229290","4000","18.720999899350527","39.028622707399215","46.96121523232878","1.0731938076004162","0.17813809720195017","8","abf27d85ad57f604af02f9ce976cde68729c5e5b0b9868c8021e26e9e57c9cbb",""
"4","2","0","baseline","eda9ebbaefdf404a3b7fdaa0c3105584d34b2373","38e02ddef01844140e3dfdfdd87733a37d26f59aeef6fcccc67fb13ed19a7d57","vectorPerformance","mixture8","GPSS","2","0","420013","4000","500","Complete","0.077166801","1.71E-5","0.043039301","0.0341104","0.140625","0.001","230860","4000","11.197660818981081","21.159126284650732","49.74480814386594","1.1308094060468774","0.5016290019944878","8","f1a24a91ced5488ebfe513313caafc39cdc36be309bd0944b0aca511830cdc9b",""
"4","2","0","baseline","eda9ebbaefdf404a3b7fdaa0c3105584d34b2373","38e02ddef01844140e3dfdfdd87733a37d26f59aeef6fcccc67fb13ed19a7d57","vectorPerformance","mixture8","GPSS","2","1","427932","4000","500","Complete","0.0736182","1.68E-5","0.0420391","0.0315623","0.15625","0.001","227656","4000","350.3365962359708","946.1959119121931","828.0407758236613","1.006187429279826","0.489472770444491","0","3048dd7a997ec08547ffedc643f4f8ad71fb08dfc61d73588f085fae9f3b2530",""
"4","2","0","baseline","eda9ebbaefdf404a3b7fdaa0c3105584d34b2373","38e02ddef01844140e3dfdfdd87733a37d26f59aeef6fcccc67fb13ed19a7d57","vectorPerformance","mixture8","GPSS","2","2","435851","4000","500","Complete","0.0766265","1.8401E-5","0.043614899","0.0329932","0.15625","0.001","230320","4000","11.885382937205895","20.922381229748733","74.65086869430434","1.127517255169642","0.6163845076767369","8","a8b0c5d28390a6bbe639426c5f3d044100be601426210b18a9d9a12faa0fdcbb",""
"4","2","0","baseline","eda9ebbaefdf404a3b7fdaa0c3105584d34b2373","38e02ddef01844140e3dfdfdd87733a37d26f59aeef6fcccc67fb13ed19a7d57","vectorPerformance","mixture8","GPSS","2","3","443770","4000","500","Complete","0.0756768","1.71E-5","0.0426921","0.0329676","0.15625","0.001","228342","4000","32.15927038708645","138.24287084259578","31.951943081965528","1.0380332431121262","0.32314994313579937","8","fb914cb87efc1f88af4218573d1acfcb2cf7af7578bb3764f9313b6f1caf9c08",""
"4","2","0","baseline","eda9ebbaefdf404a3b7fdaa0c3105584d34b2373","38e02ddef01844140e3dfdfdd87733a37d26f59aeef6fcccc67fb13ed19a7d57","vectorPerformance","mixture8","GPSS","2","4","451689","4000","500","Complete","0.091416301","1.9101E-5","0.0490844","0.0423128","0.1875","0.001","231161","4000","11.42981152723505","18.51428192120557","82.97173289489884","1.1478873533286111","0.944470980985646","8","8c304b54387b3cfcaea9ca546733eb569997eadee97f924c60d4475ce4148eb9",""
"4","2","0","baseline","eda9ebbaefdf404a3b7fdaa0c3105584d34b2373","38e02ddef01844140e3dfdfdd87733a37d26f59aeef6fcccc67fb13ed19a7d57","vectorPerformance","mixture8","GPSS","4","-2","404175","4000","500","Complete","0.0604694","1.63E-5","0.0400157","0.0204374","0.21875","0.0","229144","4000","14.257988816324646","29.19304971339808","41.12369705555653","1.0898522442939091","0.21935070608817098","8","3b6875e17ed27fe9805ded4d871f7b5f9d73e9def0157d2b9b3ca4e8933848aa",""
"4","2","0","baseline","eda9ebbaefdf404a3b7fdaa0c3105584d34b2373","38e02ddef01844140e3dfdfdd87733a37d26f59aeef6fcccc67fb13ed19a7d57","vectorPerformance","mixture8","GPSS","4","-1","412094","4000","500","Complete","0.0610166","1.73E-5","0.0408161","0.0201832","0.53125","0.001","229290","4000","18.720999899350527","39.028622707399215","46.96121523232878","1.0731938076004162","0.17813809720195017","8","abf27d85ad57f604af02f9ce976cde68729c5e5b0b9868c8021e26e9e57c9cbb",""
"4","2","0","baseline","eda9ebbaefdf404a3b7fdaa0c3105584d34b2373","38e02ddef01844140e3dfdfdd87733a37d26f59aeef6fcccc67fb13ed19a7d57","vectorPerformance","mixture8","GPSS","4","0","420013","4000","500","Complete","0.0607439","1.72E-5","0.040615901","0.020110799","0.25","0.0","230860","4000","11.197660818981081","21.159126284650732","49.74480814386594","1.1308094060468774","0.5016290019944878","8","f1a24a91ced5488ebfe513313caafc39cdc36be309bd0944b0aca511830cdc9b",""
"4","2","0","baseline","eda9ebbaefdf404a3b7fdaa0c3105584d34b2373","38e02ddef01844140e3dfdfdd87733a37d26f59aeef6fcccc67fb13ed19a7d57","vectorPerformance","mixture8","GPSS","4","1","427932","4000","500","Complete","0.0577085","1.78E-5","0.0388535","0.0188372","0.21875","0.0","227656","4000","350.3365962359708","946.1959119121931","828.0407758236613","1.006187429279826","0.489472770444491","0","3048dd7a997ec08547ffedc643f4f8ad71fb08dfc61d73588f085fae9f3b2530",""
"4","2","0","baseline","eda9ebbaefdf404a3b7fdaa0c3105584d34b2373","38e02ddef01844140e3dfdfdd87733a37d26f59aeef6fcccc67fb13ed19a7d57","vectorPerformance","mixture8","GPSS","4","2","435851","4000","500","Complete","0.0607665","1.6699E-5","0.039410101","0.0213397","0.546875","0.001","230320","4000","11.885382937205895","20.922381229748733","74.65086869430434","1.127517255169642","0.6163845076767369","8","a8b0c5d28390a6bbe639426c5f3d044100be601426210b18a9d9a12faa0fdcbb",""
"4","2","0","baseline","eda9ebbaefdf404a3b7fdaa0c3105584d34b2373","38e02ddef01844140e3dfdfdd87733a37d26f59aeef6fcccc67fb13ed19a7d57","vectorPerformance","mixture8","GPSS","4","3","443770","4000","500","Complete","0.058705001","1.8201E-5","0.039364799","0.019322001","0.234375","0.0","228342","4000","32.15927038708645","138.24287084259578","31.951943081965528","1.0380332431121262","0.32314994313579937","8","fb914cb87efc1f88af4218573d1acfcb2cf7af7578bb3764f9313b6f1caf9c08",""
"4","2","0","baseline","eda9ebbaefdf404a3b7fdaa0c3105584d34b2373","38e02ddef01844140e3dfdfdd87733a37d26f59aeef6fcccc67fb13ed19a7d57","vectorPerformance","mixture8","GPSS","4","4","451689","4000","500","Complete","0.0651553","3.14E-5","0.0452647","0.0198592","0.265625","0.0","231161","4000","11.42981152723505","18.51428192120557","82.97173289489884","1.1478873533286111","0.944470980985646","8","8c304b54387b3cfcaea9ca546733eb569997eadee97f924c60d4475ce4148eb9",""
"4","2","0","baseline","eda9ebbaefdf404a3b7fdaa0c3105584d34b2373","38e02ddef01844140e3dfdfdd87733a37d26f59aeef6fcccc67fb13ed19a7d57","vectorPerformance","mixture8","Quantile","1","-2","404175","4000","500","Complete","0.225423899","5.6199E-5","0.161595501","0.063772199","0.234375","0.002","794544","4000","4.187636809868029","7.060337598855363","26.16378128764236","1.5288331364789502","3.256985326991021","8","08478ec37e7016f0a746f5541369d3f27e6780b3d77ac0dd3727aedc458b8a7f",""
"4","2","0","baseline","eda9ebbaefdf404a3b7fdaa0c3105584d34b2373","38e02ddef01844140e3dfdfdd87733a37d26f59aeef6fcccc67fb13ed19a7d57","vectorPerformance","mixture8","Quantile","1","-1","412094","4000","500","Complete","0.2259131","1.58E-5","0.1646419","0.0612554","0.21875","0.001","816779","4000","13172.219750891138","13222.282432153374","9557.095877190202","1.0009523655339596","4.505381108384656","0","df0a2d121acaf8121fe4585bac661d116d56b94d4bbd87d7554b9b56bc69a16b",""
"4","2","0","baseline","eda9ebbaefdf404a3b7fdaa0c3105584d34b2373","38e02ddef01844140e3dfdfdd87733a37d26f59aeef6fcccc67fb13ed19a7d57","vectorPerformance","mixture8","Quantile","1","0","420013","4000","500","Complete","0.223667299","1.67E-5","0.157007599","0.066643","0.21875","0.002","794198","4000","4.186058672517822","7.066033020998243","25.872565892706334","1.528293121197245","3.254959184947837","8","298edcccf4cb67bd1d71a2c67eaac49d9c2f065b01ce89b5a425470b4ac34246",""
"4","2","0","baseline","eda9ebbaefdf404a3b7fdaa0c3105584d34b2373","38e02ddef01844140e3dfdfdd87733a37d26f59aeef6fcccc67fb13ed19a7d57","vectorPerformance","mixture8","Quantile","1","1","427932","4000","500","Complete","0.2201323","1.54E-5","0.155407799","0.064709101","0.21875","0.001","793428","4000","4.1830750512240416","7.063117190644894","25.56957561795727","1.5283657513611182","3.2567621870613133","8","273d5a969b71614959a723e90feee880f8890fbdd52ed734512ecdb8349192a1",""
"4","2","0","baseline","eda9ebbaefdf404a3b7fdaa0c3105584d34b2373","38e02ddef01844140e3dfdfdd87733a37d26f59aeef6fcccc67fb13ed19a7d57","vectorPerformance","mixture8","Quantile","1","2","435851","4000","500","Complete","0.2220584","1.51E-5","0.160317999","0.061725301","0.21875","0.001","819559","4000","13453.176078554361","13421.262962358194","9216.280792110578","1.0005674240480147","4.502788958677054","0","d8c678a9202d9a68411f907dc58204bfa1e84fa81561ad1055f777dd4b42c6f2",""
"4","2","0","baseline","eda9ebbaefdf404a3b7fdaa0c3105584d34b2373","38e02ddef01844140e3dfdfdd87733a37d26f59aeef6fcccc67fb13ed19a7d57","vectorPerformance","mixture8","Quantile","1","3","443770","4000","500","Complete","0.2206742","1.58E-5","0.159670499","0.060987901","0.21875","0.001","818525","4000","14133.815442025896","14200.524096105466","9050.625427824825","1.0007425189374404","4.512149086714977","0","1bb1a4f128a60c3df02103528fa01749d02171821dd07470e5dae7f5e8630625",""
"4","2","0","baseline","eda9ebbaefdf404a3b7fdaa0c3105584d34b2373","38e02ddef01844140e3dfdfdd87733a37d26f59aeef6fcccc67fb13ed19a7d57","vectorPerformance","mixture8","Quantile","1","4","451689","4000","500","Complete","0.2212353","1.48E-5","0.1612975","0.059923","0.234375","0.002","819229","4000","12826.818650755431","12819.884446949432","9099.649034826969","1.000430048273552","4.504000123365279","0","678212121ddd43756b45e7bd2e21e3caba79bf54b0c78a22985c55552046cf37",""
"4","2","0","baseline","eda9ebbaefdf404a3b7fdaa0c3105584d34b2373","38e02ddef01844140e3dfdfdd87733a37d26f59aeef6fcccc67fb13ed19a7d57","vectorPerformance","mixture8","Quantile","2","-2","404175","4000","500","Complete","0.1333198","1.51E-5","0.0992008","0.0341039","0.28125","0.001","794544","4000","4.187636809868029","7.060337598855363","26.16378128764236","1.5288331364789502","3.256985326991021","8","08478ec37e7016f0a746f5541369d3f27e6780b3d77ac0dd3727aedc458b8a7f",""
"4","2","0","baseline","eda9ebbaefdf404a3b7fdaa0c3105584d34b2373","38e02ddef01844140e3dfdfdd87733a37d26f59aeef6fcccc67fb13ed19a7d57","vectorPerformance","mixture8","Quantile","2","-1","412094","4000","500","Complete","0.135676201","2.0801E-5","0.1031822","0.0324732","0.28125","0.002","816779","4000","13172.219750891138","13222.282432153374","9557.095877190202","1.0009523655339596","4.505381108384656","0","df0a2d121acaf8121fe4585bac661d116d56b94d4bbd87d7554b9b56bc69a16b",""
"4","2","0","baseline","eda9ebbaefdf404a3b7fdaa0c3105584d34b2373","38e02ddef01844140e3dfdfdd87733a37d26f59aeef6fcccc67fb13ed19a7d57","vectorPerformance","mixture8","Quantile","2","0","420013","4000","500","Complete","0.1344488","1.57E-5","0.0970742","0.0373589","0.28125","0.002","794198","4000","4.186058672517822","7.066033020998243","25.872565892706334","1.528293121197245","3.254959184947837","8","298edcccf4cb67bd1d71a2c67eaac49d9c2f065b01ce89b5a425470b4ac34246",""
"4","2","0","baseline","eda9ebbaefdf404a3b7fdaa0c3105584d34b2373","38e02ddef01844140e3dfdfdd87733a37d26f59aeef6fcccc67fb13ed19a7d57","vectorPerformance","mixture8","Quantile","2","1","427932","4000","500","Complete","0.136431801","1.48E-5","0.100837601","0.0355794","0.25","0.001","793428","4000","4.1830750512240416","7.063117190644894","25.56957561795727","1.5283657513611182","3.2567621870613133","8","273d5a969b71614959a723e90feee880f8890fbdd52ed734512ecdb8349192a1",""
"4","2","0","baseline","eda9ebbaefdf404a3b7fdaa0c3105584d34b2373","38e02ddef01844140e3dfdfdd87733a37d26f59aeef6fcccc67fb13ed19a7d57","vectorPerformance","mixture8","Quantile","2","2","435851","4000","500","Complete","0.1321977","1.52E-5","0.099085","0.0330975","0.296875","0.001","819559","4000","13453.176078554361","13421.262962358194","9216.280792110578","1.0005674240480147","4.502788958677054","0","d8c678a9202d9a68411f907dc58204bfa1e84fa81561ad1055f777dd4b42c6f2",""
"4","2","0","baseline","eda9ebbaefdf404a3b7fdaa0c3105584d34b2373","38e02ddef01844140e3dfdfdd87733a37d26f59aeef6fcccc67fb13ed19a7d57","vectorPerformance","mixture8","Quantile","2","3","443770","4000","500","Complete","0.1301238","1.5E-5","0.097150699","0.032958101","0.28125","0.001","818525","4000","14133.815442025896","14200.524096105466","9050.625427824825","1.0007425189374404","4.512149086714977","0","1bb1a4f128a60c3df02103528fa01749d02171821dd07470e5dae7f5e8630625",""
"4","2","0","baseline","eda9ebbaefdf404a3b7fdaa0c3105584d34b2373","38e02ddef01844140e3dfdfdd87733a37d26f59aeef6fcccc67fb13ed19a7d57","vectorPerformance","mixture8","Quantile","2","4","451689","4000","500","Complete","0.1338998","1.62E-5","0.1010812","0.0328024","0.28125","0.002","819229","4000","12826.818650755431","12819.884446949432","9099.649034826969","1.000430048273552","4.504000123365279","0","678212121ddd43756b45e7bd2e21e3caba79bf54b0c78a22985c55552046cf37",""
"4","2","0","baseline","eda9ebbaefdf404a3b7fdaa0c3105584d34b2373","38e02ddef01844140e3dfdfdd87733a37d26f59aeef6fcccc67fb13ed19a7d57","vectorPerformance","mixture8","Quantile","4","-2","404175","4000","500","Complete","0.1097243","1.61E-5","0.08751","0.0221982","0.421875","0.002","794544","4000","4.187636809868029","7.060337598855363","26.16378128764236","1.5288331364789502","3.256985326991021","8","08478ec37e7016f0a746f5541369d3f27e6780b3d77ac0dd3727aedc458b8a7f",""
"4","2","0","baseline","eda9ebbaefdf404a3b7fdaa0c3105584d34b2373","38e02ddef01844140e3dfdfdd87733a37d26f59aeef6fcccc67fb13ed19a7d57","vectorPerformance","mixture8","Quantile","4","-1","412094","4000","500","Complete","0.0965919","1.46E-5","0.0769505","0.0196268","0.40625","0.002","816779","4000","13172.219750891138","13222.282432153374","9557.095877190202","1.0009523655339596","4.505381108384656","0","df0a2d121acaf8121fe4585bac661d116d56b94d4bbd87d7554b9b56bc69a16b",""
"4","2","0","baseline","eda9ebbaefdf404a3b7fdaa0c3105584d34b2373","38e02ddef01844140e3dfdfdd87733a37d26f59aeef6fcccc67fb13ed19a7d57","vectorPerformance","mixture8","Quantile","4","0","420013","4000","500","Complete","0.0959947","1.51E-5","0.074248099","0.021731501","0.328125","0.0","794198","4000","4.186058672517822","7.066033020998243","25.872565892706334","1.528293121197245","3.254959184947837","8","298edcccf4cb67bd1d71a2c67eaac49d9c2f065b01ce89b5a425470b4ac34246",""
"4","2","0","baseline","eda9ebbaefdf404a3b7fdaa0c3105584d34b2373","38e02ddef01844140e3dfdfdd87733a37d26f59aeef6fcccc67fb13ed19a7d57","vectorPerformance","mixture8","Quantile","4","1","427932","4000","500","Complete","0.0942572","1.55E-5","0.0729156","0.0213261","0.328125","0.0","793428","4000","4.1830750512240416","7.063117190644894","25.56957561795727","1.5283657513611182","3.2567621870613133","8","273d5a969b71614959a723e90feee880f8890fbdd52ed734512ecdb8349192a1",""
"4","2","0","baseline","eda9ebbaefdf404a3b7fdaa0c3105584d34b2373","38e02ddef01844140e3dfdfdd87733a37d26f59aeef6fcccc67fb13ed19a7d57","vectorPerformance","mixture8","Quantile","4","2","435851","4000","500","Complete","0.0949048","1.61E-5","0.0753409","0.0195478","0.390625","0.001","819559","4000","13453.176078554361","13421.262962358194","9216.280792110578","1.0005674240480147","4.502788958677054","0","d8c678a9202d9a68411f907dc58204bfa1e84fa81561ad1055f777dd4b42c6f2",""
"4","2","0","baseline","eda9ebbaefdf404a3b7fdaa0c3105584d34b2373","38e02ddef01844140e3dfdfdd87733a37d26f59aeef6fcccc67fb13ed19a7d57","vectorPerformance","mixture8","Quantile","4","3","443770","4000","500","Complete","0.0945925","1.46E-5","0.075368799","0.019209101","0.375","0.002","818525","4000","14133.815442025896","14200.524096105466","9050.625427824825","1.0007425189374404","4.512149086714977","0","1bb1a4f128a60c3df02103528fa01749d02171821dd07470e5dae7f5e8630625",""
"4","2","0","baseline","eda9ebbaefdf404a3b7fdaa0c3105584d34b2373","38e02ddef01844140e3dfdfdd87733a37d26f59aeef6fcccc67fb13ed19a7d57","vectorPerformance","mixture8","Quantile","4","4","451689","4000","500","Complete","0.096646499","1.56E-5","0.0773838","0.019247099","0.375","0.002","819229","4000","12826.818650755431","12819.884446949432","9099.649034826969","1.000430048273552","4.504000123365279","0","678212121ddd43756b45e7bd2e21e3caba79bf54b0c78a22985c55552046cf37",""
"4","2","0","baseline","eda9ebbaefdf404a3b7fdaa0c3105584d34b2373","38e02ddef01844140e3dfdfdd87733a37d26f59aeef6fcccc67fb13ed19a7d57","vectorPerformance","positive32","GPSS","1","-2","404175","4000","500","Complete","0.4326516","2.25E-5","0.193567299","0.239061801","0.421875","0.003","312248","4000","6.507081555422677","8.267454120088496","11.239726363241573","1.4243493212370788","0.9111742118510904","32","e1f462be7160698fc96433c37d8e6460fa2b583d96e58a05af89904985ee97c5",""
"4","2","0","baseline","eda9ebbaefdf404a3b7fdaa0c3105584d34b2373","38e02ddef01844140e3dfdfdd87733a37d26f59aeef6fcccc67fb13ed19a7d57","vectorPerformance","positive32","GPSS","1","-1","412094","4000","500","Complete","0.4330463","2.34E-5","0.1913238","0.2416991","0.4375","0.003","312989","4000","5.495322761597328","8.012492423835413","12.29336507256984","1.4621066333934736","0.5327465027759886","32","047503de7ceb57f45f2c33ddf27b78c64d75cb6665a40538a8909c85da9d2c02",""
"4","2","0","baseline","eda9ebbaefdf404a3b7fdaa0c3105584d34b2373","38e02ddef01844140e3dfdfdd87733a37d26f59aeef6fcccc67fb13ed19a7d57","vectorPerformance","positive32","GPSS","1","0","420013","4000","500","Complete","0.43093","2.27E-5","0.1912856","0.2396217","0.453125","0.003","315080","4000","5.054210848500271","6.4086389980297715","11.498400167812514","1.682066869867944","1.124774421937512","32","9182bbb858877f9a625ab3c8ae05e7120fdc466f42d5a1dceccf9395da6065e9",""
"4","2","0","baseline","eda9ebbaefdf404a3b7fdaa0c3105584d34b2373","38e02ddef01844140e3dfdfdd87733a37d26f59aeef6fcccc67fb13ed19a7d57","vectorPerformance","positive32","GPSS","1","1","427932","4000","500","Complete","0.4348883","2.2399E-5","0.188191601","0.2466743","0.46875","0.006","310499","4000","4.949526595516298","7.4253970060875725","11.370735805288119","1.496332455560683","0.5218258205642705","32","f0d7064a140efac0e8d7992843e936b5b1ea4f33b336f96c18ed34d07d4ff733",""
"4","2","0","baseline","eda9ebbaefdf404a3b7fdaa0c3105584d34b2373","38e02ddef01844140e3dfdfdd87733a37d26f59aeef6fcccc67fb13ed19a7d57","vectorPerformance","positive32","GPSS","1","2","435851","4000","500","Complete","0.433113","2.3701E-5","0.192493399","0.2405959","0.4375","0.002","312895","4000","6.595439608345559","8.875134343603566","10.947737821804315","1.3815878832703925","0.38311879002350624","32","0365e43fa384cead64ff9f89d32ea3ea9edfdb1f4523fadebe6c708ca213e343",""
"4","2","0","baseline","eda9ebbaefdf404a3b7fdaa0c3105584d34b2373","38e02ddef01844140e3dfdfdd87733a37d26f59aeef6fcccc67fb13ed19a7d57","vectorPerformance","positive32","GPSS","1","3","443770","4000","500","Complete","0.4342693","2.35E-5","0.1930745","0.2411713","0.78125","0.002","322378","4000","4.786571198089734","5.896539279571406","11.375709989448119","1.7909712039019074","1.5561805918696656","32","6ad6daee0ad4e8690da4c2f3a9ad5ab953ab95d6f3a80ac9994366367dae6f68",""
"4","2","0","baseline","eda9ebbaefdf404a3b7fdaa0c3105584d34b2373","38e02ddef01844140e3dfdfdd87733a37d26f59aeef6fcccc67fb13ed19a7d57","vectorPerformance","positive32","GPSS","1","4","451689","4000","500","Complete","0.432172401","2.3101E-5","0.1877529","0.2443964","0.421875","0.004","312493","4000","7.11180708957874","8.71283262637544","16.641164170760746","1.408214647506748","0.6415784047018325","32","b56b7859597de05ce23273ba96ae874e4baee6fad0f20d955b87448e5465d676",""
"4","2","0","baseline","eda9ebbaefdf404a3b7fdaa0c3105584d34b2373","38e02ddef01844140e3dfdfdd87733a37d26f59aeef6fcccc67fb13ed19a7d57","vectorPerformance","positive32","GPSS","2","-2","404175","4000","500","Complete","0.252243401","2.5101E-5","0.1252779","0.1269404","0.546875","0.003","312248","4000","6.507081555422677","8.267454120088496","11.239726363241573","1.4243493212370788","0.9111742118510904","32","e1f462be7160698fc96433c37d8e6460fa2b583d96e58a05af89904985ee97c5",""
"4","2","0","baseline","eda9ebbaefdf404a3b7fdaa0c3105584d34b2373","38e02ddef01844140e3dfdfdd87733a37d26f59aeef6fcccc67fb13ed19a7d57","vectorPerformance","positive32","GPSS","2","-1","412094","4000","500","Complete","0.249556","2.21E-5","0.1152164","0.1343175","0.515625","0.004","312989","4000","5.495322761597328","8.012492423835413","12.29336507256984","1.4621066333934736","0.5327465027759886","32","047503de7ceb57f45f2c33ddf27b78c64d75cb6665a40538a8909c85da9d2c02",""
"4","2","0","baseline","eda9ebbaefdf404a3b7fdaa0c3105584d34b2373","38e02ddef01844140e3dfdfdd87733a37d26f59aeef6fcccc67fb13ed19a7d57","vectorPerformance","positive32","GPSS","2","0","420013","4000","500","Complete","0.2523069","2.3299E-5","0.116540001","0.1357436","0.53125","0.004","315080","4000","5.054210848500271","6.4086389980297715","11.498400167812514","1.682066869867944","1.124774421937512","32","9182bbb858877f9a625ab3c8ae05e7120fdc466f42d5a1dceccf9395da6065e9",""
"4","2","0","baseline","eda9ebbaefdf404a3b7fdaa0c3105584d34b2373","38e02ddef01844140e3dfdfdd87733a37d26f59aeef6fcccc67fb13ed19a7d57","vectorPerformance","positive32","GPSS","2","1","427932","4000","500","Complete","0.248679501","2.4901E-5","0.115939099","0.132715501","0.78125","0.004","310499","4000","4.949526595516298","7.4253970060875725","11.370735805288119","1.496332455560683","0.5218258205642705","32","f0d7064a140efac0e8d7992843e936b5b1ea4f33b336f96c18ed34d07d4ff733",""
"4","2","0","baseline","eda9ebbaefdf404a3b7fdaa0c3105584d34b2373","38e02ddef01844140e3dfdfdd87733a37d26f59aeef6fcccc67fb13ed19a7d57","vectorPerformance","positive32","GPSS","2","2","435851","4000","500","Complete","0.2449416","2.3299E-5","0.1194033","0.125515001","0.5","0.005","312895","4000","6.595439608345559","8.875134343603566","10.947737821804315","1.3815878832703925","0.38311879002350624","32","0365e43fa384cead64ff9f89d32ea3ea9edfdb1f4523fadebe6c708ca213e343",""
"4","2","0","baseline","eda9ebbaefdf404a3b7fdaa0c3105584d34b2373","38e02ddef01844140e3dfdfdd87733a37d26f59aeef6fcccc67fb13ed19a7d57","vectorPerformance","positive32","GPSS","2","3","443770","4000","500","Complete","0.2491935","2.2499E-5","0.1193719","0.129799101","0.5","0.004","322378","4000","4.786571198089734","5.896539279571406","11.375709989448119","1.7909712039019074","1.5561805918696656","32","6ad6daee0ad4e8690da4c2f3a9ad5ab953ab95d6f3a80ac9994366367dae6f68",""
"4","2","0","baseline","eda9ebbaefdf404a3b7fdaa0c3105584d34b2373","38e02ddef01844140e3dfdfdd87733a37d26f59aeef6fcccc67fb13ed19a7d57","vectorPerformance","positive32","GPSS","2","4","451689","4000","500","Complete","0.2463529","2.18E-5","0.1148282","0.1315029","0.5","0.004","312493","4000","7.11180708957874","8.71283262637544","16.641164170760746","1.408214647506748","0.6415784047018325","32","b56b7859597de05ce23273ba96ae874e4baee6fad0f20d955b87448e5465d676",""
"4","2","0","baseline","eda9ebbaefdf404a3b7fdaa0c3105584d34b2373","38e02ddef01844140e3dfdfdd87733a37d26f59aeef6fcccc67fb13ed19a7d57","vectorPerformance","positive32","GPSS","4","-2","404175","4000","500","Complete","0.171159","3.17E-5","0.094198701","0.076928599","0.65625","0.005","312248","4000","6.507081555422677","8.267454120088496","11.239726363241573","1.4243493212370788","0.9111742118510904","32","e1f462be7160698fc96433c37d8e6460fa2b583d96e58a05af89904985ee97c5",""
"4","2","0","baseline","eda9ebbaefdf404a3b7fdaa0c3105584d34b2373","38e02ddef01844140e3dfdfdd87733a37d26f59aeef6fcccc67fb13ed19a7d57","vectorPerformance","positive32","GPSS","4","-1","412094","4000","500","Complete","0.171435101","2.3401E-5","0.0927538","0.0786579","0.65625","0.005","312989","4000","5.495322761597328","8.012492423835413","12.29336507256984","1.4621066333934736","0.5327465027759886","32","047503de7ceb57f45f2c33ddf27b78c64d75cb6665a40538a8909c85da9d2c02",""
"4","2","0","baseline","eda9ebbaefdf404a3b7fdaa0c3105584d34b2373","38e02ddef01844140e3dfdfdd87733a37d26f59aeef6fcccc67fb13ed19a7d57","vectorPerformance","positive32","GPSS","4","0","420013","4000","500","Complete","0.170871799","2.77E-5","0.0976368","0.073207299","0.65625","0.004","315080","4000","5.054210848500271","6.4086389980297715","11.498400167812514","1.682066869867944","1.124774421937512","32","9182bbb858877f9a625ab3c8ae05e7120fdc466f42d5a1dceccf9395da6065e9",""
"4","2","0","baseline","eda9ebbaefdf404a3b7fdaa0c3105584d34b2373","38e02ddef01844140e3dfdfdd87733a37d26f59aeef6fcccc67fb13ed19a7d57","vectorPerformance","positive32","GPSS","4","1","427932","4000","500","Complete","0.168443601","2.1501E-5","0.094546","0.0738761","0.59375","0.004","310499","4000","4.949526595516298","7.4253970060875725","11.370735805288119","1.496332455560683","0.5218258205642705","32","f0d7064a140efac0e8d7992843e936b5b1ea4f33b336f96c18ed34d07d4ff733",""
"4","2","0","baseline","eda9ebbaefdf404a3b7fdaa0c3105584d34b2373","38e02ddef01844140e3dfdfdd87733a37d26f59aeef6fcccc67fb13ed19a7d57","vectorPerformance","positive32","GPSS","4","2","435851","4000","500","Complete","0.169518199","2.3E-5","0.0957338","0.073761399","0.6875","0.003","312895","4000","6.595439608345559","8.875134343603566","10.947737821804315","1.3815878832703925","0.38311879002350624","32","0365e43fa384cead64ff9f89d32ea3ea9edfdb1f4523fadebe6c708ca213e343",""
"4","2","0","baseline","eda9ebbaefdf404a3b7fdaa0c3105584d34b2373","38e02ddef01844140e3dfdfdd87733a37d26f59aeef6fcccc67fb13ed19a7d57","vectorPerformance","positive32","GPSS","4","3","443770","4000","500","Complete","0.1710437","2.56E-5","0.0965558","0.0744623","0.65625","0.001","322378","4000","4.786571198089734","5.896539279571406","11.375709989448119","1.7909712039019074","1.5561805918696656","32","6ad6daee0ad4e8690da4c2f3a9ad5ab953ab95d6f3a80ac9994366367dae6f68",""
"4","2","0","baseline","eda9ebbaefdf404a3b7fdaa0c3105584d34b2373","38e02ddef01844140e3dfdfdd87733a37d26f59aeef6fcccc67fb13ed19a7d57","vectorPerformance","positive32","GPSS","4","4","451689","4000","500","Complete","0.1680741","2.45E-5","0.0954865","0.0725631","0.640625","0.002","312493","4000","7.11180708957874","8.71283262637544","16.641164170760746","1.408214647506748","0.6415784047018325","32","b56b7859597de05ce23273ba96ae874e4baee6fad0f20d955b87448e5465d676",""
"4","2","0","baseline","eda9ebbaefdf404a3b7fdaa0c3105584d34b2373","38e02ddef01844140e3dfdfdd87733a37d26f59aeef6fcccc67fb13ed19a7d57","vectorPerformance","positive32","Quantile","1","-2","404175","4000","500","Complete","0.6514063","2.21E-5","0.399434899","0.251949301","0.65625","0.011","2332703","4000","8030.260361578566","7443.725542312934","10980.95587684255","1.0012073242374708","0.03162578897149504","0","109d1589a3cfa1856056d074588bf62a00242342be20aaa02c7f9fa0c3d02464",""
"4","2","0","baseline","eda9ebbaefdf404a3b7fdaa0c3105584d34b2373","38e02ddef01844140e3dfdfdd87733a37d26f59aeef6fcccc67fb13ed19a7d57","vectorPerformance","positive32","Quantile","1","-1","412094","4000","500","Complete","0.6520053","2.18E-5","0.4088025","0.243181","0.65625","0.006","2332056","4000","7849.260320702932","7497.08911341319","10218.844461352033","1.000850226319869","0.023734462941020107","0","2e7ae8f39b7d995378c03be6210919257cb3c5da65a71f7499cfe9fc1c43ddaa",""
"4","2","0","baseline","eda9ebbaefdf404a3b7fdaa0c3105584d34b2373","38e02ddef01844140e3dfdfdd87733a37d26f59aeef6fcccc67fb13ed19a7d57","vectorPerformance","positive32","Quantile","1","0","420013","4000","500","Complete","0.645787101","3.4901E-5","0.3964565","0.2492957","1.0","0.009","2331456","4000","8061.462008922536","7644.287188277893","10396.228328686206","1.000767355772193","0.026399068267307313","0","b1c80d02d980f561db28b8e8c75872a90bfe94527189f07f4dfe1c9226d272e5",""
"4","2","0","baseline","eda9ebbaefdf404a3b7fdaa0c3105584d34b2373","38e02ddef01844140e3dfdfdd87733a37d26f59aeef6fcccc67fb13ed19a7d57","vectorPerformance","positive32","Quantile","1","1","427932","4000","500","Complete","0.657349399","2.1E-5","0.4069977","0.250330699","1.0","0.009","2330866","4000","7748.716822064378","7364.471868294603","10702.763364386927","1.0006942215274883","0.030448865944532777","0","218737eae3e2da277e8b65fe3a76bd5f04046950597185a676bdc475001c1e46",""
"4","2","0","baseline","eda9ebbaefdf404a3b7fdaa0c3105584d34b2373","38e02ddef01844140e3dfdfdd87733a37d26f59aeef6fcccc67fb13ed19a7d57","vectorPerformance","positive32","Quantile","1","2","435851","4000","500","Complete","0.6462968","2.02E-5","0.397631699","0.248644901","0.640625","0.008","2331863","4000","7994.761109518766","7444.795092892279","10756.070846197807","1.0010742652566522","0.026722483101742966","0","fb50892c47662c7c9c7473b45775635e782a20ef09488c3bc7f407bd559adfe3",""
"4","2","0","baseline","eda9ebbaefdf404a3b7fdaa0c3105584d34b2373","38e02ddef01844140e3dfdfdd87733a37d26f59aeef6fcccc67fb13ed19a7d57","vectorPerformance","positive32","Quantile","1","3","443770","4000","500","Complete","0.645656599","4.7299E-5","0.396126901","0.249482399","0.65625","0.01","2331071","4000","8046.326204198977","7094.826103737033","10587.156707045673","1.0006492486922247","0.022192055198105076","0","ea829d033823c80e3ad79c2bf9f4c957103c19055e7f39ac840ae3dd8ecf7787",""
"4","2","0","baseline","eda9ebbaefdf404a3b7fdaa0c3105584d34b2373","38e02ddef01844140e3dfdfdd87733a37d26f59aeef6fcccc67fb13ed19a7d57","vectorPerformance","positive32","Quantile","1","4","451689","4000","500","Complete","0.654343699","1.9999E-5","0.408890501","0.245433199","0.65625","0.005","2329615","4000","8049.572429524939","7585.9302215949265","10803.178568962107","1.001435614653514","0.019996657665890316","0","f2275fab90488b6e0703edb3fe7b6bef8718ce8c0b14a645dc9d2b61880d135c",""
"4","2","0","baseline","eda9ebbaefdf404a3b7fdaa0c3105584d34b2373","38e02ddef01844140e3dfdfdd87733a37d26f59aeef6fcccc67fb13ed19a7d57","vectorPerformance","positive32","Quantile","2","-2","404175","4000","500","Complete","0.3659775","2.0099E-5","0.236245401","0.129712","0.734375","0.006","2332703","4000","8030.260361578566","7443.725542312934","10980.95587684255","1.0012073242374708","0.03162578897149504","0","109d1589a3cfa1856056d074588bf62a00242342be20aaa02c7f9fa0c3d02464",""
"4","2","0","baseline","eda9ebbaefdf404a3b7fdaa0c3105584d34b2373","38e02ddef01844140e3dfdfdd87733a37d26f59aeef6fcccc67fb13ed19a7d57","vectorPerformance","positive32","Quantile","2","-1","412094","4000","500","Complete","0.355332999","2.05E-5","0.226412499","0.1289","1.03125","0.007","2332056","4000","7849.260320702932","7497.08911341319","10218.844461352033","1.000850226319869","0.023734462941020107","0","2e7ae8f39b7d995378c03be6210919257cb3c5da65a71f7499cfe9fc1c43ddaa",""
"4","2","0","baseline","eda9ebbaefdf404a3b7fdaa0c3105584d34b2373","38e02ddef01844140e3dfdfdd87733a37d26f59aeef6fcccc67fb13ed19a7d57","vectorPerformance","positive32","Quantile","2","0","420013","4000","500","Complete","0.3524427","1.95E-5","0.2226455","0.1297777","0.78125","0.007","2331456","4000","8061.462008922536","7644.287188277893","10396.228328686206","1.000767355772193","0.026399068267307313","0","b1c80d02d980f561db28b8e8c75872a90bfe94527189f07f4dfe1c9226d272e5",""
"4","2","0","baseline","eda9ebbaefdf404a3b7fdaa0c3105584d34b2373","38e02ddef01844140e3dfdfdd87733a37d26f59aeef6fcccc67fb13ed19a7d57","vectorPerformance","positive32","Quantile","2","1","427932","4000","500","Complete","0.3464748","2.05E-5","0.2210437","0.1254106","0.6875","0.006","2330866","4000","7748.716822064378","7364.471868294603","10702.763364386927","1.0006942215274883","0.030448865944532777","0","218737eae3e2da277e8b65fe3a76bd5f04046950597185a676bdc475001c1e46",""
"4","2","0","baseline","eda9ebbaefdf404a3b7fdaa0c3105584d34b2373","38e02ddef01844140e3dfdfdd87733a37d26f59aeef6fcccc67fb13ed19a7d57","vectorPerformance","positive32","Quantile","2","2","435851","4000","500","Complete","0.3588598","2.03E-5","0.2302553","0.1285842","0.6875","0.007","2331863","4000","7994.761109518766","7444.795092892279","10756.070846197807","1.0010742652566522","0.026722483101742966","0","fb50892c47662c7c9c7473b45775635e782a20ef09488c3bc7f407bd559adfe3",""
"4","2","0","baseline","eda9ebbaefdf404a3b7fdaa0c3105584d34b2373","38e02ddef01844140e3dfdfdd87733a37d26f59aeef6fcccc67fb13ed19a7d57","vectorPerformance","positive32","Quantile","2","3","443770","4000","500","Complete","0.3491192","2.61E-5","0.217905699","0.131187401","0.6875","0.005","2331071","4000","8046.326204198977","7094.826103737033","10587.156707045673","1.0006492486922247","0.022192055198105076","0","ea829d033823c80e3ad79c2bf9f4c957103c19055e7f39ac840ae3dd8ecf7787",""
"4","2","0","baseline","eda9ebbaefdf404a3b7fdaa0c3105584d34b2373","38e02ddef01844140e3dfdfdd87733a37d26f59aeef6fcccc67fb13ed19a7d57","vectorPerformance","positive32","Quantile","2","4","451689","4000","500","Complete","0.354441599","1.9499E-5","0.2262262","0.1281959","0.6875","0.008","2329615","4000","8049.572429524939","7585.9302215949265","10803.178568962107","1.001435614653514","0.019996657665890316","0","f2275fab90488b6e0703edb3fe7b6bef8718ce8c0b14a645dc9d2b61880d135c",""
"4","2","0","baseline","eda9ebbaefdf404a3b7fdaa0c3105584d34b2373","38e02ddef01844140e3dfdfdd87733a37d26f59aeef6fcccc67fb13ed19a7d57","vectorPerformance","positive32","Quantile","4","-2","404175","4000","500","Complete","0.2480581","2.0799E-5","0.178155401","0.0698819","0.921875","0.005","2332703","4000","8030.260361578566","7443.725542312934","10980.95587684255","1.0012073242374708","0.03162578897149504","0","109d1589a3cfa1856056d074588bf62a00242342be20aaa02c7f9fa0c3d02464",""
"4","2","0","baseline","eda9ebbaefdf404a3b7fdaa0c3105584d34b2373","38e02ddef01844140e3dfdfdd87733a37d26f59aeef6fcccc67fb13ed19a7d57","vectorPerformance","positive32","Quantile","4","-1","412094","4000","500","Complete","0.2481297","2.19E-5","0.1743527","0.0737551","0.96875","0.004","2332056","4000","7849.260320702932","7497.08911341319","10218.844461352033","1.000850226319869","0.023734462941020107","0","2e7ae8f39b7d995378c03be6210919257cb3c5da65a71f7499cfe9fc1c43ddaa",""
"4","2","0","baseline","eda9ebbaefdf404a3b7fdaa0c3105584d34b2373","38e02ddef01844140e3dfdfdd87733a37d26f59aeef6fcccc67fb13ed19a7d57","vectorPerformance","positive32","Quantile","4","0","420013","4000","500","Complete","0.255574301","1.9901E-5","0.1793401","0.0762143","0.953125","0.006","2331456","4000","8061.462008922536","7644.287188277893","10396.228328686206","1.000767355772193","0.026399068267307313","0","b1c80d02d980f561db28b8e8c75872a90bfe94527189f07f4dfe1c9226d272e5",""
"4","2","0","baseline","eda9ebbaefdf404a3b7fdaa0c3105584d34b2373","38e02ddef01844140e3dfdfdd87733a37d26f59aeef6fcccc67fb13ed19a7d57","vectorPerformance","positive32","Quantile","4","1","427932","4000","500","Complete","0.2517427","1.8401E-5","0.1752925","0.076431799","0.953125","0.008","2330866","4000","7748.716822064378","7364.471868294603","10702.763364386927","1.0006942215274883","0.030448865944532777","0","218737eae3e2da277e8b65fe3a76bd5f04046950597185a676bdc475001c1e46",""
"4","2","0","baseline","eda9ebbaefdf404a3b7fdaa0c3105584d34b2373","38e02ddef01844140e3dfdfdd87733a37d26f59aeef6fcccc67fb13ed19a7d57","vectorPerformance","positive32","Quantile","4","2","435851","4000","500","Complete","0.2487558","2.04E-5","0.1789528","0.0697826","0.953125","0.006","2331863","4000","7994.761109518766","7444.795092892279","10756.070846197807","1.0010742652566522","0.026722483101742966","0","fb50892c47662c7c9c7473b45775635e782a20ef09488c3bc7f407bd559adfe3",""
"4","2","0","baseline","eda9ebbaefdf404a3b7fdaa0c3105584d34b2373","38e02ddef01844140e3dfdfdd87733a37d26f59aeef6fcccc67fb13ed19a7d57","vectorPerformance","positive32","Quantile","4","3","443770","4000","500","Complete","0.2502163","1.86E-5","0.177351399","0.072846301","1.0","0.006","2331071","4000","8046.326204198977","7094.826103737033","10587.156707045673","1.0006492486922247","0.022192055198105076","0","ea829d033823c80e3ad79c2bf9f4c957103c19055e7f39ac840ae3dd8ecf7787",""
"4","2","0","baseline","eda9ebbaefdf404a3b7fdaa0c3105584d34b2373","38e02ddef01844140e3dfdfdd87733a37d26f59aeef6fcccc67fb13ed19a7d57","vectorPerformance","positive32","Quantile","4","4","451689","4000","500","Complete","0.2540801","1.99E-5","0.182144","0.0719162","1.0","0.006","2329615","4000","8049.572429524939","7585.9302215949265","10803.178568962107","1.001435614653514","0.019996657665890316","0","f2275fab90488b6e0703edb3fe7b6bef8718ce8c0b14a645dc9d2b61880d135c",""
"5","2","1","current","c6410392edd5b83003dbde0a9e0f1626dbac5328","3c4eb5aa557927d8666f64a5ccf45de3609b074f89f8e4b1b3604a66d52a3654","vectorPerformance","correlated32","GPSS","1","-2","404175","4000","500","Complete","0.398367699","3.15E-5","0.207427599","0.1909086","0.421875","0.004","265461","4000","645.117038188815","619.6601510130125","111.82974658890811","1.4709232708798055","0.0221888479832677","32","34ba7e81aae421fabb6d7abc8b37fed811e4c6a3b11b225e03c34135c20e5fab",""
"5","2","1","current","c6410392edd5b83003dbde0a9e0f1626dbac5328","3c4eb5aa557927d8666f64a5ccf45de3609b074f89f8e4b1b3604a66d52a3654","vectorPerformance","correlated32","GPSS","1","-1","412094","4000","500","Complete","0.3935157","3.26E-5","0.202686599","0.190796501","0.734375","0.002","260316","4000","564.5119782236644","553.9746471274595","68.93212740164371","1.6458772028336794","0.06977010736276656","32","0dd72e443f3b53513a682dd3fda3078d30eb3ca1e5546f164ad2b8797a0cc49f",""
"5","2","1","current","c6410392edd5b83003dbde0a9e0f1626dbac5328","3c4eb5aa557927d8666f64a5ccf45de3609b074f89f8e4b1b3604a66d52a3654","vectorPerformance","correlated32","GPSS","1","0","420013","4000","500","Complete","0.4042413","3.17E-5","0.2143701","0.1898395","0.40625","0.004","271170","4000","550.788691510793","462.92862585511017","31.898583590051008","1.6153232296497368","0.02539427674995709","32","4e32fd58fd10390b4e797c6902eed30b34036ec3e48184af25c550e5ecd201e4",""
"5","2","1","current","c6410392edd5b83003dbde0a9e0f1626dbac5328","3c4eb5aa557927d8666f64a5ccf45de3609b074f89f8e4b1b3604a66d52a3654","vectorPerformance","correlated32","GPSS","1","1","427932","4000","500","Complete","0.3859772","3.16E-5","0.1936562","0.1922894","0.40625","0.002","243643","4000","728.9168563232058","707.6422054588379","37.327199337196575","1.394679319897266","0.014786962883091226","32","6556bc9a5258d4cf10554a8f1be0f66bc02b8dd465a89ab0179fc4a9bce27863",""
"5","2","1","current","c6410392edd5b83003dbde0a9e0f1626dbac5328","3c4eb5aa557927d8666f64a5ccf45de3609b074f89f8e4b1b3604a66d52a3654","vectorPerformance","correlated32","GPSS","1","2","435851","4000","500","Complete","0.389625299","2.3599E-5","0.198284501","0.191317199","0.390625","0.003","252525","4000","851.515000276373","802.0414367077282","72.65826721585422","1.3443798021720257","0.05441559245735261","32","241b3dbb9e14d1912d29f4167a0d49b5aac92799d098cc4aea7fd189aea591d5",""
"5","2","1","current","c6410392edd5b83003dbde0a9e0f1626dbac5328","3c4eb5aa557927d8666f64a5ccf45de3609b074f89f8e4b1b3604a66d52a3654","vectorPerformance","correlated32","GPSS","1","3","443770","4000","500","Complete","0.3915646","2.33E-5","0.2033983","0.188143","0.40625","0.002","252476","4000","579.6107666912351","519.1606176358861","80.32525737492834","1.1037679615355824","0.05661873010414342","32","e379cb80ecf5804cc22ddf166b2fd12dfc52cf394467b1b6e6cab088cb4ce1a7",""
"5","2","1","current","c6410392edd5b83003dbde0a9e0f1626dbac5328","3c4eb5aa557927d8666f64a5ccf45de3609b074f89f8e4b1b3604a66d52a3654","vectorPerformance","correlated32","GPSS","1","4","451689","4000","500","Complete","0.4060615","2.21E-5","0.213132799","0.192906601","0.40625","0.004","276146","4000","745.841296773472","687.9271641953604","73.67496547194912","1.1447391912214941","0.06804485983194875","32","d07f89bf5cc41c4bd92db0f6611a71a2eba9eae89a88327e3e8eeccefa31029b",""
"5","2","1","current","c6410392edd5b83003dbde0a9e0f1626dbac5328","3c4eb5aa557927d8666f64a5ccf45de3609b074f89f8e4b1b3604a66d52a3654","vectorPerformance","correlated32","GPSS","2","-2","404175","4000","500","Complete","0.241933101","3.7201E-5","0.1423496","0.0995463","0.9375","0.003","265461","4000","645.117038188815","619.6601510130125","111.82974658890811","1.4709232708798055","0.0221888479832677","32","34ba7e81aae421fabb6d7abc8b37fed811e4c6a3b11b225e03c34135c20e5fab",""
"5","2","1","current","c6410392edd5b83003dbde0a9e0f1626dbac5328","3c4eb5aa557927d8666f64a5ccf45de3609b074f89f8e4b1b3604a66d52a3654","vectorPerformance","correlated32","GPSS","2","-1","412094","4000","500","Complete","0.245584899","3.08E-5","0.136560799","0.1089933","0.5","0.005","260316","4000","564.5119782236644","553.9746471274595","68.93212740164371","1.6458772028336794","0.06977010736276656","32","0dd72e443f3b53513a682dd3fda3078d30eb3ca1e5546f164ad2b8797a0cc49f",""
"5","2","1","current","c6410392edd5b83003dbde0a9e0f1626dbac5328","3c4eb5aa557927d8666f64a5ccf45de3609b074f89f8e4b1b3604a66d52a3654","vectorPerformance","correlated32","GPSS","2","0","420013","4000","500","Complete","0.2446455","3.22E-5","0.1402085","0.1044048","0.546875","0.004","271170","4000","550.788691510793","462.92862585511017","31.898583590051008","1.6153232296497368","0.02539427674995709","32","4e32fd58fd10390b4e797c6902eed30b34036ec3e48184af25c550e5ecd201e4",""
"5","2","1","current","c6410392edd5b83003dbde0a9e0f1626dbac5328","3c4eb5aa557927d8666f64a5ccf45de3609b074f89f8e4b1b3604a66d52a3654","vectorPerformance","correlated32","GPSS","2","1","427932","4000","500","Complete","0.2369441","5.18E-5","0.1270766","0.1098157","0.453125","0.004","243643","4000","728.9168563232058","707.6422054588379","37.327199337196575","1.394679319897266","0.014786962883091226","32","6556bc9a5258d4cf10554a8f1be0f66bc02b8dd465a89ab0179fc4a9bce27863",""
"5","2","1","current","c6410392edd5b83003dbde0a9e0f1626dbac5328","3c4eb5aa557927d8666f64a5ccf45de3609b074f89f8e4b1b3604a66d52a3654","vectorPerformance","correlated32","GPSS","2","2","435851","4000","500","Complete","0.2358499","2.73E-5","0.135220199","0.100602401","0.453125","0.003","252525","4000","851.515000276373","802.0414367077282","72.65826721585422","1.3443798021720257","0.05441559245735261","32","241b3dbb9e14d1912d29f4167a0d49b5aac92799d098cc4aea7fd189aea591d5",""
"5","2","1","current","c6410392edd5b83003dbde0a9e0f1626dbac5328","3c4eb5aa557927d8666f64a5ccf45de3609b074f89f8e4b1b3604a66d52a3654","vectorPerformance","correlated32","GPSS","2","3","443770","4000","500","Complete","0.2384556","2.5399E-5","0.131305301","0.1071249","0.46875","0.005","252476","4000","579.6107666912351","519.1606176358861","80.32525737492834","1.1037679615355824","0.05661873010414342","32","e379cb80ecf5804cc22ddf166b2fd12dfc52cf394467b1b6e6cab088cb4ce1a7",""
"5","2","1","current","c6410392edd5b83003dbde0a9e0f1626dbac5328","3c4eb5aa557927d8666f64a5ccf45de3609b074f89f8e4b1b3604a66d52a3654","vectorPerformance","correlated32","GPSS","2","4","451689","4000","500","Complete","0.2463478","2.2099E-5","0.1437765","0.102549201","0.5","0.004","276146","4000","745.841296773472","687.9271641953604","73.67496547194912","1.1447391912214941","0.06804485983194875","32","d07f89bf5cc41c4bd92db0f6611a71a2eba9eae89a88327e3e8eeccefa31029b",""
"5","2","1","current","c6410392edd5b83003dbde0a9e0f1626dbac5328","3c4eb5aa557927d8666f64a5ccf45de3609b074f89f8e4b1b3604a66d52a3654","vectorPerformance","correlated32","GPSS","4","-2","404175","4000","500","Complete","0.1860615","3.19E-5","0.1281047","0.0579249","0.765625","0.004","265461","4000","645.117038188815","619.6601510130125","111.82974658890811","1.4709232708798055","0.0221888479832677","32","34ba7e81aae421fabb6d7abc8b37fed811e4c6a3b11b225e03c34135c20e5fab",""
"5","2","1","current","c6410392edd5b83003dbde0a9e0f1626dbac5328","3c4eb5aa557927d8666f64a5ccf45de3609b074f89f8e4b1b3604a66d52a3654","vectorPerformance","correlated32","GPSS","4","-1","412094","4000","500","Complete","0.189831001","3.06E-5","0.130094101","0.0597063","0.71875","0.004","260316","4000","564.5119782236644","553.9746471274595","68.93212740164371","1.6458772028336794","0.06977010736276656","32","0dd72e443f3b53513a682dd3fda3078d30eb3ca1e5546f164ad2b8797a0cc49f",""
"5","2","1","current","c6410392edd5b83003dbde0a9e0f1626dbac5328","3c4eb5aa557927d8666f64a5ccf45de3609b074f89f8e4b1b3604a66d52a3654","vectorPerformance","correlated32","GPSS","4","0","420013","4000","500","Complete","0.196301401","3.3101E-5","0.130483599","0.065784701","0.734375","0.005","271170","4000","550.788691510793","462.92862585511017","31.898583590051008","1.6153232296497368","0.02539427674995709","32","4e32fd58fd10390b4e797c6902eed30b34036ec3e48184af25c550e5ecd201e4",""
"5","2","1","current","c6410392edd5b83003dbde0a9e0f1626dbac5328","3c4eb5aa557927d8666f64a5ccf45de3609b074f89f8e4b1b3604a66d52a3654","vectorPerformance","correlated32","GPSS","4","1","427932","4000","500","Complete","0.1847046","3.19E-5","0.1218264","0.0628463","0.6875","0.004","243643","4000","728.9168563232058","707.6422054588379","37.327199337196575","1.394679319897266","0.014786962883091226","32","6556bc9a5258d4cf10554a8f1be0f66bc02b8dd465a89ab0179fc4a9bce27863",""
"5","2","1","current","c6410392edd5b83003dbde0a9e0f1626dbac5328","3c4eb5aa557927d8666f64a5ccf45de3609b074f89f8e4b1b3604a66d52a3654","vectorPerformance","correlated32","GPSS","4","2","435851","4000","500","Complete","0.187372701","4.9601E-5","0.120975899","0.066347201","1.03125","0.004","252525","4000","851.515000276373","802.0414367077282","72.65826721585422","1.3443798021720257","0.05441559245735261","32","241b3dbb9e14d1912d29f4167a0d49b5aac92799d098cc4aea7fd189aea591d5",""
"5","2","1","current","c6410392edd5b83003dbde0a9e0f1626dbac5328","3c4eb5aa557927d8666f64a5ccf45de3609b074f89f8e4b1b3604a66d52a3654","vectorPerformance","correlated32","GPSS","4","3","443770","4000","500","Complete","0.188621501","2.2001E-5","0.121414999","0.067184501","0.765625","0.004","252476","4000","579.6107666912351","519.1606176358861","80.32525737492834","1.1037679615355824","0.05661873010414342","32","e379cb80ecf5804cc22ddf166b2fd12dfc52cf394467b1b6e6cab088cb4ce1a7",""
"5","2","1","current","c6410392edd5b83003dbde0a9e0f1626dbac5328","3c4eb5aa557927d8666f64a5ccf45de3609b074f89f8e4b1b3604a66d52a3654","vectorPerformance","correlated32","GPSS","4","4","451689","4000","500","Complete","0.1936281","2.3501E-5","0.133749299","0.0598553","0.71875","0.004","276146","4000","745.841296773472","687.9271641953604","73.67496547194912","1.1447391912214941","0.06804485983194875","32","d07f89bf5cc41c4bd92db0f6611a71a2eba9eae89a88327e3e8eeccefa31029b",""
"5","2","1","current","c6410392edd5b83003dbde0a9e0f1626dbac5328","3c4eb5aa557927d8666f64a5ccf45de3609b074f89f8e4b1b3604a66d52a3654","vectorPerformance","correlated32","Quantile","1","-2","404175","4000","500","Complete","1.521745601","2.0501E-5","1.3260025","0.1957226","1.53125","0.017","3282856","4000","23.797668269094697","23.991783455481954","49.25430937145106","1.1516283632440742","0.3728865535403717","32","a76e28f6e88c6be3891bdc833beb8d8d0a1740b95f0935a4806e8ab65d3c899c",""
"5","2","1","current","c6410392edd5b83003dbde0a9e0f1626dbac5328","3c4eb5aa557927d8666f64a5ccf45de3609b074f89f8e4b1b3604a66d52a3654","vectorPerformance","correlated32","Quantile","1","-1","412094","4000","500","Complete","1.484","2.0099E-5","1.289877201","0.1941027","1.484375","0.017","3230583","4000","31.726513907349148","31.532168002260388","97.16989966673968","1.0798839490509835","0.08306741567350584","32","f9ed8df14134bddcfbb2d40aa6e479cfbaad40e1882750767724d2bc52df3b34",""
"5","2","1","current","c6410392edd5b83003dbde0a9e0f1626dbac5328","3c4eb5aa557927d8666f64a5ccf45de3609b074f89f8e4b1b3604a66d52a3654","vectorPerformance","correlated32","Quantile","1","0","420013","4000","500","Complete","1.5233259","2.0299E-5","1.329382401","0.1939232","2.25","0.023","3251733","4000","36.23737925347603","37.074760300245536","94.41153342442881","1.094481746270784","0.006936160462634622","32","70f5117f96cd02d2870b347963ec61f489004b4e752f979286b6bbb78357a72b",""
"5","2","1","current","c6410392edd5b83003dbde0a9e0f1626dbac5328","3c4eb5aa557927d8666f64a5ccf45de3609b074f89f8e4b1b3604a66d52a3654","vectorPerformance","correlated32","Quantile","1","1","427932","4000","500","Complete","1.4913669","2.0899E-5","1.2977793","0.193566701","2.515625","0.018","3236479","4000","31.801672449893193","32.058114379350506","84.74388663935426","1.0852433257313874","0.03363458703623934","32","9361e774d845e114d77fdb68cfdc974ca4f240b9ee801485b53bd51fdc75e4ee",""
"5","2","1","current","c6410392edd5b83003dbde0a9e0f1626dbac5328","3c4eb5aa557927d8666f64a5ccf45de3609b074f89f8e4b1b3604a66d52a3654","vectorPerformance","correlated32","Quantile","1","2","435851","4000","500","Complete","1.5032563","2.04E-5","1.3011994","0.2020365","1.5","0.019","3213584","4000","18.827593772089372","19.418977153927276","144.36214774069362","1.1856715933721973","0.22462708158086309","32","be8072aea54a06faab2c2090774614aa1ad4df6564d26d325be8e1037fc3c851",""
"5","2","1","current","c6410392edd5b83003dbde0a9e0f1626dbac5328","3c4eb5aa557927d8666f64a5ccf45de3609b074f89f8e4b1b3604a66d52a3654","vectorPerformance","correlated32","Quantile","1","3","443770","4000","500","Complete","1.5310466","2.1E-5","1.3257474","0.2052782","1.53125","0.02","3292746","4000","8.551688513959126","8.66542172384507","23.37880092498311","1.3883316083476982","0.08359316129464744","32","3ae74ba297dfc21cabfcf0707b44b409c98d3bd3f9dfc2b6af98aa1fde2b375a",""
"5","2","1","current","c6410392edd5b83003dbde0a9e0f1626dbac5328","3c4eb5aa557927d8666f64a5ccf45de3609b074f89f8e4b1b3604a66d52a3654","vectorPerformance","correlated32","Quantile","1","4","451689","4000","500","Complete","1.495602301","1.9901E-5","1.293212","0.2023704","1.578125","0.021","3210555","4000","32.00943946980557","33.91863557210035","93.00550074538009","1.0837128123690845","0.1407722816405288","32","6de2fd21c7960b9d9708ca419e8aba6e1a90d027a2db52b77e66a4a749ca160e",""
"5","2","1","current","c6410392edd5b83003dbde0a9e0f1626dbac5328","3c4eb5aa557927d8666f64a5ccf45de3609b074f89f8e4b1b3604a66d52a3654","vectorPerformance","correlated32","Quantile","2","-2","404175","4000","500","Complete","0.9826751","1.89E-5","0.8788525","0.1038037","2.0625","0.018","3282856","4000","23.797668269094697","23.991783455481954","49.25430937145106","1.1516283632440742","0.3728865535403717","32","a76e28f6e88c6be3891bdc833beb8d8d0a1740b95f0935a4806e8ab65d3c899c",""
"5","2","1","current","c6410392edd5b83003dbde0a9e0f1626dbac5328","3c4eb5aa557927d8666f64a5ccf45de3609b074f89f8e4b1b3604a66d52a3654","vectorPerformance","correlated32","Quantile","2","-1","412094","4000","500","Complete","0.965107899","1.92E-5","0.8634457","0.101642999","2.25","0.017","3230583","4000","31.726513907349148","31.532168002260388","97.16989966673968","1.0798839490509835","0.08306741567350584","32","f9ed8df14134bddcfbb2d40aa6e479cfbaad40e1882750767724d2bc52df3b34",""
"5","2","1","current","c6410392edd5b83003dbde0a9e0f1626dbac5328","3c4eb5aa557927d8666f64a5ccf45de3609b074f89f8e4b1b3604a66d52a3654","vectorPerformance","correlated32","Quantile","2","0","420013","4000","500","Complete","0.9653911","2.0799E-5","0.857968001","0.1074023","2.3125","0.019","3251733","4000","36.23737925347603","37.074760300245536","94.41153342442881","1.094481746270784","0.006936160462634622","32","70f5117f96cd02d2870b347963ec61f489004b4e752f979286b6bbb78357a72b",""
"5","2","1","current","c6410392edd5b83003dbde0a9e0f1626dbac5328","3c4eb5aa557927d8666f64a5ccf45de3609b074f89f8e4b1b3604a66d52a3654","vectorPerformance","correlated32","Quantile","2","1","427932","4000","500","Complete","0.964073999","2.14E-5","0.8559217","0.108130899","2.265625","0.018","3236479","4000","31.801672449893193","32.058114379350506","84.74388663935426","1.0852433257313874","0.03363458703623934","32","9361e774d845e114d77fdb68cfdc974ca4f240b9ee801485b53bd51fdc75e4ee",""
"5","2","1","current","c6410392edd5b83003dbde0a9e0f1626dbac5328","3c4eb5aa557927d8666f64a5ccf45de3609b074f89f8e4b1b3604a66d52a3654","vectorPerformance","correlated32","Quantile","2","2","435851","4000","500","Complete","0.967214999","2.1699E-5","0.854731501","0.112461799","1.90625","0.018","3213584","4000","18.827593772089372","19.418977153927276","144.36214774069362","1.1856715933721973","0.22462708158086309","32","be8072aea54a06faab2c2090774614aa1ad4df6564d26d325be8e1037fc3c851",""
"5","2","1","current","c6410392edd5b83003dbde0a9e0f1626dbac5328","3c4eb5aa557927d8666f64a5ccf45de3609b074f89f8e4b1b3604a66d52a3654","vectorPerformance","correlated32","Quantile","2","3","443770","4000","500","Complete","0.9883196","2.0999E-5","0.875019401","0.1132792","1.953125","0.017","3292746","4000","8.551688513959126","8.66542172384507","23.37880092498311","1.3883316083476982","0.08359316129464744","32","3ae74ba297dfc21cabfcf0707b44b409c98d3bd3f9dfc2b6af98aa1fde2b375a",""
"5","2","1","current","c6410392edd5b83003dbde0a9e0f1626dbac5328","3c4eb5aa557927d8666f64a5ccf45de3609b074f89f8e4b1b3604a66d52a3654","vectorPerformance","correlated32","Quantile","2","4","451689","4000","500","Complete","0.9646224","1.8199E-5","0.850999901","0.1136043","2.25","0.019","3210555","4000","32.00943946980557","33.91863557210035","93.00550074538009","1.0837128123690845","0.1407722816405288","32","6de2fd21c7960b9d9708ca419e8aba6e1a90d027a2db52b77e66a4a749ca160e",""
"5","2","1","current","c6410392edd5b83003dbde0a9e0f1626dbac5328","3c4eb5aa557927d8666f64a5ccf45de3609b074f89f8e4b1b3604a66d52a3654","vectorPerformance","correlated32","Quantile","4","-2","404175","4000","500","Complete","0.8803036","2.01E-5","0.8155989","0.0646846","3.5","0.018","3282856","4000","23.797668269094697","23.991783455481954","49.25430937145106","1.1516283632440742","0.3728865535403717","32","a76e28f6e88c6be3891bdc833beb8d8d0a1740b95f0935a4806e8ab65d3c899c",""
"5","2","1","current","c6410392edd5b83003dbde0a9e0f1626dbac5328","3c4eb5aa557927d8666f64a5ccf45de3609b074f89f8e4b1b3604a66d52a3654","vectorPerformance","correlated32","Quantile","4","-1","412094","4000","500","Complete","0.853876899","2.91E-5","0.7912798","0.062567999","3.4375","0.016","3230583","4000","31.726513907349148","31.532168002260388","97.16989966673968","1.0798839490509835","0.08306741567350584","32","f9ed8df14134bddcfbb2d40aa6e479cfbaad40e1882750767724d2bc52df3b34",""
"5","2","1","current","c6410392edd5b83003dbde0a9e0f1626dbac5328","3c4eb5aa557927d8666f64a5ccf45de3609b074f89f8e4b1b3604a66d52a3654","vectorPerformance","correlated32","Quantile","4","0","420013","4000","500","Complete","0.8636776","2.37E-5","0.799591299","0.064062601","4.109375","0.019","3251733","4000","36.23737925347603","37.074760300245536","94.41153342442881","1.094481746270784","0.006936160462634622","32","70f5117f96cd02d2870b347963ec61f489004b4e752f979286b6bbb78357a72b",""
"5","2","1","current","c6410392edd5b83003dbde0a9e0f1626dbac5328","3c4eb5aa557927d8666f64a5ccf45de3609b074f89f8e4b1b3604a66d52a3654","vectorPerformance","correlated32","Quantile","4","1","427932","4000","500","Complete","0.8564496","2.04E-5","0.793451299","0.062977901","4.015625","0.018","3236479","4000","31.801672449893193","32.058114379350506","84.74388663935426","1.0852433257313874","0.03363458703623934","32","9361e774d845e114d77fdb68cfdc974ca4f240b9ee801485b53bd51fdc75e4ee",""
"5","2","1","current","c6410392edd5b83003dbde0a9e0f1626dbac5328","3c4eb5aa557927d8666f64a5ccf45de3609b074f89f8e4b1b3604a66d52a3654","vectorPerformance","correlated32","Quantile","4","2","435851","4000","500","Complete","0.863888299","2.04E-5","0.7960544","0.067813499","3.71875","0.019","3213584","4000","18.827593772089372","19.418977153927276","144.36214774069362","1.1856715933721973","0.22462708158086309","32","be8072aea54a06faab2c2090774614aa1ad4df6564d26d325be8e1037fc3c851",""
"5","2","1","current","c6410392edd5b83003dbde0a9e0f1626dbac5328","3c4eb5aa557927d8666f64a5ccf45de3609b074f89f8e4b1b3604a66d52a3654","vectorPerformance","correlated32","Quantile","4","3","443770","4000","500","Complete","0.889368699","2.05E-5","0.814584","0.074764199","3.5","0.019","3292746","4000","8.551688513959126","8.66542172384507","23.37880092498311","1.3883316083476982","0.08359316129464744","32","3ae74ba297dfc21cabfcf0707b44b409c98d3bd3f9dfc2b6af98aa1fde2b375a",""
"5","2","1","current","c6410392edd5b83003dbde0a9e0f1626dbac5328","3c4eb5aa557927d8666f64a5ccf45de3609b074f89f8e4b1b3604a66d52a3654","vectorPerformance","correlated32","Quantile","4","4","451689","4000","500","Complete","0.853349099","2.11E-5","0.7879577","0.065370299","3.40625","0.018","3210555","4000","32.00943946980557","33.91863557210035","93.00550074538009","1.0837128123690845","0.1407722816405288","32","6de2fd21c7960b9d9708ca419e8aba6e1a90d027a2db52b77e66a4a749ca160e",""
"5","2","1","current","c6410392edd5b83003dbde0a9e0f1626dbac5328","3c4eb5aa557927d8666f64a5ccf45de3609b074f89f8e4b1b3604a66d52a3654","vectorPerformance","gaussian32","GPSS","1","-2","404175","4000","500","Complete","0.287528501","6.3901E-5","0.096762","0.1907026","0.328125","0.004","139155","4000","14560.87743232489","14566.888663880416","9030.296419517286","1.0011086994050007","0.013020088729037094","0","f3ae7e88a3469d95a481057ff78725be41612c1e7bdf2f3d1a7c73f5a42981cf",""
"5","2","1","current","c6410392edd5b83003dbde0a9e0f1626dbac5328","3c4eb5aa557927d8666f64a5ccf45de3609b074f89f8e4b1b3604a66d52a3654","vectorPerformance","gaussian32","GPSS","1","-1","412094","4000","500","Complete","0.2868762","4.1099E-5","0.0951882","0.191646901","0.28125","0.005","138730","4000","14723.327722756223","14738.615855733822","8857.898575485036","1.0012097458367082","0.014860253936955947","0","6d85793e19e5639b0a7430ab942ac98e6519fa4be0fbcee8a8930a2af289299d",""
"5","2","1","current","c6410392edd5b83003dbde0a9e0f1626dbac5328","3c4eb5aa557927d8666f64a5ccf45de3609b074f89f8e4b1b3604a66d52a3654","vectorPerformance","gaussian32","GPSS","1","0","420013","4000","500","Complete","0.289633899","4.57E-5","0.0948185","0.194769699","0.65625","0.009","138723","4000","14789.309502344258","14770.299991933614","8878.031772176253","1.0012114173589253","0.02042856356087519","0","fb030bc811389f4cc0c40b053f280c25c0c5e58babb6d5eb761947efb8511783",""
"5","2","1","current","c6410392edd5b83003dbde0a9e0f1626dbac5328","3c4eb5aa557927d8666f64a5ccf45de3609b074f89f8e4b1b3604a66d52a3654","vectorPerformance","gaussian32","GPSS","1","1","427932","4000","500","Complete","0.2871462","3.93E-5","0.0959992","0.1911077","0.3125","0.004","138788","4000","15028.158264845573","15037.33690560915","9075.6220980371","1.0011653829278853","0.016607695975976222","0","3d0bccbf5e695e5e8a5d89fa29a1a353b231a8693474ffa5e1944f58eee51881",""
"5","2","1","current","c6410392edd5b83003dbde0a9e0f1626dbac5328","3c4eb5aa557927d8666f64a5ccf45de3609b074f89f8e4b1b3604a66d52a3654","vectorPerformance","gaussian32","GPSS","1","2","435851","4000","500","Complete","0.285403401","3.5901E-5","0.094737899","0.190629601","0.296875","0.004","138703","4000","14933.892470949851","14950.607747787408","8635.192267898514","1.001735370997425","0.021490044822388643","0","603bdfe20f551e62d9c5fbc68e896eb978d3c40134ec7e7cbc17b062760b5957",""
"5","2","1","current","c6410392edd5b83003dbde0a9e0f1626dbac5328","3c4eb5aa557927d8666f64a5ccf45de3609b074f89f8e4b1b3604a66d52a3654","vectorPerformance","gaussian32","GPSS","1","3","443770","4000","500","Complete","0.2834765","3.6699E-5","0.096712001","0.1867278","0.296875","0.003","138777","4000","15223.671841621832","15221.605805391002","9210.378340418303","1.0015395267295784","0.016172276604625724","0","2ead94f9fc645301334f7309cfcc4f5b6e54cfdca48deed2f7e56fe38456b29a",""
"5","2","1","current","c6410392edd5b83003dbde0a9e0f1626dbac5328","3c4eb5aa557927d8666f64a5ccf45de3609b074f89f8e4b1b3604a66d52a3654","vectorPerformance","gaussian32","GPSS","1","4","451689","4000","500","Complete","0.2850742","3.87E-5","0.0953243","0.1897112","0.28125","0.003","138750","4000","14345.553258947568","14342.778169951296","8945.28266108745","1.0011866456042022","0.01864774016529802","0","d4278b864a0c0454d1730a6de2433aebfa0ebf5de90d82ef8563be3b95ce2d1a",""
"5","2","1","current","c6410392edd5b83003dbde0a9e0f1626dbac5328","3c4eb5aa557927d8666f64a5ccf45de3609b074f89f8e4b1b3604a66d52a3654","vectorPerformance","gaussian32","GPSS","2","-2","404175","4000","500","Complete","0.1669425","1.96E-4","0.0653834","0.1013631","0.359375","0.002","139155","4000","14560.87743232489","14566.888663880416","9030.296419517286","1.0011086994050007","0.013020088729037094","0","f3ae7e88a3469d95a481057ff78725be41612c1e7bdf2f3d1a7c73f5a42981cf",""
"5","2","1","current","c6410392edd5b83003dbde0a9e0f1626dbac5328","3c4eb5aa557927d8666f64a5ccf45de3609b074f89f8e4b1b3604a66d52a3654","vectorPerformance","gaussian32","GPSS","2","-1","412094","4000","500","Complete","0.1661267","3.91E-5","0.064341099","0.101746501","0.3125","0.003","138730","4000","14723.327722756223","14738.615855733822","8857.898575485036","1.0012097458367082","0.014860253936955947","0","6d85793e19e5639b0a7430ab942ac98e6519fa4be0fbcee8a8930a2af289299d",""
"5","2","1","current","c6410392edd5b83003dbde0a9e0f1626dbac5328","3c4eb5aa557927d8666f64a5ccf45de3609b074f89f8e4b1b3604a66d52a3654","vectorPerformance","gaussian32","GPSS","2","0","420013","4000","500","Complete","0.161927601","3.8901E-5","0.0631095","0.0987792","0.3125","0.002","138723","4000","14789.309502344258","14770.299991933614","8878.031772176253","1.0012114173589253","0.02042856356087519","0","fb030bc811389f4cc0c40b053f280c25c0c5e58babb6d5eb761947efb8511783",""
"5","2","1","current","c6410392edd5b83003dbde0a9e0f1626dbac5328","3c4eb5aa557927d8666f64a5ccf45de3609b074f89f8e4b1b3604a66d52a3654","vectorPerformance","gaussian32","GPSS","2","1","427932","4000","500","Complete","0.1654989","3.8301E-5","0.0625139","0.102946699","0.3125","0.004","138788","4000","15028.158264845573","15037.33690560915","9075.6220980371","1.0011653829278853","0.016607695975976222","0","3d0bccbf5e695e5e8a5d89fa29a1a353b231a8693474ffa5e1944f58eee51881",""
"5","2","1","current","c6410392edd5b83003dbde0a9e0f1626dbac5328","3c4eb5aa557927d8666f64a5ccf45de3609b074f89f8e4b1b3604a66d52a3654","vectorPerformance","gaussian32","GPSS","2","2","435851","4000","500","Complete","0.1679633","3.59E-5","0.064162","0.1037654","0.640625","0.005","138703","4000","14933.892470949851","14950.607747787408","8635.192267898514","1.001735370997425","0.021490044822388643","0","603bdfe20f551e62d9c5fbc68e896eb978d3c40134ec7e7cbc17b062760b5957",""
"5","2","1","current","c6410392edd5b83003dbde0a9e0f1626dbac5328","3c4eb5aa557927d8666f64a5ccf45de3609b074f89f8e4b1b3604a66d52a3654","vectorPerformance","gaussian32","GPSS","2","3","443770","4000","500","Complete","0.1687918","3.61E-5","0.0631418","0.1056139","0.34375","0.004","138777","4000","15223.671841621832","15221.605805391002","9210.378340418303","1.0015395267295784","0.016172276604625724","0","2ead94f9fc645301334f7309cfcc4f5b6e54cfdca48deed2f7e56fe38456b29a",""
"5","2","1","current","c6410392edd5b83003dbde0a9e0f1626dbac5328","3c4eb5aa557927d8666f64a5ccf45de3609b074f89f8e4b1b3604a66d52a3654","vectorPerformance","gaussian32","GPSS","2","4","451689","4000","500","Complete","0.1664543","4.9199E-5","0.062327801","0.1040773","0.34375","0.004","138750","4000","14345.553258947568","14342.778169951296","8945.28266108745","1.0011866456042022","0.01864774016529802","0","d4278b864a0c0454d1730a6de2433aebfa0ebf5de90d82ef8563be3b95ce2d1a",""
"5","2","1","current","c6410392edd5b83003dbde0a9e0f1626dbac5328","3c4eb5aa557927d8666f64a5ccf45de3609b074f89f8e4b1b3604a66d52a3654","vectorPerformance","gaussian32","GPSS","4","-2","404175","4000","500","Complete","0.1189183","4.2499E-5","0.056801101","0.0620747","0.421875","0.004","139155","4000","14560.87743232489","14566.888663880416","9030.296419517286","1.0011086994050007","0.013020088729037094","0","f3ae7e88a3469d95a481057ff78725be41612c1e7bdf2f3d1a7c73f5a42981cf",""
"5","2","1","current","c6410392edd5b83003dbde0a9e0f1626dbac5328","3c4eb5aa557927d8666f64a5ccf45de3609b074f89f8e4b1b3604a66d52a3654","vectorPerformance","gaussian32","GPSS","4","-1","412094","4000","500","Complete","0.115592601","8.7901E-5","0.0587923","0.0567124","0.515625","0.002","138730","4000","14723.327722756223","14738.615855733822","8857.898575485036","1.0012097458367082","0.014860253936955947","0","6d85793e19e5639b0a7430ab942ac98e6519fa4be0fbcee8a8930a2af289299d",""
"5","2","1","current","c6410392edd5b83003dbde0a9e0f1626dbac5328","3c4eb5aa557927d8666f64a5ccf45de3609b074f89f8e4b1b3604a66d52a3654","vectorPerformance","gaussian32","GPSS","4","0","420013","4000","500","Complete","0.120360899","3.8E-5","0.058942199","0.0613807","0.515625","0.003","138723","4000","14789.309502344258","14770.299991933614","8878.031772176253","1.0012114173589253","0.02042856356087519","0","fb030bc811389f4cc0c40b053f280c25c0c5e58babb6d5eb761947efb8511783",""
"5","2","1","current","c6410392edd5b83003dbde0a9e0f1626dbac5328","3c4eb5aa557927d8666f64a5ccf45de3609b074f89f8e4b1b3604a66d52a3654","vectorPerformance","gaussian32","GPSS","4","1","427932","4000","500","Complete","0.115650701","3.7801E-5","0.0596264","0.0559865","0.4375","0.003","138788","4000","15028.158264845573","15037.33690560915","9075.6220980371","1.0011653829278853","0.016607695975976222","0","3d0bccbf5e695e5e8a5d89fa29a1a353b231a8693474ffa5e1944f58eee51881",""
"5","2","1","current","c6410392edd5b83003dbde0a9e0f1626dbac5328","3c4eb5aa557927d8666f64a5ccf45de3609b074f89f8e4b1b3604a66d52a3654","vectorPerformance","gaussian32","GPSS","4","2","435851","4000","500","Complete","0.1175213","4.83E-5","0.0588185","0.0586545","0.453125","0.002","138703","4000","14933.892470949851","14950.607747787408","8635.192267898514","1.001735370997425","0.021490044822388643","0","603bdfe20f551e62d9c5fbc68e896eb978d3c40134ec7e7cbc17b062760b5957",""
"5","2","1","current","c6410392edd5b83003dbde0a9e0f1626dbac5328","3c4eb5aa557927d8666f64a5ccf45de3609b074f89f8e4b1b3604a66d52a3654","vectorPerformance","gaussian32","GPSS","4","3","443770","4000","500","Complete","0.1197957","4.1299E-5","0.0628683","0.056886101","0.515625","0.003","138777","4000","15223.671841621832","15221.605805391002","9210.378340418303","1.0015395267295784","0.016172276604625724","0","2ead94f9fc645301334f7309cfcc4f5b6e54cfdca48deed2f7e56fe38456b29a",""
"5","2","1","current","c6410392edd5b83003dbde0a9e0f1626dbac5328","3c4eb5aa557927d8666f64a5ccf45de3609b074f89f8e4b1b3604a66d52a3654","vectorPerformance","gaussian32","GPSS","4","4","451689","4000","500","Complete","0.1149729","3.76E-5","0.0584595","0.0564758","0.4375","0.002","138750","4000","14345.553258947568","14342.778169951296","8945.28266108745","1.0011866456042022","0.01864774016529802","0","d4278b864a0c0454d1730a6de2433aebfa0ebf5de90d82ef8563be3b95ce2d1a",""
"5","2","1","current","c6410392edd5b83003dbde0a9e0f1626dbac5328","3c4eb5aa557927d8666f64a5ccf45de3609b074f89f8e4b1b3604a66d52a3654","vectorPerformance","gaussian32","Quantile","1","-2","404175","4000","500","Complete","0.6632837","3.03E-5","0.4760569","0.1871965","0.6875","0.011","1753214","4000","15219.008327321226","15213.744919585897","12194.607218487616","1.0007110848254097","0.01623649007724448","0","cecc6b4fda00565adaade6079bd9a81eec1cb5425a7364f3a4652f8f1fe688e7",""
"5","2","1","current","c6410392edd5b83003dbde0a9e0f1626dbac5328","3c4eb5aa557927d8666f64a5ccf45de3609b074f89f8e4b1b3604a66d52a3654","vectorPerformance","gaussian32","Quantile","1","-1","412094","4000","500","Complete","0.661134101","2.96E-5","0.470198001","0.1909065","0.6875","0.012","1754500","4000","14374.340793710559","14390.679914776822","12593.727427588436","1.0005481375625007","0.020322296447435884","0","710b12b4b32c1d00e33cda313ee3aca4afb06968f65bf5b1d672fd6109f4f43f",""
"5","2","1","current","c6410392edd5b83003dbde0a9e0f1626dbac5328","3c4eb5aa557927d8666f64a5ccf45de3609b074f89f8e4b1b3604a66d52a3654","vectorPerformance","gaussian32","Quantile","1","0","420013","4000","500","Complete","0.662174501","2.98E-5","0.4727406","0.189404101","0.671875","0.011","1751135","4000","14804.415700401843","14796.384417892554","11674.348877600554","1.0004842070731996","0.017149474216242355","0","7163a65543816d08a23c844d2762c1967e2f734b4748129ec7bdf89e140df8b4",""
"5","2","1","current","c6410392edd5b83003dbde0a9e0f1626dbac5328","3c4eb5aa557927d8666f64a5ccf45de3609b074f89f8e4b1b3604a66d52a3654","vectorPerformance","gaussian32","Quantile","1","1","427932","4000","500","Complete","0.663328","3.06E-5","0.476504001","0.186793399","1.03125","0.009","1751119","4000","15119.429112419593","15129.482098788952","12424.352542458728","1.000588248721186","0.024238503591598903","0","e468486f9c3bce272356b47328af805b6315b0ce0dcec0ba389ad1cc6e773090",""
"5","2","1","current","c6410392edd5b83003dbde0a9e0f1626dbac5328","3c4eb5aa557927d8666f64a5ccf45de3609b074f89f8e4b1b3604a66d52a3654","vectorPerformance","gaussian32","Quantile","1","2","435851","4000","500","Complete","0.6618056","3.16E-5","0.475575","0.186199","1.0","0.011","1754043","4000","14654.09636813213","14648.796726473445","11630.775114295944","1.0006045524861327","0.019982935899345466","0","f17849dd0d6937ddb28ce5136301623e9a5b8e9dd4ad54fb96a198cfdc5f0c6a",""
"5","2","1","current","c6410392edd5b83003dbde0a9e0f1626dbac5328","3c4eb5aa557927d8666f64a5ccf45de3609b074f89f8e4b1b3604a66d52a3654","vectorPerformance","gaussian32","Quantile","1","3","443770","4000","500","Complete","0.659203699","3.2499E-5","0.471711101","0.187460099","0.65625","0.008","1754067","4000","14670.955292689816","14672.094230083088","12113.52110906072","1.0003997605716526","0.012117200485737945","0","8d191d73493e7fb3ede8cea18ccac7e017f7700706ef9c9f8b699e07b2804d14",""
"5","2","1","current","c6410392edd5b83003dbde0a9e0f1626dbac5328","3c4eb5aa557927d8666f64a5ccf45de3609b074f89f8e4b1b3604a66d52a3654","vectorPerformance","gaussian32","Quantile","1","4","451689","4000","500","Complete","0.6543804","4.07E-5","0.467602599","0.186737101","0.65625","0.008","1751661","4000","14424.859583462046","14417.997752939862","12128.296452895833","1.0007982696988702","0.02835365482901797","0","b8ea3b62393883b214271958061a644368686dc583e5f2e33e5eafdc7a65f17e",""
"5","2","1","current","c6410392edd5b83003dbde0a9e0f1626dbac5328","3c4eb5aa557927d8666f64a5ccf45de3609b074f89f8e4b1b3604a66d52a3654","vectorPerformance","gaussian32","Quantile","2","-2","404175","4000","500","Complete","0.4240332","8.08E-5","0.3237318","0.1002206","0.890625","0.01","1753214","4000","15219.008327321226","15213.744919585897","12194.607218487616","1.0007110848254097","0.01623649007724448","0","cecc6b4fda00565adaade6079bd9a81eec1cb5425a7364f3a4652f8f1fe688e7",""
"5","2","1","current","c6410392edd5b83003dbde0a9e0f1626dbac5328","3c4eb5aa557927d8666f64a5ccf45de3609b074f89f8e4b1b3604a66d52a3654","vectorPerformance","gaussian32","Quantile","2","-1","412094","4000","500","Complete","0.4058948","2.93E-5","0.3091065","0.096759","1.171875","0.009","1754500","4000","14374.340793710559","14390.679914776822","12593.727427588436","1.0005481375625007","0.020322296447435884","0","710b12b4b32c1d00e33cda313ee3aca4afb06968f65bf5b1d672fd6109f4f43f",""
"5","2","1","current","c6410392edd5b83003dbde0a9e0f1626dbac5328","3c4eb5aa557927d8666f64a5ccf45de3609b074f89f8e4b1b3604a66d52a3654","vectorPerformance","gaussian32","Quantile","2","0","420013","4000","500","Complete","0.4180259","3.18E-5","0.3167002","0.1012939","0.84375","0.011","1751135","4000","14804.415700401843","14796.384417892554","11674.348877600554","1.0004842070731996","0.017149474216242355","0","7163a65543816d08a23c844d2762c1967e2f734b4748129ec7bdf89e140df8b4",""
"5","2","1","current","c6410392edd5b83003dbde0a9e0f1626dbac5328","3c4eb5aa557927d8666f64a5ccf45de3609b074f89f8e4b1b3604a66d52a3654","vectorPerformance","gaussian32","Quantile","2","1","427932","4000","500","Complete","0.4144251","3.6399E-5","0.310975501","0.1034132","0.8125","0.012","1751119","4000","15119.429112419593","15129.482098788952","12424.352542458728","1.000588248721186","0.024238503591598903","0","e468486f9c3bce272356b47328af805b6315b0ce0dcec0ba389ad1cc6e773090",""
"5","2","1","current","c6410392edd5b83003dbde0a9e0f1626dbac5328","3c4eb5aa557927d8666f64a5ccf45de3609b074f89f8e4b1b3604a66d52a3654","vectorPerformance","gaussian32","Quantile","2","2","435851","4000","500","Complete","0.4122799","3.11E-5","0.3074607","0.1047881","0.84375","0.011","1754043","4000","14654.09636813213","14648.796726473445","11630.775114295944","1.0006045524861327","0.019982935899345466","0","f17849dd0d6937ddb28ce5136301623e9a5b8e9dd4ad54fb96a198cfdc5f0c6a",""
"5","2","1","current","c6410392edd5b83003dbde0a9e0f1626dbac5328","3c4eb5aa557927d8666f64a5ccf45de3609b074f89f8e4b1b3604a66d52a3654","vectorPerformance","gaussian32","Quantile","2","3","443770","4000","500","Complete","0.4218594","3.06E-5","0.3155277","0.1063011","0.84375","0.011","1754067","4000","14670.955292689816","14672.094230083088","12113.52110906072","1.0003997605716526","0.012117200485737945","0","8d191d73493e7fb3ede8cea18ccac7e017f7700706ef9c9f8b699e07b2804d14",""
"5","2","1","current","c6410392edd5b83003dbde0a9e0f1626dbac5328","3c4eb5aa557927d8666f64a5ccf45de3609b074f89f8e4b1b3604a66d52a3654","vectorPerformance","gaussian32","Quantile","2","4","451689","4000","500","Complete","0.412144899","4.85E-5","0.3122975","0.099798899","0.8125","0.009","1751661","4000","14424.859583462046","14417.997752939862","12128.296452895833","1.0007982696988702","0.02835365482901797","0","b8ea3b62393883b214271958061a644368686dc583e5f2e33e5eafdc7a65f17e",""
"5","2","1","current","c6410392edd5b83003dbde0a9e0f1626dbac5328","3c4eb5aa557927d8666f64a5ccf45de3609b074f89f8e4b1b3604a66d52a3654","vectorPerformance","gaussian32","Quantile","4","-2","404175","4000","500","Complete","0.363922099","6.07E-5","0.3074191","0.056442299","1.4375","0.012","1753214","4000","15219.008327321226","15213.744919585897","12194.607218487616","1.0007110848254097","0.01623649007724448","0","cecc6b4fda00565adaade6079bd9a81eec1cb5425a7364f3a4652f8f1fe688e7",""
"5","2","1","current","c6410392edd5b83003dbde0a9e0f1626dbac5328","3c4eb5aa557927d8666f64a5ccf45de3609b074f89f8e4b1b3604a66d52a3654","vectorPerformance","gaussian32","Quantile","4","-1","412094","4000","500","Complete","0.3646144","2.91E-5","0.3027893","0.061796","1.703125","0.012","1754500","4000","14374.340793710559","14390.679914776822","12593.727427588436","1.0005481375625007","0.020322296447435884","0","710b12b4b32c1d00e33cda313ee3aca4afb06968f65bf5b1d672fd6109f4f43f",""
"5","2","1","current","c6410392edd5b83003dbde0a9e0f1626dbac5328","3c4eb5aa557927d8666f64a5ccf45de3609b074f89f8e4b1b3604a66d52a3654","vectorPerformance","gaussian32","Quantile","4","0","420013","4000","500","Complete","0.368794199","3.0799E-5","0.306406101","0.062357299","1.5","0.012","1751135","4000","14804.415700401843","14796.384417892554","11674.348877600554","1.0004842070731996","0.017149474216242355","0","7163a65543816d08a23c844d2762c1967e2f734b4748129ec7bdf89e140df8b4",""
"5","2","1","current","c6410392edd5b83003dbde0a9e0f1626dbac5328","3c4eb5aa557927d8666f64a5ccf45de3609b074f89f8e4b1b3604a66d52a3654","vectorPerformance","gaussian32","Quantile","4","1","427932","4000","500","Complete","0.3620667","4.92E-5","0.3057107","0.0563068","1.4375","0.011","1751119","4000","15119.429112419593","15129.482098788952","12424.352542458728","1.000588248721186","0.024238503591598903","0","e468486f9c3bce272356b47328af805b6315b0ce0dcec0ba389ad1cc6e773090",""
"5","2","1","current","c6410392edd5b83003dbde0a9e0f1626dbac5328","3c4eb5aa557927d8666f64a5ccf45de3609b074f89f8e4b1b3604a66d52a3654","vectorPerformance","gaussian32","Quantile","4","2","435851","4000","500","Complete","0.3655509","3.64E-5","0.3072486","0.0582659","1.4375","0.009","1754043","4000","14654.09636813213","14648.796726473445","11630.775114295944","1.0006045524861327","0.019982935899345466","0","f17849dd0d6937ddb28ce5136301623e9a5b8e9dd4ad54fb96a198cfdc5f0c6a",""
"5","2","1","current","c6410392edd5b83003dbde0a9e0f1626dbac5328","3c4eb5aa557927d8666f64a5ccf45de3609b074f89f8e4b1b3604a66d52a3654","vectorPerformance","gaussian32","Quantile","4","3","443770","4000","500","Complete","0.3670016","2.8E-5","0.3072327","0.0597409","2.234375","0.01","1754067","4000","14670.955292689816","14672.094230083088","12113.52110906072","1.0003997605716526","0.012117200485737945","0","8d191d73493e7fb3ede8cea18ccac7e017f7700706ef9c9f8b699e07b2804d14",""
"5","2","1","current","c6410392edd5b83003dbde0a9e0f1626dbac5328","3c4eb5aa557927d8666f64a5ccf45de3609b074f89f8e4b1b3604a66d52a3654","vectorPerformance","gaussian32","Quantile","4","4","451689","4000","500","Complete","0.367242401","3.3201E-5","0.3038415","0.0633677","1.4375","0.012","1751661","4000","14424.859583462046","14417.997752939862","12128.296452895833","1.0007982696988702","0.02835365482901797","0","b8ea3b62393883b214271958061a644368686dc583e5f2e33e5eafdc7a65f17e",""
"5","2","1","current","c6410392edd5b83003dbde0a9e0f1626dbac5328","3c4eb5aa557927d8666f64a5ccf45de3609b074f89f8e4b1b3604a66d52a3654","vectorPerformance","gaussian8","GPSS","1","-2","404175","4000","500","Complete","0.1095537","7.06E-5","0.054438","0.0550451","0.1875","0.003","138018","4000","15549.340111147894","15536.369070524215","11710.881022750353","1.000693382204123","0.020280809809882006","0","e7f255a3304bc6df3dfbc4384cc42f0a14e097b21ea85d7dfdd0891304dccc86",""
"5","2","1","current","c6410392edd5b83003dbde0a9e0f1626dbac5328","3c4eb5aa557927d8666f64a5ccf45de3609b074f89f8e4b1b3604a66d52a3654","vectorPerformance","gaussian8","GPSS","1","-1","412094","4000","500","Complete","0.0873692","7.99E-5","0.0335644","0.0537249","0.09375","0.002","138132","4000","15263.81484653245","15291.911844531342","11216.22139798599","1.0004803178957116","0.014392603577789376","0","e114ddce1fe3e8b5caed48fc0365aca0d32bd35e94363aa001d7324d00935224",""
"5","2","1","current","c6410392edd5b83003dbde0a9e0f1626dbac5328","3c4eb5aa557927d8666f64a5ccf45de3609b074f89f8e4b1b3604a66d52a3654","vectorPerformance","gaussian8","GPSS","1","0","420013","4000","500","Complete","0.0801589","6.88E-5","0.0250316","0.0550585","0.125","0.002","138323","4000","15080.473776226881","15096.77911576306","11062.432005908491","1.0006149641210862","0.012458863431772271","0","2a91e22981ec396c3eca9414af3d6ac63570dc29437cdd4bdc3eb6a8db475fa2",""
"5","2","1","current","c6410392edd5b83003dbde0a9e0f1626dbac5328","3c4eb5aa557927d8666f64a5ccf45de3609b074f89f8e4b1b3604a66d52a3654","vectorPerformance","gaussian8","GPSS","1","1","427932","4000","500","Complete","0.0830351","4.41E-5","0.025860799","0.057130201","0.109375","0.002","138154","4000","15134.6012276361","15136.078376941558","11308.922646882544","1.0009404579967858","0.013454526579750548","0","045e36a427e6332b3973cb5a7bed2c41034d4baa3241673dfea554f81e693a14",""
"5","2","1","current","c6410392edd5b83003dbde0a9e0f1626dbac5328","3c4eb5aa557927d8666f64a5ccf45de3609b074f89f8e4b1b3604a66d52a3654","vectorPerformance","gaussian8","GPSS","1","2","435851","4000","500","Complete","0.075314699","3.77E-5","0.0262045","0.049072499","0.09375","0.002","137988","4000","14363.080320209516","14344.664435137216","11161.859788330772","1.0004963309089212","0.01645570173683253","0","282eaef783cfb8138f0fbaa41141a7646474130935f10820d7fcdc9d6a1e24c0",""
"5","2","1","current","c6410392edd5b83003dbde0a9e0f1626dbac5328","3c4eb5aa557927d8666f64a5ccf45de3609b074f89f8e4b1b3604a66d52a3654","vectorPerformance","gaussian8","GPSS","1","3","443770","4000","500","Complete","0.0931303","4.19E-5","0.0240373","0.0690511","0.109375","0.0","138055","4000","15045.50132933249","15019.431343943274","10767.592734371476","1.0010260647907836","0.018113200227977133","0","6f88cd3290902ed4688e28521e20205fca8afb18c6e4fe2e6e0de9c4e7e0a62c",""
"5","2","1","current","c6410392edd5b83003dbde0a9e0f1626dbac5328","3c4eb5aa557927d8666f64a5ccf45de3609b074f89f8e4b1b3604a66d52a3654","vectorPerformance","gaussian8","GPSS","1","4","451689","4000","500","Complete","0.080428999","3.54E-5","0.026820999","0.0535726","0.1875","0.002","138188","4000","15603.053005275411","15621.61943123139","10677.483456214122","1.0007920020096437","0.014172913039023793","0","3703a943973521b658002c1d1edb8b4dcddac3550850573cac7499aba83dbaac",""
"5","2","1","current","c6410392edd5b83003dbde0a9e0f1626dbac5328","3c4eb5aa557927d8666f64a5ccf45de3609b074f89f8e4b1b3604a66d52a3654","vectorPerformance","gaussian8","GPSS","2","-2","404175","4000","500","Complete","0.2291992","0.006335","0.0824689","0.1403953","1.328125","0.003","138018","4000","15549.340111147894","15536.369070524215","11710.881022750353","1.000693382204123","0.020280809809882006","0","e7f255a3304bc6df3dfbc4384cc42f0a14e097b21ea85d7dfdd0891304dccc86",""
"5","2","1","current","c6410392edd5b83003dbde0a9e0f1626dbac5328","3c4eb5aa557927d8666f64a5ccf45de3609b074f89f8e4b1b3604a66d52a3654","vectorPerformance","gaussian8","GPSS","2","-1","412094","4000","500","Complete","0.0508299","7.04E-5","0.0170483","0.0337112","0.125","0.0","138132","4000","15263.81484653245","15291.911844531342","11216.22139798599","1.0004803178957116","0.014392603577789376","0","e114ddce1fe3e8b5caed48fc0365aca0d32bd35e94363aa001d7324d00935224",""
"5","2","1","current","c6410392edd5b83003dbde0a9e0f1626dbac5328","3c4eb5aa557927d8666f64a5ccf45de3609b074f89f8e4b1b3604a66d52a3654","vectorPerformance","gaussian8","GPSS","2","0","420013","4000","500","Complete","0.0467911","1.459E-4","0.0162587","0.0303865","0.109375","0.0","138323","4000","15080.473776226881","15096.77911576306","11062.432005908491","1.0006149641210862","0.012458863431772271","0","2a91e22981ec396c3eca9414af3d6ac63570dc29437cdd4bdc3eb6a8db475fa2",""
"5","2","1","current","c6410392edd5b83003dbde0a9e0f1626dbac5328","3c4eb5aa557927d8666f64a5ccf45de3609b074f89f8e4b1b3604a66d52a3654","vectorPerformance","gaussian8","GPSS","2","1","427932","4000","500","Complete","0.0480529","3.93E-5","0.019587199","0.028426401","0.09375","0.002","138154","4000","15134.6012276361","15136.078376941558","11308.922646882544","1.0009404579967858","0.013454526579750548","0","045e36a427e6332b3973cb5a7bed2c41034d4baa3241673dfea554f81e693a14",""
"5","2","1","current","c6410392edd5b83003dbde0a9e0f1626dbac5328","3c4eb5aa557927d8666f64a5ccf45de3609b074f89f8e4b1b3604a66d52a3654","vectorPerformance","gaussian8","GPSS","2","2","435851","4000","500","Complete","0.04672","4.31E-5","0.0161795","0.0304974","0.09375","0.0","137988","4000","14363.080320209516","14344.664435137216","11161.859788330772","1.0004963309089212","0.01645570173683253","0","282eaef783cfb8138f0fbaa41141a7646474130935f10820d7fcdc9d6a1e24c0",""
"5","2","1","current","c6410392edd5b83003dbde0a9e0f1626dbac5328","3c4eb5aa557927d8666f64a5ccf45de3609b074f89f8e4b1b3604a66d52a3654","vectorPerformance","gaussian8","GPSS","2","3","443770","4000","500","Complete","0.0527368","8.6799E-5","0.018462901","0.0341871","0.125","0.0","138055","4000","15045.50132933249","15019.431343943274","10767.592734371476","1.0010260647907836","0.018113200227977133","0","6f88cd3290902ed4688e28521e20205fca8afb18c6e4fe2e6e0de9c4e7e0a62c",""
"5","2","1","current","c6410392edd5b83003dbde0a9e0f1626dbac5328","3c4eb5aa557927d8666f64a5ccf45de3609b074f89f8e4b1b3604a66d52a3654","vectorPerformance","gaussian8","GPSS","2","4","451689","4000","500","Complete","0.056161199","6.38E-5","0.0215825","0.034514899","0.125","0.002","138188","4000","15603.053005275411","15621.61943123139","10677.483456214122","1.0007920020096437","0.014172913039023793","0","3703a943973521b658002c1d1edb8b4dcddac3550850573cac7499aba83dbaac",""
"5","2","1","current","c6410392edd5b83003dbde0a9e0f1626dbac5328","3c4eb5aa557927d8666f64a5ccf45de3609b074f89f8e4b1b3604a66d52a3654","vectorPerformance","gaussian8","GPSS","4","-2","404175","4000","500","Complete","0.0484484","1.037E-4","0.0224675","0.0258772","0.3125","0.0","138018","4000","15549.340111147894","15536.369070524215","11710.881022750353","1.000693382204123","0.020280809809882006","0","e7f255a3304bc6df3dfbc4384cc42f0a14e097b21ea85d7dfdd0891304dccc86",""
"5","2","1","current","c6410392edd5b83003dbde0a9e0f1626dbac5328","3c4eb5aa557927d8666f64a5ccf45de3609b074f89f8e4b1b3604a66d52a3654","vectorPerformance","gaussian8","GPSS","4","-1","412094","4000","500","Complete","0.0391848","8.03E-5","0.0175958","0.0215087","0.203125","0.0","138132","4000","15263.81484653245","15291.911844531342","11216.22139798599","1.0004803178957116","0.014392603577789376","0","e114ddce1fe3e8b5caed48fc0365aca0d32bd35e94363aa001d7324d00935224",""
"5","2","1","current","c6410392edd5b83003dbde0a9e0f1626dbac5328","3c4eb5aa557927d8666f64a5ccf45de3609b074f89f8e4b1b3604a66d52a3654","vectorPerformance","gaussian8","GPSS","4","0","420013","4000","500","Complete","0.036286801","4.7401E-5","0.015926299","0.020313101","0.125","0.0","138323","4000","15080.473776226881","15096.77911576306","11062.432005908491","1.0006149641210862","0.012458863431772271","0","2a91e22981ec396c3eca9414af3d6ac63570dc29437cdd4bdc3eb6a8db475fa2",""
"5","2","1","current","c6410392edd5b83003dbde0a9e0f1626dbac5328","3c4eb5aa557927d8666f64a5ccf45de3609b074f89f8e4b1b3604a66d52a3654","vectorPerformance","gaussian8","GPSS","4","1","427932","4000","500","Complete","0.0363708","4.7899E-5","0.017526001","0.0187969","0.125","0.0","138154","4000","15134.6012276361","15136.078376941558","11308.922646882544","1.0009404579967858","0.013454526579750548","0","045e36a427e6332b3973cb5a7bed2c41034d4baa3241673dfea554f81e693a14",""
"5","2","1","current","c6410392edd5b83003dbde0a9e0f1626dbac5328","3c4eb5aa557927d8666f64a5ccf45de3609b074f89f8e4b1b3604a66d52a3654","vectorPerformance","gaussian8","GPSS","4","2","435851","4000","500","Complete","0.035954499","3.85E-5","0.0170103","0.018905699","0.125","0.0","137988","4000","14363.080320209516","14344.664435137216","11161.859788330772","1.0004963309089212","0.01645570173683253","0","282eaef783cfb8138f0fbaa41141a7646474130935f10820d7fcdc9d6a1e24c0",""
"5","2","1","current","c6410392edd5b83003dbde0a9e0f1626dbac5328","3c4eb5aa557927d8666f64a5ccf45de3609b074f89f8e4b1b3604a66d52a3654","vectorPerformance","gaussian8","GPSS","4","3","443770","4000","500","Complete","0.0452911","4.98E-5","0.0215025","0.0237388","0.1875","0.004","138055","4000","15045.50132933249","15019.431343943274","10767.592734371476","1.0010260647907836","0.018113200227977133","0","6f88cd3290902ed4688e28521e20205fca8afb18c6e4fe2e6e0de9c4e7e0a62c",""
"5","2","1","current","c6410392edd5b83003dbde0a9e0f1626dbac5328","3c4eb5aa557927d8666f64a5ccf45de3609b074f89f8e4b1b3604a66d52a3654","vectorPerformance","gaussian8","GPSS","4","4","451689","4000","500","Complete","0.038474101","7.2701E-5","0.0184603","0.0199411","0.15625","0.0","138188","4000","15603.053005275411","15621.61943123139","10677.483456214122","1.0007920020096437","0.014172913039023793","0","3703a943973521b658002c1d1edb8b4dcddac3550850573cac7499aba83dbaac",""
"5","2","1","current","c6410392edd5b83003dbde0a9e0f1626dbac5328","3c4eb5aa557927d8666f64a5ccf45de3609b074f89f8e4b1b3604a66d52a3654","vectorPerformance","gaussian8","Quantile","1","-2","404175","4000","500","Complete","0.1016471","4.79E-5","0.042359599","0.059239601","0.171875","0.0","439383","4000","15133.633311857895","15137.149661571859","12640.232874183323","1.0002765119712598","0.010865777388695763","0","0a652ec86caa4b0878042a2ca27e4843b8fff440045e84ffe9040bbf18fc5c1b",""
"5","2","1","current","c6410392edd5b83003dbde0a9e0f1626dbac5328","3c4eb5aa557927d8666f64a5ccf45de3609b074f89f8e4b1b3604a66d52a3654","vectorPerformance","gaussian8","Quantile","1","-1","412094","4000","500","Complete","0.091989199","3.94E-5","0.0405388","0.051410999","0.09375","0.0","438543","4000","15213.490906399908","15228.10660758392","12891.868030399028","1.0002543220506444","0.014962146800250764","0","22193da6e1ed5c7fb6bc482596a8cb09c08425673712be65ab0ebf58ef73f382",""
"5","2","1","current","c6410392edd5b83003dbde0a9e0f1626dbac5328","3c4eb5aa557927d8666f64a5ccf45de3609b074f89f8e4b1b3604a66d52a3654","vectorPerformance","gaussian8","Quantile","1","0","420013","4000","500","Complete","0.090021901","3.7001E-5","0.0419421","0.0480428","0.09375","0.0","436956","4000","15387.214907747757","15383.41868425877","13280.050841973973","1.000488212672387","0.017862111392228958","0","1a2a7053039cbf9cd5227976b2ba660c8f0bbf84c10e94ae04c9c6d297fc0025",""
"5","2","1","current","c6410392edd5b83003dbde0a9e0f1626dbac5328","3c4eb5aa557927d8666f64a5ccf45de3609b074f89f8e4b1b3604a66d52a3654","vectorPerformance","gaussian8","Quantile","1","1","427932","4000","500","Complete","0.092391301","3.1801E-5","0.0411588","0.0512007","0.1875","0.0","437269","4000","15727.934748036001","15719.464590581323","12902.625514015059","1.0004649152576137","0.012810490325706247","0","850de3d767de404b10a6234afa6ecc9c5dfdee0c4338411a0af3e46894e42ce3",""
"5","2","1","current","c6410392edd5b83003dbde0a9e0f1626dbac5328","3c4eb5aa557927d8666f64a5ccf45de3609b074f89f8e4b1b3604a66d52a3654","vectorPerformance","gaussian8","Quantile","1","2","435851","4000","500","Complete","0.090000301","2.87E-5","0.041090601","0.048881","0.109375","0.0","438008","4000","15126.989343371939","15133.471327879883","12471.355965872704","1.0004579804360567","0.01410791604282019","0","fd474ea7f77c91f336f3664000c5dec28946aab4fd9917ca2fd5c066ad7e03df",""
"5","2","1","current","c6410392edd5b83003dbde0a9e0f1626dbac5328","3c4eb5aa557927d8666f64a5ccf45de3609b074f89f8e4b1b3604a66d52a3654","vectorPerformance","gaussian8","Quantile","1","3","443770","4000","500","Complete","0.0895755","4.24E-5","0.0409343","0.0485988","0.09375","0.0","438134","4000","14783.95134310092","14781.603964607304","13183.37761680062","1.0005441549460146","0.009381500096846795","0","f5d860d8f1c8c55386f06f23faad6b9f8df1541a619040c2f28698d0813a5f75",""
"5","2","1","current","c6410392edd5b83003dbde0a9e0f1626dbac5328","3c4eb5aa557927d8666f64a5ccf45de3609b074f89f8e4b1b3604a66d52a3654","vectorPerformance","gaussian8","Quantile","1","4","451689","4000","500","Complete","0.0916725","3.19E-5","0.0440467","0.0475939","0.078125","0.002","437868","4000","14884.121074739518","14909.092385573675","12538.608584974128","1.0004648391967559","0.02587550455561438","0","f5667ee456b1d3d2b0c42c8460f2481029f27806732e9bf75dd56271a0628822",""
"5","2","1","current","c6410392edd5b83003dbde0a9e0f1626dbac5328","3c4eb5aa557927d8666f64a5ccf45de3609b074f89f8e4b1b3604a66d52a3654","vectorPerformance","gaussian8","Quantile","2","-2","404175","4000","500","Complete","0.072347099","3.03E-5","0.0393947","0.032922099","0.25","0.0","439383","4000","15133.633311857895","15137.149661571859","12640.232874183323","1.0002765119712598","0.010865777388695763","0","0a652ec86caa4b0878042a2ca27e4843b8fff440045e84ffe9040bbf18fc5c1b",""
"5","2","1","current","c6410392edd5b83003dbde0a9e0f1626dbac5328","3c4eb5aa557927d8666f64a5ccf45de3609b074f89f8e4b1b3604a66d52a3654","vectorPerformance","gaussian8","Quantile","2","-1","412094","4000","500","Complete","0.0593937","3.9699E-5","0.030248501","0.0291055","0.125","0.002","438543","4000","15213.490906399908","15228.10660758392","12891.868030399028","1.0002543220506444","0.014962146800250764","0","22193da6e1ed5c7fb6bc482596a8cb09c08425673712be65ab0ebf58ef73f382",""
"5","2","1","current","c6410392edd5b83003dbde0a9e0f1626dbac5328","3c4eb5aa557927d8666f64a5ccf45de3609b074f89f8e4b1b3604a66d52a3654","vectorPerformance","gaussian8","Quantile","2","0","420013","4000","500","Complete","0.051710401","3.23E-5","0.024335101","0.027343","0.125","0.003","436956","4000","15387.214907747757","15383.41868425877","13280.050841973973","1.000488212672387","0.017862111392228958","0","1a2a7053039cbf9cd5227976b2ba660c8f0bbf84c10e94ae04c9c6d297fc0025",""
"5","2","1","current","c6410392edd5b83003dbde0a9e0f1626dbac5328","3c4eb5aa557927d8666f64a5ccf45de3609b074f89f8e4b1b3604a66d52a3654","vectorPerformance","gaussian8","Quantile","2","1","427932","4000","500","Complete","0.0496911","3.35E-5","0.023113","0.0265446","0.15625","0.0","437269","4000","15727.934748036001","15719.464590581323","12902.625514015059","1.0004649152576137","0.012810490325706247","0","850de3d767de404b10a6234afa6ecc9c5dfdee0c4338411a0af3e46894e42ce3",""
"5","2","1","current","c6410392edd5b83003dbde0a9e0f1626dbac5328","3c4eb5aa557927d8666f64a5ccf45de3609b074f89f8e4b1b3604a66d52a3654","vectorPerformance","gaussian8","Quantile","2","2","435851","4000","500","Complete","0.050487499","2.99E-5","0.0250366","0.025420999","0.09375","0.001","438008","4000","15126.989343371939","15133.471327879883","12471.355965872704","1.0004579804360567","0.01410791604282019","0","fd474ea7f77c91f336f3664000c5dec28946aab4fd9917ca2fd5c066ad7e03df",""
"5","2","1","current","c6410392edd5b83003dbde0a9e0f1626dbac5328","3c4eb5aa557927d8666f64a5ccf45de3609b074f89f8e4b1b3604a66d52a3654","vectorPerformance","gaussian8","Quantile","2","3","443770","4000","500","Complete","0.049849201","3.23E-5","0.0247209","0.025096001","0.09375","0.002","438134","4000","14783.95134310092","14781.603964607304","13183.37761680062","1.0005441549460146","0.009381500096846795","0","f5d860d8f1c8c55386f06f23faad6b9f8df1541a619040c2f28698d0813a5f75",""
"5","2","1","current","c6410392edd5b83003dbde0a9e0f1626dbac5328","3c4eb5aa557927d8666f64a5ccf45de3609b074f89f8e4b1b3604a66d52a3654","vectorPerformance","gaussian8","Quantile","2","4","451689","4000","500","Complete","0.0515629","4.53E-5","0.0255057","0.0260119","0.125","0.001","437868","4000","14884.121074739518","14909.092385573675","12538.608584974128","1.0004648391967559","0.02587550455561438","0","f5667ee456b1d3d2b0c42c8460f2481029f27806732e9bf75dd56271a0628822",""
"5","2","1","current","c6410392edd5b83003dbde0a9e0f1626dbac5328","3c4eb5aa557927d8666f64a5ccf45de3609b074f89f8e4b1b3604a66d52a3654","vectorPerformance","gaussian8","Quantile","4","-2","404175","4000","500","Complete","0.042690299","3.3299E-5","0.023609501","0.019047499","0.21875","0.003","439383","4000","15133.633311857895","15137.149661571859","12640.232874183323","1.0002765119712598","0.010865777388695763","0","0a652ec86caa4b0878042a2ca27e4843b8fff440045e84ffe9040bbf18fc5c1b",""
"5","2","1","current","c6410392edd5b83003dbde0a9e0f1626dbac5328","3c4eb5aa557927d8666f64a5ccf45de3609b074f89f8e4b1b3604a66d52a3654","vectorPerformance","gaussian8","Quantile","4","-1","412094","4000","500","Complete","0.0486441","3.21E-5","0.0280279","0.0205841","0.203125","0.002","438543","4000","15213.490906399908","15228.10660758392","12891.868030399028","1.0002543220506444","0.014962146800250764","0","22193da6e1ed5c7fb6bc482596a8cb09c08425673712be65ab0ebf58ef73f382",""
"5","2","1","current","c6410392edd5b83003dbde0a9e0f1626dbac5328","3c4eb5aa557927d8666f64a5ccf45de3609b074f89f8e4b1b3604a66d52a3654","vectorPerformance","gaussian8","Quantile","4","0","420013","4000","500","Complete","0.044917001","3.11E-5","0.0236222","0.021263701","0.234375","0.004","436956","4000","15387.214907747757","15383.41868425877","13280.050841973973","1.000488212672387","0.017862111392228958","0","1a2a7053039cbf9cd5227976b2ba660c8f0bbf84c10e94ae04c9c6d297fc0025",""
"5","2","1","current","c6410392edd5b83003dbde0a9e0f1626dbac5328","3c4eb5aa557927d8666f64a5ccf45de3609b074f89f8e4b1b3604a66d52a3654","vectorPerformance","gaussian8","Quantile","4","1","427932","4000","500","Complete","0.041634101","3.9701E-5","0.0223868","0.0192076","0.171875","0.002","437269","4000","15727.934748036001","15719.464590581323","12902.625514015059","1.0004649152576137","0.012810490325706247","0","850de3d767de404b10a6234afa6ecc9c5dfdee0c4338411a0af3e46894e42ce3",""
"5","2","1","current","c6410392edd5b83003dbde0a9e0f1626dbac5328","3c4eb5aa557927d8666f64a5ccf45de3609b074f89f8e4b1b3604a66d52a3654","vectorPerformance","gaussian8","Quantile","4","2","435851","4000","500","Complete","0.0395068","2.98E-5","0.020506199","0.018970801","0.234375","0.003","438008","4000","15126.989343371939","15133.471327879883","12471.355965872704","1.0004579804360567","0.01410791604282019","0","fd474ea7f77c91f336f3664000c5dec28946aab4fd9917ca2fd5c066ad7e03df",""
"5","2","1","current","c6410392edd5b83003dbde0a9e0f1626dbac5328","3c4eb5aa557927d8666f64a5ccf45de3609b074f89f8e4b1b3604a66d52a3654","vectorPerformance","gaussian8","Quantile","4","3","443770","4000","500","Complete","0.036386","2.7401E-5","0.0211806","0.015177999","0.125","0.0","438134","4000","14783.95134310092","14781.603964607304","13183.37761680062","1.0005441549460146","0.009381500096846795","0","f5d860d8f1c8c55386f06f23faad6b9f8df1541a619040c2f28698d0813a5f75",""
"5","2","1","current","c6410392edd5b83003dbde0a9e0f1626dbac5328","3c4eb5aa557927d8666f64a5ccf45de3609b074f89f8e4b1b3604a66d52a3654","vectorPerformance","gaussian8","Quantile","4","4","451689","4000","500","Complete","0.037527701","3.9701E-5","0.0215452","0.0159428","0.125","0.0","437868","4000","14884.121074739518","14909.092385573675","12538.608584974128","1.0004648391967559","0.02587550455561438","0","f5667ee456b1d3d2b0c42c8460f2481029f27806732e9bf75dd56271a0628822",""
"5","2","1","current","c6410392edd5b83003dbde0a9e0f1626dbac5328","3c4eb5aa557927d8666f64a5ccf45de3609b074f89f8e4b1b3604a66d52a3654","vectorPerformance","likelihood8","GPSS","1","-2","404175","4000","500","Complete","0.1276563","1.211E-4","0.0792723","0.0482629","0.15625","0.0","113497","4000","15386.728000357793","15391.85127451405","11321.818924317045","1.000502564087113","0.005344596134197365","0","15875fc3ad457cd99d016931ae49e3b53ed50293a59b7331791ac43670de87bd",""
"5","2","1","current","c6410392edd5b83003dbde0a9e0f1626dbac5328","3c4eb5aa557927d8666f64a5ccf45de3609b074f89f8e4b1b3604a66d52a3654","vectorPerformance","likelihood8","GPSS","1","-1","412094","4000","500","Complete","0.1257941","6.12E-5","0.0797427","0.0459902","0.171875","0.001","113672","4000","14515.066848005721","14590.130865412311","10903.103694208865","1.0008342935047612","0.005564436392907962","0","fc720f0e7fc6b705ca4b80ac8fe6515a0d286ae0520a978aef375e586c9db6bf",""
"5","2","1","current","c6410392edd5b83003dbde0a9e0f1626dbac5328","3c4eb5aa557927d8666f64a5ccf45de3609b074f89f8e4b1b3604a66d52a3654","vectorPerformance","likelihood8","GPSS","1","0","420013","4000","500","Complete","0.1290102","5.8199E-5","0.078463201","0.0504888","0.125","0.0","113054","4000","15068.277084944693","15070.85887531968","10694.846310168503","1.0005601541440654","0.004181248674558491","0","8d6dc2b369fc062d17f4e1721fe9d8a199bcba9f600d8572402455c6c30b60fa",""
"5","2","1","current","c6410392edd5b83003dbde0a9e0f1626dbac5328","3c4eb5aa557927d8666f64a5ccf45de3609b074f89f8e4b1b3604a66d52a3654","vectorPerformance","likelihood8","GPSS","1","1","427932","4000","500","Complete","0.131743","6.13E-5","0.0805965","0.0510852","0.140625","0.0","113472","4000","15069.243223748383","15055.059231076986","10322.707096463675","1.0013248567157627","0.005340326134526563","0","38e3adbbae621e7ad84a1cb5d7d2f248aeb925e3eea6b59badd3e9bb967ca792",""
"5","2","1","current","c6410392edd5b83003dbde0a9e0f1626dbac5328","3c4eb5aa557927d8666f64a5ccf45de3609b074f89f8e4b1b3604a66d52a3654","vectorPerformance","likelihood8","GPSS","1","2","435851","4000","500","Complete","0.1294628","5.0099E-5","0.079644601","0.0497681","0.140625","0.0","113322","4000","15018.1283976014","15019.886701809703","11132.174688571149","1.000533090102839","0.005175852109189194","0","a1c97633734bbb43a66c525a225905cb612f427cd2600d3cc731158cc0011283",""
"5","2","1","current","c6410392edd5b83003dbde0a9e0f1626dbac5328","3c4eb5aa557927d8666f64a5ccf45de3609b074f89f8e4b1b3604a66d52a3654","vectorPerformance","likelihood8","GPSS","1","3","443770","4000","500","Complete","0.1274214","5.08E-5","0.0784636","0.048907","0.125","0.0","113541","4000","15504.177620932032","15516.176571089783","11070.759113858252","1.0005200177999494","0.0030179744349801974","0","10250d525acdf021423a78f0a10ef6caf57ce50e6525306305dda230dde4a3dd",""
"5","2","1","current","c6410392edd5b83003dbde0a9e0f1626dbac5328","3c4eb5aa557927d8666f64a5ccf45de3609b074f89f8e4b1b3604a66d52a3654","vectorPerformance","likelihood8","GPSS","1","4","451689","4000","500","Complete","0.127245","7.93E-5","0.0794301","0.0477356","0.140625","0.0","113652","4000","14785.194091889316","14779.730449941797","11297.287331686812","1.0008757668998252","0.004036703328069907","0","aeb7ca95e5af585230ca0add63518df7f82bcf74ed17b9d657a219f4e1b2d0f5",""
"5","2","1","current","c6410392edd5b83003dbde0a9e0f1626dbac5328","3c4eb5aa557927d8666f64a5ccf45de3609b074f89f8e4b1b3604a66d52a3654","vectorPerformance","likelihood8","GPSS","2","-2","404175","4000","500","Complete","0.0840779","0.002593899","0.053940101","0.0275439","0.265625","0.002","113497","4000","15386.728000357793","15391.85127451405","11321.818924317045","1.000502564087113","0.005344596134197365","0","15875fc3ad457cd99d016931ae49e3b53ed50293a59b7331791ac43670de87bd",""
"5","2","1","current","c6410392edd5b83003dbde0a9e0f1626dbac5328","3c4eb5aa557927d8666f64a5ccf45de3609b074f89f8e4b1b3604a66d52a3654","vectorPerformance","likelihood8","GPSS","2","-1","412094","4000","500","Complete","0.066881401","1.10601E-4","0.0405143","0.0262565","0.125","0.0","113672","4000","14515.066848005721","14590.130865412311","10903.103694208865","1.0008342935047612","0.005564436392907962","0","fc720f0e7fc6b705ca4b80ac8fe6515a0d286ae0520a978aef375e586c9db6bf",""
"5","2","1","current","c6410392edd5b83003dbde0a9e0f1626dbac5328","3c4eb5aa557927d8666f64a5ccf45de3609b074f89f8e4b1b3604a66d52a3654","vectorPerformance","likelihood8","GPSS","2","0","420013","4000","500","Complete","0.070207201","1.02501E-4","0.0425498","0.0275549","0.125","0.0","113054","4000","15068.277084944693","15070.85887531968","10694.846310168503","1.0005601541440654","0.004181248674558491","0","8d6dc2b369fc062d17f4e1721fe9d8a199bcba9f600d8572402455c6c30b60fa",""
"5","2","1","current","c6410392edd5b83003dbde0a9e0f1626dbac5328","3c4eb5aa557927d8666f64a5ccf45de3609b074f89f8e4b1b3604a66d52a3654","vectorPerformance","likelihood8","GPSS","2","1","427932","4000","500","Complete","0.0728167","7.9699E-5","0.044274601","0.0284624","0.125","0.002","113472","4000","15069.243223748383","15055.059231076986","10322.707096463675","1.0013248567157627","0.005340326134526563","0","38e3adbbae621e7ad84a1cb5d7d2f248aeb925e3eea6b59badd3e9bb967ca792",""
"5","2","1","current","c6410392edd5b83003dbde0a9e0f1626dbac5328","3c4eb5aa557927d8666f64a5ccf45de3609b074f89f8e4b1b3604a66d52a3654","vectorPerformance","likelihood8","GPSS","2","2","435851","4000","500","Complete","0.0700455","5.01E-5","0.0424985","0.0274969","0.125","0.0","113322","4000","15018.1283976014","15019.886701809703","11132.174688571149","1.000533090102839","0.005175852109189194","0","a1c97633734bbb43a66c525a225905cb612f427cd2600d3cc731158cc0011283",""
"5","2","1","current","c6410392edd5b83003dbde0a9e0f1626dbac5328","3c4eb5aa557927d8666f64a5ccf45de3609b074f89f8e4b1b3604a66d52a3654","vectorPerformance","likelihood8","GPSS","2","3","443770","4000","500","Complete","0.067659699","5.73E-5","0.0414714","0.026130999","0.203125","0.0","113541","4000","15504.177620932032","15516.176571089783","11070.759113858252","1.0005200177999494","0.0030179744349801974","0","10250d525acdf021423a78f0a10ef6caf57ce50e6525306305dda230dde4a3dd",""
"5","2","1","current","c6410392edd5b83003dbde0a9e0f1626dbac5328","3c4eb5aa557927d8666f64a5ccf45de3609b074f89f8e4b1b3604a66d52a3654","vectorPerformance","likelihood8","GPSS","2","4","451689","4000","500","Complete","0.067521201","4.9401E-5","0.0415917","0.0258801","0.125","0.0","113652","4000","14785.194091889316","14779.730449941797","11297.287331686812","1.0008757668998252","0.004036703328069907","0","aeb7ca95e5af585230ca0add63518df7f82bcf74ed17b9d657a219f4e1b2d0f5",""
"5","2","1","current","c6410392edd5b83003dbde0a9e0f1626dbac5328","3c4eb5aa557927d8666f64a5ccf45de3609b074f89f8e4b1b3604a66d52a3654","vectorPerformance","likelihood8","GPSS","4","-2","404175","4000","500","Complete","0.0381341","1.283E-4","0.0224835","0.0155223","0.125","0.0","113497","4000","15386.728000357793","15391.85127451405","11321.818924317045","1.000502564087113","0.005344596134197365","0","15875fc3ad457cd99d016931ae49e3b53ed50293a59b7331791ac43670de87bd",""
"5","2","1","current","c6410392edd5b83003dbde0a9e0f1626dbac5328","3c4eb5aa557927d8666f64a5ccf45de3609b074f89f8e4b1b3604a66d52a3654","vectorPerformance","likelihood8","GPSS","4","-1","412094","4000","500","Complete","0.037888199","5.93E-5","0.0216483","0.016180599","0.1875","0.0","113672","4000","14515.066848005721","14590.130865412311","10903.103694208865","1.0008342935047612","0.005564436392907962","0","fc720f0e7fc6b705ca4b80ac8fe6515a0d286ae0520a978aef375e586c9db6bf",""
"5","2","1","current","c6410392edd5b83003dbde0a9e0f1626dbac5328","3c4eb5aa557927d8666f64a5ccf45de3609b074f89f8e4b1b3604a66d52a3654","vectorPerformance","likelihood8","GPSS","4","0","420013","4000","500","Complete","0.042772699","9.71E-5","0.026619","0.016056599","0.1875","0.001","113054","4000","15068.277084944693","15070.85887531968","10694.846310168503","1.0005601541440654","0.004181248674558491","0","8d6dc2b369fc062d17f4e1721fe9d8a199bcba9f600d8572402455c6c30b60fa",""
"5","2","1","current","c6410392edd5b83003dbde0a9e0f1626dbac5328","3c4eb5aa557927d8666f64a5ccf45de3609b074f89f8e4b1b3604a66d52a3654","vectorPerformance","likelihood8","GPSS","4","1","427932","4000","500","Complete","0.0390681","5.18E-5","0.023661599","0.015354701","0.125","0.0","113472","4000","15069.243223748383","15055.059231076986","10322.707096463675","1.0013248567157627","0.005340326134526563","0","38e3adbbae621e7ad84a1cb5d7d2f248aeb925e3eea6b59badd3e9bb967ca792",""
"5","2","1","current","c6410392edd5b83003dbde0a9e0f1626dbac5328","3c4eb5aa557927d8666f64a5ccf45de3609b074f89f8e4b1b3604a66d52a3654","vectorPerformance","likelihood8","GPSS","4","2","435851","4000","500","Complete","0.038600701","5.3001E-5","0.0230606","0.0154871","0.234375","0.0","113322","4000","15018.1283976014","15019.886701809703","11132.174688571149","1.000533090102839","0.005175852109189194","0","a1c97633734bbb43a66c525a225905cb612f427cd2600d3cc731158cc0011283",""
"5","2","1","current","c6410392edd5b83003dbde0a9e0f1626dbac5328","3c4eb5aa557927d8666f64a5ccf45de3609b074f89f8e4b1b3604a66d52a3654","vectorPerformance","likelihood8","GPSS","4","3","443770","4000","500","Complete","0.041041401","5.0501E-5","0.0247955","0.0161954","0.15625","0.001","113541","4000","15504.177620932032","15516.176571089783","11070.759113858252","1.0005200177999494","0.0030179744349801974","0","10250d525acdf021423a78f0a10ef6caf57ce50e6525306305dda230dde4a3dd",""
"5","2","1","current","c6410392edd5b83003dbde0a9e0f1626dbac5328","3c4eb5aa557927d8666f64a5ccf45de3609b074f89f8e4b1b3604a66d52a3654","vectorPerformance","likelihood8","GPSS","4","4","451689","4000","500","Complete","0.0378692","5.05E-5","0.0222544","0.0155643","0.125","0.001","113652","4000","14785.194091889316","14779.730449941797","11297.287331686812","1.0008757668998252","0.004036703328069907","0","aeb7ca95e5af585230ca0add63518df7f82bcf74ed17b9d657a219f4e1b2d0f5",""
"5","2","1","current","c6410392edd5b83003dbde0a9e0f1626dbac5328","3c4eb5aa557927d8666f64a5ccf45de3609b074f89f8e4b1b3604a66d52a3654","vectorPerformance","likelihood8","Quantile","1","-2","404175","4000","500","Complete","0.424988799","3.33E-5","0.3761523","0.048803199","0.421875","0.001","675623","4000","14553.603071888145","14560.448774995888","11253.189859649683","1.0007097070118298","0.003922918284137322","0","03828cdda4fc43583cac684014ff31176af4a34269763a886473aa7e641f0391",""
"5","2","1","current","c6410392edd5b83003dbde0a9e0f1626dbac5328","3c4eb5aa557927d8666f64a5ccf45de3609b074f89f8e4b1b3604a66d52a3654","vectorPerformance","likelihood8","Quantile","1","-1","412094","4000","500","Complete","0.4291292","3.74E-5","0.382661","0.0464308","0.421875","0.002","674660","4000","15209.136106969212","15217.30790335651","11240.432710958032","1.0004372157752155","0.0052684685777992235","0","e259b6e006096a76873934a7876a399ffc6054ce8626e6a9f54fe4dc9a2a077b",""
"5","2","1","current","c6410392edd5b83003dbde0a9e0f1626dbac5328","3c4eb5aa557927d8666f64a5ccf45de3609b074f89f8e4b1b3604a66d52a3654","vectorPerformance","likelihood8","Quantile","1","0","420013","4000","500","Complete","0.4230528","3.02E-5","0.376702099","0.046320501","0.40625","0.002","673796","4000","15027.331818683551","15033.704474475824","10491.658637470435","1.0004326935079904","0.005338364077357494","0","a6b794bfac044c42b2225f202fe85edd749f09d343dadd0c6f9a8be5b72afda0",""
"5","2","1","current","c6410392edd5b83003dbde0a9e0f1626dbac5328","3c4eb5aa557927d8666f64a5ccf45de3609b074f89f8e4b1b3604a66d52a3654","vectorPerformance","likelihood8","Quantile","1","1","427932","4000","500","Complete","0.4238188","2.95E-5","0.3757951","0.0479942","0.4375","0.0","673825","4000","15276.658872254206","15256.4622489339","11119.716918313663","1.000391617247902","0.006419580823759208","0","50e2cecd19fa21e7ea4301720423264b745a7096caa97d8e6935a59763285f0a",""
"5","2","1","current","c6410392edd5b83003dbde0a9e0f1626dbac5328","3c4eb5aa557927d8666f64a5ccf45de3609b074f89f8e4b1b3604a66d52a3654","vectorPerformance","likelihood8","Quantile","1","2","435851","4000","500","Complete","0.421747499","3.15E-5","0.3741012","0.047614799","0.4375","0.0","674482","4000","15438.964336306639","15424.356228106937","11497.88972532256","1.0006283061980878","0.01024848436056533","0","d045bb5c2ae5192b21902085068a9b62aa6f41d66d4132dc6affda22bcc4912d",""
"5","2","1","current","c6410392edd5b83003dbde0a9e0f1626dbac5328","3c4eb5aa557927d8666f64a5ccf45de3609b074f89f8e4b1b3604a66d52a3654","vectorPerformance","likelihood8","Quantile","1","3","443770","4000","500","Complete","0.421994001","2.7701E-5","0.3738941","0.0480722","0.421875","0.0","674770","4000","15279.141041189421","15290.437507693725","11098.089526704722","1.00060311853599","0.008195113181772185","0","14c0d80a24194a44695934e9fba1972daa6dc8b7383da72f1cd5837c36c4722d",""
"5","2","1","current","c6410392edd5b83003dbde0a9e0f1626dbac5328","3c4eb5aa557927d8666f64a5ccf45de3609b074f89f8e4b1b3604a66d52a3654","vectorPerformance","likelihood8","Quantile","1","4","451689","4000","500","Complete","0.4203773","3.1E-5","0.373297199","0.047049101","0.421875","0.001","675588","4000","15378.326224840608","15396.096164831599","11613.462866841413","1.000726442029433","0.005885612388259281","0","dffab805aa7e6a415f84c4666b5b3033cb9751a54880ba72e95a79dc87652086",""
"5","2","1","current","c6410392edd5b83003dbde0a9e0f1626dbac5328","3c4eb5aa557927d8666f64a5ccf45de3609b074f89f8e4b1b3604a66d52a3654","vectorPerformance","likelihood8","Quantile","2","-2","404175","4000","500","Complete","0.226214499","5.58E-5","0.1971148","0.029043899","0.484375","0.002","675623","4000","14553.603071888145","14560.448774995888","11253.189859649683","1.0007097070118298","0.003922918284137322","0","03828cdda4fc43583cac684014ff31176af4a34269763a886473aa7e641f0391",""
"5","2","1","current","c6410392edd5b83003dbde0a9e0f1626dbac5328","3c4eb5aa557927d8666f64a5ccf45de3609b074f89f8e4b1b3604a66d52a3654","vectorPerformance","likelihood8","Quantile","2","-1","412094","4000","500","Complete","0.2194098","2.85E-5","0.1932711","0.0261102","0.4375","0.0","674660","4000","15209.136106969212","15217.30790335651","11240.432710958032","1.0004372157752155","0.0052684685777992235","0","e259b6e006096a76873934a7876a399ffc6054ce8626e6a9f54fe4dc9a2a077b",""
"5","2","1","current","c6410392edd5b83003dbde0a9e0f1626dbac5328","3c4eb5aa557927d8666f64a5ccf45de3609b074f89f8e4b1b3604a66d52a3654","vectorPerformance","likelihood8","Quantile","2","0","420013","4000","500","Complete","0.2204013","3.82E-5","0.1943662","0.0259969","0.4375","0.0","673796","4000","15027.331818683551","15033.704474475824","10491.658637470435","1.0004326935079904","0.005338364077357494","0","a6b794bfac044c42b2225f202fe85edd749f09d343dadd0c6f9a8be5b72afda0",""
"5","2","1","current","c6410392edd5b83003dbde0a9e0f1626dbac5328","3c4eb5aa557927d8666f64a5ccf45de3609b074f89f8e4b1b3604a66d52a3654","vectorPerformance","likelihood8","Quantile","2","1","427932","4000","500","Complete","0.220390301","5.3901E-5","0.1941835","0.0261529","0.46875","0.0","673825","4000","15276.658872254206","15256.4622489339","11119.716918313663","1.000391617247902","0.006419580823759208","0","50e2cecd19fa21e7ea4301720423264b745a7096caa97d8e6935a59763285f0a",""
"5","2","1","current","c6410392edd5b83003dbde0a9e0f1626dbac5328","3c4eb5aa557927d8666f64a5ccf45de3609b074f89f8e4b1b3604a66d52a3654","vectorPerformance","likelihood8","Quantile","2","2","435851","4000","500","Complete","0.219631901","3.06E-5","0.194652001","0.0249493","0.4375","0.001","674482","4000","15438.964336306639","15424.356228106937","11497.88972532256","1.0006283061980878","0.01024848436056533","0","d045bb5c2ae5192b21902085068a9b62aa6f41d66d4132dc6affda22bcc4912d",""
"5","2","1","current","c6410392edd5b83003dbde0a9e0f1626dbac5328","3c4eb5aa557927d8666f64a5ccf45de3609b074f89f8e4b1b3604a66d52a3654","vectorPerformance","likelihood8","Quantile","2","3","443770","4000","500","Complete","0.2205265","3.21E-5","0.1945708","0.0259236","0.4375","0.001","674770","4000","15279.141041189421","15290.437507693725","11098.089526704722","1.00060311853599","0.008195113181772185","0","14c0d80a24194a44695934e9fba1972daa6dc8b7383da72f1cd5837c36c4722d",""
"5","2","1","current","c6410392edd5b83003dbde0a9e0f1626dbac5328","3c4eb5aa557927d8666f64a5ccf45de3609b074f89f8e4b1b3604a66d52a3654","vectorPerformance","likelihood8","Quantile","2","4","451689","4000","500","Complete","0.220252799","2.96E-5","0.1946925","0.025530699","0.453125","0.002","675588","4000","15378.326224840608","15396.096164831599","11613.462866841413","1.000726442029433","0.005885612388259281","0","dffab805aa7e6a415f84c4666b5b3033cb9751a54880ba72e95a79dc87652086",""
"5","2","1","current","c6410392edd5b83003dbde0a9e0f1626dbac5328","3c4eb5aa557927d8666f64a5ccf45de3609b074f89f8e4b1b3604a66d52a3654","vectorPerformance","likelihood8","Quantile","4","-2","404175","4000","500","Complete","0.1153369","3.08E-5","0.099328299","0.015977801","0.4375","0.0","675623","4000","14553.603071888145","14560.448774995888","11253.189859649683","1.0007097070118298","0.003922918284137322","0","03828cdda4fc43583cac684014ff31176af4a34269763a886473aa7e641f0391",""
"5","2","1","current","c6410392edd5b83003dbde0a9e0f1626dbac5328","3c4eb5aa557927d8666f64a5ccf45de3609b074f89f8e4b1b3604a66d52a3654","vectorPerformance","likelihood8","Quantile","4","-1","412094","4000","500","Complete","0.116873","3.73E-5","0.1004176","0.0164181","0.5","0.0","674660","4000","15209.136106969212","15217.30790335651","11240.432710958032","1.0004372157752155","0.0052684685777992235","0","e259b6e006096a76873934a7876a399ffc6054ce8626e6a9f54fe4dc9a2a077b",""
"5","2","1","current","c6410392edd5b83003dbde0a9e0f1626dbac5328","3c4eb5aa557927d8666f64a5ccf45de3609b074f89f8e4b1b3604a66d52a3654","vectorPerformance","likelihood8","Quantile","4","0","420013","4000","500","Complete","0.116614799","2.92E-5","0.1012597","0.015325899","0.4375","0.002","673796","4000","15027.331818683551","15033.704474475824","10491.658637470435","1.0004326935079904","0.005338364077357494","0","a6b794bfac044c42b2225f202fe85edd749f09d343dadd0c6f9a8be5b72afda0",""
"5","2","1","current","c6410392edd5b83003dbde0a9e0f1626dbac5328","3c4eb5aa557927d8666f64a5ccf45de3609b074f89f8e4b1b3604a66d52a3654","vectorPerformance","likelihood8","Quantile","4","1","427932","4000","500","Complete","0.116063699","5.91E-5","0.1009031","0.015101499","0.4375","0.001","673825","4000","15276.658872254206","15256.4622489339","11119.716918313663","1.000391617247902","0.006419580823759208","0","50e2cecd19fa21e7ea4301720423264b745a7096caa97d8e6935a59763285f0a",""
"5","2","1","current","c6410392edd5b83003dbde0a9e0f1626dbac5328","3c4eb5aa557927d8666f64a5ccf45de3609b074f89f8e4b1b3604a66d52a3654","vectorPerformance","likelihood8","Quantile","4","2","435851","4000","500","Complete","0.1167427","3.17E-5","0.1015534","0.0151576","0.46875","0.002","674482","4000","15438.964336306639","15424.356228106937","11497.88972532256","1.0006283061980878","0.01024848436056533","0","d045bb5c2ae5192b21902085068a9b62aa6f41d66d4132dc6affda22bcc4912d",""
"5","2","1","current","c6410392edd5b83003dbde0a9e0f1626dbac5328","3c4eb5aa557927d8666f64a5ccf45de3609b074f89f8e4b1b3604a66d52a3654","vectorPerformance","likelihood8","Quantile","4","3","443770","4000","500","Complete","0.115597","3.51E-5","0.099760099","0.015801801","0.5","0.0","674770","4000","15279.141041189421","15290.437507693725","11098.089526704722","1.00060311853599","0.008195113181772185","0","14c0d80a24194a44695934e9fba1972daa6dc8b7383da72f1cd5837c36c4722d",""
"5","2","1","current","c6410392edd5b83003dbde0a9e0f1626dbac5328","3c4eb5aa557927d8666f64a5ccf45de3609b074f89f8e4b1b3604a66d52a3654","vectorPerformance","likelihood8","Quantile","4","4","451689","4000","500","Complete","0.1154627","3.26E-5","0.099659899","0.015770201","0.515625","0.0","675588","4000","15378.326224840608","15396.096164831599","11613.462866841413","1.000726442029433","0.005885612388259281","0","dffab805aa7e6a415f84c4666b5b3033cb9751a54880ba72e95a79dc87652086",""
"5","2","1","current","c6410392edd5b83003dbde0a9e0f1626dbac5328","3c4eb5aa557927d8666f64a5ccf45de3609b074f89f8e4b1b3604a66d52a3654","vectorPerformance","mixture8","GPSS","1","-2","404175","4000","500","Complete","0.1198613","1.65E-5","0.067716699","0.052128101","0.125","0.003","229144","4000","14.257988816324646","29.19304971339808","41.12369705555653","1.0898522442939091","0.21935070608817098","8","3b6875e17ed27fe9805ded4d871f7b5f9d73e9def0157d2b9b3ca4e8933848aa",""
"5","2","1","current","c6410392edd5b83003dbde0a9e0f1626dbac5328","3c4eb5aa557927d8666f64a5ccf45de3609b074f89f8e4b1b3604a66d52a3654","vectorPerformance","mixture8","GPSS","1","-1","412094","4000","500","Complete","0.1180308","1.85E-5","0.0688751","0.0491372","0.109375","0.001","229290","4000","18.720999899350527","39.028622707399215","46.96121523232878","1.0731938076004162","0.17813809720195017","8","abf27d85ad57f604af02f9ce976cde68729c5e5b0b9868c8021e26e9e57c9cbb",""
"5","2","1","current","c6410392edd5b83003dbde0a9e0f1626dbac5328","3c4eb5aa557927d8666f64a5ccf45de3609b074f89f8e4b1b3604a66d52a3654","vectorPerformance","mixture8","GPSS","1","0","420013","4000","500","Complete","0.1182078","1.9299E-5","0.068664801","0.0495237","0.125","0.001","230860","4000","11.197660818981081","21.159126284650732","49.74480814386594","1.1308094060468774","0.5016290019944878","8","f1a24a91ced5488ebfe513313caafc39cdc36be309bd0944b0aca511830cdc9b",""
"5","2","1","current","c6410392edd5b83003dbde0a9e0f1626dbac5328","3c4eb5aa557927d8666f64a5ccf45de3609b074f89f8e4b1b3604a66d52a3654","vectorPerformance","mixture8","GPSS","1","1","427932","4000","500","Complete","0.114080001","1.7401E-5","0.067601799","0.046460801","0.109375","0.0","227656","4000","350.3365962359708","946.1959119121931","828.0407758236613","1.006187429279826","0.489472770444491","0","3048dd7a997ec08547ffedc643f4f8ad71fb08dfc61d73588f085fae9f3b2530",""
"5","2","1","current","c6410392edd5b83003dbde0a9e0f1626dbac5328","3c4eb5aa557927d8666f64a5ccf45de3609b074f89f8e4b1b3604a66d52a3654","vectorPerformance","mixture8","GPSS","1","2","435851","4000","500","Complete","0.1184574","1.6901E-5","0.0696896","0.048750899","0.109375","0.002","230320","4000","11.885382937205895","20.922381229748733","74.65086869430434","1.127517255169642","0.6163845076767369","8","a8b0c5d28390a6bbe639426c5f3d044100be601426210b18a9d9a12faa0fdcbb",""
"5","2","1","current","c6410392edd5b83003dbde0a9e0f1626dbac5328","3c4eb5aa557927d8666f64a5ccf45de3609b074f89f8e4b1b3604a66d52a3654","vectorPerformance","mixture8","GPSS","1","3","443770","4000","500","Complete","0.116435801","1.66E-5","0.068270801","0.0481484","0.125","0.001","228342","4000","32.15927038708645","138.24287084259578","31.951943081965528","1.0380332431121262","0.32314994313579937","8","fb914cb87efc1f88af4218573d1acfcb2cf7af7578bb3764f9313b6f1caf9c08",""
"5","2","1","current","c6410392edd5b83003dbde0a9e0f1626dbac5328","3c4eb5aa557927d8666f64a5ccf45de3609b074f89f8e4b1b3604a66d52a3654","vectorPerformance","mixture8","GPSS","1","4","451689","4000","500","Complete","0.118769301","1.6401E-5","0.0673867","0.0513662","0.125","0.001","231161","4000","11.42981152723505","18.51428192120557","82.97173289489884","1.1478873533286111","0.944470980985646","8","8c304b54387b3cfcaea9ca546733eb569997eadee97f924c60d4475ce4148eb9",""
"5","2","1","current","c6410392edd5b83003dbde0a9e0f1626dbac5328","3c4eb5aa557927d8666f64a5ccf45de3609b074f89f8e4b1b3604a66d52a3654","vectorPerformance","mixture8","GPSS","2","-2","404175","4000","500","Complete","0.0801236","1.55E-5","0.0516267","0.0284814","0.21875","0.0","229144","4000","14.257988816324646","29.19304971339808","41.12369705555653","1.0898522442939091","0.21935070608817098","8","3b6875e17ed27fe9805ded4d871f7b5f9d73e9def0157d2b9b3ca4e8933848aa",""
"5","2","1","current","c6410392edd5b83003dbde0a9e0f1626dbac5328","3c4eb5aa557927d8666f64a5ccf45de3609b074f89f8e4b1b3604a66d52a3654","vectorPerformance","mixture8","GPSS","2","-1","412094","4000","500","Complete","0.0695075","1.55E-5","0.0417202","0.0277718","0.15625","0.0","229290","4000","18.720999899350527","39.028622707399215","46.96121523232878","1.0731938076004162","0.17813809720195017","8","abf27d85ad57f604af02f9ce976cde68729c5e5b0b9868c8021e26e9e57c9cbb",""
"5","2","1","current","c6410392edd5b83003dbde0a9e0f1626dbac5328","3c4eb5aa557927d8666f64a5ccf45de3609b074f89f8e4b1b3604a66d52a3654","vectorPerformance","mixture8","GPSS","2","0","420013","4000","500","Complete","0.067859","1.64E-5","0.041005","0.0268376","0.125","0.0","230860","4000","11.197660818981081","21.159126284650732","49.74480814386594","1.1308094060468774","0.5016290019944878","8","f1a24a91ced5488ebfe513313caafc39cdc36be309bd0944b0aca511830cdc9b",""
"5","2","1","current","c6410392edd5b83003dbde0a9e0f1626dbac5328","3c4eb5aa557927d8666f64a5ccf45de3609b074f89f8e4b1b3604a66d52a3654","vectorPerformance","mixture8","GPSS","2","1","427932","4000","500","Complete","0.066679099","1.72E-5","0.040550999","0.0261109","0.125","0.0","227656","4000","350.3365962359708","946.1959119121931","828.0407758236613","1.006187429279826","0.489472770444491","0","3048dd7a997ec08547ffedc643f4f8ad71fb08dfc61d73588f085fae9f3b2530",""
"5","2","1","current","c6410392edd5b83003dbde0a9e0f1626dbac5328","3c4eb5aa557927d8666f64a5ccf45de3609b074f89f8e4b1b3604a66d52a3654","vectorPerformance","mixture8","GPSS","2","2","435851","4000","500","Complete","0.069590999","1.71E-5","0.041366999","0.0282069","0.15625","0.0","230320","4000","11.885382937205895","20.922381229748733","74.65086869430434","1.127517255169642","0.6163845076767369","8","a8b0c5d28390a6bbe639426c5f3d044100be601426210b18a9d9a12faa0fdcbb",""
"5","2","1","current","c6410392edd5b83003dbde0a9e0f1626dbac5328","3c4eb5aa557927d8666f64a5ccf45de3609b074f89f8e4b1b3604a66d52a3654","vectorPerformance","mixture8","GPSS","2","3","443770","4000","500","Complete","0.068198001","1.57E-5","0.041115901","0.0270664","0.125","0.0","228342","4000","32.15927038708645","138.24287084259578","31.951943081965528","1.0380332431121262","0.32314994313579937","8","fb914cb87efc1f88af4218573d1acfcb2cf7af7578bb3764f9313b6f1caf9c08",""
"5","2","1","current","c6410392edd5b83003dbde0a9e0f1626dbac5328","3c4eb5aa557927d8666f64a5ccf45de3609b074f89f8e4b1b3604a66d52a3654","vectorPerformance","mixture8","GPSS","2","4","451689","4000","500","Complete","0.0698166","1.68E-5","0.041748599","0.028051201","0.125","0.0","231161","4000","11.42981152723505","18.51428192120557","82.97173289489884","1.1478873533286111","0.944470980985646","8","8c304b54387b3cfcaea9ca546733eb569997eadee97f924c60d4475ce4148eb9",""
"5","2","1","current","c6410392edd5b83003dbde0a9e0f1626dbac5328","3c4eb5aa557927d8666f64a5ccf45de3609b074f89f8e4b1b3604a66d52a3654","vectorPerformance","mixture8","GPSS","4","-2","404175","4000","500","Complete","0.0592917","1.65E-5","0.0423947","0.0168805","0.203125","0.0","229144","4000","14.257988816324646","29.19304971339808","41.12369705555653","1.0898522442939091","0.21935070608817098","8","3b6875e17ed27fe9805ded4d871f7b5f9d73e9def0157d2b9b3ca4e8933848aa",""
"5","2","1","current","c6410392edd5b83003dbde0a9e0f1626dbac5328","3c4eb5aa557927d8666f64a5ccf45de3609b074f89f8e4b1b3604a66d52a3654","vectorPerformance","mixture8","GPSS","4","-1","412094","4000","500","Complete","0.0563841","1.69E-5","0.0397647","0.0166025","0.203125","0.0","229290","4000","18.720999899350527","39.028622707399215","46.96121523232878","1.0731938076004162","0.17813809720195017","8","abf27d85ad57f604af02f9ce976cde68729c5e5b0b9868c8021e26e9e57c9cbb",""
"5","2","1","current","c6410392edd5b83003dbde0a9e0f1626dbac5328","3c4eb5aa557927d8666f64a5ccf45de3609b074f89f8e4b1b3604a66d52a3654","vectorPerformance","mixture8","GPSS","4","0","420013","4000","500","Complete","0.0572654","1.64E-5","0.0412085","0.0160405","0.25","0.001","230860","4000","11.197660818981081","21.159126284650732","49.74480814386594","1.1308094060468774","0.5016290019944878","8","f1a24a91ced5488ebfe513313caafc39cdc36be309bd0944b0aca511830cdc9b",""
"5","2","1","current","c6410392edd5b83003dbde0a9e0f1626dbac5328","3c4eb5aa557927d8666f64a5ccf45de3609b074f89f8e4b1b3604a66d52a3654","vectorPerformance","mixture8","GPSS","4","1","427932","4000","500","Complete","0.0556063","1.7701E-5","0.0409313","0.014657299","0.1875","0.001","227656","4000","350.3365962359708","946.1959119121931","828.0407758236613","1.006187429279826","0.489472770444491","0","3048dd7a997ec08547ffedc643f4f8ad71fb08dfc61d73588f085fae9f3b2530",""
"5","2","1","current","c6410392edd5b83003dbde0a9e0f1626dbac5328","3c4eb5aa557927d8666f64a5ccf45de3609b074f89f8e4b1b3604a66d52a3654","vectorPerformance","mixture8","GPSS","4","2","435851","4000","500","Complete","0.0569165","1.65E-5","0.0402679","0.0166321","0.203125","0.0","230320","4000","11.885382937205895","20.922381229748733","74.65086869430434","1.127517255169642","0.6163845076767369","8","a8b0c5d28390a6bbe639426c5f3d044100be601426210b18a9d9a12faa0fdcbb",""
"5","2","1","current","c6410392edd5b83003dbde0a9e0f1626dbac5328","3c4eb5aa557927d8666f64a5ccf45de3609b074f89f8e4b1b3604a66d52a3654","vectorPerformance","mixture8","GPSS","4","3","443770","4000","500","Complete","0.0565702","1.66E-5","0.0397888","0.0167648","0.25","0.001","228342","4000","32.15927038708645","138.24287084259578","31.951943081965528","1.0380332431121262","0.32314994313579937","8","fb914cb87efc1f88af4218573d1acfcb2cf7af7578bb3764f9313b6f1caf9c08",""
"5","2","1","current","c6410392edd5b83003dbde0a9e0f1626dbac5328","3c4eb5aa557927d8666f64a5ccf45de3609b074f89f8e4b1b3604a66d52a3654","vectorPerformance","mixture8","GPSS","4","4","451689","4000","500","Complete","0.057662901","1.74E-5","0.041025001","0.0166205","0.234375","0.0","231161","4000","11.42981152723505","18.51428192120557","82.97173289489884","1.1478873533286111","0.944470980985646","8","8c304b54387b3cfcaea9ca546733eb569997eadee97f924c60d4475ce4148eb9",""
"5","2","1","current","c6410392edd5b83003dbde0a9e0f1626dbac5328","3c4eb5aa557927d8666f64a5ccf45de3609b074f89f8e4b1b3604a66d52a3654","vectorPerformance","mixture8","Quantile","1","-2","404175","4000","500","Complete","0.206809001","3.04E-5","0.154541201","0.0522374","0.203125","0.001","794544","4000","4.187636809868029","7.060337598855363","26.16378128764236","1.5288331364789502","3.256985326991021","8","08478ec37e7016f0a746f5541369d3f27e6780b3d77ac0dd3727aedc458b8a7f",""
"5","2","1","current","c6410392edd5b83003dbde0a9e0f1626dbac5328","3c4eb5aa557927d8666f64a5ccf45de3609b074f89f8e4b1b3604a66d52a3654","vectorPerformance","mixture8","Quantile","1","-1","412094","4000","500","Complete","0.2072835","1.62E-5","0.1589907","0.0482766","0.203125","0.001","816779","4000","13172.219750891138","13222.282432153374","9557.095877190202","1.0009523655339596","4.505381108384656","0","df0a2d121acaf8121fe4585bac661d116d56b94d4bbd87d7554b9b56bc69a16b",""
"5","2","1","current","c6410392edd5b83003dbde0a9e0f1626dbac5328","3c4eb5aa557927d8666f64a5ccf45de3609b074f89f8e4b1b3604a66d52a3654","vectorPerformance","mixture8","Quantile","1","0","420013","4000","500","Complete","0.208388099","1.58E-5","0.1574735","0.050898799","0.203125","0.001","794198","4000","4.186058672517822","7.066033020998243","25.872565892706334","1.528293121197245","3.254959184947837","8","298edcccf4cb67bd1d71a2c67eaac49d9c2f065b01ce89b5a425470b4ac34246",""
"5","2","1","current","c6410392edd5b83003dbde0a9e0f1626dbac5328","3c4eb5aa557927d8666f64a5ccf45de3609b074f89f8e4b1b3604a66d52a3654","vectorPerformance","mixture8","Quantile","1","1","427932","4000","500","Complete","0.209311","1.62E-5","0.159035799","0.050259001","0.203125","0.001","793428","4000","4.1830750512240416","7.063117190644894","25.56957561795727","1.5283657513611182","3.2567621870613133","8","273d5a969b71614959a723e90feee880f8890fbdd52ed734512ecdb8349192a1",""
"5","2","1","current","c6410392edd5b83003dbde0a9e0f1626dbac5328","3c4eb5aa557927d8666f64a5ccf45de3609b074f89f8e4b1b3604a66d52a3654","vectorPerformance","mixture8","Quantile","1","2","435851","4000","500","Complete","0.2086723","1.6199E-5","0.159787201","0.0488689","0.203125","0.003","819559","4000","13453.176078554361","13421.262962358194","9216.280792110578","1.0005674240480147","4.502788958677054","0","d8c678a9202d9a68411f907dc58204bfa1e84fa81561ad1055f777dd4b42c6f2",""
"5","2","1","current","c6410392edd5b83003dbde0a9e0f1626dbac5328","3c4eb5aa557927d8666f64a5ccf45de3609b074f89f8e4b1b3604a66d52a3654","vectorPerformance","mixture8","Quantile","1","3","443770","4000","500","Complete","0.2080523","1.53E-5","0.1599043","0.0481327","0.203125","0.001","818525","4000","14133.815442025896","14200.524096105466","9050.625427824825","1.0007425189374404","4.512149086714977","0","1bb1a4f128a60c3df02103528fa01749d02171821dd07470e5dae7f5e8630625",""
"5","2","1","current","c6410392edd5b83003dbde0a9e0f1626dbac5328","3c4eb5aa557927d8666f64a5ccf45de3609b074f89f8e4b1b3604a66d52a3654","vectorPerformance","mixture8","Quantile","1","4","451689","4000","500","Complete","0.2106459","1.5E-5","0.1635712","0.0470597","0.21875","0.001","819229","4000","12826.818650755431","12819.884446949432","9099.649034826969","1.000430048273552","4.504000123365279","0","678212121ddd43756b45e7bd2e21e3caba79bf54b0c78a22985c55552046cf37",""
"5","2","1","current","c6410392edd5b83003dbde0a9e0f1626dbac5328","3c4eb5aa557927d8666f64a5ccf45de3609b074f89f8e4b1b3604a66d52a3654","vectorPerformance","mixture8","Quantile","2","-2","404175","4000","500","Complete","0.1249148","1.65E-5","0.0951899","0.0297084","0.25","0.0","794544","4000","4.187636809868029","7.060337598855363","26.16378128764236","1.5288331364789502","3.256985326991021","8","08478ec37e7016f0a746f5541369d3f27e6780b3d77ac0dd3727aedc458b8a7f",""
"5","2","1","current","c6410392edd5b83003dbde0a9e0f1626dbac5328","3c4eb5aa557927d8666f64a5ccf45de3609b074f89f8e4b1b3604a66d52a3654","vectorPerformance","mixture8","Quantile","2","-1","412094","4000","500","Complete","0.1273799","2.0599E-5","0.099468601","0.0278907","0.265625","0.001","816779","4000","13172.219750891138","13222.282432153374","9557.095877190202","1.0009523655339596","4.505381108384656","0","df0a2d121acaf8121fe4585bac661d116d56b94d4bbd87d7554b9b56bc69a16b",""
"5","2","1","current","c6410392edd5b83003dbde0a9e0f1626dbac5328","3c4eb5aa557927d8666f64a5ccf45de3609b074f89f8e4b1b3604a66d52a3654","vectorPerformance","mixture8","Quantile","2","0","420013","4000","500","Complete","0.128354","1.49E-5","0.0995314","0.0288077","0.234375","0.001","794198","4000","4.186058672517822","7.066033020998243","25.872565892706334","1.528293121197245","3.254959184947837","8","298edcccf4cb67bd1d71a2c67eaac49d9c2f065b01ce89b5a425470b4ac34246",""
"5","2","1","current","c6410392edd5b83003dbde0a9e0f1626dbac5328","3c4eb5aa557927d8666f64a5ccf45de3609b074f89f8e4b1b3604a66d52a3654","vectorPerformance","mixture8","Quantile","2","1","427932","4000","500","Complete","0.126129","1.54E-5","0.097431701","0.028681899","0.234375","0.002","793428","4000","4.1830750512240416","7.063117190644894","25.56957561795727","1.5283657513611182","3.2567621870613133","8","273d5a969b71614959a723e90feee880f8890fbdd52ed734512ecdb8349192a1",""
"5","2","1","current","c6410392edd5b83003dbde0a9e0f1626dbac5328","3c4eb5aa557927d8666f64a5ccf45de3609b074f89f8e4b1b3604a66d52a3654","vectorPerformance","mixture8","Quantile","2","2","435851","4000","500","Complete","0.127128099","1.52E-5","0.098155699","0.0289572","0.25","0.002","819559","4000","13453.176078554361","13421.262962358194","9216.280792110578","1.0005674240480147","4.502788958677054","0","d8c678a9202d9a68411f907dc58204bfa1e84fa81561ad1055f777dd4b42c6f2",""
"5","2","1","current","c6410392edd5b83003dbde0a9e0f1626dbac5328","3c4eb5aa557927d8666f64a5ccf45de3609b074f89f8e4b1b3604a66d52a3654","vectorPerformance","mixture8","Quantile","2","3","443770","4000","500","Complete","0.1238999","1.59E-5","0.097371","0.026513","0.25","0.0","818525","4000","14133.815442025896","14200.524096105466","9050.625427824825","1.0007425189374404","4.512149086714977","0","1bb1a4f128a60c3df02103528fa01749d02171821dd07470e5dae7f5e8630625",""
"5","2","1","current","c6410392edd5b83003dbde0a9e0f1626dbac5328","3c4eb5aa557927d8666f64a5ccf45de3609b074f89f8e4b1b3604a66d52a3654","vectorPerformance","mixture8","Quantile","2","4","451689","4000","500","Complete","0.1238666","1.56E-5","0.098423299","0.025427701","0.25","0.001","819229","4000","12826.818650755431","12819.884446949432","9099.649034826969","1.000430048273552","4.504000123365279","0","678212121ddd43756b45e7bd2e21e3caba79bf54b0c78a22985c55552046cf37",""
"5","2","1","current","c6410392edd5b83003dbde0a9e0f1626dbac5328","3c4eb5aa557927d8666f64a5ccf45de3609b074f89f8e4b1b3604a66d52a3654","vectorPerformance","mixture8","Quantile","4","-2","404175","4000","500","Complete","0.0929525","1.63E-5","0.074536999","0.018399201","0.328125","0.001","794544","4000","4.187636809868029","7.060337598855363","26.16378128764236","1.5288331364789502","3.256985326991021","8","08478ec37e7016f0a746f5541369d3f27e6780b3d77ac0dd3727aedc458b8a7f",""
"5","2","1","current","c6410392edd5b83003dbde0a9e0f1626dbac5328","3c4eb5aa557927d8666f64a5ccf45de3609b074f89f8e4b1b3604a66d52a3654","vectorPerformance","mixture8","Quantile","4","-1","412094","4000","500","Complete","0.0907567","1.61E-5","0.0749639","0.0157767","0.3125","0.001","816779","4000","13172.219750891138","13222.282432153374","9557.095877190202","1.0009523655339596","4.505381108384656","0","df0a2d121acaf8121fe4585bac661d116d56b94d4bbd87d7554b9b56bc69a16b",""
"5","2","1","current","c6410392edd5b83003dbde0a9e0f1626dbac5328","3c4eb5aa557927d8666f64a5ccf45de3609b074f89f8e4b1b3604a66d52a3654","vectorPerformance","mixture8","Quantile","4","0","420013","4000","500","Complete","0.0933648","1.55E-5","0.0751566","0.0181927","0.390625","0.002","794198","4000","4.186058672517822","7.066033020998243","25.872565892706334","1.528293121197245","3.254959184947837","8","298edcccf4cb67bd1d71a2c67eaac49d9c2f065b01ce89b5a425470b4ac34246",""
"5","2","1","current","c6410392edd5b83003dbde0a9e0f1626dbac5328","3c4eb5aa557927d8666f64a5ccf45de3609b074f89f8e4b1b3604a66d52a3654","vectorPerformance","mixture8","Quantile","4","1","427932","4000","500","Complete","0.0916259","1.57E-5","0.0737494","0.0178608","0.375","0.002","793428","4000","4.1830750512240416","7.063117190644894","25.56957561795727","1.5283657513611182","3.2567621870613133","8","273d5a969b71614959a723e90feee880f8890fbdd52ed734512ecdb8349192a1",""
"5","2","1","current","c6410392edd5b83003dbde0a9e0f1626dbac5328","3c4eb5aa557927d8666f64a5ccf45de3609b074f89f8e4b1b3604a66d52a3654","vectorPerformance","mixture8","Quantile","4","2","435851","4000","500","Complete","0.0925959","1.56E-5","0.0772081","0.0153722","0.375","0.001","819559","4000","13453.176078554361","13421.262962358194","9216.280792110578","1.0005674240480147","4.502788958677054","0","d8c678a9202d9a68411f907dc58204bfa1e84fa81561ad1055f777dd4b42c6f2",""
"5","2","1","current","c6410392edd5b83003dbde0a9e0f1626dbac5328","3c4eb5aa557927d8666f64a5ccf45de3609b074f89f8e4b1b3604a66d52a3654","vectorPerformance","mixture8","Quantile","4","3","443770","4000","500","Complete","0.0908842","1.55E-5","0.0748116","0.0160571","0.359375","0.0","818525","4000","14133.815442025896","14200.524096105466","9050.625427824825","1.0007425189374404","4.512149086714977","0","1bb1a4f128a60c3df02103528fa01749d02171821dd07470e5dae7f5e8630625",""
"5","2","1","current","c6410392edd5b83003dbde0a9e0f1626dbac5328","3c4eb5aa557927d8666f64a5ccf45de3609b074f89f8e4b1b3604a66d52a3654","vectorPerformance","mixture8","Quantile","4","4","451689","4000","500","Complete","0.091928199","1.75E-5","0.0763374","0.015573299","0.375","0.001","819229","4000","12826.818650755431","12819.884446949432","9099.649034826969","1.000430048273552","4.504000123365279","0","678212121ddd43756b45e7bd2e21e3caba79bf54b0c78a22985c55552046cf37",""
"5","2","1","current","c6410392edd5b83003dbde0a9e0f1626dbac5328","3c4eb5aa557927d8666f64a5ccf45de3609b074f89f8e4b1b3604a66d52a3654","vectorPerformance","positive32","GPSS","1","-2","404175","4000","500","Complete","0.378884","2.93E-5","0.1803401","0.1985146","0.375","0.004","312248","4000","6.507081555422677","8.267454120088496","11.239726363241573","1.4243493212370788","0.9111742118510904","32","e1f462be7160698fc96433c37d8e6460fa2b583d96e58a05af89904985ee97c5",""
"5","2","1","current","c6410392edd5b83003dbde0a9e0f1626dbac5328","3c4eb5aa557927d8666f64a5ccf45de3609b074f89f8e4b1b3604a66d52a3654","vectorPerformance","positive32","GPSS","1","-1","412094","4000","500","Complete","0.3786044","2.36E-5","0.1776961","0.2008847","0.375","0.004","312989","4000","5.495322761597328","8.012492423835413","12.29336507256984","1.4621066333934736","0.5327465027759886","32","047503de7ceb57f45f2c33ddf27b78c64d75cb6665a40538a8909c85da9d2c02",""
"5","2","1","current","c6410392edd5b83003dbde0a9e0f1626dbac5328","3c4eb5aa557927d8666f64a5ccf45de3609b074f89f8e4b1b3604a66d52a3654","vectorPerformance","positive32","GPSS","1","0","420013","4000","500","Complete","0.3829292","2.2E-5","0.1816446","0.2012626","0.375","0.005","315080","4000","5.054210848500271","6.4086389980297715","11.498400167812514","1.682066869867944","1.124774421937512","32","9182bbb858877f9a625ab3c8ae05e7120fdc466f42d5a1dceccf9395da6065e9",""
"5","2","1","current","c6410392edd5b83003dbde0a9e0f1626dbac5328","3c4eb5aa557927d8666f64a5ccf45de3609b074f89f8e4b1b3604a66d52a3654","vectorPerformance","positive32","GPSS","1","1","427932","4000","500","Complete","0.3733613","2.3E-5","0.1781161","0.1952222","0.375","0.002","310499","4000","4.949526595516298","7.4253970060875725","11.370735805288119","1.496332455560683","0.5218258205642705","32","f0d7064a140efac0e8d7992843e936b5b1ea4f33b336f96c18ed34d07d4ff733",""
"5","2","1","current","c6410392edd5b83003dbde0a9e0f1626dbac5328","3c4eb5aa557927d8666f64a5ccf45de3609b074f89f8e4b1b3604a66d52a3654","vectorPerformance","positive32","GPSS","1","2","435851","4000","500","Complete","0.3766278","2.44E-5","0.180494999","0.196108401","0.40625","0.002","312895","4000","6.595439608345559","8.875134343603566","10.947737821804315","1.3815878832703925","0.38311879002350624","32","0365e43fa384cead64ff9f89d32ea3ea9edfdb1f4523fadebe6c708ca213e343",""
"5","2","1","current","c6410392edd5b83003dbde0a9e0f1626dbac5328","3c4eb5aa557927d8666f64a5ccf45de3609b074f89f8e4b1b3604a66d52a3654","vectorPerformance","positive32","GPSS","1","3","443770","4000","500","Complete","0.381383699","2.3599E-5","0.1867039","0.1946562","0.734375","0.002","322378","4000","4.786571198089734","5.896539279571406","11.375709989448119","1.7909712039019074","1.5561805918696656","32","6ad6daee0ad4e8690da4c2f3a9ad5ab953ab95d6f3a80ac9994366367dae6f68",""
"5","2","1","current","c6410392edd5b83003dbde0a9e0f1626dbac5328","3c4eb5aa557927d8666f64a5ccf45de3609b074f89f8e4b1b3604a66d52a3654","vectorPerformance","positive32","GPSS","1","4","451689","4000","500","Complete","0.3820571","2.3E-5","0.181019299","0.201014801","0.40625","0.006","312493","4000","7.11180708957874","8.71283262637544","16.641164170760746","1.408214647506748","0.6415784047018325","32","b56b7859597de05ce23273ba96ae874e4baee6fad0f20d955b87448e5465d676",""
"5","2","1","current","c6410392edd5b83003dbde0a9e0f1626dbac5328","3c4eb5aa557927d8666f64a5ccf45de3609b074f89f8e4b1b3604a66d52a3654","vectorPerformance","positive32","GPSS","2","-2","404175","4000","500","Complete","0.2261913","2.36E-5","0.119830799","0.106336901","0.484375","0.003","312248","4000","6.507081555422677","8.267454120088496","11.239726363241573","1.4243493212370788","0.9111742118510904","32","e1f462be7160698fc96433c37d8e6460fa2b583d96e58a05af89904985ee97c5",""
"5","2","1","current","c6410392edd5b83003dbde0a9e0f1626dbac5328","3c4eb5aa557927d8666f64a5ccf45de3609b074f89f8e4b1b3604a66d52a3654","vectorPerformance","positive32","GPSS","2","-1","412094","4000","500","Complete","0.2210619","2.08E-5","0.1120283","0.1090128","0.4375","0.002","312989","4000","5.495322761597328","8.012492423835413","12.29336507256984","1.4621066333934736","0.5327465027759886","32","047503de7ceb57f45f2c33ddf27b78c64d75cb6665a40538a8909c85da9d2c02",""
"5","2","1","current","c6410392edd5b83003dbde0a9e0f1626dbac5328","3c4eb5aa557927d8666f64a5ccf45de3609b074f89f8e4b1b3604a66d52a3654","vectorPerformance","positive32","GPSS","2","0","420013","4000","500","Complete","0.2182167","1.9801E-5","0.1111975","0.106999399","0.4375","0.003","315080","4000","5.054210848500271","6.4086389980297715","11.498400167812514","1.682066869867944","1.124774421937512","32","9182bbb858877f9a625ab3c8ae05e7120fdc466f42d5a1dceccf9395da6065e9",""
"5","2","1","current","c6410392edd5b83003dbde0a9e0f1626dbac5328","3c4eb5aa557927d8666f64a5ccf45de3609b074f89f8e4b1b3604a66d52a3654","vectorPerformance","positive32","GPSS","2","1","427932","4000","500","Complete","0.2161255","2.5099E-5","0.111917601","0.1041828","0.4375","0.002","310499","4000","4.949526595516298","7.4253970060875725","11.370735805288119","1.496332455560683","0.5218258205642705","32","f0d7064a140efac0e8d7992843e936b5b1ea4f33b336f96c18ed34d07d4ff733",""
"5","2","1","current","c6410392edd5b83003dbde0a9e0f1626dbac5328","3c4eb5aa557927d8666f64a5ccf45de3609b074f89f8e4b1b3604a66d52a3654","vectorPerformance","positive32","GPSS","2","2","435851","4000","500","Complete","0.220861701","2.1401E-5","0.110976","0.1098643","0.46875","0.005","312895","4000","6.595439608345559","8.875134343603566","10.947737821804315","1.3815878832703925","0.38311879002350624","32","0365e43fa384cead64ff9f89d32ea3ea9edfdb1f4523fadebe6c708ca213e343",""
"5","2","1","current","c6410392edd5b83003dbde0a9e0f1626dbac5328","3c4eb5aa557927d8666f64a5ccf45de3609b074f89f8e4b1b3604a66d52a3654","vectorPerformance","positive32","GPSS","2","3","443770","4000","500","Complete","0.223341699","2.36E-5","0.1128515","0.110466599","0.4375","0.005","322378","4000","4.786571198089734","5.896539279571406","11.375709989448119","1.7909712039019074","1.5561805918696656","32","6ad6daee0ad4e8690da4c2f3a9ad5ab953ab95d6f3a80ac9994366367dae6f68",""
"5","2","1","current","c6410392edd5b83003dbde0a9e0f1626dbac5328","3c4eb5aa557927d8666f64a5ccf45de3609b074f89f8e4b1b3604a66d52a3654","vectorPerformance","positive32","GPSS","2","4","451689","4000","500","Complete","0.221329","2.2199E-5","0.1106599","0.110646901","0.4375","0.004","312493","4000","7.11180708957874","8.71283262637544","16.641164170760746","1.408214647506748","0.6415784047018325","32","b56b7859597de05ce23273ba96ae874e4baee6fad0f20d955b87448e5465d676",""
"5","2","1","current","c6410392edd5b83003dbde0a9e0f1626dbac5328","3c4eb5aa557927d8666f64a5ccf45de3609b074f89f8e4b1b3604a66d52a3654","vectorPerformance","positive32","GPSS","4","-2","404175","4000","500","Complete","0.156537401","2.98E-5","0.093282001","0.0632256","0.90625","0.002","312248","4000","6.507081555422677","8.267454120088496","11.239726363241573","1.4243493212370788","0.9111742118510904","32","e1f462be7160698fc96433c37d8e6460fa2b583d96e58a05af89904985ee97c5",""
"5","2","1","current","c6410392edd5b83003dbde0a9e0f1626dbac5328","3c4eb5aa557927d8666f64a5ccf45de3609b074f89f8e4b1b3604a66d52a3654","vectorPerformance","positive32","GPSS","4","-1","412094","4000","500","Complete","0.158376799","2.66E-5","0.0943958","0.063954399","0.9375","0.002","312989","4000","5.495322761597328","8.012492423835413","12.29336507256984","1.4621066333934736","0.5327465027759886","32","047503de7ceb57f45f2c33ddf27b78c64d75cb6665a40538a8909c85da9d2c02",""
"5","2","1","current","c6410392edd5b83003dbde0a9e0f1626dbac5328","3c4eb5aa557927d8666f64a5ccf45de3609b074f89f8e4b1b3604a66d52a3654","vectorPerformance","positive32","GPSS","4","0","420013","4000","500","Complete","0.1593316","2.7099E-5","0.0932143","0.066090201","0.609375","0.004","315080","4000","5.054210848500271","6.4086389980297715","11.498400167812514","1.682066869867944","1.124774421937512","32","9182bbb858877f9a625ab3c8ae05e7120fdc466f42d5a1dceccf9395da6065e9",""
"5","2","1","current","c6410392edd5b83003dbde0a9e0f1626dbac5328","3c4eb5aa557927d8666f64a5ccf45de3609b074f89f8e4b1b3604a66d52a3654","vectorPerformance","positive32","GPSS","4","1","427932","4000","500","Complete","0.1581064","2.24E-5","0.092437399","0.065646601","0.875","0.004","310499","4000","4.949526595516298","7.4253970060875725","11.370735805288119","1.496332455560683","0.5218258205642705","32","f0d7064a140efac0e8d7992843e936b5b1ea4f33b336f96c18ed34d07d4ff733",""
"5","2","1","current","c6410392edd5b83003dbde0a9e0f1626dbac5328","3c4eb5aa557927d8666f64a5ccf45de3609b074f89f8e4b1b3604a66d52a3654","vectorPerformance","positive32","GPSS","4","2","435851","4000","500","Complete","0.1603956","2.2399E-5","0.092594201","0.067779","0.6875","0.005","312895","4000","6.595439608345559","8.875134343603566","10.947737821804315","1.3815878832703925","0.38311879002350624","32","0365e43fa384cead64ff9f89d32ea3ea9edfdb1f4523fadebe6c708ca213e343",""
"5","2","1","current","c6410392edd5b83003dbde0a9e0f1626dbac5328","3c4eb5aa557927d8666f64a5ccf45de3609b074f89f8e4b1b3604a66d52a3654","vectorPerformance","positive32","GPSS","4","3","443770","4000","500","Complete","0.162545501","2.4001E-5","0.1010075","0.061514","0.625","0.002","322378","4000","4.786571198089734","5.896539279571406","11.375709989448119","1.7909712039019074","1.5561805918696656","32","6ad6daee0ad4e8690da4c2f3a9ad5ab953ab95d6f3a80ac9994366367dae6f68",""
"5","2","1","current","c6410392edd5b83003dbde0a9e0f1626dbac5328","3c4eb5aa557927d8666f64a5ccf45de3609b074f89f8e4b1b3604a66d52a3654","vectorPerformance","positive32","GPSS","4","4","451689","4000","500","Complete","0.158151301","2.2901E-5","0.095222999","0.062905401","0.90625","0.003","312493","4000","7.11180708957874","8.71283262637544","16.641164170760746","1.408214647506748","0.6415784047018325","32","b56b7859597de05ce23273ba96ae874e4baee6fad0f20d955b87448e5465d676",""
"5","2","1","current","c6410392edd5b83003dbde0a9e0f1626dbac5328","3c4eb5aa557927d8666f64a5ccf45de3609b074f89f8e4b1b3604a66d52a3654","vectorPerformance","positive32","Quantile","1","-2","404175","4000","500","Complete","0.592602599","2.13E-5","0.4057943","0.186786999","0.609375","0.005","2332703","4000","8030.260361578566","7443.725542312934","10980.95587684255","1.0012073242374708","0.03162578897149504","0","109d1589a3cfa1856056d074588bf62a00242342be20aaa02c7f9fa0c3d02464",""
"5","2","1","current","c6410392edd5b83003dbde0a9e0f1626dbac5328","3c4eb5aa557927d8666f64a5ccf45de3609b074f89f8e4b1b3604a66d52a3654","vectorPerformance","positive32","Quantile","1","-1","412094","4000","500","Complete","0.601032","2.11E-5","0.4102052","0.1908057","0.9375","0.008","2332056","4000","7849.260320702932","7497.08911341319","10218.844461352033","1.000850226319869","0.023734462941020107","0","2e7ae8f39b7d995378c03be6210919257cb3c5da65a71f7499cfe9fc1c43ddaa",""
"5","2","1","current","c6410392edd5b83003dbde0a9e0f1626dbac5328","3c4eb5aa557927d8666f64a5ccf45de3609b074f89f8e4b1b3604a66d52a3654","vectorPerformance","positive32","Quantile","1","0","420013","4000","500","Complete","0.6003768","3.81E-5","0.4067239","0.1936148","0.59375","0.005","2331456","4000","8061.462008922536","7644.287188277893","10396.228328686206","1.000767355772193","0.026399068267307313","0","b1c80d02d980f561db28b8e8c75872a90bfe94527189f07f4dfe1c9226d272e5",""
"5","2","1","current","c6410392edd5b83003dbde0a9e0f1626dbac5328","3c4eb5aa557927d8666f64a5ccf45de3609b074f89f8e4b1b3604a66d52a3654","vectorPerformance","positive32","Quantile","1","1","427932","4000","500","Complete","0.601221001","2.0401E-5","0.4109014","0.1902992","0.9375","0.006","2330866","4000","7748.716822064378","7364.471868294603","10702.763364386927","1.0006942215274883","0.030448865944532777","0","218737eae3e2da277e8b65fe3a76bd5f04046950597185a676bdc475001c1e46",""
"5","2","1","current","c6410392edd5b83003dbde0a9e0f1626dbac5328","3c4eb5aa557927d8666f64a5ccf45de3609b074f89f8e4b1b3604a66d52a3654","vectorPerformance","positive32","Quantile","1","2","435851","4000","500","Complete","0.592809499","2.0399E-5","0.404679001","0.188110099","0.9375","0.006","2331863","4000","7994.761109518766","7444.795092892279","10756.070846197807","1.0010742652566522","0.026722483101742966","0","fb50892c47662c7c9c7473b45775635e782a20ef09488c3bc7f407bd559adfe3",""
"5","2","1","current","c6410392edd5b83003dbde0a9e0f1626dbac5328","3c4eb5aa557927d8666f64a5ccf45de3609b074f89f8e4b1b3604a66d52a3654","vectorPerformance","positive32","Quantile","1","3","443770","4000","500","Complete","0.5923791","1.15499E-4","0.4034551","0.188808501","0.609375","0.006","2331071","4000","8046.326204198977","7094.826103737033","10587.156707045673","1.0006492486922247","0.022192055198105076","0","ea829d033823c80e3ad79c2bf9f4c957103c19055e7f39ac840ae3dd8ecf7787",""
"5","2","1","current","c6410392edd5b83003dbde0a9e0f1626dbac5328","3c4eb5aa557927d8666f64a5ccf45de3609b074f89f8e4b1b3604a66d52a3654","vectorPerformance","positive32","Quantile","1","4","451689","4000","500","Complete","0.590870199","1.99E-5","0.403532","0.187318299","0.921875","0.005","2329615","4000","8049.572429524939","7585.9302215949265","10803.178568962107","1.001435614653514","0.019996657665890316","0","f2275fab90488b6e0703edb3fe7b6bef8718ce8c0b14a645dc9d2b61880d135c",""
"5","2","1","current","c6410392edd5b83003dbde0a9e0f1626dbac5328","3c4eb5aa557927d8666f64a5ccf45de3609b074f89f8e4b1b3604a66d52a3654","vectorPerformance","positive32","Quantile","2","-2","404175","4000","500","Complete","0.3284372","2.06E-5","0.230251199","0.098165401","0.6875","0.007","2332703","4000","8030.260361578566","7443.725542312934","10980.95587684255","1.0012073242374708","0.03162578897149504","0","109d1589a3cfa1856056d074588bf62a00242342be20aaa02c7f9fa0c3d02464",""
"5","2","1","current","c6410392edd5b83003dbde0a9e0f1626dbac5328","3c4eb5aa557927d8666f64a5ccf45de3609b074f89f8e4b1b3604a66d52a3654","vectorPerformance","positive32","Quantile","2","-1","412094","4000","500","Complete","0.3289836","2.31E-5","0.2198491","0.1091114","0.640625","0.009","2332056","4000","7849.260320702932","7497.08911341319","10218.844461352033","1.000850226319869","0.023734462941020107","0","2e7ae8f39b7d995378c03be6210919257cb3c5da65a71f7499cfe9fc1c43ddaa",""
"5","2","1","current","c6410392edd5b83003dbde0a9e0f1626dbac5328","3c4eb5aa557927d8666f64a5ccf45de3609b074f89f8e4b1b3604a66d52a3654","vectorPerformance","positive32","Quantile","2","0","420013","4000","500","Complete","0.330311201","2.1201E-5","0.2228465","0.1074435","0.640625","0.008","2331456","4000","8061.462008922536","7644.287188277893","10396.228328686206","1.000767355772193","0.026399068267307313","0","b1c80d02d980f561db28b8e8c75872a90bfe94527189f07f4dfe1c9226d272e5",""
"5","2","1","current","c6410392edd5b83003dbde0a9e0f1626dbac5328","3c4eb5aa557927d8666f64a5ccf45de3609b074f89f8e4b1b3604a66d52a3654","vectorPerformance","positive32","Quantile","2","1","427932","4000","500","Complete","0.327952001","2.0601E-5","0.2221269","0.1058045","0.65625","0.008","2330866","4000","7748.716822064378","7364.471868294603","10702.763364386927","1.0006942215274883","0.030448865944532777","0","218737eae3e2da277e8b65fe3a76bd5f04046950597185a676bdc475001c1e46",""
"5","2","1","current","c6410392edd5b83003dbde0a9e0f1626dbac5328","3c4eb5aa557927d8666f64a5ccf45de3609b074f89f8e4b1b3604a66d52a3654","vectorPerformance","positive32","Quantile","2","2","435851","4000","500","Complete","0.323085299","1.9499E-5","0.218701201","0.104364599","0.625","0.008","2331863","4000","7994.761109518766","7444.795092892279","10756.070846197807","1.0010742652566522","0.026722483101742966","0","fb50892c47662c7c9c7473b45775635e782a20ef09488c3bc7f407bd559adfe3",""
"5","2","1","current","c6410392edd5b83003dbde0a9e0f1626dbac5328","3c4eb5aa557927d8666f64a5ccf45de3609b074f89f8e4b1b3604a66d52a3654","vectorPerformance","positive32","Quantile","2","3","443770","4000","500","Complete","0.3266849","2.85E-5","0.224811299","0.101845101","0.96875","0.007","2331071","4000","8046.326204198977","7094.826103737033","10587.156707045673","1.0006492486922247","0.022192055198105076","0","ea829d033823c80e3ad79c2bf9f4c957103c19055e7f39ac840ae3dd8ecf7787",""
"5","2","1","current","c6410392edd5b83003dbde0a9e0f1626dbac5328","3c4eb5aa557927d8666f64a5ccf45de3609b074f89f8e4b1b3604a66d52a3654","vectorPerformance","positive32","Quantile","2","4","451689","4000","500","Complete","0.3211907","1.83E-5","0.214991","0.1061814","0.96875","0.007","2329615","4000","8049.572429524939","7585.9302215949265","10803.178568962107","1.001435614653514","0.019996657665890316","0","f2275fab90488b6e0703edb3fe7b6bef8718ce8c0b14a645dc9d2b61880d135c",""
"5","2","1","current","c6410392edd5b83003dbde0a9e0f1626dbac5328","3c4eb5aa557927d8666f64a5ccf45de3609b074f89f8e4b1b3604a66d52a3654","vectorPerformance","positive32","Quantile","4","-2","404175","4000","500","Complete","0.2348503","2.2E-5","0.1783927","0.0564356","1.1875","0.006","2332703","4000","8030.260361578566","7443.725542312934","10980.95587684255","1.0012073242374708","0.03162578897149504","0","109d1589a3cfa1856056d074588bf62a00242342be20aaa02c7f9fa0c3d02464",""
"5","2","1","current","c6410392edd5b83003dbde0a9e0f1626dbac5328","3c4eb5aa557927d8666f64a5ccf45de3609b074f89f8e4b1b3604a66d52a3654","vectorPerformance","positive32","Quantile","4","-1","412094","4000","500","Complete","0.2559526","1.95E-5","0.1923003","0.0636328","1.0","0.006","2332056","4000","7849.260320702932","7497.08911341319","10218.844461352033","1.000850226319869","0.023734462941020107","0","2e7ae8f39b7d995378c03be6210919257cb3c5da65a71f7499cfe9fc1c43ddaa",""
"5","2","1","current","c6410392edd5b83003dbde0a9e0f1626dbac5328","3c4eb5aa557927d8666f64a5ccf45de3609b074f89f8e4b1b3604a66d52a3654","vectorPerformance","positive32","Quantile","4","0","420013","4000","500","Complete","0.2728977","2.12E-5","0.215427699","0.057448801","1.125","0.008","2331456","4000","8061.462008922536","7644.287188277893","10396.228328686206","1.000767355772193","0.026399068267307313","0","b1c80d02d980f561db28b8e8c75872a90bfe94527189f07f4dfe1c9226d272e5",""
"5","2","1","current","c6410392edd5b83003dbde0a9e0f1626dbac5328","3c4eb5aa557927d8666f64a5ccf45de3609b074f89f8e4b1b3604a66d52a3654","vectorPerformance","positive32","Quantile","4","1","427932","4000","500","Complete","0.255769899","2.0099E-5","0.193333701","0.062416099","1.03125","0.009","2330866","4000","7748.716822064378","7364.471868294603","10702.763364386927","1.0006942215274883","0.030448865944532777","0","218737eae3e2da277e8b65fe3a76bd5f04046950597185a676bdc475001c1e46",""
"5","2","1","current","c6410392edd5b83003dbde0a9e0f1626dbac5328","3c4eb5aa557927d8666f64a5ccf45de3609b074f89f8e4b1b3604a66d52a3654","vectorPerformance","positive32","Quantile","4","2","435851","4000","500","Complete","0.2331657","1.97E-5","0.1775566","0.0555894","0.890625","0.006","2331863","4000","7994.761109518766","7444.795092892279","10756.070846197807","1.0010742652566522","0.026722483101742966","0","fb50892c47662c7c9c7473b45775635e782a20ef09488c3bc7f407bd559adfe3",""
"5","2","1","current","c6410392edd5b83003dbde0a9e0f1626dbac5328","3c4eb5aa557927d8666f64a5ccf45de3609b074f89f8e4b1b3604a66d52a3654","vectorPerformance","positive32","Quantile","4","3","443770","4000","500","Complete","0.246094099","1.96E-5","0.189767899","0.0563066","1.0","0.009","2331071","4000","8046.326204198977","7094.826103737033","10587.156707045673","1.0006492486922247","0.022192055198105076","0","ea829d033823c80e3ad79c2bf9f4c957103c19055e7f39ac840ae3dd8ecf7787",""
"5","2","1","current","c6410392edd5b83003dbde0a9e0f1626dbac5328","3c4eb5aa557927d8666f64a5ccf45de3609b074f89f8e4b1b3604a66d52a3654","vectorPerformance","positive32","Quantile","4","4","451689","4000","500","Complete","0.2356429","2.02E-5","0.179335","0.0562877","0.953125","0.007","2329615","4000","8049.572429524939","7585.9302215949265","10803.178568962107","1.001435614653514","0.019996657665890316","0","f2275fab90488b6e0703edb3fe7b6bef8718ce8c0b14a645dc9d2b61880d135c",""
"6","3","0","current","c6410392edd5b83003dbde0a9e0f1626dbac5328","3c4eb5aa557927d8666f64a5ccf45de3609b074f89f8e4b1b3604a66d52a3654","vectorPerformance","correlated32","GPSS","1","-2","404175","4000","500","Complete","0.391754","3.03E-5","0.205014299","0.186709401","0.375","0.006","265461","4000","645.117038188815","619.6601510130125","111.82974658890811","1.4709232708798055","0.0221888479832677","32","34ba7e81aae421fabb6d7abc8b37fed811e4c6a3b11b225e03c34135c20e5fab",""
"6","3","0","current","c6410392edd5b83003dbde0a9e0f1626dbac5328","3c4eb5aa557927d8666f64a5ccf45de3609b074f89f8e4b1b3604a66d52a3654","vectorPerformance","correlated32","GPSS","1","-1","412094","4000","500","Complete","0.391567499","3.14E-5","0.2025701","0.188965999","0.390625","0.004","260316","4000","564.5119782236644","553.9746471274595","68.93212740164371","1.6458772028336794","0.06977010736276656","32","0dd72e443f3b53513a682dd3fda3078d30eb3ca1e5546f164ad2b8797a0cc49f",""
"6","3","0","current","c6410392edd5b83003dbde0a9e0f1626dbac5328","3c4eb5aa557927d8666f64a5ccf45de3609b074f89f8e4b1b3604a66d52a3654","vectorPerformance","correlated32","GPSS","1","0","420013","4000","500","Complete","0.3987158","3.24E-5","0.2080166","0.1906668","0.765625","0.006","271170","4000","550.788691510793","462.92862585511017","31.898583590051008","1.6153232296497368","0.02539427674995709","32","4e32fd58fd10390b4e797c6902eed30b34036ec3e48184af25c550e5ecd201e4",""
"6","3","0","current","c6410392edd5b83003dbde0a9e0f1626dbac5328","3c4eb5aa557927d8666f64a5ccf45de3609b074f89f8e4b1b3604a66d52a3654","vectorPerformance","correlated32","GPSS","1","1","427932","4000","500","Complete","0.382207901","2.9401E-5","0.1942948","0.1878837","0.734375","0.005","243643","4000","728.9168563232058","707.6422054588379","37.327199337196575","1.394679319897266","0.014786962883091226","32","6556bc9a5258d4cf10554a8f1be0f66bc02b8dd465a89ab0179fc4a9bce27863",""
"6","3","0","current","c6410392edd5b83003dbde0a9e0f1626dbac5328","3c4eb5aa557927d8666f64a5ccf45de3609b074f89f8e4b1b3604a66d52a3654","vectorPerformance","correlated32","GPSS","1","2","435851","4000","500","Complete","0.3819422","2.33E-5","0.1964808","0.1854381","0.390625","0.004","252525","4000","851.515000276373","802.0414367077282","72.65826721585422","1.3443798021720257","0.05441559245735261","32","241b3dbb9e14d1912d29f4167a0d49b5aac92799d098cc4aea7fd189aea591d5",""
"6","3","0","current","c6410392edd5b83003dbde0a9e0f1626dbac5328","3c4eb5aa557927d8666f64a5ccf45de3609b074f89f8e4b1b3604a66d52a3654","vectorPerformance","correlated32","GPSS","1","3","443770","4000","500","Complete","0.3811426","2.46E-5","0.1974264","0.1836916","0.734375","0.004","252476","4000","579.6107666912351","519.1606176358861","80.32525737492834","1.1037679615355824","0.05661873010414342","32","e379cb80ecf5804cc22ddf166b2fd12dfc52cf394467b1b6e6cab088cb4ce1a7",""
"6","3","0","current","c6410392edd5b83003dbde0a9e0f1626dbac5328","3c4eb5aa557927d8666f64a5ccf45de3609b074f89f8e4b1b3604a66d52a3654","vectorPerformance","correlated32","GPSS","1","4","451689","4000","500","Complete","0.397874","2.4601E-5","0.209965499","0.1878839","0.390625","0.006","276146","4000","745.841296773472","687.9271641953604","73.67496547194912","1.1447391912214941","0.06804485983194875","32","d07f89bf5cc41c4bd92db0f6611a71a2eba9eae89a88327e3e8eeccefa31029b",""
"6","3","0","current","c6410392edd5b83003dbde0a9e0f1626dbac5328","3c4eb5aa557927d8666f64a5ccf45de3609b074f89f8e4b1b3604a66d52a3654","vectorPerformance","correlated32","GPSS","2","-2","404175","4000","500","Complete","0.2483827","3.72E-5","0.152768399","0.095577101","0.625","0.004","265461","4000","645.117038188815","619.6601510130125","111.82974658890811","1.4709232708798055","0.0221888479832677","32","34ba7e81aae421fabb6d7abc8b37fed811e4c6a3b11b225e03c34135c20e5fab",""
"6","3","0","current","c6410392edd5b83003dbde0a9e0f1626dbac5328","3c4eb5aa557927d8666f64a5ccf45de3609b074f89f8e4b1b3604a66d52a3654","vectorPerformance","correlated32","GPSS","2","-1","412094","4000","500","Complete","0.248849399","2.8399E-5","0.144774601","0.104046399","0.5","0.002","260316","4000","564.5119782236644","553.9746471274595","68.93212740164371","1.6458772028336794","0.06977010736276656","32","0dd72e443f3b53513a682dd3fda3078d30eb3ca1e5546f164ad2b8797a0cc49f",""
"6","3","0","current","c6410392edd5b83003dbde0a9e0f1626dbac5328","3c4eb5aa557927d8666f64a5ccf45de3609b074f89f8e4b1b3604a66d52a3654","vectorPerformance","correlated32","GPSS","2","0","420013","4000","500","Complete","0.2480679","2.97E-5","0.143099499","0.104938701","0.484375","0.005","271170","4000","550.788691510793","462.92862585511017","31.898583590051008","1.6153232296497368","0.02539427674995709","32","4e32fd58fd10390b4e797c6902eed30b34036ec3e48184af25c550e5ecd201e4",""
"6","3","0","current","c6410392edd5b83003dbde0a9e0f1626dbac5328","3c4eb5aa557927d8666f64a5ccf45de3609b074f89f8e4b1b3604a66d52a3654","vectorPerformance","correlated32","GPSS","2","1","427932","4000","500","Complete","0.238418801","4.77E-5","0.129728201","0.1086429","0.484375","0.005","243643","4000","728.9168563232058","707.6422054588379","37.327199337196575","1.394679319897266","0.014786962883091226","32","6556bc9a5258d4cf10554a8f1be0f66bc02b8dd465a89ab0179fc4a9bce27863",""
"6","3","0","current","c6410392edd5b83003dbde0a9e0f1626dbac5328","3c4eb5aa557927d8666f64a5ccf45de3609b074f89f8e4b1b3604a66d52a3654","vectorPerformance","correlated32","GPSS","2","2","435851","4000","500","Complete","0.2354397","2.3E-5","0.1315008","0.1039159","0.4375","0.004","252525","4000","851.515000276373","802.0414367077282","72.65826721585422","1.3443798021720257","0.05441559245735261","32","241b3dbb9e14d1912d29f4167a0d49b5aac92799d098cc4aea7fd189aea591d5",""
"6","3","0","current","c6410392edd5b83003dbde0a9e0f1626dbac5328","3c4eb5aa557927d8666f64a5ccf45de3609b074f89f8e4b1b3604a66d52a3654","vectorPerformance","correlated32","GPSS","2","3","443770","4000","500","Complete","0.2370418","3.8999E-5","0.134096201","0.1029066","0.46875","0.003","252476","4000","579.6107666912351","519.1606176358861","80.32525737492834","1.1037679615355824","0.05661873010414342","32","e379cb80ecf5804cc22ddf166b2fd12dfc52cf394467b1b6e6cab088cb4ce1a7",""
"6","3","0","current","c6410392edd5b83003dbde0a9e0f1626dbac5328","3c4eb5aa557927d8666f64a5ccf45de3609b074f89f8e4b1b3604a66d52a3654","vectorPerformance","correlated32","GPSS","2","4","451689","4000","500","Complete","0.2415979","3.2E-5","0.1407125","0.1008534","0.828125","0.004","276146","4000","745.841296773472","687.9271641953604","73.67496547194912","1.1447391912214941","0.06804485983194875","32","d07f89bf5cc41c4bd92db0f6611a71a2eba9eae89a88327e3e8eeccefa31029b",""
"6","3","0","current","c6410392edd5b83003dbde0a9e0f1626dbac5328","3c4eb5aa557927d8666f64a5ccf45de3609b074f89f8e4b1b3604a66d52a3654","vectorPerformance","correlated32","GPSS","4","-2","404175","4000","500","Complete","0.1932375","3.41E-5","0.129728799","0.063474601","0.796875","0.005","265461","4000","645.117038188815","619.6601510130125","111.82974658890811","1.4709232708798055","0.0221888479832677","32","34ba7e81aae421fabb6d7abc8b37fed811e4c6a3b11b225e03c34135c20e5fab",""
"6","3","0","current","c6410392edd5b83003dbde0a9e0f1626dbac5328","3c4eb5aa557927d8666f64a5ccf45de3609b074f89f8e4b1b3604a66d52a3654","vectorPerformance","correlated32","GPSS","4","-1","412094","4000","500","Complete","0.1974096","2.98E-5","0.1293275","0.0680523","0.796875","0.005","260316","4000","564.5119782236644","553.9746471274595","68.93212740164371","1.6458772028336794","0.06977010736276656","32","0dd72e443f3b53513a682dd3fda3078d30eb3ca1e5546f164ad2b8797a0cc49f",""
"6","3","0","current","c6410392edd5b83003dbde0a9e0f1626dbac5328","3c4eb5aa557927d8666f64a5ccf45de3609b074f89f8e4b1b3604a66d52a3654","vectorPerformance","correlated32","GPSS","4","0","420013","4000","500","Complete","0.1985216","3.15E-5","0.1369692","0.0615209","0.78125","0.002","271170","4000","550.788691510793","462.92862585511017","31.898583590051008","1.6153232296497368","0.02539427674995709","32","4e32fd58fd10390b4e797c6902eed30b34036ec3e48184af25c550e5ecd201e4",""
"6","3","0","current","c6410392edd5b83003dbde0a9e0f1626dbac5328","3c4eb5aa557927d8666f64a5ccf45de3609b074f89f8e4b1b3604a66d52a3654","vectorPerformance","correlated32","GPSS","4","1","427932","4000","500","Complete","0.183598999","3.19E-5","0.1186159","0.064951199","1.0","0.004","243643","4000","728.9168563232058","707.6422054588379","37.327199337196575","1.394679319897266","0.014786962883091226","32","6556bc9a5258d4cf10554a8f1be0f66bc02b8dd465a89ab0179fc4a9bce27863",""
"6","3","0","current","c6410392edd5b83003dbde0a9e0f1626dbac5328","3c4eb5aa557927d8666f64a5ccf45de3609b074f89f8e4b1b3604a66d52a3654","vectorPerformance","correlated32","GPSS","4","2","435851","4000","500","Complete","0.1859249","4.8799E-5","0.124870801","0.0610053","0.734375","0.002","252525","4000","851.515000276373","802.0414367077282","72.65826721585422","1.3443798021720257","0.05441559245735261","32","241b3dbb9e14d1912d29f4167a0d49b5aac92799d098cc4aea7fd189aea591d5",""
"6","3","0","current","c6410392edd5b83003dbde0a9e0f1626dbac5328","3c4eb5aa557927d8666f64a5ccf45de3609b074f89f8e4b1b3604a66d52a3654","vectorPerformance","correlated32","GPSS","4","3","443770","4000","500","Complete","0.1860536","4.45E-5","0.1222346","0.0637745","0.734375","0.005","252476","4000","579.6107666912351","519.1606176358861","80.32525737492834","1.1037679615355824","0.05661873010414342","32","e379cb80ecf5804cc22ddf166b2fd12dfc52cf394467b1b6e6cab088cb4ce1a7",""
"6","3","0","current","c6410392edd5b83003dbde0a9e0f1626dbac5328","3c4eb5aa557927d8666f64a5ccf45de3609b074f89f8e4b1b3604a66d52a3654","vectorPerformance","correlated32","GPSS","4","4","451689","4000","500","Complete","0.1946313","2.31E-5","0.1335546","0.0610536","0.703125","0.005","276146","4000","745.841296773472","687.9271641953604","73.67496547194912","1.1447391912214941","0.06804485983194875","32","d07f89bf5cc41c4bd92db0f6611a71a2eba9eae89a88327e3e8eeccefa31029b",""
"6","3","0","current","c6410392edd5b83003dbde0a9e0f1626dbac5328","3c4eb5aa557927d8666f64a5ccf45de3609b074f89f8e4b1b3604a66d52a3654","vectorPerformance","correlated32","Quantile","1","-2","404175","4000","500","Complete","1.4147674","2.1599E-5","1.224377601","0.1903682","1.40625","0.018","3282856","4000","23.797668269094697","23.991783455481954","49.25430937145106","1.1516283632440742","0.3728865535403717","32","a76e28f6e88c6be3891bdc833beb8d8d0a1740b95f0935a4806e8ab65d3c899c",""
"6","3","0","current","c6410392edd5b83003dbde0a9e0f1626dbac5328","3c4eb5aa557927d8666f64a5ccf45de3609b074f89f8e4b1b3604a66d52a3654","vectorPerformance","correlated32","Quantile","1","-1","412094","4000","500","Complete","1.404304499","2.16E-5","1.2159943","0.188288599","1.40625","0.018","3230583","4000","31.726513907349148","31.532168002260388","97.16989966673968","1.0798839490509835","0.08306741567350584","32","f9ed8df14134bddcfbb2d40aa6e479cfbaad40e1882750767724d2bc52df3b34",""
"6","3","0","current","c6410392edd5b83003dbde0a9e0f1626dbac5328","3c4eb5aa557927d8666f64a5ccf45de3609b074f89f8e4b1b3604a66d52a3654","vectorPerformance","correlated32","Quantile","1","0","420013","4000","500","Complete","1.387824001","2.1501E-5","1.205643899","0.182158601","1.65625","0.017","3251733","4000","36.23737925347603","37.074760300245536","94.41153342442881","1.094481746270784","0.006936160462634622","32","70f5117f96cd02d2870b347963ec61f489004b4e752f979286b6bbb78357a72b",""
"6","3","0","current","c6410392edd5b83003dbde0a9e0f1626dbac5328","3c4eb5aa557927d8666f64a5ccf45de3609b074f89f8e4b1b3604a66d52a3654","vectorPerformance","correlated32","Quantile","1","1","427932","4000","500","Complete","1.3833573","2.1599E-5","1.201176001","0.1821597","1.375","0.017","3236479","4000","31.801672449893193","32.058114379350506","84.74388663935426","1.0852433257313874","0.03363458703623934","32","9361e774d845e114d77fdb68cfdc974ca4f240b9ee801485b53bd51fdc75e4ee",""
"6","3","0","current","c6410392edd5b83003dbde0a9e0f1626dbac5328","3c4eb5aa557927d8666f64a5ccf45de3609b074f89f8e4b1b3604a66d52a3654","vectorPerformance","correlated32","Quantile","1","2","435851","4000","500","Complete","1.387497699","2.1699E-5","1.196701301","0.190774699","1.390625","0.018","3213584","4000","18.827593772089372","19.418977153927276","144.36214774069362","1.1856715933721973","0.22462708158086309","32","be8072aea54a06faab2c2090774614aa1ad4df6564d26d325be8e1037fc3c851",""
"6","3","0","current","c6410392edd5b83003dbde0a9e0f1626dbac5328","3c4eb5aa557927d8666f64a5ccf45de3609b074f89f8e4b1b3604a66d52a3654","vectorPerformance","correlated32","Quantile","1","3","443770","4000","500","Complete","1.4238169","2.1401E-5","1.2278069","0.195988599","1.421875","0.017","3292746","4000","8.551688513959126","8.66542172384507","23.37880092498311","1.3883316083476982","0.08359316129464744","32","3ae74ba297dfc21cabfcf0707b44b409c98d3bd3f9dfc2b6af98aa1fde2b375a",""
"6","3","0","current","c6410392edd5b83003dbde0a9e0f1626dbac5328","3c4eb5aa557927d8666f64a5ccf45de3609b074f89f8e4b1b3604a66d52a3654","vectorPerformance","correlated32","Quantile","1","4","451689","4000","500","Complete","1.375151099","2.08E-5","1.1868122","0.188318099","2.046875","0.017","3210555","4000","32.00943946980557","33.91863557210035","93.00550074538009","1.0837128123690845","0.1407722816405288","32","6de2fd21c7960b9d9708ca419e8aba6e1a90d027a2db52b77e66a4a749ca160e",""
"6","3","0","current","c6410392edd5b83003dbde0a9e0f1626dbac5328","3c4eb5aa557927d8666f64a5ccf45de3609b074f89f8e4b1b3604a66d52a3654","vectorPerformance","correlated32","Quantile","2","-2","404175","4000","500","Complete","0.948292101","2.0901E-5","0.843698099","0.104573101","2.171875","0.018","3282856","4000","23.797668269094697","23.991783455481954","49.25430937145106","1.1516283632440742","0.3728865535403717","32","a76e28f6e88c6be3891bdc833beb8d8d0a1740b95f0935a4806e8ab65d3c899c",""
"6","3","0","current","c6410392edd5b83003dbde0a9e0f1626dbac5328","3c4eb5aa557927d8666f64a5ccf45de3609b074f89f8e4b1b3604a66d52a3654","vectorPerformance","correlated32","Quantile","2","-1","412094","4000","500","Complete","0.951437399","1.95E-5","0.846721999","0.1046959","1.828125","0.017","3230583","4000","31.726513907349148","31.532168002260388","97.16989966673968","1.0798839490509835","0.08306741567350584","32","f9ed8df14134bddcfbb2d40aa6e479cfbaad40e1882750767724d2bc52df3b34",""
"6","3","0","current","c6410392edd5b83003dbde0a9e0f1626dbac5328","3c4eb5aa557927d8666f64a5ccf45de3609b074f89f8e4b1b3604a66d52a3654","vectorPerformance","correlated32","Quantile","2","0","420013","4000","500","Complete","0.942486801","2.0401E-5","0.8411025","0.1013639","2.546875","0.018","3251733","4000","36.23737925347603","37.074760300245536","94.41153342442881","1.094481746270784","0.006936160462634622","32","70f5117f96cd02d2870b347963ec61f489004b4e752f979286b6bbb78357a72b",""
"6","3","0","current","c6410392edd5b83003dbde0a9e0f1626dbac5328","3c4eb5aa557927d8666f64a5ccf45de3609b074f89f8e4b1b3604a66d52a3654","vectorPerformance","correlated32","Quantile","2","1","427932","4000","500","Complete","0.9331368","2.0499E-5","0.831852001","0.1012643","1.78125","0.017","3236479","4000","31.801672449893193","32.058114379350506","84.74388663935426","1.0852433257313874","0.03363458703623934","32","9361e774d845e114d77fdb68cfdc974ca4f240b9ee801485b53bd51fdc75e4ee",""
"6","3","0","current","c6410392edd5b83003dbde0a9e0f1626dbac5328","3c4eb5aa557927d8666f64a5ccf45de3609b074f89f8e4b1b3604a66d52a3654","vectorPerformance","correlated32","Quantile","2","2","435851","4000","500","Complete","0.934858399","1.9899E-5","0.827963301","0.106875199","2.1875","0.016","3213584","4000","18.827593772089372","19.418977153927276","144.36214774069362","1.1856715933721973","0.22462708158086309","32","be8072aea54a06faab2c2090774614aa1ad4df6564d26d325be8e1037fc3c851",""
"6","3","0","current","c6410392edd5b83003dbde0a9e0f1626dbac5328","3c4eb5aa557927d8666f64a5ccf45de3609b074f89f8e4b1b3604a66d52a3654","vectorPerformance","correlated32","Quantile","2","3","443770","4000","500","Complete","0.965248","2.08E-5","0.851957599","0.113269601","2.25","0.019","3292746","4000","8.551688513959126","8.66542172384507","23.37880092498311","1.3883316083476982","0.08359316129464744","32","3ae74ba297dfc21cabfcf0707b44b409c98d3bd3f9dfc2b6af98aa1fde2b375a",""
"6","3","0","current","c6410392edd5b83003dbde0a9e0f1626dbac5328","3c4eb5aa557927d8666f64a5ccf45de3609b074f89f8e4b1b3604a66d52a3654","vectorPerformance","correlated32","Quantile","2","4","451689","4000","500","Complete","0.9362155","2.42E-5","0.8297876","0.1064037","2.1875","0.017","3210555","4000","32.00943946980557","33.91863557210035","93.00550074538009","1.0837128123690845","0.1407722816405288","32","6de2fd21c7960b9d9708ca419e8aba6e1a90d027a2db52b77e66a4a749ca160e",""
"6","3","0","current","c6410392edd5b83003dbde0a9e0f1626dbac5328","3c4eb5aa557927d8666f64a5ccf45de3609b074f89f8e4b1b3604a66d52a3654","vectorPerformance","correlated32","Quantile","4","-2","404175","4000","500","Complete","0.8698602","2.04E-5","0.8080634","0.0617764","3.375","0.017","3282856","4000","23.797668269094697","23.991783455481954","49.25430937145106","1.1516283632440742","0.3728865535403717","32","a76e28f6e88c6be3891bdc833beb8d8d0a1740b95f0935a4806e8ab65d3c899c",""
"6","3","0","current","c6410392edd5b83003dbde0a9e0f1626dbac5328","3c4eb5aa557927d8666f64a5ccf45de3609b074f89f8e4b1b3604a66d52a3654","vectorPerformance","correlated32","Quantile","4","-1","412094","4000","500","Complete","0.8520172","3.43E-5","0.792386399","0.059596501","3.34375","0.017","3230583","4000","31.726513907349148","31.532168002260388","97.16989966673968","1.0798839490509835","0.08306741567350584","32","f9ed8df14134bddcfbb2d40aa6e479cfbaad40e1882750767724d2bc52df3b34",""
"6","3","0","current","c6410392edd5b83003dbde0a9e0f1626dbac5328","3c4eb5aa557927d8666f64a5ccf45de3609b074f89f8e4b1b3604a66d52a3654","vectorPerformance","correlated32","Quantile","4","0","420013","4000","500","Complete","0.8590764","2.05E-5","0.7974993","0.0615566","3.328125","0.016","3251733","4000","36.23737925347603","37.074760300245536","94.41153342442881","1.094481746270784","0.006936160462634622","32","70f5117f96cd02d2870b347963ec61f489004b4e752f979286b6bbb78357a72b",""
"6","3","0","current","c6410392edd5b83003dbde0a9e0f1626dbac5328","3c4eb5aa557927d8666f64a5ccf45de3609b074f89f8e4b1b3604a66d52a3654","vectorPerformance","correlated32","Quantile","4","1","427932","4000","500","Complete","0.8564546","2.04E-5","0.797552399","0.058881801","3.65625","0.017","3236479","4000","31.801672449893193","32.058114379350506","84.74388663935426","1.0852433257313874","0.03363458703623934","32","9361e774d845e114d77fdb68cfdc974ca4f240b9ee801485b53bd51fdc75e4ee",""
"6","3","0","current","c6410392edd5b83003dbde0a9e0f1626dbac5328","3c4eb5aa557927d8666f64a5ccf45de3609b074f89f8e4b1b3604a66d52a3654","vectorPerformance","correlated32","Quantile","4","2","435851","4000","500","Complete","0.8518171","2.0E-5","0.7883888","0.0634083","3.921875","0.016","3213584","4000","18.827593772089372","19.418977153927276","144.36214774069362","1.1856715933721973","0.22462708158086309","32","be8072aea54a06faab2c2090774614aa1ad4df6564d26d325be8e1037fc3c851",""
"6","3","0","current","c6410392edd5b83003dbde0a9e0f1626dbac5328","3c4eb5aa557927d8666f64a5ccf45de3609b074f89f8e4b1b3604a66d52a3654","vectorPerformance","correlated32","Quantile","4","3","443770","4000","500","Complete","0.8809787","2.1E-5","0.8099345","0.0710232","3.546875","0.019","3292746","4000","8.551688513959126","8.66542172384507","23.37880092498311","1.3883316083476982","0.08359316129464744","32","3ae74ba297dfc21cabfcf0707b44b409c98d3bd3f9dfc2b6af98aa1fde2b375a",""
"6","3","0","current","c6410392edd5b83003dbde0a9e0f1626dbac5328","3c4eb5aa557927d8666f64a5ccf45de3609b074f89f8e4b1b3604a66d52a3654","vectorPerformance","correlated32","Quantile","4","4","451689","4000","500","Complete","0.8553397","2.11E-5","0.7935411","0.0617775","3.40625","0.018","3210555","4000","32.00943946980557","33.91863557210035","93.00550074538009","1.0837128123690845","0.1407722816405288","32","6de2fd21c7960b9d9708ca419e8aba6e1a90d027a2db52b77e66a4a749ca160e",""
"6","3","0","current","c6410392edd5b83003dbde0a9e0f1626dbac5328","3c4eb5aa557927d8666f64a5ccf45de3609b074f89f8e4b1b3604a66d52a3654","vectorPerformance","gaussian32","GPSS","1","-2","404175","4000","500","Complete","0.277247901","3.8801E-5","0.0949298","0.1822793","0.328125","0.002","139155","4000","14560.87743232489","14566.888663880416","9030.296419517286","1.0011086994050007","0.013020088729037094","0","f3ae7e88a3469d95a481057ff78725be41612c1e7bdf2f3d1a7c73f5a42981cf",""
"6","3","0","current","c6410392edd5b83003dbde0a9e0f1626dbac5328","3c4eb5aa557927d8666f64a5ccf45de3609b074f89f8e4b1b3604a66d52a3654","vectorPerformance","gaussian32","GPSS","1","-1","412094","4000","500","Complete","0.2936179","4.0699E-5","0.111158801","0.1824184","0.640625","0.002","138730","4000","14723.327722756223","14738.615855733822","8857.898575485036","1.0012097458367082","0.014860253936955947","0","6d85793e19e5639b0a7430ab942ac98e6519fa4be0fbcee8a8930a2af289299d",""
"6","3","0","current","c6410392edd5b83003dbde0a9e0f1626dbac5328","3c4eb5aa557927d8666f64a5ccf45de3609b074f89f8e4b1b3604a66d52a3654","vectorPerformance","gaussian32","GPSS","1","0","420013","4000","500","Complete","0.2773584","4.3899E-5","0.091796001","0.1855185","0.28125","0.003","138723","4000","14789.309502344258","14770.299991933614","8878.031772176253","1.0012114173589253","0.02042856356087519","0","fb030bc811389f4cc0c40b053f280c25c0c5e58babb6d5eb761947efb8511783",""
"6","3","0","current","c6410392edd5b83003dbde0a9e0f1626dbac5328","3c4eb5aa557927d8666f64a5ccf45de3609b074f89f8e4b1b3604a66d52a3654","vectorPerformance","gaussian32","GPSS","1","1","427932","4000","500","Complete","0.280292501","3.7901E-5","0.092350799","0.187903801","0.3125","0.005","138788","4000","15028.158264845573","15037.33690560915","9075.6220980371","1.0011653829278853","0.016607695975976222","0","3d0bccbf5e695e5e8a5d89fa29a1a353b231a8693474ffa5e1944f58eee51881",""
"6","3","0","current","c6410392edd5b83003dbde0a9e0f1626dbac5328","3c4eb5aa557927d8666f64a5ccf45de3609b074f89f8e4b1b3604a66d52a3654","vectorPerformance","gaussian32","GPSS","1","2","435851","4000","500","Complete","0.276436299","3.4099E-5","0.0910427","0.1853595","0.296875","0.003","138703","4000","14933.892470949851","14950.607747787408","8635.192267898514","1.001735370997425","0.021490044822388643","0","603bdfe20f551e62d9c5fbc68e896eb978d3c40134ec7e7cbc17b062760b5957",""
"6","3","0","current","c6410392edd5b83003dbde0a9e0f1626dbac5328","3c4eb5aa557927d8666f64a5ccf45de3609b074f89f8e4b1b3604a66d52a3654","vectorPerformance","gaussian32","GPSS","1","3","443770","4000","500","Complete","0.275952","3.5899E-5","0.0938424","0.182073701","0.28125","0.003","138777","4000","15223.671841621832","15221.605805391002","9210.378340418303","1.0015395267295784","0.016172276604625724","0","2ead94f9fc645301334f7309cfcc4f5b6e54cfdca48deed2f7e56fe38456b29a",""
"6","3","0","current","c6410392edd5b83003dbde0a9e0f1626dbac5328","3c4eb5aa557927d8666f64a5ccf45de3609b074f89f8e4b1b3604a66d52a3654","vectorPerformance","gaussian32","GPSS","1","4","451689","4000","500","Complete","0.275089","3.58E-5","0.0941175","0.1809357","0.28125","0.003","138750","4000","14345.553258947568","14342.778169951296","8945.28266108745","1.0011866456042022","0.01864774016529802","0","d4278b864a0c0454d1730a6de2433aebfa0ebf5de90d82ef8563be3b95ce2d1a",""
"6","3","0","current","c6410392edd5b83003dbde0a9e0f1626dbac5328","3c4eb5aa557927d8666f64a5ccf45de3609b074f89f8e4b1b3604a66d52a3654","vectorPerformance","gaussian32","GPSS","2","-2","404175","4000","500","Complete","0.161945401","7.2401E-5","0.065843","0.09603","0.390625","0.003","139155","4000","14560.87743232489","14566.888663880416","9030.296419517286","1.0011086994050007","0.013020088729037094","0","f3ae7e88a3469d95a481057ff78725be41612c1e7bdf2f3d1a7c73f5a42981cf",""
"6","3","0","current","c6410392edd5b83003dbde0a9e0f1626dbac5328","3c4eb5aa557927d8666f64a5ccf45de3609b074f89f8e4b1b3604a66d52a3654","vectorPerformance","gaussian32","GPSS","2","-1","412094","4000","500","Complete","0.163430999","4.55E-5","0.0628915","0.100493999","0.34375","0.004","138730","4000","14723.327722756223","14738.615855733822","8857.898575485036","1.0012097458367082","0.014860253936955947","0","6d85793e19e5639b0a7430ab942ac98e6519fa4be0fbcee8a8930a2af289299d",""
"6","3","0","current","c6410392edd5b83003dbde0a9e0f1626dbac5328","3c4eb5aa557927d8666f64a5ccf45de3609b074f89f8e4b1b3604a66d52a3654","vectorPerformance","gaussian32","GPSS","2","0","420013","4000","500","Complete","0.160934101","3.6001E-5","0.0630496","0.0978485","0.3125","0.002","138723","4000","14789.309502344258","14770.299991933614","8878.031772176253","1.0012114173589253","0.02042856356087519","0","fb030bc811389f4cc0c40b053f280c25c0c5e58babb6d5eb761947efb8511783",""
"6","3","0","current","c6410392edd5b83003dbde0a9e0f1626dbac5328","3c4eb5aa557927d8666f64a5ccf45de3609b074f89f8e4b1b3604a66d52a3654","vectorPerformance","gaussian32","GPSS","2","1","427932","4000","500","Complete","0.1599798","3.74E-5","0.0625809","0.0973615","0.671875","0.002","138788","4000","15028.158264845573","15037.33690560915","9075.6220980371","1.0011653829278853","0.016607695975976222","0","3d0bccbf5e695e5e8a5d89fa29a1a353b231a8693474ffa5e1944f58eee51881",""
"6","3","0","current","c6410392edd5b83003dbde0a9e0f1626dbac5328","3c4eb5aa557927d8666f64a5ccf45de3609b074f89f8e4b1b3604a66d52a3654","vectorPerformance","gaussian32","GPSS","2","2","435851","4000","500","Complete","0.1589722","3.6299E-5","0.062050701","0.0968852","0.65625","0.002","138703","4000","14933.892470949851","14950.607747787408","8635.192267898514","1.001735370997425","0.021490044822388643","0","603bdfe20f551e62d9c5fbc68e896eb978d3c40134ec7e7cbc17b062760b5957",""
"6","3","0","current","c6410392edd5b83003dbde0a9e0f1626dbac5328","3c4eb5aa557927d8666f64a5ccf45de3609b074f89f8e4b1b3604a66d52a3654","vectorPerformance","gaussian32","GPSS","2","3","443770","4000","500","Complete","0.163046199","3.61E-5","0.0615152","0.101494899","0.34375","0.003","138777","4000","15223.671841621832","15221.605805391002","9210.378340418303","1.0015395267295784","0.016172276604625724","0","2ead94f9fc645301334f7309cfcc4f5b6e54cfdca48deed2f7e56fe38456b29a",""
"6","3","0","current","c6410392edd5b83003dbde0a9e0f1626dbac5328","3c4eb5aa557927d8666f64a5ccf45de3609b074f89f8e4b1b3604a66d52a3654","vectorPerformance","gaussian32","GPSS","2","4","451689","4000","500","Complete","0.1603924","4.8E-5","0.062001899","0.098342501","0.3125","0.001","138750","4000","14345.553258947568","14342.778169951296","8945.28266108745","1.0011866456042022","0.01864774016529802","0","d4278b864a0c0454d1730a6de2433aebfa0ebf5de90d82ef8563be3b95ce2d1a",""
"6","3","0","current","c6410392edd5b83003dbde0a9e0f1626dbac5328","3c4eb5aa557927d8666f64a5ccf45de3609b074f89f8e4b1b3604a66d52a3654","vectorPerformance","gaussian32","GPSS","4","-2","404175","4000","500","Complete","0.119371099","3.76E-5","0.056405199","0.0629283","0.796875","0.005","139155","4000","14560.87743232489","14566.888663880416","9030.296419517286","1.0011086994050007","0.013020088729037094","0","f3ae7e88a3469d95a481057ff78725be41612c1e7bdf2f3d1a7c73f5a42981cf",""
"6","3","0","current","c6410392edd5b83003dbde0a9e0f1626dbac5328","3c4eb5aa557927d8666f64a5ccf45de3609b074f89f8e4b1b3604a66d52a3654","vectorPerformance","gaussian32","GPSS","4","-1","412094","4000","500","Complete","0.1153596","4.72E-5","0.0558378","0.0594746","0.4375","0.004","138730","4000","14723.327722756223","14738.615855733822","8857.898575485036","1.0012097458367082","0.014860253936955947","0","6d85793e19e5639b0a7430ab942ac98e6519fa4be0fbcee8a8930a2af289299d",""
"6","3","0","current","c6410392edd5b83003dbde0a9e0f1626dbac5328","3c4eb5aa557927d8666f64a5ccf45de3609b074f89f8e4b1b3604a66d52a3654","vectorPerformance","gaussian32","GPSS","4","0","420013","4000","500","Complete","0.1141145","3.61E-5","0.0561038","0.0579746","0.421875","0.001","138723","4000","14789.309502344258","14770.299991933614","8878.031772176253","1.0012114173589253","0.02042856356087519","0","fb030bc811389f4cc0c40b053f280c25c0c5e58babb6d5eb761947efb8511783",""
"6","3","0","current","c6410392edd5b83003dbde0a9e0f1626dbac5328","3c4eb5aa557927d8666f64a5ccf45de3609b074f89f8e4b1b3604a66d52a3654","vectorPerformance","gaussian32","GPSS","4","1","427932","4000","500","Complete","0.112466399","3.3999E-5","0.058546901","0.053885499","0.421875","0.003","138788","4000","15028.158264845573","15037.33690560915","9075.6220980371","1.0011653829278853","0.016607695975976222","0","3d0bccbf5e695e5e8a5d89fa29a1a353b231a8693474ffa5e1944f58eee51881",""
"6","3","0","current","c6410392edd5b83003dbde0a9e0f1626dbac5328","3c4eb5aa557927d8666f64a5ccf45de3609b074f89f8e4b1b3604a66d52a3654","vectorPerformance","gaussian32","GPSS","4","2","435851","4000","500","Complete","0.1176282","3.5599E-5","0.0572587","0.060333901","0.4375","0.004","138703","4000","14933.892470949851","14950.607747787408","8635.192267898514","1.001735370997425","0.021490044822388643","0","603bdfe20f551e62d9c5fbc68e896eb978d3c40134ec7e7cbc17b062760b5957",""
"6","3","0","current","c6410392edd5b83003dbde0a9e0f1626dbac5328","3c4eb5aa557927d8666f64a5ccf45de3609b074f89f8e4b1b3604a66d52a3654","vectorPerformance","gaussian32","GPSS","4","3","443770","4000","500","Complete","0.114629599","3.74E-5","0.0558471","0.058745099","0.765625","0.004","138777","4000","15223.671841621832","15221.605805391002","9210.378340418303","1.0015395267295784","0.016172276604625724","0","2ead94f9fc645301334f7309cfcc4f5b6e54cfdca48deed2f7e56fe38456b29a",""
"6","3","0","current","c6410392edd5b83003dbde0a9e0f1626dbac5328","3c4eb5aa557927d8666f64a5ccf45de3609b074f89f8e4b1b3604a66d52a3654","vectorPerformance","gaussian32","GPSS","4","4","451689","4000","500","Complete","0.115513","3.82E-5","0.0559711","0.0595037","0.4375","0.004","138750","4000","14345.553258947568","14342.778169951296","8945.28266108745","1.0011866456042022","0.01864774016529802","0","d4278b864a0c0454d1730a6de2433aebfa0ebf5de90d82ef8563be3b95ce2d1a",""
"6","3","0","current","c6410392edd5b83003dbde0a9e0f1626dbac5328","3c4eb5aa557927d8666f64a5ccf45de3609b074f89f8e4b1b3604a66d52a3654","vectorPerformance","gaussian32","Quantile","1","-2","404175","4000","500","Complete","0.568053401","2.99E-5","0.386092101","0.1819314","0.59375","0.009","1753214","4000","15219.008327321226","15213.744919585897","12194.607218487616","1.0007110848254097","0.01623649007724448","0","cecc6b4fda00565adaade6079bd9a81eec1cb5425a7364f3a4652f8f1fe688e7",""
"6","3","0","current","c6410392edd5b83003dbde0a9e0f1626dbac5328","3c4eb5aa557927d8666f64a5ccf45de3609b074f89f8e4b1b3604a66d52a3654","vectorPerformance","gaussian32","Quantile","1","-1","412094","4000","500","Complete","0.569719199","4.6999E-5","0.387945801","0.181726399","0.59375","0.009","1754500","4000","14374.340793710559","14390.679914776822","12593.727427588436","1.0005481375625007","0.020322296447435884","0","710b12b4b32c1d00e33cda313ee3aca4afb06968f65bf5b1d672fd6109f4f43f",""
"6","3","0","current","c6410392edd5b83003dbde0a9e0f1626dbac5328","3c4eb5aa557927d8666f64a5ccf45de3609b074f89f8e4b1b3604a66d52a3654","vectorPerformance","gaussian32","Quantile","1","0","420013","4000","500","Complete","0.5693744","2.78E-5","0.3834024","0.1859442","0.921875","0.012","1751135","4000","14804.415700401843","14796.384417892554","11674.348877600554","1.0004842070731996","0.017149474216242355","0","7163a65543816d08a23c844d2762c1967e2f734b4748129ec7bdf89e140df8b4",""
"6","3","0","current","c6410392edd5b83003dbde0a9e0f1626dbac5328","3c4eb5aa557927d8666f64a5ccf45de3609b074f89f8e4b1b3604a66d52a3654","vectorPerformance","gaussian32","Quantile","1","1","427932","4000","500","Complete","0.5678255","2.8399E-5","0.3858863","0.181910801","0.859375","0.01","1751119","4000","15119.429112419593","15129.482098788952","12424.352542458728","1.000588248721186","0.024238503591598903","0","e468486f9c3bce272356b47328af805b6315b0ce0dcec0ba389ad1cc6e773090",""
"6","3","0","current","c6410392edd5b83003dbde0a9e0f1626dbac5328","3c4eb5aa557927d8666f64a5ccf45de3609b074f89f8e4b1b3604a66d52a3654","vectorPerformance","gaussian32","Quantile","1","2","435851","4000","500","Complete","0.5738291","3.24E-5","0.3867968","0.1869999","0.609375","0.013","1754043","4000","14654.09636813213","14648.796726473445","11630.775114295944","1.0006045524861327","0.019982935899345466","0","f17849dd0d6937ddb28ce5136301623e9a5b8e9dd4ad54fb96a198cfdc5f0c6a",""
"6","3","0","current","c6410392edd5b83003dbde0a9e0f1626dbac5328","3c4eb5aa557927d8666f64a5ccf45de3609b074f89f8e4b1b3604a66d52a3654","vectorPerformance","gaussian32","Quantile","1","3","443770","4000","500","Complete","0.576363601","2.8101E-5","0.393898","0.1824375","0.90625","0.011","1754067","4000","14670.955292689816","14672.094230083088","12113.52110906072","1.0003997605716526","0.012117200485737945","0","8d191d73493e7fb3ede8cea18ccac7e017f7700706ef9c9f8b699e07b2804d14",""
"6","3","0","current","c6410392edd5b83003dbde0a9e0f1626dbac5328","3c4eb5aa557927d8666f64a5ccf45de3609b074f89f8e4b1b3604a66d52a3654","vectorPerformance","gaussian32","Quantile","1","4","451689","4000","500","Complete","0.574523999","2.65E-5","0.3941593","0.180338199","0.5625","0.011","1751661","4000","14424.859583462046","14417.997752939862","12128.296452895833","1.0007982696988702","0.02835365482901797","0","b8ea3b62393883b214271958061a644368686dc583e5f2e33e5eafdc7a65f17e",""
"6","3","0","current","c6410392edd5b83003dbde0a9e0f1626dbac5328","3c4eb5aa557927d8666f64a5ccf45de3609b074f89f8e4b1b3604a66d52a3654","vectorPerformance","gaussian32","Quantile","2","-2","404175","4000","500","Complete","0.400131599","3.41E-5","0.3015568","0.098540699","1.359375","0.012","1753214","4000","15219.008327321226","15213.744919585897","12194.607218487616","1.0007110848254097","0.01623649007724448","0","cecc6b4fda00565adaade6079bd9a81eec1cb5425a7364f3a4652f8f1fe688e7",""
"6","3","0","current","c6410392edd5b83003dbde0a9e0f1626dbac5328","3c4eb5aa557927d8666f64a5ccf45de3609b074f89f8e4b1b3604a66d52a3654","vectorPerformance","gaussian32","Quantile","2","-1","412094","4000","500","Complete","0.4017737","2.83E-5","0.3058025","0.0959429","1.109375","0.01","1754500","4000","14374.340793710559","14390.679914776822","12593.727427588436","1.0005481375625007","0.020322296447435884","0","710b12b4b32c1d00e33cda313ee3aca4afb06968f65bf5b1d672fd6109f4f43f",""
"6","3","0","current","c6410392edd5b83003dbde0a9e0f1626dbac5328","3c4eb5aa557927d8666f64a5ccf45de3609b074f89f8e4b1b3604a66d52a3654","vectorPerformance","gaussian32","Quantile","2","0","420013","4000","500","Complete","0.398108899","2.82E-5","0.3046314","0.093449299","1.140625","0.01","1751135","4000","14804.415700401843","14796.384417892554","11674.348877600554","1.0004842070731996","0.017149474216242355","0","7163a65543816d08a23c844d2762c1967e2f734b4748129ec7bdf89e140df8b4",""
"6","3","0","current","c6410392edd5b83003dbde0a9e0f1626dbac5328","3c4eb5aa557927d8666f64a5ccf45de3609b074f89f8e4b1b3604a66d52a3654","vectorPerformance","gaussian32","Quantile","2","1","427932","4000","500","Complete","0.3981551","3.79E-5","0.301639","0.0964782","0.8125","0.009","1751119","4000","15119.429112419593","15129.482098788952","12424.352542458728","1.000588248721186","0.024238503591598903","0","e468486f9c3bce272356b47328af805b6315b0ce0dcec0ba389ad1cc6e773090",""
"6","3","0","current","c6410392edd5b83003dbde0a9e0f1626dbac5328","3c4eb5aa557927d8666f64a5ccf45de3609b074f89f8e4b1b3604a66d52a3654","vectorPerformance","gaussian32","Quantile","2","2","435851","4000","500","Complete","0.419594","2.92E-5","0.3204092","0.0991556","0.84375","0.013","1754043","4000","14654.09636813213","14648.796726473445","11630.775114295944","1.0006045524861327","0.019982935899345466","0","f17849dd0d6937ddb28ce5136301623e9a5b8e9dd4ad54fb96a198cfdc5f0c6a",""
"6","3","0","current","c6410392edd5b83003dbde0a9e0f1626dbac5328","3c4eb5aa557927d8666f64a5ccf45de3609b074f89f8e4b1b3604a66d52a3654","vectorPerformance","gaussian32","Quantile","2","3","443770","4000","500","Complete","0.4123908","2.69E-5","0.308438","0.1039259","0.828125","0.012","1754067","4000","14670.955292689816","14672.094230083088","12113.52110906072","1.0003997605716526","0.012117200485737945","0","8d191d73493e7fb3ede8cea18ccac7e017f7700706ef9c9f8b699e07b2804d14",""
"6","3","0","current","c6410392edd5b83003dbde0a9e0f1626dbac5328","3c4eb5aa557927d8666f64a5ccf45de3609b074f89f8e4b1b3604a66d52a3654","vectorPerformance","gaussian32","Quantile","2","4","451689","4000","500","Complete","0.406749501","4.7E-5","0.3104666","0.096235901","1.125","0.011","1751661","4000","14424.859583462046","14417.997752939862","12128.296452895833","1.0007982696988702","0.02835365482901797","0","b8ea3b62393883b214271958061a644368686dc583e5f2e33e5eafdc7a65f17e",""
"6","3","0","current","c6410392edd5b83003dbde0a9e0f1626dbac5328","3c4eb5aa557927d8666f64a5ccf45de3609b074f89f8e4b1b3604a66d52a3654","vectorPerformance","gaussian32","Quantile","4","-2","404175","4000","500","Complete","0.3575247","6.59E-5","0.3032234","0.0542354","1.5","0.01","1753214","4000","15219.008327321226","15213.744919585897","12194.607218487616","1.0007110848254097","0.01623649007724448","0","cecc6b4fda00565adaade6079bd9a81eec1cb5425a7364f3a4652f8f1fe688e7",""
"6","3","0","current","c6410392edd5b83003dbde0a9e0f1626dbac5328","3c4eb5aa557927d8666f64a5ccf45de3609b074f89f8e4b1b3604a66d52a3654","vectorPerformance","gaussian32","Quantile","4","-1","412094","4000","500","Complete","0.363857301","2.8E-5","0.3031608","0.060668501","1.4375","0.012","1754500","4000","14374.340793710559","14390.679914776822","12593.727427588436","1.0005481375625007","0.020322296447435884","0","710b12b4b32c1d00e33cda313ee3aca4afb06968f65bf5b1d672fd6109f4f43f",""
"6","3","0","current","c6410392edd5b83003dbde0a9e0f1626dbac5328","3c4eb5aa557927d8666f64a5ccf45de3609b074f89f8e4b1b3604a66d52a3654","vectorPerformance","gaussian32","Quantile","4","0","420013","4000","500","Complete","0.3649776","2.91E-5","0.3090176","0.0559309","1.734375","0.011","1751135","4000","14804.415700401843","14796.384417892554","11674.348877600554","1.0004842070731996","0.017149474216242355","0","7163a65543816d08a23c844d2762c1967e2f734b4748129ec7bdf89e140df8b4",""
"6","3","0","current","c6410392edd5b83003dbde0a9e0f1626dbac5328","3c4eb5aa557927d8666f64a5ccf45de3609b074f89f8e4b1b3604a66d52a3654","vectorPerformance","gaussian32","Quantile","4","1","427932","4000","500","Complete","0.3617643","3.79E-5","0.3065345","0.0551919","1.453125","0.009","1751119","4000","15119.429112419593","15129.482098788952","12424.352542458728","1.000588248721186","0.024238503591598903","0","e468486f9c3bce272356b47328af805b6315b0ce0dcec0ba389ad1cc6e773090",""
"6","3","0","current","c6410392edd5b83003dbde0a9e0f1626dbac5328","3c4eb5aa557927d8666f64a5ccf45de3609b074f89f8e4b1b3604a66d52a3654","vectorPerformance","gaussian32","Quantile","4","2","435851","4000","500","Complete","0.3605863","2.63E-5","0.3023074","0.0582526","1.71875","0.013","1754043","4000","14654.09636813213","14648.796726473445","11630.775114295944","1.0006045524861327","0.019982935899345466","0","f17849dd0d6937ddb28ce5136301623e9a5b8e9dd4ad54fb96a198cfdc5f0c6a",""
"6","3","0","current","c6410392edd5b83003dbde0a9e0f1626dbac5328","3c4eb5aa557927d8666f64a5ccf45de3609b074f89f8e4b1b3604a66d52a3654","vectorPerformance","gaussian32","Quantile","4","3","443770","4000","500","Complete","0.369231401","2.7701E-5","0.314399499","0.054804201","1.71875","0.012","1754067","4000","14670.955292689816","14672.094230083088","12113.52110906072","1.0003997605716526","0.012117200485737945","0","8d191d73493e7fb3ede8cea18ccac7e017f7700706ef9c9f8b699e07b2804d14",""
"6","3","0","current","c6410392edd5b83003dbde0a9e0f1626dbac5328","3c4eb5aa557927d8666f64a5ccf45de3609b074f89f8e4b1b3604a66d52a3654","vectorPerformance","gaussian32","Quantile","4","4","451689","4000","500","Complete","0.371670499","3.01E-5","0.3111776","0.060462799","1.421875","0.014","1751661","4000","14424.859583462046","14417.997752939862","12128.296452895833","1.0007982696988702","0.02835365482901797","0","b8ea3b62393883b214271958061a644368686dc583e5f2e33e5eafdc7a65f17e",""
"6","3","0","current","c6410392edd5b83003dbde0a9e0f1626dbac5328","3c4eb5aa557927d8666f64a5ccf45de3609b074f89f8e4b1b3604a66d52a3654","vectorPerformance","gaussian8","GPSS","1","-2","404175","4000","500","Complete","0.100354299","4.89E-5","0.047263","0.053042399","0.125","0.003","138018","4000","15549.340111147894","15536.369070524215","11710.881022750353","1.000693382204123","0.020280809809882006","0","e7f255a3304bc6df3dfbc4384cc42f0a14e097b21ea85d7dfdd0891304dccc86",""
"6","3","0","current","c6410392edd5b83003dbde0a9e0f1626dbac5328","3c4eb5aa557927d8666f64a5ccf45de3609b074f89f8e4b1b3604a66d52a3654","vectorPerformance","gaussian8","GPSS","1","-1","412094","4000","500","Complete","0.087867299","6.5499E-5","0.0347821","0.0530197","0.125","0.002","138132","4000","15263.81484653245","15291.911844531342","11216.22139798599","1.0004803178957116","0.014392603577789376","0","e114ddce1fe3e8b5caed48fc0365aca0d32bd35e94363aa001d7324d00935224",""
"6","3","0","current","c6410392edd5b83003dbde0a9e0f1626dbac5328","3c4eb5aa557927d8666f64a5ccf45de3609b074f89f8e4b1b3604a66d52a3654","vectorPerformance","gaussian8","GPSS","1","0","420013","4000","500","Complete","0.0792545","1.187E-4","0.0258225","0.0533133","0.09375","0.002","138323","4000","15080.473776226881","15096.77911576306","11062.432005908491","1.0006149641210862","0.012458863431772271","0","2a91e22981ec396c3eca9414af3d6ac63570dc29437cdd4bdc3eb6a8db475fa2",""
"6","3","0","current","c6410392edd5b83003dbde0a9e0f1626dbac5328","3c4eb5aa557927d8666f64a5ccf45de3609b074f89f8e4b1b3604a66d52a3654","vectorPerformance","gaussian8","GPSS","1","1","427932","4000","500","Complete","0.0769576","3.6999E-5","0.0253798","0.051540801","0.078125","0.002","138154","4000","15134.6012276361","15136.078376941558","11308.922646882544","1.0009404579967858","0.013454526579750548","0","045e36a427e6332b3973cb5a7bed2c41034d4baa3241673dfea554f81e693a14",""
"6","3","0","current","c6410392edd5b83003dbde0a9e0f1626dbac5328","3c4eb5aa557927d8666f64a5ccf45de3609b074f89f8e4b1b3604a66d52a3654","vectorPerformance","gaussian8","GPSS","1","2","435851","4000","500","Complete","0.0747677","3.26E-5","0.023142499","0.051592601","0.09375","0.002","137988","4000","14363.080320209516","14344.664435137216","11161.859788330772","1.0004963309089212","0.01645570173683253","0","282eaef783cfb8138f0fbaa41141a7646474130935f10820d7fcdc9d6a1e24c0",""
"6","3","0","current","c6410392edd5b83003dbde0a9e0f1626dbac5328","3c4eb5aa557927d8666f64a5ccf45de3609b074f89f8e4b1b3604a66d52a3654","vectorPerformance","gaussian8","GPSS","1","3","443770","4000","500","Complete","0.0736488","3.25E-5","0.023158","0.0504583","0.078125","0.0","138055","4000","15045.50132933249","15019.431343943274","10767.592734371476","1.0010260647907836","0.018113200227977133","0","6f88cd3290902ed4688e28521e20205fca8afb18c6e4fe2e6e0de9c4e7e0a62c",""
"6","3","0","current","c6410392edd5b83003dbde0a9e0f1626dbac5328","3c4eb5aa557927d8666f64a5ccf45de3609b074f89f8e4b1b3604a66d52a3654","vectorPerformance","gaussian8","GPSS","1","4","451689","4000","500","Complete","0.073424601","3.4401E-5","0.0259692","0.047421","0.09375","0.002","138188","4000","15603.053005275411","15621.61943123139","10677.483456214122","1.0007920020096437","0.014172913039023793","0","3703a943973521b658002c1d1edb8b4dcddac3550850573cac7499aba83dbaac",""
"6","3","0","current","c6410392edd5b83003dbde0a9e0f1626dbac5328","3c4eb5aa557927d8666f64a5ccf45de3609b074f89f8e4b1b3604a66d52a3654","vectorPerformance","gaussian8","GPSS","2","-2","404175","4000","500","Complete","0.234263401","0.006043501","0.082324899","0.145895001","1.53125","0.003","138018","4000","15549.340111147894","15536.369070524215","11710.881022750353","1.000693382204123","0.020280809809882006","0","e7f255a3304bc6df3dfbc4384cc42f0a14e097b21ea85d7dfdd0891304dccc86",""
"6","3","0","current","c6410392edd5b83003dbde0a9e0f1626dbac5328","3c4eb5aa557927d8666f64a5ccf45de3609b074f89f8e4b1b3604a66d52a3654","vectorPerformance","gaussian8","GPSS","2","-1","412094","4000","500","Complete","0.0484622","4.22E-5","0.0168324","0.0315876","0.125","0.0","138132","4000","15263.81484653245","15291.911844531342","11216.22139798599","1.0004803178957116","0.014392603577789376","0","e114ddce1fe3e8b5caed48fc0365aca0d32bd35e94363aa001d7324d00935224",""
"6","3","0","current","c6410392edd5b83003dbde0a9e0f1626dbac5328","3c4eb5aa557927d8666f64a5ccf45de3609b074f89f8e4b1b3604a66d52a3654","vectorPerformance","gaussian8","GPSS","2","0","420013","4000","500","Complete","0.0474008","8.17E-5","0.016937299","0.030381801","0.09375","0.0","138323","4000","15080.473776226881","15096.77911576306","11062.432005908491","1.0006149641210862","0.012458863431772271","0","2a91e22981ec396c3eca9414af3d6ac63570dc29437cdd4bdc3eb6a8db475fa2",""
"6","3","0","current","c6410392edd5b83003dbde0a9e0f1626dbac5328","3c4eb5aa557927d8666f64a5ccf45de3609b074f89f8e4b1b3604a66d52a3654","vectorPerformance","gaussian8","GPSS","2","1","427932","4000","500","Complete","0.045659899","3.4E-5","0.0183887","0.027237199","0.09375","0.002","138154","4000","15134.6012276361","15136.078376941558","11308.922646882544","1.0009404579967858","0.013454526579750548","0","045e36a427e6332b3973cb5a7bed2c41034d4baa3241673dfea554f81e693a14",""
"6","3","0","current","c6410392edd5b83003dbde0a9e0f1626dbac5328","3c4eb5aa557927d8666f64a5ccf45de3609b074f89f8e4b1b3604a66d52a3654","vectorPerformance","gaussian8","GPSS","2","2","435851","4000","500","Complete","0.045678399","3.94E-5","0.0163798","0.029259199","0.109375","0.0","137988","4000","14363.080320209516","14344.664435137216","11161.859788330772","1.0004963309089212","0.01645570173683253","0","282eaef783cfb8138f0fbaa41141a7646474130935f10820d7fcdc9d6a1e24c0",""
"6","3","0","current","c6410392edd5b83003dbde0a9e0f1626dbac5328","3c4eb5aa557927d8666f64a5ccf45de3609b074f89f8e4b1b3604a66d52a3654","vectorPerformance","gaussian8","GPSS","2","3","443770","4000","500","Complete","0.0482102","3.8899E-5","0.019071501","0.0290998","0.09375","0.002","138055","4000","15045.50132933249","15019.431343943274","10767.592734371476","1.0010260647907836","0.018113200227977133","0","6f88cd3290902ed4688e28521e20205fca8afb18c6e4fe2e6e0de9c4e7e0a62c",""
"6","3","0","current","c6410392edd5b83003dbde0a9e0f1626dbac5328","3c4eb5aa557927d8666f64a5ccf45de3609b074f89f8e4b1b3604a66d52a3654","vectorPerformance","gaussian8","GPSS","2","4","451689","4000","500","Complete","0.0476014","3.37E-5","0.0194536","0.0281141","0.125","0.002","138188","4000","15603.053005275411","15621.61943123139","10677.483456214122","1.0007920020096437","0.014172913039023793","0","3703a943973521b658002c1d1edb8b4dcddac3550850573cac7499aba83dbaac",""
"6","3","0","current","c6410392edd5b83003dbde0a9e0f1626dbac5328","3c4eb5aa557927d8666f64a5ccf45de3609b074f89f8e4b1b3604a66d52a3654","vectorPerformance","gaussian8","GPSS","4","-2","404175","4000","500","Complete","0.0456771","1.392E-4","0.0222278","0.0233101","0.296875","0.0","138018","4000","15549.340111147894","15536.369070524215","11710.881022750353","1.000693382204123","0.020280809809882006","0","e7f255a3304bc6df3dfbc4384cc42f0a14e097b21ea85d7dfdd0891304dccc86",""
"6","3","0","current","c6410392edd5b83003dbde0a9e0f1626dbac5328","3c4eb5aa557927d8666f64a5ccf45de3609b074f89f8e4b1b3604a66d52a3654","vectorPerformance","gaussian8","GPSS","4","-1","412094","4000","500","Complete","0.0357309","5.3E-5","0.0164424","0.0192355","0.203125","0.0","138132","4000","15263.81484653245","15291.911844531342","11216.22139798599","1.0004803178957116","0.014392603577789376","0","e114ddce1fe3e8b5caed48fc0365aca0d32bd35e94363aa001d7324d00935224",""
"6","3","0","current","c6410392edd5b83003dbde0a9e0f1626dbac5328","3c4eb5aa557927d8666f64a5ccf45de3609b074f89f8e4b1b3604a66d52a3654","vectorPerformance","gaussian8","GPSS","4","0","420013","4000","500","Complete","0.034619801","4.53E-5","0.015682301","0.0188922","0.125","0.0","138323","4000","15080.473776226881","15096.77911576306","11062.432005908491","1.0006149641210862","0.012458863431772271","0","2a91e22981ec396c3eca9414af3d6ac63570dc29437cdd4bdc3eb6a8db475fa2",""
"6","3","0","current","c6410392edd5b83003dbde0a9e0f1626dbac5328","3c4eb5aa557927d8666f64a5ccf45de3609b074f89f8e4b1b3604a66d52a3654","vectorPerformance","gaussian8","GPSS","4","1","427932","4000","500","Complete","0.0353263","3.5299E-5","0.016621401","0.0186696","0.125","0.0","138154","4000","15134.6012276361","15136.078376941558","11308.922646882544","1.0009404579967858","0.013454526579750548","0","045e36a427e6332b3973cb5a7bed2c41034d4baa3241673dfea554f81e693a14",""
"6","3","0","current","c6410392edd5b83003dbde0a9e0f1626dbac5328","3c4eb5aa557927d8666f64a5ccf45de3609b074f89f8e4b1b3604a66d52a3654","vectorPerformance","gaussian8","GPSS","4","2","435851","4000","500","Complete","0.034229201","3.4901E-5","0.0158235","0.0183708","0.125","0.0","137988","4000","14363.080320209516","14344.664435137216","11161.859788330772","1.0004963309089212","0.01645570173683253","0","282eaef783cfb8138f0fbaa41141a7646474130935f10820d7fcdc9d6a1e24c0",""
"6","3","0","current","c6410392edd5b83003dbde0a9e0f1626dbac5328","3c4eb5aa557927d8666f64a5ccf45de3609b074f89f8e4b1b3604a66d52a3654","vectorPerformance","gaussian8","GPSS","4","3","443770","4000","500","Complete","0.034411601","3.4301E-5","0.0162961","0.0180812","0.125","0.0","138055","4000","15045.50132933249","15019.431343943274","10767.592734371476","1.0010260647907836","0.018113200227977133","0","6f88cd3290902ed4688e28521e20205fca8afb18c6e4fe2e6e0de9c4e7e0a62c",""
"6","3","0","current","c6410392edd5b83003dbde0a9e0f1626dbac5328","3c4eb5aa557927d8666f64a5ccf45de3609b074f89f8e4b1b3604a66d52a3654","vectorPerformance","gaussian8","GPSS","4","4","451689","4000","500","Complete","0.035064801","5.8701E-5","0.0167959","0.0182102","0.140625","0.0","138188","4000","15603.053005275411","15621.61943123139","10677.483456214122","1.0007920020096437","0.014172913039023793","0","3703a943973521b658002c1d1edb8b4dcddac3550850573cac7499aba83dbaac",""
"6","3","0","current","c6410392edd5b83003dbde0a9e0f1626dbac5328","3c4eb5aa557927d8666f64a5ccf45de3609b074f89f8e4b1b3604a66d52a3654","vectorPerformance","gaussian8","Quantile","1","-2","404175","4000","500","Complete","0.0887973","2.86E-5","0.0363946","0.0523741","0.15625","0.0","439383","4000","15133.633311857895","15137.149661571859","12640.232874183323","1.0002765119712598","0.010865777388695763","0","0a652ec86caa4b0878042a2ca27e4843b8fff440045e84ffe9040bbf18fc5c1b",""
"6","3","0","current","c6410392edd5b83003dbde0a9e0f1626dbac5328","3c4eb5aa557927d8666f64a5ccf45de3609b074f89f8e4b1b3604a66d52a3654","vectorPerformance","gaussian8","Quantile","1","-1","412094","4000","500","Complete","0.082481","3.1E-5","0.0348418","0.0476082","0.09375","0.0","438543","4000","15213.490906399908","15228.10660758392","12891.868030399028","1.0002543220506444","0.014962146800250764","0","22193da6e1ed5c7fb6bc482596a8cb09c08425673712be65ab0ebf58ef73f382",""
"6","3","0","current","c6410392edd5b83003dbde0a9e0f1626dbac5328","3c4eb5aa557927d8666f64a5ccf45de3609b074f89f8e4b1b3604a66d52a3654","vectorPerformance","gaussian8","Quantile","1","0","420013","4000","500","Complete","0.0829169","3.12E-5","0.035604599","0.047281101","0.09375","0.0","436956","4000","15387.214907747757","15383.41868425877","13280.050841973973","1.000488212672387","0.017862111392228958","0","1a2a7053039cbf9cd5227976b2ba660c8f0bbf84c10e94ae04c9c6d297fc0025",""
"6","3","0","current","c6410392edd5b83003dbde0a9e0f1626dbac5328","3c4eb5aa557927d8666f64a5ccf45de3609b074f89f8e4b1b3604a66d52a3654","vectorPerformance","gaussian8","Quantile","1","1","427932","4000","500","Complete","0.0879525","3.2699E-5","0.038762201","0.0491576","0.484375","0.002","437269","4000","15727.934748036001","15719.464590581323","12902.625514015059","1.0004649152576137","0.012810490325706247","0","850de3d767de404b10a6234afa6ecc9c5dfdee0c4338411a0af3e46894e42ce3",""
"6","3","0","current","c6410392edd5b83003dbde0a9e0f1626dbac5328","3c4eb5aa557927d8666f64a5ccf45de3609b074f89f8e4b1b3604a66d52a3654","vectorPerformance","gaussian8","Quantile","1","2","435851","4000","500","Complete","0.0839701","2.99E-5","0.0365299","0.0474103","0.125","0.001","438008","4000","15126.989343371939","15133.471327879883","12471.355965872704","1.0004579804360567","0.01410791604282019","0","fd474ea7f77c91f336f3664000c5dec28946aab4fd9917ca2fd5c066ad7e03df",""
"6","3","0","current","c6410392edd5b83003dbde0a9e0f1626dbac5328","3c4eb5aa557927d8666f64a5ccf45de3609b074f89f8e4b1b3604a66d52a3654","vectorPerformance","gaussian8","Quantile","1","3","443770","4000","500","Complete","0.082496","2.89E-5","0.0353411","0.047126","0.078125","0.0","438134","4000","14783.95134310092","14781.603964607304","13183.37761680062","1.0005441549460146","0.009381500096846795","0","f5d860d8f1c8c55386f06f23faad6b9f8df1541a619040c2f28698d0813a5f75",""
"6","3","0","current","c6410392edd5b83003dbde0a9e0f1626dbac5328","3c4eb5aa557927d8666f64a5ccf45de3609b074f89f8e4b1b3604a66d52a3654","vectorPerformance","gaussian8","Quantile","1","4","451689","4000","500","Complete","0.084197899","2.91E-5","0.0390995","0.045069299","0.078125","0.002","437868","4000","14884.121074739518","14909.092385573675","12538.608584974128","1.0004648391967559","0.02587550455561438","0","f5667ee456b1d3d2b0c42c8460f2481029f27806732e9bf75dd56271a0628822",""
"6","3","0","current","c6410392edd5b83003dbde0a9e0f1626dbac5328","3c4eb5aa557927d8666f64a5ccf45de3609b074f89f8e4b1b3604a66d52a3654","vectorPerformance","gaussian8","Quantile","2","-2","404175","4000","500","Complete","0.074239501","4.1801E-5","0.0429119","0.0312858","0.25","0.0","439383","4000","15133.633311857895","15137.149661571859","12640.232874183323","1.0002765119712598","0.010865777388695763","0","0a652ec86caa4b0878042a2ca27e4843b8fff440045e84ffe9040bbf18fc5c1b",""
"6","3","0","current","c6410392edd5b83003dbde0a9e0f1626dbac5328","3c4eb5aa557927d8666f64a5ccf45de3609b074f89f8e4b1b3604a66d52a3654","vectorPerformance","gaussian8","Quantile","2","-1","412094","4000","500","Complete","0.0504436","3.12E-5","0.0249733","0.0254391","0.125","0.002","438543","4000","15213.490906399908","15228.10660758392","12891.868030399028","1.0002543220506444","0.014962146800250764","0","22193da6e1ed5c7fb6bc482596a8cb09c08425673712be65ab0ebf58ef73f382",""
"6","3","0","current","c6410392edd5b83003dbde0a9e0f1626dbac5328","3c4eb5aa557927d8666f64a5ccf45de3609b074f89f8e4b1b3604a66d52a3654","vectorPerformance","gaussian8","Quantile","2","0","420013","4000","500","Complete","0.0488171","2.98E-5","0.024306799","0.024480501","0.09375","0.003","436956","4000","15387.214907747757","15383.41868425877","13280.050841973973","1.000488212672387","0.017862111392228958","0","1a2a7053039cbf9cd5227976b2ba660c8f0bbf84c10e94ae04c9c6d297fc0025",""
"6","3","0","current","c6410392edd5b83003dbde0a9e0f1626dbac5328","3c4eb5aa557927d8666f64a5ccf45de3609b074f89f8e4b1b3604a66d52a3654","vectorPerformance","gaussian8","Quantile","2","1","427932","4000","500","Complete","0.0481846","3.03E-5","0.022033499","0.026120801","0.09375","0.001","437269","4000","15727.934748036001","15719.464590581323","12902.625514015059","1.0004649152576137","0.012810490325706247","0","850de3d767de404b10a6234afa6ecc9c5dfdee0c4338411a0af3e46894e42ce3",""
"6","3","0","current","c6410392edd5b83003dbde0a9e0f1626dbac5328","3c4eb5aa557927d8666f64a5ccf45de3609b074f89f8e4b1b3604a66d52a3654","vectorPerformance","gaussian8","Quantile","2","2","435851","4000","500","Complete","0.046982","2.98E-5","0.021578801","0.025373399","0.09375","0.0","438008","4000","15126.989343371939","15133.471327879883","12471.355965872704","1.0004579804360567","0.01410791604282019","0","fd474ea7f77c91f336f3664000c5dec28946aab4fd9917ca2fd5c066ad7e03df",""
"6","3","0","current","c6410392edd5b83003dbde0a9e0f1626dbac5328","3c4eb5aa557927d8666f64a5ccf45de3609b074f89f8e4b1b3604a66d52a3654","vectorPerformance","gaussian8","Quantile","2","3","443770","4000","500","Complete","0.0508042","3.15E-5","0.0223874","0.0283853","0.09375","0.002","438134","4000","14783.95134310092","14781.603964607304","13183.37761680062","1.0005441549460146","0.009381500096846795","0","f5d860d8f1c8c55386f06f23faad6b9f8df1541a619040c2f28698d0813a5f75",""
"6","3","0","current","c6410392edd5b83003dbde0a9e0f1626dbac5328","3c4eb5aa557927d8666f64a5ccf45de3609b074f89f8e4b1b3604a66d52a3654","vectorPerformance","gaussian8","Quantile","2","4","451689","4000","500","Complete","0.0489562","4.71E-5","0.021573","0.0273361","0.421875","0.002","437868","4000","14884.121074739518","14909.092385573675","12538.608584974128","1.0004648391967559","0.02587550455561438","0","f5667ee456b1d3d2b0c42c8460f2481029f27806732e9bf75dd56271a0628822",""
"6","3","0","current","c6410392edd5b83003dbde0a9e0f1626dbac5328","3c4eb5aa557927d8666f64a5ccf45de3609b074f89f8e4b1b3604a66d52a3654","vectorPerformance","gaussian8","Quantile","4","-2","404175","4000","500","Complete","0.0401448","3.0E-5","0.0241185","0.0159963","0.140625","0.003","439383","4000","15133.633311857895","15137.149661571859","12640.232874183323","1.0002765119712598","0.010865777388695763","0","0a652ec86caa4b0878042a2ca27e4843b8fff440045e84ffe9040bbf18fc5c1b",""
"6","3","0","current","c6410392edd5b83003dbde0a9e0f1626dbac5328","3c4eb5aa557927d8666f64a5ccf45de3609b074f89f8e4b1b3604a66d52a3654","vectorPerformance","gaussian8","Quantile","4","-1","412094","4000","500","Complete","0.0390814","3.21E-5","0.0237124","0.0153369","0.421875","0.002","438543","4000","15213.490906399908","15228.10660758392","12891.868030399028","1.0002543220506444","0.014962146800250764","0","22193da6e1ed5c7fb6bc482596a8cb09c08425673712be65ab0ebf58ef73f382",""
"6","3","0","current","c6410392edd5b83003dbde0a9e0f1626dbac5328","3c4eb5aa557927d8666f64a5ccf45de3609b074f89f8e4b1b3604a66d52a3654","vectorPerformance","gaussian8","Quantile","4","0","420013","4000","500","Complete","0.0407835","2.93E-5","0.0237032","0.017051","0.203125","0.0","436956","4000","15387.214907747757","15383.41868425877","13280.050841973973","1.000488212672387","0.017862111392228958","0","1a2a7053039cbf9cd5227976b2ba660c8f0bbf84c10e94ae04c9c6d297fc0025",""
"6","3","0","current","c6410392edd5b83003dbde0a9e0f1626dbac5328","3c4eb5aa557927d8666f64a5ccf45de3609b074f89f8e4b1b3604a66d52a3654","vectorPerformance","gaussian8","Quantile","4","1","427932","4000","500","Complete","0.0386197","4.07E-5","0.0218763","0.0167027","0.15625","0.0","437269","4000","15727.934748036001","15719.464590581323","12902.625514015059","1.0004649152576137","0.012810490325706247","0","850de3d767de404b10a6234afa6ecc9c5dfdee0c4338411a0af3e46894e42ce3",""
"6","3","0","current","c6410392edd5b83003dbde0a9e0f1626dbac5328","3c4eb5aa557927d8666f64a5ccf45de3609b074f89f8e4b1b3604a66d52a3654","vectorPerformance","gaussian8","Quantile","4","2","435851","4000","500","Complete","0.038231899","2.93E-5","0.0219706","0.016231999","0.125","0.0","438008","4000","15126.989343371939","15133.471327879883","12471.355965872704","1.0004579804360567","0.01410791604282019","0","fd474ea7f77c91f336f3664000c5dec28946aab4fd9917ca2fd5c066ad7e03df",""
"6","3","0","current","c6410392edd5b83003dbde0a9e0f1626dbac5328","3c4eb5aa557927d8666f64a5ccf45de3609b074f89f8e4b1b3604a66d52a3654","vectorPerformance","gaussian8","Quantile","4","3","443770","4000","500","Complete","0.0366237","2.87E-5","0.0211138","0.0154812","0.125","0.0","438134","4000","14783.95134310092","14781.603964607304","13183.37761680062","1.0005441549460146","0.009381500096846795","0","f5d860d8f1c8c55386f06f23faad6b9f8df1541a619040c2f28698d0813a5f75",""
"6","3","0","current","c6410392edd5b83003dbde0a9e0f1626dbac5328","3c4eb5aa557927d8666f64a5ccf45de3609b074f89f8e4b1b3604a66d52a3654","vectorPerformance","gaussian8","Quantile","4","4","451689","4000","500","Complete","0.037842","3.7999E-5","0.021906001","0.015898","0.125","0.0","437868","4000","14884.121074739518","14909.092385573675","12538.608584974128","1.0004648391967559","0.02587550455561438","0","f5667ee456b1d3d2b0c42c8460f2481029f27806732e9bf75dd56271a0628822",""
"6","3","0","current","c6410392edd5b83003dbde0a9e0f1626dbac5328","3c4eb5aa557927d8666f64a5ccf45de3609b074f89f8e4b1b3604a66d52a3654","vectorPerformance","likelihood8","GPSS","1","-2","404175","4000","500","Complete","0.123114499","1.30799E-4","0.077237001","0.045746699","0.140625","0.001","113497","4000","15386.728000357793","15391.85127451405","11321.818924317045","1.000502564087113","0.005344596134197365","0","15875fc3ad457cd99d016931ae49e3b53ed50293a59b7331791ac43670de87bd",""
"6","3","0","current","c6410392edd5b83003dbde0a9e0f1626dbac5328","3c4eb5aa557927d8666f64a5ccf45de3609b074f89f8e4b1b3604a66d52a3654","vectorPerformance","likelihood8","GPSS","1","-1","412094","4000","500","Complete","0.1231471","5.76E-5","0.0768797","0.0462098","0.125","0.0","113672","4000","14515.066848005721","14590.130865412311","10903.103694208865","1.0008342935047612","0.005564436392907962","0","fc720f0e7fc6b705ca4b80ac8fe6515a0d286ae0520a978aef375e586c9db6bf",""
"6","3","0","current","c6410392edd5b83003dbde0a9e0f1626dbac5328","3c4eb5aa557927d8666f64a5ccf45de3609b074f89f8e4b1b3604a66d52a3654","vectorPerformance","likelihood8","GPSS","1","0","420013","4000","500","Complete","0.1217846","7.08E-5","0.0765581","0.0451557","0.125","0.0","113054","4000","15068.277084944693","15070.85887531968","10694.846310168503","1.0005601541440654","0.004181248674558491","0","8d6dc2b369fc062d17f4e1721fe9d8a199bcba9f600d8572402455c6c30b60fa",""
"6","3","0","current","c6410392edd5b83003dbde0a9e0f1626dbac5328","3c4eb5aa557927d8666f64a5ccf45de3609b074f89f8e4b1b3604a66d52a3654","vectorPerformance","likelihood8","GPSS","1","1","427932","4000","500","Complete","0.1229492","5.27E-5","0.0772457","0.0456508","0.125","0.001","113472","4000","15069.243223748383","15055.059231076986","10322.707096463675","1.0013248567157627","0.005340326134526563","0","38e3adbbae621e7ad84a1cb5d7d2f248aeb925e3eea6b59badd3e9bb967ca792",""
"6","3","0","current","c6410392edd5b83003dbde0a9e0f1626dbac5328","3c4eb5aa557927d8666f64a5ccf45de3609b074f89f8e4b1b3604a66d52a3654","vectorPerformance","likelihood8","GPSS","1","2","435851","4000","500","Complete","0.1228144","4.8E-5","0.0774514","0.045315","0.125","0.0","113322","4000","15018.1283976014","15019.886701809703","11132.174688571149","1.000533090102839","0.005175852109189194","0","a1c97633734bbb43a66c525a225905cb612f427cd2600d3cc731158cc0011283",""
"6","3","0","current","c6410392edd5b83003dbde0a9e0f1626dbac5328","3c4eb5aa557927d8666f64a5ccf45de3609b074f89f8e4b1b3604a66d52a3654","vectorPerformance","likelihood8","GPSS","1","3","443770","4000","500","Complete","0.1230514","4.8999E-5","0.0769024","0.046100001","0.125","0.0","113541","4000","15504.177620932032","15516.176571089783","11070.759113858252","1.0005200177999494","0.0030179744349801974","0","10250d525acdf021423a78f0a10ef6caf57ce50e6525306305dda230dde4a3dd",""
"6","3","0","current","c6410392edd5b83003dbde0a9e0f1626dbac5328","3c4eb5aa557927d8666f64a5ccf45de3609b074f89f8e4b1b3604a66d52a3654","vectorPerformance","likelihood8","GPSS","1","4","451689","4000","500","Complete","0.1227752","8.0599E-5","0.077289901","0.0454047","0.125","0.0","113652","4000","14785.194091889316","14779.730449941797","11297.287331686812","1.0008757668998252","0.004036703328069907","0","aeb7ca95e5af585230ca0add63518df7f82bcf74ed17b9d657a219f4e1b2d0f5",""
"6","3","0","current","c6410392edd5b83003dbde0a9e0f1626dbac5328","3c4eb5aa557927d8666f64a5ccf45de3609b074f89f8e4b1b3604a66d52a3654","vectorPerformance","likelihood8","GPSS","2","-2","404175","4000","500","Complete","0.0860646","0.002481399","0.057218001","0.0263652","0.34375","0.0","113497","4000","15386.728000357793","15391.85127451405","11321.818924317045","1.000502564087113","0.005344596134197365","0","15875fc3ad457cd99d016931ae49e3b53ed50293a59b7331791ac43670de87bd",""
"6","3","0","current","c6410392edd5b83003dbde0a9e0f1626dbac5328","3c4eb5aa557927d8666f64a5ccf45de3609b074f89f8e4b1b3604a66d52a3654","vectorPerformance","likelihood8","GPSS","2","-1","412094","4000","500","Complete","0.0656202","5.95E-5","0.040728299","0.024832401","0.140625","0.0","113672","4000","14515.066848005721","14590.130865412311","10903.103694208865","1.0008342935047612","0.005564436392907962","0","fc720f0e7fc6b705ca4b80ac8fe6515a0d286ae0520a978aef375e586c9db6bf",""
"6","3","0","current","c6410392edd5b83003dbde0a9e0f1626dbac5328","3c4eb5aa557927d8666f64a5ccf45de3609b074f89f8e4b1b3604a66d52a3654","vectorPerformance","likelihood8","GPSS","2","0","420013","4000","500","Complete","0.065792501","9.2401E-5","0.0403523","0.0253478","0.171875","0.0","113054","4000","15068.277084944693","15070.85887531968","10694.846310168503","1.0005601541440654","0.004181248674558491","0","8d6dc2b369fc062d17f4e1721fe9d8a199bcba9f600d8572402455c6c30b60fa",""
"6","3","0","current","c6410392edd5b83003dbde0a9e0f1626dbac5328","3c4eb5aa557927d8666f64a5ccf45de3609b074f89f8e4b1b3604a66d52a3654","vectorPerformance","likelihood8","GPSS","2","1","427932","4000","500","Complete","0.0659456","4.77E-5","0.040801","0.0250969","0.171875","0.0","113472","4000","15069.243223748383","15055.059231076986","10322.707096463675","1.0013248567157627","0.005340326134526563","0","38e3adbbae621e7ad84a1cb5d7d2f248aeb925e3eea6b59badd3e9bb967ca792",""
"6","3","0","current","c6410392edd5b83003dbde0a9e0f1626dbac5328","3c4eb5aa557927d8666f64a5ccf45de3609b074f89f8e4b1b3604a66d52a3654","vectorPerformance","likelihood8","GPSS","2","2","435851","4000","500","Complete","0.0653293","4.8699E-5","0.040005501","0.0252751","0.125","0.0","113322","4000","15018.1283976014","15019.886701809703","11132.174688571149","1.000533090102839","0.005175852109189194","0","a1c97633734bbb43a66c525a225905cb612f427cd2600d3cc731158cc0011283",""
"6","3","0","current","c6410392edd5b83003dbde0a9e0f1626dbac5328","3c4eb5aa557927d8666f64a5ccf45de3609b074f89f8e4b1b3604a66d52a3654","vectorPerformance","likelihood8","GPSS","2","3","443770","4000","500","Complete","0.066319201","5.0301E-5","0.0421273","0.0241416","0.171875","0.002","113541","4000","15504.177620932032","15516.176571089783","11070.759113858252","1.0005200177999494","0.0030179744349801974","0","10250d525acdf021423a78f0a10ef6caf57ce50e6525306305dda230dde4a3dd",""
"6","3","0","current","c6410392edd5b83003dbde0a9e0f1626dbac5328","3c4eb5aa557927d8666f64a5ccf45de3609b074f89f8e4b1b3604a66d52a3654","vectorPerformance","likelihood8","GPSS","2","4","451689","4000","500","Complete","0.065325899","5.02E-5","0.0402705","0.025005199","0.125","0.0","113652","4000","14785.194091889316","14779.730449941797","11297.287331686812","1.0008757668998252","0.004036703328069907","0","aeb7ca95e5af585230ca0add63518df7f82bcf74ed17b9d657a219f4e1b2d0f5",""
"6","3","0","current","c6410392edd5b83003dbde0a9e0f1626dbac5328","3c4eb5aa557927d8666f64a5ccf45de3609b074f89f8e4b1b3604a66d52a3654","vectorPerformance","likelihood8","GPSS","4","-2","404175","4000","500","Complete","0.0372409","1.39599E-4","0.022130501","0.0149708","0.125","0.0","113497","4000","15386.728000357793","15391.85127451405","11321.818924317045","1.000502564087113","0.005344596134197365","0","15875fc3ad457cd99d016931ae49e3b53ed50293a59b7331791ac43670de87bd",""
"6","3","0","current","c6410392edd5b83003dbde0a9e0f1626dbac5328","3c4eb5aa557927d8666f64a5ccf45de3609b074f89f8e4b1b3604a66d52a3654","vectorPerformance","likelihood8","GPSS","4","-1","412094","4000","500","Complete","0.038563299","6.12E-5","0.0219722","0.016529899","0.125","0.001","113672","4000","14515.066848005721","14590.130865412311","10903.103694208865","1.0008342935047612","0.005564436392907962","0","fc720f0e7fc6b705ca4b80ac8fe6515a0d286ae0520a978aef375e586c9db6bf",""
"6","3","0","current","c6410392edd5b83003dbde0a9e0f1626dbac5328","3c4eb5aa557927d8666f64a5ccf45de3609b074f89f8e4b1b3604a66d52a3654","vectorPerformance","likelihood8","GPSS","4","0","420013","4000","500","Complete","0.037690101","8.9501E-5","0.0220816","0.015519","0.140625","0.0","113054","4000","15068.277084944693","15070.85887531968","10694.846310168503","1.0005601541440654","0.004181248674558491","0","8d6dc2b369fc062d17f4e1721fe9d8a199bcba9f600d8572402455c6c30b60fa",""
"6","3","0","current","c6410392edd5b83003dbde0a9e0f1626dbac5328","3c4eb5aa557927d8666f64a5ccf45de3609b074f89f8e4b1b3604a66d52a3654","vectorPerformance","likelihood8","GPSS","4","1","427932","4000","500","Complete","0.0371202","4.64E-5","0.0222561","0.0148177","0.1875","0.0","113472","4000","15069.243223748383","15055.059231076986","10322.707096463675","1.0013248567157627","0.005340326134526563","0","38e3adbbae621e7ad84a1cb5d7d2f248aeb925e3eea6b59badd3e9bb967ca792",""
"6","3","0","current","c6410392edd5b83003dbde0a9e0f1626dbac5328","3c4eb5aa557927d8666f64a5ccf45de3609b074f89f8e4b1b3604a66d52a3654","vectorPerformance","likelihood8","GPSS","4","2","435851","4000","500","Complete","0.039032","5.0199E-5","0.0227321","0.016249701","0.171875","0.001","113322","4000","15018.1283976014","15019.886701809703","11132.174688571149","1.000533090102839","0.005175852109189194","0","a1c97633734bbb43a66c525a225905cb612f427cd2600d3cc731158cc0011283",""
"6","3","0","current","c6410392edd5b83003dbde0a9e0f1626dbac5328","3c4eb5aa557927d8666f64a5ccf45de3609b074f89f8e4b1b3604a66d52a3654","vectorPerformance","likelihood8","GPSS","4","3","443770","4000","500","Complete","0.037220201","4.8301E-5","0.0224042","0.0147677","0.140625","0.0","113541","4000","15504.177620932032","15516.176571089783","11070.759113858252","1.0005200177999494","0.0030179744349801974","0","10250d525acdf021423a78f0a10ef6caf57ce50e6525306305dda230dde4a3dd",""
"6","3","0","current","c6410392edd5b83003dbde0a9e0f1626dbac5328","3c4eb5aa557927d8666f64a5ccf45de3609b074f89f8e4b1b3604a66d52a3654","vectorPerformance","likelihood8","GPSS","4","4","451689","4000","500","Complete","0.036848901","4.79E-5","0.0215116","0.015289401","0.1875","0.0","113652","4000","14785.194091889316","14779.730449941797","11297.287331686812","1.0008757668998252","0.004036703328069907","0","aeb7ca95e5af585230ca0add63518df7f82bcf74ed17b9d657a219f4e1b2d0f5",""
"6","3","0","current","c6410392edd5b83003dbde0a9e0f1626dbac5328","3c4eb5aa557927d8666f64a5ccf45de3609b074f89f8e4b1b3604a66d52a3654","vectorPerformance","likelihood8","Quantile","1","-2","404175","4000","500","Complete","0.417647799","3.15E-5","0.3706903","0.046925999","0.421875","0.0","675623","4000","14553.603071888145","14560.448774995888","11253.189859649683","1.0007097070118298","0.003922918284137322","0","03828cdda4fc43583cac684014ff31176af4a34269763a886473aa7e641f0391",""
"6","3","0","current","c6410392edd5b83003dbde0a9e0f1626dbac5328","3c4eb5aa557927d8666f64a5ccf45de3609b074f89f8e4b1b3604a66d52a3654","vectorPerformance","likelihood8","Quantile","1","-1","412094","4000","500","Complete","0.4141178","3.1399E-5","0.3680599","0.046026501","0.421875","0.0","674660","4000","15209.136106969212","15217.30790335651","11240.432710958032","1.0004372157752155","0.0052684685777992235","0","e259b6e006096a76873934a7876a399ffc6054ce8626e6a9f54fe4dc9a2a077b",""
"6","3","0","current","c6410392edd5b83003dbde0a9e0f1626dbac5328","3c4eb5aa557927d8666f64a5ccf45de3609b074f89f8e4b1b3604a66d52a3654","vectorPerformance","likelihood8","Quantile","1","0","420013","4000","500","Complete","0.420362","2.95E-5","0.3742634","0.0460691","0.421875","0.0","673796","4000","15027.331818683551","15033.704474475824","10491.658637470435","1.0004326935079904","0.005338364077357494","0","a6b794bfac044c42b2225f202fe85edd749f09d343dadd0c6f9a8be5b72afda0",""
"6","3","0","current","c6410392edd5b83003dbde0a9e0f1626dbac5328","3c4eb5aa557927d8666f64a5ccf45de3609b074f89f8e4b1b3604a66d52a3654","vectorPerformance","likelihood8","Quantile","1","1","427932","4000","500","Complete","0.4156447","2.99E-5","0.3701485","0.0454663","0.421875","0.001","673825","4000","15276.658872254206","15256.4622489339","11119.716918313663","1.000391617247902","0.006419580823759208","0","50e2cecd19fa21e7ea4301720423264b745a7096caa97d8e6935a59763285f0a",""
"6","3","0","current","c6410392edd5b83003dbde0a9e0f1626dbac5328","3c4eb5aa557927d8666f64a5ccf45de3609b074f89f8e4b1b3604a66d52a3654","vectorPerformance","likelihood8","Quantile","1","2","435851","4000","500","Complete","0.4217233","3.6801E-5","0.3761428","0.045543699","0.421875","0.001","674482","4000","15438.964336306639","15424.356228106937","11497.88972532256","1.0006283061980878","0.01024848436056533","0","d045bb5c2ae5192b21902085068a9b62aa6f41d66d4132dc6affda22bcc4912d",""
"6","3","0","current","c6410392edd5b83003dbde0a9e0f1626dbac5328","3c4eb5aa557927d8666f64a5ccf45de3609b074f89f8e4b1b3604a66d52a3654","vectorPerformance","likelihood8","Quantile","1","3","443770","4000","500","Complete","0.413186499","3.01E-5","0.3669304","0.046225999","0.421875","0.0","674770","4000","15279.141041189421","15290.437507693725","11098.089526704722","1.00060311853599","0.008195113181772185","0","14c0d80a24194a44695934e9fba1972daa6dc8b7383da72f1cd5837c36c4722d",""
"6","3","0","current","c6410392edd5b83003dbde0a9e0f1626dbac5328","3c4eb5aa557927d8666f64a5ccf45de3609b074f89f8e4b1b3604a66d52a3654","vectorPerformance","likelihood8","Quantile","1","4","451689","4000","500","Complete","0.419548699","3.37E-5","0.3717541","0.047760899","0.421875","0.002","675588","4000","15378.326224840608","15396.096164831599","11613.462866841413","1.000726442029433","0.005885612388259281","0","dffab805aa7e6a415f84c4666b5b3033cb9751a54880ba72e95a79dc87652086",""
"6","3","0","current","c6410392edd5b83003dbde0a9e0f1626dbac5328","3c4eb5aa557927d8666f64a5ccf45de3609b074f89f8e4b1b3604a66d52a3654","vectorPerformance","likelihood8","Quantile","2","-2","404175","4000","500","Complete","0.2187813","5.56E-5","0.193327399","0.025398301","0.4375","0.0","675623","4000","14553.603071888145","14560.448774995888","11253.189859649683","1.0007097070118298","0.003922918284137322","0","03828cdda4fc43583cac684014ff31176af4a34269763a886473aa7e641f0391",""
"6","3","0","current","c6410392edd5b83003dbde0a9e0f1626dbac5328","3c4eb5aa557927d8666f64a5ccf45de3609b074f89f8e4b1b3604a66d52a3654","vectorPerformance","likelihood8","Quantile","2","-1","412094","4000","500","Complete","0.2179344","2.87E-5","0.1931972","0.0247085","0.421875","0.001","674660","4000","15209.136106969212","15217.30790335651","11240.432710958032","1.0004372157752155","0.0052684685777992235","0","e259b6e006096a76873934a7876a399ffc6054ce8626e6a9f54fe4dc9a2a077b",""
"6","3","0","current","c6410392edd5b83003dbde0a9e0f1626dbac5328","3c4eb5aa557927d8666f64a5ccf45de3609b074f89f8e4b1b3604a66d52a3654","vectorPerformance","likelihood8","Quantile","2","0","420013","4000","500","Complete","0.2165164","3.1E-5","0.191493899","0.024991501","0.4375","0.001","673796","4000","15027.331818683551","15033.704474475824","10491.658637470435","1.0004326935079904","0.005338364077357494","0","a6b794bfac044c42b2225f202fe85edd749f09d343dadd0c6f9a8be5b72afda0",""
"6","3","0","current","c6410392edd5b83003dbde0a9e0f1626dbac5328","3c4eb5aa557927d8666f64a5ccf45de3609b074f89f8e4b1b3604a66d52a3654","vectorPerformance","likelihood8","Quantile","2","1","427932","4000","500","Complete","0.2187875","4.8299E-5","0.193210101","0.0255291","0.4375","0.001","673825","4000","15276.658872254206","15256.4622489339","11119.716918313663","1.000391617247902","0.006419580823759208","0","50e2cecd19fa21e7ea4301720423264b745a7096caa97d8e6935a59763285f0a",""
"6","3","0","current","c6410392edd5b83003dbde0a9e0f1626dbac5328","3c4eb5aa557927d8666f64a5ccf45de3609b074f89f8e4b1b3604a66d52a3654","vectorPerformance","likelihood8","Quantile","2","2","435851","4000","500","Complete","0.2166966","3.3499E-5","0.191707501","0.0249556","0.4375","0.0","674482","4000","15438.964336306639","15424.356228106937","11497.88972532256","1.0006283061980878","0.01024848436056533","0","d045bb5c2ae5192b21902085068a9b62aa6f41d66d4132dc6affda22bcc4912d",""
"6","3","0","current","c6410392edd5b83003dbde0a9e0f1626dbac5328","3c4eb5aa557927d8666f64a5ccf45de3609b074f89f8e4b1b3604a66d52a3654","vectorPerformance","likelihood8","Quantile","2","3","443770","4000","500","Complete","0.2169511","2.89E-5","0.1913464","0.0255758","0.453125","0.0","674770","4000","15279.141041189421","15290.437507693725","11098.089526704722","1.00060311853599","0.008195113181772185","0","14c0d80a24194a44695934e9fba1972daa6dc8b7383da72f1cd5837c36c4722d",""
"6","3","0","current","c6410392edd5b83003dbde0a9e0f1626dbac5328","3c4eb5aa557927d8666f64a5ccf45de3609b074f89f8e4b1b3604a66d52a3654","vectorPerformance","likelihood8","Quantile","2","4","451689","4000","500","Complete","0.21844","2.85E-5","0.1909319","0.0274796","0.4375","0.002","675588","4000","15378.326224840608","15396.096164831599","11613.462866841413","1.000726442029433","0.005885612388259281","0","dffab805aa7e6a415f84c4666b5b3033cb9751a54880ba72e95a79dc87652086",""
"6","3","0","current","c6410392edd5b83003dbde0a9e0f1626dbac5328","3c4eb5aa557927d8666f64a5ccf45de3609b074f89f8e4b1b3604a66d52a3654","vectorPerformance","likelihood8","Quantile","4","-2","404175","4000","500","Complete","0.114901001","3.06E-5","0.100248401","0.014622","0.5","0.002","675623","4000","14553.603071888145","14560.448774995888","11253.189859649683","1.0007097070118298","0.003922918284137322","0","03828cdda4fc43583cac684014ff31176af4a34269763a886473aa7e641f0391",""
"6","3","0","current","c6410392edd5b83003dbde0a9e0f1626dbac5328","3c4eb5aa557927d8666f64a5ccf45de3609b074f89f8e4b1b3604a66d52a3654","vectorPerformance","likelihood8","Quantile","4","-1","412094","4000","500","Complete","0.1147298","4.77E-5","0.0992345","0.0154476","0.515625","0.001","674660","4000","15209.136106969212","15217.30790335651","11240.432710958032","1.0004372157752155","0.0052684685777992235","0","e259b6e006096a76873934a7876a399ffc6054ce8626e6a9f54fe4dc9a2a077b",""
"6","3","0","current","c6410392edd5b83003dbde0a9e0f1626dbac5328","3c4eb5aa557927d8666f64a5ccf45de3609b074f89f8e4b1b3604a66d52a3654","vectorPerformance","likelihood8","Quantile","4","0","420013","4000","500","Complete","0.114076199","2.95E-5","0.098651999","0.0153947","0.5","0.0","673796","4000","15027.331818683551","15033.704474475824","10491.658637470435","1.0004326935079904","0.005338364077357494","0","a6b794bfac044c42b2225f202fe85edd749f09d343dadd0c6f9a8be5b72afda0",""
"6","3","0","current","c6410392edd5b83003dbde0a9e0f1626dbac5328","3c4eb5aa557927d8666f64a5ccf45de3609b074f89f8e4b1b3604a66d52a3654","vectorPerformance","likelihood8","Quantile","4","1","427932","4000","500","Complete","0.1144189","5.53E-5","0.0985709","0.0157927","0.4375","0.0","673825","4000","15276.658872254206","15256.4622489339","11119.716918313663","1.000391617247902","0.006419580823759208","0","50e2cecd19fa21e7ea4301720423264b745a7096caa97d8e6935a59763285f0a",""
"6","3","0","current","c6410392edd5b83003dbde0a9e0f1626dbac5328","3c4eb5aa557927d8666f64a5ccf45de3609b074f89f8e4b1b3604a66d52a3654","vectorPerformance","likelihood8","Quantile","4","2","435851","4000","500","Complete","0.115376101","2.84E-5","0.100258001","0.0150897","0.4375","0.0","674482","4000","15438.964336306639","15424.356228106937","11497.88972532256","1.0006283061980878","0.01024848436056533","0","d045bb5c2ae5192b21902085068a9b62aa6f41d66d4132dc6affda22bcc4912d",""
"6","3","0","current","c6410392edd5b83003dbde0a9e0f1626dbac5328","3c4eb5aa557927d8666f64a5ccf45de3609b074f89f8e4b1b3604a66d52a3654","vectorPerformance","likelihood8","Quantile","4","3","443770","4000","500","Complete","0.114927599","3.1999E-5","0.099244801","0.015650799","0.5","0.001","674770","4000","15279.141041189421","15290.437507693725","11098.089526704722","1.00060311853599","0.008195113181772185","0","14c0d80a24194a44695934e9fba1972daa6dc8b7383da72f1cd5837c36c4722d",""
"6","3","0","current","c6410392edd5b83003dbde0a9e0f1626dbac5328","3c4eb5aa557927d8666f64a5ccf45de3609b074f89f8e4b1b3604a66d52a3654","vectorPerformance","likelihood8","Quantile","4","4","451689","4000","500","Complete","0.113169","3.2E-5","0.0980924","0.0150446","0.5","0.0","675588","4000","15378.326224840608","15396.096164831599","11613.462866841413","1.000726442029433","0.005885612388259281","0","dffab805aa7e6a415f84c4666b5b3033cb9751a54880ba72e95a79dc87652086",""
"6","3","0","current","c6410392edd5b83003dbde0a9e0f1626dbac5328","3c4eb5aa557927d8666f64a5ccf45de3609b074f89f8e4b1b3604a66d52a3654","vectorPerformance","mixture8","GPSS","1","-2","404175","4000","500","Complete","0.114539401","1.66E-5","0.0663972","0.048125601","0.109375","0.0","229144","4000","14.257988816324646","29.19304971339808","41.12369705555653","1.0898522442939091","0.21935070608817098","8","3b6875e17ed27fe9805ded4d871f7b5f9d73e9def0157d2b9b3ca4e8933848aa",""
"6","3","0","current","c6410392edd5b83003dbde0a9e0f1626dbac5328","3c4eb5aa557927d8666f64a5ccf45de3609b074f89f8e4b1b3604a66d52a3654","vectorPerformance","mixture8","GPSS","1","-1","412094","4000","500","Complete","0.114632","1.64E-5","0.065813399","0.048802201","0.109375","0.0","229290","4000","18.720999899350527","39.028622707399215","46.96121523232878","1.0731938076004162","0.17813809720195017","8","abf27d85ad57f604af02f9ce976cde68729c5e5b0b9868c8021e26e9e57c9cbb",""
"6","3","0","current","c6410392edd5b83003dbde0a9e0f1626dbac5328","3c4eb5aa557927d8666f64a5ccf45de3609b074f89f8e4b1b3604a66d52a3654","vectorPerformance","mixture8","GPSS","1","0","420013","4000","500","Complete","0.1157908","1.69E-5","0.0677397","0.0480342","0.125","0.0","230860","4000","11.197660818981081","21.159126284650732","49.74480814386594","1.1308094060468774","0.5016290019944878","8","f1a24a91ced5488ebfe513313caafc39cdc36be309bd0944b0aca511830cdc9b",""
"6","3","0","current","c6410392edd5b83003dbde0a9e0f1626dbac5328","3c4eb5aa557927d8666f64a5ccf45de3609b074f89f8e4b1b3604a66d52a3654","vectorPerformance","mixture8","GPSS","1","1","427932","4000","500","Complete","0.1125714","1.8701E-5","0.0655592","0.046993499","0.140625","0.0","227656","4000","350.3365962359708","946.1959119121931","828.0407758236613","1.006187429279826","0.489472770444491","0","3048dd7a997ec08547ffedc643f4f8ad71fb08dfc61d73588f085fae9f3b2530",""
"6","3","0","current","c6410392edd5b83003dbde0a9e0f1626dbac5328","3c4eb5aa557927d8666f64a5ccf45de3609b074f89f8e4b1b3604a66d52a3654","vectorPerformance","mixture8","GPSS","1","2","435851","4000","500","Complete","0.114516001","1.7101E-5","0.066504899","0.047994001","0.109375","0.0","230320","4000","11.885382937205895","20.922381229748733","74.65086869430434","1.127517255169642","0.6163845076767369","8","a8b0c5d28390a6bbe639426c5f3d044100be601426210b18a9d9a12faa0fdcbb",""
"6","3","0","current","c6410392edd5b83003dbde0a9e0f1626dbac5328","3c4eb5aa557927d8666f64a5ccf45de3609b074f89f8e4b1b3604a66d52a3654","vectorPerformance","mixture8","GPSS","1","3","443770","4000","500","Complete","0.112744099","1.73E-5","0.0655712","0.047155599","0.109375","0.0","228342","4000","32.15927038708645","138.24287084259578","31.951943081965528","1.0380332431121262","0.32314994313579937","8","fb914cb87efc1f88af4218573d1acfcb2cf7af7578bb3764f9313b6f1caf9c08",""
"6","3","0","current","c6410392edd5b83003dbde0a9e0f1626dbac5328","3c4eb5aa557927d8666f64a5ccf45de3609b074f89f8e4b1b3604a66d52a3654","vectorPerformance","mixture8","GPSS","1","4","451689","4000","500","Complete","0.116127601","1.6601E-5","0.0670466","0.0490644","0.109375","0.0","231161","4000","11.42981152723505","18.51428192120557","82.97173289489884","1.1478873533286111","0.944470980985646","8","8c304b54387b3cfcaea9ca546733eb569997eadee97f924c60d4475ce4148eb9",""
"6","3","0","current","c6410392edd5b83003dbde0a9e0f1626dbac5328","3c4eb5aa557927d8666f64a5ccf45de3609b074f89f8e4b1b3604a66d52a3654","vectorPerformance","mixture8","GPSS","2","-2","404175","4000","500","Complete","0.080318201","1.72E-5","0.052403801","0.0278972","0.21875","0.0","229144","4000","14.257988816324646","29.19304971339808","41.12369705555653","1.0898522442939091","0.21935070608817098","8","3b6875e17ed27fe9805ded4d871f7b5f9d73e9def0157d2b9b3ca4e8933848aa",""
"6","3","0","current","c6410392edd5b83003dbde0a9e0f1626dbac5328","3c4eb5aa557927d8666f64a5ccf45de3609b074f89f8e4b1b3604a66d52a3654","vectorPerformance","mixture8","GPSS","2","-1","412094","4000","500","Complete","0.069040001","1.8201E-5","0.0418022","0.0272196","0.125","0.001","229290","4000","18.720999899350527","39.028622707399215","46.96121523232878","1.0731938076004162","0.17813809720195017","8","abf27d85ad57f604af02f9ce976cde68729c5e5b0b9868c8021e26e9e57c9cbb",""
"6","3","0","current","c6410392edd5b83003dbde0a9e0f1626dbac5328","3c4eb5aa557927d8666f64a5ccf45de3609b074f89f8e4b1b3604a66d52a3654","vectorPerformance","mixture8","GPSS","2","0","420013","4000","500","Complete","0.0695203","1.71E-5","0.0418201","0.0276831","0.125","0.001","230860","4000","11.197660818981081","21.159126284650732","49.74480814386594","1.1308094060468774","0.5016290019944878","8","f1a24a91ced5488ebfe513313caafc39cdc36be309bd0944b0aca511830cdc9b",""
"6","3","0","current","c6410392edd5b83003dbde0a9e0f1626dbac5328","3c4eb5aa557927d8666f64a5ccf45de3609b074f89f8e4b1b3604a66d52a3654","vectorPerformance","mixture8","GPSS","2","1","427932","4000","500","Complete","0.0664427","1.7E-5","0.0410528","0.0253729","0.15625","0.0","227656","4000","350.3365962359708","946.1959119121931","828.0407758236613","1.006187429279826","0.489472770444491","0","3048dd7a997ec08547ffedc643f4f8ad71fb08dfc61d73588f085fae9f3b2530",""
"6","3","0","current","c6410392edd5b83003dbde0a9e0f1626dbac5328","3c4eb5aa557927d8666f64a5ccf45de3609b074f89f8e4b1b3604a66d52a3654","vectorPerformance","mixture8","GPSS","2","2","435851","4000","500","Complete","0.0706904","1.7899E-5","0.043538101","0.0271344","0.15625","0.001","230320","4000","11.885382937205895","20.922381229748733","74.65086869430434","1.127517255169642","0.6163845076767369","8","a8b0c5d28390a6bbe639426c5f3d044100be601426210b18a9d9a12faa0fdcbb",""
"6","3","0","current","c6410392edd5b83003dbde0a9e0f1626dbac5328","3c4eb5aa557927d8666f64a5ccf45de3609b074f89f8e4b1b3604a66d52a3654","vectorPerformance","mixture8","GPSS","2","3","443770","4000","500","Complete","0.0673831","1.7099E-5","0.0411585","0.026207501","0.15625","0.0","228342","4000","32.15927038708645","138.24287084259578","31.951943081965528","1.0380332431121262","0.32314994313579937","8","fb914cb87efc1f88af4218573d1acfcb2cf7af7578bb3764f9313b6f1caf9c08",""
"6","3","0","current","c6410392edd5b83003dbde0a9e0f1626dbac5328","3c4eb5aa557927d8666f64a5ccf45de3609b074f89f8e4b1b3604a66d52a3654","vectorPerformance","mixture8","GPSS","2","4","451689","4000","500","Complete","0.069229501","1.7701E-5","0.041761","0.0274508","0.15625","0.001","231161","4000","11.42981152723505","18.51428192120557","82.97173289489884","1.1478873533286111","0.944470980985646","8","8c304b54387b3cfcaea9ca546733eb569997eadee97f924c60d4475ce4148eb9",""
"6","3","0","current","c6410392edd5b83003dbde0a9e0f1626dbac5328","3c4eb5aa557927d8666f64a5ccf45de3609b074f89f8e4b1b3604a66d52a3654","vectorPerformance","mixture8","GPSS","4","-2","404175","4000","500","Complete","0.056915301","1.8E-5","0.039982901","0.0169144","0.25","0.002","229144","4000","14.257988816324646","29.19304971339808","41.12369705555653","1.0898522442939091","0.21935070608817098","8","3b6875e17ed27fe9805ded4d871f7b5f9d73e9def0157d2b9b3ca4e8933848aa",""
"6","3","0","current","c6410392edd5b83003dbde0a9e0f1626dbac5328","3c4eb5aa557927d8666f64a5ccf45de3609b074f89f8e4b1b3604a66d52a3654","vectorPerformance","mixture8","GPSS","4","-1","412094","4000","500","Complete","0.0575667","1.63E-5","0.0411878","0.0163626","0.1875","0.0","229290","4000","18.720999899350527","39.028622707399215","46.96121523232878","1.0731938076004162","0.17813809720195017","8","abf27d85ad57f604af02f9ce976cde68729c5e5b0b9868c8021e26e9e57c9cbb",""
"6","3","0","current","c6410392edd5b83003dbde0a9e0f1626dbac5328","3c4eb5aa557927d8666f64a5ccf45de3609b074f89f8e4b1b3604a66d52a3654","vectorPerformance","mixture8","GPSS","4","0","420013","4000","500","Complete","0.0591394","1.64E-5","0.0408136","0.0183094","0.1875","0.001","230860","4000","11.197660818981081","21.159126284650732","49.74480814386594","1.1308094060468774","0.5016290019944878","8","f1a24a91ced5488ebfe513313caafc39cdc36be309bd0944b0aca511830cdc9b",""
"6","3","0","current","c6410392edd5b83003dbde0a9e0f1626dbac5328","3c4eb5aa557927d8666f64a5ccf45de3609b074f89f8e4b1b3604a66d52a3654","vectorPerformance","mixture8","GPSS","4","1","427932","4000","500","Complete","0.0551961","1.72E-5","0.0398013","0.0153776","0.1875","0.002","227656","4000","350.3365962359708","946.1959119121931","828.0407758236613","1.006187429279826","0.489472770444491","0","3048dd7a997ec08547ffedc643f4f8ad71fb08dfc61d73588f085fae9f3b2530",""
"6","3","0","current","c6410392edd5b83003dbde0a9e0f1626dbac5328","3c4eb5aa557927d8666f64a5ccf45de3609b074f89f8e4b1b3604a66d52a3654","vectorPerformance","mixture8","GPSS","4","2","435851","4000","500","Complete","0.056886901","1.63E-5","0.0403465","0.016524101","0.1875","0.001","230320","4000","11.885382937205895","20.922381229748733","74.65086869430434","1.127517255169642","0.6163845076767369","8","a8b0c5d28390a6bbe639426c5f3d044100be601426210b18a9d9a12faa0fdcbb",""
"6","3","0","current","c6410392edd5b83003dbde0a9e0f1626dbac5328","3c4eb5aa557927d8666f64a5ccf45de3609b074f89f8e4b1b3604a66d52a3654","vectorPerformance","mixture8","GPSS","4","3","443770","4000","500","Complete","0.0542604","1.72E-5","0.0386559","0.0155873","0.1875","0.0","228342","4000","32.15927038708645","138.24287084259578","31.951943081965528","1.0380332431121262","0.32314994313579937","8","fb914cb87efc1f88af4218573d1acfcb2cf7af7578bb3764f9313b6f1caf9c08",""
"6","3","0","current","c6410392edd5b83003dbde0a9e0f1626dbac5328","3c4eb5aa557927d8666f64a5ccf45de3609b074f89f8e4b1b3604a66d52a3654","vectorPerformance","mixture8","GPSS","4","4","451689","4000","500","Complete","0.0580001","1.8399E-5","0.040994201","0.0169875","0.1875","0.001","231161","4000","11.42981152723505","18.51428192120557","82.97173289489884","1.1478873533286111","0.944470980985646","8","8c304b54387b3cfcaea9ca546733eb569997eadee97f924c60d4475ce4148eb9",""
"6","3","0","current","c6410392edd5b83003dbde0a9e0f1626dbac5328","3c4eb5aa557927d8666f64a5ccf45de3609b074f89f8e4b1b3604a66d52a3654","vectorPerformance","mixture8","Quantile","1","-2","404175","4000","500","Complete","0.2045205","3.09E-5","0.154883999","0.049605601","0.21875","0.002","794544","4000","4.187636809868029","7.060337598855363","26.16378128764236","1.5288331364789502","3.256985326991021","8","08478ec37e7016f0a746f5541369d3f27e6780b3d77ac0dd3727aedc458b8a7f",""
"6","3","0","current","c6410392edd5b83003dbde0a9e0f1626dbac5328","3c4eb5aa557927d8666f64a5ccf45de3609b074f89f8e4b1b3604a66d52a3654","vectorPerformance","mixture8","Quantile","1","-1","412094","4000","500","Complete","0.204492999","1.57E-5","0.159087199","0.0453901","0.203125","0.002","816779","4000","13172.219750891138","13222.282432153374","9557.095877190202","1.0009523655339596","4.505381108384656","0","df0a2d121acaf8121fe4585bac661d116d56b94d4bbd87d7554b9b56bc69a16b",""
"6","3","0","current","c6410392edd5b83003dbde0a9e0f1626dbac5328","3c4eb5aa557927d8666f64a5ccf45de3609b074f89f8e4b1b3604a66d52a3654","vectorPerformance","mixture8","Quantile","1","0","420013","4000","500","Complete","0.2070682","1.57E-5","0.1589876","0.0480649","0.234375","0.002","794198","4000","4.186058672517822","7.066033020998243","25.872565892706334","1.528293121197245","3.254959184947837","8","298edcccf4cb67bd1d71a2c67eaac49d9c2f065b01ce89b5a425470b4ac34246",""
"6","3","0","current","c6410392edd5b83003dbde0a9e0f1626dbac5328","3c4eb5aa557927d8666f64a5ccf45de3609b074f89f8e4b1b3604a66d52a3654","vectorPerformance","mixture8","Quantile","1","1","427932","4000","500","Complete","0.207407","1.52E-5","0.1529472","0.0544446","0.203125","0.003","793428","4000","4.1830750512240416","7.063117190644894","25.56957561795727","1.5283657513611182","3.2567621870613133","8","273d5a969b71614959a723e90feee880f8890fbdd52ed734512ecdb8349192a1",""
"6","3","0","current","c6410392edd5b83003dbde0a9e0f1626dbac5328","3c4eb5aa557927d8666f64a5ccf45de3609b074f89f8e4b1b3604a66d52a3654","vectorPerformance","mixture8","Quantile","1","2","435851","4000","500","Complete","0.2060101","1.51E-5","0.1595992","0.0463958","0.203125","0.001","819559","4000","13453.176078554361","13421.262962358194","9216.280792110578","1.0005674240480147","4.502788958677054","0","d8c678a9202d9a68411f907dc58204bfa1e84fa81561ad1055f777dd4b42c6f2",""
"6","3","0","current","c6410392edd5b83003dbde0a9e0f1626dbac5328","3c4eb5aa557927d8666f64a5ccf45de3609b074f89f8e4b1b3604a66d52a3654","vectorPerformance","mixture8","Quantile","1","3","443770","4000","500","Complete","0.206745501","1.79E-5","0.160265401","0.0464622","0.21875","0.002","818525","4000","14133.815442025896","14200.524096105466","9050.625427824825","1.0007425189374404","4.512149086714977","0","1bb1a4f128a60c3df02103528fa01749d02171821dd07470e5dae7f5e8630625",""
"6","3","0","current","c6410392edd5b83003dbde0a9e0f1626dbac5328","3c4eb5aa557927d8666f64a5ccf45de3609b074f89f8e4b1b3604a66d52a3654","vectorPerformance","mixture8","Quantile","1","4","451689","4000","500","Complete","0.206713299","1.56E-5","0.1612102","0.045487499","0.203125","0.001","819229","4000","12826.818650755431","12819.884446949432","9099.649034826969","1.000430048273552","4.504000123365279","0","678212121ddd43756b45e7bd2e21e3caba79bf54b0c78a22985c55552046cf37",""
"6","3","0","current","c6410392edd5b83003dbde0a9e0f1626dbac5328","3c4eb5aa557927d8666f64a5ccf45de3609b074f89f8e4b1b3604a66d52a3654","vectorPerformance","mixture8","Quantile","2","-2","404175","4000","500","Complete","0.1254792","1.57E-5","0.096588999","0.028874501","0.25","0.001","794544","4000","4.187636809868029","7.060337598855363","26.16378128764236","1.5288331364789502","3.256985326991021","8","08478ec37e7016f0a746f5541369d3f27e6780b3d77ac0dd3727aedc458b8a7f",""
"6","3","0","current","c6410392edd5b83003dbde0a9e0f1626dbac5328","3c4eb5aa557927d8666f64a5ccf45de3609b074f89f8e4b1b3604a66d52a3654","vectorPerformance","mixture8","Quantile","2","-1","412094","4000","500","Complete","0.1235754","2.4499E-5","0.0989141","0.024636801","0.25","0.001","816779","4000","13172.219750891138","13222.282432153374","9557.095877190202","1.0009523655339596","4.505381108384656","0","df0a2d121acaf8121fe4585bac661d116d56b94d4bbd87d7554b9b56bc69a16b",""
"6","3","0","current","c6410392edd5b83003dbde0a9e0f1626dbac5328","3c4eb5aa557927d8666f64a5ccf45de3609b074f89f8e4b1b3604a66d52a3654","vectorPerformance","mixture8","Quantile","2","0","420013","4000","500","Complete","0.123489","1.56E-5","0.0972509","0.0262225","0.25","0.002","794198","4000","4.186058672517822","7.066033020998243","25.872565892706334","1.528293121197245","3.254959184947837","8","298edcccf4cb67bd1d71a2c67eaac49d9c2f065b01ce89b5a425470b4ac34246",""
"6","3","0","current","c6410392edd5b83003dbde0a9e0f1626dbac5328","3c4eb5aa557927d8666f64a5ccf45de3609b074f89f8e4b1b3604a66d52a3654","vectorPerformance","mixture8","Quantile","2","1","427932","4000","500","Complete","0.1266399","1.61E-5","0.0980959","0.0285279","0.25","0.001","793428","4000","4.1830750512240416","7.063117190644894","25.56957561795727","1.5283657513611182","3.2567621870613133","8","273d5a969b71614959a723e90feee880f8890fbdd52ed734512ecdb8349192a1",""
"6","3","0","current","c6410392edd5b83003dbde0a9e0f1626dbac5328","3c4eb5aa557927d8666f64a5ccf45de3609b074f89f8e4b1b3604a66d52a3654","vectorPerformance","mixture8","Quantile","2","2","435851","4000","500","Complete","0.123070599","1.57E-5","0.0975014","0.025553499","0.25","0.001","819559","4000","13453.176078554361","13421.262962358194","9216.280792110578","1.0005674240480147","4.502788958677054","0","d8c678a9202d9a68411f907dc58204bfa1e84fa81561ad1055f777dd4b42c6f2",""
"6","3","0","current","c6410392edd5b83003dbde0a9e0f1626dbac5328","3c4eb5aa557927d8666f64a5ccf45de3609b074f89f8e4b1b3604a66d52a3654","vectorPerformance","mixture8","Quantile","2","3","443770","4000","500","Complete","0.123325","1.56E-5","0.0979155","0.0253939","0.25","0.001","818525","4000","14133.815442025896","14200.524096105466","9050.625427824825","1.0007425189374404","4.512149086714977","0","1bb1a4f128a60c3df02103528fa01749d02171821dd07470e5dae7f5e8630625",""
"6","3","0","current","c6410392edd5b83003dbde0a9e0f1626dbac5328","3c4eb5aa557927d8666f64a5ccf45de3609b074f89f8e4b1b3604a66d52a3654","vectorPerformance","mixture8","Quantile","2","4","451689","4000","500","Complete","0.122820901","1.45E-5","0.097423801","0.0253826","0.25","0.001","819229","4000","12826.818650755431","12819.884446949432","9099.649034826969","1.000430048273552","4.504000123365279","0","678212121ddd43756b45e7bd2e21e3caba79bf54b0c78a22985c55552046cf37",""
"6","3","0","current","c6410392edd5b83003dbde0a9e0f1626dbac5328","3c4eb5aa557927d8666f64a5ccf45de3609b074f89f8e4b1b3604a66d52a3654","vectorPerformance","mixture8","Quantile","4","-2","404175","4000","500","Complete","0.091216","1.56E-5","0.073669399","0.017531001","0.671875","0.001","794544","4000","4.187636809868029","7.060337598855363","26.16378128764236","1.5288331364789502","3.256985326991021","8","08478ec37e7016f0a746f5541369d3f27e6780b3d77ac0dd3727aedc458b8a7f",""
"6","3","0","current","c6410392edd5b83003dbde0a9e0f1626dbac5328","3c4eb5aa557927d8666f64a5ccf45de3609b074f89f8e4b1b3604a66d52a3654","vectorPerformance","mixture8","Quantile","4","-1","412094","4000","500","Complete","0.091296399","2.02E-5","0.0766233","0.014652899","0.375","0.001","816779","4000","13172.219750891138","13222.282432153374","9557.095877190202","1.0009523655339596","4.505381108384656","0","df0a2d121acaf8121fe4585bac661d116d56b94d4bbd87d7554b9b56bc69a16b",""
"6","3","0","current","c6410392edd5b83003dbde0a9e0f1626dbac5328","3c4eb5aa557927d8666f64a5ccf45de3609b074f89f8e4b1b3604a66d52a3654","vectorPerformance","mixture8","Quantile","4","0","420013","4000","500","Complete","0.095780199","1.52E-5","0.0748753","0.020889699","0.328125","0.002","794198","4000","4.186058672517822","7.066033020998243","25.872565892706334","1.528293121197245","3.254959184947837","8","298edcccf4cb67bd1d71a2c67eaac49d9c2f065b01ce89b5a425470b4ac34246",""
"6","3","0","current","c6410392edd5b83003dbde0a9e0f1626dbac5328","3c4eb5aa557927d8666f64a5ccf45de3609b074f89f8e4b1b3604a66d52a3654","vectorPerformance","mixture8","Quantile","4","1","427932","4000","500","Complete","0.091098399","1.54E-5","0.0729913","0.018091699","0.359375","0.0","793428","4000","4.1830750512240416","7.063117190644894","25.56957561795727","1.5283657513611182","3.2567621870613133","8","273d5a969b71614959a723e90feee880f8890fbdd52ed734512ecdb8349192a1",""
"6","3","0","current","c6410392edd5b83003dbde0a9e0f1626dbac5328","3c4eb5aa557927d8666f64a5ccf45de3609b074f89f8e4b1b3604a66d52a3654","vectorPerformance","mixture8","Quantile","4","2","435851","4000","500","Complete","0.091684","1.6E-5","0.0758637","0.0158043","0.34375","0.0","819559","4000","13453.176078554361","13421.262962358194","9216.280792110578","1.0005674240480147","4.502788958677054","0","d8c678a9202d9a68411f907dc58204bfa1e84fa81561ad1055f777dd4b42c6f2",""
"6","3","0","current","c6410392edd5b83003dbde0a9e0f1626dbac5328","3c4eb5aa557927d8666f64a5ccf45de3609b074f89f8e4b1b3604a66d52a3654","vectorPerformance","mixture8","Quantile","4","3","443770","4000","500","Complete","0.0914037","1.49E-5","0.0759156","0.0154732","0.359375","0.001","818525","4000","14133.815442025896","14200.524096105466","9050.625427824825","1.0007425189374404","4.512149086714977","0","1bb1a4f128a60c3df02103528fa01749d02171821dd07470e5dae7f5e8630625",""
"6","3","0","current","c6410392edd5b83003dbde0a9e0f1626dbac5328","3c4eb5aa557927d8666f64a5ccf45de3609b074f89f8e4b1b3604a66d52a3654","vectorPerformance","mixture8","Quantile","4","4","451689","4000","500","Complete","0.0925396","1.62E-5","0.0775871","0.0149363","0.375","0.002","819229","4000","12826.818650755431","12819.884446949432","9099.649034826969","1.000430048273552","4.504000123365279","0","678212121ddd43756b45e7bd2e21e3caba79bf54b0c78a22985c55552046cf37",""
"6","3","0","current","c6410392edd5b83003dbde0a9e0f1626dbac5328","3c4eb5aa557927d8666f64a5ccf45de3609b074f89f8e4b1b3604a66d52a3654","vectorPerformance","positive32","GPSS","1","-2","404175","4000","500","Complete","0.3681023","2.97E-5","0.175547999","0.192524601","0.375","0.004","312248","4000","6.507081555422677","8.267454120088496","11.239726363241573","1.4243493212370788","0.9111742118510904","32","e1f462be7160698fc96433c37d8e6460fa2b583d96e58a05af89904985ee97c5",""
"6","3","0","current","c6410392edd5b83003dbde0a9e0f1626dbac5328","3c4eb5aa557927d8666f64a5ccf45de3609b074f89f8e4b1b3604a66d52a3654","vectorPerformance","positive32","GPSS","1","-1","412094","4000","500","Complete","0.3703486","2.4199E-5","0.1759865","0.194337901","0.40625","0.004","312989","4000","5.495322761597328","8.012492423835413","12.29336507256984","1.4621066333934736","0.5327465027759886","32","047503de7ceb57f45f2c33ddf27b78c64d75cb6665a40538a8909c85da9d2c02",""
"6","3","0","current","c6410392edd5b83003dbde0a9e0f1626dbac5328","3c4eb5aa557927d8666f64a5ccf45de3609b074f89f8e4b1b3604a66d52a3654","vectorPerformance","positive32","GPSS","1","0","420013","4000","500","Complete","0.3726523","2.46E-5","0.1800881","0.1925396","0.375","0.004","315080","4000","5.054210848500271","6.4086389980297715","11.498400167812514","1.682066869867944","1.124774421937512","32","9182bbb858877f9a625ab3c8ae05e7120fdc466f42d5a1dceccf9395da6065e9",""
"6","3","0","current","c6410392edd5b83003dbde0a9e0f1626dbac5328","3c4eb5aa557927d8666f64a5ccf45de3609b074f89f8e4b1b3604a66d52a3654","vectorPerformance","positive32","GPSS","1","1","427932","4000","500","Complete","0.3850788","2.41E-5","0.189499899","0.195554801","0.359375","0.003","310499","4000","4.949526595516298","7.4253970060875725","11.370735805288119","1.496332455560683","0.5218258205642705","32","f0d7064a140efac0e8d7992843e936b5b1ea4f33b336f96c18ed34d07d4ff733",""
"6","3","0","current","c6410392edd5b83003dbde0a9e0f1626dbac5328","3c4eb5aa557927d8666f64a5ccf45de3609b074f89f8e4b1b3604a66d52a3654","vectorPerformance","positive32","GPSS","1","2","435851","4000","500","Complete","0.370819901","2.4901E-5","0.1776853","0.1931097","0.375","0.003","312895","4000","6.595439608345559","8.875134343603566","10.947737821804315","1.3815878832703925","0.38311879002350624","32","0365e43fa384cead64ff9f89d32ea3ea9edfdb1f4523fadebe6c708ca213e343",""
"6","3","0","current","c6410392edd5b83003dbde0a9e0f1626dbac5328","3c4eb5aa557927d8666f64a5ccf45de3609b074f89f8e4b1b3604a66d52a3654","vectorPerformance","positive32","GPSS","1","3","443770","4000","500","Complete","0.3728305","2.4599E-5","0.179349801","0.1934561","0.359375","0.004","322378","4000","4.786571198089734","5.896539279571406","11.375709989448119","1.7909712039019074","1.5561805918696656","32","6ad6daee0ad4e8690da4c2f3a9ad5ab953ab95d6f3a80ac9994366367dae6f68",""
"6","3","0","current","c6410392edd5b83003dbde0a9e0f1626dbac5328","3c4eb5aa557927d8666f64a5ccf45de3609b074f89f8e4b1b3604a66d52a3654","vectorPerformance","positive32","GPSS","1","4","451689","4000","500","Complete","0.3691439","2.3801E-5","0.1801005","0.189019599","0.71875","0.002","312493","4000","7.11180708957874","8.71283262637544","16.641164170760746","1.408214647506748","0.6415784047018325","32","b56b7859597de05ce23273ba96ae874e4baee6fad0f20d955b87448e5465d676",""
"6","3","0","current","c6410392edd5b83003dbde0a9e0f1626dbac5328","3c4eb5aa557927d8666f64a5ccf45de3609b074f89f8e4b1b3604a66d52a3654","vectorPerformance","positive32","GPSS","2","-2","404175","4000","500","Complete","0.2298022","2.68E-5","0.1212066","0.1085688","0.484375","0.004","312248","4000","6.507081555422677","8.267454120088496","11.239726363241573","1.4243493212370788","0.9111742118510904","32","e1f462be7160698fc96433c37d8e6460fa2b583d96e58a05af89904985ee97c5",""
"6","3","0","current","c6410392edd5b83003dbde0a9e0f1626dbac5328","3c4eb5aa557927d8666f64a5ccf45de3609b074f89f8e4b1b3604a66d52a3654","vectorPerformance","positive32","GPSS","2","-1","412094","4000","500","Complete","0.2170343","2.24E-5","0.110806799","0.106205101","0.4375","0.003","312989","4000","5.495322761597328","8.012492423835413","12.29336507256984","1.4621066333934736","0.5327465027759886","32","047503de7ceb57f45f2c33ddf27b78c64d75cb6665a40538a8909c85da9d2c02",""
"6","3","0","current","c6410392edd5b83003dbde0a9e0f1626dbac5328","3c4eb5aa557927d8666f64a5ccf45de3609b074f89f8e4b1b3604a66d52a3654","vectorPerformance","positive32","GPSS","2","0","420013","4000","500","Complete","0.215270401","2.6401E-5","0.1113183","0.1039257","0.4375","0.003","315080","4000","5.054210848500271","6.4086389980297715","11.498400167812514","1.682066869867944","1.124774421937512","32","9182bbb858877f9a625ab3c8ae05e7120fdc466f42d5a1dceccf9395da6065e9",""
"6","3","0","current","c6410392edd5b83003dbde0a9e0f1626dbac5328","3c4eb5aa557927d8666f64a5ccf45de3609b074f89f8e4b1b3604a66d52a3654","vectorPerformance","positive32","GPSS","2","1","427932","4000","500","Complete","0.2326148","2.5801E-5","0.1251675","0.107421499","0.46875","0.003","310499","4000","4.949526595516298","7.4253970060875725","11.370735805288119","1.496332455560683","0.5218258205642705","32","f0d7064a140efac0e8d7992843e936b5b1ea4f33b336f96c18ed34d07d4ff733",""
"6","3","0","current","c6410392edd5b83003dbde0a9e0f1626dbac5328","3c4eb5aa557927d8666f64a5ccf45de3609b074f89f8e4b1b3604a66d52a3654","vectorPerformance","positive32","GPSS","2","2","435851","4000","500","Complete","0.2162959","2.4E-5","0.111229499","0.105042401","0.4375","0.002","312895","4000","6.595439608345559","8.875134343603566","10.947737821804315","1.3815878832703925","0.38311879002350624","32","0365e43fa384cead64ff9f89d32ea3ea9edfdb1f4523fadebe6c708ca213e343",""
"6","3","0","current","c6410392edd5b83003dbde0a9e0f1626dbac5328","3c4eb5aa557927d8666f64a5ccf45de3609b074f89f8e4b1b3604a66d52a3654","vectorPerformance","positive32","GPSS","2","3","443770","4000","500","Complete","0.216210599","2.51E-5","0.1123539","0.103831599","0.4375","0.002","322378","4000","4.786571198089734","5.896539279571406","11.375709989448119","1.7909712039019074","1.5561805918696656","32","6ad6daee0ad4e8690da4c2f3a9ad5ab953ab95d6f3a80ac9994366367dae6f68",""
"6","3","0","current","c6410392edd5b83003dbde0a9e0f1626dbac5328","3c4eb5aa557927d8666f64a5ccf45de3609b074f89f8e4b1b3604a66d52a3654","vectorPerformance","positive32","GPSS","2","4","451689","4000","500","Complete","0.217063999","2.28E-5","0.1097857","0.107255499","0.4375","0.002","312493","4000","7.11180708957874","8.71283262637544","16.641164170760746","1.408214647506748","0.6415784047018325","32","b56b7859597de05ce23273ba96ae874e4baee6fad0f20d955b87448e5465d676",""
"6","3","0","current","c6410392edd5b83003dbde0a9e0f1626dbac5328","3c4eb5aa557927d8666f64a5ccf45de3609b074f89f8e4b1b3604a66d52a3654","vectorPerformance","positive32","GPSS","4","-2","404175","4000","500","Complete","0.1590294","3.38E-5","0.0976","0.0613956","0.921875","0.003","312248","4000","6.507081555422677","8.267454120088496","11.239726363241573","1.4243493212370788","0.9111742118510904","32","e1f462be7160698fc96433c37d8e6460fa2b583d96e58a05af89904985ee97c5",""
"6","3","0","current","c6410392edd5b83003dbde0a9e0f1626dbac5328","3c4eb5aa557927d8666f64a5ccf45de3609b074f89f8e4b1b3604a66d52a3654","vectorPerformance","positive32","GPSS","4","-1","412094","4000","500","Complete","0.1542951","2.8199E-5","0.093358701","0.0609082","0.828125","0.003","312989","4000","5.495322761597328","8.012492423835413","12.29336507256984","1.4621066333934736","0.5327465027759886","32","047503de7ceb57f45f2c33ddf27b78c64d75cb6665a40538a8909c85da9d2c02",""
"6","3","0","current","c6410392edd5b83003dbde0a9e0f1626dbac5328","3c4eb5aa557927d8666f64a5ccf45de3609b074f89f8e4b1b3604a66d52a3654","vectorPerformance","positive32","GPSS","4","0","420013","4000","500","Complete","0.172912","2.37E-5","0.0985563","0.074332","0.65625","0.005","315080","4000","5.054210848500271","6.4086389980297715","11.498400167812514","1.682066869867944","1.124774421937512","32","9182bbb858877f9a625ab3c8ae05e7120fdc466f42d5a1dceccf9395da6065e9",""
"6","3","0","current","c6410392edd5b83003dbde0a9e0f1626dbac5328","3c4eb5aa557927d8666f64a5ccf45de3609b074f89f8e4b1b3604a66d52a3654","vectorPerformance","positive32","GPSS","4","1","427932","4000","500","Complete","0.1721934","2.38E-5","0.1023183","0.0698513","0.984375","0.006","310499","4000","4.949526595516298","7.4253970060875725","11.370735805288119","1.496332455560683","0.5218258205642705","32","f0d7064a140efac0e8d7992843e936b5b1ea4f33b336f96c18ed34d07d4ff733",""
"6","3","0","current","c6410392edd5b83003dbde0a9e0f1626dbac5328","3c4eb5aa557927d8666f64a5ccf45de3609b074f89f8e4b1b3604a66d52a3654","vectorPerformance","positive32","GPSS","4","2","435851","4000","500","Complete","0.1765307","2.5699E-5","0.113049301","0.0634557","0.734375","0.003","312895","4000","6.595439608345559","8.875134343603566","10.947737821804315","1.3815878832703925","0.38311879002350624","32","0365e43fa384cead64ff9f89d32ea3ea9edfdb1f4523fadebe6c708ca213e343",""
"6","3","0","current","c6410392edd5b83003dbde0a9e0f1626dbac5328","3c4eb5aa557927d8666f64a5ccf45de3609b074f89f8e4b1b3604a66d52a3654","vectorPerformance","positive32","GPSS","4","3","443770","4000","500","Complete","0.158599201","2.3601E-5","0.093940799","0.064634801","0.6875","0.005","322378","4000","4.786571198089734","5.896539279571406","11.375709989448119","1.7909712039019074","1.5561805918696656","32","6ad6daee0ad4e8690da4c2f3a9ad5ab953ab95d6f3a80ac9994366367dae6f68",""
"6","3","0","current","c6410392edd5b83003dbde0a9e0f1626dbac5328","3c4eb5aa557927d8666f64a5ccf45de3609b074f89f8e4b1b3604a66d52a3654","vectorPerformance","positive32","GPSS","4","4","451689","4000","500","Complete","0.16825","2.45E-5","0.0996846","0.0685409","0.953125","0.004","312493","4000","7.11180708957874","8.71283262637544","16.641164170760746","1.408214647506748","0.6415784047018325","32","b56b7859597de05ce23273ba96ae874e4baee6fad0f20d955b87448e5465d676",""
"6","3","0","current","c6410392edd5b83003dbde0a9e0f1626dbac5328","3c4eb5aa557927d8666f64a5ccf45de3609b074f89f8e4b1b3604a66d52a3654","vectorPerformance","positive32","Quantile","1","-2","404175","4000","500","Complete","0.586345301","2.2301E-5","0.4069142","0.1794088","0.90625","0.006","2332703","4000","8030.260361578566","7443.725542312934","10980.95587684255","1.0012073242374708","0.03162578897149504","0","109d1589a3cfa1856056d074588bf62a00242342be20aaa02c7f9fa0c3d02464",""
"6","3","0","current","c6410392edd5b83003dbde0a9e0f1626dbac5328","3c4eb5aa557927d8666f64a5ccf45de3609b074f89f8e4b1b3604a66d52a3654","vectorPerformance","positive32","Quantile","1","-1","412094","4000","500","Complete","0.594462401","2.0501E-5","0.4032366","0.1912053","0.9375","0.009","2332056","4000","7849.260320702932","7497.08911341319","10218.844461352033","1.000850226319869","0.023734462941020107","0","2e7ae8f39b7d995378c03be6210919257cb3c5da65a71f7499cfe9fc1c43ddaa",""
"6","3","0","current","c6410392edd5b83003dbde0a9e0f1626dbac5328","3c4eb5aa557927d8666f64a5ccf45de3609b074f89f8e4b1b3604a66d52a3654","vectorPerformance","positive32","Quantile","1","0","420013","4000","500","Complete","0.5827155","3.15E-5","0.402483799","0.180200201","0.5625","0.005","2331456","4000","8061.462008922536","7644.287188277893","10396.228328686206","1.000767355772193","0.026399068267307313","0","b1c80d02d980f561db28b8e8c75872a90bfe94527189f07f4dfe1c9226d272e5",""
"6","3","0","current","c6410392edd5b83003dbde0a9e0f1626dbac5328","3c4eb5aa557927d8666f64a5ccf45de3609b074f89f8e4b1b3604a66d52a3654","vectorPerformance","positive32","Quantile","1","1","427932","4000","500","Complete","0.5969447","2.13E-5","0.4161418","0.1807816","0.59375","0.007","2330866","4000","7748.716822064378","7364.471868294603","10702.763364386927","1.0006942215274883","0.030448865944532777","0","218737eae3e2da277e8b65fe3a76bd5f04046950597185a676bdc475001c1e46",""
"6","3","0","current","c6410392edd5b83003dbde0a9e0f1626dbac5328","3c4eb5aa557927d8666f64a5ccf45de3609b074f89f8e4b1b3604a66d52a3654","vectorPerformance","positive32","Quantile","1","2","435851","4000","500","Complete","0.5884738","2.0301E-5","0.408215299","0.1802382","0.578125","0.007","2331863","4000","7994.761109518766","7444.795092892279","10756.070846197807","1.0010742652566522","0.026722483101742966","0","fb50892c47662c7c9c7473b45775635e782a20ef09488c3bc7f407bd559adfe3",""
"6","3","0","current","c6410392edd5b83003dbde0a9e0f1626dbac5328","3c4eb5aa557927d8666f64a5ccf45de3609b074f89f8e4b1b3604a66d52a3654","vectorPerformance","positive32","Quantile","1","3","443770","4000","500","Complete","0.5921876","4.65E-5","0.409754599","0.182386501","0.625","0.006","2331071","4000","8046.326204198977","7094.826103737033","10587.156707045673","1.0006492486922247","0.022192055198105076","0","ea829d033823c80e3ad79c2bf9f4c957103c19055e7f39ac840ae3dd8ecf7787",""
"6","3","0","current","c6410392edd5b83003dbde0a9e0f1626dbac5328","3c4eb5aa557927d8666f64a5ccf45de3609b074f89f8e4b1b3604a66d52a3654","vectorPerformance","positive32","Quantile","1","4","451689","4000","500","Complete","0.5911042","2.1401E-5","0.411709","0.179373799","0.578125","0.008","2329615","4000","8049.572429524939","7585.9302215949265","10803.178568962107","1.001435614653514","0.019996657665890316","0","f2275fab90488b6e0703edb3fe7b6bef8718ce8c0b14a645dc9d2b61880d135c",""
"6","3","0","current","c6410392edd5b83003dbde0a9e0f1626dbac5328","3c4eb5aa557927d8666f64a5ccf45de3609b074f89f8e4b1b3604a66d52a3654","vectorPerformance","positive32","Quantile","2","-2","404175","4000","500","Complete","0.3302327","2.08E-5","0.2308615","0.0993504","0.6875","0.008","2332703","4000","8030.260361578566","7443.725542312934","10980.95587684255","1.0012073242374708","0.03162578897149504","0","109d1589a3cfa1856056d074588bf62a00242342be20aaa02c7f9fa0c3d02464",""
"6","3","0","current","c6410392edd5b83003dbde0a9e0f1626dbac5328","3c4eb5aa557927d8666f64a5ccf45de3609b074f89f8e4b1b3604a66d52a3654","vectorPerformance","positive32","Quantile","2","-1","412094","4000","500","Complete","0.317918","1.93E-5","0.2226126","0.0952861","0.625","0.006","2332056","4000","7849.260320702932","7497.08911341319","10218.844461352033","1.000850226319869","0.023734462941020107","0","2e7ae8f39b7d995378c03be6210919257cb3c5da65a71f7499cfe9fc1c43ddaa",""
"6","3","0","current","c6410392edd5b83003dbde0a9e0f1626dbac5328","3c4eb5aa557927d8666f64a5ccf45de3609b074f89f8e4b1b3604a66d52a3654","vectorPerformance","positive32","Quantile","2","0","420013","4000","500","Complete","0.3142294","2.14E-5","0.219623999","0.094584001","0.625","0.005","2331456","4000","8061.462008922536","7644.287188277893","10396.228328686206","1.000767355772193","0.026399068267307313","0","b1c80d02d980f561db28b8e8c75872a90bfe94527189f07f4dfe1c9226d272e5",""
"6","3","0","current","c6410392edd5b83003dbde0a9e0f1626dbac5328","3c4eb5aa557927d8666f64a5ccf45de3609b074f89f8e4b1b3604a66d52a3654","vectorPerformance","positive32","Quantile","2","1","427932","4000","500","Complete","0.3287063","2.1199E-5","0.225344401","0.1033407","0.671875","0.009","2330866","4000","7748.716822064378","7364.471868294603","10702.763364386927","1.0006942215274883","0.030448865944532777","0","218737eae3e2da277e8b65fe3a76bd5f04046950597185a676bdc475001c1e46",""
"6","3","0","current","c6410392edd5b83003dbde0a9e0f1626dbac5328","3c4eb5aa557927d8666f64a5ccf45de3609b074f89f8e4b1b3604a66d52a3654","vectorPerformance","positive32","Quantile","2","2","435851","4000","500","Complete","0.3165361","1.8901E-5","0.222127399","0.0943898","0.625","0.005","2331863","4000","7994.761109518766","7444.795092892279","10756.070846197807","1.0010742652566522","0.026722483101742966","0","fb50892c47662c7c9c7473b45775635e782a20ef09488c3bc7f407bd559adfe3",""
"6","3","0","current","c6410392edd5b83003dbde0a9e0f1626dbac5328","3c4eb5aa557927d8666f64a5ccf45de3609b074f89f8e4b1b3604a66d52a3654","vectorPerformance","positive32","Quantile","2","3","443770","4000","500","Complete","0.3164901","2.58E-5","0.2228203","0.093644","0.65625","0.007","2331071","4000","8046.326204198977","7094.826103737033","10587.156707045673","1.0006492486922247","0.022192055198105076","0","ea829d033823c80e3ad79c2bf9f4c957103c19055e7f39ac840ae3dd8ecf7787",""
"6","3","0","current","c6410392edd5b83003dbde0a9e0f1626dbac5328","3c4eb5aa557927d8666f64a5ccf45de3609b074f89f8e4b1b3604a66d52a3654","vectorPerformance","positive32","Quantile","2","4","451689","4000","500","Complete","0.319891899","1.9899E-5","0.221157101","0.098714899","0.984375","0.005","2329615","4000","8049.572429524939","7585.9302215949265","10803.178568962107","1.001435614653514","0.019996657665890316","0","f2275fab90488b6e0703edb3fe7b6bef8718ce8c0b14a645dc9d2b61880d135c",""
"6","3","0","current","c6410392edd5b83003dbde0a9e0f1626dbac5328","3c4eb5aa557927d8666f64a5ccf45de3609b074f89f8e4b1b3604a66d52a3654","vectorPerformance","positive32","Quantile","4","-2","404175","4000","500","Complete","0.2348057","2.39E-5","0.180712","0.0540698","0.90625","0.008","2332703","4000","8030.260361578566","7443.725542312934","10980.95587684255","1.0012073242374708","0.03162578897149504","0","109d1589a3cfa1856056d074588bf62a00242342be20aaa02c7f9fa0c3d02464",""
"6","3","0","current","c6410392edd5b83003dbde0a9e0f1626dbac5328","3c4eb5aa557927d8666f64a5ccf45de3609b074f89f8e4b1b3604a66d52a3654","vectorPerformance","positive32","Quantile","4","-1","412094","4000","500","Complete","0.233006201","2.0501E-5","0.1790944","0.0538913","0.921875","0.007","2332056","4000","7849.260320702932","7497.08911341319","10218.844461352033","1.000850226319869","0.023734462941020107","0","2e7ae8f39b7d995378c03be6210919257cb3c5da65a71f7499cfe9fc1c43ddaa",""
"6","3","0","current","c6410392edd5b83003dbde0a9e0f1626dbac5328","3c4eb5aa557927d8666f64a5ccf45de3609b074f89f8e4b1b3604a66d52a3654","vectorPerformance","positive32","Quantile","4","0","420013","4000","500","Complete","0.234758601","1.9501E-5","0.1740797","0.0606594","1.15625","0.008","2331456","4000","8061.462008922536","7644.287188277893","10396.228328686206","1.000767355772193","0.026399068267307313","0","b1c80d02d980f561db28b8e8c75872a90bfe94527189f07f4dfe1c9226d272e5",""
"6","3","0","current","c6410392edd5b83003dbde0a9e0f1626dbac5328","3c4eb5aa557927d8666f64a5ccf45de3609b074f89f8e4b1b3604a66d52a3654","vectorPerformance","positive32","Quantile","4","1","427932","4000","500","Complete","0.2346566","2.19E-5","0.1799828","0.0546519","0.890625","0.005","2330866","4000","7748.716822064378","7364.471868294603","10702.763364386927","1.0006942215274883","0.030448865944532777","0","218737eae3e2da277e8b65fe3a76bd5f04046950597185a676bdc475001c1e46",""
"6","3","0","current","c6410392edd5b83003dbde0a9e0f1626dbac5328","3c4eb5aa557927d8666f64a5ccf45de3609b074f89f8e4b1b3604a66d52a3654","vectorPerformance","positive32","Quantile","4","2","435851","4000","500","Complete","0.239919101","2.1901E-5","0.175378","0.0645192","0.890625","0.007","2331863","4000","7994.761109518766","7444.795092892279","10756.070846197807","1.0010742652566522","0.026722483101742966","0","fb50892c47662c7c9c7473b45775635e782a20ef09488c3bc7f407bd559adfe3",""
"6","3","0","current","c6410392edd5b83003dbde0a9e0f1626dbac5328","3c4eb5aa557927d8666f64a5ccf45de3609b074f89f8e4b1b3604a66d52a3654","vectorPerformance","positive32","Quantile","4","3","443770","4000","500","Complete","0.239454801","1.9201E-5","0.1766938","0.0627418","1.21875","0.009","2331071","4000","8046.326204198977","7094.826103737033","10587.156707045673","1.0006492486922247","0.022192055198105076","0","ea829d033823c80e3ad79c2bf9f4c957103c19055e7f39ac840ae3dd8ecf7787",""
"6","3","0","current","c6410392edd5b83003dbde0a9e0f1626dbac5328","3c4eb5aa557927d8666f64a5ccf45de3609b074f89f8e4b1b3604a66d52a3654","vectorPerformance","positive32","Quantile","4","4","451689","4000","500","Complete","0.2346717","1.9299E-5","0.1727306","0.061921801","0.875","0.008","2329615","4000","8049.572429524939","7585.9302215949265","10803.178568962107","1.001435614653514","0.019996657665890316","0","f2275fab90488b6e0703edb3fe7b6bef8718ce8c0b14a645dc9d2b61880d135c",""
"7","3","1","baseline","eda9ebbaefdf404a3b7fdaa0c3105584d34b2373","38e02ddef01844140e3dfdfdd87733a37d26f59aeef6fcccc67fb13ed19a7d57","vectorPerformance","correlated32","GPSS","1","-2","404175","4000","500","Complete","0.4386443","3.62E-5","0.2077619","0.2308462","0.453125","0.004","265461","4000","645.117038188815","619.6601510130125","111.82974658890811","1.4709232708798055","0.0221888479832677","32","34ba7e81aae421fabb6d7abc8b37fed811e4c6a3b11b225e03c34135c20e5fab",""
"7","3","1","baseline","eda9ebbaefdf404a3b7fdaa0c3105584d34b2373","38e02ddef01844140e3dfdfdd87733a37d26f59aeef6fcccc67fb13ed19a7d57","vectorPerformance","correlated32","GPSS","1","-1","412094","4000","500","Complete","0.449373401","2.9601E-5","0.2026656","0.2466782","0.453125","0.005","260316","4000","564.5119782236644","553.9746471274595","68.93212740164371","1.6458772028336794","0.06977010736276656","32","0dd72e443f3b53513a682dd3fda3078d30eb3ca1e5546f164ad2b8797a0cc49f",""
"7","3","1","baseline","eda9ebbaefdf404a3b7fdaa0c3105584d34b2373","38e02ddef01844140e3dfdfdd87733a37d26f59aeef6fcccc67fb13ed19a7d57","vectorPerformance","correlated32","GPSS","1","0","420013","4000","500","Complete","0.443047","2.89E-5","0.208716499","0.234301601","0.453125","0.004","271170","4000","550.788691510793","462.92862585511017","31.898583590051008","1.6153232296497368","0.02539427674995709","32","4e32fd58fd10390b4e797c6902eed30b34036ec3e48184af25c550e5ecd201e4",""
"7","3","1","baseline","eda9ebbaefdf404a3b7fdaa0c3105584d34b2373","38e02ddef01844140e3dfdfdd87733a37d26f59aeef6fcccc67fb13ed19a7d57","vectorPerformance","correlated32","GPSS","1","1","427932","4000","500","Complete","0.4319333","2.95E-5","0.191447001","0.240456799","0.421875","0.006","243643","4000","728.9168563232058","707.6422054588379","37.327199337196575","1.394679319897266","0.014786962883091226","32","6556bc9a5258d4cf10554a8f1be0f66bc02b8dd465a89ab0179fc4a9bce27863",""
"7","3","1","baseline","eda9ebbaefdf404a3b7fdaa0c3105584d34b2373","38e02ddef01844140e3dfdfdd87733a37d26f59aeef6fcccc67fb13ed19a7d57","vectorPerformance","correlated32","GPSS","1","2","435851","4000","500","Complete","0.4370553","2.42E-5","0.1973158","0.2397153","0.4375","0.005","252525","4000","851.515000276373","802.0414367077282","72.65826721585422","1.3443798021720257","0.05441559245735261","32","241b3dbb9e14d1912d29f4167a0d49b5aac92799d098cc4aea7fd189aea591d5",""
"7","3","1","baseline","eda9ebbaefdf404a3b7fdaa0c3105584d34b2373","38e02ddef01844140e3dfdfdd87733a37d26f59aeef6fcccc67fb13ed19a7d57","vectorPerformance","correlated32","GPSS","1","3","443770","4000","500","Complete","0.434529499","2.29E-5","0.197914699","0.2365919","0.640625","0.005","252476","4000","579.6107666912351","519.1606176358861","80.32525737492834","1.1037679615355824","0.05661873010414342","32","e379cb80ecf5804cc22ddf166b2fd12dfc52cf394467b1b6e6cab088cb4ce1a7",""
"7","3","1","baseline","eda9ebbaefdf404a3b7fdaa0c3105584d34b2373","38e02ddef01844140e3dfdfdd87733a37d26f59aeef6fcccc67fb13ed19a7d57","vectorPerformance","correlated32","GPSS","1","4","451689","4000","500","Complete","0.4473649","2.2699E-5","0.2144088","0.232933401","0.453125","0.004","276146","4000","745.841296773472","687.9271641953604","73.67496547194912","1.1447391912214941","0.06804485983194875","32","d07f89bf5cc41c4bd92db0f6611a71a2eba9eae89a88327e3e8eeccefa31029b",""
"7","3","1","baseline","eda9ebbaefdf404a3b7fdaa0c3105584d34b2373","38e02ddef01844140e3dfdfdd87733a37d26f59aeef6fcccc67fb13ed19a7d57","vectorPerformance","correlated32","GPSS","2","-2","404175","4000","500","Complete","0.264316001","3.7601E-5","0.139380599","0.124897801","0.625","0.002","265461","4000","645.117038188815","619.6601510130125","111.82974658890811","1.4709232708798055","0.0221888479832677","32","34ba7e81aae421fabb6d7abc8b37fed811e4c6a3b11b225e03c34135c20e5fab",""
"7","3","1","baseline","eda9ebbaefdf404a3b7fdaa0c3105584d34b2373","38e02ddef01844140e3dfdfdd87733a37d26f59aeef6fcccc67fb13ed19a7d57","vectorPerformance","correlated32","GPSS","2","-1","412094","4000","500","Complete","0.2609839","2.78E-5","0.1329098","0.1280463","0.5","0.004","260316","4000","564.5119782236644","553.9746471274595","68.93212740164371","1.6458772028336794","0.06977010736276656","32","0dd72e443f3b53513a682dd3fda3078d30eb3ca1e5546f164ad2b8797a0cc49f",""
"7","3","1","baseline","eda9ebbaefdf404a3b7fdaa0c3105584d34b2373","38e02ddef01844140e3dfdfdd87733a37d26f59aeef6fcccc67fb13ed19a7d57","vectorPerformance","correlated32","GPSS","2","0","420013","4000","500","Complete","0.264154699","2.99E-5","0.1419476","0.122177199","0.515625","0.003","271170","4000","550.788691510793","462.92862585511017","31.898583590051008","1.6153232296497368","0.02539427674995709","32","4e32fd58fd10390b4e797c6902eed30b34036ec3e48184af25c550e5ecd201e4",""
"7","3","1","baseline","eda9ebbaefdf404a3b7fdaa0c3105584d34b2373","38e02ddef01844140e3dfdfdd87733a37d26f59aeef6fcccc67fb13ed19a7d57","vectorPerformance","correlated32","GPSS","2","1","427932","4000","500","Complete","0.257952301","5.6401E-5","0.1318334","0.1260625","0.515625","0.004","243643","4000","728.9168563232058","707.6422054588379","37.327199337196575","1.394679319897266","0.014786962883091226","32","6556bc9a5258d4cf10554a8f1be0f66bc02b8dd465a89ab0179fc4a9bce27863",""
"7","3","1","baseline","eda9ebbaefdf404a3b7fdaa0c3105584d34b2373","38e02ddef01844140e3dfdfdd87733a37d26f59aeef6fcccc67fb13ed19a7d57","vectorPerformance","correlated32","GPSS","2","2","435851","4000","500","Complete","0.2564497","2.31E-5","0.1337163","0.1227103","0.484375","0.002","252525","4000","851.515000276373","802.0414367077282","72.65826721585422","1.3443798021720257","0.05441559245735261","32","241b3dbb9e14d1912d29f4167a0d49b5aac92799d098cc4aea7fd189aea591d5",""
"7","3","1","baseline","eda9ebbaefdf404a3b7fdaa0c3105584d34b2373","38e02ddef01844140e3dfdfdd87733a37d26f59aeef6fcccc67fb13ed19a7d57","vectorPerformance","correlated32","GPSS","2","3","443770","4000","500","Complete","0.2585227","2.47E-5","0.1303717","0.1281263","0.484375","0.004","252476","4000","579.6107666912351","519.1606176358861","80.32525737492834","1.1037679615355824","0.05661873010414342","32","e379cb80ecf5804cc22ddf166b2fd12dfc52cf394467b1b6e6cab088cb4ce1a7",""
"7","3","1","baseline","eda9ebbaefdf404a3b7fdaa0c3105584d34b2373","38e02ddef01844140e3dfdfdd87733a37d26f59aeef6fcccc67fb13ed19a7d57","vectorPerformance","correlated32","GPSS","2","4","451689","4000","500","Complete","0.2656866","2.3399E-5","0.140579401","0.1250838","0.515625","0.002","276146","4000","745.841296773472","687.9271641953604","73.67496547194912","1.1447391912214941","0.06804485983194875","32","d07f89bf5cc41c4bd92db0f6611a71a2eba9eae89a88327e3e8eeccefa31029b",""
"7","3","1","baseline","eda9ebbaefdf404a3b7fdaa0c3105584d34b2373","38e02ddef01844140e3dfdfdd87733a37d26f59aeef6fcccc67fb13ed19a7d57","vectorPerformance","correlated32","GPSS","4","-2","404175","4000","500","Complete","0.196712899","3.29E-5","0.1269714","0.069708599","0.8125","0.003","265461","4000","645.117038188815","619.6601510130125","111.82974658890811","1.4709232708798055","0.0221888479832677","32","34ba7e81aae421fabb6d7abc8b37fed811e4c6a3b11b225e03c34135c20e5fab",""
"7","3","1","baseline","eda9ebbaefdf404a3b7fdaa0c3105584d34b2373","38e02ddef01844140e3dfdfdd87733a37d26f59aeef6fcccc67fb13ed19a7d57","vectorPerformance","correlated32","GPSS","4","-1","412094","4000","500","Complete","0.1994099","3.1E-5","0.1278342","0.0715447","0.78125","0.002","260316","4000","564.5119782236644","553.9746471274595","68.93212740164371","1.6458772028336794","0.06977010736276656","32","0dd72e443f3b53513a682dd3fda3078d30eb3ca1e5546f164ad2b8797a0cc49f",""
"7","3","1","baseline","eda9ebbaefdf404a3b7fdaa0c3105584d34b2373","38e02ddef01844140e3dfdfdd87733a37d26f59aeef6fcccc67fb13ed19a7d57","vectorPerformance","correlated32","GPSS","4","0","420013","4000","500","Complete","0.203618","3.08E-5","0.1297069","0.0738803","0.78125","0.004","271170","4000","550.788691510793","462.92862585511017","31.898583590051008","1.6153232296497368","0.02539427674995709","32","4e32fd58fd10390b4e797c6902eed30b34036ec3e48184af25c550e5ecd201e4",""
"7","3","1","baseline","eda9ebbaefdf404a3b7fdaa0c3105584d34b2373","38e02ddef01844140e3dfdfdd87733a37d26f59aeef6fcccc67fb13ed19a7d57","vectorPerformance","correlated32","GPSS","4","1","427932","4000","500","Complete","0.1940772","2.96E-5","0.1207255","0.0733221","0.734375","0.002","243643","4000","728.9168563232058","707.6422054588379","37.327199337196575","1.394679319897266","0.014786962883091226","32","6556bc9a5258d4cf10554a8f1be0f66bc02b8dd465a89ab0179fc4a9bce27863",""
"7","3","1","baseline","eda9ebbaefdf404a3b7fdaa0c3105584d34b2373","38e02ddef01844140e3dfdfdd87733a37d26f59aeef6fcccc67fb13ed19a7d57","vectorPerformance","correlated32","GPSS","4","2","435851","4000","500","Complete","0.2017918","5.02E-5","0.1234299","0.0783117","1.09375","0.005","252525","4000","851.515000276373","802.0414367077282","72.65826721585422","1.3443798021720257","0.05441559245735261","32","241b3dbb9e14d1912d29f4167a0d49b5aac92799d098cc4aea7fd189aea591d5",""
"7","3","1","baseline","eda9ebbaefdf404a3b7fdaa0c3105584d34b2373","38e02ddef01844140e3dfdfdd87733a37d26f59aeef6fcccc67fb13ed19a7d57","vectorPerformance","correlated32","GPSS","4","3","443770","4000","500","Complete","0.1939169","2.19E-5","0.1238524","0.0700426","0.640625","0.004","252476","4000","579.6107666912351","519.1606176358861","80.32525737492834","1.1037679615355824","0.05661873010414342","32","e379cb80ecf5804cc22ddf166b2fd12dfc52cf394467b1b6e6cab088cb4ce1a7",""
"7","3","1","baseline","eda9ebbaefdf404a3b7fdaa0c3105584d34b2373","38e02ddef01844140e3dfdfdd87733a37d26f59aeef6fcccc67fb13ed19a7d57","vectorPerformance","correlated32","GPSS","4","4","451689","4000","500","Complete","0.203769199","2.39E-5","0.1329984","0.070746899","0.8125","0.003","276146","4000","745.841296773472","687.9271641953604","73.67496547194912","1.1447391912214941","0.06804485983194875","32","d07f89bf5cc41c4bd92db0f6611a71a2eba9eae89a88327e3e8eeccefa31029b",""
"7","3","1","baseline","eda9ebbaefdf404a3b7fdaa0c3105584d34b2373","38e02ddef01844140e3dfdfdd87733a37d26f59aeef6fcccc67fb13ed19a7d57","vectorPerformance","correlated32","Quantile","1","-2","404175","4000","500","Complete","1.4647351","2.0E-5","1.2165632","0.2481519","1.53125","0.022","3282856","4000","23.797668269094697","23.991783455481954","49.25430937145106","1.1516283632440742","0.3728865535403717","32","a76e28f6e88c6be3891bdc833beb8d8d0a1740b95f0935a4806e8ab65d3c899c",""
"7","3","1","baseline","eda9ebbaefdf404a3b7fdaa0c3105584d34b2373","38e02ddef01844140e3dfdfdd87733a37d26f59aeef6fcccc67fb13ed19a7d57","vectorPerformance","correlated32","Quantile","1","-1","412094","4000","500","Complete","1.429958001","2.0601E-5","1.1840785","0.2458589","1.40625","0.021","3230583","4000","31.726513907349148","31.532168002260388","97.16989966673968","1.0798839490509835","0.08306741567350584","32","f9ed8df14134bddcfbb2d40aa6e479cfbaad40e1882750767724d2bc52df3b34",""
"7","3","1","baseline","eda9ebbaefdf404a3b7fdaa0c3105584d34b2373","38e02ddef01844140e3dfdfdd87733a37d26f59aeef6fcccc67fb13ed19a7d57","vectorPerformance","correlated32","Quantile","1","0","420013","4000","500","Complete","1.4225198","2.5001E-5","1.1816934","0.240801399","1.875","0.021","3251733","4000","36.23737925347603","37.074760300245536","94.41153342442881","1.094481746270784","0.006936160462634622","32","70f5117f96cd02d2870b347963ec61f489004b4e752f979286b6bbb78357a72b",""
"7","3","1","baseline","eda9ebbaefdf404a3b7fdaa0c3105584d34b2373","38e02ddef01844140e3dfdfdd87733a37d26f59aeef6fcccc67fb13ed19a7d57","vectorPerformance","correlated32","Quantile","1","1","427932","4000","500","Complete","1.499140899","2.04E-5","1.2580357","0.241084799","1.828125","0.028","3236479","4000","31.801672449893193","32.058114379350506","84.74388663935426","1.0852433257313874","0.03363458703623934","32","9361e774d845e114d77fdb68cfdc974ca4f240b9ee801485b53bd51fdc75e4ee",""
"7","3","1","baseline","eda9ebbaefdf404a3b7fdaa0c3105584d34b2373","38e02ddef01844140e3dfdfdd87733a37d26f59aeef6fcccc67fb13ed19a7d57","vectorPerformance","correlated32","Quantile","1","2","435851","4000","500","Complete","1.4252577","2.16E-5","1.1748728","0.2503633","1.796875","0.021","3213584","4000","18.827593772089372","19.418977153927276","144.36214774069362","1.1856715933721973","0.22462708158086309","32","be8072aea54a06faab2c2090774614aa1ad4df6564d26d325be8e1037fc3c851",""
"7","3","1","baseline","eda9ebbaefdf404a3b7fdaa0c3105584d34b2373","38e02ddef01844140e3dfdfdd87733a37d26f59aeef6fcccc67fb13ed19a7d57","vectorPerformance","correlated32","Quantile","1","3","443770","4000","500","Complete","1.468180101","2.1101E-5","1.215745999","0.252413001","1.46875","0.021","3292746","4000","8.551688513959126","8.66542172384507","23.37880092498311","1.3883316083476982","0.08359316129464744","32","3ae74ba297dfc21cabfcf0707b44b409c98d3bd3f9dfc2b6af98aa1fde2b375a",""
"7","3","1","baseline","eda9ebbaefdf404a3b7fdaa0c3105584d34b2373","38e02ddef01844140e3dfdfdd87733a37d26f59aeef6fcccc67fb13ed19a7d57","vectorPerformance","correlated32","Quantile","1","4","451689","4000","500","Complete","1.4217267","2.1799E-5","1.175813801","0.2458911","1.453125","0.019","3210555","4000","32.00943946980557","33.91863557210035","93.00550074538009","1.0837128123690845","0.1407722816405288","32","6de2fd21c7960b9d9708ca419e8aba6e1a90d027a2db52b77e66a4a749ca160e",""
"7","3","1","baseline","eda9ebbaefdf404a3b7fdaa0c3105584d34b2373","38e02ddef01844140e3dfdfdd87733a37d26f59aeef6fcccc67fb13ed19a7d57","vectorPerformance","correlated32","Quantile","2","-2","404175","4000","500","Complete","0.968357699","2.0099E-5","0.835720301","0.132617299","2.265625","0.018","3282856","4000","23.797668269094697","23.991783455481954","49.25430937145106","1.1516283632440742","0.3728865535403717","32","a76e28f6e88c6be3891bdc833beb8d8d0a1740b95f0935a4806e8ab65d3c899c",""
"7","3","1","baseline","eda9ebbaefdf404a3b7fdaa0c3105584d34b2373","38e02ddef01844140e3dfdfdd87733a37d26f59aeef6fcccc67fb13ed19a7d57","vectorPerformance","correlated32","Quantile","2","-1","412094","4000","500","Complete","0.9560178","1.92E-5","0.8236151","0.1323835","2.21875","0.018","3230583","4000","31.726513907349148","31.532168002260388","97.16989966673968","1.0798839490509835","0.08306741567350584","32","f9ed8df14134bddcfbb2d40aa6e479cfbaad40e1882750767724d2bc52df3b34",""
"7","3","1","baseline","eda9ebbaefdf404a3b7fdaa0c3105584d34b2373","38e02ddef01844140e3dfdfdd87733a37d26f59aeef6fcccc67fb13ed19a7d57","vectorPerformance","correlated32","Quantile","2","0","420013","4000","500","Complete","0.9620353","1.91E-5","0.8315887","0.1304275","1.9375","0.019","3251733","4000","36.23737925347603","37.074760300245536","94.41153342442881","1.094481746270784","0.006936160462634622","32","70f5117f96cd02d2870b347963ec61f489004b4e752f979286b6bbb78357a72b",""
"7","3","1","baseline","eda9ebbaefdf404a3b7fdaa0c3105584d34b2373","38e02ddef01844140e3dfdfdd87733a37d26f59aeef6fcccc67fb13ed19a7d57","vectorPerformance","correlated32","Quantile","2","1","427932","4000","500","Complete","0.9516502","2.23E-5","0.825075699","0.126552201","1.875","0.018","3236479","4000","31.801672449893193","32.058114379350506","84.74388663935426","1.0852433257313874","0.03363458703623934","32","9361e774d845e114d77fdb68cfdc974ca4f240b9ee801485b53bd51fdc75e4ee",""
"7","3","1","baseline","eda9ebbaefdf404a3b7fdaa0c3105584d34b2373","38e02ddef01844140e3dfdfdd87733a37d26f59aeef6fcccc67fb13ed19a7d57","vectorPerformance","correlated32","Quantile","2","2","435851","4000","500","Complete","0.954597199","2.28E-5","0.8191245","0.135449899","2.21875","0.018","3213584","4000","18.827593772089372","19.418977153927276","144.36214774069362","1.1856715933721973","0.22462708158086309","32","be8072aea54a06faab2c2090774614aa1ad4df6564d26d325be8e1037fc3c851",""
"7","3","1","baseline","eda9ebbaefdf404a3b7fdaa0c3105584d34b2373","38e02ddef01844140e3dfdfdd87733a37d26f59aeef6fcccc67fb13ed19a7d57","vectorPerformance","correlated32","Quantile","2","3","443770","4000","500","Complete","0.9782059","2.2199E-5","0.837634","0.140549701","2.609375","0.02","3292746","4000","8.551688513959126","8.66542172384507","23.37880092498311","1.3883316083476982","0.08359316129464744","32","3ae74ba297dfc21cabfcf0707b44b409c98d3bd3f9dfc2b6af98aa1fde2b375a",""
"7","3","1","baseline","eda9ebbaefdf404a3b7fdaa0c3105584d34b2373","38e02ddef01844140e3dfdfdd87733a37d26f59aeef6fcccc67fb13ed19a7d57","vectorPerformance","correlated32","Quantile","2","4","451689","4000","500","Complete","0.9499593","1.94E-5","0.8125746","0.1373653","1.859375","0.018","3210555","4000","32.00943946980557","33.91863557210035","93.00550074538009","1.0837128123690845","0.1407722816405288","32","6de2fd21c7960b9d9708ca419e8aba6e1a90d027a2db52b77e66a4a749ca160e",""
"7","3","1","baseline","eda9ebbaefdf404a3b7fdaa0c3105584d34b2373","38e02ddef01844140e3dfdfdd87733a37d26f59aeef6fcccc67fb13ed19a7d57","vectorPerformance","correlated32","Quantile","4","-2","404175","4000","500","Complete","0.8867481","2.38E-5","0.8137749","0.0729494","3.75","0.016","3282856","4000","23.797668269094697","23.991783455481954","49.25430937145106","1.1516283632440742","0.3728865535403717","32","a76e28f6e88c6be3891bdc833beb8d8d0a1740b95f0935a4806e8ab65d3c899c",""
"7","3","1","baseline","eda9ebbaefdf404a3b7fdaa0c3105584d34b2373","38e02ddef01844140e3dfdfdd87733a37d26f59aeef6fcccc67fb13ed19a7d57","vectorPerformance","correlated32","Quantile","4","-1","412094","4000","500","Complete","0.861312601","3.3901E-5","0.7839241","0.0773546","3.6875","0.016","3230583","4000","31.726513907349148","31.532168002260388","97.16989966673968","1.0798839490509835","0.08306741567350584","32","f9ed8df14134bddcfbb2d40aa6e479cfbaad40e1882750767724d2bc52df3b34",""
"7","3","1","baseline","eda9ebbaefdf404a3b7fdaa0c3105584d34b2373","38e02ddef01844140e3dfdfdd87733a37d26f59aeef6fcccc67fb13ed19a7d57","vectorPerformance","correlated32","Quantile","4","0","420013","4000","500","Complete","0.8771739","2.0999E-5","0.805309701","0.0718432","3.453125","0.017","3251733","4000","36.23737925347603","37.074760300245536","94.41153342442881","1.094481746270784","0.006936160462634622","32","70f5117f96cd02d2870b347963ec61f489004b4e752f979286b6bbb78357a72b",""
"7","3","1","baseline","eda9ebbaefdf404a3b7fdaa0c3105584d34b2373","38e02ddef01844140e3dfdfdd87733a37d26f59aeef6fcccc67fb13ed19a7d57","vectorPerformance","correlated32","Quantile","4","1","427932","4000","500","Complete","0.8639581","2.0E-5","0.7946951","0.069243","3.40625","0.017","3236479","4000","31.801672449893193","32.058114379350506","84.74388663935426","1.0852433257313874","0.03363458703623934","32","9361e774d845e114d77fdb68cfdc974ca4f240b9ee801485b53bd51fdc75e4ee",""
"7","3","1","baseline","eda9ebbaefdf404a3b7fdaa0c3105584d34b2373","38e02ddef01844140e3dfdfdd87733a37d26f59aeef6fcccc67fb13ed19a7d57","vectorPerformance","correlated32","Quantile","4","2","435851","4000","500","Complete","0.866507099","2.36E-5","0.7859667","0.080516799","4.328125","0.017","3213584","4000","18.827593772089372","19.418977153927276","144.36214774069362","1.1856715933721973","0.22462708158086309","32","be8072aea54a06faab2c2090774614aa1ad4df6564d26d325be8e1037fc3c851",""
"7","3","1","baseline","eda9ebbaefdf404a3b7fdaa0c3105584d34b2373","38e02ddef01844140e3dfdfdd87733a37d26f59aeef6fcccc67fb13ed19a7d57","vectorPerformance","correlated32","Quantile","4","3","443770","4000","500","Complete","0.8926706","2.15E-5","0.814965699","0.077683401","4.671875","0.018","3292746","4000","8.551688513959126","8.66542172384507","23.37880092498311","1.3883316083476982","0.08359316129464744","32","3ae74ba297dfc21cabfcf0707b44b409c98d3bd3f9dfc2b6af98aa1fde2b375a",""
"7","3","1","baseline","eda9ebbaefdf404a3b7fdaa0c3105584d34b2373","38e02ddef01844140e3dfdfdd87733a37d26f59aeef6fcccc67fb13ed19a7d57","vectorPerformance","correlated32","Quantile","4","4","451689","4000","500","Complete","0.8710705","2.1E-5","0.7919672","0.0790823","3.6875","0.018","3210555","4000","32.00943946980557","33.91863557210035","93.00550074538009","1.0837128123690845","0.1407722816405288","32","6de2fd21c7960b9d9708ca419e8aba6e1a90d027a2db52b77e66a4a749ca160e",""
"7","3","1","baseline","eda9ebbaefdf404a3b7fdaa0c3105584d34b2373","38e02ddef01844140e3dfdfdd87733a37d26f59aeef6fcccc67fb13ed19a7d57","vectorPerformance","gaussian32","GPSS","1","-2","404175","4000","500","Complete","0.347251399","4.23E-5","0.0979991","0.249209999","0.5","0.005","139155","4000","14560.87743232489","14566.888663880416","9030.296419517286","1.0011086994050007","0.013020088729037094","0","f3ae7e88a3469d95a481057ff78725be41612c1e7bdf2f3d1a7c73f5a42981cf",""
"7","3","1","baseline","eda9ebbaefdf404a3b7fdaa0c3105584d34b2373","38e02ddef01844140e3dfdfdd87733a37d26f59aeef6fcccc67fb13ed19a7d57","vectorPerformance","gaussian32","GPSS","1","-1","412094","4000","500","Complete","0.3479241","4.0099E-5","0.097301601","0.2505824","0.34375","0.006","138730","4000","14723.327722756223","14738.615855733822","8857.898575485036","1.0012097458367082","0.014860253936955947","0","6d85793e19e5639b0a7430ab942ac98e6519fa4be0fbcee8a8930a2af289299d",""
"7","3","1","baseline","eda9ebbaefdf404a3b7fdaa0c3105584d34b2373","38e02ddef01844140e3dfdfdd87733a37d26f59aeef6fcccc67fb13ed19a7d57","vectorPerformance","gaussian32","GPSS","1","0","420013","4000","500","Complete","0.347445699","4.2399E-5","0.0970203","0.250383","0.359375","0.003","138723","4000","14789.309502344258","14770.299991933614","8878.031772176253","1.0012114173589253","0.02042856356087519","0","fb030bc811389f4cc0c40b053f280c25c0c5e58babb6d5eb761947efb8511783",""
"7","3","1","baseline","eda9ebbaefdf404a3b7fdaa0c3105584d34b2373","38e02ddef01844140e3dfdfdd87733a37d26f59aeef6fcccc67fb13ed19a7d57","vectorPerformance","gaussian32","GPSS","1","1","427932","4000","500","Complete","0.3465642","3.95E-5","0.0984483","0.2480764","0.359375","0.004","138788","4000","15028.158264845573","15037.33690560915","9075.6220980371","1.0011653829278853","0.016607695975976222","0","3d0bccbf5e695e5e8a5d89fa29a1a353b231a8693474ffa5e1944f58eee51881",""
"7","3","1","baseline","eda9ebbaefdf404a3b7fdaa0c3105584d34b2373","38e02ddef01844140e3dfdfdd87733a37d26f59aeef6fcccc67fb13ed19a7d57","vectorPerformance","gaussian32","GPSS","1","2","435851","4000","500","Complete","0.3463795","3.6601E-5","0.096570399","0.2497725","0.390625","0.005","138703","4000","14933.892470949851","14950.607747787408","8635.192267898514","1.001735370997425","0.021490044822388643","0","603bdfe20f551e62d9c5fbc68e896eb978d3c40134ec7e7cbc17b062760b5957",""
"7","3","1","baseline","eda9ebbaefdf404a3b7fdaa0c3105584d34b2373","38e02ddef01844140e3dfdfdd87733a37d26f59aeef6fcccc67fb13ed19a7d57","vectorPerformance","gaussian32","GPSS","1","3","443770","4000","500","Complete","0.343391499","3.6699E-5","0.098767","0.2445878","0.359375","0.002","138777","4000","15223.671841621832","15221.605805391002","9210.378340418303","1.0015395267295784","0.016172276604625724","0","2ead94f9fc645301334f7309cfcc4f5b6e54cfdca48deed2f7e56fe38456b29a",""
"7","3","1","baseline","eda9ebbaefdf404a3b7fdaa0c3105584d34b2373","38e02ddef01844140e3dfdfdd87733a37d26f59aeef6fcccc67fb13ed19a7d57","vectorPerformance","gaussian32","GPSS","1","4","451689","4000","500","Complete","0.3445456","3.65E-5","0.0963768","0.2481323","0.34375","0.004","138750","4000","14345.553258947568","14342.778169951296","8945.28266108745","1.0011866456042022","0.01864774016529802","0","d4278b864a0c0454d1730a6de2433aebfa0ebf5de90d82ef8563be3b95ce2d1a",""
"7","3","1","baseline","eda9ebbaefdf404a3b7fdaa0c3105584d34b2373","38e02ddef01844140e3dfdfdd87733a37d26f59aeef6fcccc67fb13ed19a7d57","vectorPerformance","gaussian32","GPSS","2","-2","404175","4000","500","Complete","0.1998843","7.14E-5","0.067481899","0.132331001","0.46875","0.002","139155","4000","14560.87743232489","14566.888663880416","9030.296419517286","1.0011086994050007","0.013020088729037094","0","f3ae7e88a3469d95a481057ff78725be41612c1e7bdf2f3d1a7c73f5a42981cf",""
"7","3","1","baseline","eda9ebbaefdf404a3b7fdaa0c3105584d34b2373","38e02ddef01844140e3dfdfdd87733a37d26f59aeef6fcccc67fb13ed19a7d57","vectorPerformance","gaussian32","GPSS","2","-1","412094","4000","500","Complete","0.1919675","3.9299E-5","0.066731101","0.1251971","0.40625","0.003","138730","4000","14723.327722756223","14738.615855733822","8857.898575485036","1.0012097458367082","0.014860253936955947","0","6d85793e19e5639b0a7430ab942ac98e6519fa4be0fbcee8a8930a2af289299d",""
"7","3","1","baseline","eda9ebbaefdf404a3b7fdaa0c3105584d34b2373","38e02ddef01844140e3dfdfdd87733a37d26f59aeef6fcccc67fb13ed19a7d57","vectorPerformance","gaussian32","GPSS","2","0","420013","4000","500","Complete","0.190356401","3.6401E-5","0.0648137","0.1255063","0.375","0.002","138723","4000","14789.309502344258","14770.299991933614","8878.031772176253","1.0012114173589253","0.02042856356087519","0","fb030bc811389f4cc0c40b053f280c25c0c5e58babb6d5eb761947efb8511783",""
"7","3","1","baseline","eda9ebbaefdf404a3b7fdaa0c3105584d34b2373","38e02ddef01844140e3dfdfdd87733a37d26f59aeef6fcccc67fb13ed19a7d57","vectorPerformance","gaussian32","GPSS","2","1","427932","4000","500","Complete","0.1955384","3.5999E-5","0.064318","0.131184401","0.375","0.004","138788","4000","15028.158264845573","15037.33690560915","9075.6220980371","1.0011653829278853","0.016607695975976222","0","3d0bccbf5e695e5e8a5d89fa29a1a353b231a8693474ffa5e1944f58eee51881",""
"7","3","1","baseline","eda9ebbaefdf404a3b7fdaa0c3105584d34b2373","38e02ddef01844140e3dfdfdd87733a37d26f59aeef6fcccc67fb13ed19a7d57","vectorPerformance","gaussian32","GPSS","2","2","435851","4000","500","Complete","0.197763","3.55E-5","0.066161499","0.131566001","0.40625","0.005","138703","4000","14933.892470949851","14950.607747787408","8635.192267898514","1.001735370997425","0.021490044822388643","0","603bdfe20f551e62d9c5fbc68e896eb978d3c40134ec7e7cbc17b062760b5957",""
"7","3","1","baseline","eda9ebbaefdf404a3b7fdaa0c3105584d34b2373","38e02ddef01844140e3dfdfdd87733a37d26f59aeef6fcccc67fb13ed19a7d57","vectorPerformance","gaussian32","GPSS","2","3","443770","4000","500","Complete","0.198187","3.7301E-5","0.064757799","0.1333919","0.734375","0.004","138777","4000","15223.671841621832","15221.605805391002","9210.378340418303","1.0015395267295784","0.016172276604625724","0","2ead94f9fc645301334f7309cfcc4f5b6e54cfdca48deed2f7e56fe38456b29a",""
"7","3","1","baseline","eda9ebbaefdf404a3b7fdaa0c3105584d34b2373","38e02ddef01844140e3dfdfdd87733a37d26f59aeef6fcccc67fb13ed19a7d57","vectorPerformance","gaussian32","GPSS","2","4","451689","4000","500","Complete","0.197903699","4.53E-5","0.063596","0.134262399","0.734375","0.004","138750","4000","14345.553258947568","14342.778169951296","8945.28266108745","1.0011866456042022","0.01864774016529802","0","d4278b864a0c0454d1730a6de2433aebfa0ebf5de90d82ef8563be3b95ce2d1a",""
"7","3","1","baseline","eda9ebbaefdf404a3b7fdaa0c3105584d34b2373","38e02ddef01844140e3dfdfdd87733a37d26f59aeef6fcccc67fb13ed19a7d57","vectorPerformance","gaussian32","GPSS","4","-2","404175","4000","500","Complete","0.1347598","3.87E-5","0.0576351","0.077086","0.796875","0.004","139155","4000","14560.87743232489","14566.888663880416","9030.296419517286","1.0011086994050007","0.013020088729037094","0","f3ae7e88a3469d95a481057ff78725be41612c1e7bdf2f3d1a7c73f5a42981cf",""
"7","3","1","baseline","eda9ebbaefdf404a3b7fdaa0c3105584d34b2373","38e02ddef01844140e3dfdfdd87733a37d26f59aeef6fcccc67fb13ed19a7d57","vectorPerformance","gaussian32","GPSS","4","-1","412094","4000","500","Complete","0.130369599","4.8799E-5","0.059414401","0.070906399","0.546875","0.003","138730","4000","14723.327722756223","14738.615855733822","8857.898575485036","1.0012097458367082","0.014860253936955947","0","6d85793e19e5639b0a7430ab942ac98e6519fa4be0fbcee8a8930a2af289299d",""
"7","3","1","baseline","eda9ebbaefdf404a3b7fdaa0c3105584d34b2373","38e02ddef01844140e3dfdfdd87733a37d26f59aeef6fcccc67fb13ed19a7d57","vectorPerformance","gaussian32","GPSS","4","0","420013","4000","500","Complete","0.1375477","3.84E-5","0.0595322","0.0779771","0.5","0.004","138723","4000","14789.309502344258","14770.299991933614","8878.031772176253","1.0012114173589253","0.02042856356087519","0","fb030bc811389f4cc0c40b053f280c25c0c5e58babb6d5eb761947efb8511783",""
"7","3","1","baseline","eda9ebbaefdf404a3b7fdaa0c3105584d34b2373","38e02ddef01844140e3dfdfdd87733a37d26f59aeef6fcccc67fb13ed19a7d57","vectorPerformance","gaussian32","GPSS","4","1","427932","4000","500","Complete","0.128559101","3.4001E-5","0.0590549","0.0694702","0.828125","0.003","138788","4000","15028.158264845573","15037.33690560915","9075.6220980371","1.0011653829278853","0.016607695975976222","0","3d0bccbf5e695e5e8a5d89fa29a1a353b231a8693474ffa5e1944f58eee51881",""
"7","3","1","baseline","eda9ebbaefdf404a3b7fdaa0c3105584d34b2373","38e02ddef01844140e3dfdfdd87733a37d26f59aeef6fcccc67fb13ed19a7d57","vectorPerformance","gaussian32","GPSS","4","2","435851","4000","500","Complete","0.128672","3.59E-5","0.0591104","0.0695257","0.453125","0.002","138703","4000","14933.892470949851","14950.607747787408","8635.192267898514","1.001735370997425","0.021490044822388643","0","603bdfe20f551e62d9c5fbc68e896eb978d3c40134ec7e7cbc17b062760b5957",""
"7","3","1","baseline","eda9ebbaefdf404a3b7fdaa0c3105584d34b2373","38e02ddef01844140e3dfdfdd87733a37d26f59aeef6fcccc67fb13ed19a7d57","vectorPerformance","gaussian32","GPSS","4","3","443770","4000","500","Complete","0.132298899","4.17E-5","0.0603151","0.071942099","0.546875","0.003","138777","4000","15223.671841621832","15221.605805391002","9210.378340418303","1.0015395267295784","0.016172276604625724","0","2ead94f9fc645301334f7309cfcc4f5b6e54cfdca48deed2f7e56fe38456b29a",""
"7","3","1","baseline","eda9ebbaefdf404a3b7fdaa0c3105584d34b2373","38e02ddef01844140e3dfdfdd87733a37d26f59aeef6fcccc67fb13ed19a7d57","vectorPerformance","gaussian32","GPSS","4","4","451689","4000","500","Complete","0.130150401","4.2701E-5","0.0589227","0.071185","0.5625","0.002","138750","4000","14345.553258947568","14342.778169951296","8945.28266108745","1.0011866456042022","0.01864774016529802","0","d4278b864a0c0454d1730a6de2433aebfa0ebf5de90d82ef8563be3b95ce2d1a",""
"7","3","1","baseline","eda9ebbaefdf404a3b7fdaa0c3105584d34b2373","38e02ddef01844140e3dfdfdd87733a37d26f59aeef6fcccc67fb13ed19a7d57","vectorPerformance","gaussian32","Quantile","1","-2","404175","4000","500","Complete","0.652697301","3.08E-5","0.402730701","0.2499358","0.703125","0.012","1753214","4000","15219.008327321226","15213.744919585897","12194.607218487616","1.0007110848254097","0.01623649007724448","0","cecc6b4fda00565adaade6079bd9a81eec1cb5425a7364f3a4652f8f1fe688e7",""
"7","3","1","baseline","eda9ebbaefdf404a3b7fdaa0c3105584d34b2373","38e02ddef01844140e3dfdfdd87733a37d26f59aeef6fcccc67fb13ed19a7d57","vectorPerformance","gaussian32","Quantile","1","-1","412094","4000","500","Complete","0.6399675","2.97E-5","0.3918025","0.2481353","0.671875","0.012","1754500","4000","14374.340793710559","14390.679914776822","12593.727427588436","1.0005481375625007","0.020322296447435884","0","710b12b4b32c1d00e33cda313ee3aca4afb06968f65bf5b1d672fd6109f4f43f",""
"7","3","1","baseline","eda9ebbaefdf404a3b7fdaa0c3105584d34b2373","38e02ddef01844140e3dfdfdd87733a37d26f59aeef6fcccc67fb13ed19a7d57","vectorPerformance","gaussian32","Quantile","1","0","420013","4000","500","Complete","0.6593811","2.7E-5","0.4080145","0.2513396","0.65625","0.014","1751135","4000","14804.415700401843","14796.384417892554","11674.348877600554","1.0004842070731996","0.017149474216242355","0","7163a65543816d08a23c844d2762c1967e2f734b4748129ec7bdf89e140df8b4",""
"7","3","1","baseline","eda9ebbaefdf404a3b7fdaa0c3105584d34b2373","38e02ddef01844140e3dfdfdd87733a37d26f59aeef6fcccc67fb13ed19a7d57","vectorPerformance","gaussian32","Quantile","1","1","427932","4000","500","Complete","0.6379055","2.82E-5","0.3870337","0.2508436","1.0","0.012","1751119","4000","15119.429112419593","15129.482098788952","12424.352542458728","1.000588248721186","0.024238503591598903","0","e468486f9c3bce272356b47328af805b6315b0ce0dcec0ba389ad1cc6e773090",""
"7","3","1","baseline","eda9ebbaefdf404a3b7fdaa0c3105584d34b2373","38e02ddef01844140e3dfdfdd87733a37d26f59aeef6fcccc67fb13ed19a7d57","vectorPerformance","gaussian32","Quantile","1","2","435851","4000","500","Complete","0.639169201","3.07E-5","0.394056201","0.2450823","1.0","0.01","1754043","4000","14654.09636813213","14648.796726473445","11630.775114295944","1.0006045524861327","0.019982935899345466","0","f17849dd0d6937ddb28ce5136301623e9a5b8e9dd4ad54fb96a198cfdc5f0c6a",""
"7","3","1","baseline","eda9ebbaefdf404a3b7fdaa0c3105584d34b2373","38e02ddef01844140e3dfdfdd87733a37d26f59aeef6fcccc67fb13ed19a7d57","vectorPerformance","gaussian32","Quantile","1","3","443770","4000","500","Complete","0.6426044","3.2699E-5","0.392467901","0.2501038","0.984375","0.014","1754067","4000","14670.955292689816","14672.094230083088","12113.52110906072","1.0003997605716526","0.012117200485737945","0","8d191d73493e7fb3ede8cea18ccac7e017f7700706ef9c9f8b699e07b2804d14",""
"7","3","1","baseline","eda9ebbaefdf404a3b7fdaa0c3105584d34b2373","38e02ddef01844140e3dfdfdd87733a37d26f59aeef6fcccc67fb13ed19a7d57","vectorPerformance","gaussian32","Quantile","1","4","451689","4000","500","Complete","0.6397102","2.7801E-5","0.3905725","0.249109899","0.96875","0.012","1751661","4000","14424.859583462046","14417.997752939862","12128.296452895833","1.0007982696988702","0.02835365482901797","0","b8ea3b62393883b214271958061a644368686dc583e5f2e33e5eafdc7a65f17e",""
"7","3","1","baseline","eda9ebbaefdf404a3b7fdaa0c3105584d34b2373","38e02ddef01844140e3dfdfdd87733a37d26f59aeef6fcccc67fb13ed19a7d57","vectorPerformance","gaussian32","Quantile","2","-2","404175","4000","500","Complete","0.4478121","8.8E-5","0.3171296","0.1305945","1.578125","0.015","1753214","4000","15219.008327321226","15213.744919585897","12194.607218487616","1.0007110848254097","0.01623649007724448","0","cecc6b4fda00565adaade6079bd9a81eec1cb5425a7364f3a4652f8f1fe688e7",""
"7","3","1","baseline","eda9ebbaefdf404a3b7fdaa0c3105584d34b2373","38e02ddef01844140e3dfdfdd87733a37d26f59aeef6fcccc67fb13ed19a7d57","vectorPerformance","gaussian32","Quantile","2","-1","412094","4000","500","Complete","0.442073799","2.7E-5","0.307462099","0.1345847","0.9375","0.012","1754500","4000","14374.340793710559","14390.679914776822","12593.727427588436","1.0005481375625007","0.020322296447435884","0","710b12b4b32c1d00e33cda313ee3aca4afb06968f65bf5b1d672fd6109f4f43f",""
"7","3","1","baseline","eda9ebbaefdf404a3b7fdaa0c3105584d34b2373","38e02ddef01844140e3dfdfdd87733a37d26f59aeef6fcccc67fb13ed19a7d57","vectorPerformance","gaussian32","Quantile","2","0","420013","4000","500","Complete","0.4371654","2.85E-5","0.3087171","0.1284198","0.875","0.01","1751135","4000","14804.415700401843","14796.384417892554","11674.348877600554","1.0004842070731996","0.017149474216242355","0","7163a65543816d08a23c844d2762c1967e2f734b4748129ec7bdf89e140df8b4",""
"7","3","1","baseline","eda9ebbaefdf404a3b7fdaa0c3105584d34b2373","38e02ddef01844140e3dfdfdd87733a37d26f59aeef6fcccc67fb13ed19a7d57","vectorPerformance","gaussian32","Quantile","2","1","427932","4000","500","Complete","0.435532699","3.4999E-5","0.310449601","0.125048099","0.859375","0.011","1751119","4000","15119.429112419593","15129.482098788952","12424.352542458728","1.000588248721186","0.024238503591598903","0","e468486f9c3bce272356b47328af805b6315b0ce0dcec0ba389ad1cc6e773090",""
"7","3","1","baseline","eda9ebbaefdf404a3b7fdaa0c3105584d34b2373","38e02ddef01844140e3dfdfdd87733a37d26f59aeef6fcccc67fb13ed19a7d57","vectorPerformance","gaussian32","Quantile","2","2","435851","4000","500","Complete","0.438500901","2.91E-5","0.305791101","0.1326807","0.84375","0.011","1754043","4000","14654.09636813213","14648.796726473445","11630.775114295944","1.0006045524861327","0.019982935899345466","0","f17849dd0d6937ddb28ce5136301623e9a5b8e9dd4ad54fb96a198cfdc5f0c6a",""
"7","3","1","baseline","eda9ebbaefdf404a3b7fdaa0c3105584d34b2373","38e02ddef01844140e3dfdfdd87733a37d26f59aeef6fcccc67fb13ed19a7d57","vectorPerformance","gaussian32","Quantile","2","3","443770","4000","500","Complete","0.4407557","2.88E-5","0.3128708","0.1278561","0.859375","0.01","1754067","4000","14670.955292689816","14672.094230083088","12113.52110906072","1.0003997605716526","0.012117200485737945","0","8d191d73493e7fb3ede8cea18ccac7e017f7700706ef9c9f8b699e07b2804d14",""
"7","3","1","baseline","eda9ebbaefdf404a3b7fdaa0c3105584d34b2373","38e02ddef01844140e3dfdfdd87733a37d26f59aeef6fcccc67fb13ed19a7d57","vectorPerformance","gaussian32","Quantile","2","4","451689","4000","500","Complete","0.4400792","6.22E-5","0.3104793","0.1295377","0.859375","0.009","1751661","4000","14424.859583462046","14417.997752939862","12128.296452895833","1.0007982696988702","0.02835365482901797","0","b8ea3b62393883b214271958061a644368686dc583e5f2e33e5eafdc7a65f17e",""
"7","3","1","baseline","eda9ebbaefdf404a3b7fdaa0c3105584d34b2373","38e02ddef01844140e3dfdfdd87733a37d26f59aeef6fcccc67fb13ed19a7d57","vectorPerformance","gaussian32","Quantile","4","-2","404175","4000","500","Complete","0.379379199","5.96E-5","0.3056672","0.073652399","1.5","0.01","1753214","4000","15219.008327321226","15213.744919585897","12194.607218487616","1.0007110848254097","0.01623649007724448","0","cecc6b4fda00565adaade6079bd9a81eec1cb5425a7364f3a4652f8f1fe688e7",""
"7","3","1","baseline","eda9ebbaefdf404a3b7fdaa0c3105584d34b2373","38e02ddef01844140e3dfdfdd87733a37d26f59aeef6fcccc67fb13ed19a7d57","vectorPerformance","gaussian32","Quantile","4","-1","412094","4000","500","Complete","0.3787452","2.7501E-5","0.3078726","0.070845099","1.5625","0.011","1754500","4000","14374.340793710559","14390.679914776822","12593.727427588436","1.0005481375625007","0.020322296447435884","0","710b12b4b32c1d00e33cda313ee3aca4afb06968f65bf5b1d672fd6109f4f43f",""
"7","3","1","baseline","eda9ebbaefdf404a3b7fdaa0c3105584d34b2373","38e02ddef01844140e3dfdfdd87733a37d26f59aeef6fcccc67fb13ed19a7d57","vectorPerformance","gaussian32","Quantile","4","0","420013","4000","500","Complete","0.3747432","2.79E-5","0.3045021","0.0702132","1.78125","0.011","1751135","4000","14804.415700401843","14796.384417892554","11674.348877600554","1.0004842070731996","0.017149474216242355","0","7163a65543816d08a23c844d2762c1967e2f734b4748129ec7bdf89e140df8b4",""
"7","3","1","baseline","eda9ebbaefdf404a3b7fdaa0c3105584d34b2373","38e02ddef01844140e3dfdfdd87733a37d26f59aeef6fcccc67fb13ed19a7d57","vectorPerformance","gaussian32","Quantile","4","1","427932","4000","500","Complete","0.378752399","4.17E-5","0.303675999","0.0750347","1.78125","0.009","1751119","4000","15119.429112419593","15129.482098788952","12424.352542458728","1.000588248721186","0.024238503591598903","0","e468486f9c3bce272356b47328af805b6315b0ce0dcec0ba389ad1cc6e773090",""
"7","3","1","baseline","eda9ebbaefdf404a3b7fdaa0c3105584d34b2373","38e02ddef01844140e3dfdfdd87733a37d26f59aeef6fcccc67fb13ed19a7d57","vectorPerformance","gaussian32","Quantile","4","2","435851","4000","500","Complete","0.3839909","2.8799E-5","0.305154901","0.0788072","1.78125","0.012","1754043","4000","14654.09636813213","14648.796726473445","11630.775114295944","1.0006045524861327","0.019982935899345466","0","f17849dd0d6937ddb28ce5136301623e9a5b8e9dd4ad54fb96a198cfdc5f0c6a",""
"7","3","1","baseline","eda9ebbaefdf404a3b7fdaa0c3105584d34b2373","38e02ddef01844140e3dfdfdd87733a37d26f59aeef6fcccc67fb13ed19a7d57","vectorPerformance","gaussian32","Quantile","4","3","443770","4000","500","Complete","0.377025899","2.9E-5","0.304803699","0.0721932","1.5","0.009","1754067","4000","14670.955292689816","14672.094230083088","12113.52110906072","1.0003997605716526","0.012117200485737945","0","8d191d73493e7fb3ede8cea18ccac7e017f7700706ef9c9f8b699e07b2804d14",""
"7","3","1","baseline","eda9ebbaefdf404a3b7fdaa0c3105584d34b2373","38e02ddef01844140e3dfdfdd87733a37d26f59aeef6fcccc67fb13ed19a7d57","vectorPerformance","gaussian32","Quantile","4","4","451689","4000","500","Complete","0.3788147","2.81E-5","0.3066395","0.0721471","2.25","0.011","1751661","4000","14424.859583462046","14417.997752939862","12128.296452895833","1.0007982696988702","0.02835365482901797","0","b8ea3b62393883b214271958061a644368686dc583e5f2e33e5eafdc7a65f17e",""
"7","3","1","baseline","eda9ebbaefdf404a3b7fdaa0c3105584d34b2373","38e02ddef01844140e3dfdfdd87733a37d26f59aeef6fcccc67fb13ed19a7d57","vectorPerformance","gaussian8","GPSS","1","-2","404175","4000","500","Complete","0.108624301","6.4701E-5","0.0396213","0.0689383","0.125","0.002","138018","4000","15549.340111147894","15536.369070524215","11710.881022750353","1.000693382204123","0.020280809809882006","0","e7f255a3304bc6df3dfbc4384cc42f0a14e097b21ea85d7dfdd0891304dccc86",""
"7","3","1","baseline","eda9ebbaefdf404a3b7fdaa0c3105584d34b2373","38e02ddef01844140e3dfdfdd87733a37d26f59aeef6fcccc67fb13ed19a7d57","vectorPerformance","gaussian8","GPSS","1","-1","412094","4000","500","Complete","0.099791","5.69E-5","0.0328995","0.0668346","0.140625","0.003","138132","4000","15263.81484653245","15291.911844531342","11216.22139798599","1.0004803178957116","0.014392603577789376","0","e114ddce1fe3e8b5caed48fc0365aca0d32bd35e94363aa001d7324d00935224",""
"7","3","1","baseline","eda9ebbaefdf404a3b7fdaa0c3105584d34b2373","38e02ddef01844140e3dfdfdd87733a37d26f59aeef6fcccc67fb13ed19a7d57","vectorPerformance","gaussian8","GPSS","1","0","420013","4000","500","Complete","0.094794299","5.69E-5","0.0250861","0.069651299","0.09375","0.002","138323","4000","15080.473776226881","15096.77911576306","11062.432005908491","1.0006149641210862","0.012458863431772271","0","2a91e22981ec396c3eca9414af3d6ac63570dc29437cdd4bdc3eb6a8db475fa2",""
"7","3","1","baseline","eda9ebbaefdf404a3b7fdaa0c3105584d34b2373","38e02ddef01844140e3dfdfdd87733a37d26f59aeef6fcccc67fb13ed19a7d57","vectorPerformance","gaussian8","GPSS","1","1","427932","4000","500","Complete","0.092291301","3.8701E-5","0.025124299","0.067128301","0.171875","0.002","138154","4000","15134.6012276361","15136.078376941558","11308.922646882544","1.0009404579967858","0.013454526579750548","0","045e36a427e6332b3973cb5a7bed2c41034d4baa3241673dfea554f81e693a14",""
"7","3","1","baseline","eda9ebbaefdf404a3b7fdaa0c3105584d34b2373","38e02ddef01844140e3dfdfdd87733a37d26f59aeef6fcccc67fb13ed19a7d57","vectorPerformance","gaussian8","GPSS","1","2","435851","4000","500","Complete","0.090753","3.82E-5","0.0267943","0.0639205","0.09375","0.002","137988","4000","14363.080320209516","14344.664435137216","11161.859788330772","1.0004963309089212","0.01645570173683253","0","282eaef783cfb8138f0fbaa41141a7646474130935f10820d7fcdc9d6a1e24c0",""
"7","3","1","baseline","eda9ebbaefdf404a3b7fdaa0c3105584d34b2373","38e02ddef01844140e3dfdfdd87733a37d26f59aeef6fcccc67fb13ed19a7d57","vectorPerformance","gaussian8","GPSS","1","3","443770","4000","500","Complete","0.1014689","3.81E-5","0.0239659","0.0774649","0.125","0.0","138055","4000","15045.50132933249","15019.431343943274","10767.592734371476","1.0010260647907836","0.018113200227977133","0","6f88cd3290902ed4688e28521e20205fca8afb18c6e4fe2e6e0de9c4e7e0a62c",""
"7","3","1","baseline","eda9ebbaefdf404a3b7fdaa0c3105584d34b2373","38e02ddef01844140e3dfdfdd87733a37d26f59aeef6fcccc67fb13ed19a7d57","vectorPerformance","gaussian8","GPSS","1","4","451689","4000","500","Complete","0.097363","4.0099E-5","0.027375001","0.0699479","0.15625","0.002","138188","4000","15603.053005275411","15621.61943123139","10677.483456214122","1.0007920020096437","0.014172913039023793","0","3703a943973521b658002c1d1edb8b4dcddac3550850573cac7499aba83dbaac",""
"7","3","1","baseline","eda9ebbaefdf404a3b7fdaa0c3105584d34b2373","38e02ddef01844140e3dfdfdd87733a37d26f59aeef6fcccc67fb13ed19a7d57","vectorPerformance","gaussian8","GPSS","2","-2","404175","4000","500","Complete","0.237053","0.0059484","0.0817479","0.1493567","1.078125","0.003","138018","4000","15549.340111147894","15536.369070524215","11710.881022750353","1.000693382204123","0.020280809809882006","0","e7f255a3304bc6df3dfbc4384cc42f0a14e097b21ea85d7dfdd0891304dccc86",""
"7","3","1","baseline","eda9ebbaefdf404a3b7fdaa0c3105584d34b2373","38e02ddef01844140e3dfdfdd87733a37d26f59aeef6fcccc67fb13ed19a7d57","vectorPerformance","gaussian8","GPSS","2","-1","412094","4000","500","Complete","0.0557452","6.62E-5","0.016989099","0.038689901","0.1875","0.0","138132","4000","15263.81484653245","15291.911844531342","11216.22139798599","1.0004803178957116","0.014392603577789376","0","e114ddce1fe3e8b5caed48fc0365aca0d32bd35e94363aa001d7324d00935224",""
"7","3","1","baseline","eda9ebbaefdf404a3b7fdaa0c3105584d34b2373","38e02ddef01844140e3dfdfdd87733a37d26f59aeef6fcccc67fb13ed19a7d57","vectorPerformance","gaussian8","GPSS","2","0","420013","4000","500","Complete","0.054284201","1.25801E-4","0.0168243","0.0373341","0.125","0.0","138323","4000","15080.473776226881","15096.77911576306","11062.432005908491","1.0006149641210862","0.012458863431772271","0","2a91e22981ec396c3eca9414af3d6ac63570dc29437cdd4bdc3eb6a8db475fa2",""
"7","3","1","baseline","eda9ebbaefdf404a3b7fdaa0c3105584d34b2373","38e02ddef01844140e3dfdfdd87733a37d26f59aeef6fcccc67fb13ed19a7d57","vectorPerformance","gaussian8","GPSS","2","1","427932","4000","500","Complete","0.056868401","3.9401E-5","0.0195965","0.0372325","0.09375","0.002","138154","4000","15134.6012276361","15136.078376941558","11308.922646882544","1.0009404579967858","0.013454526579750548","0","045e36a427e6332b3973cb5a7bed2c41034d4baa3241673dfea554f81e693a14",""
"7","3","1","baseline","eda9ebbaefdf404a3b7fdaa0c3105584d34b2373","38e02ddef01844140e3dfdfdd87733a37d26f59aeef6fcccc67fb13ed19a7d57","vectorPerformance","gaussian8","GPSS","2","2","435851","4000","500","Complete","0.0609073","5.49E-5","0.0180358","0.0428166","0.140625","0.0","137988","4000","14363.080320209516","14344.664435137216","11161.859788330772","1.0004963309089212","0.01645570173683253","0","282eaef783cfb8138f0fbaa41141a7646474130935f10820d7fcdc9d6a1e24c0",""
"7","3","1","baseline","eda9ebbaefdf404a3b7fdaa0c3105584d34b2373","38e02ddef01844140e3dfdfdd87733a37d26f59aeef6fcccc67fb13ed19a7d57","vectorPerformance","gaussian8","GPSS","2","3","443770","4000","500","Complete","0.055263","6.1899E-5","0.0171539","0.038047201","0.109375","0.0","138055","4000","15045.50132933249","15019.431343943274","10767.592734371476","1.0010260647907836","0.018113200227977133","0","6f88cd3290902ed4688e28521e20205fca8afb18c6e4fe2e6e0de9c4e7e0a62c",""
"7","3","1","baseline","eda9ebbaefdf404a3b7fdaa0c3105584d34b2373","38e02ddef01844140e3dfdfdd87733a37d26f59aeef6fcccc67fb13ed19a7d57","vectorPerformance","gaussian8","GPSS","2","4","451689","4000","500","Complete","0.059673099","4.36E-5","0.021104099","0.0385254","0.171875","0.002","138188","4000","15603.053005275411","15621.61943123139","10677.483456214122","1.0007920020096437","0.014172913039023793","0","3703a943973521b658002c1d1edb8b4dcddac3550850573cac7499aba83dbaac",""
"7","3","1","baseline","eda9ebbaefdf404a3b7fdaa0c3105584d34b2373","38e02ddef01844140e3dfdfdd87733a37d26f59aeef6fcccc67fb13ed19a7d57","vectorPerformance","gaussian8","GPSS","4","-2","404175","4000","500","Complete","0.050748","1.254E-4","0.0228065","0.0278161","0.34375","0.0","138018","4000","15549.340111147894","15536.369070524215","11710.881022750353","1.000693382204123","0.020280809809882006","0","e7f255a3304bc6df3dfbc4384cc42f0a14e097b21ea85d7dfdd0891304dccc86",""
"7","3","1","baseline","eda9ebbaefdf404a3b7fdaa0c3105584d34b2373","38e02ddef01844140e3dfdfdd87733a37d26f59aeef6fcccc67fb13ed19a7d57","vectorPerformance","gaussian8","GPSS","4","-1","412094","4000","500","Complete","0.0406582","6.11E-5","0.0170219","0.0235752","0.15625","0.0","138132","4000","15263.81484653245","15291.911844531342","11216.22139798599","1.0004803178957116","0.014392603577789376","0","e114ddce1fe3e8b5caed48fc0365aca0d32bd35e94363aa001d7324d00935224",""
"7","3","1","baseline","eda9ebbaefdf404a3b7fdaa0c3105584d34b2373","38e02ddef01844140e3dfdfdd87733a37d26f59aeef6fcccc67fb13ed19a7d57","vectorPerformance","gaussian8","GPSS","4","0","420013","4000","500","Complete","0.038965499","4.65E-5","0.0167157","0.022203299","0.21875","0.0","138323","4000","15080.473776226881","15096.77911576306","11062.432005908491","1.0006149641210862","0.012458863431772271","0","2a91e22981ec396c3eca9414af3d6ac63570dc29437cdd4bdc3eb6a8db475fa2",""
"7","3","1","baseline","eda9ebbaefdf404a3b7fdaa0c3105584d34b2373","38e02ddef01844140e3dfdfdd87733a37d26f59aeef6fcccc67fb13ed19a7d57","vectorPerformance","gaussian8","GPSS","4","1","427932","4000","500","Complete","0.0379828","4.69E-5","0.0167111","0.0212248","0.125","0.0","138154","4000","15134.6012276361","15136.078376941558","11308.922646882544","1.0009404579967858","0.013454526579750548","0","045e36a427e6332b3973cb5a7bed2c41034d4baa3241673dfea554f81e693a14",""
"7","3","1","baseline","eda9ebbaefdf404a3b7fdaa0c3105584d34b2373","38e02ddef01844140e3dfdfdd87733a37d26f59aeef6fcccc67fb13ed19a7d57","vectorPerformance","gaussian8","GPSS","4","2","435851","4000","500","Complete","0.040828699","4.23E-5","0.016876799","0.0239096","0.234375","0.0","137988","4000","14363.080320209516","14344.664435137216","11161.859788330772","1.0004963309089212","0.01645570173683253","0","282eaef783cfb8138f0fbaa41141a7646474130935f10820d7fcdc9d6a1e24c0",""
"7","3","1","baseline","eda9ebbaefdf404a3b7fdaa0c3105584d34b2373","38e02ddef01844140e3dfdfdd87733a37d26f59aeef6fcccc67fb13ed19a7d57","vectorPerformance","gaussian8","GPSS","4","3","443770","4000","500","Complete","0.0441707","4.36E-5","0.017548299","0.026578801","0.140625","0.004","138055","4000","15045.50132933249","15019.431343943274","10767.592734371476","1.0010260647907836","0.018113200227977133","0","6f88cd3290902ed4688e28521e20205fca8afb18c6e4fe2e6e0de9c4e7e0a62c",""
"7","3","1","baseline","eda9ebbaefdf404a3b7fdaa0c3105584d34b2373","38e02ddef01844140e3dfdfdd87733a37d26f59aeef6fcccc67fb13ed19a7d57","vectorPerformance","gaussian8","GPSS","4","4","451689","4000","500","Complete","0.041004901","5.5201E-5","0.0173763","0.0235734","0.25","0.0","138188","4000","15603.053005275411","15621.61943123139","10677.483456214122","1.0007920020096437","0.014172913039023793","0","3703a943973521b658002c1d1edb8b4dcddac3550850573cac7499aba83dbaac",""
"7","3","1","baseline","eda9ebbaefdf404a3b7fdaa0c3105584d34b2373","38e02ddef01844140e3dfdfdd87733a37d26f59aeef6fcccc67fb13ed19a7d57","vectorPerformance","gaussian8","Quantile","1","-2","404175","4000","500","Complete","0.1073112","3.3301E-5","0.0364219","0.070855999","0.140625","0.0","439383","4000","15133.633311857895","15137.149661571859","12640.232874183323","1.0002765119712598","0.010865777388695763","0","0a652ec86caa4b0878042a2ca27e4843b8fff440045e84ffe9040bbf18fc5c1b",""
"7","3","1","baseline","eda9ebbaefdf404a3b7fdaa0c3105584d34b2373","38e02ddef01844140e3dfdfdd87733a37d26f59aeef6fcccc67fb13ed19a7d57","vectorPerformance","gaussian8","Quantile","1","-1","412094","4000","500","Complete","0.1063191","3.4399E-5","0.035972201","0.0703125","0.109375","0.0","438543","4000","15213.490906399908","15228.10660758392","12891.868030399028","1.0002543220506444","0.014962146800250764","0","22193da6e1ed5c7fb6bc482596a8cb09c08425673712be65ab0ebf58ef73f382",""
"7","3","1","baseline","eda9ebbaefdf404a3b7fdaa0c3105584d34b2373","38e02ddef01844140e3dfdfdd87733a37d26f59aeef6fcccc67fb13ed19a7d57","vectorPerformance","gaussian8","Quantile","1","0","420013","4000","500","Complete","0.1038388","3.03E-5","0.0344466","0.0693619","0.09375","0.0","436956","4000","15387.214907747757","15383.41868425877","13280.050841973973","1.000488212672387","0.017862111392228958","0","1a2a7053039cbf9cd5227976b2ba660c8f0bbf84c10e94ae04c9c6d297fc0025",""
"7","3","1","baseline","eda9ebbaefdf404a3b7fdaa0c3105584d34b2373","38e02ddef01844140e3dfdfdd87733a37d26f59aeef6fcccc67fb13ed19a7d57","vectorPerformance","gaussian8","Quantile","1","1","427932","4000","500","Complete","0.1126936","3.11E-5","0.036184701","0.076477799","0.25","0.0","437269","4000","15727.934748036001","15719.464590581323","12902.625514015059","1.0004649152576137","0.012810490325706247","0","850de3d767de404b10a6234afa6ecc9c5dfdee0c4338411a0af3e46894e42ce3",""
"7","3","1","baseline","eda9ebbaefdf404a3b7fdaa0c3105584d34b2373","38e02ddef01844140e3dfdfdd87733a37d26f59aeef6fcccc67fb13ed19a7d57","vectorPerformance","gaussian8","Quantile","1","2","435851","4000","500","Complete","0.1062429","4.1701E-5","0.0358522","0.070348999","0.125","0.0","438008","4000","15126.989343371939","15133.471327879883","12471.355965872704","1.0004579804360567","0.01410791604282019","0","fd474ea7f77c91f336f3664000c5dec28946aab4fd9917ca2fd5c066ad7e03df",""
"7","3","1","baseline","eda9ebbaefdf404a3b7fdaa0c3105584d34b2373","38e02ddef01844140e3dfdfdd87733a37d26f59aeef6fcccc67fb13ed19a7d57","vectorPerformance","gaussian8","Quantile","1","3","443770","4000","500","Complete","0.104142299","3.21E-5","0.0350409","0.069069299","0.109375","0.0","438134","4000","14783.95134310092","14781.603964607304","13183.37761680062","1.0005441549460146","0.009381500096846795","0","f5d860d8f1c8c55386f06f23faad6b9f8df1541a619040c2f28698d0813a5f75",""
"7","3","1","baseline","eda9ebbaefdf404a3b7fdaa0c3105584d34b2373","38e02ddef01844140e3dfdfdd87733a37d26f59aeef6fcccc67fb13ed19a7d57","vectorPerformance","gaussian8","Quantile","1","4","451689","4000","500","Complete","0.1041713","2.98E-5","0.0371968","0.0669447","0.140625","0.002","437868","4000","14884.121074739518","14909.092385573675","12538.608584974128","1.0004648391967559","0.02587550455561438","0","f5667ee456b1d3d2b0c42c8460f2481029f27806732e9bf75dd56271a0628822",""
"7","3","1","baseline","eda9ebbaefdf404a3b7fdaa0c3105584d34b2373","38e02ddef01844140e3dfdfdd87733a37d26f59aeef6fcccc67fb13ed19a7d57","vectorPerformance","gaussian8","Quantile","2","-2","404175","4000","500","Complete","0.0925659","3.1E-5","0.0504174","0.0421175","0.28125","0.0","439383","4000","15133.633311857895","15137.149661571859","12640.232874183323","1.0002765119712598","0.010865777388695763","0","0a652ec86caa4b0878042a2ca27e4843b8fff440045e84ffe9040bbf18fc5c1b",""
"7","3","1","baseline","eda9ebbaefdf404a3b7fdaa0c3105584d34b2373","38e02ddef01844140e3dfdfdd87733a37d26f59aeef6fcccc67fb13ed19a7d57","vectorPerformance","gaussian8","Quantile","2","-1","412094","4000","500","Complete","0.0655862","3.14E-5","0.027918399","0.037636401","0.140625","0.002","438543","4000","15213.490906399908","15228.10660758392","12891.868030399028","1.0002543220506444","0.014962146800250764","0","22193da6e1ed5c7fb6bc482596a8cb09c08425673712be65ab0ebf58ef73f382",""
"7","3","1","baseline","eda9ebbaefdf404a3b7fdaa0c3105584d34b2373","38e02ddef01844140e3dfdfdd87733a37d26f59aeef6fcccc67fb13ed19a7d57","vectorPerformance","gaussian8","Quantile","2","0","420013","4000","500","Complete","0.0642093","3.13E-5","0.0246272","0.0395508","0.125","0.002","436956","4000","15387.214907747757","15383.41868425877","13280.050841973973","1.000488212672387","0.017862111392228958","0","1a2a7053039cbf9cd5227976b2ba660c8f0bbf84c10e94ae04c9c6d297fc0025",""
"7","3","1","baseline","eda9ebbaefdf404a3b7fdaa0c3105584d34b2373","38e02ddef01844140e3dfdfdd87733a37d26f59aeef6fcccc67fb13ed19a7d57","vectorPerformance","gaussian8","Quantile","2","1","427932","4000","500","Complete","0.0600377","2.98E-5","0.0215311","0.0384768","0.125","0.0","437269","4000","15727.934748036001","15719.464590581323","12902.625514015059","1.0004649152576137","0.012810490325706247","0","850de3d767de404b10a6234afa6ecc9c5dfdee0c4338411a0af3e46894e42ce3",""
"7","3","1","baseline","eda9ebbaefdf404a3b7fdaa0c3105584d34b2373","38e02ddef01844140e3dfdfdd87733a37d26f59aeef6fcccc67fb13ed19a7d57","vectorPerformance","gaussian8","Quantile","2","2","435851","4000","500","Complete","0.0581761","2.94E-5","0.024043999","0.034102701","0.09375","0.001","438008","4000","15126.989343371939","15133.471327879883","12471.355965872704","1.0004579804360567","0.01410791604282019","0","fd474ea7f77c91f336f3664000c5dec28946aab4fd9917ca2fd5c066ad7e03df",""
"7","3","1","baseline","eda9ebbaefdf404a3b7fdaa0c3105584d34b2373","38e02ddef01844140e3dfdfdd87733a37d26f59aeef6fcccc67fb13ed19a7d57","vectorPerformance","gaussian8","Quantile","2","3","443770","4000","500","Complete","0.0581889","4.64E-5","0.0244616","0.0336809","0.109375","0.002","438134","4000","14783.95134310092","14781.603964607304","13183.37761680062","1.0005441549460146","0.009381500096846795","0","f5d860d8f1c8c55386f06f23faad6b9f8df1541a619040c2f28698d0813a5f75",""
"7","3","1","baseline","eda9ebbaefdf404a3b7fdaa0c3105584d34b2373","38e02ddef01844140e3dfdfdd87733a37d26f59aeef6fcccc67fb13ed19a7d57","vectorPerformance","gaussian8","Quantile","2","4","451689","4000","500","Complete","0.0571757","5.39E-5","0.0227515","0.0343703","0.421875","0.001","437868","4000","14884.121074739518","14909.092385573675","12538.608584974128","1.0004648391967559","0.02587550455561438","0","f5667ee456b1d3d2b0c42c8460f2481029f27806732e9bf75dd56271a0628822",""
"7","3","1","baseline","eda9ebbaefdf404a3b7fdaa0c3105584d34b2373","38e02ddef01844140e3dfdfdd87733a37d26f59aeef6fcccc67fb13ed19a7d57","vectorPerformance","gaussian8","Quantile","4","-2","404175","4000","500","Complete","0.0479078","3.3099E-5","0.024999801","0.0228749","0.125","0.003","439383","4000","15133.633311857895","15137.149661571859","12640.232874183323","1.0002765119712598","0.010865777388695763","0","0a652ec86caa4b0878042a2ca27e4843b8fff440045e84ffe9040bbf18fc5c1b",""
"7","3","1","baseline","eda9ebbaefdf404a3b7fdaa0c3105584d34b2373","38e02ddef01844140e3dfdfdd87733a37d26f59aeef6fcccc67fb13ed19a7d57","vectorPerformance","gaussian8","Quantile","4","-1","412094","4000","500","Complete","0.0437438","2.87E-5","0.022791599","0.020923501","0.203125","0.002","438543","4000","15213.490906399908","15228.10660758392","12891.868030399028","1.0002543220506444","0.014962146800250764","0","22193da6e1ed5c7fb6bc482596a8cb09c08425673712be65ab0ebf58ef73f382",""
"7","3","1","baseline","eda9ebbaefdf404a3b7fdaa0c3105584d34b2373","38e02ddef01844140e3dfdfdd87733a37d26f59aeef6fcccc67fb13ed19a7d57","vectorPerformance","gaussian8","Quantile","4","0","420013","4000","500","Complete","0.048956","3.19E-5","0.0221208","0.0268033","0.25","0.004","436956","4000","15387.214907747757","15383.41868425877","13280.050841973973","1.000488212672387","0.017862111392228958","0","1a2a7053039cbf9cd5227976b2ba660c8f0bbf84c10e94ae04c9c6d297fc0025",""
"7","3","1","baseline","eda9ebbaefdf404a3b7fdaa0c3105584d34b2373","38e02ddef01844140e3dfdfdd87733a37d26f59aeef6fcccc67fb13ed19a7d57","vectorPerformance","gaussian8","Quantile","4","1","427932","4000","500","Complete","0.048062001","4.1301E-5","0.0230713","0.0249494","0.1875","0.003","437269","4000","15727.934748036001","15719.464590581323","12902.625514015059","1.0004649152576137","0.012810490325706247","0","850de3d767de404b10a6234afa6ecc9c5dfdee0c4338411a0af3e46894e42ce3",""
"7","3","1","baseline","eda9ebbaefdf404a3b7fdaa0c3105584d34b2373","38e02ddef01844140e3dfdfdd87733a37d26f59aeef6fcccc67fb13ed19a7d57","vectorPerformance","gaussian8","Quantile","4","2","435851","4000","500","Complete","0.042872799","3.0E-5","0.0209523","0.021890499","0.140625","0.002","438008","4000","15126.989343371939","15133.471327879883","12471.355965872704","1.0004579804360567","0.01410791604282019","0","fd474ea7f77c91f336f3664000c5dec28946aab4fd9917ca2fd5c066ad7e03df",""
"7","3","1","baseline","eda9ebbaefdf404a3b7fdaa0c3105584d34b2373","38e02ddef01844140e3dfdfdd87733a37d26f59aeef6fcccc67fb13ed19a7d57","vectorPerformance","gaussian8","Quantile","4","3","443770","4000","500","Complete","0.043184601","2.7501E-5","0.0210205","0.0221366","0.1875","0.0","438134","4000","14783.95134310092","14781.603964607304","13183.37761680062","1.0005441549460146","0.009381500096846795","0","f5d860d8f1c8c55386f06f23faad6b9f8df1541a619040c2f28698d0813a5f75",""
"7","3","1","baseline","eda9ebbaefdf404a3b7fdaa0c3105584d34b2373","38e02ddef01844140e3dfdfdd87733a37d26f59aeef6fcccc67fb13ed19a7d57","vectorPerformance","gaussian8","Quantile","4","4","451689","4000","500","Complete","0.0417566","3.75E-5","0.0208723","0.0208468","0.140625","0.0","437868","4000","14884.121074739518","14909.092385573675","12538.608584974128","1.0004648391967559","0.02587550455561438","0","f5667ee456b1d3d2b0c42c8460f2481029f27806732e9bf75dd56271a0628822",""
"7","3","1","baseline","eda9ebbaefdf404a3b7fdaa0c3105584d34b2373","38e02ddef01844140e3dfdfdd87733a37d26f59aeef6fcccc67fb13ed19a7d57","vectorPerformance","likelihood8","GPSS","1","-2","404175","4000","500","Complete","0.140068899","3.514E-4","0.0781996","0.061517899","0.140625","0.0","113497","4000","15386.728000357793","15391.85127451405","11321.818924317045","1.000502564087113","0.005344596134197365","0","15875fc3ad457cd99d016931ae49e3b53ed50293a59b7331791ac43670de87bd",""
"7","3","1","baseline","eda9ebbaefdf404a3b7fdaa0c3105584d34b2373","38e02ddef01844140e3dfdfdd87733a37d26f59aeef6fcccc67fb13ed19a7d57","vectorPerformance","likelihood8","GPSS","1","-1","412094","4000","500","Complete","0.137844","7.3399E-5","0.077013501","0.0607571","0.140625","0.0","113672","4000","14515.066848005721","14590.130865412311","10903.103694208865","1.0008342935047612","0.005564436392907962","0","fc720f0e7fc6b705ca4b80ac8fe6515a0d286ae0520a978aef375e586c9db6bf",""
"7","3","1","baseline","eda9ebbaefdf404a3b7fdaa0c3105584d34b2373","38e02ddef01844140e3dfdfdd87733a37d26f59aeef6fcccc67fb13ed19a7d57","vectorPerformance","likelihood8","GPSS","1","0","420013","4000","500","Complete","0.1377736","6.07E-5","0.0766605","0.0610524","0.140625","0.0","113054","4000","15068.277084944693","15070.85887531968","10694.846310168503","1.0005601541440654","0.004181248674558491","0","8d6dc2b369fc062d17f4e1721fe9d8a199bcba9f600d8572402455c6c30b60fa",""
"7","3","1","baseline","eda9ebbaefdf404a3b7fdaa0c3105584d34b2373","38e02ddef01844140e3dfdfdd87733a37d26f59aeef6fcccc67fb13ed19a7d57","vectorPerformance","likelihood8","GPSS","1","1","427932","4000","500","Complete","0.1380825","5.45E-5","0.0771048","0.0609232","0.140625","0.0","113472","4000","15069.243223748383","15055.059231076986","10322.707096463675","1.0013248567157627","0.005340326134526563","0","38e3adbbae621e7ad84a1cb5d7d2f248aeb925e3eea6b59badd3e9bb967ca792",""
"7","3","1","baseline","eda9ebbaefdf404a3b7fdaa0c3105584d34b2373","38e02ddef01844140e3dfdfdd87733a37d26f59aeef6fcccc67fb13ed19a7d57","vectorPerformance","likelihood8","GPSS","1","2","435851","4000","500","Complete","0.1393329","5.0599E-5","0.078198401","0.0610839","0.140625","0.0","113322","4000","15018.1283976014","15019.886701809703","11132.174688571149","1.000533090102839","0.005175852109189194","0","a1c97633734bbb43a66c525a225905cb612f427cd2600d3cc731158cc0011283",""
"7","3","1","baseline","eda9ebbaefdf404a3b7fdaa0c3105584d34b2373","38e02ddef01844140e3dfdfdd87733a37d26f59aeef6fcccc67fb13ed19a7d57","vectorPerformance","likelihood8","GPSS","1","3","443770","4000","500","Complete","0.139197201","4.9201E-5","0.078074799","0.061073201","0.125","0.0","113541","4000","15504.177620932032","15516.176571089783","11070.759113858252","1.0005200177999494","0.0030179744349801974","0","10250d525acdf021423a78f0a10ef6caf57ce50e6525306305dda230dde4a3dd",""
"7","3","1","baseline","eda9ebbaefdf404a3b7fdaa0c3105584d34b2373","38e02ddef01844140e3dfdfdd87733a37d26f59aeef6fcccc67fb13ed19a7d57","vectorPerformance","likelihood8","GPSS","1","4","451689","4000","500","Complete","0.1390279","8.25E-5","0.0776532","0.0612922","0.171875","0.0","113652","4000","14785.194091889316","14779.730449941797","11297.287331686812","1.0008757668998252","0.004036703328069907","0","aeb7ca95e5af585230ca0add63518df7f82bcf74ed17b9d657a219f4e1b2d0f5",""
"7","3","1","baseline","eda9ebbaefdf404a3b7fdaa0c3105584d34b2373","38e02ddef01844140e3dfdfdd87733a37d26f59aeef6fcccc67fb13ed19a7d57","vectorPerformance","likelihood8","GPSS","2","-2","404175","4000","500","Complete","0.0914131","0.0030082","0.054557099","0.033847801","0.359375","0.0","113497","4000","15386.728000357793","15391.85127451405","11321.818924317045","1.000502564087113","0.005344596134197365","0","15875fc3ad457cd99d016931ae49e3b53ed50293a59b7331791ac43670de87bd",""
"7","3","1","baseline","eda9ebbaefdf404a3b7fdaa0c3105584d34b2373","38e02ddef01844140e3dfdfdd87733a37d26f59aeef6fcccc67fb13ed19a7d57","vectorPerformance","likelihood8","GPSS","2","-1","412094","4000","500","Complete","0.0757374","8.2E-5","0.041744","0.0339114","0.15625","0.002","113672","4000","14515.066848005721","14590.130865412311","10903.103694208865","1.0008342935047612","0.005564436392907962","0","fc720f0e7fc6b705ca4b80ac8fe6515a0d286ae0520a978aef375e586c9db6bf",""
"7","3","1","baseline","eda9ebbaefdf404a3b7fdaa0c3105584d34b2373","38e02ddef01844140e3dfdfdd87733a37d26f59aeef6fcccc67fb13ed19a7d57","vectorPerformance","likelihood8","GPSS","2","0","420013","4000","500","Complete","0.073847301","9.4401E-5","0.041526","0.0322269","0.125","0.001","113054","4000","15068.277084944693","15070.85887531968","10694.846310168503","1.0005601541440654","0.004181248674558491","0","8d6dc2b369fc062d17f4e1721fe9d8a199bcba9f600d8572402455c6c30b60fa",""
"7","3","1","baseline","eda9ebbaefdf404a3b7fdaa0c3105584d34b2373","38e02ddef01844140e3dfdfdd87733a37d26f59aeef6fcccc67fb13ed19a7d57","vectorPerformance","likelihood8","GPSS","2","1","427932","4000","500","Complete","0.073775701","4.9001E-5","0.0414957","0.032231","0.15625","0.001","113472","4000","15069.243223748383","15055.059231076986","10322.707096463675","1.0013248567157627","0.005340326134526563","0","38e3adbbae621e7ad84a1cb5d7d2f248aeb925e3eea6b59badd3e9bb967ca792",""
"7","3","1","baseline","eda9ebbaefdf404a3b7fdaa0c3105584d34b2373","38e02ddef01844140e3dfdfdd87733a37d26f59aeef6fcccc67fb13ed19a7d57","vectorPerformance","likelihood8","GPSS","2","2","435851","4000","500","Complete","0.0744598","5.2799E-5","0.040386701","0.0340203","0.15625","0.001","113322","4000","15018.1283976014","15019.886701809703","11132.174688571149","1.000533090102839","0.005175852109189194","0","a1c97633734bbb43a66c525a225905cb612f427cd2600d3cc731158cc0011283",""
"7","3","1","baseline","eda9ebbaefdf404a3b7fdaa0c3105584d34b2373","38e02ddef01844140e3dfdfdd87733a37d26f59aeef6fcccc67fb13ed19a7d57","vectorPerformance","likelihood8","GPSS","2","3","443770","4000","500","Complete","0.0748704","8.33E-5","0.041688699","0.033098401","0.171875","0.0","113541","4000","15504.177620932032","15516.176571089783","11070.759113858252","1.0005200177999494","0.0030179744349801974","0","10250d525acdf021423a78f0a10ef6caf57ce50e6525306305dda230dde4a3dd",""
"7","3","1","baseline","eda9ebbaefdf404a3b7fdaa0c3105584d34b2373","38e02ddef01844140e3dfdfdd87733a37d26f59aeef6fcccc67fb13ed19a7d57","vectorPerformance","likelihood8","GPSS","2","4","451689","4000","500","Complete","0.0736148","5.0199E-5","0.041288801","0.0322758","0.125","0.001","113652","4000","14785.194091889316","14779.730449941797","11297.287331686812","1.0008757668998252","0.004036703328069907","0","aeb7ca95e5af585230ca0add63518df7f82bcf74ed17b9d657a219f4e1b2d0f5",""
"7","3","1","baseline","eda9ebbaefdf404a3b7fdaa0c3105584d34b2373","38e02ddef01844140e3dfdfdd87733a37d26f59aeef6fcccc67fb13ed19a7d57","vectorPerformance","likelihood8","GPSS","4","-2","404175","4000","500","Complete","0.0415602","1.502E-4","0.0225511","0.0188589","0.1875","0.0","113497","4000","15386.728000357793","15391.85127451405","11321.818924317045","1.000502564087113","0.005344596134197365","0","15875fc3ad457cd99d016931ae49e3b53ed50293a59b7331791ac43670de87bd",""
"7","3","1","baseline","eda9ebbaefdf404a3b7fdaa0c3105584d34b2373","38e02ddef01844140e3dfdfdd87733a37d26f59aeef6fcccc67fb13ed19a7d57","vectorPerformance","likelihood8","GPSS","4","-1","412094","4000","500","Complete","0.0409459","5.7001E-5","0.0222285","0.018660399","0.1875","0.0","113672","4000","14515.066848005721","14590.130865412311","10903.103694208865","1.0008342935047612","0.005564436392907962","0","fc720f0e7fc6b705ca4b80ac8fe6515a0d286ae0520a978aef375e586c9db6bf",""
"7","3","1","baseline","eda9ebbaefdf404a3b7fdaa0c3105584d34b2373","38e02ddef01844140e3dfdfdd87733a37d26f59aeef6fcccc67fb13ed19a7d57","vectorPerformance","likelihood8","GPSS","4","0","420013","4000","500","Complete","0.0432054","8.11E-5","0.0239521","0.0191722","0.125","0.0","113054","4000","15068.277084944693","15070.85887531968","10694.846310168503","1.0005601541440654","0.004181248674558491","0","8d6dc2b369fc062d17f4e1721fe9d8a199bcba9f600d8572402455c6c30b60fa",""
"7","3","1","baseline","eda9ebbaefdf404a3b7fdaa0c3105584d34b2373","38e02ddef01844140e3dfdfdd87733a37d26f59aeef6fcccc67fb13ed19a7d57","vectorPerformance","likelihood8","GPSS","4","1","427932","4000","500","Complete","0.040546","5.03E-5","0.021841499","0.018654201","0.140625","0.0","113472","4000","15069.243223748383","15055.059231076986","10322.707096463675","1.0013248567157627","0.005340326134526563","0","38e3adbbae621e7ad84a1cb5d7d2f248aeb925e3eea6b59badd3e9bb967ca792",""
"7","3","1","baseline","eda9ebbaefdf404a3b7fdaa0c3105584d34b2373","38e02ddef01844140e3dfdfdd87733a37d26f59aeef6fcccc67fb13ed19a7d57","vectorPerformance","likelihood8","GPSS","4","2","435851","4000","500","Complete","0.0420853","5.3E-5","0.0225668","0.0194655","0.21875","0.0","113322","4000","15018.1283976014","15019.886701809703","11132.174688571149","1.000533090102839","0.005175852109189194","0","a1c97633734bbb43a66c525a225905cb612f427cd2600d3cc731158cc0011283",""
"7","3","1","baseline","eda9ebbaefdf404a3b7fdaa0c3105584d34b2373","38e02ddef01844140e3dfdfdd87733a37d26f59aeef6fcccc67fb13ed19a7d57","vectorPerformance","likelihood8","GPSS","4","3","443770","4000","500","Complete","0.039647801","4.64E-5","0.0213883","0.018213101","0.125","0.0","113541","4000","15504.177620932032","15516.176571089783","11070.759113858252","1.0005200177999494","0.0030179744349801974","0","10250d525acdf021423a78f0a10ef6caf57ce50e6525306305dda230dde4a3dd",""
"7","3","1","baseline","eda9ebbaefdf404a3b7fdaa0c3105584d34b2373","38e02ddef01844140e3dfdfdd87733a37d26f59aeef6fcccc67fb13ed19a7d57","vectorPerformance","likelihood8","GPSS","4","4","451689","4000","500","Complete","0.041896701","5.2401E-5","0.0227077","0.0191366","0.140625","0.0","113652","4000","14785.194091889316","14779.730449941797","11297.287331686812","1.0008757668998252","0.004036703328069907","0","aeb7ca95e5af585230ca0add63518df7f82bcf74ed17b9d657a219f4e1b2d0f5",""
"7","3","1","baseline","eda9ebbaefdf404a3b7fdaa0c3105584d34b2373","38e02ddef01844140e3dfdfdd87733a37d26f59aeef6fcccc67fb13ed19a7d57","vectorPerformance","likelihood8","Quantile","1","-2","404175","4000","500","Complete","0.4355443","3.14E-5","0.3748354","0.0606775","0.4375","0.001","675623","4000","14553.603071888145","14560.448774995888","11253.189859649683","1.0007097070118298","0.003922918284137322","0","03828cdda4fc43583cac684014ff31176af4a34269763a886473aa7e641f0391",""
"7","3","1","baseline","eda9ebbaefdf404a3b7fdaa0c3105584d34b2373","38e02ddef01844140e3dfdfdd87733a37d26f59aeef6fcccc67fb13ed19a7d57","vectorPerformance","likelihood8","Quantile","1","-1","412094","4000","500","Complete","0.434220599","3.25E-5","0.373347","0.060841099","0.4375","0.001","674660","4000","15209.136106969212","15217.30790335651","11240.432710958032","1.0004372157752155","0.0052684685777992235","0","e259b6e006096a76873934a7876a399ffc6054ce8626e6a9f54fe4dc9a2a077b",""
"7","3","1","baseline","eda9ebbaefdf404a3b7fdaa0c3105584d34b2373","38e02ddef01844140e3dfdfdd87733a37d26f59aeef6fcccc67fb13ed19a7d57","vectorPerformance","likelihood8","Quantile","1","0","420013","4000","500","Complete","0.4335288","2.9699E-5","0.372333601","0.0611655","0.453125","0.002","673796","4000","15027.331818683551","15033.704474475824","10491.658637470435","1.0004326935079904","0.005338364077357494","0","a6b794bfac044c42b2225f202fe85edd749f09d343dadd0c6f9a8be5b72afda0",""
"7","3","1","baseline","eda9ebbaefdf404a3b7fdaa0c3105584d34b2373","38e02ddef01844140e3dfdfdd87733a37d26f59aeef6fcccc67fb13ed19a7d57","vectorPerformance","likelihood8","Quantile","1","1","427932","4000","500","Complete","0.4346264","2.9E-5","0.3725005","0.0620969","0.4375","0.0","673825","4000","15276.658872254206","15256.4622489339","11119.716918313663","1.000391617247902","0.006419580823759208","0","50e2cecd19fa21e7ea4301720423264b745a7096caa97d8e6935a59763285f0a",""
"7","3","1","baseline","eda9ebbaefdf404a3b7fdaa0c3105584d34b2373","38e02ddef01844140e3dfdfdd87733a37d26f59aeef6fcccc67fb13ed19a7d57","vectorPerformance","likelihood8","Quantile","1","2","435851","4000","500","Complete","0.434362301","2.98E-5","0.372378901","0.0619536","0.4375","0.0","674482","4000","15438.964336306639","15424.356228106937","11497.88972532256","1.0006283061980878","0.01024848436056533","0","d045bb5c2ae5192b21902085068a9b62aa6f41d66d4132dc6affda22bcc4912d",""
"7","3","1","baseline","eda9ebbaefdf404a3b7fdaa0c3105584d34b2373","38e02ddef01844140e3dfdfdd87733a37d26f59aeef6fcccc67fb13ed19a7d57","vectorPerformance","likelihood8","Quantile","1","3","443770","4000","500","Complete","0.4622968","3.2E-5","0.394022099","0.068242701","0.453125","0.002","674770","4000","15279.141041189421","15290.437507693725","11098.089526704722","1.00060311853599","0.008195113181772185","0","14c0d80a24194a44695934e9fba1972daa6dc8b7383da72f1cd5837c36c4722d",""
"7","3","1","baseline","eda9ebbaefdf404a3b7fdaa0c3105584d34b2373","38e02ddef01844140e3dfdfdd87733a37d26f59aeef6fcccc67fb13ed19a7d57","vectorPerformance","likelihood8","Quantile","1","4","451689","4000","500","Complete","0.4855214","3.7699E-5","0.419023101","0.0664606","0.484375","0.0","675588","4000","15378.326224840608","15396.096164831599","11613.462866841413","1.000726442029433","0.005885612388259281","0","dffab805aa7e6a415f84c4666b5b3033cb9751a54880ba72e95a79dc87652086",""
"7","3","1","baseline","eda9ebbaefdf404a3b7fdaa0c3105584d34b2373","38e02ddef01844140e3dfdfdd87733a37d26f59aeef6fcccc67fb13ed19a7d57","vectorPerformance","likelihood8","Quantile","2","-2","404175","4000","500","Complete","0.2293404","5.65E-5","0.1968701","0.0324138","0.46875","0.002","675623","4000","14553.603071888145","14560.448774995888","11253.189859649683","1.0007097070118298","0.003922918284137322","0","03828cdda4fc43583cac684014ff31176af4a34269763a886473aa7e641f0391",""
"7","3","1","baseline","eda9ebbaefdf404a3b7fdaa0c3105584d34b2373","38e02ddef01844140e3dfdfdd87733a37d26f59aeef6fcccc67fb13ed19a7d57","vectorPerformance","likelihood8","Quantile","2","-1","412094","4000","500","Complete","0.226610701","2.94E-5","0.193342","0.033239301","0.484375","0.0","674660","4000","15209.136106969212","15217.30790335651","11240.432710958032","1.0004372157752155","0.0052684685777992235","0","e259b6e006096a76873934a7876a399ffc6054ce8626e6a9f54fe4dc9a2a077b",""
"7","3","1","baseline","eda9ebbaefdf404a3b7fdaa0c3105584d34b2373","38e02ddef01844140e3dfdfdd87733a37d26f59aeef6fcccc67fb13ed19a7d57","vectorPerformance","likelihood8","Quantile","2","0","420013","4000","500","Complete","0.2265689","3.62E-5","0.1930841","0.0334486","0.46875","0.0","673796","4000","15027.331818683551","15033.704474475824","10491.658637470435","1.0004326935079904","0.005338364077357494","0","a6b794bfac044c42b2225f202fe85edd749f09d343dadd0c6f9a8be5b72afda0",""
"7","3","1","baseline","eda9ebbaefdf404a3b7fdaa0c3105584d34b2373","38e02ddef01844140e3dfdfdd87733a37d26f59aeef6fcccc67fb13ed19a7d57","vectorPerformance","likelihood8","Quantile","2","1","427932","4000","500","Complete","0.2255731","4.9E-5","0.192707399","0.032816701","0.4375","0.0","673825","4000","15276.658872254206","15256.4622489339","11119.716918313663","1.000391617247902","0.006419580823759208","0","50e2cecd19fa21e7ea4301720423264b745a7096caa97d8e6935a59763285f0a",""
"7","3","1","baseline","eda9ebbaefdf404a3b7fdaa0c3105584d34b2373","38e02ddef01844140e3dfdfdd87733a37d26f59aeef6fcccc67fb13ed19a7d57","vectorPerformance","likelihood8","Quantile","2","2","435851","4000","500","Complete","0.2262239","3.21E-5","0.193007699","0.033184101","0.453125","0.001","674482","4000","15438.964336306639","15424.356228106937","11497.88972532256","1.0006283061980878","0.01024848436056533","0","d045bb5c2ae5192b21902085068a9b62aa6f41d66d4132dc6affda22bcc4912d",""
"7","3","1","baseline","eda9ebbaefdf404a3b7fdaa0c3105584d34b2373","38e02ddef01844140e3dfdfdd87733a37d26f59aeef6fcccc67fb13ed19a7d57","vectorPerformance","likelihood8","Quantile","2","3","443770","4000","500","Complete","0.2279981","3.01E-5","0.1938287","0.0341393","0.4375","0.001","674770","4000","15279.141041189421","15290.437507693725","11098.089526704722","1.00060311853599","0.008195113181772185","0","14c0d80a24194a44695934e9fba1972daa6dc8b7383da72f1cd5837c36c4722d",""
"7","3","1","baseline","eda9ebbaefdf404a3b7fdaa0c3105584d34b2373","38e02ddef01844140e3dfdfdd87733a37d26f59aeef6fcccc67fb13ed19a7d57","vectorPerformance","likelihood8","Quantile","2","4","451689","4000","500","Complete","0.243877399","3.16E-5","0.207824599","0.0360212","0.4375","0.0","675588","4000","15378.326224840608","15396.096164831599","11613.462866841413","1.000726442029433","0.005885612388259281","0","dffab805aa7e6a415f84c4666b5b3033cb9751a54880ba72e95a79dc87652086",""
"7","3","1","baseline","eda9ebbaefdf404a3b7fdaa0c3105584d34b2373","38e02ddef01844140e3dfdfdd87733a37d26f59aeef6fcccc67fb13ed19a7d57","vectorPerformance","likelihood8","Quantile","4","-2","404175","4000","500","Complete","0.1194388","3.22E-5","0.0998044","0.0196022","0.5","0.0","675623","4000","14553.603071888145","14560.448774995888","11253.189859649683","1.0007097070118298","0.003922918284137322","0","03828cdda4fc43583cac684014ff31176af4a34269763a886473aa7e641f0391",""
"7","3","1","baseline","eda9ebbaefdf404a3b7fdaa0c3105584d34b2373","38e02ddef01844140e3dfdfdd87733a37d26f59aeef6fcccc67fb13ed19a7d57","vectorPerformance","likelihood8","Quantile","4","-1","412094","4000","500","Complete","0.1198909","3.6699E-5","0.0996047","0.020249501","0.515625","0.0","674660","4000","15209.136106969212","15217.30790335651","11240.432710958032","1.0004372157752155","0.0052684685777992235","0","e259b6e006096a76873934a7876a399ffc6054ce8626e6a9f54fe4dc9a2a077b",""
"7","3","1","baseline","eda9ebbaefdf404a3b7fdaa0c3105584d34b2373","38e02ddef01844140e3dfdfdd87733a37d26f59aeef6fcccc67fb13ed19a7d57","vectorPerformance","likelihood8","Quantile","4","0","420013","4000","500","Complete","0.1205206","2.9101E-5","0.1017594","0.018732099","0.5","0.001","673796","4000","15027.331818683551","15033.704474475824","10491.658637470435","1.0004326935079904","0.005338364077357494","0","a6b794bfac044c42b2225f202fe85edd749f09d343dadd0c6f9a8be5b72afda0",""
"7","3","1","baseline","eda9ebbaefdf404a3b7fdaa0c3105584d34b2373","38e02ddef01844140e3dfdfdd87733a37d26f59aeef6fcccc67fb13ed19a7d57","vectorPerformance","likelihood8","Quantile","4","1","427932","4000","500","Complete","0.121546299","5.83E-5","0.1023705","0.019117499","0.4375","0.001","673825","4000","15276.658872254206","15256.4622489339","11119.716918313663","1.000391617247902","0.006419580823759208","0","50e2cecd19fa21e7ea4301720423264b745a7096caa97d8e6935a59763285f0a",""
"7","3","1","baseline","eda9ebbaefdf404a3b7fdaa0c3105584d34b2373","38e02ddef01844140e3dfdfdd87733a37d26f59aeef6fcccc67fb13ed19a7d57","vectorPerformance","likelihood8","Quantile","4","2","435851","4000","500","Complete","0.119787","3.12E-5","0.1000578","0.019698","0.4375","0.0","674482","4000","15438.964336306639","15424.356228106937","11497.88972532256","1.0006283061980878","0.01024848436056533","0","d045bb5c2ae5192b21902085068a9b62aa6f41d66d4132dc6affda22bcc4912d",""
"7","3","1","baseline","eda9ebbaefdf404a3b7fdaa0c3105584d34b2373","38e02ddef01844140e3dfdfdd87733a37d26f59aeef6fcccc67fb13ed19a7d57","vectorPerformance","likelihood8","Quantile","4","3","443770","4000","500","Complete","0.119224601","3.15E-5","0.099550501","0.0196426","0.4375","0.0","674770","4000","15279.141041189421","15290.437507693725","11098.089526704722","1.00060311853599","0.008195113181772185","0","14c0d80a24194a44695934e9fba1972daa6dc8b7383da72f1cd5837c36c4722d",""
"7","3","1","baseline","eda9ebbaefdf404a3b7fdaa0c3105584d34b2373","38e02ddef01844140e3dfdfdd87733a37d26f59aeef6fcccc67fb13ed19a7d57","vectorPerformance","likelihood8","Quantile","4","4","451689","4000","500","Complete","0.1323274","7.2399E-5","0.108909401","0.0233456","0.453125","0.002","675588","4000","15378.326224840608","15396.096164831599","11613.462866841413","1.000726442029433","0.005885612388259281","0","dffab805aa7e6a415f84c4666b5b3033cb9751a54880ba72e95a79dc87652086",""
"7","3","1","baseline","eda9ebbaefdf404a3b7fdaa0c3105584d34b2373","38e02ddef01844140e3dfdfdd87733a37d26f59aeef6fcccc67fb13ed19a7d57","vectorPerformance","mixture8","GPSS","1","-2","404175","4000","500","Complete","0.1320592","2.1399E-5","0.069213101","0.0628247","0.125","0.002","229144","4000","14.257988816324646","29.19304971339808","41.12369705555653","1.0898522442939091","0.21935070608817098","8","3b6875e17ed27fe9805ded4d871f7b5f9d73e9def0157d2b9b3ca4e8933848aa",""
"7","3","1","baseline","eda9ebbaefdf404a3b7fdaa0c3105584d34b2373","38e02ddef01844140e3dfdfdd87733a37d26f59aeef6fcccc67fb13ed19a7d57","vectorPerformance","mixture8","GPSS","1","-1","412094","4000","500","Complete","0.131740499","1.64E-5","0.0684054","0.063318699","0.125","0.001","229290","4000","18.720999899350527","39.028622707399215","46.96121523232878","1.0731938076004162","0.17813809720195017","8","abf27d85ad57f604af02f9ce976cde68729c5e5b0b9868c8021e26e9e57c9cbb",""
"7","3","1","baseline","eda9ebbaefdf404a3b7fdaa0c3105584d34b2373","38e02ddef01844140e3dfdfdd87733a37d26f59aeef6fcccc67fb13ed19a7d57","vectorPerformance","mixture8","GPSS","1","0","420013","4000","500","Complete","0.1328385","1.69E-5","0.070102099","0.062719501","0.15625","0.001","230860","4000","11.197660818981081","21.159126284650732","49.74480814386594","1.1308094060468774","0.5016290019944878","8","f1a24a91ced5488ebfe513313caafc39cdc36be309bd0944b0aca511830cdc9b",""
"7","3","1","baseline","eda9ebbaefdf404a3b7fdaa0c3105584d34b2373","38e02ddef01844140e3dfdfdd87733a37d26f59aeef6fcccc67fb13ed19a7d57","vectorPerformance","mixture8","GPSS","1","1","427932","4000","500","Complete","0.127516401","1.71E-5","0.067902501","0.0595968","0.125","0.001","227656","4000","350.3365962359708","946.1959119121931","828.0407758236613","1.006187429279826","0.489472770444491","0","3048dd7a997ec08547ffedc643f4f8ad71fb08dfc61d73588f085fae9f3b2530",""
"7","3","1","baseline","eda9ebbaefdf404a3b7fdaa0c3105584d34b2373","38e02ddef01844140e3dfdfdd87733a37d26f59aeef6fcccc67fb13ed19a7d57","vectorPerformance","mixture8","GPSS","1","2","435851","4000","500","Complete","0.1306243","1.9299E-5","0.068609901","0.0619951","0.125","0.001","230320","4000","11.885382937205895","20.922381229748733","74.65086869430434","1.127517255169642","0.6163845076767369","8","a8b0c5d28390a6bbe639426c5f3d044100be601426210b18a9d9a12faa0fdcbb",""
"7","3","1","baseline","eda9ebbaefdf404a3b7fdaa0c3105584d34b2373","38e02ddef01844140e3dfdfdd87733a37d26f59aeef6fcccc67fb13ed19a7d57","vectorPerformance","mixture8","GPSS","1","3","443770","4000","500","Complete","0.1300427","1.73E-5","0.0676983","0.0623271","0.140625","0.001","228342","4000","32.15927038708645","138.24287084259578","31.951943081965528","1.0380332431121262","0.32314994313579937","8","fb914cb87efc1f88af4218573d1acfcb2cf7af7578bb3764f9313b6f1caf9c08",""
"7","3","1","baseline","eda9ebbaefdf404a3b7fdaa0c3105584d34b2373","38e02ddef01844140e3dfdfdd87733a37d26f59aeef6fcccc67fb13ed19a7d57","vectorPerformance","mixture8","GPSS","1","4","451689","4000","500","Complete","0.130653601","1.8201E-5","0.069132999","0.061502401","0.125","0.001","231161","4000","11.42981152723505","18.51428192120557","82.97173289489884","1.1478873533286111","0.944470980985646","8","8c304b54387b3cfcaea9ca546733eb569997eadee97f924c60d4475ce4148eb9",""
"7","3","1","baseline","eda9ebbaefdf404a3b7fdaa0c3105584d34b2373","38e02ddef01844140e3dfdfdd87733a37d26f59aeef6fcccc67fb13ed19a7d57","vectorPerformance","mixture8","GPSS","2","-2","404175","4000","500","Complete","0.0960374","2.0E-5","0.057433199","0.038584201","0.25","0.002","229144","4000","14.257988816324646","29.19304971339808","41.12369705555653","1.0898522442939091","0.21935070608817098","8","3b6875e17ed27fe9805ded4d871f7b5f9d73e9def0157d2b9b3ca4e8933848aa",""
"7","3","1","baseline","eda9ebbaefdf404a3b7fdaa0c3105584d34b2373","38e02ddef01844140e3dfdfdd87733a37d26f59aeef6fcccc67fb13ed19a7d57","vectorPerformance","mixture8","GPSS","2","-1","412094","4000","500","Complete","0.0761007","1.67E-5","0.0411536","0.0349304","0.15625","0.0","229290","4000","18.720999899350527","39.028622707399215","46.96121523232878","1.0731938076004162","0.17813809720195017","8","abf27d85ad57f604af02f9ce976cde68729c5e5b0b9868c8021e26e9e57c9cbb",""
"7","3","1","baseline","eda9ebbaefdf404a3b7fdaa0c3105584d34b2373","38e02ddef01844140e3dfdfdd87733a37d26f59aeef6fcccc67fb13ed19a7d57","vectorPerformance","mixture8","GPSS","2","0","420013","4000","500","Complete","0.0783374","1.62E-5","0.0424262","0.035895","0.140625","0.001","230860","4000","11.197660818981081","21.159126284650732","49.74480814386594","1.1308094060468774","0.5016290019944878","8","f1a24a91ced5488ebfe513313caafc39cdc36be309bd0944b0aca511830cdc9b",""
"7","3","1","baseline","eda9ebbaefdf404a3b7fdaa0c3105584d34b2373","38e02ddef01844140e3dfdfdd87733a37d26f59aeef6fcccc67fb13ed19a7d57","vectorPerformance","mixture8","GPSS","2","1","427932","4000","500","Complete","0.0744529","1.72E-5","0.0422355","0.0322002","0.15625","0.001","227656","4000","350.3365962359708","946.1959119121931","828.0407758236613","1.006187429279826","0.489472770444491","0","3048dd7a997ec08547ffedc643f4f8ad71fb08dfc61d73588f085fae9f3b2530",""
"7","3","1","baseline","eda9ebbaefdf404a3b7fdaa0c3105584d34b2373","38e02ddef01844140e3dfdfdd87733a37d26f59aeef6fcccc67fb13ed19a7d57","vectorPerformance","mixture8","GPSS","2","2","435851","4000","500","Complete","0.075414601","1.8901E-5","0.0409133","0.0344824","0.15625","0.0","230320","4000","11.885382937205895","20.922381229748733","74.65086869430434","1.127517255169642","0.6163845076767369","8","a8b0c5d28390a6bbe639426c5f3d044100be601426210b18a9d9a12faa0fdcbb",""
"7","3","1","baseline","eda9ebbaefdf404a3b7fdaa0c3105584d34b2373","38e02ddef01844140e3dfdfdd87733a37d26f59aeef6fcccc67fb13ed19a7d57","vectorPerformance","mixture8","GPSS","2","3","443770","4000","500","Complete","0.0741373","1.71E-5","0.040567999","0.033552201","0.140625","0.0","228342","4000","32.15927038708645","138.24287084259578","31.951943081965528","1.0380332431121262","0.32314994313579937","8","fb914cb87efc1f88af4218573d1acfcb2cf7af7578bb3764f9313b6f1caf9c08",""
"7","3","1","baseline","eda9ebbaefdf404a3b7fdaa0c3105584d34b2373","38e02ddef01844140e3dfdfdd87733a37d26f59aeef6fcccc67fb13ed19a7d57","vectorPerformance","mixture8","GPSS","2","4","451689","4000","500","Complete","0.0770234","1.6E-5","0.041836799","0.035170601","0.15625","0.001","231161","4000","11.42981152723505","18.51428192120557","82.97173289489884","1.1478873533286111","0.944470980985646","8","8c304b54387b3cfcaea9ca546733eb569997eadee97f924c60d4475ce4148eb9",""
"7","3","1","baseline","eda9ebbaefdf404a3b7fdaa0c3105584d34b2373","38e02ddef01844140e3dfdfdd87733a37d26f59aeef6fcccc67fb13ed19a7d57","vectorPerformance","mixture8","GPSS","4","-2","404175","4000","500","Complete","0.060457501","2.0501E-5","0.0401793","0.0202577","0.25","0.0","229144","4000","14.257988816324646","29.19304971339808","41.12369705555653","1.0898522442939091","0.21935070608817098","8","3b6875e17ed27fe9805ded4d871f7b5f9d73e9def0157d2b9b3ca4e8933848aa",""
"7","3","1","baseline","eda9ebbaefdf404a3b7fdaa0c3105584d34b2373","38e02ddef01844140e3dfdfdd87733a37d26f59aeef6fcccc67fb13ed19a7d57","vectorPerformance","mixture8","GPSS","4","-1","412094","4000","500","Complete","0.0584054","1.77E-5","0.0389764","0.0194113","0.25","0.0","229290","4000","18.720999899350527","39.028622707399215","46.96121523232878","1.0731938076004162","0.17813809720195017","8","abf27d85ad57f604af02f9ce976cde68729c5e5b0b9868c8021e26e9e57c9cbb",""
"7","3","1","baseline","eda9ebbaefdf404a3b7fdaa0c3105584d34b2373","38e02ddef01844140e3dfdfdd87733a37d26f59aeef6fcccc67fb13ed19a7d57","vectorPerformance","mixture8","GPSS","4","0","420013","4000","500","Complete","0.059661201","1.58E-5","0.039289901","0.0203555","0.203125","0.0","230860","4000","11.197660818981081","21.159126284650732","49.74480814386594","1.1308094060468774","0.5016290019944878","8","f1a24a91ced5488ebfe513313caafc39cdc36be309bd0944b0aca511830cdc9b",""
"7","3","1","baseline","eda9ebbaefdf404a3b7fdaa0c3105584d34b2373","38e02ddef01844140e3dfdfdd87733a37d26f59aeef6fcccc67fb13ed19a7d57","vectorPerformance","mixture8","GPSS","4","1","427932","4000","500","Complete","0.0569538","1.6E-5","0.0386066","0.0183312","0.25","0.0","227656","4000","350.3365962359708","946.1959119121931","828.0407758236613","1.006187429279826","0.489472770444491","0","3048dd7a997ec08547ffedc643f4f8ad71fb08dfc61d73588f085fae9f3b2530",""
"7","3","1","baseline","eda9ebbaefdf404a3b7fdaa0c3105584d34b2373","38e02ddef01844140e3dfdfdd87733a37d26f59aeef6fcccc67fb13ed19a7d57","vectorPerformance","mixture8","GPSS","4","2","435851","4000","500","Complete","0.059277299","1.67E-5","0.039463499","0.0197971","0.25","0.0","230320","4000","11.885382937205895","20.922381229748733","74.65086869430434","1.127517255169642","0.6163845076767369","8","a8b0c5d28390a6bbe639426c5f3d044100be601426210b18a9d9a12faa0fdcbb",""
"7","3","1","baseline","eda9ebbaefdf404a3b7fdaa0c3105584d34b2373","38e02ddef01844140e3dfdfdd87733a37d26f59aeef6fcccc67fb13ed19a7d57","vectorPerformance","mixture8","GPSS","4","3","443770","4000","500","Complete","0.0610273","1.92E-5","0.041802899","0.019205201","0.234375","0.001","228342","4000","32.15927038708645","138.24287084259578","31.951943081965528","1.0380332431121262","0.32314994313579937","8","fb914cb87efc1f88af4218573d1acfcb2cf7af7578bb3764f9313b6f1caf9c08",""
"7","3","1","baseline","eda9ebbaefdf404a3b7fdaa0c3105584d34b2373","38e02ddef01844140e3dfdfdd87733a37d26f59aeef6fcccc67fb13ed19a7d57","vectorPerformance","mixture8","GPSS","4","4","451689","4000","500","Complete","0.0611849","1.77E-5","0.041290299","0.019876901","0.265625","0.0","231161","4000","11.42981152723505","18.51428192120557","82.97173289489884","1.1478873533286111","0.944470980985646","8","8c304b54387b3cfcaea9ca546733eb569997eadee97f924c60d4475ce4148eb9",""
"7","3","1","baseline","eda9ebbaefdf404a3b7fdaa0c3105584d34b2373","38e02ddef01844140e3dfdfdd87733a37d26f59aeef6fcccc67fb13ed19a7d57","vectorPerformance","mixture8","Quantile","1","-2","404175","4000","500","Complete","0.228263099","3.07E-5","0.159374299","0.0688581","0.21875","0.004","794544","4000","4.187636809868029","7.060337598855363","26.16378128764236","1.5288331364789502","3.256985326991021","8","08478ec37e7016f0a746f5541369d3f27e6780b3d77ac0dd3727aedc458b8a7f",""
"7","3","1","baseline","eda9ebbaefdf404a3b7fdaa0c3105584d34b2373","38e02ddef01844140e3dfdfdd87733a37d26f59aeef6fcccc67fb13ed19a7d57","vectorPerformance","mixture8","Quantile","1","-1","412094","4000","500","Complete","0.2255462","1.53E-5","0.1625659","0.062965","0.234375","0.001","816779","4000","13172.219750891138","13222.282432153374","9557.095877190202","1.0009523655339596","4.505381108384656","0","df0a2d121acaf8121fe4585bac661d116d56b94d4bbd87d7554b9b56bc69a16b",""
"7","3","1","baseline","eda9ebbaefdf404a3b7fdaa0c3105584d34b2373","38e02ddef01844140e3dfdfdd87733a37d26f59aeef6fcccc67fb13ed19a7d57","vectorPerformance","mixture8","Quantile","1","0","420013","4000","500","Complete","0.2227209","1.64E-5","0.157873899","0.064830601","0.234375","0.001","794198","4000","4.186058672517822","7.066033020998243","25.872565892706334","1.528293121197245","3.254959184947837","8","298edcccf4cb67bd1d71a2c67eaac49d9c2f065b01ce89b5a425470b4ac34246",""
"7","3","1","baseline","eda9ebbaefdf404a3b7fdaa0c3105584d34b2373","38e02ddef01844140e3dfdfdd87733a37d26f59aeef6fcccc67fb13ed19a7d57","vectorPerformance","mixture8","Quantile","1","1","427932","4000","500","Complete","0.2264093","1.6201E-5","0.1624428","0.063950299","0.234375","0.001","793428","4000","4.1830750512240416","7.063117190644894","25.56957561795727","1.5283657513611182","3.2567621870613133","8","273d5a969b71614959a723e90feee880f8890fbdd52ed734512ecdb8349192a1",""
"7","3","1","baseline","eda9ebbaefdf404a3b7fdaa0c3105584d34b2373","38e02ddef01844140e3dfdfdd87733a37d26f59aeef6fcccc67fb13ed19a7d57","vectorPerformance","mixture8","Quantile","1","2","435851","4000","500","Complete","0.2259655","1.44E-5","0.1649806","0.0609705","0.21875","0.001","819559","4000","13453.176078554361","13421.262962358194","9216.280792110578","1.0005674240480147","4.502788958677054","0","d8c678a9202d9a68411f907dc58204bfa1e84fa81561ad1055f777dd4b42c6f2",""
"7","3","1","baseline","eda9ebbaefdf404a3b7fdaa0c3105584d34b2373","38e02ddef01844140e3dfdfdd87733a37d26f59aeef6fcccc67fb13ed19a7d57","vectorPerformance","mixture8","Quantile","1","3","443770","4000","500","Complete","0.2287853","1.53E-5","0.16362","0.06515","0.234375","0.002","818525","4000","14133.815442025896","14200.524096105466","9050.625427824825","1.0007425189374404","4.512149086714977","0","1bb1a4f128a60c3df02103528fa01749d02171821dd07470e5dae7f5e8630625",""
"7","3","1","baseline","eda9ebbaefdf404a3b7fdaa0c3105584d34b2373","38e02ddef01844140e3dfdfdd87733a37d26f59aeef6fcccc67fb13ed19a7d57","vectorPerformance","mixture8","Quantile","1","4","451689","4000","500","Complete","0.226204899","1.58E-5","0.163627199","0.0625619","0.234375","0.0","819229","4000","12826.818650755431","12819.884446949432","9099.649034826969","1.000430048273552","4.504000123365279","0","678212121ddd43756b45e7bd2e21e3caba79bf54b0c78a22985c55552046cf37",""
"7","3","1","baseline","eda9ebbaefdf404a3b7fdaa0c3105584d34b2373","38e02ddef01844140e3dfdfdd87733a37d26f59aeef6fcccc67fb13ed19a7d57","vectorPerformance","mixture8","Quantile","2","-2","404175","4000","500","Complete","0.134062","1.54E-5","0.099525","0.0345216","0.265625","0.002","794544","4000","4.187636809868029","7.060337598855363","26.16378128764236","1.5288331364789502","3.256985326991021","8","08478ec37e7016f0a746f5541369d3f27e6780b3d77ac0dd3727aedc458b8a7f",""
"7","3","1","baseline","eda9ebbaefdf404a3b7fdaa0c3105584d34b2373","38e02ddef01844140e3dfdfdd87733a37d26f59aeef6fcccc67fb13ed19a7d57","vectorPerformance","mixture8","Quantile","2","-1","412094","4000","500","Complete","0.1336608","2.03E-5","0.0998403","0.0338002","0.28125","0.0","816779","4000","13172.219750891138","13222.282432153374","9557.095877190202","1.0009523655339596","4.505381108384656","0","df0a2d121acaf8121fe4585bac661d116d56b94d4bbd87d7554b9b56bc69a16b",""
"7","3","1","baseline","eda9ebbaefdf404a3b7fdaa0c3105584d34b2373","38e02ddef01844140e3dfdfdd87733a37d26f59aeef6fcccc67fb13ed19a7d57","vectorPerformance","mixture8","Quantile","2","0","420013","4000","500","Complete","0.133649999","1.68E-5","0.0985379","0.035095299","0.28125","0.001","794198","4000","4.186058672517822","7.066033020998243","25.872565892706334","1.528293121197245","3.254959184947837","8","298edcccf4cb67bd1d71a2c67eaac49d9c2f065b01ce89b5a425470b4ac34246",""
"7","3","1","baseline","eda9ebbaefdf404a3b7fdaa0c3105584d34b2373","38e02ddef01844140e3dfdfdd87733a37d26f59aeef6fcccc67fb13ed19a7d57","vectorPerformance","mixture8","Quantile","2","1","427932","4000","500","Complete","0.1343403","1.49E-5","0.0993305","0.0349949","0.25","0.001","793428","4000","4.1830750512240416","7.063117190644894","25.56957561795727","1.5283657513611182","3.2567621870613133","8","273d5a969b71614959a723e90feee880f8890fbdd52ed734512ecdb8349192a1",""
"7","3","1","baseline","eda9ebbaefdf404a3b7fdaa0c3105584d34b2373","38e02ddef01844140e3dfdfdd87733a37d26f59aeef6fcccc67fb13ed19a7d57","vectorPerformance","mixture8","Quantile","2","2","435851","4000","500","Complete","0.1323912","1.64E-5","0.099722799","0.032652001","0.265625","0.002","819559","4000","13453.176078554361","13421.262962358194","9216.280792110578","1.0005674240480147","4.502788958677054","0","d8c678a9202d9a68411f907dc58204bfa1e84fa81561ad1055f777dd4b42c6f2",""
"7","3","1","baseline","eda9ebbaefdf404a3b7fdaa0c3105584d34b2373","38e02ddef01844140e3dfdfdd87733a37d26f59aeef6fcccc67fb13ed19a7d57","vectorPerformance","mixture8","Quantile","2","3","443770","4000","500","Complete","0.1339097","1.6E-5","0.0989287","0.034965","0.25","0.001","818525","4000","14133.815442025896","14200.524096105466","9050.625427824825","1.0007425189374404","4.512149086714977","0","1bb1a4f128a60c3df02103528fa01749d02171821dd07470e5dae7f5e8630625",""
"7","3","1","baseline","eda9ebbaefdf404a3b7fdaa0c3105584d34b2373","38e02ddef01844140e3dfdfdd87733a37d26f59aeef6fcccc67fb13ed19a7d57","vectorPerformance","mixture8","Quantile","2","4","451689","4000","500","Complete","0.1330889","1.33E-5","0.1007073","0.0323683","0.28125","0.0","819229","4000","12826.818650755431","12819.884446949432","9099.649034826969","1.000430048273552","4.504000123365279","0","678212121ddd43756b45e7bd2e21e3caba79bf54b0c78a22985c55552046cf37",""
"7","3","1","baseline","eda9ebbaefdf404a3b7fdaa0c3105584d34b2373","38e02ddef01844140e3dfdfdd87733a37d26f59aeef6fcccc67fb13ed19a7d57","vectorPerformance","mixture8","Quantile","4","-2","404175","4000","500","Complete","0.097472801","1.51E-5","0.073205801","0.0242519","0.640625","0.002","794544","4000","4.187636809868029","7.060337598855363","26.16378128764236","1.5288331364789502","3.256985326991021","8","08478ec37e7016f0a746f5541369d3f27e6780b3d77ac0dd3727aedc458b8a7f",""
"7","3","1","baseline","eda9ebbaefdf404a3b7fdaa0c3105584d34b2373","38e02ddef01844140e3dfdfdd87733a37d26f59aeef6fcccc67fb13ed19a7d57","vectorPerformance","mixture8","Quantile","4","-1","412094","4000","500","Complete","0.094338901","1.46E-5","0.074569401","0.0197549","0.375","0.0","816779","4000","13172.219750891138","13222.282432153374","9557.095877190202","1.0009523655339596","4.505381108384656","0","df0a2d121acaf8121fe4585bac661d116d56b94d4bbd87d7554b9b56bc69a16b",""
"7","3","1","baseline","eda9ebbaefdf404a3b7fdaa0c3105584d34b2373","38e02ddef01844140e3dfdfdd87733a37d26f59aeef6fcccc67fb13ed19a7d57","vectorPerformance","mixture8","Quantile","4","0","420013","4000","500","Complete","0.0952328","1.61E-5","0.072643799","0.022572901","0.359375","0.001","794198","4000","4.186058672517822","7.066033020998243","25.872565892706334","1.528293121197245","3.254959184947837","8","298edcccf4cb67bd1d71a2c67eaac49d9c2f065b01ce89b5a425470b4ac34246",""
"7","3","1","baseline","eda9ebbaefdf404a3b7fdaa0c3105584d34b2373","38e02ddef01844140e3dfdfdd87733a37d26f59aeef6fcccc67fb13ed19a7d57","vectorPerformance","mixture8","Quantile","4","1","427932","4000","500","Complete","0.0980689","1.54E-5","0.0763652","0.0216883","0.375","0.002","793428","4000","4.1830750512240416","7.063117190644894","25.56957561795727","1.5283657513611182","3.2567621870613133","8","273d5a969b71614959a723e90feee880f8890fbdd52ed734512ecdb8349192a1",""
"7","3","1","baseline","eda9ebbaefdf404a3b7fdaa0c3105584d34b2373","38e02ddef01844140e3dfdfdd87733a37d26f59aeef6fcccc67fb13ed19a7d57","vectorPerformance","mixture8","Quantile","4","2","435851","4000","500","Complete","0.0969013","1.49E-5","0.0776681","0.0192183","0.4375","0.002","819559","4000","13453.176078554361","13421.262962358194","9216.280792110578","1.0005674240480147","4.502788958677054","0","d8c678a9202d9a68411f907dc58204bfa1e84fa81561ad1055f777dd4b42c6f2",""
"7","3","1","baseline","eda9ebbaefdf404a3b7fdaa0c3105584d34b2373","38e02ddef01844140e3dfdfdd87733a37d26f59aeef6fcccc67fb13ed19a7d57","vectorPerformance","mixture8","Quantile","4","3","443770","4000","500","Complete","0.097437799","1.55E-5","0.0788964","0.018525899","0.375","0.002","818525","4000","14133.815442025896","14200.524096105466","9050.625427824825","1.0007425189374404","4.512149086714977","0","1bb1a4f128a60c3df02103528fa01749d02171821dd07470e5dae7f5e8630625",""
"7","3","1","baseline","eda9ebbaefdf404a3b7fdaa0c3105584d34b2373","38e02ddef01844140e3dfdfdd87733a37d26f59aeef6fcccc67fb13ed19a7d57","vectorPerformance","mixture8","Quantile","4","4","451689","4000","500","Complete","0.0950205","1.59E-5","0.075727301","0.019277299","0.375","0.001","819229","4000","12826.818650755431","12819.884446949432","9099.649034826969","1.000430048273552","4.504000123365279","0","678212121ddd43756b45e7bd2e21e3caba79bf54b0c78a22985c55552046cf37",""
"7","3","1","baseline","eda9ebbaefdf404a3b7fdaa0c3105584d34b2373","38e02ddef01844140e3dfdfdd87733a37d26f59aeef6fcccc67fb13ed19a7d57","vectorPerformance","positive32","GPSS","1","-2","404175","4000","500","Complete","0.4162496","2.3599E-5","0.175884501","0.2403415","0.40625","0.003","312248","4000","6.507081555422677","8.267454120088496","11.239726363241573","1.4243493212370788","0.9111742118510904","32","e1f462be7160698fc96433c37d8e6460fa2b583d96e58a05af89904985ee97c5",""
"7","3","1","baseline","eda9ebbaefdf404a3b7fdaa0c3105584d34b2373","38e02ddef01844140e3dfdfdd87733a37d26f59aeef6fcccc67fb13ed19a7d57","vectorPerformance","positive32","GPSS","1","-1","412094","4000","500","Complete","0.418395001","2.4101E-5","0.1778314","0.2405395","0.40625","0.003","312989","4000","5.495322761597328","8.012492423835413","12.29336507256984","1.4621066333934736","0.5327465027759886","32","047503de7ceb57f45f2c33ddf27b78c64d75cb6665a40538a8909c85da9d2c02",""
"7","3","1","baseline","eda9ebbaefdf404a3b7fdaa0c3105584d34b2373","38e02ddef01844140e3dfdfdd87733a37d26f59aeef6fcccc67fb13ed19a7d57","vectorPerformance","positive32","GPSS","1","0","420013","4000","500","Complete","0.417846001","2.3501E-5","0.1777034","0.2401191","0.75","0.003","315080","4000","5.054210848500271","6.4086389980297715","11.498400167812514","1.682066869867944","1.124774421937512","32","9182bbb858877f9a625ab3c8ae05e7120fdc466f42d5a1dceccf9395da6065e9",""
"7","3","1","baseline","eda9ebbaefdf404a3b7fdaa0c3105584d34b2373","38e02ddef01844140e3dfdfdd87733a37d26f59aeef6fcccc67fb13ed19a7d57","vectorPerformance","positive32","GPSS","1","1","427932","4000","500","Complete","0.4241603","2.21E-5","0.1758606","0.2482776","0.765625","0.006","310499","4000","4.949526595516298","7.4253970060875725","11.370735805288119","1.496332455560683","0.5218258205642705","32","f0d7064a140efac0e8d7992843e936b5b1ea4f33b336f96c18ed34d07d4ff733",""
"7","3","1","baseline","eda9ebbaefdf404a3b7fdaa0c3105584d34b2373","38e02ddef01844140e3dfdfdd87733a37d26f59aeef6fcccc67fb13ed19a7d57","vectorPerformance","positive32","GPSS","1","2","435851","4000","500","Complete","0.4180559","2.3399E-5","0.175970101","0.2420624","0.40625","0.002","312895","4000","6.595439608345559","8.875134343603566","10.947737821804315","1.3815878832703925","0.38311879002350624","32","0365e43fa384cead64ff9f89d32ea3ea9edfdb1f4523fadebe6c708ca213e343",""
"7","3","1","baseline","eda9ebbaefdf404a3b7fdaa0c3105584d34b2373","38e02ddef01844140e3dfdfdd87733a37d26f59aeef6fcccc67fb13ed19a7d57","vectorPerformance","positive32","GPSS","1","3","443770","4000","500","Complete","0.4238716","2.39E-5","0.182540899","0.241306801","0.421875","0.002","322378","4000","4.786571198089734","5.896539279571406","11.375709989448119","1.7909712039019074","1.5561805918696656","32","6ad6daee0ad4e8690da4c2f3a9ad5ab953ab95d6f3a80ac9994366367dae6f68",""
"7","3","1","baseline","eda9ebbaefdf404a3b7fdaa0c3105584d34b2373","38e02ddef01844140e3dfdfdd87733a37d26f59aeef6fcccc67fb13ed19a7d57","vectorPerformance","positive32","GPSS","1","4","451689","4000","500","Complete","0.4211153","2.33E-5","0.1745114","0.2465806","0.421875","0.005","312493","4000","7.11180708957874","8.71283262637544","16.641164170760746","1.408214647506748","0.6415784047018325","32","b56b7859597de05ce23273ba96ae874e4baee6fad0f20d955b87448e5465d676",""
"7","3","1","baseline","eda9ebbaefdf404a3b7fdaa0c3105584d34b2373","38e02ddef01844140e3dfdfdd87733a37d26f59aeef6fcccc67fb13ed19a7d57","vectorPerformance","positive32","GPSS","2","-2","404175","4000","500","Complete","0.2471873","2.27E-5","0.1218068","0.1253578","0.5625","0.002","312248","4000","6.507081555422677","8.267454120088496","11.239726363241573","1.4243493212370788","0.9111742118510904","32","e1f462be7160698fc96433c37d8e6460fa2b583d96e58a05af89904985ee97c5",""
"7","3","1","baseline","eda9ebbaefdf404a3b7fdaa0c3105584d34b2373","38e02ddef01844140e3dfdfdd87733a37d26f59aeef6fcccc67fb13ed19a7d57","vectorPerformance","positive32","GPSS","2","-1","412094","4000","500","Complete","0.2435044","2.2399E-5","0.109303801","0.1341782","0.46875","0.004","312989","4000","5.495322761597328","8.012492423835413","12.29336507256984","1.4621066333934736","0.5327465027759886","32","047503de7ceb57f45f2c33ddf27b78c64d75cb6665a40538a8909c85da9d2c02",""
"7","3","1","baseline","eda9ebbaefdf404a3b7fdaa0c3105584d34b2373","38e02ddef01844140e3dfdfdd87733a37d26f59aeef6fcccc67fb13ed19a7d57","vectorPerformance","positive32","GPSS","2","0","420013","4000","500","Complete","0.2406629","2.23E-5","0.1083491","0.1322915","0.625","0.004","315080","4000","5.054210848500271","6.4086389980297715","11.498400167812514","1.682066869867944","1.124774421937512","32","9182bbb858877f9a625ab3c8ae05e7120fdc466f42d5a1dceccf9395da6065e9",""
"7","3","1","baseline","eda9ebbaefdf404a3b7fdaa0c3105584d34b2373","38e02ddef01844140e3dfdfdd87733a37d26f59aeef6fcccc67fb13ed19a7d57","vectorPerformance","positive32","GPSS","2","1","427932","4000","500","Complete","0.2413573","2.6399E-5","0.107339201","0.1339917","0.46875","0.004","310499","4000","4.949526595516298","7.4253970060875725","11.370735805288119","1.496332455560683","0.5218258205642705","32","f0d7064a140efac0e8d7992843e936b5b1ea4f33b336f96c18ed34d07d4ff733",""
"7","3","1","baseline","eda9ebbaefdf404a3b7fdaa0c3105584d34b2373","38e02ddef01844140e3dfdfdd87733a37d26f59aeef6fcccc67fb13ed19a7d57","vectorPerformance","positive32","GPSS","2","2","435851","4000","500","Complete","0.2426612","2.77E-5","0.111048399","0.131585101","0.46875","0.003","312895","4000","6.595439608345559","8.875134343603566","10.947737821804315","1.3815878832703925","0.38311879002350624","32","0365e43fa384cead64ff9f89d32ea3ea9edfdb1f4523fadebe6c708ca213e343",""
"7","3","1","baseline","eda9ebbaefdf404a3b7fdaa0c3105584d34b2373","38e02ddef01844140e3dfdfdd87733a37d26f59aeef6fcccc67fb13ed19a7d57","vectorPerformance","positive32","GPSS","2","3","443770","4000","500","Complete","0.242947999","2.5999E-5","0.110377401","0.132544599","0.515625","0.004","322378","4000","4.786571198089734","5.896539279571406","11.375709989448119","1.7909712039019074","1.5561805918696656","32","6ad6daee0ad4e8690da4c2f3a9ad5ab953ab95d6f3a80ac9994366367dae6f68",""
"7","3","1","baseline","eda9ebbaefdf404a3b7fdaa0c3105584d34b2373","38e02ddef01844140e3dfdfdd87733a37d26f59aeef6fcccc67fb13ed19a7d57","vectorPerformance","positive32","GPSS","2","4","451689","4000","500","Complete","0.241715","2.35E-5","0.108027399","0.133664101","0.8125","0.004","312493","4000","7.11180708957874","8.71283262637544","16.641164170760746","1.408214647506748","0.6415784047018325","32","b56b7859597de05ce23273ba96ae874e4baee6fad0f20d955b87448e5465d676",""
"7","3","1","baseline","eda9ebbaefdf404a3b7fdaa0c3105584d34b2373","38e02ddef01844140e3dfdfdd87733a37d26f59aeef6fcccc67fb13ed19a7d57","vectorPerformance","positive32","GPSS","4","-2","404175","4000","500","Complete","0.171081799","4.12E-5","0.0936909","0.077349699","0.6875","0.004","312248","4000","6.507081555422677","8.267454120088496","11.239726363241573","1.4243493212370788","0.9111742118510904","32","e1f462be7160698fc96433c37d8e6460fa2b583d96e58a05af89904985ee97c5",""
"7","3","1","baseline","eda9ebbaefdf404a3b7fdaa0c3105584d34b2373","38e02ddef01844140e3dfdfdd87733a37d26f59aeef6fcccc67fb13ed19a7d57","vectorPerformance","positive32","GPSS","4","-1","412094","4000","500","Complete","0.1728436","2.28E-5","0.092347299","0.080473501","0.703125","0.005","312989","4000","5.495322761597328","8.012492423835413","12.29336507256984","1.4621066333934736","0.5327465027759886","32","047503de7ceb57f45f2c33ddf27b78c64d75cb6665a40538a8909c85da9d2c02",""
"7","3","1","baseline","eda9ebbaefdf404a3b7fdaa0c3105584d34b2373","38e02ddef01844140e3dfdfdd87733a37d26f59aeef6fcccc67fb13ed19a7d57","vectorPerformance","positive32","GPSS","4","0","420013","4000","500","Complete","0.168070801","2.3801E-5","0.0941298","0.0739172","0.6875","0.003","315080","4000","5.054210848500271","6.4086389980297715","11.498400167812514","1.682066869867944","1.124774421937512","32","9182bbb858877f9a625ab3c8ae05e7120fdc466f42d5a1dceccf9395da6065e9",""
"7","3","1","baseline","eda9ebbaefdf404a3b7fdaa0c3105584d34b2373","38e02ddef01844140e3dfdfdd87733a37d26f59aeef6fcccc67fb13ed19a7d57","vectorPerformance","positive32","GPSS","4","1","427932","4000","500","Complete","0.1674275","2.4E-5","0.094364099","0.073039401","0.625","0.003","310499","4000","4.949526595516298","7.4253970060875725","11.370735805288119","1.496332455560683","0.5218258205642705","32","f0d7064a140efac0e8d7992843e936b5b1ea4f33b336f96c18ed34d07d4ff733",""
"7","3","1","baseline","eda9ebbaefdf404a3b7fdaa0c3105584d34b2373","38e02ddef01844140e3dfdfdd87733a37d26f59aeef6fcccc67fb13ed19a7d57","vectorPerformance","positive32","GPSS","4","2","435851","4000","500","Complete","0.166946601","2.4301E-5","0.0940683","0.072854","0.640625","0.004","312895","4000","6.595439608345559","8.875134343603566","10.947737821804315","1.3815878832703925","0.38311879002350624","32","0365e43fa384cead64ff9f89d32ea3ea9edfdb1f4523fadebe6c708ca213e343",""
"7","3","1","baseline","eda9ebbaefdf404a3b7fdaa0c3105584d34b2373","38e02ddef01844140e3dfdfdd87733a37d26f59aeef6fcccc67fb13ed19a7d57","vectorPerformance","positive32","GPSS","4","3","443770","4000","500","Complete","0.1721961","2.5999E-5","0.100494401","0.0716757","0.671875","0.002","322378","4000","4.786571198089734","5.896539279571406","11.375709989448119","1.7909712039019074","1.5561805918696656","32","6ad6daee0ad4e8690da4c2f3a9ad5ab953ab95d6f3a80ac9994366367dae6f68",""
"7","3","1","baseline","eda9ebbaefdf404a3b7fdaa0c3105584d34b2373","38e02ddef01844140e3dfdfdd87733a37d26f59aeef6fcccc67fb13ed19a7d57","vectorPerformance","positive32","GPSS","4","4","451689","4000","500","Complete","0.1690631","2.2601E-5","0.094829899","0.0742106","0.6875","0.002","312493","4000","7.11180708957874","8.71283262637544","16.641164170760746","1.408214647506748","0.6415784047018325","32","b56b7859597de05ce23273ba96ae874e4baee6fad0f20d955b87448e5465d676",""
"7","3","1","baseline","eda9ebbaefdf404a3b7fdaa0c3105584d34b2373","38e02ddef01844140e3dfdfdd87733a37d26f59aeef6fcccc67fb13ed19a7d57","vectorPerformance","positive32","Quantile","1","-2","404175","4000","500","Complete","0.646607401","2.0701E-5","0.3981324","0.2484543","0.625","0.008","2332703","4000","8030.260361578566","7443.725542312934","10980.95587684255","1.0012073242374708","0.03162578897149504","0","109d1589a3cfa1856056d074588bf62a00242342be20aaa02c7f9fa0c3d02464",""
"7","3","1","baseline","eda9ebbaefdf404a3b7fdaa0c3105584d34b2373","38e02ddef01844140e3dfdfdd87733a37d26f59aeef6fcccc67fb13ed19a7d57","vectorPerformance","positive32","Quantile","1","-1","412094","4000","500","Complete","0.6494802","2.2299E-5","0.4051942","0.244263701","0.640625","0.006","2332056","4000","7849.260320702932","7497.08911341319","10218.844461352033","1.000850226319869","0.023734462941020107","0","2e7ae8f39b7d995378c03be6210919257cb3c5da65a71f7499cfe9fc1c43ddaa",""
"7","3","1","baseline","eda9ebbaefdf404a3b7fdaa0c3105584d34b2373","38e02ddef01844140e3dfdfdd87733a37d26f59aeef6fcccc67fb13ed19a7d57","vectorPerformance","positive32","Quantile","1","0","420013","4000","500","Complete","0.6440541","3.38E-5","0.393386599","0.250633701","0.640625","0.007","2331456","4000","8061.462008922536","7644.287188277893","10396.228328686206","1.000767355772193","0.026399068267307313","0","b1c80d02d980f561db28b8e8c75872a90bfe94527189f07f4dfe1c9226d272e5",""
"7","3","1","baseline","eda9ebbaefdf404a3b7fdaa0c3105584d34b2373","38e02ddef01844140e3dfdfdd87733a37d26f59aeef6fcccc67fb13ed19a7d57","vectorPerformance","positive32","Quantile","1","1","427932","4000","500","Complete","0.642226299","1.99E-5","0.3979833","0.244223099","0.640625","0.005","2330866","4000","7748.716822064378","7364.471868294603","10702.763364386927","1.0006942215274883","0.030448865944532777","0","218737eae3e2da277e8b65fe3a76bd5f04046950597185a676bdc475001c1e46",""
"7","3","1","baseline","eda9ebbaefdf404a3b7fdaa0c3105584d34b2373","38e02ddef01844140e3dfdfdd87733a37d26f59aeef6fcccc67fb13ed19a7d57","vectorPerformance","positive32","Quantile","1","2","435851","4000","500","Complete","0.6461417","2.25E-5","0.3967617","0.2493575","0.6875","0.009","2331863","4000","7994.761109518766","7444.795092892279","10756.070846197807","1.0010742652566522","0.026722483101742966","0","fb50892c47662c7c9c7473b45775635e782a20ef09488c3bc7f407bd559adfe3",""
"7","3","1","baseline","eda9ebbaefdf404a3b7fdaa0c3105584d34b2373","38e02ddef01844140e3dfdfdd87733a37d26f59aeef6fcccc67fb13ed19a7d57","vectorPerformance","positive32","Quantile","1","3","443770","4000","500","Complete","0.6517982","4.73E-5","0.399238599","0.252512301","0.6875","0.013","2331071","4000","8046.326204198977","7094.826103737033","10587.156707045673","1.0006492486922247","0.022192055198105076","0","ea829d033823c80e3ad79c2bf9f4c957103c19055e7f39ac840ae3dd8ecf7787",""
"7","3","1","baseline","eda9ebbaefdf404a3b7fdaa0c3105584d34b2373","38e02ddef01844140e3dfdfdd87733a37d26f59aeef6fcccc67fb13ed19a7d57","vectorPerformance","positive32","Quantile","1","4","451689","4000","500","Complete","0.6457618","1.94E-5","0.397420499","0.248321901","0.640625","0.006","2329615","4000","8049.572429524939","7585.9302215949265","10803.178568962107","1.001435614653514","0.019996657665890316","0","f2275fab90488b6e0703edb3fe7b6bef8718ce8c0b14a645dc9d2b61880d135c",""
"7","3","1","baseline","eda9ebbaefdf404a3b7fdaa0c3105584d34b2373","38e02ddef01844140e3dfdfdd87733a37d26f59aeef6fcccc67fb13ed19a7d57","vectorPerformance","positive32","Quantile","2","-2","404175","4000","500","Complete","0.3738141","1.97E-5","0.2450839","0.1287105","0.765625","0.006","2332703","4000","8030.260361578566","7443.725542312934","10980.95587684255","1.0012073242374708","0.03162578897149504","0","109d1589a3cfa1856056d074588bf62a00242342be20aaa02c7f9fa0c3d02464",""
"7","3","1","baseline","eda9ebbaefdf404a3b7fdaa0c3105584d34b2373","38e02ddef01844140e3dfdfdd87733a37d26f59aeef6fcccc67fb13ed19a7d57","vectorPerformance","positive32","Quantile","2","-1","412094","4000","500","Complete","0.3462793","2.0E-5","0.2192338","0.1270255","1.03125","0.007","2332056","4000","7849.260320702932","7497.08911341319","10218.844461352033","1.000850226319869","0.023734462941020107","0","2e7ae8f39b7d995378c03be6210919257cb3c5da65a71f7499cfe9fc1c43ddaa",""
"7","3","1","baseline","eda9ebbaefdf404a3b7fdaa0c3105584d34b2373","38e02ddef01844140e3dfdfdd87733a37d26f59aeef6fcccc67fb13ed19a7d57","vectorPerformance","positive32","Quantile","2","0","420013","4000","500","Complete","0.347942801","2.0001E-5","0.2187337","0.1291891","0.71875","0.007","2331456","4000","8061.462008922536","7644.287188277893","10396.228328686206","1.000767355772193","0.026399068267307313","0","b1c80d02d980f561db28b8e8c75872a90bfe94527189f07f4dfe1c9226d272e5",""
"7","3","1","baseline","eda9ebbaefdf404a3b7fdaa0c3105584d34b2373","38e02ddef01844140e3dfdfdd87733a37d26f59aeef6fcccc67fb13ed19a7d57","vectorPerformance","positive32","Quantile","2","1","427932","4000","500","Complete","0.346524699","2.08E-5","0.2202089","0.126294999","0.71875","0.006","2330866","4000","7748.716822064378","7364.471868294603","10702.763364386927","1.0006942215274883","0.030448865944532777","0","218737eae3e2da277e8b65fe3a76bd5f04046950597185a676bdc475001c1e46",""
"7","3","1","baseline","eda9ebbaefdf404a3b7fdaa0c3105584d34b2373","38e02ddef01844140e3dfdfdd87733a37d26f59aeef6fcccc67fb13ed19a7d57","vectorPerformance","positive32","Quantile","2","2","435851","4000","500","Complete","0.3440902","2.3599E-5","0.215569","0.128497601","0.6875","0.008","2331863","4000","7994.761109518766","7444.795092892279","10756.070846197807","1.0010742652566522","0.026722483101742966","0","fb50892c47662c7c9c7473b45775635e782a20ef09488c3bc7f407bd559adfe3",""
"7","3","1","baseline","eda9ebbaefdf404a3b7fdaa0c3105584d34b2373","38e02ddef01844140e3dfdfdd87733a37d26f59aeef6fcccc67fb13ed19a7d57","vectorPerformance","positive32","Quantile","2","3","443770","4000","500","Complete","0.347647","2.8E-5","0.2177001","0.1299189","0.703125","0.005","2331071","4000","8046.326204198977","7094.826103737033","10587.156707045673","1.0006492486922247","0.022192055198105076","0","ea829d033823c80e3ad79c2bf9f4c957103c19055e7f39ac840ae3dd8ecf7787",""
"7","3","1","baseline","eda9ebbaefdf404a3b7fdaa0c3105584d34b2373","38e02ddef01844140e3dfdfdd87733a37d26f59aeef6fcccc67fb13ed19a7d57","vectorPerformance","positive32","Quantile","2","4","451689","4000","500","Complete","0.347124701","2.0801E-5","0.218620599","0.128483301","1.015625","0.007","2329615","4000","8049.572429524939","7585.9302215949265","10803.178568962107","1.001435614653514","0.019996657665890316","0","f2275fab90488b6e0703edb3fe7b6bef8718ce8c0b14a645dc9d2b61880d135c",""
"7","3","1","baseline","eda9ebbaefdf404a3b7fdaa0c3105584d34b2373","38e02ddef01844140e3dfdfdd87733a37d26f59aeef6fcccc67fb13ed19a7d57","vectorPerformance","positive32","Quantile","4","-2","404175","4000","500","Complete","0.2459361","2.04E-5","0.1762344","0.0696813","0.953125","0.005","2332703","4000","8030.260361578566","7443.725542312934","10980.95587684255","1.0012073242374708","0.03162578897149504","0","109d1589a3cfa1856056d074588bf62a00242342be20aaa02c7f9fa0c3d02464",""
"7","3","1","baseline","eda9ebbaefdf404a3b7fdaa0c3105584d34b2373","38e02ddef01844140e3dfdfdd87733a37d26f59aeef6fcccc67fb13ed19a7d57","vectorPerformance","positive32","Quantile","4","-1","412094","4000","500","Complete","0.2504286","1.9899E-5","0.178863001","0.0715457","1.0","0.005","2332056","4000","7849.260320702932","7497.08911341319","10218.844461352033","1.000850226319869","0.023734462941020107","0","2e7ae8f39b7d995378c03be6210919257cb3c5da65a71f7499cfe9fc1c43ddaa",""
"7","3","1","baseline","eda9ebbaefdf404a3b7fdaa0c3105584d34b2373","38e02ddef01844140e3dfdfdd87733a37d26f59aeef6fcccc67fb13ed19a7d57","vectorPerformance","positive32","Quantile","4","0","420013","4000","500","Complete","0.2460346","2.11E-5","0.1774555","0.068558","1.0","0.006","2331456","4000","8061.462008922536","7644.287188277893","10396.228328686206","1.000767355772193","0.026399068267307313","0","b1c80d02d980f561db28b8e8c75872a90bfe94527189f07f4dfe1c9226d272e5",""
"7","3","1","baseline","eda9ebbaefdf404a3b7fdaa0c3105584d34b2373","38e02ddef01844140e3dfdfdd87733a37d26f59aeef6fcccc67fb13ed19a7d57","vectorPerformance","positive32","Quantile","4","1","427932","4000","500","Complete","0.2486607","1.99E-5","0.1751297","0.0735111","1.015625","0.008","2330866","4000","7748.716822064378","7364.471868294603","10702.763364386927","1.0006942215274883","0.030448865944532777","0","218737eae3e2da277e8b65fe3a76bd5f04046950597185a676bdc475001c1e46",""
"7","3","1","baseline","eda9ebbaefdf404a3b7fdaa0c3105584d34b2373","38e02ddef01844140e3dfdfdd87733a37d26f59aeef6fcccc67fb13ed19a7d57","vectorPerformance","positive32","Quantile","4","2","435851","4000","500","Complete","0.2484929","2.14E-5","0.1775909","0.0708806","1.296875","0.006","2331863","4000","7994.761109518766","7444.795092892279","10756.070846197807","1.0010742652566522","0.026722483101742966","0","fb50892c47662c7c9c7473b45775635e782a20ef09488c3bc7f407bd559adfe3",""
"7","3","1","baseline","eda9ebbaefdf404a3b7fdaa0c3105584d34b2373","38e02ddef01844140e3dfdfdd87733a37d26f59aeef6fcccc67fb13ed19a7d57","vectorPerformance","positive32","Quantile","4","3","443770","4000","500","Complete","0.249704","2.04E-5","0.1774736","0.07221","1.59375","0.006","2331071","4000","8046.326204198977","7094.826103737033","10587.156707045673","1.0006492486922247","0.022192055198105076","0","ea829d033823c80e3ad79c2bf9f4c957103c19055e7f39ac840ae3dd8ecf7787",""
"7","3","1","baseline","eda9ebbaefdf404a3b7fdaa0c3105584d34b2373","38e02ddef01844140e3dfdfdd87733a37d26f59aeef6fcccc67fb13ed19a7d57","vectorPerformance","positive32","Quantile","4","4","451689","4000","500","Complete","0.2495341","2.0399E-5","0.181068201","0.0684455","1.0","0.006","2329615","4000","8049.572429524939","7585.9302215949265","10803.178568962107","1.001435614653514","0.019996657665890316","0","f2275fab90488b6e0703edb3fe7b6bef8718ce8c0b14a645dc9d2b61880d135c",""
