jvm,case,method,draws,seed,status,mean,ess,rhat,attempts,pilotTransitions,visits,pilotSeconds,fitSeconds,totalSeconds,reference
1,concentrated,legacy,58112,41000017,Completed,2.969097466444833,NaN,NaN,58112,0,0,0.0,0.0,0.1505083,2.9702970297029703
1,concentrated,prior,44100,41000017,Completed,2.9720445673478086,77.58155698799526,NaN,44100,0,220500,0.0,0.0,0.1290766,2.9702970297029703
1,concentrated,single,35104,41000017,Fitted,2.9705082251577988,13776.127887713325,2.024618357459464,35104,3000,210624,0.024650000000000002,4.5710000000000005E-4,0.1165376,2.9702970297029703
1,concentrated,mixture,23168,41000017,Fitted,2.970251008759608,11830.559673764204,2.0493905269478194,23168,3000,139008,0.0093016,0.01301,0.07630580000000001,2.9702970297029703
1,concentrated,mh,45744,41000017,Completed,2.9521644750172804,NaN,1.2270403772868346,45744,1000,0,0.0,0.0,0.10947240000000001,2.9702970297029703
1,concentrated,legacy,116584,41000017,Completed,2.9644459569375816,NaN,NaN,116584,0,0,0.0,0.0,0.1661863,2.9702970297029703
1,concentrated,prior,88416,41000017,Completed,2.9611782460543994,158.79905627101624,NaN,88416,0,530496,0.0,0.0,0.145715,2.9702970297029703
1,concentrated,single,73080,41000017,Fitted,2.9700317492345816,28741.595796671325,2.024618357459464,73080,3000,438480,0.0063923,4.1020000000000005E-4,0.1436938,2.9702970297029703
1,concentrated,mixture,63196,41000017,Fitted,2.970118560073561,32254.423122569453,2.0493905269478194,63196,3000,379176,0.005654200000000001,0.010070200000000001,0.1511299,2.9702970297029703
1,concentrated,mh,92732,41000017,Completed,2.9587780219346116,NaN,1.1553594870101473,92732,1000,0,0.0,0.0,0.1849869,2.9702970297029703
1,hierarchical,legacy,43792,41000017,Completed,0.9806602658783536,NaN,NaN,43792,0,0,0.0,0.0,0.0724741,0.9803921568627451
1,hierarchical,prior,34824,41000017,Completed,0.9817838722950741,2949.5029205372484,NaN,34824,0,313416,0.0,0.0,0.0691389,0.9803921568627451
1,hierarchical,single,29384,41000017,Fitted,0.9814108473887051,13157.641515227362,1.258938012538374,29384,3000,235072,0.012233200000000001,3.1610000000000004E-4,0.0807036,0.9803921568627451
1,hierarchical,mixture,11160,41000017,Fitted,0.9773819801850532,5826.509766740577,1.0941310409964744,11160,3000,100440,0.008658500000000001,0.0719955,0.1403654,0.9803921568627451
1,hierarchical,mh,46584,41000017,Completed,0.981038242443097,NaN,1.0113114265366432,46584,1000,0,0.0,0.0,0.1100637,0.9803921568627451
1,hierarchical,legacy,87804,41000017,Completed,0.9805125804196272,NaN,NaN,87804,0,0,0.0,0.0,0.18796380000000001,0.9803921568627451
1,hierarchical,prior,69696,41000017,Completed,0.9797263767679324,5843.809614236681,NaN,69696,0,627264,0.0,0.0,0.13747800000000002,0.9803921568627451
1,hierarchical,single,61512,41000017,Fitted,0.9787638864582698,27006.548201501155,1.178606219963214,61512,3000,615120,0.0059382,2.619E-4,0.1429117,0.9803921568627451
1,hierarchical,mixture,41528,41000017,Fitted,0.9838184971077086,14964.88359786894,1.1038910840980278,41528,3000,373752,0.005897800000000001,0.054509100000000005,0.1648823,0.9803921568627451
1,hierarchical,mh,94824,41000017,Completed,0.9725711666035531,NaN,1.0012960936688462,94824,1000,0,0.0,0.0,0.19931880000000002,0.9803921568627451
1,mixture,legacy,102232,41000017,Completed,0.6275281422491521,NaN,NaN,102232,0,0,0.0,0.0,0.0788798,0.631578947368421
1,mixture,prior,47620,41000017,Completed,0.6235061319858067,31161.270426270377,NaN,47620,0,238100,0.0,0.0,0.078235,0.631578947368421
1,mixture,single,35864,41000017,Fitted,0.6320784670946473,6258.952476447698,1.0043717323219294,35864,3000,179320,0.006616800000000001,2.473E-4,0.072705,0.631578947368421
1,mixture,mixture,29192,41000017,Fitted,0.6305132510367294,28102.38551348558,1.0067448461955986,29192,3000,145960,0.005951700000000001,0.0039595,0.0721847,0.631578947368421
1,mixture,mh,42832,41000017,Completed,0.6381210310048562,NaN,1.0002235610081804,42832,1000,0,0.0,0.0,0.0905813,0.631578947368421
1,mixture,legacy,204768,41000017,Completed,0.6295308137873556,NaN,NaN,204768,0,0,0.0,0.0,0.1334825,0.631578947368421
1,mixture,prior,95408,41000017,Completed,0.6275445380857074,62525.80942260364,NaN,95408,0,477040,0.0,0.0,0.145736,0.631578947368421
1,mixture,single,74768,41000017,Fitted,0.6259853555265816,12955.697974547353,1.0043717323219294,74768,3000,448608,0.0061257,3.1340000000000003E-4,0.1519877,0.631578947368421
1,mixture,mixture,62548,41000017,Fitted,0.6317396779334823,60195.70674885181,1.0067448461955986,62548,3000,437836,0.0058033,0.003736,0.1485387,0.631578947368421
1,mixture,mh,86692,41000017,Completed,0.6376828311724265,NaN,1.0000784199748276,86692,1000,0,0.0,0.0,0.18955460000000002,0.631578947368421
1,concentrated,prior,44100,56485880,Completed,2.9600387806979573,64.97140632277024,NaN,44100,0,264600,0.0,0.0,0.06876660000000001,2.9702970297029703
1,concentrated,single,35104,56485880,Fitted,2.9706527755096084,19607.941635250172,3.5611076376080235,35104,3000,210624,0.006313600000000001,3.131E-4,0.0786433,2.9702970297029703
1,concentrated,mixture,23168,56485880,Fitted,2.9705294673367706,11709.454375220603,2.7422635699164295,23168,3000,115840,0.005804,0.0576344,0.11542490000000001,2.9702970297029703
1,concentrated,mh,45744,56485880,Completed,2.9312174625178185,NaN,1.1470767905091057,45744,1000,0,0.0,0.0,0.095157,2.9702970297029703
1,concentrated,legacy,58112,56485880,Completed,2.961804393145236,NaN,NaN,58112,0,0,0.0,0.0,0.07822420000000001,2.9702970297029703
1,concentrated,prior,88416,56485880,Completed,2.965471282374335,140.10938840645542,NaN,88416,0,442080,0.0,0.0,0.14465250000000002,2.9702970297029703
1,concentrated,single,73080,56485880,Fitted,2.97034764416169,40754.0049181073,3.5611076376080235,73080,3000,365400,0.006137200000000001,3.044E-4,0.14776910000000001,2.9702970297029703
1,concentrated,mixture,63196,56485880,Fitted,2.9705376783101487,32277.494444364427,2.7422635699164295,63196,3000,315980,0.007590700000000001,0.0626052,0.2095921,2.9702970297029703
1,concentrated,mh,92732,56485880,Completed,2.952274154587767,NaN,1.0886096842611441,92732,1000,0,0.0,0.0,0.2033386,2.9702970297029703
1,concentrated,legacy,116584,56485880,Completed,2.965452350227736,NaN,NaN,116584,0,0,0.0,0.0,0.15751690000000002,2.9702970297029703
1,hierarchical,prior,34824,56485880,Completed,0.9794074157856161,3037.8169217813506,NaN,34824,0,313416,0.0,0.0,0.06979500000000001,0.9803921568627451
1,hierarchical,single,29384,56485880,Fitted,0.9821636249193556,15788.611986536505,1.0870710057259874,29384,3000,293840,0.0067682,2.987E-4,0.0757085,0.9803921568627451
1,hierarchical,mixture,11160,56485880,IterationLimit,NaN,NaN,1.1349614011762528,0,3000,0,0.0066927,0.076852,0.08375880000000001,0.9803921568627451
1,hierarchical,mh,46584,56485880,Completed,0.9684525136705527,NaN,1.014192016828734,46584,1000,0,0.0,0.0,0.10700100000000001,0.9803921568627451
1,hierarchical,legacy,43792,56485880,Completed,0.9804672504507651,NaN,NaN,43792,0,0,0.0,0.0,0.0841972,0.9803921568627451
1,hierarchical,prior,69696,56485880,Completed,0.9805084629250905,6085.337666101156,NaN,69696,0,627264,0.0,0.0,0.1442169,0.9803921568627451
1,hierarchical,single,61512,56485880,Fitted,0.9796504250390768,31699.194071037717,1.0557374204771317,61512,3000,553608,0.006591700000000001,2.587E-4,0.14515930000000002,0.9803921568627451
1,hierarchical,mixture,41528,56485880,Fitted,0.9824671784387445,21076.408812853268,1.3026155882989146,41528,3000,415280,0.0065027,0.0362873,0.1513208,0.9803921568627451
1,hierarchical,mh,94824,56485880,Completed,0.9797795230515086,NaN,1.0032541193158644,94824,1000,0,0.0,0.0,0.206123,0.9803921568627451
1,hierarchical,legacy,87804,56485880,Completed,0.9805878871501784,NaN,NaN,87804,0,0,0.0,0.0,0.1570436,0.9803921568627451
1,mixture,prior,47620,56485880,Completed,0.62797724848903,31212.943975361588,NaN,47620,0,238100,0.0,0.0,0.0757411,0.631578947368421
1,mixture,single,35864,56485880,Fitted,0.6252673978152041,6371.277854987593,1.0078200141407676,35864,3000,179320,0.0061876000000000006,2.8270000000000004E-4,0.0813121,0.631578947368421
1,mixture,mixture,29192,56485880,Fitted,0.6278602180286534,26654.979009704686,1.0019522811020765,29192,3000,175152,0.0065814,0.0041456,0.083585,0.631578947368421
1,mixture,mh,42832,56485880,Completed,0.6266342921180426,NaN,1.0000753938852238,42832,1000,0,0.0,0.0,0.09830580000000001,0.631578947368421
1,mixture,legacy,102232,56485880,Completed,0.6324708979474455,NaN,NaN,102232,0,0,0.0,0.0,0.0882161,0.631578947368421
1,mixture,prior,95408,56485880,Completed,0.6331039797433472,62659.694371539714,NaN,95408,0,477040,0.0,0.0,0.154307,0.631578947368421
1,mixture,single,74768,56485880,Fitted,0.6295448698392647,13174.01914932871,1.0078200141407676,74768,3000,373840,0.0058976,2.9840000000000004E-4,0.1538823,0.631578947368421
1,mixture,mixture,62548,56485880,Fitted,0.6329567297709812,57078.30881288146,1.0019522811020765,62548,3000,312740,0.006354200000000001,0.0041929,0.1517098,0.631578947368421
1,mixture,mh,86692,56485880,Completed,0.6298505052369308,NaN,1.000136276597589,86692,1000,0,0.0,0.0,0.1970598,0.631578947368421
1,mixture,legacy,204768,56485880,Completed,0.6320040072440488,NaN,NaN,204768,0,0,0.0,0.0,0.1421916,0.631578947368421
1,concentrated,single,35104,71971743,Fitted,2.969910753008936,19296.971949284783,2.7217537316031684,35104,3000,175520,0.006514000000000001,3.062E-4,0.07554860000000001,2.9702970297029703
1,concentrated,mixture,23168,71971743,Fitted,2.971922824483734,1125.6071029293591,2.8694630947892823,23168,3000,115840,0.006067100000000001,0.0051704,0.0657524,2.9702970297029703
1,concentrated,mh,45744,71971743,Completed,3.0056926967534636,NaN,1.227798411403977,45744,1000,0,0.0,0.0,0.1045157,2.9702970297029703
1,concentrated,legacy,58112,71971743,Completed,2.961673385900277,NaN,NaN,58112,0,0,0.0,0.0,0.0800942,2.9702970297029703
1,concentrated,prior,44100,71971743,Completed,2.9536823439277886,66.05106336098548,NaN,44100,0,264600,0.0,0.0,0.0732163,2.9702970297029703
1,concentrated,single,73080,71971743,Fitted,2.9701615668950883,40289.28128263134,2.7217537316031684,73080,3000,365400,0.0060431,2.633E-4,0.1425366,2.9702970297029703
1,concentrated,mixture,63196,71971743,Fitted,2.9753273941980116,2547.439921722423,2.8694630947892823,63196,3000,379176,0.0059973000000000005,0.0041164,0.1402516,2.9702970297029703
1,concentrated,mh,92732,71971743,Completed,2.977881534595312,NaN,1.1219561853635325,92732,1000,0,0.0,0.0,0.183513,2.9702970297029703
1,concentrated,legacy,116584,71971743,Completed,2.965931030232555,NaN,NaN,116584,0,0,0.0,0.0,0.14996,2.9702970297029703
1,concentrated,prior,88416,71971743,Completed,2.960466955971878,132.99196169412136,NaN,88416,0,442080,0.0,0.0,0.1311505,2.9702970297029703
1,hierarchical,single,29384,71971743,Fitted,0.9806646647784462,15405.27680546895,1.153782956750097,29384,3000,293840,0.0060983,1.5250000000000002E-4,0.07088420000000001,0.9803921568627451
1,hierarchical,mixture,11160,71971743,Fitted,0.9805679725966128,5845.982897392924,1.0410098711126723,11160,3000,89280,0.0056797,0.0236343,0.0674802,0.9803921568627451
1,hierarchical,mh,46584,71971743,Completed,0.9722891448077035,NaN,1.002581106967273,46584,1000,0,0.0,0.0,0.10327380000000001,0.9803921568627451
1,hierarchical,legacy,43792,71971743,Completed,0.9791881095621908,NaN,NaN,43792,0,0,0.0,0.0,0.0792362,0.9803921568627451
1,hierarchical,prior,34824,71971743,Completed,0.9790600111339913,3041.902147604777,NaN,34824,0,313416,0.0,0.0,0.0670496,0.9803921568627451
1,hierarchical,single,61512,71971743,Fitted,0.980812446534653,31341.494068282427,1.132691197051776,61512,3000,553608,0.0053838,1.964E-4,0.1338002,0.9803921568627451
1,hierarchical,mixture,41528,71971743,Fitted,0.9806082147303488,21145.167977920497,1.3510020601614112,41528,3000,373752,0.0057757,0.0092668,0.11532830000000001,0.9803921568627451
1,hierarchical,mh,94824,71971743,Completed,0.9774217796107958,NaN,1.0015915260655444,94824,1000,0,0.0,0.0,0.2079851,0.9803921568627451
1,hierarchical,legacy,87804,71971743,Completed,0.9812741771980165,NaN,NaN,87804,0,0,0.0,0.0,0.15854020000000002,0.9803921568627451
1,hierarchical,prior,69696,71971743,Completed,0.9810721221580169,5986.181483608209,NaN,69696,0,696960,0.0,0.0,0.1333279,0.9803921568627451
1,mixture,single,35864,71971743,Fitted,0.6261799573151293,6174.214900997406,1.0101655840989692,35864,3000,179320,0.005398900000000001,1.597E-4,0.07295070000000001,0.631578947368421
1,mixture,mixture,29192,71971743,Fitted,0.6308426659525287,27732.9762488344,1.003308658653697,29192,3000,175152,0.005228900000000001,0.004233000000000001,0.07122060000000001,0.631578947368421
1,mixture,mh,42832,71971743,Completed,0.6291090773253643,NaN,1.0003682996432828,42832,1000,0,0.0,0.0,0.08878520000000001,0.631578947368421
1,mixture,legacy,102232,71971743,Completed,0.6291252505630871,NaN,NaN,102232,0,0,0.0,0.0,0.079791,0.631578947368421
1,mixture,prior,47620,71971743,Completed,0.6257605812736337,31187.07446455441,NaN,47620,0,285720,0.0,0.0,0.0733196,0.631578947368421
1,mixture,single,74768,71971743,Fitted,0.6230999999134689,12983.654847783922,1.0101655840989692,74768,3000,373840,0.005711600000000001,1.644E-4,0.1463616,0.631578947368421
1,mixture,mixture,62548,71971743,Fitted,0.6311558210531886,59418.44798332416,1.003308658653697,62548,3000,312740,0.0061963,0.0042250000000000005,0.14065750000000002,0.631578947368421
1,mixture,mh,86692,71971743,Completed,0.6263092326858303,NaN,1.0001848278178034,86692,1000,0,0.0,0.0,0.18318030000000002,0.631578947368421
1,mixture,legacy,204768,71971743,Completed,0.6295743534621514,NaN,NaN,204768,0,0,0.0,0.0,0.1333098,0.631578947368421
1,mixture,prior,95408,71971743,Completed,0.6290450274878724,62561.32631166739,NaN,95408,0,572448,0.0,0.0,0.14726160000000002,0.631578947368421
1,concentrated,mixture,23168,87457606,Fitted,2.9686750507790305,8455.175961400339,2.2537971368419853,23168,3000,115840,0.0061576,0.0057057,0.059547800000000005,2.9702970297029703
1,concentrated,mh,45744,87457606,Completed,2.967161922717957,NaN,1.198956256531921,45744,1000,0,0.0,0.0,0.08862170000000001,2.9702970297029703
1,concentrated,legacy,58112,87457606,Completed,2.97015976894857,NaN,NaN,58112,0,0,0.0,0.0,0.0737319,2.9702970297029703
1,concentrated,prior,44100,87457606,Completed,2.9691356411834167,78.15856607905016,NaN,44100,0,264600,0.0,0.0,0.0662274,2.9702970297029703
1,concentrated,single,35104,87457606,Fitted,2.9709071423041538,17537.246500198475,2.0674523020100826,35104,3000,210624,0.005388400000000001,1.694E-4,0.0672274,2.9702970297029703
1,concentrated,mixture,63196,87457606,Fitted,2.9696305917628427,23062.586609932347,2.2537971368419853,63196,3000,315980,0.005632900000000001,0.005767700000000001,0.13995580000000002,2.9702970297029703
1,concentrated,mh,92732,87457606,Completed,2.9751157057532516,NaN,1.0488398970438058,92732,1000,0,0.0,0.0,0.18716860000000002,2.9702970297029703
1,concentrated,legacy,116584,87457606,Completed,2.966065486733246,NaN,NaN,116584,0,0,0.0,0.0,0.1655392,2.9702970297029703
1,concentrated,prior,88416,87457606,Completed,2.9703521599319953,146.23083877611052,NaN,88416,0,530496,0.0,0.0,0.1374195,2.9702970297029703
1,concentrated,single,73080,87457606,Fitted,2.970834132730911,36571.43773162218,2.0674523020100826,73080,3000,438480,0.0050511,1.6490000000000002E-4,0.14105020000000001,2.9702970297029703
1,hierarchical,mixture,11160,87457606,Fitted,0.9859105452544004,5406.4952078072165,1.1506091655494741,11160,3000,100440,0.0059306,0.061861700000000006,0.0953562,0.9803921568627451
1,hierarchical,mh,46584,87457606,Completed,0.9789556896224705,NaN,1.0131093320063798,46584,1000,0,0.0,0.0,0.0973963,0.9803921568627451
1,hierarchical,legacy,43792,87457606,Completed,0.9835164366897247,NaN,NaN,43792,0,0,0.0,0.0,0.0719825,0.9803921568627451
1,hierarchical,prior,34824,87457606,Completed,0.9838990270799597,2982.450600469554,NaN,34824,0,313416,0.0,0.0,0.0670245,0.9803921568627451
1,hierarchical,single,29384,87457606,Fitted,0.9797094329008188,15505.623466646644,1.0878744618358585,29384,3000,235072,0.0052199,1.787E-4,0.0707407,0.9803921568627451
1,hierarchical,mixture,41528,87457606,Fitted,0.9817253875438287,20978.386197228592,1.2301772785632539,41528,3000,373752,0.0064631,0.0176013,0.1295985,0.9803921568627451
1,hierarchical,mh,94824,87457606,Completed,0.9908534289891244,NaN,1.009737118249915,94824,1000,0,0.0,0.0,0.1958997,0.9803921568627451
1,hierarchical,legacy,87804,87457606,Completed,0.9810932322259123,NaN,NaN,87804,0,0,0.0,0.0,0.1467946,0.9803921568627451
1,hierarchical,prior,69696,87457606,Completed,0.9806387444815775,5919.117622547878,NaN,69696,0,557568,0.0,0.0,0.1306073,0.9803921568627451
1,hierarchical,single,61512,87457606,Fitted,0.980973125591709,30904.029994687604,1.202714339315889,61512,3000,615120,0.0056559,1.887E-4,0.1396252,0.9803921568627451
1,mixture,mixture,29192,87457606,Fitted,0.6327474329262566,27852.76771858713,1.0006023546593488,29192,3000,145960,0.005458,0.0038354,0.0714198,0.631578947368421
1,mixture,mh,42832,87457606,Completed,0.6335917071348525,NaN,1.0001643504387647,42832,1000,0,0.0,0.0,0.0864106,0.631578947368421
1,mixture,legacy,102232,87457606,Completed,0.6302149960796911,NaN,NaN,102232,0,0,0.0,0.0,0.0673803,0.631578947368421
1,mixture,prior,47620,87457606,Completed,0.631858055107659,31259.43071462098,NaN,47620,0,238100,0.0,0.0,0.0703906,0.631578947368421
1,mixture,single,35864,87457606,Fitted,0.6377080018097964,6212.261642212626,1.0015837688809202,35864,3000,179320,0.005839400000000001,1.695E-4,0.0708513,0.631578947368421
1,mixture,mixture,62548,87457606,Fitted,0.6307102171342626,59686.405018859805,1.0006023546593488,62548,3000,312740,0.0057829000000000005,0.0038020000000000003,0.14186790000000002,0.631578947368421
1,mixture,mh,86692,87457606,Completed,0.6315461634291515,NaN,1.0000081976382131,86692,1000,0,0.0,0.0,0.18675560000000002,0.631578947368421
1,mixture,legacy,204768,87457606,Completed,0.6327328714396223,NaN,NaN,204768,0,0,0.0,0.0,0.13090670000000001,0.631578947368421
1,mixture,prior,95408,87457606,Completed,0.6305275021548032,62596.865071508284,NaN,95408,0,667856,0.0,0.0,0.151011,0.631578947368421
1,mixture,single,74768,87457606,Fitted,0.6338569143645786,13072.941407823195,1.0015837688809202,74768,3000,448608,0.005325000000000001,1.667E-4,0.1489278,0.631578947368421
1,concentrated,mh,45744,102943469,Completed,2.9857416134208297,NaN,1.1640618775172122,45744,1000,0,0.0,0.0,0.08902700000000001,2.9702970297029703
1,concentrated,legacy,58112,102943469,Completed,2.966666562045616,NaN,NaN,58112,0,0,0.0,0.0,0.0731373,2.9702970297029703
1,concentrated,prior,44100,102943469,Completed,2.9668456017250775,70.68411642452807,NaN,44100,0,264600,0.0,0.0,0.06601270000000001,2.9702970297029703
1,concentrated,single,35104,102943469,Fitted,2.970614441284471,14377.275046410594,2.167597571711857,35104,3000,210624,0.0051513,1.7820000000000002E-4,0.068015,2.9702970297029703
1,concentrated,mixture,23168,102943469,Fitted,2.949047494696454,5.027933212393751,6.158378943161092,23168,3000,139008,0.0052962,0.0053867,0.058856200000000004,2.9702970297029703
1,concentrated,mh,92732,102943469,Completed,2.96465623091326,NaN,1.064463066402486,92732,1000,0,0.0,0.0,0.17904730000000002,2.9702970297029703
1,concentrated,legacy,116584,102943469,Completed,2.9647945790951997,NaN,NaN,116584,0,0,0.0,0.0,0.15441780000000002,2.9702970297029703
1,concentrated,prior,88416,102943469,Completed,2.9657603007817404,149.725864774098,NaN,88416,0,530496,0.0,0.0,0.13630720000000002,2.9702970297029703
1,concentrated,single,73080,102943469,Fitted,2.9704458676910446,29843.67484093557,2.167597571711857,73080,3000,438480,0.005318300000000001,1.8570000000000001E-4,0.1341013,2.9702970297029703
1,concentrated,mixture,63196,102943469,Fitted,2.958263795855115,13.7176462023351,6.158378943161092,63196,3000,379176,0.0052691000000000005,0.005715700000000001,0.14298160000000001,2.9702970297029703
1,hierarchical,mh,46584,102943469,Completed,0.9883740676175772,NaN,1.0134541441678049,46584,1000,0,0.0,0.0,0.091739,0.9803921568627451
1,hierarchical,legacy,43792,102943469,Completed,0.9817038743627682,NaN,NaN,43792,0,0,0.0,0.0,0.071938,0.9803921568627451
1,hierarchical,prior,34824,102943469,Completed,0.9818303790813706,2965.242152259552,NaN,34824,0,313416,0.0,0.0,0.06682260000000001,0.9803921568627451
1,hierarchical,single,29384,102943469,Fitted,0.9800505493019864,14548.361888964282,1.1780895852846927,29384,3000,235072,0.005508300000000001,1.8260000000000002E-4,0.07127900000000001,0.9803921568627451
1,hierarchical,mixture,11160,102943469,IterationLimit,NaN,NaN,1.2539694360388411,0,3000,0,0.0057387,0.0721122,0.0779986,0.9803921568627451
1,hierarchical,mh,94824,102943469,Completed,0.9777117587282567,NaN,1.0046664509574261,94824,1000,0,0.0,0.0,0.20654750000000002,0.9803921568627451
1,hierarchical,legacy,87804,102943469,Completed,0.9821420051194897,NaN,NaN,87804,0,0,0.0,0.0,0.1582501,0.9803921568627451
1,hierarchical,prior,69696,102943469,Completed,0.9818491900389706,5942.493944461786,NaN,69696,0,627264,0.0,0.0,0.1358394,0.9803921568627451
1,hierarchical,single,61512,102943469,Fitted,0.9809789547889156,32583.970129728437,1.113700260979617,61512,3000,492096,0.005509900000000001,1.676E-4,0.1433333,0.9803921568627451
1,hierarchical,mixture,41528,102943469,Fitted,0.9813540042774304,19941.699185556583,1.2346146087458052,41528,3000,332224,0.0055786,0.0103894,0.1224075,0.9803921568627451
1,mixture,mh,42832,102943469,Completed,0.6316305565932013,NaN,1.0002477913900065,42832,1000,0,0.0,0.0,0.09342700000000001,0.631578947368421
1,mixture,legacy,102232,102943469,Completed,0.630508649359306,NaN,NaN,102232,0,0,0.0,0.0,0.0798359,0.631578947368421
1,mixture,prior,47620,102943469,Completed,0.6312297502016856,31251.80078718326,NaN,47620,0,333340,0.0,0.0,0.0819725,0.631578947368421
1,mixture,single,35864,102943469,Fitted,0.6276353197220657,6141.052684499064,1.003167289424367,35864,3000,251048,0.0060204,2.3050000000000002E-4,0.0798079,0.631578947368421
1,mixture,mixture,29192,102943469,Fitted,0.6324728516365883,27859.877636140096,1.0058801972136835,29192,3000,204344,0.006109300000000001,0.0055222000000000005,0.07868470000000001,0.631578947368421
1,mixture,mh,86692,102943469,Completed,0.628858487519033,NaN,1.0001207253679565,86692,1000,0,0.0,0.0,0.19228150000000002,0.631578947368421
1,mixture,legacy,204768,102943469,Completed,0.6306393952730976,NaN,NaN,204768,0,0,0.0,0.0,0.1578484,0.631578947368421
1,mixture,prior,95408,102943469,Completed,0.6303760395657929,62593.21364204525,NaN,95408,0,572448,0.0,0.0,0.1612182,0.631578947368421
1,mixture,single,74768,102943469,Fitted,0.6283481749100216,12799.286457162863,1.003167289424367,74768,3000,523376,0.006709700000000001,2.1180000000000003E-4,0.1608765,0.631578947368421
1,mixture,mixture,62548,102943469,Fitted,0.6308657789246417,59690.0452622485,1.0058801972136835,62548,3000,437836,0.0058669,0.0041195,0.15671300000000002,0.631578947368421
1,concentrated,legacy,58112,118429332,Completed,2.9818684339494723,NaN,NaN,58112,0,0,0.0,0.0,0.07767700000000001,2.9702970297029703
1,concentrated,prior,44100,118429332,Completed,2.985129304730867,72.22558501761092,NaN,44100,0,220500,0.0,0.0,0.07067430000000001,2.9702970297029703
1,concentrated,single,35104,118429332,Fitted,2.9699324000196796,10418.093744468686,6.298149157823333,35104,3000,210624,0.0052967000000000005,1.6910000000000002E-4,0.071496,2.9702970297029703
1,concentrated,mixture,23168,118429332,Fitted,2.969534181210929,5564.773016085604,4.0390303443250914,23168,3000,139008,0.005440400000000001,0.0106408,0.06622460000000001,2.9702970297029703
1,concentrated,mh,45744,118429332,Completed,2.9679959109133844,NaN,1.1952219951397052,45744,1000,0,0.0,0.0,0.09521990000000001,2.9702970297029703
1,concentrated,legacy,116584,118429332,Completed,2.977048669251509,NaN,NaN,116584,0,0,0.0,0.0,0.1749154,2.9702970297029703
1,concentrated,prior,88416,118429332,Completed,2.978844115839359,147.1450333146697,NaN,88416,0,442080,0.0,0.0,0.1463065,2.9702970297029703
1,concentrated,single,73080,118429332,Fitted,2.9702544246690956,21355.118207238287,6.298149157823333,73080,3000,438480,0.005493400000000001,1.797E-4,0.144852,2.9702970297029703
1,concentrated,mixture,63196,118429332,Fitted,2.9703165661100073,15290.310278605428,4.0390303443250914,63196,3000,315980,0.0055125,0.0101366,0.1539442,2.9702970297029703
1,concentrated,mh,92732,118429332,Completed,2.9633579455797,NaN,1.0575725952637907,92732,1000,0,0.0,0.0,0.1946304,2.9702970297029703
1,hierarchical,legacy,43792,118429332,Completed,0.9799418544117097,NaN,NaN,43792,0,0,0.0,0.0,0.0794408,0.9803921568627451
1,hierarchical,prior,34824,118429332,Completed,0.9794465032253603,3047.0044038151846,NaN,34824,0,348240,0.0,0.0,0.07204980000000001,0.9803921568627451
1,hierarchical,single,29384,118429332,Fitted,0.9807034690588756,15009.73718670876,1.0584631533018283,29384,3000,264456,0.005787400000000001,1.966E-4,0.07267620000000001,0.9803921568627451
1,hierarchical,mixture,11160,118429332,IterationLimit,NaN,NaN,1.1692791490653975,0,3000,0,0.006130900000000001,0.076838,0.0831018,0.9803921568627451
1,hierarchical,mh,46584,118429332,Completed,0.9848333360695831,NaN,1.005728491950244,46584,1000,0,0.0,0.0,0.1020974,0.9803921568627451
1,hierarchical,legacy,87804,118429332,Completed,0.9797025801114597,NaN,NaN,87804,0,0,0.0,0.0,0.1686253,0.9803921568627451
1,hierarchical,prior,69696,118429332,Completed,0.9791675246914769,6013.822442934344,NaN,69696,0,627264,0.0,0.0,0.1348741,0.9803921568627451
1,hierarchical,single,61512,118429332,Fitted,0.9816299658920351,28587.37566837313,1.1057479732282895,61512,3000,615120,0.0053668000000000006,1.459E-4,0.1425469,0.9803921568627451
1,hierarchical,mixture,41528,118429332,Fitted,0.9798546925949737,21630.465113625687,1.2968956278754658,41528,3000,415280,0.0056416,0.0241466,0.1328706,0.9803921568627451
1,hierarchical,mh,94824,118429332,Completed,0.9825700606556896,NaN,1.0070612122716627,94824,1000,0,0.0,0.0,0.19462230000000003,0.9803921568627451
1,mixture,legacy,102232,118429332,Completed,0.6316591425026937,NaN,NaN,102232,0,0,0.0,0.0,0.0774744,0.631578947368421
1,mixture,prior,47620,118429332,Completed,0.6326940478029752,31269.645067231115,NaN,47620,0,333340,0.0,0.0,0.0762602,0.631578947368421
1,mixture,single,35864,118429332,Fitted,0.628304842688946,6044.167878251223,1.0081171121200496,35864,3000,251048,0.0064946000000000005,1.885E-4,0.0778766,0.631578947368421
1,mixture,mixture,29192,118429332,Fitted,0.6303421447742836,27216.051187411304,1.0020590714221655,29192,3000,204344,0.005750000000000001,0.0044717,0.0772348,0.631578947368421
1,mixture,mh,42832,118429332,Completed,0.629319200597684,NaN,0.9999816564917707,42832,1000,0,0.0,0.0,0.0870885,0.631578947368421
1,mixture,legacy,204768,118429332,Completed,0.6317823481649191,NaN,NaN,204768,0,0,0.0,0.0,0.16191640000000002,0.631578947368421
1,mixture,prior,95408,118429332,Completed,0.6317020302579865,62625.33887030621,NaN,95408,0,667856,0.0,0.0,0.15389460000000002,0.631578947368421
1,mixture,single,74768,118429332,Fitted,0.6292162246618175,12778.671012970946,1.0081171121200496,74768,3000,448608,0.0054556000000000006,1.544E-4,0.1497038,0.631578947368421
1,mixture,mixture,62548,118429332,Fitted,0.6318673066951683,58248.95879752644,1.0020590714221655,62548,3000,375288,0.005773100000000001,0.004568,0.14667850000000002,0.631578947368421
1,mixture,mh,86692,118429332,Completed,0.6320075670188714,NaN,1.0001268363513895,86692,1000,0,0.0,0.0,0.1855834,0.631578947368421
1,concentrated,prior,44100,133915195,Completed,2.969436386099336,78.48513456510125,NaN,44100,0,264600,0.0,0.0,0.06761740000000001,2.9702970297029703
1,concentrated,single,35104,133915195,Fitted,2.9696565253763403,10683.762108373683,4.0564994451232605,35104,3000,210624,0.0050526,1.684E-4,0.06850310000000001,2.9702970297029703
1,concentrated,mixture,23168,133915195,Fitted,2.9704990007617957,10739.303453197273,4.032297525728353,23168,3000,115840,0.0049084,0.033874100000000004,0.0880548,2.9702970297029703
1,concentrated,mh,45744,133915195,Completed,2.95135272213015,NaN,1.0611195598098702,45744,1000,0,0.0,0.0,0.0871189,2.9702970297029703
1,concentrated,legacy,58112,133915195,Completed,2.9653949838078946,NaN,NaN,58112,0,0,0.0,0.0,0.0785149,2.9702970297029703
1,concentrated,prior,88416,133915195,Completed,2.9703855425940353,159.7635270869524,NaN,88416,0,442080,0.0,0.0,0.1339283,2.9702970297029703
1,concentrated,single,73080,133915195,Fitted,2.9698666581087507,22195.004158555512,4.0564994451232605,73080,3000,365400,0.005118800000000001,1.5250000000000002E-4,0.1348466,2.9702970297029703
1,concentrated,mixture,63196,133915195,Fitted,2.9704703762041724,29064.87797902649,4.032297525728353,63196,3000,315980,0.0051638000000000005,0.031862600000000005,0.16734590000000002,2.9702970297029703
1,concentrated,mh,92732,133915195,Completed,2.959317482284169,NaN,1.0406455496413682,92732,1000,0,0.0,0.0,0.18158490000000002,2.9702970297029703
1,concentrated,legacy,116584,133915195,Completed,2.9670054041111005,NaN,NaN,116584,0,0,0.0,0.0,0.1619529,2.9702970297029703
1,hierarchical,prior,34824,133915195,Completed,0.9801382984297872,3039.9416298698848,NaN,34824,0,348240,0.0,0.0,0.0700071,0.9803921568627451
1,hierarchical,single,29384,133915195,Fitted,0.9797658769275719,15337.420429394233,1.1441971377421527,29384,3000,235072,0.0054035,1.731E-4,0.071552,0.9803921568627451
1,hierarchical,mixture,11160,133915195,Fitted,0.9813713530190051,5291.976877854679,1.3461961774480036,11160,3000,111600,0.005668800000000001,0.0427849,0.0788281,0.9803921568627451
1,hierarchical,mh,46584,133915195,Completed,0.9762392833506194,NaN,1.0078916633674857,46584,1000,0,0.0,0.0,0.0921188,0.9803921568627451
1,hierarchical,legacy,43792,133915195,Completed,0.979815974502504,NaN,NaN,43792,0,0,0.0,0.0,0.0754475,0.9803921568627451
1,hierarchical,prior,69696,133915195,Completed,0.9801690344381708,5994.699354267804,NaN,69696,0,627264,0.0,0.0,0.135277,0.9803921568627451
1,hierarchical,single,61512,133915195,Fitted,0.9798116362647752,31893.567721011525,1.166500446356865,61512,3000,615120,0.0053575,1.482E-4,0.139429,0.9803921568627451
1,hierarchical,mixture,41528,133915195,Fitted,0.9798724199511212,9476.314109240988,1.2878648409463271,41528,3000,415280,0.0060886000000000004,0.007712900000000001,0.11714400000000001,0.9803921568627451
1,hierarchical,mh,94824,133915195,Completed,0.9853018165864609,NaN,1.0043411131827182,94824,1000,0,0.0,0.0,0.19413840000000002,0.9803921568627451
1,hierarchical,legacy,87804,133915195,Completed,0.9804090494909049,NaN,NaN,87804,0,0,0.0,0.0,0.13847310000000002,0.9803921568627451
1,mixture,prior,47620,133915195,Completed,0.6308568899708294,31247.291877841395,NaN,47620,0,285720,0.0,0.0,0.07254930000000001,0.631578947368421
1,mixture,single,35864,133915195,Fitted,0.6361954329188632,6137.96593349829,1.0037822440498796,35864,3000,251048,0.0065886,1.56E-4,0.07649080000000001,0.631578947368421
1,mixture,mixture,29192,133915195,Fitted,0.6289578534079728,27642.055895296617,1.0013129647982741,29192,3000,204344,0.0054927000000000005,0.003942800000000001,0.0748307,0.631578947368421
1,mixture,mh,42832,133915195,Completed,0.6287822189017557,NaN,1.0004537056387073,42832,1000,0,0.0,0.0,0.0859946,0.631578947368421
1,mixture,legacy,102232,133915195,Completed,0.6319624177372878,NaN,NaN,102232,0,0,0.0,0.0,0.0765939,0.631578947368421
1,mixture,prior,95408,133915195,Completed,0.6310512921013013,62609.52847466812,NaN,95408,0,667856,0.0,0.0,0.15722270000000002,0.631578947368421
1,mixture,single,74768,133915195,Fitted,0.6318488087619061,12894.135375122329,1.0037822440498796,74768,3000,523376,0.005388400000000001,1.52E-4,0.1559585,0.631578947368421
1,mixture,mixture,62548,133915195,Fitted,0.6284379636058642,59221.26615147861,1.0013129647982741,62548,3000,437836,0.005768400000000001,0.0034974000000000003,0.1456327,0.631578947368421
1,mixture,mh,86692,133915195,Completed,0.6283970839293129,NaN,1.0000354815004362,86692,1000,0,0.0,0.0,0.180533,0.631578947368421
1,mixture,legacy,204768,133915195,Completed,0.6312790407643888,NaN,NaN,204768,0,0,0.0,0.0,0.1492647,0.631578947368421
1,concentrated,single,35104,149401058,Fitted,2.970300061455953,15435.79453214189,2.1541218325774194,35104,3000,210624,0.0050098,1.607E-4,0.0668759,2.9702970297029703
1,concentrated,mixture,23168,149401058,Fitted,2.970405530839077,14035.595474580929,5.881715141186867,23168,3000,115840,0.0051891,0.0099606,0.0619446,2.9702970297029703
1,concentrated,mh,45744,149401058,Completed,2.9318548259434247,NaN,1.1253299161002983,45744,1000,0,0.0,0.0,0.0923737,2.9702970297029703
1,concentrated,legacy,58112,149401058,Completed,2.9692139407690026,NaN,NaN,58112,0,0,0.0,0.0,0.0745725,2.9702970297029703
1,concentrated,prior,44100,149401058,Completed,2.964339364391079,78.1186106587198,NaN,44100,0,264600,0.0,0.0,0.0664489,2.9702970297029703
1,concentrated,single,73080,149401058,Fitted,2.9706705894849876,32187.744486220257,2.1541218325774194,73080,3000,365400,0.005647200000000001,1.633E-4,0.1336854,2.9702970297029703
1,concentrated,mixture,63196,149401058,Fitted,2.970171610411453,38088.950938729446,5.881715141186867,63196,3000,379176,0.005039500000000001,0.0107414,0.14377330000000002,2.9702970297029703
1,concentrated,mh,92732,149401058,Completed,2.9415941416538582,NaN,1.0589867814318477,92732,1000,0,0.0,0.0,0.18572090000000002,2.9702970297029703
1,concentrated,legacy,116584,149401058,Completed,2.9679298629221553,NaN,NaN,116584,0,0,0.0,0.0,0.1533497,2.9702970297029703
1,concentrated,prior,88416,149401058,Completed,2.967046928054795,148.1802390619046,NaN,88416,0,530496,0.0,0.0,0.1341707,2.9702970297029703
1,hierarchical,single,29384,149401058,Fitted,0.9831557170702568,15673.2548138599,1.1348419665326723,29384,3000,264456,0.0053945,1.555E-4,0.0683343,0.9803921568627451
1,hierarchical,mixture,11160,149401058,Fitted,0.9812282176184458,5856.735506568927,1.2828664880038794,11160,3000,89280,0.0054315000000000006,0.0211545,0.053495100000000004,0.9803921568627451
1,hierarchical,mh,46584,149401058,Completed,0.9805210091021113,NaN,1.012683622922267,46584,1000,0,0.0,0.0,0.0960831,0.9803921568627451
1,hierarchical,legacy,43792,149401058,Completed,0.9814930166226723,NaN,NaN,43792,0,0,0.0,0.0,0.0693726,0.9803921568627451
1,hierarchical,prior,34824,149401058,Completed,0.9806685144918387,2957.496330961677,NaN,34824,0,313416,0.0,0.0,0.0631841,0.9803921568627451
1,hierarchical,single,61512,149401058,Fitted,0.9813944370445972,31796.625712617315,1.300974649701944,61512,3000,615120,0.0050404000000000004,1.764E-4,0.1373549,0.9803921568627451
1,hierarchical,mixture,41528,149401058,Fitted,0.9812634420624278,19492.302602028954,1.2871997063465643,41528,3000,373752,0.0054419,0.013663400000000001,0.12168860000000001,0.9803921568627451
1,hierarchical,mh,94824,149401058,Completed,0.9760417588590463,NaN,1.007563941260463,94824,1000,0,0.0,0.0,0.1927865,0.9803921568627451
1,hierarchical,legacy,87804,149401058,Completed,0.9794613005166418,NaN,NaN,87804,0,0,0.0,0.0,0.1445296,0.9803921568627451
1,hierarchical,prior,69696,149401058,Completed,0.9790737030140858,5966.083757400346,NaN,69696,0,627264,0.0,0.0,0.1280792,0.9803921568627451
1,mixture,single,35864,149401058,Fitted,0.63490502167517,5943.384188144284,1.0074394467659715,35864,3000,251048,0.0053166,1.5920000000000002E-4,0.07533730000000001,0.631578947368421
1,mixture,mixture,29192,149401058,Fitted,0.6336791931295721,27867.21635085709,1.002484079391727,29192,3000,204344,0.005504,0.0037243000000000003,0.07488940000000001,0.631578947368421
1,mixture,mh,42832,149401058,Completed,0.6282218901755696,NaN,1.0001552888927805,42832,1000,0,0.0,0.0,0.0877174,0.631578947368421
1,mixture,legacy,102232,149401058,Completed,0.633722720647055,NaN,NaN,102232,0,0,0.0,0.0,0.0741552,0.631578947368421
1,mixture,prior,47620,149401058,Completed,0.6362248987166045,31313.573883151537,NaN,47620,0,333340,0.0,0.0,0.07844910000000001,0.631578947368421
1,mixture,single,74768,149401058,Fitted,0.6336958512789981,12667.419298409048,1.0074394467659715,74768,3000,523376,0.005160400000000001,1.751E-4,0.15013490000000002,0.631578947368421
1,mixture,mixture,62548,149401058,Fitted,0.633802979692533,59679.35880851074,1.002484079391727,62548,3000,437836,0.005936100000000001,0.0043229,0.15202690000000002,0.631578947368421
1,mixture,mh,86692,149401058,Completed,0.6272205047755272,NaN,1.0000550695388772,86692,1000,0,0.0,0.0,0.18512510000000001,0.631578947368421
1,mixture,legacy,204768,149401058,Completed,0.6326573559377503,NaN,NaN,204768,0,0,0.0,0.0,0.1589366,0.631578947368421
1,mixture,prior,95408,149401058,Completed,0.6344081886057656,62692.015679019925,NaN,95408,0,667856,0.0,0.0,0.1517366,0.631578947368421
1,concentrated,mixture,23168,164886921,Fitted,2.9688755998339653,3023.755663742991,3.2733417174625457,23168,3000,139008,0.004968800000000001,0.007107100000000001,0.060621900000000006,2.9702970297029703
1,concentrated,mh,45744,164886921,Completed,2.9354379974243145,NaN,1.1623575521780303,45744,1000,0,0.0,0.0,0.0866393,2.9702970297029703
1,concentrated,legacy,58112,164886921,Completed,2.9862041118344798,NaN,NaN,58112,0,0,0.0,0.0,0.07654470000000001,2.9702970297029703
1,concentrated,prior,44100,164886921,Completed,2.9840615336401113,65.00265809683499,NaN,44100,0,220500,0.0,0.0,0.06904410000000001,2.9702970297029703
1,concentrated,single,35104,164886921,Fitted,2.971362569294542,9929.062693663047,2.9983041902452303,35104,3000,175520,0.0049294000000000004,1.71E-4,0.06789210000000001,2.9702970297029703
1,concentrated,mixture,63196,164886921,Fitted,2.969233659542481,8275.381159627439,3.2733417174625457,63196,3000,315980,0.0048538,0.0073425,0.1411705,2.9702970297029703
1,concentrated,mh,92732,164886921,Completed,2.9537007554205,NaN,1.0821960830545132,92732,1000,0,0.0,0.0,0.1827755,2.9702970297029703
1,concentrated,legacy,116584,164886921,Completed,2.9717026165423084,NaN,NaN,116584,0,0,0.0,0.0,0.161048,2.9702970297029703
1,concentrated,prior,88416,164886921,Completed,2.9751498787314916,134.31098234079911,NaN,88416,0,442080,0.0,0.0,0.1364113,2.9702970297029703
1,concentrated,single,73080,164886921,Fitted,2.970988295467893,20801.502324335735,2.9983041902452303,73080,3000,438480,0.005345,1.487E-4,0.13593850000000002,2.9702970297029703
1,hierarchical,mixture,11160,164886921,Fitted,0.9852976059738698,4082.877022113058,1.2972396044632535,11160,3000,111600,0.004981800000000001,0.0157341,0.048324200000000005,0.9803921568627451
1,hierarchical,mh,46584,164886921,Completed,0.9806550153536354,NaN,1.0107727067024777,46584,1000,0,0.0,0.0,0.0916936,0.9803921568627451
1,hierarchical,legacy,43792,164886921,Completed,0.9809483106696156,NaN,NaN,43792,0,0,0.0,0.0,0.0721288,0.9803921568627451
1,hierarchical,prior,34824,164886921,Completed,0.9805281117176213,2947.0345821177016,NaN,34824,0,313416,0.0,0.0,0.0655766,0.9803921568627451
1,hierarchical,single,29384,164886921,Fitted,0.9803399414871146,15720.664048125942,1.090831872794926,29384,3000,235072,0.0053451,1.555E-4,0.0659738,0.9803921568627451
1,hierarchical,mixture,41528,164886921,Fitted,0.9801105099688884,22444.179313842073,1.1015232372991985,41528,3000,415280,0.0056423,0.021090400000000002,0.1299767,0.9803921568627451
1,hierarchical,mh,94824,164886921,Completed,0.9807306823845472,NaN,1.0036670407509107,94824,1000,0,0.0,0.0,0.19334820000000003,0.9803921568627451
1,hierarchical,legacy,87804,164886921,Completed,0.9805844118974033,NaN,NaN,87804,0,0,0.0,0.0,0.1429148,0.9803921568627451
1,hierarchical,prior,69696,164886921,Completed,0.9804593457853934,5962.924693117679,NaN,69696,0,696960,0.0,0.0,0.12994440000000002,0.9803921568627451
1,hierarchical,single,61512,164886921,Fitted,0.9819319363311182,29992.82637239574,1.2813220578171716,61512,3000,615120,0.0053124,1.583E-4,0.13534960000000001,0.9803921568627451
1,mixture,mixture,29192,164886921,Fitted,0.63053489502278,27906.439971913842,1.0028582521326412,29192,3000,204344,0.0050803,0.0034079,0.0739365,0.631578947368421
1,mixture,mh,42832,164886921,Completed,0.6348057527082556,NaN,1.000335358567793,42832,1000,0,0.0,0.0,0.0871054,0.631578947368421
1,mixture,legacy,102232,164886921,Completed,0.6330434067824671,NaN,NaN,102232,0,0,0.0,0.0,0.07896,0.631578947368421
1,mixture,prior,47620,164886921,Completed,0.6329954445683201,31273.345081347088,NaN,47620,0,333340,0.0,0.0,0.0750822,0.631578947368421
1,mixture,single,35864,164886921,Fitted,0.6324014649291676,6164.8592985429805,1.0026153492645502,35864,3000,215184,0.005266900000000001,1.653E-4,0.074975,0.631578947368421
1,mixture,mixture,62548,164886921,Fitted,0.6305357809040959,59783.82348410897,1.0028582521326412,62548,3000,375288,0.005212400000000001,0.0037589000000000003,0.14230790000000001,0.631578947368421
1,mixture,mh,86692,164886921,Completed,0.6328150233008814,NaN,1.0000407712901558,86692,1000,0,0.0,0.0,0.1824741,0.631578947368421
1,mixture,legacy,204768,164886921,Completed,0.6322363285263433,NaN,NaN,204768,0,0,0.0,0.0,0.15183770000000002,0.631578947368421
1,mixture,prior,95408,164886921,Completed,0.6333120556444356,62664.82761649345,NaN,95408,0,667856,0.0,0.0,0.1534327,0.631578947368421
1,mixture,single,74768,164886921,Fitted,0.631481209758307,12836.379844490732,1.0026153492645502,74768,3000,523376,0.005417900000000001,2.0380000000000002E-4,0.15403450000000002,0.631578947368421
1,concentrated,mh,45744,180372784,Completed,2.9689929394324848,NaN,1.1152013900498543,45744,1000,0,0.0,0.0,0.09006,2.9702970297029703
1,concentrated,legacy,58112,180372784,Completed,2.97761313779346,NaN,NaN,58112,0,0,0.0,0.0,0.07900420000000001,2.9702970297029703
1,concentrated,prior,44100,180372784,Completed,2.980965743260889,81.83114225037689,NaN,44100,0,220500,0.0,0.0,0.0665304,2.9702970297029703
1,concentrated,single,35104,180372784,Fitted,2.9699996357828904,14614.282157018797,1.9763136485666613,35104,3000,175520,0.0052835,1.94E-4,0.06788620000000001,2.9702970297029703
1,concentrated,mixture,23168,180372784,Fitted,2.9695016652708066,7639.674766809254,4.979402547590393,23168,3000,139008,0.005998300000000001,0.0090358,0.0632991,2.9702970297029703
1,concentrated,mh,92732,180372784,Completed,2.9695214350966577,NaN,1.0903333859021362,92732,1000,0,0.0,0.0,0.188502,2.9702970297029703
1,concentrated,legacy,116584,180372784,Completed,2.9712633093960825,NaN,NaN,116584,0,0,0.0,0.0,0.168216,2.9702970297029703
1,concentrated,prior,88416,180372784,Completed,2.97065514944587,158.78020189626042,NaN,88416,0,530496,0.0,0.0,0.1398442,2.9702970297029703
1,concentrated,single,73080,180372784,Fitted,2.9708887203412697,30461.851333834104,1.9763136485666613,73080,3000,365400,0.004800400000000001,1.51E-4,0.1343956,2.9702970297029703
1,concentrated,mixture,63196,180372784,Fitted,2.970119610870698,20758.35881313054,4.979402547590393,63196,3000,315980,0.0052678,0.0087729,0.1440256,2.9702970297029703
1,hierarchical,mh,46584,180372784,Completed,0.9813639274303511,NaN,1.0089679607149253,46584,1000,0,0.0,0.0,0.0963523,0.9803921568627451
1,hierarchical,legacy,43792,180372784,Completed,0.9784189468889198,NaN,NaN,43792,0,0,0.0,0.0,0.0716418,0.9803921568627451
1,hierarchical,prior,34824,180372784,Completed,0.9806762790684326,3060.505150210451,NaN,34824,0,278592,0.0,0.0,0.0629999,0.9803921568627451
1,hierarchical,single,29384,180372784,Fitted,0.9823615941449303,15792.813200564438,1.120466821103535,29384,3000,264456,0.0052004,1.565E-4,0.06918790000000001,0.9803921568627451
1,hierarchical,mixture,11160,180372784,Fitted,0.9824141926559715,5561.735914858756,1.089112003452162,11160,3000,100440,0.005087,0.0315775,0.06348150000000001,0.9803921568627451
1,hierarchical,mh,94824,180372784,Completed,0.981785942657673,NaN,1.0029255486046935,94824,1000,0,0.0,0.0,0.1924303,0.9803921568627451
1,hierarchical,legacy,87804,180372784,Completed,0.9788611480570634,NaN,NaN,87804,0,0,0.0,0.0,0.1498605,0.9803921568627451
1,hierarchical,prior,69696,180372784,Completed,0.9786732470685257,6135.8699480005025,NaN,69696,0,696960,0.0,0.0,0.13175030000000001,0.9803921568627451
1,hierarchical,single,61512,180372784,Fitted,0.9808790448526504,32758.699084398442,1.2190065747244898,61512,3000,615120,0.0052442,1.583E-4,0.1371438,0.9803921568627451
1,hierarchical,mixture,41528,180372784,Fitted,0.982808202621903,15031.97435489436,1.213174063506301,41528,3000,415280,0.0055177,0.0175008,0.12490860000000001,0.9803921568627451
1,mixture,mh,42832,180372784,Completed,0.62686776242062,NaN,1.0002187457854943,42832,1000,0,0.0,0.0,0.08589920000000001,0.631578947368421
1,mixture,legacy,102232,180372784,Completed,0.6279116704876314,NaN,NaN,102232,0,0,0.0,0.0,0.0793336,0.631578947368421
1,mixture,prior,47620,180372784,Completed,0.6276479871964464,31209.07003351789,NaN,47620,0,333340,0.0,0.0,0.0764455,0.631578947368421
1,mixture,single,35864,180372784,Fitted,0.6382875598640511,6192.04093707275,1.0047910683867853,35864,3000,251048,0.0057258000000000005,1.4690000000000002E-4,0.0773434,0.631578947368421
1,mixture,mixture,29192,180372784,Fitted,0.6309042176794925,27367.155703008837,1.0024086058465584,29192,3000,204344,0.0050452000000000006,0.0034313000000000004,0.0760092,0.631578947368421
1,mixture,mh,86692,180372784,Completed,0.6328726987495963,NaN,1.0000468273090872,86692,1000,0,0.0,0.0,0.1789307,0.631578947368421
1,mixture,legacy,204768,180372784,Completed,0.6299550959524512,NaN,NaN,204768,0,0,0.0,0.0,0.1557128,0.631578947368421
1,mixture,prior,95408,180372784,Completed,0.6281079702636768,62539.09254968789,NaN,95408,0,667856,0.0,0.0,0.16227540000000001,0.631578947368421
1,mixture,single,74768,180372784,Fitted,0.6329752272777884,12862.911390831472,1.0047910683867853,74768,3000,523376,0.0058126,1.619E-4,0.1570648,0.631578947368421
1,mixture,mixture,62548,180372784,Fitted,0.6315982232796772,58664.71099491954,1.0024086058465584,62548,3000,437836,0.0056879,0.0039077,0.1594768,0.631578947368421
1,concentrated,legacy,58112,195858647,Completed,2.9845531284072044,NaN,NaN,58112,0,0,0.0,0.0,0.0764407,2.9702970297029703
1,concentrated,prior,44100,195858647,Completed,2.9835764238217926,79.58497813880264,NaN,44100,0,220500,0.0,0.0,0.0698942,2.9702970297029703
1,concentrated,single,35104,195858647,Fitted,2.9697177765224594,7629.303747406287,2.765581454861553,35104,3000,210624,0.005206700000000001,1.6020000000000002E-4,0.07036880000000001,2.9702970297029703
1,concentrated,mixture,23168,195858647,Fitted,2.972298314575411,2253.568525327151,3.272506906972756,23168,3000,115840,0.0054152,0.0070758,0.061957700000000004,2.9702970297029703
1,concentrated,mh,45744,195858647,Completed,2.9586606384241394,NaN,1.1241128895015486,45744,1000,0,0.0,0.0,0.09177650000000001,2.9702970297029703
1,concentrated,legacy,116584,195858647,Completed,2.972601479017111,NaN,NaN,116584,0,0,0.0,0.0,0.1659044,2.9702970297029703
1,concentrated,prior,88416,195858647,Completed,2.9785231671998456,165.28525178537907,NaN,88416,0,530496,0.0,0.0,0.14481290000000002,2.9702970297029703
1,concentrated,single,73080,195858647,Fitted,2.9694681405225745,15760.520566015097,2.765581454861553,73080,3000,438480,0.0056534,1.8140000000000002E-4,0.1449939,2.9702970297029703
1,concentrated,mixture,63196,195858647,Fitted,2.97100306214257,6292.679884773897,3.272506906972756,63196,3000,379176,0.0053455,0.0069759,0.1516742,2.9702970297029703
1,concentrated,mh,92732,195858647,Completed,2.9749880951473426,NaN,1.049982015596742,92732,1000,0,0.0,0.0,0.1931875,2.9702970297029703
1,hierarchical,legacy,43792,195858647,Completed,0.9823169176735758,NaN,NaN,43792,0,0,0.0,0.0,0.0729978,0.9803921568627451
1,hierarchical,prior,34824,195858647,Completed,0.9825958299280527,3006.9542402207153,NaN,34824,0,278592,0.0,0.0,0.0674776,0.9803921568627451
1,hierarchical,single,29384,195858647,Fitted,0.9793448230214995,14617.297087794535,1.1955026274809466,29384,3000,264456,0.0055655,1.7600000000000002E-4,0.071254,0.9803921568627451
1,hierarchical,mixture,11160,195858647,IterationLimit,NaN,NaN,1.2213131504934467,0,3000,0,0.0069797,0.0745107,0.08160500000000001,0.9803921568627451
1,hierarchical,mh,46584,195858647,Completed,0.985352713261162,NaN,1.0068562984081517,46584,1000,0,0.0,0.0,0.0984474,0.9803921568627451
1,hierarchical,legacy,87804,195858647,Completed,0.9807812177910755,NaN,NaN,87804,0,0,0.0,0.0,0.1619564,0.9803921568627451
1,hierarchical,prior,69696,195858647,Completed,0.9813816028636572,6007.929351882604,NaN,69696,0,696960,0.0,0.0,0.1410711,0.9803921568627451
1,hierarchical,single,61512,195858647,Fitted,0.9802266635070729,32200.34374994406,1.3546649339853283,61512,3000,553608,0.0058455,1.6130000000000002E-4,0.1425876,0.9803921568627451
1,hierarchical,mixture,41528,195858647,IterationLimit,NaN,NaN,1.155047312141852,0,3000,0,0.0054637,0.0721399,0.07772380000000001,0.9803921568627451
1,hierarchical,mh,94824,195858647,Completed,0.9807174434627995,NaN,1.0038157448669949,94824,1000,0,0.0,0.0,0.20723640000000002,0.9803921568627451
1,mixture,legacy,102232,195858647,Completed,0.6314965657147928,NaN,NaN,102232,0,0,0.0,0.0,0.07921030000000001,0.631578947368421
1,mixture,prior,47620,195858647,Completed,0.6340136354124942,31285.913236027973,NaN,47620,0,238100,0.0,0.0,0.07540000000000001,0.631578947368421
1,mixture,single,35864,195858647,Fitted,0.6353990262270808,6002.697288994485,1.0077358827466854,35864,3000,179320,0.0057317,1.6690000000000002E-4,0.07723870000000001,0.631578947368421
1,mixture,mixture,29192,195858647,Fitted,0.6318450091516622,27216.477187025397,1.0042804288753953,29192,3000,204344,0.0063393,0.0042014,0.0794398,0.631578947368421
1,mixture,mh,42832,195858647,Completed,0.6293658946581995,NaN,1.0002577279954692,42832,1000,0,0.0,0.0,0.09472080000000001,0.631578947368421
1,mixture,legacy,204768,195858647,Completed,0.6328299388845788,NaN,NaN,204768,0,0,0.0,0.0,0.1581325,0.631578947368421
1,mixture,prior,95408,195858647,Completed,0.6311094427942087,62610.93779888879,NaN,95408,0,667856,0.0,0.0,0.1620263,0.631578947368421
1,mixture,single,74768,195858647,Fitted,0.6329254279196908,12603.815881580429,1.0077358827466854,74768,3000,448608,0.0072903,1.6710000000000002E-4,0.15861270000000002,0.631578947368421
1,mixture,mixture,62548,195858647,Fitted,0.6318231898963663,58286.511399675175,1.0042804288753953,62548,3000,437836,0.0057894,0.004155300000000001,0.1528332,0.631578947368421
1,mixture,mh,86692,195858647,Completed,0.6276011627370461,NaN,1.0001192807339183,86692,1000,0,0.0,0.0,0.18095760000000002,0.631578947368421
1,concentrated,prior,44100,211344510,Completed,2.953541182228497,70.94693287938952,NaN,44100,0,264600,0.0,0.0,0.0671809,2.9702970297029703
1,concentrated,single,35104,211344510,Fitted,2.969411787539364,20276.621796760704,5.547774815304214,35104,3000,175520,0.005305600000000001,1.6020000000000002E-4,0.06720860000000001,2.9702970297029703
1,concentrated,mixture,23168,211344510,IterationLimit,NaN,NaN,2.342429524351753,0,3000,0,0.0058037,0.0700019,0.0759012,2.9702970297029703
1,concentrated,mh,45744,211344510,Completed,2.9685543315097296,NaN,1.1029880543731572,45744,1000,0,0.0,0.0,0.0870669,2.9702970297029703
1,concentrated,legacy,58112,211344510,Completed,2.9584012035487475,NaN,NaN,58112,0,0,0.0,0.0,0.0756786,2.9702970297029703
1,concentrated,prior,88416,211344510,Completed,2.965649613776513,147.82252200553984,NaN,88416,0,442080,0.0,0.0,0.1297093,2.9702970297029703
1,concentrated,single,73080,211344510,Fitted,2.9699295036210445,21953.652510571264,2.342429524351753,73080,3000,365400,0.0058998,1.741E-4,0.1386146,2.9702970297029703
1,concentrated,mixture,63196,211344510,Fitted,2.9802699143084017,733.4326264189285,5.547774815304214,63196,3000,315980,0.0053245,0.014749300000000002,0.1489085,2.9702970297029703
1,concentrated,mh,92732,211344510,Completed,2.970688108956087,NaN,1.1016559896330607,92732,1000,0,0.0,0.0,0.1818824,2.9702970297029703
1,concentrated,legacy,116584,211344510,Completed,2.9680125404362685,NaN,NaN,116584,0,0,0.0,0.0,0.16155440000000001,2.9702970297029703
1,hierarchical,prior,34824,211344510,Completed,0.980712661556197,2983.673568888471,NaN,34824,0,348240,0.0,0.0,0.06636510000000001,0.9803921568627451
1,hierarchical,single,29384,211344510,Fitted,0.9795267462368182,14891.477933200114,1.0762434985933105,29384,3000,264456,0.0052205,1.485E-4,0.0661573,0.9803921568627451
1,hierarchical,mixture,11160,211344510,Fitted,0.9788551170879807,4875.25309348322,1.1862446751795641,11160,3000,111600,0.0050762,0.0071462,0.0408743,0.9803921568627451
1,hierarchical,mh,46584,211344510,Completed,0.9913918704515614,NaN,1.0044981443476826,46584,1000,0,0.0,0.0,0.09169150000000001,0.9803921568627451
1,hierarchical,legacy,43792,211344510,Completed,0.9801121856514906,NaN,NaN,43792,0,0,0.0,0.0,0.064667,0.9803921568627451
1,hierarchical,prior,69696,211344510,Completed,0.9798848744409759,5983.76589275202,NaN,69696,0,696960,0.0,0.0,0.13368470000000002,0.9803921568627451
1,hierarchical,single,61512,211344510,Fitted,0.980449067596009,32793.79439953874,1.3202663651483848,61512,3000,615120,0.0051808,1.475E-4,0.1372399,0.9803921568627451
1,hierarchical,mixture,41528,211344510,Fitted,0.9793776717321112,21388.145540975718,1.051395251371461,41528,3000,373752,0.0052582,0.029119500000000003,0.1357249,0.9803921568627451
1,hierarchical,mh,94824,211344510,Completed,0.98412860943576,NaN,1.0028273712353009,94824,1000,0,0.0,0.0,0.19150730000000002,0.9803921568627451
1,hierarchical,legacy,87804,211344510,Completed,0.9791849248291604,NaN,NaN,87804,0,0,0.0,0.0,0.1488749,0.9803921568627451
1,mixture,prior,47620,211344510,Completed,0.6305303122544202,31243.354255758582,NaN,47620,0,285720,0.0,0.0,0.0734968,0.631578947368421
1,mixture,single,35864,211344510,Fitted,0.6263320954614415,6213.113135039041,1.0048277836474429,35864,3000,215184,0.0053483,1.4340000000000002E-4,0.07209700000000001,0.631578947368421
1,mixture,mixture,29192,211344510,Fitted,0.6276962467446611,28236.555912242326,1.0042328371174516,29192,3000,204344,0.0053664,0.0035779,0.0739997,0.631578947368421
1,mixture,mh,42832,211344510,Completed,0.6354828165857302,NaN,1.000193293109693,42832,1000,0,0.0,0.0,0.0877725,0.631578947368421
1,mixture,legacy,102232,211344510,Completed,0.632578990119167,NaN,NaN,102232,0,0,0.0,0.0,0.0776564,0.631578947368421
1,mixture,prior,95408,211344510,Completed,0.6323399753129738,62640.92227155335,NaN,95408,0,667856,0.0,0.0,0.1532425,0.631578947368421
1,mixture,single,74768,211344510,Fitted,0.6252837319965432,12785.195478753149,1.0048277836474429,74768,3000,448608,0.005787400000000001,1.4240000000000002E-4,0.14678290000000002,0.631578947368421
1,mixture,mixture,62548,211344510,Fitted,0.6307396038277041,60474.50074910184,1.0042328371174516,62548,3000,437836,0.0065712,0.0035701,0.1527398,0.631578947368421
1,mixture,mh,86692,211344510,Completed,0.6329188391085683,NaN,1.000114377451274,86692,1000,0,0.0,0.0,0.185532,0.631578947368421
1,mixture,legacy,204768,211344510,Completed,0.6323659293036126,NaN,NaN,204768,0,0,0.0,0.0,0.16038390000000002,0.631578947368421
1,concentrated,single,35104,226830373,Fitted,2.9704181415063915,17736.348997138593,2.621270105279198,35104,3000,210624,0.0056168,2.0240000000000001E-4,0.0708155,2.9702970297029703
1,concentrated,mixture,23168,226830373,Fitted,2.9721001318046656,9062.53878251143,3.4581046009526206,23168,3000,115840,0.0049464,0.0042868,0.056812400000000006,2.9702970297029703
1,concentrated,mh,45744,226830373,Completed,2.9791695273834873,NaN,1.214048582534025,45744,1000,0,0.0,0.0,0.0911096,2.9702970297029703
1,concentrated,legacy,58112,226830373,Completed,2.961689548222949,NaN,NaN,58112,0,0,0.0,0.0,0.0815767,2.9702970297029703
1,concentrated,prior,44100,226830373,Completed,2.96297277091368,78.08316189160028,NaN,44100,0,264600,0.0,0.0,0.0683088,2.9702970297029703
1,concentrated,single,73080,226830373,Fitted,2.9705043487618554,36752.6547584622,2.621270105279198,73080,3000,438480,0.005959600000000001,1.6150000000000002E-4,0.13428520000000002,2.9702970297029703
1,concentrated,mixture,63196,226830373,Fitted,2.971745935669092,23450.369244482816,3.4581046009526206,63196,3000,379176,0.0050847,0.0034197000000000003,0.146508,2.9702970297029703
1,concentrated,mh,92732,226830373,Completed,2.989191644776348,NaN,1.033003798897154,92732,1000,0,0.0,0.0,0.20208440000000003,2.9702970297029703
1,concentrated,legacy,116584,226830373,Completed,2.961086363751065,NaN,NaN,116584,0,0,0.0,0.0,0.15929990000000002,2.9702970297029703
1,concentrated,prior,88416,226830373,Completed,2.962147397415196,147.05549524165272,NaN,88416,0,442080,0.0,0.0,0.13798090000000002,2.9702970297029703
1,hierarchical,single,29384,226830373,Fitted,0.9815984426227201,15430.938708733438,1.1487715631010866,29384,3000,264456,0.0050266,1.396E-4,0.0693904,0.9803921568627451
1,hierarchical,mixture,11160,226830373,Fitted,0.9813896900834501,5068.415877970776,1.2652742239931623,11160,3000,100440,0.0055464,0.058227400000000006,0.09184980000000001,0.9803921568627451
1,hierarchical,mh,46584,226830373,Completed,0.9707772669928711,NaN,1.0037321398054633,46584,1000,0,0.0,0.0,0.0903449,0.9803921568627451
1,hierarchical,legacy,43792,226830373,Completed,0.979243570680536,NaN,NaN,43792,0,0,0.0,0.0,0.06730130000000001,0.9803921568627451
1,hierarchical,prior,34824,226830373,Completed,0.9785045350160982,2988.7148522116777,NaN,34824,0,278592,0.0,0.0,0.06519180000000001,0.9803921568627451
1,hierarchical,single,61512,226830373,Fitted,0.9816791224052277,31979.723788496318,1.1628388438331427,61512,3000,553608,0.0050548,1.375E-4,0.1346438,0.9803921568627451
1,hierarchical,mixture,41528,226830373,Fitted,0.9815944009772782,16442.81747121514,1.1710629169686002,41528,3000,415280,0.0052437000000000004,0.0232253,0.1297705,0.9803921568627451
1,hierarchical,mh,94824,226830373,Completed,0.9759914407607516,NaN,1.001927226201463,94824,1000,0,0.0,0.0,0.19224650000000001,0.9803921568627451
1,hierarchical,legacy,87804,226830373,Completed,0.9798621161853716,NaN,NaN,87804,0,0,0.0,0.0,0.13934290000000002,0.9803921568627451
1,hierarchical,prior,69696,226830373,Completed,0.9793431139922628,5950.83448047421,NaN,69696,0,696960,0.0,0.0,0.13235840000000001,0.9803921568627451
1,mixture,single,35864,226830373,Fitted,0.6254035372205115,6233.095157418668,1.0086976001853991,35864,3000,215184,0.0073959,1.9580000000000002E-4,0.0749286,0.631578947368421
1,mixture,mixture,29192,226830373,Fitted,0.6333051851598828,26871.022638230817,1.0029131144023806,29192,3000,175152,0.0052039,0.0034271,0.0720593,0.631578947368421
1,mixture,mh,42832,226830373,Completed,0.6300196115054165,NaN,1.000012175158458,42832,1000,0,0.0,0.0,0.0873184,0.631578947368421
1,mixture,legacy,102232,226830373,Completed,0.6309215238664726,NaN,NaN,102232,0,0,0.0,0.0,0.07208200000000001,0.631578947368421
1,mixture,prior,47620,226830373,Completed,0.6278361741371778,31211.282817638083,NaN,47620,0,285720,0.0,0.0,0.0724948,0.631578947368421
1,mixture,single,74768,226830373,Fitted,0.6291662245829428,13013.249840179227,1.0086976001853991,74768,3000,448608,0.006233300000000001,1.765E-4,0.1476083,0.631578947368421
1,mixture,mixture,62548,226830373,Fitted,0.6312800633463633,57600.16240226232,1.0029131144023806,62548,3000,375288,0.0051072,0.0034924,0.1428256,0.631578947368421
1,mixture,mh,86692,226830373,Completed,0.6266783555576062,NaN,1.0001059530765348,86692,1000,0,0.0,0.0,0.1795641,0.631578947368421
1,mixture,legacy,204768,226830373,Completed,0.6328191549412049,NaN,NaN,204768,0,0,0.0,0.0,0.14149340000000002,0.631578947368421
1,mixture,prior,95408,226830373,Completed,0.6301662143264484,62588.162924595366,NaN,95408,0,572448,0.0,0.0,0.14917650000000002,0.631578947368421
1,concentrated,mixture,23168,242316236,Fitted,2.970158547107,5372.517506959404,4.217878326033426,23168,3000,139008,0.005131200000000001,0.038486700000000006,0.09152,2.9702970297029703
1,concentrated,mh,45744,242316236,Completed,2.977884515432276,NaN,1.1820331676924085,45744,1000,0,0.0,0.0,0.08719930000000001,2.9702970297029703
1,concentrated,legacy,58112,242316236,Completed,2.9664274421335084,NaN,NaN,58112,0,0,0.0,0.0,0.0781865,2.9702970297029703
1,concentrated,prior,44100,242316236,Completed,2.9646457393876755,78.31989351130821,NaN,44100,0,264600,0.0,0.0,0.0681682,2.9702970297029703
1,concentrated,single,35104,242316236,Fitted,2.9693966372174883,11557.80773534064,1.7490783991713599,35104,3000,175520,0.0054782,1.662E-4,0.0697591,2.9702970297029703
1,concentrated,mixture,63196,242316236,Fitted,2.9709481698194073,14633.764834308118,4.217878326033426,63196,3000,315980,0.005510500000000001,0.0413487,0.18534530000000002,2.9702970297029703
1,concentrated,mh,92732,242316236,Completed,2.974165468377007,NaN,1.1586783042573074,92732,1000,0,0.0,0.0,0.1957028,2.9702970297029703
1,concentrated,legacy,116584,242316236,Completed,2.971026402350291,NaN,NaN,116584,0,0,0.0,0.0,0.16820200000000002,2.9702970297029703
1,concentrated,prior,88416,242316236,Completed,2.9723551303679265,151.77119363195266,NaN,88416,0,530496,0.0,0.0,0.1490456,2.9702970297029703
1,concentrated,single,73080,242316236,Fitted,2.9697454156395784,24145.648675176188,1.7490783991713599,73080,3000,365400,0.005084900000000001,1.64E-4,0.1385344,2.9702970297029703
1,hierarchical,mixture,11160,242316236,IterationLimit,NaN,NaN,1.144765992492605,0,3000,0,0.00562,0.0697307,0.0754342,0.9803921568627451
1,hierarchical,mh,46584,242316236,Completed,0.9868356431384565,NaN,1.0088432604657898,46584,1000,0,0.0,0.0,0.09180790000000001,0.9803921568627451
1,hierarchical,legacy,43792,242316236,Completed,0.9771555769474304,NaN,NaN,43792,0,0,0.0,0.0,0.0728646,0.9803921568627451
1,hierarchical,prior,34824,242316236,Completed,0.9782247848614595,2955.873621446143,NaN,34824,0,348240,0.0,0.0,0.065013,0.9803921568627451
1,hierarchical,single,29384,242316236,Fitted,0.9799973278207206,15180.732160409356,1.1332279788020525,29384,3000,264456,0.005251100000000001,1.61E-4,0.0680154,0.9803921568627451
1,hierarchical,mixture,41528,242316236,IterationLimit,NaN,NaN,1.353755249842214,0,3000,0,0.0053191,0.0784809,0.0838802,0.9803921568627451
1,hierarchical,mh,94824,242316236,Completed,0.9820246412952286,NaN,1.0039009610322092,94824,1000,0,0.0,0.0,0.19192820000000002,0.9803921568627451
1,hierarchical,legacy,87804,242316236,Completed,0.9780830099354535,NaN,NaN,87804,0,0,0.0,0.0,0.14766300000000002,0.9803921568627451
1,hierarchical,prior,69696,242316236,Completed,0.9782047101567805,5997.360540833431,NaN,69696,0,557568,0.0,0.0,0.1280027,0.9803921568627451
1,hierarchical,single,61512,242316236,Fitted,0.9798957080138804,29208.36105622974,1.0877955394504544,61512,3000,492096,0.0052601,1.666E-4,0.1334316,0.9803921568627451
1,mixture,mixture,29192,242316236,Fitted,0.6358782626255629,27630.628723612735,1.0019285628413845,29192,3000,175152,0.0061234,0.004201300000000001,0.07484400000000001,0.631578947368421
1,mixture,mh,42832,242316236,Completed,0.6334282779230482,NaN,1.0002144741639616,42832,1000,0,0.0,0.0,0.08762940000000001,0.631578947368421
1,mixture,legacy,102232,242316236,Completed,0.6311711860215165,NaN,NaN,102232,0,0,0.0,0.0,0.0699186,0.631578947368421
1,mixture,prior,47620,242316236,Completed,0.6293380640871095,31229.070910277802,NaN,47620,0,285720,0.0,0.0,0.0729094,0.631578947368421
1,mixture,single,35864,242316236,Fitted,0.6277668702087179,6187.96028254192,1.0010540230497895,35864,3000,251048,0.0056663,1.5930000000000002E-4,0.07512980000000001,0.631578947368421
1,mixture,mixture,62548,242316236,Fitted,0.6324137946095577,59179.23381664712,1.0019285628413845,62548,3000,375288,0.0049648,0.0034284000000000003,0.1431944,0.631578947368421
1,mixture,mh,86692,242316236,Completed,0.6324920407880773,NaN,1.0000924099084645,86692,1000,0,0.0,0.0,0.18193140000000002,0.631578947368421
1,mixture,legacy,204768,242316236,Completed,0.6310135666991207,NaN,NaN,204768,0,0,0.0,0.0,0.14049730000000002,0.631578947368421
1,mixture,prior,95408,242316236,Completed,0.630574092897983,62597.98921006767,NaN,95408,0,572448,0.0,0.0,0.1490072,0.631578947368421
1,mixture,single,74768,242316236,Fitted,0.630873407546958,12651.12072428913,1.0010540230497895,74768,3000,523376,0.0058732,1.5900000000000002E-4,0.1516102,0.631578947368421
1,concentrated,mh,45744,257802099,Completed,2.9511083869302035,NaN,1.1792668016976031,45744,1000,0,0.0,0.0,0.08807050000000001,2.9702970297029703
1,concentrated,legacy,58112,257802099,Completed,2.9786435123501973,NaN,NaN,58112,0,0,0.0,0.0,0.07597090000000001,2.9702970297029703
1,concentrated,prior,44100,257802099,Completed,2.974813281144962,68.1053056759077,NaN,44100,0,264600,0.0,0.0,0.06584670000000001,2.9702970297029703
1,concentrated,single,35104,257802099,Fitted,2.9707042084775668,9243.606416694422,3.0480298990806634,35104,3000,175520,0.004996400000000001,1.4920000000000002E-4,0.0663468,2.9702970297029703
1,concentrated,mixture,23168,257802099,Fitted,2.9697532414126604,9232.57453519745,2.1014018313634457,23168,3000,115840,0.004956,0.0060764,0.0592789,2.9702970297029703
1,concentrated,mh,92732,257802099,Completed,2.954322391214129,NaN,1.2184238191927235,92732,1000,0,0.0,0.0,0.1793279,2.9702970297029703
1,concentrated,legacy,116584,257802099,Completed,2.973714622660427,NaN,NaN,116584,0,0,0.0,0.0,0.1577715,2.9702970297029703
1,concentrated,prior,88416,257802099,Completed,2.975867198394647,141.31052083445806,NaN,88416,0,442080,0.0,0.0,0.132218,2.9702970297029703
1,concentrated,single,73080,257802099,Fitted,2.9700405582447615,19267.815724884542,3.0480298990806634,73080,3000,365400,0.0049046,1.4140000000000002E-4,0.133019,2.9702970297029703
1,concentrated,mixture,63196,257802099,Fitted,2.9683339459180087,25473.670060698074,2.1014018313634457,63196,3000,379176,0.0047704,0.0055068,0.14024,2.9702970297029703
1,hierarchical,mh,46584,257802099,Completed,0.980414132799047,NaN,1.0059930743601246,46584,1000,0,0.0,0.0,0.09019490000000001,0.9803921568627451
1,hierarchical,legacy,43792,257802099,Completed,0.9810787767874835,NaN,NaN,43792,0,0,0.0,0.0,0.0731186,0.9803921568627451
1,hierarchical,prior,34824,257802099,Completed,0.9808884694171226,3022.8780284142344,NaN,34824,0,313416,0.0,0.0,0.0646679,0.9803921568627451
1,hierarchical,single,29384,257802099,Fitted,0.9808451352913586,15288.589831262107,1.3689789192558588,29384,3000,235072,0.005878100000000001,1.706E-4,0.06778730000000001,0.9803921568627451
1,hierarchical,mixture,11160,257802099,Fitted,0.9811842885307993,5064.269180033554,1.1470852375709686,11160,3000,111600,0.0061701,0.0107027,0.0446249,0.9803921568627451
1,hierarchical,mh,94824,257802099,Completed,0.9774167151104801,NaN,1.0025912722772508,94824,1000,0,0.0,0.0,0.19112420000000002,0.9803921568627451
1,hierarchical,legacy,87804,257802099,Completed,0.9802861819308711,NaN,NaN,87804,0,0,0.0,0.0,0.1352863,0.9803921568627451
1,hierarchical,prior,69696,257802099,Completed,0.9810490886301066,6018.557172251711,NaN,69696,0,696960,0.0,0.0,0.1337526,0.9803921568627451
1,hierarchical,single,61512,257802099,Fitted,0.9809782723942164,27919.559590642413,1.2455310600475493,61512,3000,615120,0.0061194000000000005,1.585E-4,0.1384184,0.9803921568627451
1,hierarchical,mixture,41528,257802099,Fitted,0.9808415740842,18894.660315029076,1.2079749650076894,41528,3000,415280,0.0053436,0.0276723,0.1341185,0.9803921568627451
1,mixture,mh,42832,257802099,Completed,0.6332181546507285,NaN,1.0005307212849268,42832,1000,0,0.0,0.0,0.0859177,0.631578947368421
1,mixture,legacy,102232,257802099,Completed,0.6351310512269644,NaN,NaN,102232,0,0,0.0,0.0,0.06598520000000001,0.631578947368421
1,mixture,prior,47620,257802099,Completed,0.6372795141361539,31326.942985126985,NaN,47620,0,333340,0.0,0.0,0.07482720000000001,0.631578947368421
1,mixture,single,35864,257802099,Fitted,0.6247374848034061,6150.9893218705965,1.0083860142592935,35864,3000,215184,0.0054849,1.4230000000000002E-4,0.07451970000000001,0.631578947368421
1,mixture,mixture,29192,257802099,Fitted,0.6304537413434295,27563.82551334136,1.0020803813693102,29192,3000,145960,0.005415400000000001,0.004107,0.070096,0.631578947368421
1,mixture,mh,86692,257802099,Completed,0.6297351543395008,NaN,1.0001606873346987,86692,1000,0,0.0,0.0,0.18327480000000002,0.631578947368421
1,mixture,legacy,204768,257802099,Completed,0.6340034015697601,NaN,NaN,204768,0,0,0.0,0.0,0.1325861,0.631578947368421
1,mixture,prior,95408,257802099,Completed,0.635650156581806,62723.11891701009,NaN,95408,0,477040,0.0,0.0,0.1401849,0.631578947368421
1,mixture,single,74768,257802099,Fitted,0.629957678159816,12971.836472622694,1.0083860142592935,74768,3000,373840,0.0053409,1.464E-4,0.1407079,0.631578947368421
1,mixture,mixture,62548,257802099,Fitted,0.6312056365858183,59048.110926562236,1.0020803813693102,62548,3000,312740,0.0052303,0.0036889,0.1376647,0.631578947368421
1,concentrated,legacy,58112,273287962,Completed,2.9639873227334035,NaN,NaN,58112,0,0,0.0,0.0,0.072426,2.9702970297029703
1,concentrated,prior,44100,273287962,Completed,2.9558361415092005,74.27541898352526,NaN,44100,0,264600,0.0,0.0,0.0657771,2.9702970297029703
1,concentrated,single,35104,273287962,Fitted,2.9701792522607615,12016.97194349715,3.4847245148479296,35104,3000,210624,0.0049991,1.371E-4,0.066552,2.9702970297029703
1,concentrated,mixture,23168,273287962,Fitted,2.9727302154217514,2158.89587029664,8.008972014298514,23168,3000,115840,0.0054536,0.008237000000000001,0.0601558,2.9702970297029703
1,concentrated,mh,45744,273287962,Completed,2.939457592932488,NaN,1.1534610897266568,45744,1000,0,0.0,0.0,0.08960720000000001,2.9702970297029703
1,concentrated,legacy,116584,273287962,Completed,2.9708432199272443,NaN,NaN,116584,0,0,0.0,0.0,0.16413160000000002,2.9702970297029703
1,concentrated,prior,88416,273287962,Completed,2.9695228551223716,144.1442123891548,NaN,88416,0,442080,0.0,0.0,0.1368354,2.9702970297029703
1,concentrated,single,73080,273287962,Fitted,2.9703004003999434,25151.065601276427,3.4847245148479296,73080,3000,438480,0.005035700000000001,1.442E-4,0.1362159,2.9702970297029703
1,concentrated,mixture,63196,273287962,Fitted,2.972827195568898,5762.828481422171,8.008972014298514,63196,3000,379176,0.0049716000000000005,0.0078531,0.14419990000000002,2.9702970297029703
1,concentrated,mh,92732,273287962,Completed,2.9684664287093327,NaN,1.0792876013402959,92732,1000,0,0.0,0.0,0.1835514,2.9702970297029703
1,hierarchical,legacy,43792,273287962,Completed,0.9775250869215312,NaN,NaN,43792,0,0,0.0,0.0,0.073631,0.9803921568627451
1,hierarchical,prior,34824,273287962,Completed,0.9777797389227857,2975.955018446044,NaN,34824,0,313416,0.0,0.0,0.0640231,0.9803921568627451
1,hierarchical,single,29384,273287962,Fitted,0.9791497268973839,14278.361713836102,1.1300982703189315,29384,3000,264456,0.0061104,1.4130000000000002E-4,0.0697374,0.9803921568627451
1,hierarchical,mixture,11160,273287962,Fitted,0.9826471536327293,3997.0262788423825,1.208400205759206,11160,3000,100440,0.0058754,0.0267061,0.0601905,0.9803921568627451
1,hierarchical,mh,46584,273287962,Completed,0.9790472558836034,NaN,1.0067945521252324,46584,1000,0,0.0,0.0,0.0933578,0.9803921568627451
1,hierarchical,legacy,87804,273287962,Completed,0.9776251940073314,NaN,NaN,87804,0,0,0.0,0.0,0.1487135,0.9803921568627451
1,hierarchical,prior,69696,273287962,Completed,0.9787813486584938,5932.789319331266,NaN,69696,0,557568,0.0,0.0,0.1274693,0.9803921568627451
1,hierarchical,single,61512,273287962,Fitted,0.9804763139025887,31949.846013915696,1.2922948949613253,61512,3000,492096,0.0052037,2.0850000000000003E-4,0.134992,0.9803921568627451
1,hierarchical,mixture,41528,273287962,IterationLimit,NaN,NaN,1.1299350295089996,0,3000,0,0.0050853,0.06635,0.0715245,0.9803921568627451
1,hierarchical,mh,94824,273287962,Completed,0.9850428458057829,NaN,1.0016979424599892,94824,1000,0,0.0,0.0,0.1941778,0.9803921568627451
1,mixture,legacy,102232,273287962,Completed,0.6332052678075551,NaN,NaN,102232,0,0,0.0,0.0,0.0812607,0.631578947368421
1,mixture,prior,47620,273287962,Completed,0.6349136508635905,31297.110993310616,NaN,47620,0,333340,0.0,0.0,0.0761009,0.631578947368421
1,mixture,single,35864,273287962,Fitted,0.6317272357576232,6164.595596085317,1.0052448060265256,35864,3000,251048,0.0052617,1.528E-4,0.0752096,0.631578947368421
1,mixture,mixture,29192,273287962,Fitted,0.6342085300496489,27301.314095373225,1.000824919453022,29192,3000,204344,0.0053834,0.0038052000000000003,0.07283780000000001,0.631578947368421
1,mixture,mh,42832,273287962,Completed,0.6340353007097497,NaN,1.0001147406281794,42832,1000,0,0.0,0.0,0.0895561,0.631578947368421
1,mixture,legacy,204768,273287962,Completed,0.6330078260267997,NaN,NaN,204768,0,0,0.0,0.0,0.1596718,0.631578947368421
1,mixture,prior,95408,273287962,Completed,0.6329651937410685,62656.27543693901,NaN,95408,0,572448,0.0,0.0,0.14674720000000002,0.631578947368421
1,mixture,single,74768,273287962,Fitted,0.6324965479514841,12827.734711734383,1.0052448060265256,74768,3000,448608,0.0053357000000000005,1.608E-4,0.1471807,0.631578947368421
1,mixture,mixture,62548,273287962,Fitted,0.6323805940035143,58484.39727422141,1.000824919453022,62548,3000,437836,0.005538700000000001,0.0034068,0.1464476,0.631578947368421
1,mixture,mh,86692,273287962,Completed,0.6326189267752503,NaN,1.000089335259681,86692,1000,0,0.0,0.0,0.18259440000000002,0.631578947368421
1,concentrated,prior,44100,288773825,Completed,2.972490343532869,70.01875244491733,NaN,44100,0,264600,0.0,0.0,0.0674252,2.9702970297029703
1,concentrated,single,35104,288773825,Fitted,2.970985840759802,15072.01391605799,2.968279930700616,35104,3000,210624,0.0050574,1.561E-4,0.0672022,2.9702970297029703
1,concentrated,mixture,23168,288773825,Fitted,2.970877389639828,15281.415872588123,2.3317322023904854,23168,3000,139008,0.0049578,0.0105179,0.0636157,2.9702970297029703
1,concentrated,mh,45744,288773825,Completed,2.9537379831187494,NaN,1.0895035404915954,45744,1000,0,0.0,0.0,0.08718680000000001,2.9702970297029703
1,concentrated,legacy,58112,288773825,Completed,2.9716525135741048,NaN,NaN,58112,0,0,0.0,0.0,0.06941,2.9702970297029703
1,concentrated,prior,88416,288773825,Completed,2.9649592506208906,136.57808598783797,NaN,88416,0,442080,0.0,0.0,0.141733,2.9702970297029703
1,concentrated,single,73080,288773825,Fitted,2.9709077373843202,31216.26503303702,2.968279930700616,73080,3000,365400,0.005327200000000001,1.5240000000000002E-4,0.1359592,2.9702970297029703
1,concentrated,mixture,63196,288773825,Fitted,2.9707279807366085,41771.02576621313,2.3317322023904854,63196,3000,315980,0.005541900000000001,0.011989000000000001,0.14366310000000002,2.9702970297029703
1,concentrated,mh,92732,288773825,Completed,2.9614093089068496,NaN,1.1100117514471914,92732,1000,0,0.0,0.0,0.1844924,2.9702970297029703
1,concentrated,legacy,116584,288773825,Completed,2.9689129386218878,NaN,NaN,116584,0,0,0.0,0.0,0.1581248,2.9702970297029703
1,hierarchical,prior,34824,288773825,Completed,0.979630305459046,2958.565225903851,NaN,34824,0,313416,0.0,0.0,0.0651097,0.9803921568627451
1,hierarchical,single,29384,288773825,Fitted,0.9812081098107411,14867.328844434462,1.1311621025647085,29384,3000,293840,0.0053038,1.387E-4,0.067347,0.9803921568627451
1,hierarchical,mixture,11160,288773825,Fitted,0.9834599994119995,4238.9050132634975,1.18688628608029,11160,3000,89280,0.005334,0.0276267,0.06020470000000001,0.9803921568627451
1,hierarchical,mh,46584,288773825,Completed,0.9784446297147893,NaN,1.0090344969472058,46584,1000,0,0.0,0.0,0.09064570000000001,0.9803921568627451
1,hierarchical,legacy,43792,288773825,Completed,0.9796119532298734,NaN,NaN,43792,0,0,0.0,0.0,0.0688169,0.9803921568627451
1,hierarchical,prior,69696,288773825,Completed,0.980200601839043,5860.643449281404,NaN,69696,0,627264,0.0,0.0,0.1277475,0.9803921568627451
1,hierarchical,single,61512,288773825,Fitted,0.9813694576928836,29816.352424143915,1.093136433089762,61512,3000,492096,0.0052725,1.654E-4,0.1357363,0.9803921568627451
1,hierarchical,mixture,41528,288773825,Fitted,0.9793183703303973,20157.075610268934,1.0834522444821861,41528,3000,332224,0.0057090000000000005,0.0474228,0.1509203,0.9803921568627451
1,hierarchical,mh,94824,288773825,Completed,0.9781512217880282,NaN,1.0010337499137814,94824,1000,0,0.0,0.0,0.2011455,0.9803921568627451
1,hierarchical,legacy,87804,288773825,Completed,0.9801948558609159,NaN,NaN,87804,0,0,0.0,0.0,0.1478073,0.9803921568627451
1,mixture,prior,47620,288773825,Completed,0.6281652598846287,31215.16094257626,NaN,47620,0,333340,0.0,0.0,0.0784891,0.631578947368421
1,mixture,single,35864,288773825,Fitted,0.6243943122166915,6213.32511079531,1.0058510696591771,35864,3000,251048,0.0059143,1.752E-4,0.0772198,0.631578947368421
1,mixture,mixture,29192,288773825,Fitted,0.6323346075124333,27472.531972633857,1.003525859083602,29192,3000,175152,0.0058561,0.0038423000000000003,0.07508630000000001,0.631578947368421
1,mixture,mh,42832,288773825,Completed,0.6305799402316026,NaN,1.0003879615384108,42832,1000,0,0.0,0.0,0.08917,0.631578947368421
1,mixture,legacy,102232,288773825,Completed,0.628917816926459,NaN,NaN,102232,0,0,0.0,0.0,0.0739789,0.631578947368421
1,mixture,prior,95408,288773825,Completed,0.6288109967162533,62555.75674765464,NaN,95408,0,667856,0.0,0.0,0.15344470000000002,0.631578947368421
1,mixture,single,74768,288773825,Fitted,0.6308294495448603,12927.835806420564,1.0058510696591771,74768,3000,523376,0.0059711,1.9590000000000002E-4,0.15664460000000002,0.631578947368421
1,mixture,mixture,62548,288773825,Fitted,0.6321797042874125,58866.375800352,1.003525859083602,62548,3000,437836,0.0055056,0.004282,0.1517255,0.631578947368421
1,mixture,mh,86692,288773825,Completed,0.6309348036727725,NaN,1.00016855645146,86692,1000,0,0.0,0.0,0.1908233,0.631578947368421
1,mixture,legacy,204768,288773825,Completed,0.6304168726314701,NaN,NaN,204768,0,0,0.0,0.0,0.1583223,0.631578947368421
1,concentrated,single,35104,304259688,Fitted,2.9696983600935756,13608.292933486639,1.932277825402883,35104,3000,210624,0.0052775,1.553E-4,0.0673473,2.9702970297029703
1,concentrated,mixture,23168,304259688,Fitted,2.9703142733348433,13021.114777313165,2.6459592794596114,23168,3000,115840,0.005229200000000001,0.006660200000000001,0.0596889,2.9702970297029703
1,concentrated,mh,45744,304259688,Completed,2.966917655802167,NaN,1.0937590746423522,45744,1000,0,0.0,0.0,0.0873783,2.9702970297029703
1,concentrated,legacy,58112,304259688,Completed,2.9617634396698267,NaN,NaN,58112,0,0,0.0,0.0,0.0744856,2.9702970297029703
1,concentrated,prior,44100,304259688,Completed,2.9621731915690104,73.18930007036259,NaN,44100,0,220500,0.0,0.0,0.06647610000000001,2.9702970297029703
1,concentrated,single,73080,304259688,Fitted,2.970040849815301,28278.079888782635,1.932277825402883,73080,3000,438480,0.005198400000000001,1.36E-4,0.13570110000000002,2.9702970297029703
1,concentrated,mixture,63196,304259688,Fitted,2.9697546406963182,35459.58672383064,2.6459592794596114,63196,3000,379176,0.0048669,0.0069813,0.1428009,2.9702970297029703
1,concentrated,mh,92732,304259688,Completed,2.9669250704589416,NaN,1.042668509504779,92732,1000,0,0.0,0.0,0.18158490000000002,2.9702970297029703
1,concentrated,legacy,116584,304259688,Completed,2.9663783184414227,NaN,NaN,116584,0,0,0.0,0.0,0.1539952,2.9702970297029703
1,concentrated,prior,88416,304259688,Completed,2.9656626206111834,146.4457533130201,NaN,88416,0,442080,0.0,0.0,0.1306969,2.9702970297029703
1,hierarchical,single,29384,304259688,Fitted,0.9813336632130936,14805.610390584621,1.1164281981353898,29384,3000,293840,0.0053192000000000005,1.5140000000000002E-4,0.0699671,0.9803921568627451
1,hierarchical,mixture,11160,304259688,IterationLimit,NaN,NaN,1.2405328153015178,0,3000,0,0.0054625,0.06663100000000001,0.07216940000000001,0.9803921568627451
1,hierarchical,mh,46584,304259688,Completed,0.9761955667804704,NaN,1.0065404318582707,46584,1000,0,0.0,0.0,0.0903313,0.9803921568627451
1,hierarchical,legacy,43792,304259688,Completed,0.9810972716617009,NaN,NaN,43792,0,0,0.0,0.0,0.06857010000000001,0.9803921568627451
1,hierarchical,prior,34824,304259688,Completed,0.9795185875298813,2992.608807231265,NaN,34824,0,313416,0.0,0.0,0.0638808,0.9803921568627451
1,hierarchical,single,61512,304259688,Fitted,0.9816347972055736,32278.741435719712,1.2187269049954907,61512,3000,492096,0.0054556000000000006,1.3680000000000002E-4,0.13422730000000002,0.9803921568627451
1,hierarchical,mixture,41528,304259688,Fitted,0.980414102741647,20194.386643207225,1.154763629367194,41528,3000,332224,0.005245700000000001,0.052346100000000007,0.1554488,0.9803921568627451
1,hierarchical,mh,94824,304259688,Completed,0.9756288752953657,NaN,1.0036316000169538,94824,1000,0,0.0,0.0,0.19159890000000002,0.9803921568627451
1,hierarchical,legacy,87804,304259688,Completed,0.9816044347303021,NaN,NaN,87804,0,0,0.0,0.0,0.1499638,0.9803921568627451
1,hierarchical,prior,69696,304259688,Completed,0.9819094134041306,6015.920733576007,NaN,69696,0,557568,0.0,0.0,0.1261283,0.9803921568627451
1,mixture,single,35864,304259688,Fitted,0.6356040191303638,6084.587954527949,1.0099002886549397,35864,3000,179320,0.0049774,1.321E-4,0.07222630000000001,0.631578947368421
1,mixture,mixture,29192,304259688,Fitted,0.6308063271839196,27761.320728483217,1.0088188339535662,29192,3000,145960,0.0053855000000000005,0.0038806,0.0704313,0.631578947368421
1,mixture,mh,42832,304259688,Completed,0.6303698169592827,NaN,1.000072195490492,42832,1000,0,0.0,0.0,0.087553,0.631578947368421
1,mixture,legacy,102232,304259688,Completed,0.6307151472665306,NaN,NaN,102232,0,0,0.0,0.0,0.07325530000000001,0.631578947368421
1,mixture,prior,47620,304259688,Completed,0.6314625869140814,31254.623595003308,NaN,47620,0,285720,0.0,0.0,0.07389710000000001,0.631578947368421
1,mixture,single,74768,304259688,Fitted,0.6347214739822519,12728.21257537402,1.0099002886549397,74768,3000,373840,0.0054174,1.4920000000000002E-4,0.14352420000000002,0.631578947368421
1,mixture,mixture,62548,304259688,Fitted,0.6304719021108118,59491.22145258164,1.0088188339535662,62548,3000,312740,0.0052224,0.0038149000000000004,0.1404498,0.631578947368421
1,mixture,mh,86692,304259688,Completed,0.6297812946984728,NaN,1.000144890394061,86692,1000,0,0.0,0.0,0.18469490000000002,0.631578947368421
1,mixture,legacy,204768,304259688,Completed,0.6304603027495211,NaN,NaN,204768,0,0,0.0,0.0,0.149141,0.631578947368421
1,mixture,prior,95408,304259688,Completed,0.6304692550376592,62595.46030961488,NaN,95408,0,572448,0.0,0.0,0.14553570000000002,0.631578947368421
1,concentrated,mixture,23168,319745551,Fitted,2.969438996298283,10912.563880094063,2.333637345253282,23168,3000,115840,0.0054304,0.024948500000000002,0.07936750000000001,2.9702970297029703
1,concentrated,mh,45744,319745551,Completed,2.962018199977834,NaN,1.2531843924603097,45744,1000,0,0.0,0.0,0.08787930000000001,2.9702970297029703
1,concentrated,legacy,58112,319745551,Completed,2.9756395041099193,NaN,NaN,58112,0,0,0.0,0.0,0.073658,2.9702970297029703
1,concentrated,prior,44100,319745551,Completed,2.9788567367912595,67.73292106101896,NaN,44100,0,220500,0.0,0.0,0.06655470000000001,2.9702970297029703
1,concentrated,single,35104,319745551,Fitted,2.9693188161373194,12853.587954037344,1.7018239203091152,35104,3000,210624,0.0049581,1.594E-4,0.0683272,2.9702970297029703
1,concentrated,mixture,63196,319745551,Fitted,2.970195729647494,29895.932941323845,2.333637345253282,63196,3000,379176,0.0055732,0.025405700000000003,0.1611731,2.9702970297029703
1,concentrated,mh,92732,319745551,Completed,2.960558698182418,NaN,1.1138028649431637,92732,1000,0,0.0,0.0,0.17926910000000001,2.9702970297029703
1,concentrated,legacy,116584,319745551,Completed,2.97875997343968,NaN,NaN,116584,0,0,0.0,0.0,0.15179140000000002,2.9702970297029703
1,concentrated,prior,88416,319745551,Completed,2.9765989413909404,166.04226369297558,NaN,88416,0,442080,0.0,0.0,0.1320334,2.9702970297029703
1,concentrated,single,73080,319745551,Fitted,2.9697546710715383,26691.222568254892,1.7018239203091152,73080,3000,365400,0.0059699,1.5010000000000002E-4,0.1335344,2.9702970297029703
1,hierarchical,mixture,11160,319745551,IterationLimit,NaN,NaN,1.1656267650380179,0,3000,0,0.005229200000000001,0.0711355,0.0764413,0.9803921568627451
1,hierarchical,mh,46584,319745551,Completed,0.983804002345533,NaN,1.0111366190974083,46584,1000,0,0.0,0.0,0.0929129,0.9803921568627451
1,hierarchical,legacy,43792,319745551,Completed,0.9816569077517319,NaN,NaN,43792,0,0,0.0,0.0,0.0699109,0.9803921568627451
1,hierarchical,prior,34824,319745551,Completed,0.9820382609399104,2975.9973895806356,NaN,34824,0,278592,0.0,0.0,0.06306790000000001,0.9803921568627451
1,hierarchical,single,29384,319745551,Fitted,0.9816907679327272,14796.605899650833,1.3465461400644603,29384,3000,293840,0.005386200000000001,1.483E-4,0.0686462,0.9803921568627451
1,hierarchical,mixture,41528,319745551,Fitted,0.9840292261036481,18983.26225323431,1.2980644159896857,41528,3000,373752,0.0050276,0.033665600000000004,0.1384696,0.9803921568627451
1,hierarchical,mh,94824,319745551,Completed,0.9843249005663842,NaN,1.0039452682228875,94824,1000,0,0.0,0.0,0.19255930000000002,0.9803921568627451
1,hierarchical,legacy,87804,319745551,Completed,0.9809486573640669,NaN,NaN,87804,0,0,0.0,0.0,0.1467687,0.9803921568627451
1,hierarchical,prior,69696,319745551,Completed,0.980051306673163,6045.559497092964,NaN,69696,0,627264,0.0,0.0,0.127336,0.9803921568627451
1,hierarchical,single,61512,319745551,Fitted,0.9812713515927851,31543.35938044092,1.1545772363420759,61512,3000,615120,0.005399800000000001,1.6590000000000002E-4,0.1369031,0.9803921568627451
1,mixture,mixture,29192,319745551,Fitted,0.6304551032903895,28314.25897706362,1.002127661061455,29192,3000,204344,0.0054774,0.0036909000000000004,0.07330790000000001,0.631578947368421
1,mixture,mh,42832,319745551,Completed,0.6316305565932013,NaN,1.000177489978134,42832,1000,0,0.0,0.0,0.08848550000000001,0.631578947368421
1,mixture,legacy,102232,319745551,Completed,0.631659142502677,NaN,NaN,102232,0,0,0.0,0.0,0.07215350000000001,0.631578947368421
1,mixture,prior,47620,319745551,Completed,0.6339674182427538,31285.340452817,NaN,47620,0,333340,0.0,0.0,0.0765807,0.631578947368421
1,mixture,single,35864,319745551,Fitted,0.6242980898819278,6203.010405515976,1.005109237430172,35864,3000,215184,0.0054069,1.483E-4,0.0726682,0.631578947368421
1,mixture,mixture,62548,319745551,Fitted,0.6303332162275993,60638.56791663872,1.002127661061455,62548,3000,437836,0.005597700000000001,0.0035686000000000003,0.1440304,0.631578947368421
1,mixture,mh,86692,319745551,Completed,0.6318576108522125,NaN,1.0000098809473923,86692,1000,0,0.0,0.0,0.17987740000000002,0.631578947368421
1,mixture,legacy,204768,319745551,Completed,0.6323011349048504,NaN,NaN,204768,0,0,0.0,0.0,0.14634840000000002,0.631578947368421
1,mixture,prior,95408,319745551,Completed,0.6316207539470505,62623.35945645199,NaN,95408,0,667856,0.0,0.0,0.1505089,0.631578947368421
1,mixture,single,74768,319745551,Fitted,0.6269035706204685,12994.2874275485,1.005109237430172,74768,3000,448608,0.0057584,1.384E-4,0.1457155,0.631578947368421
1,concentrated,mh,45744,335231414,Completed,2.9831530428366815,NaN,1.0862840192343663,45744,1000,0,0.0,0.0,0.08632160000000001,2.9702970297029703
1,concentrated,legacy,58112,335231414,Completed,2.9770298893952667,NaN,NaN,58112,0,0,0.0,0.0,0.0752443,2.9702970297029703
1,concentrated,prior,44100,335231414,Completed,2.977668157025206,66.63554994967737,NaN,44100,0,264600,0.0,0.0,0.0660295,2.9702970297029703
1,concentrated,single,35104,335231414,Fitted,2.970603088812739,10999.138735246699,3.306699775306637,35104,3000,175520,0.0056668000000000005,1.332E-4,0.066869,2.9702970297029703
1,concentrated,mixture,23168,335231414,IterationLimit,NaN,NaN,4.978920953354645,0,3000,0,0.0054091,0.06634520000000001,0.07183590000000001,2.9702970297029703
1,concentrated,mh,92732,335231414,Completed,2.942158790497156,NaN,1.0548726932429253,92732,1000,0,0.0,0.0,0.18127390000000002,2.9702970297029703
1,concentrated,legacy,116584,335231414,Completed,2.9737462632958342,NaN,NaN,116584,0,0,0.0,0.0,0.1544954,2.9702970297029703
1,concentrated,prior,88416,335231414,Completed,2.974694482848284,139.99864067987917,NaN,88416,0,442080,0.0,0.0,0.1320743,2.9702970297029703
1,concentrated,single,73080,335231414,Fitted,2.970089375509366,20981.567110880147,4.978920953354645,73080,3000,438480,0.0046975,1.306E-4,0.13369340000000002,2.9702970297029703
1,concentrated,mixture,63196,335231414,Fitted,2.9702238888553967,31747.73083727509,3.306699775306637,63196,3000,315980,0.0048062,0.0073594,0.1412209,2.9702970297029703
1,hierarchical,mh,46584,335231414,Completed,0.9842954416614971,NaN,1.005405349231498,46584,1000,0,0.0,0.0,0.0904244,0.9803921568627451
1,hierarchical,legacy,43792,335231414,Completed,0.9790271651737532,NaN,NaN,43792,0,0,0.0,0.0,0.0734684,0.9803921568627451
1,hierarchical,prior,34824,335231414,Completed,0.9782567596932958,2924.301466463103,NaN,34824,0,348240,0.0,0.0,0.0649823,0.9803921568627451
1,hierarchical,single,29384,335231414,Fitted,0.980859088709145,15554.168939434163,1.139635605835871,29384,3000,235072,0.0053937,1.297E-4,0.0675029,0.9803921568627451
1,hierarchical,mixture,11160,335231414,Fitted,0.9787698403800349,5633.192480230765,1.4939702390251972,11160,3000,100440,0.0057245,0.0443872,0.077058,0.9803921568627451
1,hierarchical,mh,94824,335231414,Completed,0.9822475180595135,NaN,1.0044559965324387,94824,1000,0,0.0,0.0,0.19243400000000002,0.9803921568627451
1,hierarchical,legacy,87804,335231414,Completed,0.97974540546745,NaN,NaN,87804,0,0,0.0,0.0,0.1542118,0.9803921568627451
1,hierarchical,prior,69696,335231414,Completed,0.9799115980582788,5929.518611422573,NaN,69696,0,557568,0.0,0.0,0.1365791,0.9803921568627451
1,hierarchical,single,61512,335231414,Fitted,0.9805124686293493,31557.215441723987,1.1297425457091586,61512,3000,615120,0.005527600000000001,1.293E-4,0.13903990000000002,0.9803921568627451
1,hierarchical,mixture,41528,335231414,Fitted,0.9790867781500778,16912.24484550735,1.0963483117518136,41528,3000,373752,0.0052398,0.0107297,0.115733,0.9803921568627451
1,mixture,mh,42832,335231414,Completed,0.6262140455734031,NaN,1.0003426292152862,42832,1000,0,0.0,0.0,0.08836970000000001,0.631578947368421
1,mixture,legacy,102232,335231414,Completed,0.6308889461478967,NaN,NaN,102232,0,0,0.0,0.0,0.0694143,0.631578947368421
1,mixture,prior,47620,335231414,Completed,0.6306936390596081,31245.322170373063,NaN,47620,0,333340,0.0,0.0,0.0766087,0.631578947368421
1,mixture,single,35864,335231414,Fitted,0.6306204312260367,6216.331043590156,1.0083802994604834,35864,3000,215184,0.0057892,1.287E-4,0.0735653,0.631578947368421
1,mixture,mixture,29192,335231414,Fitted,0.6323332980899297,27646.089146391474,1.0025849977204506,29192,3000,145960,0.0051279,0.0036437,0.0706528,0.631578947368421
1,mixture,mh,86692,335231414,Completed,0.627774189083191,NaN,1.0000154003989712,86692,1000,0,0.0,0.0,0.18139460000000002,0.631578947368421
1,mixture,legacy,204768,335231414,Completed,0.6313169492485097,NaN,NaN,204768,0,0,0.0,0.0,0.1355966,0.631578947368421
1,mixture,prior,95408,335231414,Completed,0.6309116911368634,62606.147954729924,NaN,95408,0,667856,0.0,0.0,0.15239250000000001,0.631578947368421
1,mixture,single,74768,335231414,Fitted,0.6294236635485679,13024.575062492951,1.0083802994604834,74768,3000,448608,0.005146100000000001,1.52E-4,0.14436380000000001,0.631578947368421
1,mixture,mixture,62548,335231414,Fitted,0.6312188586647481,59181.9076026304,1.0025849977204506,62548,3000,312740,0.0056083,0.004162600000000001,0.14075110000000002,0.631578947368421
2,concentrated,legacy,58112,41000017,Completed,2.969097466444833,NaN,NaN,58112,0,0,0.0,0.0,0.15577380000000002,2.9702970297029703
2,concentrated,prior,44100,41000017,Completed,2.9720445673478086,77.58155698799526,NaN,44100,0,220500,0.0,0.0,0.14361590000000002,2.9702970297029703
2,concentrated,single,35104,41000017,Fitted,2.9705082251577988,13776.127887713325,2.024618357459464,35104,3000,210624,0.014782900000000002,5.991000000000001E-4,0.1295384,2.9702970297029703
2,concentrated,mixture,23168,41000017,Fitted,2.970251008759608,11830.559673764204,2.0493905269478194,23168,3000,139008,0.009764,0.011928500000000002,0.0780748,2.9702970297029703
2,concentrated,mh,45744,41000017,Completed,2.9521644750172804,NaN,1.2270403772868346,45744,1000,0,0.0,0.0,0.1099282,2.9702970297029703
2,concentrated,legacy,116584,41000017,Completed,2.9644459569375816,NaN,NaN,116584,0,0,0.0,0.0,0.1877393,2.9702970297029703
2,concentrated,prior,88416,41000017,Completed,2.9611782460543994,158.79905627101624,NaN,88416,0,530496,0.0,0.0,0.1464708,2.9702970297029703
2,concentrated,single,73080,41000017,Fitted,2.9700317492345816,28741.595796671325,2.024618357459464,73080,3000,438480,0.0059381,2.9610000000000004E-4,0.1481992,2.9702970297029703
2,concentrated,mixture,63196,41000017,Fitted,2.970118560073561,32254.423122569453,2.0493905269478194,63196,3000,379176,0.0055871,0.0093857,0.1551704,2.9702970297029703
2,concentrated,mh,92732,41000017,Completed,2.9587780219346116,NaN,1.1553594870101473,92732,1000,0,0.0,0.0,0.1891219,2.9702970297029703
2,hierarchical,legacy,43792,41000017,Completed,0.9806602658783536,NaN,NaN,43792,0,0,0.0,0.0,0.0890443,0.9803921568627451
2,hierarchical,prior,34824,41000017,Completed,0.9817838722950741,2949.5029205372484,NaN,34824,0,313416,0.0,0.0,0.0701279,0.9803921568627451
2,hierarchical,single,29384,41000017,Fitted,0.9797867713182187,15236.048298252535,1.1298861507100206,29384,3000,293840,0.0091677,3.8770000000000005E-4,0.082678,0.9803921568627451
2,hierarchical,mixture,11160,41000017,IterationLimit,NaN,NaN,1.133274812438962,0,3000,0,0.007959200000000001,0.08488430000000001,0.0931328,0.9803921568627451
2,hierarchical,mh,46584,41000017,Completed,0.9767163504917902,NaN,1.0065286251601373,46584,1000,0,0.0,0.0,0.1257578,0.9803921568627451
2,hierarchical,legacy,87804,41000017,Completed,0.9805125804196272,NaN,NaN,87804,0,0,0.0,0.0,0.2287133,0.9803921568627451
2,hierarchical,prior,69696,41000017,Completed,0.9797263767679324,5843.809614236681,NaN,69696,0,627264,0.0,0.0,0.1419032,0.9803921568627451
2,hierarchical,single,61512,41000017,Fitted,0.980330754690036,31955.706984507466,1.2465011445535257,61512,3000,492096,0.0061784000000000006,2.474E-4,0.1462961,0.9803921568627451
2,hierarchical,mixture,41528,41000017,IterationLimit,NaN,NaN,1.2250101410429193,0,3000,0,0.006695,0.0678318,0.07473120000000001,0.9803921568627451
2,hierarchical,mh,94824,41000017,Completed,0.9784499301262688,NaN,1.003416833707852,94824,1000,0,0.0,0.0,0.19093200000000002,0.9803921568627451
2,mixture,legacy,102232,41000017,Completed,0.6275281422491521,NaN,NaN,102232,0,0,0.0,0.0,0.0835207,0.631578947368421
2,mixture,prior,47620,41000017,Completed,0.6235061319858067,31161.270426270377,NaN,47620,0,285720,0.0,0.0,0.0799331,0.631578947368421
2,mixture,single,35864,41000017,Fitted,0.631738296179092,6345.2351830677935,1.0067448461955986,35864,3000,251048,0.0062320000000000006,2.4660000000000003E-4,0.0830926,0.631578947368421
2,mixture,mixture,29192,41000017,Fitted,0.6300581689035026,28180.456292022456,1.0043717323219294,29192,3000,175152,0.006132,0.003972600000000001,0.08026040000000001,0.631578947368421
2,mixture,mh,42832,41000017,Completed,0.6409226746357863,NaN,1.0002102929194086,42832,1000,0,0.0,0.0,0.0917218,0.631578947368421
2,mixture,legacy,204768,41000017,Completed,0.6295308137873556,NaN,NaN,204768,0,0,0.0,0.0,0.16714600000000002,0.631578947368421
2,mixture,prior,95408,41000017,Completed,0.6275445380857074,62525.80942260364,NaN,95408,0,572448,0.0,0.0,0.15966160000000001,0.631578947368421
2,mixture,single,74768,41000017,Fitted,0.6255613647134968,13135.05364757536,1.0067448461955986,74768,3000,373840,0.0066571,3.165E-4,0.1577373,0.631578947368421
2,mixture,mixture,62548,41000017,Fitted,0.631247043826963,60370.22661324915,1.0043717323219294,62548,3000,312740,0.0065094,0.0039234000000000005,0.15624490000000002,0.631578947368421
2,mixture,mh,86692,41000017,Completed,0.634360725326443,NaN,1.0001739562828273,86692,1000,0,0.0,0.0,0.18667430000000002,0.631578947368421
2,concentrated,prior,44100,56485880,Completed,2.9600387806979573,64.97140632277024,NaN,44100,0,220500,0.0,0.0,0.0728463,2.9702970297029703
2,concentrated,single,35104,56485880,Fitted,2.970407601916245,16213.774101822128,2.7422635699164295,35104,3000,175520,0.0052982,2.524E-4,0.0725414,2.9702970297029703
2,concentrated,mixture,23168,56485880,Fitted,2.970257287232804,8732.64321274901,3.5611076376080235,23168,3000,115840,0.005708700000000001,0.0063799,0.06305340000000001,2.9702970297029703
2,concentrated,mh,45744,56485880,Completed,2.9508332059874327,NaN,1.108417782363125,45744,1000,0,0.0,0.0,0.08942380000000001,2.9702970297029703
2,concentrated,legacy,58112,56485880,Completed,2.961804393145236,NaN,NaN,58112,0,0,0.0,0.0,0.0823085,2.9702970297029703
2,concentrated,prior,88416,56485880,Completed,2.965471282374335,140.10938840645542,NaN,88416,0,530496,0.0,0.0,0.1460929,2.9702970297029703
2,concentrated,single,73080,56485880,Fitted,2.9701716205471524,33719.97161080265,2.7422635699164295,73080,3000,438480,0.005536500000000001,2.6220000000000003E-4,0.1447238,2.9702970297029703
2,concentrated,mixture,63196,56485880,Fitted,2.970466827054783,23553.224046276457,3.5611076376080235,63196,3000,379176,0.0063019,0.0064291,0.15703550000000002,2.9702970297029703
2,concentrated,mh,92732,56485880,Completed,2.9769845442048544,NaN,1.1291914664035787,92732,1000,0,0.0,0.0,0.19291370000000002,2.9702970297029703
2,concentrated,legacy,116584,56485880,Completed,2.965452350227736,NaN,NaN,116584,0,0,0.0,0.0,0.1643783,2.9702970297029703
2,hierarchical,prior,34824,56485880,Completed,0.9794074157856161,3037.8169217813506,NaN,34824,0,348240,0.0,0.0,0.0722295,0.9803921568627451
2,hierarchical,single,29384,56485880,Fitted,0.9813653124683351,15608.189377513323,1.08418960720343,29384,3000,293840,0.0063276,2.634E-4,0.0755407,0.9803921568627451
2,hierarchical,mixture,11160,56485880,IterationLimit,NaN,NaN,1.2508998245822296,0,3000,0,0.0056035,0.0672254,0.0729987,0.9803921568627451
2,hierarchical,mh,46584,56485880,Completed,0.9872922555338801,NaN,1.006190102114183,46584,1000,0,0.0,0.0,0.09108050000000001,0.9803921568627451
2,hierarchical,legacy,43792,56485880,Completed,0.9804672504507651,NaN,NaN,43792,0,0,0.0,0.0,0.08064550000000001,0.9803921568627451
2,hierarchical,prior,69696,56485880,Completed,0.9805084629250905,6085.337666101156,NaN,69696,0,696960,0.0,0.0,0.1489259,0.9803921568627451
2,hierarchical,single,61512,56485880,Fitted,0.9805235809228174,28219.90921270033,1.2061777725473914,61512,3000,492096,0.0055741,2.402E-4,0.1478544,0.9803921568627451
2,hierarchical,mixture,41528,56485880,Fitted,0.981375156240192,21214.020271296606,1.217188629641661,41528,3000,332224,0.0060366000000000005,0.0091914,0.12354330000000001,0.9803921568627451
2,hierarchical,mh,94824,56485880,Completed,0.986848590101688,NaN,1.0043525045767168,94824,1000,0,0.0,0.0,0.1922936,0.9803921568627451
2,hierarchical,legacy,87804,56485880,Completed,0.9805878871501784,NaN,NaN,87804,0,0,0.0,0.0,0.1582173,0.9803921568627451
2,mixture,prior,47620,56485880,Completed,0.62797724848903,31212.943975361588,NaN,47620,0,285720,0.0,0.0,0.0763963,0.631578947368421
2,mixture,single,35864,56485880,Fitted,0.6252673978152041,6371.277854987593,1.0078200141407676,35864,3000,251048,0.0053171,2.992E-4,0.07751860000000001,0.631578947368421
2,mixture,mixture,29192,56485880,Fitted,0.6278602180286534,26654.979009704686,1.0019522811020765,29192,3000,175152,0.005475600000000001,0.0037053000000000003,0.07535420000000001,0.631578947368421
2,mixture,mh,42832,56485880,Completed,0.6266342921180426,NaN,1.0000753938852238,42832,1000,0,0.0,0.0,0.08820520000000001,0.631578947368421
2,mixture,legacy,102232,56485880,Completed,0.6324708979474455,NaN,NaN,102232,0,0,0.0,0.0,0.0915512,0.631578947368421
2,mixture,prior,95408,56485880,Completed,0.6331039797433472,62659.694371539714,NaN,95408,0,572448,0.0,0.0,0.1596127,0.631578947368421
2,mixture,single,74768,56485880,Fitted,0.6295448698392647,13174.01914932871,1.0078200141407676,74768,3000,523376,0.0061995,2.9580000000000003E-4,0.1630928,0.631578947368421
2,mixture,mixture,62548,56485880,Fitted,0.6329567297709812,57078.30881288146,1.0019522811020765,62548,3000,375288,0.0060750000000000005,0.004587600000000001,0.1565898,0.631578947368421
2,mixture,mh,86692,56485880,Completed,0.6298505052369308,NaN,1.000136276597589,86692,1000,0,0.0,0.0,0.1936082,0.631578947368421
2,mixture,legacy,204768,56485880,Completed,0.6320040072440488,NaN,NaN,204768,0,0,0.0,0.0,0.15914140000000002,0.631578947368421
2,concentrated,single,35104,71971743,Fitted,2.969910753008936,19296.971949284783,2.7217537316031684,35104,3000,210624,0.0058953,3.0230000000000003E-4,0.0779186,2.9702970297029703
2,concentrated,mixture,23168,71971743,Fitted,2.971922824483734,1125.6071029293591,2.8694630947892823,23168,3000,139008,0.0059614,0.0055361,0.06734000000000001,2.9702970297029703
2,concentrated,mh,45744,71971743,Completed,3.0056926967534636,NaN,1.227798411403977,45744,1000,0,0.0,0.0,0.0989492,2.9702970297029703
2,concentrated,legacy,58112,71971743,Completed,2.961673385900277,NaN,NaN,58112,0,0,0.0,0.0,0.0953775,2.9702970297029703
2,concentrated,prior,44100,71971743,Completed,2.9536823439277886,66.05106336098548,NaN,44100,0,220500,0.0,0.0,0.0795093,2.9702970297029703
2,concentrated,single,73080,71971743,Fitted,2.9701615668950883,40289.28128263134,2.7217537316031684,73080,3000,365400,0.0058227,2.265E-4,0.1557684,2.9702970297029703
2,concentrated,mixture,63196,71971743,Fitted,2.9753273941980116,2547.439921722423,2.8694630947892823,63196,3000,315980,0.006698300000000001,0.0049119,0.15582700000000002,2.9702970297029703
2,concentrated,mh,92732,71971743,Completed,2.977881534595312,NaN,1.1219561853635325,92732,1000,0,0.0,0.0,0.2002557,2.9702970297029703
2,concentrated,legacy,116584,71971743,Completed,2.965931030232555,NaN,NaN,116584,0,0,0.0,0.0,0.1966167,2.9702970297029703
2,concentrated,prior,88416,71971743,Completed,2.960466955971878,132.99196169412136,NaN,88416,0,442080,0.0,0.0,0.15676980000000001,2.9702970297029703
2,hierarchical,single,29384,71971743,Fitted,0.9806712495472525,15737.045208716301,1.1567566675037801,29384,3000,264456,0.0061416000000000005,2.2610000000000002E-4,0.0774412,0.9803921568627451
2,hierarchical,mixture,11160,71971743,Fitted,0.9795115597403957,5516.735920164254,1.2472385884732755,11160,3000,111600,0.0061189,0.06333420000000001,0.1020134,0.9803921568627451
2,hierarchical,mh,46584,71971743,Completed,0.9822131292855133,NaN,1.0136434655437496,46584,1000,0,0.0,0.0,0.09673280000000001,0.9803921568627451
2,hierarchical,legacy,43792,71971743,Completed,0.9791881095621908,NaN,NaN,43792,0,0,0.0,0.0,0.08570810000000001,0.9803921568627451
2,hierarchical,prior,34824,71971743,Completed,0.9790600111339913,3041.902147604777,NaN,34824,0,313416,0.0,0.0,0.0745566,0.9803921568627451
2,hierarchical,single,61512,71971743,Fitted,0.9808162714881028,31744.684980464033,1.2334192919145088,61512,3000,553608,0.0060121,2.483E-4,0.1545947,0.9803921568627451
2,hierarchical,mixture,41528,71971743,IterationLimit,NaN,NaN,1.1875579413769524,0,3000,0,0.006065500000000001,0.07559450000000001,0.08181100000000001,0.9803921568627451
2,hierarchical,mh,94824,71971743,Completed,0.9735202485783414,NaN,1.004850682244265,94824,1000,0,0.0,0.0,0.2101296,0.9803921568627451
2,hierarchical,legacy,87804,71971743,Completed,0.9812741771980165,NaN,NaN,87804,0,0,0.0,0.0,0.1731455,0.9803921568627451
2,hierarchical,prior,69696,71971743,Completed,0.9810721221580169,5986.181483608209,NaN,69696,0,696960,0.0,0.0,0.1523727,0.9803921568627451
2,mixture,single,35864,71971743,Fitted,0.6261799573151293,6174.214900997406,1.0101655840989692,35864,3000,215184,0.0060955,2.593E-4,0.0809632,0.631578947368421
2,mixture,mixture,29192,71971743,Fitted,0.6308426659525287,27732.9762488344,1.003308658653697,29192,3000,175152,0.0059318,0.004096300000000001,0.079571,0.631578947368421
2,mixture,mh,42832,71971743,Completed,0.6291090773253643,NaN,1.0003682996432828,42832,1000,0,0.0,0.0,0.0948481,0.631578947368421
2,mixture,legacy,102232,71971743,Completed,0.6291252505630871,NaN,NaN,102232,0,0,0.0,0.0,0.08122760000000001,0.631578947368421
2,mixture,prior,47620,71971743,Completed,0.6257605812736337,31187.07446455441,NaN,47620,0,333340,0.0,0.0,0.0856684,0.631578947368421
2,mixture,single,74768,71971743,Fitted,0.6230999999134689,12983.654847783922,1.0101655840989692,74768,3000,448608,0.006355,2.886E-4,0.16289620000000002,0.631578947368421
2,mixture,mixture,62548,71971743,Fitted,0.6311558210531886,59418.44798332416,1.003308658653697,62548,3000,375288,0.0070051,0.0043936,0.16095120000000002,0.631578947368421
2,mixture,mh,86692,71971743,Completed,0.6263092326858303,NaN,1.0001848278178034,86692,1000,0,0.0,0.0,0.1851675,0.631578947368421
2,mixture,legacy,204768,71971743,Completed,0.6295743534621514,NaN,NaN,204768,0,0,0.0,0.0,0.1479649,0.631578947368421
2,mixture,prior,95408,71971743,Completed,0.6290450274878724,62561.32631166739,NaN,95408,0,572448,0.0,0.0,0.15078930000000001,0.631578947368421
2,concentrated,mixture,23168,87457606,Fitted,2.9686750507790305,8455.175961400339,2.2537971368419853,23168,3000,139008,0.0056509,0.0071057,0.065139,2.9702970297029703
2,concentrated,mh,45744,87457606,Completed,2.967161922717957,NaN,1.198956256531921,45744,1000,0,0.0,0.0,0.08930120000000001,2.9702970297029703
2,concentrated,legacy,58112,87457606,Completed,2.97015976894857,NaN,NaN,58112,0,0,0.0,0.0,0.08804490000000001,2.9702970297029703
2,concentrated,prior,44100,87457606,Completed,2.9691356411834167,78.15856607905016,NaN,44100,0,220500,0.0,0.0,0.07121720000000001,2.9702970297029703
2,concentrated,single,35104,87457606,Fitted,2.9709071423041538,17537.246500198475,2.0674523020100826,35104,3000,210624,0.0049308,1.828E-4,0.0730746,2.9702970297029703
2,concentrated,mixture,63196,87457606,Fitted,2.9696305917628427,23062.586609932347,2.2537971368419853,63196,3000,379176,0.0054981000000000006,0.0057837,0.1527963,2.9702970297029703
2,concentrated,mh,92732,87457606,Completed,2.9751157057532516,NaN,1.0488398970438058,92732,1000,0,0.0,0.0,0.1852214,2.9702970297029703
2,concentrated,legacy,116584,87457606,Completed,2.966065486733246,NaN,NaN,116584,0,0,0.0,0.0,0.17073300000000002,2.9702970297029703
2,concentrated,prior,88416,87457606,Completed,2.9703521599319953,146.23083877611052,NaN,88416,0,442080,0.0,0.0,0.1392407,2.9702970297029703
2,concentrated,single,73080,87457606,Fitted,2.970834132730911,36571.43773162218,2.0674523020100826,73080,3000,438480,0.004928200000000001,1.55E-4,0.1436277,2.9702970297029703
2,hierarchical,mixture,11160,87457606,IterationLimit,NaN,NaN,1.2697651921696387,0,3000,0,0.0055018,0.0681733,0.0737916,0.9803921568627451
2,hierarchical,mh,46584,87457606,Completed,0.9788602204127047,NaN,1.0054519055150828,46584,1000,0,0.0,0.0,0.09253850000000001,0.9803921568627451
2,hierarchical,legacy,43792,87457606,Completed,0.9835164366897247,NaN,NaN,43792,0,0,0.0,0.0,0.07791540000000001,0.9803921568627451
2,hierarchical,prior,34824,87457606,Completed,0.9838990270799597,2982.450600469554,NaN,34824,0,348240,0.0,0.0,0.0701249,0.9803921568627451
2,hierarchical,single,29384,87457606,Fitted,0.9801517995056326,15497.625756682477,1.1042742242658519,29384,3000,264456,0.005295800000000001,1.64E-4,0.0733158,0.9803921568627451
2,hierarchical,mixture,41528,87457606,Fitted,0.9808703786181171,17853.314870489932,1.4791390967736344,41528,3000,332224,0.005716000000000001,0.0205871,0.1332921,0.9803921568627451
2,hierarchical,mh,94824,87457606,Completed,0.9812864382317456,NaN,1.00553592174931,94824,1000,0,0.0,0.0,0.19470310000000002,0.9803921568627451
2,hierarchical,legacy,87804,87457606,Completed,0.9810932322259123,NaN,NaN,87804,0,0,0.0,0.0,0.16476860000000002,0.9803921568627451
2,hierarchical,prior,69696,87457606,Completed,0.9806387444815775,5919.117622547878,NaN,69696,0,557568,0.0,0.0,0.1362332,0.9803921568627451
2,hierarchical,single,61512,87457606,Fitted,0.9806161046916883,32547.350583151594,1.1184984748037425,61512,3000,615120,0.005566300000000001,1.6600000000000002E-4,0.1487023,0.9803921568627451
2,mixture,mixture,29192,87457606,Fitted,0.6327474329262566,27852.76771858713,1.0006023546593488,29192,3000,175152,0.0054,0.003966,0.0745523,0.631578947368421
2,mixture,mh,42832,87457606,Completed,0.6335917071348525,NaN,1.0001643504387647,42832,1000,0,0.0,0.0,0.08821150000000001,0.631578947368421
2,mixture,legacy,102232,87457606,Completed,0.6302149960796911,NaN,NaN,102232,0,0,0.0,0.0,0.0821987,0.631578947368421
2,mixture,prior,47620,87457606,Completed,0.631858055107659,31259.43071462098,NaN,47620,0,333340,0.0,0.0,0.0777346,0.631578947368421
2,mixture,single,35864,87457606,Fitted,0.6377080018097964,6212.261642212626,1.0015837688809202,35864,3000,251048,0.0055612000000000005,1.8370000000000002E-4,0.0769533,0.631578947368421
2,mixture,mixture,62548,87457606,Fitted,0.6307102171342626,59686.405018859805,1.0006023546593488,62548,3000,375288,0.0052268,0.0041557,0.1504388,0.631578947368421
2,mixture,mh,86692,87457606,Completed,0.6315461634291515,NaN,1.0000081976382131,86692,1000,0,0.0,0.0,0.1793885,0.631578947368421
2,mixture,legacy,204768,87457606,Completed,0.6327328714396223,NaN,NaN,204768,0,0,0.0,0.0,0.16597430000000002,0.631578947368421
2,mixture,prior,95408,87457606,Completed,0.6305275021548032,62596.865071508284,NaN,95408,0,572448,0.0,0.0,0.150537,0.631578947368421
2,mixture,single,74768,87457606,Fitted,0.6338569143645786,13072.941407823195,1.0015837688809202,74768,3000,448608,0.0056563,1.642E-4,0.15142360000000002,0.631578947368421
2,concentrated,mh,45744,102943469,Completed,2.9857416134208297,NaN,1.1640618775172122,45744,1000,0,0.0,0.0,0.0897714,2.9702970297029703
2,concentrated,legacy,58112,102943469,Completed,2.966666562045616,NaN,NaN,58112,0,0,0.0,0.0,0.0857064,2.9702970297029703
2,concentrated,prior,44100,102943469,Completed,2.9668456017250775,70.68411642452807,NaN,44100,0,220500,0.0,0.0,0.06916030000000001,2.9702970297029703
2,concentrated,single,35104,102943469,Fitted,2.970614441284471,14377.275046410594,2.167597571711857,35104,3000,175520,0.0050978,2.502E-4,0.07158210000000001,2.9702970297029703
2,concentrated,mixture,23168,102943469,Fitted,2.949047494696454,5.027933212393751,6.158378943161092,23168,3000,139008,0.0049626,0.0058046,0.06504710000000001,2.9702970297029703
2,concentrated,mh,92732,102943469,Completed,2.96465623091326,NaN,1.064463066402486,92732,1000,0,0.0,0.0,0.18306070000000002,2.9702970297029703
2,concentrated,legacy,116584,102943469,Completed,2.9647945790951997,NaN,NaN,116584,0,0,0.0,0.0,0.17994790000000002,2.9702970297029703
2,concentrated,prior,88416,102943469,Completed,2.9657603007817404,149.725864774098,NaN,88416,0,530496,0.0,0.0,0.1462883,2.9702970297029703
2,concentrated,single,73080,102943469,Fitted,2.9704458676910446,29843.67484093557,2.167597571711857,73080,3000,365400,0.0055652,1.708E-4,0.1462697,2.9702970297029703
2,concentrated,mixture,63196,102943469,Fitted,2.958263795855115,13.7176462023351,6.158378943161092,63196,3000,379176,0.0051062,0.0060045,0.1508258,2.9702970297029703
2,hierarchical,mh,46584,102943469,Completed,0.9705215765409962,NaN,1.0085310391014846,46584,1000,0,0.0,0.0,0.09516730000000001,0.9803921568627451
2,hierarchical,legacy,43792,102943469,Completed,0.9817038743627682,NaN,NaN,43792,0,0,0.0,0.0,0.08213590000000001,0.9803921568627451
2,hierarchical,prior,34824,102943469,Completed,0.9818303790813706,2965.242152259552,NaN,34824,0,278592,0.0,0.0,0.0682034,0.9803921568627451
2,hierarchical,single,29384,102943469,Fitted,0.9806469056672541,15671.561251440722,1.159266157616358,29384,3000,264456,0.0053986,1.4340000000000002E-4,0.0734707,0.9803921568627451
2,hierarchical,mixture,11160,102943469,Fitted,0.9795790391654465,5983.169676050383,1.129508093317243,11160,3000,89280,0.0053214000000000004,0.0338107,0.0692445,0.9803921568627451
2,hierarchical,mh,94824,102943469,Completed,0.975286578879978,NaN,1.002867379881395,94824,1000,0,0.0,0.0,0.1991312,0.9803921568627451
2,hierarchical,legacy,87804,102943469,Completed,0.9821420051194897,NaN,NaN,87804,0,0,0.0,0.0,0.15880850000000002,0.9803921568627451
2,hierarchical,prior,69696,102943469,Completed,0.9818491900389706,5942.493944461786,NaN,69696,0,627264,0.0,0.0,0.1396395,0.9803921568627451
2,hierarchical,single,61512,102943469,Fitted,0.9804954132817887,32308.815047000127,1.3097385960053043,61512,3000,615120,0.005190800000000001,1.5120000000000002E-4,0.15122460000000001,0.9803921568627451
2,hierarchical,mixture,41528,102943469,IterationLimit,NaN,NaN,1.244750586617626,0,3000,0,0.0053549,0.0675934,0.0731701,0.9803921568627451
2,mixture,mh,42832,102943469,Completed,0.631000186776242,NaN,1.0000763365628031,42832,1000,0,0.0,0.0,0.0891087,0.631578947368421
2,mixture,legacy,102232,102943469,Completed,0.630508649359306,NaN,NaN,102232,0,0,0.0,0.0,0.08145780000000001,0.631578947368421
2,mixture,prior,47620,102943469,Completed,0.6312297502016856,31251.80078718326,NaN,47620,0,333340,0.0,0.0,0.0781667,0.631578947368421
2,mixture,single,35864,102943469,Fitted,0.6293585456721191,6200.109024350701,1.0058801972136835,35864,3000,251048,0.0052995,1.566E-4,0.0770763,0.631578947368421
2,mixture,mixture,29192,102943469,Fitted,0.6310429436580444,27514.9344046227,1.003167289424367,29192,3000,204344,0.0056871000000000005,0.0038206000000000004,0.0762915,0.631578947368421
2,mixture,mh,86692,102943469,Completed,0.6296198034420708,NaN,1.000008382311478,86692,1000,0,0.0,0.0,0.17783010000000002,0.631578947368421
2,mixture,legacy,204768,102943469,Completed,0.6306393952730976,NaN,NaN,204768,0,0,0.0,0.0,0.1669035,0.631578947368421
2,mixture,prior,95408,102943469,Completed,0.6303760395657929,62593.21364204525,NaN,95408,0,667856,0.0,0.0,0.1534874,0.631578947368421
2,mixture,single,74768,102943469,Fitted,0.6289934134123417,12951.271563013494,1.0058801972136835,74768,3000,523376,0.0061322,2.034E-4,0.1587141,0.631578947368421
2,mixture,mixture,62548,102943469,Fitted,0.6301493178448297,58947.98358777803,1.003167289424367,62548,3000,437836,0.0056407,0.0040935,0.1508201,0.631578947368421
2,concentrated,legacy,58112,118429332,Completed,2.9818684339494723,NaN,NaN,58112,0,0,0.0,0.0,0.08689770000000001,2.9702970297029703
2,concentrated,prior,44100,118429332,Completed,2.985129304730867,72.22558501761092,NaN,44100,0,220500,0.0,0.0,0.0708086,2.9702970297029703
2,concentrated,single,35104,118429332,Fitted,2.9696090633061063,12720.253061217958,4.0390303443250914,35104,3000,175520,0.005422000000000001,1.643E-4,0.0736439,2.9702970297029703
2,concentrated,mixture,23168,118429332,Fitted,2.970917571325419,5838.818741843606,6.298149157823333,23168,3000,139008,0.005255500000000001,0.035759400000000004,0.0957707,2.9702970297029703
2,concentrated,mh,45744,118429332,Completed,2.961692543309713,NaN,1.2408142835799654,45744,1000,0,0.0,0.0,0.0859095,2.9702970297029703
2,concentrated,legacy,116584,118429332,Completed,2.977048669251509,NaN,NaN,116584,0,0,0.0,0.0,0.17453300000000002,2.9702970297029703
2,concentrated,prior,88416,118429332,Completed,2.978844115839359,147.1450333146697,NaN,88416,0,442080,0.0,0.0,0.14321540000000002,2.9702970297029703
2,concentrated,single,73080,118429332,Fitted,2.9701352491019133,26143.664339961153,4.0390303443250914,73080,3000,365400,0.0047942,1.517E-4,0.1422399,2.9702970297029703
2,concentrated,mixture,63196,118429332,Fitted,2.9697506968662517,15876.906597621653,6.298149157823333,63196,3000,315980,0.0051428,0.0361878,0.1803152,2.9702970297029703
2,concentrated,mh,92732,118429332,Completed,2.963167507497971,NaN,1.0562519735817064,92732,1000,0,0.0,0.0,0.1789732,2.9702970297029703
2,hierarchical,legacy,43792,118429332,Completed,0.9799418544117097,NaN,NaN,43792,0,0,0.0,0.0,0.07882420000000001,0.9803921568627451
2,hierarchical,prior,34824,118429332,Completed,0.9794465032253603,3047.0044038151846,NaN,34824,0,278592,0.0,0.0,0.0698419,0.9803921568627451
2,hierarchical,single,29384,118429332,Fitted,0.9808198209836698,15643.390592931559,1.0725573190702897,29384,3000,264456,0.005541,1.844E-4,0.07486100000000001,0.9803921568627451
2,hierarchical,mixture,11160,118429332,IterationLimit,NaN,NaN,1.1866556986832233,0,3000,0,0.0057825,0.06797560000000001,0.0738594,0.9803921568627451
2,hierarchical,mh,46584,118429332,Completed,0.983241083627452,NaN,1.0061636560619958,46584,1000,0,0.0,0.0,0.0941665,0.9803921568627451
2,hierarchical,legacy,87804,118429332,Completed,0.9797025801114597,NaN,NaN,87804,0,0,0.0,0.0,0.1599693,0.9803921568627451
2,hierarchical,prior,69696,118429332,Completed,0.9791675246914769,6013.822442934344,NaN,69696,0,627264,0.0,0.0,0.1447276,0.9803921568627451
2,hierarchical,single,61512,118429332,Fitted,0.9803926411992879,32903.67900902352,1.239597033241043,61512,3000,615120,0.0062469000000000005,1.566E-4,0.15056920000000001,0.9803921568627451
2,hierarchical,mixture,41528,118429332,Fitted,0.9785842378746837,20353.71131330335,1.2045083265621837,41528,3000,373752,0.0051010000000000005,0.0613131,0.17726440000000002,0.9803921568627451
2,hierarchical,mh,94824,118429332,Completed,0.9828921048265156,NaN,1.0015879759851234,94824,1000,0,0.0,0.0,0.1984161,0.9803921568627451
2,mixture,legacy,102232,118429332,Completed,0.6316591425026937,NaN,NaN,102232,0,0,0.0,0.0,0.0840906,0.631578947368421
2,mixture,prior,47620,118429332,Completed,0.6326940478029752,31269.645067231115,NaN,47620,0,285720,0.0,0.0,0.07659160000000001,0.631578947368421
2,mixture,single,35864,118429332,Fitted,0.6300024294652354,5930.869559421326,1.0020590714221655,35864,3000,215184,0.005146100000000001,1.711E-4,0.07524170000000001,0.631578947368421
2,mixture,mixture,29192,118429332,Fitted,0.6310928066943123,27552.26206095912,1.0081171121200496,29192,3000,204344,0.005925000000000001,0.0038052000000000003,0.0766386,0.631578947368421
2,mixture,mh,42832,118429332,Completed,0.6261440044826299,NaN,1.0004075395006577,42832,1000,0,0.0,0.0,0.08585870000000001,0.631578947368421
2,mixture,legacy,204768,118429332,Completed,0.6317823481649191,NaN,NaN,204768,0,0,0.0,0.0,0.17165640000000001,0.631578947368421
2,mixture,prior,95408,118429332,Completed,0.6317020302579865,62625.33887030621,NaN,95408,0,667856,0.0,0.0,0.1577606,0.631578947368421
2,mixture,single,74768,118429332,Fitted,0.627550813721154,12522.860487029217,1.0020590714221655,74768,3000,523376,0.0052664,1.499E-4,0.1625036,0.631578947368421
2,mixture,mixture,62548,118429332,Fitted,0.6321283488124166,58993.69962560835,1.0081171121200496,62548,3000,437836,0.0056645,0.004065,0.1533399,0.631578947368421
2,mixture,mh,86692,118429332,Completed,0.6327458127624233,NaN,1.0001667168982808,86692,1000,0,0.0,0.0,0.1820842,0.631578947368421
2,concentrated,prior,44100,133915195,Completed,2.969436386099336,78.48513456510125,NaN,44100,0,264600,0.0,0.0,0.0733445,2.9702970297029703
2,concentrated,single,35104,133915195,Fitted,2.9700270145747845,19516.334392744775,4.032297525728353,35104,3000,175520,0.0049877,1.5250000000000002E-4,0.07278430000000001,2.9702970297029703
2,concentrated,mixture,23168,133915195,IterationLimit,NaN,NaN,4.0564994451232605,0,3000,0,0.0047518000000000005,0.07104300000000001,0.07589570000000001,2.9702970297029703
2,concentrated,mh,45744,133915195,Completed,2.95135272213015,NaN,1.0611195598098702,45744,1000,0,0.0,0.0,0.08758650000000001,2.9702970297029703
2,concentrated,legacy,58112,133915195,Completed,2.9653949838078946,NaN,NaN,58112,0,0,0.0,0.0,0.0885788,2.9702970297029703
2,concentrated,prior,88416,133915195,Completed,2.9703855425940353,159.7635270869524,NaN,88416,0,530496,0.0,0.0,0.14625470000000002,2.9702970297029703
2,concentrated,single,73080,133915195,Fitted,2.9698666581087507,22195.004158555512,4.0564994451232605,73080,3000,438480,0.0054013,1.985E-4,0.1478945,2.9702970297029703
2,concentrated,mixture,63196,133915195,Fitted,2.9704703762041724,29064.87797902649,4.032297525728353,63196,3000,315980,0.0049621000000000005,0.0340825,0.17967760000000002,2.9702970297029703
2,concentrated,mh,92732,133915195,Completed,2.959317482284169,NaN,1.0406455496413682,92732,1000,0,0.0,0.0,0.18128950000000002,2.9702970297029703
2,concentrated,legacy,116584,133915195,Completed,2.9670054041111005,NaN,NaN,116584,0,0,0.0,0.0,0.18427010000000002,2.9702970297029703
2,hierarchical,prior,34824,133915195,Completed,0.9801382984297872,3039.9416298698848,NaN,34824,0,348240,0.0,0.0,0.07412400000000001,0.9803921568627451
2,hierarchical,single,29384,133915195,Fitted,0.980759957137219,13195.929782065085,1.3468300564322193,29384,3000,293840,0.005873000000000001,1.4130000000000002E-4,0.0770494,0.9803921568627451
2,hierarchical,mixture,11160,133915195,Fitted,0.9801216508520977,5763.947765463897,1.1802180404871714,11160,3000,89280,0.0052177000000000005,0.0668991,0.10149100000000001,0.9803921568627451
2,hierarchical,mh,46584,133915195,Completed,0.9813960356376443,NaN,1.0125908141274322,46584,1000,0,0.0,0.0,0.0936542,0.9803921568627451
2,hierarchical,legacy,43792,133915195,Completed,0.979815974502504,NaN,NaN,43792,0,0,0.0,0.0,0.0786347,0.9803921568627451
2,hierarchical,prior,69696,133915195,Completed,0.9801690344381708,5994.699354267804,NaN,69696,0,696960,0.0,0.0,0.1495508,0.9803921568627451
2,hierarchical,single,61512,133915195,Fitted,0.9799352342184331,32251.72663264591,1.1450947629329227,61512,3000,492096,0.0055758000000000005,1.62E-4,0.1554893,0.9803921568627451
2,hierarchical,mixture,41528,133915195,IterationLimit,NaN,NaN,1.1183215943371907,0,3000,0,0.007122900000000001,0.0672592,0.0744876,0.9803921568627451
2,hierarchical,mh,94824,133915195,Completed,0.9782466694084361,NaN,1.0039662689881679,94824,1000,0,0.0,0.0,0.19337390000000002,0.9803921568627451
2,hierarchical,legacy,87804,133915195,Completed,0.9804090494909049,NaN,NaN,87804,0,0,0.0,0.0,0.1667573,0.9803921568627451
2,mixture,prior,47620,133915195,Completed,0.6308568899708294,31247.291877841395,NaN,47620,0,285720,0.0,0.0,0.07438990000000001,0.631578947368421
2,mixture,single,35864,133915195,Fitted,0.6358766910100387,6322.154329881994,1.0013129647982741,35864,3000,251048,0.005188600000000001,1.673E-4,0.07988780000000001,0.631578947368421
2,mixture,mixture,29192,133915195,Fitted,0.6291112899581831,27549.369527748706,1.0037822440498796,29192,3000,204344,0.0056073,0.0037923,0.07816100000000001,0.631578947368421
2,mixture,mh,42832,133915195,Completed,0.6358330220395966,NaN,1.0001918561399292,42832,1000,0,0.0,0.0,0.0880547,0.631578947368421
2,mixture,legacy,102232,133915195,Completed,0.6319624177372878,NaN,NaN,102232,0,0,0.0,0.0,0.0849246,0.631578947368421
2,mixture,prior,95408,133915195,Completed,0.6310512921013013,62609.52847466812,NaN,95408,0,572448,0.0,0.0,0.15436960000000002,0.631578947368421
2,mixture,single,74768,133915195,Fitted,0.6336934465365228,13255.007470071105,1.0013129647982741,74768,3000,448608,0.0062004,1.596E-4,0.15337220000000001,0.631578947368421
2,mixture,mixture,62548,133915195,Fitted,0.6290505406143809,59007.320243303366,1.0037822440498796,62548,3000,375288,0.0055399,0.004093,0.1496232,0.631578947368421
2,mixture,mh,86692,133915195,Completed,0.6310962949291745,NaN,1.0001166081753077,86692,1000,0,0.0,0.0,0.18227700000000002,0.631578947368421
2,mixture,legacy,204768,133915195,Completed,0.6312790407643888,NaN,NaN,204768,0,0,0.0,0.0,0.15973520000000002,0.631578947368421
2,concentrated,single,35104,149401058,Fitted,2.970331474875011,15246.193173033329,5.881715141186867,35104,3000,210624,0.0052946,1.5930000000000002E-4,0.0749255,2.9702970297029703
2,concentrated,mixture,23168,149401058,Fitted,2.9689414529866878,8255.439373239918,2.1541218325774194,23168,3000,139008,0.0051103,0.025467800000000002,0.0840375,2.9702970297029703
2,concentrated,mh,45744,149401058,Completed,2.98402711329497,NaN,1.1858701158707468,45744,1000,0,0.0,0.0,0.0861223,2.9702970297029703
2,concentrated,legacy,58112,149401058,Completed,2.9692139407690026,NaN,NaN,58112,0,0,0.0,0.0,0.0861754,2.9702970297029703
2,concentrated,prior,44100,149401058,Completed,2.964339364391079,78.1186106587198,NaN,44100,0,264600,0.0,0.0,0.0724733,2.9702970297029703
2,concentrated,single,73080,149401058,Fitted,2.970704267583494,31802.059382420506,5.881715141186867,73080,3000,365400,0.0049594,1.488E-4,0.1411301,2.9702970297029703
2,concentrated,mixture,63196,149401058,Fitted,2.9702142614575915,22449.995670546163,2.1541218325774194,63196,3000,315980,0.0049074,0.026471500000000002,0.17149040000000002,2.9702970297029703
2,concentrated,mh,92732,149401058,Completed,2.975237889890257,NaN,1.112148823025592,92732,1000,0,0.0,0.0,0.1768549,2.9702970297029703
2,concentrated,legacy,116584,149401058,Completed,2.9679298629221553,NaN,NaN,116584,0,0,0.0,0.0,0.17016150000000002,2.9702970297029703
2,concentrated,prior,88416,149401058,Completed,2.967046928054795,148.1802390619046,NaN,88416,0,442080,0.0,0.0,0.1418281,2.9702970297029703
2,hierarchical,single,29384,149401058,Fitted,0.9835392604573427,15412.864547777473,1.2188120942665452,29384,3000,293840,0.005586600000000001,1.7490000000000002E-4,0.0746194,0.9803921568627451
2,hierarchical,mixture,11160,149401058,Fitted,0.9837079139536664,4684.139640679482,1.2254659937770196,11160,3000,111600,0.0052348,0.048375,0.08380560000000001,0.9803921568627451
2,hierarchical,mh,46584,149401058,Completed,0.9791654942016821,NaN,1.009911464677426,46584,1000,0,0.0,0.0,0.0959832,0.9803921568627451
2,hierarchical,legacy,43792,149401058,Completed,0.9814930166226723,NaN,NaN,43792,0,0,0.0,0.0,0.0791505,0.9803921568627451
2,hierarchical,prior,34824,149401058,Completed,0.9806685144918387,2957.496330961677,NaN,34824,0,278592,0.0,0.0,0.0694926,0.9803921568627451
2,hierarchical,single,61512,149401058,Fitted,0.981689099502974,32391.2775522034,1.155687207317549,61512,3000,615120,0.0056463,1.4900000000000002E-4,0.14841110000000002,0.9803921568627451
2,hierarchical,mixture,41528,149401058,IterationLimit,NaN,NaN,1.1696112188285273,0,3000,0,0.0054342,0.069248,0.0747849,0.9803921568627451
2,hierarchical,mh,94824,149401058,Completed,0.9829657313296001,NaN,1.0083324559220068,94824,1000,0,0.0,0.0,0.19130640000000002,0.9803921568627451
2,hierarchical,legacy,87804,149401058,Completed,0.9794613005166418,NaN,NaN,87804,0,0,0.0,0.0,0.1594295,0.9803921568627451
2,hierarchical,prior,69696,149401058,Completed,0.9790737030140858,5966.083757400346,NaN,69696,0,627264,0.0,0.0,0.13774060000000002,0.9803921568627451
2,mixture,single,35864,149401058,Fitted,0.6369390294403037,6081.451442029332,1.002484079391727,35864,3000,179320,0.005293600000000001,1.6010000000000002E-4,0.0744262,0.631578947368421
2,mixture,mixture,29192,149401058,Fitted,0.6342409271618876,27561.56322109856,1.0074394467659715,29192,3000,145960,0.0055662,0.0039778,0.07344890000000001,0.631578947368421
2,mixture,mh,42832,149401058,Completed,0.6295526709002615,NaN,1.0007446259943593,42832,1000,0,0.0,0.0,0.086062,0.631578947368421
2,mixture,legacy,102232,149401058,Completed,0.633722720647055,NaN,NaN,102232,0,0,0.0,0.0,0.0676052,0.631578947368421
2,mixture,prior,47620,149401058,Completed,0.6362248987166045,31313.573883151537,NaN,47620,0,333340,0.0,0.0,0.07761760000000001,0.631578947368421
2,mixture,single,74768,149401058,Fitted,0.6335560833723963,12895.956070387494,1.002484079391727,74768,3000,448608,0.0053296,1.7270000000000002E-4,0.1517736,0.631578947368421
2,mixture,mixture,62548,149401058,Fitted,0.6349381324865696,59028.01064542636,1.0074394467659715,62548,3000,312740,0.0052082000000000005,0.0038453000000000003,0.1483887,0.631578947368421
2,mixture,mh,86692,149401058,Completed,0.6303349790061367,NaN,1.0001908794643286,86692,1000,0,0.0,0.0,0.18390720000000002,0.631578947368421
2,mixture,legacy,204768,149401058,Completed,0.6326573559377503,NaN,NaN,204768,0,0,0.0,0.0,0.1380981,0.631578947368421
2,mixture,prior,95408,149401058,Completed,0.6344081886057656,62692.015679019925,NaN,95408,0,477040,0.0,0.0,0.1491136,0.631578947368421
2,concentrated,mixture,23168,164886921,Fitted,2.973269443051973,494.11243721770836,2.9983041902452303,23168,3000,115840,0.0059794,0.007067400000000001,0.0647731,2.9702970297029703
2,concentrated,mh,45744,164886921,Completed,2.976780441113275,NaN,1.2557454014261031,45744,1000,0,0.0,0.0,0.0904658,2.9702970297029703
2,concentrated,legacy,58112,164886921,Completed,2.9862041118344798,NaN,NaN,58112,0,0,0.0,0.0,0.0862449,2.9702970297029703
2,concentrated,prior,44100,164886921,Completed,2.9840615336401113,65.00265809683499,NaN,44100,0,220500,0.0,0.0,0.0721378,2.9702970297029703
2,concentrated,single,35104,164886921,Fitted,2.9698581683317333,12736.137957827417,3.2733417174625457,35104,3000,175520,0.0047482,1.7710000000000002E-4,0.0726099,2.9702970297029703
2,concentrated,mixture,63196,164886921,Fitted,2.971772852460304,1318.6712150130265,2.9983041902452303,63196,3000,315980,0.0048611,0.0066705,0.1575997,2.9702970297029703
2,concentrated,mh,92732,164886921,Completed,2.9822467109017756,NaN,1.0391430740320184,92732,1000,0,0.0,0.0,0.17849900000000002,2.9702970297029703
2,concentrated,legacy,116584,164886921,Completed,2.9717026165423084,NaN,NaN,116584,0,0,0.0,0.0,0.161609,2.9702970297029703
2,concentrated,prior,88416,164886921,Completed,2.9751498787314916,134.31098234079911,NaN,88416,0,442080,0.0,0.0,0.1432257,2.9702970297029703
2,concentrated,single,73080,164886921,Fitted,2.969974462274845,26633.054948975558,3.2733417174625457,73080,3000,438480,0.004922500000000001,1.6140000000000002E-4,0.14133210000000002,2.9702970297029703
2,hierarchical,mixture,11160,164886921,Fitted,0.9819713251434099,5385.350797972621,1.352139523808916,11160,3000,89280,0.0054600000000000004,0.0471893,0.08258860000000001,0.9803921568627451
2,hierarchical,mh,46584,164886921,Completed,0.9804008738627786,NaN,1.0040486305872875,46584,1000,0,0.0,0.0,0.093049,0.9803921568627451
2,hierarchical,legacy,43792,164886921,Completed,0.9809483106696156,NaN,NaN,43792,0,0,0.0,0.0,0.07794380000000001,0.9803921568627451
2,hierarchical,prior,34824,164886921,Completed,0.9805281117176213,2947.0345821177016,NaN,34824,0,348240,0.0,0.0,0.0715741,0.9803921568627451
2,hierarchical,single,29384,164886921,Fitted,0.9801374528573774,15340.91697109982,1.247265900955857,29384,3000,293840,0.0051538,1.477E-4,0.0738382,0.9803921568627451
2,hierarchical,mixture,41528,164886921,Fitted,0.9803397942267887,22039.532060052366,1.2727959422033606,41528,3000,332224,0.005461000000000001,0.014199400000000001,0.1271477,0.9803921568627451
2,hierarchical,mh,94824,164886921,Completed,0.9849673014754811,NaN,1.004572562808928,94824,1000,0,0.0,0.0,0.1874761,0.9803921568627451
2,hierarchical,legacy,87804,164886921,Completed,0.9805844118974033,NaN,NaN,87804,0,0,0.0,0.0,0.1628193,0.9803921568627451
2,hierarchical,prior,69696,164886921,Completed,0.9804593457853934,5962.924693117679,NaN,69696,0,557568,0.0,0.0,0.1366236,0.9803921568627451
2,hierarchical,single,61512,164886921,Fitted,0.9822607062647822,32782.67637389568,1.09998142528216,61512,3000,492096,0.005279300000000001,1.421E-4,0.1469047,0.9803921568627451
2,mixture,mixture,29192,164886921,Fitted,0.63053489502278,27906.439971913842,1.0028582521326412,29192,3000,175152,0.005613600000000001,0.0037158000000000004,0.0740925,0.631578947368421
2,mixture,mh,42832,164886921,Completed,0.6348057527082556,NaN,1.000335358567793,42832,1000,0,0.0,0.0,0.08661160000000001,0.631578947368421
2,mixture,legacy,102232,164886921,Completed,0.6330434067824671,NaN,NaN,102232,0,0,0.0,0.0,0.076519,0.631578947368421
2,mixture,prior,47620,164886921,Completed,0.6329954445683201,31273.345081347088,NaN,47620,0,285720,0.0,0.0,0.07352170000000001,0.631578947368421
2,mixture,single,35864,164886921,Fitted,0.6324014649291676,6164.8592985429805,1.0026153492645502,35864,3000,251048,0.0060861000000000005,1.608E-4,0.0791949,0.631578947368421
2,mixture,mixture,62548,164886921,Fitted,0.6305357809040959,59783.82348410897,1.0028582521326412,62548,3000,375288,0.0049640000000000005,0.0034235000000000003,0.1465584,0.631578947368421
2,mixture,mh,86692,164886921,Completed,0.6328150233008814,NaN,1.0000407712901558,86692,1000,0,0.0,0.0,0.17856750000000002,0.631578947368421
2,mixture,legacy,204768,164886921,Completed,0.6322363285263433,NaN,NaN,204768,0,0,0.0,0.0,0.147965,0.631578947368421
2,mixture,prior,95408,164886921,Completed,0.6333120556444356,62664.82761649345,NaN,95408,0,572448,0.0,0.0,0.1502032,0.631578947368421
2,mixture,single,74768,164886921,Fitted,0.631481209758307,12836.379844490732,1.0026153492645502,74768,3000,523376,0.006046500000000001,2.111E-4,0.1561005,0.631578947368421
2,concentrated,mh,45744,180372784,Completed,2.9689929394324848,NaN,1.1152013900498543,45744,1000,0,0.0,0.0,0.08826890000000001,2.9702970297029703
2,concentrated,legacy,58112,180372784,Completed,2.97761313779346,NaN,NaN,58112,0,0,0.0,0.0,0.0817349,2.9702970297029703
2,concentrated,prior,44100,180372784,Completed,2.980965743260889,81.83114225037689,NaN,44100,0,264600,0.0,0.0,0.071839,2.9702970297029703
2,concentrated,single,35104,180372784,Fitted,2.9699996357828904,14614.282157018797,1.9763136485666613,35104,3000,210624,0.0047635,1.4800000000000002E-4,0.0722315,2.9702970297029703
2,concentrated,mixture,23168,180372784,Fitted,2.9695016652708066,7639.674766809254,4.979402547590393,23168,3000,115840,0.0055541,0.0087122,0.0657134,2.9702970297029703
2,concentrated,mh,92732,180372784,Completed,2.9695214350966577,NaN,1.0903333859021362,92732,1000,0,0.0,0.0,0.1795979,2.9702970297029703
2,concentrated,legacy,116584,180372784,Completed,2.9712633093960825,NaN,NaN,116584,0,0,0.0,0.0,0.17724600000000001,2.9702970297029703
2,concentrated,prior,88416,180372784,Completed,2.97065514944587,158.78020189626042,NaN,88416,0,442080,0.0,0.0,0.14302720000000002,2.9702970297029703
2,concentrated,single,73080,180372784,Fitted,2.9708887203412697,30461.851333834104,1.9763136485666613,73080,3000,438480,0.0049234000000000005,1.4700000000000002E-4,0.14269900000000002,2.9702970297029703
2,concentrated,mixture,63196,180372784,Fitted,2.970119610870698,20758.35881313054,4.979402547590393,63196,3000,379176,0.005133400000000001,0.0098636,0.15282890000000002,2.9702970297029703
2,hierarchical,mh,46584,180372784,Completed,0.984696301483854,NaN,1.0060808961502687,46584,1000,0,0.0,0.0,0.0915335,0.9803921568627451
2,hierarchical,legacy,43792,180372784,Completed,0.9784189468889198,NaN,NaN,43792,0,0,0.0,0.0,0.0763041,0.9803921568627451
2,hierarchical,prior,34824,180372784,Completed,0.9806762790684326,3060.505150210451,NaN,34824,0,313416,0.0,0.0,0.0715762,0.9803921568627451
2,hierarchical,single,29384,180372784,Fitted,0.9835034366813256,14066.547542688646,1.1947838506178539,29384,3000,293840,0.0058633,1.56E-4,0.07427210000000001,0.9803921568627451
2,hierarchical,mixture,11160,180372784,IterationLimit,NaN,NaN,1.0707988165442168,0,3000,0,0.0054866,0.0664676,0.0720355,0.9803921568627451
2,hierarchical,mh,94824,180372784,Completed,0.9793794457099448,NaN,1.0037494661342397,94824,1000,0,0.0,0.0,0.2028136,0.9803921568627451
2,hierarchical,legacy,87804,180372784,Completed,0.9788611480570634,NaN,NaN,87804,0,0,0.0,0.0,0.1577803,0.9803921568627451
2,hierarchical,prior,69696,180372784,Completed,0.9786732470685257,6135.8699480005025,NaN,69696,0,627264,0.0,0.0,0.1437541,0.9803921568627451
2,hierarchical,single,61512,180372784,Fitted,0.9807235308574167,31373.28170122452,1.1823763652679224,61512,3000,615120,0.0051117,1.374E-4,0.1523195,0.9803921568627451
2,hierarchical,mixture,41528,180372784,Fitted,0.9832184826067409,21573.340289778323,1.1897938033438908,41528,3000,415280,0.006005900000000001,0.0267515,0.14941290000000002,0.9803921568627451
2,mixture,mh,42832,180372784,Completed,0.62686776242062,NaN,1.0002187457854943,42832,1000,0,0.0,0.0,0.09346940000000001,0.631578947368421
2,mixture,legacy,102232,180372784,Completed,0.6279116704876314,NaN,NaN,102232,0,0,0.0,0.0,0.07257440000000001,0.631578947368421
2,mixture,prior,47620,180372784,Completed,0.6276479871964464,31209.07003351789,NaN,47620,0,285720,0.0,0.0,0.085924,0.631578947368421
2,mixture,single,35864,180372784,Fitted,0.6382875598640511,6192.04093707275,1.0047910683867853,35864,3000,251048,0.005378,1.406E-4,0.0781715,0.631578947368421
2,mixture,mixture,29192,180372784,Fitted,0.6309042176794925,27367.155703008837,1.0024086058465584,29192,3000,175152,0.0053166,0.0040869,0.076036,0.631578947368421
2,mixture,mh,86692,180372784,Completed,0.6328726987495963,NaN,1.0000468273090872,86692,1000,0,0.0,0.0,0.1888131,0.631578947368421
2,mixture,legacy,204768,180372784,Completed,0.6299550959524512,NaN,NaN,204768,0,0,0.0,0.0,0.1560362,0.631578947368421
2,mixture,prior,95408,180372784,Completed,0.6281079702636768,62539.09254968789,NaN,95408,0,477040,0.0,0.0,0.1465864,0.631578947368421
2,mixture,single,74768,180372784,Fitted,0.6329752272777884,12862.911390831472,1.0047910683867853,74768,3000,373840,0.005336400000000001,1.811E-4,0.1487098,0.631578947368421
2,mixture,mixture,62548,180372784,Fitted,0.6315982232796772,58664.71099491954,1.0024086058465584,62548,3000,312740,0.0054828,0.0035081,0.146537,0.631578947368421
2,concentrated,legacy,58112,195858647,Completed,2.9845531284072044,NaN,NaN,58112,0,0,0.0,0.0,0.0838401,2.9702970297029703
2,concentrated,prior,44100,195858647,Completed,2.9835764238217926,79.58497813880264,NaN,44100,0,264600,0.0,0.0,0.07244600000000001,2.9702970297029703
2,concentrated,single,35104,195858647,Fitted,2.9697177765224594,7629.303747406287,2.765581454861553,35104,3000,210624,0.00768,2.064E-4,0.07544680000000001,2.9702970297029703
2,concentrated,mixture,23168,195858647,Fitted,2.972298314575411,2253.568525327151,3.272506906972756,23168,3000,139008,0.0047198000000000006,0.0063147,0.0629333,2.9702970297029703
2,concentrated,mh,45744,195858647,Completed,2.9586606384241394,NaN,1.1241128895015486,45744,1000,0,0.0,0.0,0.08778050000000001,2.9702970297029703
2,concentrated,legacy,116584,195858647,Completed,2.972601479017111,NaN,NaN,116584,0,0,0.0,0.0,0.1711474,2.9702970297029703
2,concentrated,prior,88416,195858647,Completed,2.9785231671998456,165.28525178537907,NaN,88416,0,530496,0.0,0.0,0.1505622,2.9702970297029703
2,concentrated,single,73080,195858647,Fitted,2.9694681405225745,15760.520566015097,2.765581454861553,73080,3000,365400,0.0056828,1.4800000000000002E-4,0.1440622,2.9702970297029703
2,concentrated,mixture,63196,195858647,Fitted,2.97100306214257,6292.679884773897,3.272506906972756,63196,3000,379176,0.0048712,0.0065377000000000005,0.15473030000000002,2.9702970297029703
2,concentrated,mh,92732,195858647,Completed,2.9749880951473426,NaN,1.049982015596742,92732,1000,0,0.0,0.0,0.1807091,2.9702970297029703
2,hierarchical,legacy,43792,195858647,Completed,0.9823169176735758,NaN,NaN,43792,0,0,0.0,0.0,0.0757072,0.9803921568627451
2,hierarchical,prior,34824,195858647,Completed,0.9825958299280527,3006.9542402207153,NaN,34824,0,313416,0.0,0.0,0.0686703,0.9803921568627451
2,hierarchical,single,29384,195858647,Fitted,0.9802403428291173,15475.530582553854,1.0832172106087365,29384,3000,293840,0.0056249,1.488E-4,0.0744308,0.9803921568627451
2,hierarchical,mixture,11160,195858647,Fitted,0.9782294305626321,3701.997108958858,1.2537964626107403,11160,3000,111600,0.0051379,0.022840100000000002,0.057955400000000004,0.9803921568627451
2,hierarchical,mh,46584,195858647,Completed,0.9772363180409638,NaN,1.0095281187424152,46584,1000,0,0.0,0.0,0.09836370000000001,0.9803921568627451
2,hierarchical,legacy,87804,195858647,Completed,0.9807812177910755,NaN,NaN,87804,0,0,0.0,0.0,0.16846440000000001,0.9803921568627451
2,hierarchical,prior,69696,195858647,Completed,0.9813816028636572,6007.929351882604,NaN,69696,0,696960,0.0,0.0,0.1463362,0.9803921568627451
2,hierarchical,single,61512,195858647,Fitted,0.9807833369507103,31200.63821159515,1.1523394774560451,61512,3000,492096,0.0051452,1.342E-4,0.1441723,0.9803921568627451
2,hierarchical,mixture,41528,195858647,Fitted,0.9783091298947103,17142.260916854408,1.3061200734491825,41528,3000,415280,0.0052228000000000005,0.0667375,0.1810835,0.9803921568627451
2,hierarchical,mh,94824,195858647,Completed,0.9864956658300402,NaN,1.0071932873512064,94824,1000,0,0.0,0.0,0.1964606,0.9803921568627451
2,mixture,legacy,102232,195858647,Completed,0.6314965657147928,NaN,NaN,102232,0,0,0.0,0.0,0.0773962,0.631578947368421
2,mixture,prior,47620,195858647,Completed,0.6340136354124942,31285.913236027973,NaN,47620,0,238100,0.0,0.0,0.0756248,0.631578947368421
2,mixture,single,35864,195858647,Fitted,0.6353990262270808,6002.697288994485,1.0077358827466854,35864,3000,179320,0.0055981,1.418E-4,0.0723952,0.631578947368421
2,mixture,mixture,29192,195858647,Fitted,0.6318450091516622,27216.477187025397,1.0042804288753953,29192,3000,145960,0.005609,0.0035941000000000002,0.0718376,0.631578947368421
2,mixture,mh,42832,195858647,Completed,0.6293658946581995,NaN,1.0002577279954692,42832,1000,0,0.0,0.0,0.08701500000000001,0.631578947368421
2,mixture,legacy,204768,195858647,Completed,0.6328299388845788,NaN,NaN,204768,0,0,0.0,0.0,0.1551288,0.631578947368421
2,mixture,prior,95408,195858647,Completed,0.6311094427942087,62610.93779888879,NaN,95408,0,667856,0.0,0.0,0.1538564,0.631578947368421
2,mixture,single,74768,195858647,Fitted,0.6329254279196908,12603.815881580429,1.0077358827466854,74768,3000,448608,0.0050894,1.437E-4,0.1500787,0.631578947368421
2,mixture,mixture,62548,195858647,Fitted,0.6318231898963663,58286.511399675175,1.0042804288753953,62548,3000,312740,0.005034800000000001,0.0035789000000000003,0.1483178,0.631578947368421
2,mixture,mh,86692,195858647,Completed,0.6276011627370461,NaN,1.0001192807339183,86692,1000,0,0.0,0.0,0.1821124,0.631578947368421
2,concentrated,prior,44100,211344510,Completed,2.953541182228497,70.94693287938952,NaN,44100,0,220500,0.0,0.0,0.0727593,2.9702970297029703
2,concentrated,single,35104,211344510,Fitted,2.969411787539364,20276.621796760704,5.547774815304214,35104,3000,210624,0.0061408,1.5700000000000002E-4,0.0737706,2.9702970297029703
2,concentrated,mixture,23168,211344510,IterationLimit,NaN,NaN,2.342429524351753,0,3000,0,0.004937700000000001,0.0664986,0.0715612,2.9702970297029703
2,concentrated,mh,45744,211344510,Completed,2.9685543315097296,NaN,1.1029880543731572,45744,1000,0,0.0,0.0,0.0867928,2.9702970297029703
2,concentrated,legacy,58112,211344510,Completed,2.9584012035487475,NaN,NaN,58112,0,0,0.0,0.0,0.0791804,2.9702970297029703
2,concentrated,prior,88416,211344510,Completed,2.965649613776513,147.82252200553984,NaN,88416,0,442080,0.0,0.0,0.14641320000000002,2.9702970297029703
2,concentrated,single,73080,211344510,Fitted,2.9699295036210445,21953.652510571264,2.342429524351753,73080,3000,438480,0.0049861,1.664E-4,0.15132810000000002,2.9702970297029703
2,concentrated,mixture,63196,211344510,Fitted,2.9802699143084017,733.4326264189285,5.547774815304214,63196,3000,379176,0.0050388,0.013894900000000002,0.1561046,2.9702970297029703
2,concentrated,mh,92732,211344510,Completed,2.970688108956087,NaN,1.1016559896330607,92732,1000,0,0.0,0.0,0.1877348,2.9702970297029703
2,concentrated,legacy,116584,211344510,Completed,2.9680125404362685,NaN,NaN,116584,0,0,0.0,0.0,0.17424150000000002,2.9702970297029703
2,hierarchical,prior,34824,211344510,Completed,0.980712661556197,2983.673568888471,NaN,34824,0,348240,0.0,0.0,0.0710904,0.9803921568627451
2,hierarchical,single,29384,211344510,Fitted,0.9796982981579201,14734.668759071586,1.1187724675303186,29384,3000,293840,0.0051377,1.3000000000000002E-4,0.0730547,0.9803921568627451
2,hierarchical,mixture,11160,211344510,Fitted,0.9806696048271872,4007.208131236878,1.1894196941416755,11160,3000,100440,0.0049305,0.0078601,0.042207800000000004,0.9803921568627451
2,hierarchical,mh,46584,211344510,Completed,0.9831223780948373,NaN,1.0083850885431094,46584,1000,0,0.0,0.0,0.0904335,0.9803921568627451
2,hierarchical,legacy,43792,211344510,Completed,0.9801121856514906,NaN,NaN,43792,0,0,0.0,0.0,0.0769938,0.9803921568627451
2,hierarchical,prior,69696,211344510,Completed,0.9798848744409759,5983.76589275202,NaN,69696,0,696960,0.0,0.0,0.1444194,0.9803921568627451
2,hierarchical,single,61512,211344510,Fitted,0.9805382209833813,33209.555607175294,1.1675359445743712,61512,3000,553608,0.0071666,1.855E-4,0.15326150000000002,0.9803921568627451
2,hierarchical,mixture,41528,211344510,IterationLimit,NaN,NaN,1.3071886623467668,0,3000,0,0.005390600000000001,0.0713329,0.0768182,0.9803921568627451
2,hierarchical,mh,94824,211344510,Completed,0.9796996650173381,NaN,1.0067572036832535,94824,1000,0,0.0,0.0,0.19389330000000002,0.9803921568627451
2,hierarchical,legacy,87804,211344510,Completed,0.9791849248291604,NaN,NaN,87804,0,0,0.0,0.0,0.1595134,0.9803921568627451
2,mixture,prior,47620,211344510,Completed,0.6305303122544202,31243.354255758582,NaN,47620,0,333340,0.0,0.0,0.0760364,0.631578947368421
2,mixture,single,35864,211344510,Fitted,0.6266044949199177,6203.399691337387,1.0042328371174516,35864,3000,215184,0.005006200000000001,1.4130000000000002E-4,0.0760623,0.631578947368421
2,mixture,mixture,29192,211344510,Fitted,0.6272857248562099,27394.057127587286,1.0048277836474429,29192,3000,204344,0.0053969000000000005,0.0036084000000000003,0.0779582,0.631578947368421
2,mixture,mh,42832,211344510,Completed,0.635132611131864,NaN,1.0001558654585043,42832,1000,0,0.0,0.0,0.087497,0.631578947368421
2,mixture,legacy,102232,211344510,Completed,0.632578990119167,NaN,NaN,102232,0,0,0.0,0.0,0.0775301,0.631578947368421
2,mixture,prior,95408,211344510,Completed,0.6323399753129738,62640.92227155335,NaN,95408,0,667856,0.0,0.0,0.1566071,0.631578947368421
2,mixture,single,74768,211344510,Fitted,0.6255974704389495,12760.039391162607,1.0042328371174516,74768,3000,448608,0.0052643,1.631E-4,0.1509817,0.631578947368421
2,mixture,mixture,62548,211344510,Fitted,0.630567315862768,58668.72872468797,1.0048277836474429,62548,3000,437836,0.005472,0.0037149,0.15176900000000002,0.631578947368421
2,mixture,mh,86692,211344510,Completed,0.6320652424675864,NaN,1.0001347899425455,86692,1000,0,0.0,0.0,0.17920280000000002,0.631578947368421
2,mixture,legacy,204768,211344510,Completed,0.6323659293036126,NaN,NaN,204768,0,0,0.0,0.0,0.15757410000000002,0.631578947368421
2,concentrated,single,35104,226830373,Fitted,2.9707454583471797,17451.618893943054,3.4581046009526206,35104,3000,175520,0.0049348000000000005,1.408E-4,0.0718184,2.9702970297029703
2,concentrated,mixture,23168,226830373,Fitted,2.9692239712511794,10741.23414830807,2.621270105279198,23168,3000,139008,0.0048103,0.012317600000000001,0.0683044,2.9702970297029703
2,concentrated,mh,45744,226830373,Completed,2.9804645937236507,NaN,1.1923677877514398,45744,1000,0,0.0,0.0,0.08826600000000001,2.9702970297029703
2,concentrated,legacy,58112,226830373,Completed,2.961689548222949,NaN,NaN,58112,0,0,0.0,0.0,0.08597990000000001,2.9702970297029703
2,concentrated,prior,44100,226830373,Completed,2.96297277091368,78.08316189160028,NaN,44100,0,220500,0.0,0.0,0.07012600000000001,2.9702970297029703
2,concentrated,single,73080,226830373,Fitted,2.970380053130563,36161.41812479136,3.4581046009526206,73080,3000,438480,0.0047719,1.549E-4,0.14144220000000002,2.9702970297029703
2,concentrated,mixture,63196,226830373,Fitted,2.969695974495283,29453.714810508085,2.621270105279198,63196,3000,315980,0.005236800000000001,0.012452900000000001,0.15552400000000002,2.9702970297029703
2,concentrated,mh,92732,226830373,Completed,2.9788418564437493,NaN,1.0864342173170147,92732,1000,0,0.0,0.0,0.1850563,2.9702970297029703
2,concentrated,legacy,116584,226830373,Completed,2.961086363751065,NaN,NaN,116584,0,0,0.0,0.0,0.1669185,2.9702970297029703
2,concentrated,prior,88416,226830373,Completed,2.962147397415196,147.05549524165272,NaN,88416,0,442080,0.0,0.0,0.13810730000000002,2.9702970297029703
2,hierarchical,single,29384,226830373,Fitted,0.9818543190851478,14909.941039146743,1.0348742951341823,29384,3000,264456,0.0056221000000000005,1.41E-4,0.0738545,0.9803921568627451
2,hierarchical,mixture,11160,226830373,Fitted,0.9805512452855364,4020.5696608929475,1.299473764231064,11160,3000,111600,0.0057077000000000004,0.034055800000000004,0.0702205,0.9803921568627451
2,hierarchical,mh,46584,226830373,Completed,0.9854977523300561,NaN,1.0144256203708952,46584,1000,0,0.0,0.0,0.08985670000000001,0.9803921568627451
2,hierarchical,legacy,43792,226830373,Completed,0.979243570680536,NaN,NaN,43792,0,0,0.0,0.0,0.0853614,0.9803921568627451
2,hierarchical,prior,34824,226830373,Completed,0.9785045350160982,2988.7148522116777,NaN,34824,0,348240,0.0,0.0,0.0694812,0.9803921568627451
2,hierarchical,single,61512,226830373,Fitted,0.981571254204154,31817.09845801073,1.2666543076658154,61512,3000,492096,0.005110900000000001,1.338E-4,0.1443528,0.9803921568627451
2,hierarchical,mixture,41528,226830373,Fitted,0.9774537377789139,8772.529461097636,1.377541299521208,41528,3000,332224,0.005430600000000001,0.0420391,0.1536875,0.9803921568627451
2,hierarchical,mh,94824,226830373,Completed,0.9851124770282187,NaN,1.003585654828087,94824,1000,0,0.0,0.0,0.1914294,0.9803921568627451
2,hierarchical,legacy,87804,226830373,Completed,0.9798621161853716,NaN,NaN,87804,0,0,0.0,0.0,0.1577665,0.9803921568627451
2,hierarchical,prior,69696,226830373,Completed,0.9793431139922628,5950.83448047421,NaN,69696,0,557568,0.0,0.0,0.1352381,0.9803921568627451
2,mixture,single,35864,226830373,Fitted,0.6284537149116086,6148.032521708441,1.0029131144023806,35864,3000,215184,0.0051824,1.494E-4,0.076226,0.631578947368421
2,mixture,mixture,29192,226830373,Fitted,0.6332804872551906,27913.65064791146,1.0086976001853991,29192,3000,145960,0.005273600000000001,0.003746,0.0765296,0.631578947368421
2,mixture,mh,42832,226830373,Completed,0.634105341800523,NaN,1.0001326379465332,42832,1000,0,0.0,0.0,0.0918524,0.631578947368421
2,mixture,legacy,102232,226830373,Completed,0.6309215238664726,NaN,NaN,102232,0,0,0.0,0.0,0.07130270000000001,0.631578947368421
2,mixture,prior,47620,226830373,Completed,0.6278361741371778,31211.282817638083,NaN,47620,0,333340,0.0,0.0,0.0796617,0.631578947368421
2,mixture,single,74768,226830373,Fitted,0.6315089172097246,12636.952154411247,1.0029131144023806,74768,3000,448608,0.0057168,1.4700000000000002E-4,0.1535859,0.631578947368421
2,mixture,mixture,62548,226830373,Fitted,0.6322976613090081,59803.745920245,1.0086976001853991,62548,3000,312740,0.005974800000000001,0.003907600000000001,0.1527727,0.631578947368421
2,mixture,mh,86692,226830373,Completed,0.6308540580445716,NaN,1.00008436842255,86692,1000,0,0.0,0.0,0.1873823,0.631578947368421
2,mixture,legacy,204768,226830373,Completed,0.6328191549412049,NaN,NaN,204768,0,0,0.0,0.0,0.14052420000000002,0.631578947368421
2,mixture,prior,95408,226830373,Completed,0.6301662143264484,62588.162924595366,NaN,95408,0,667856,0.0,0.0,0.155947,0.631578947368421
2,concentrated,mixture,23168,242316236,Fitted,2.970005520682802,9499.731768912381,1.7490783991713599,23168,3000,139008,0.004969,0.006214300000000001,0.06252740000000001,2.9702970297029703
2,concentrated,mh,45744,242316236,Completed,2.984032175210771,NaN,1.1302318881658524,45744,1000,0,0.0,0.0,0.08974900000000001,2.9702970297029703
2,concentrated,legacy,58112,242316236,Completed,2.9664274421335084,NaN,NaN,58112,0,0,0.0,0.0,0.0826854,2.9702970297029703
2,concentrated,prior,44100,242316236,Completed,2.9646457393876755,78.31989351130821,NaN,44100,0,264600,0.0,0.0,0.0706447,2.9702970297029703
2,concentrated,single,35104,242316236,Fitted,2.969450062296372,9532.107542385507,4.217878326033426,35104,3000,175520,0.0058272,1.55E-4,0.0726169,2.9702970297029703
2,concentrated,mixture,63196,242316236,Fitted,2.970398570114891,25886.393839194086,1.7490783991713599,63196,3000,315980,0.0049981,0.0062545000000000005,0.1490632,2.9702970297029703
2,concentrated,mh,92732,242316236,Completed,2.9823310466924347,NaN,1.055391866882803,92732,1000,0,0.0,0.0,0.184314,2.9702970297029703
2,concentrated,legacy,116584,242316236,Completed,2.971026402350291,NaN,NaN,116584,0,0,0.0,0.0,0.1745043,2.9702970297029703
2,concentrated,prior,88416,242316236,Completed,2.9723551303679265,151.77119363195266,NaN,88416,0,530496,0.0,0.0,0.1404419,2.9702970297029703
2,concentrated,single,73080,242316236,Fitted,2.9698035230484385,19876.331180043453,4.217878326033426,73080,3000,438480,0.005153400000000001,1.405E-4,0.14338140000000002,2.9702970297029703
2,hierarchical,mixture,11160,242316236,IterationLimit,NaN,NaN,1.1172607412374895,0,3000,0,0.0051809000000000004,0.0684261,0.0736775,0.9803921568627451
2,hierarchical,mh,46584,242316236,Completed,0.9817945266511062,NaN,1.0104355820725734,46584,1000,0,0.0,0.0,0.08988420000000001,0.9803921568627451
2,hierarchical,legacy,43792,242316236,Completed,0.9771555769474304,NaN,NaN,43792,0,0,0.0,0.0,0.07401630000000001,0.9803921568627451
2,hierarchical,prior,34824,242316236,Completed,0.9782247848614595,2955.873621446143,NaN,34824,0,278592,0.0,0.0,0.0690863,0.9803921568627451
2,hierarchical,single,29384,242316236,Fitted,0.9798837316009733,13252.414812422587,1.1061387866639583,29384,3000,264456,0.0053707,1.599E-4,0.0725351,0.9803921568627451
2,hierarchical,mixture,41528,242316236,Fitted,0.9797125725607716,19690.34494117039,1.0950591489319244,41528,3000,415280,0.0064564,0.0658639,0.1981698,0.9803921568627451
2,hierarchical,mh,94824,242316236,Completed,0.9817341644607611,NaN,1.0032853874531944,94824,1000,0,0.0,0.0,0.1937048,0.9803921568627451
2,hierarchical,legacy,87804,242316236,Completed,0.9780830099354535,NaN,NaN,87804,0,0,0.0,0.0,0.15635490000000002,0.9803921568627451
2,hierarchical,prior,69696,242316236,Completed,0.9782047101567805,5997.360540833431,NaN,69696,0,696960,0.0,0.0,0.1379225,0.9803921568627451
2,hierarchical,single,61512,242316236,Fitted,0.9810625612574294,30859.16095558539,1.1999790943610373,61512,3000,492096,0.0057098,1.331E-4,0.1437358,0.9803921568627451
2,mixture,mixture,29192,242316236,Fitted,0.6356396640017651,28128.581315281135,1.0010540230497895,29192,3000,204344,0.0057437,0.0039898,0.0772382,0.631578947368421
2,mixture,mh,42832,242316236,Completed,0.6334983190138215,NaN,1.0002569185481598,42832,1000,0,0.0,0.0,0.08710530000000001,0.631578947368421
2,mixture,legacy,102232,242316236,Completed,0.6311711860215165,NaN,NaN,102232,0,0,0.0,0.0,0.0768298,0.631578947368421
2,mixture,prior,47620,242316236,Completed,0.6293380640871095,31229.070910277802,NaN,47620,0,238100,0.0,0.0,0.07326210000000001,0.631578947368421
2,mixture,single,35864,242316236,Fitted,0.6279461516431196,6189.683870889915,1.0019285628413845,35864,3000,179320,0.0049237000000000005,1.496E-4,0.07103280000000001,0.631578947368421
2,mixture,mixture,62548,242316236,Fitted,0.6321557110746793,60258.918422818795,1.0010540230497895,62548,3000,437836,0.0051193,0.0036443,0.1504163,0.631578947368421
2,mixture,mh,86692,242316236,Completed,0.6332418216213722,NaN,1.0000978509805003,86692,1000,0,0.0,0.0,0.17865740000000002,0.631578947368421
2,mixture,legacy,204768,242316236,Completed,0.6310135666991207,NaN,NaN,204768,0,0,0.0,0.0,0.1584607,0.631578947368421
2,mixture,prior,95408,242316236,Completed,0.630574092897983,62597.98921006767,NaN,95408,0,667856,0.0,0.0,0.1535637,0.631578947368421
2,mixture,single,74768,242316236,Fitted,0.6309794772481416,12652.568298319753,1.0019285628413845,74768,3000,448608,0.005556800000000001,1.52E-4,0.150014,0.631578947368421
2,concentrated,mh,45744,257802099,Completed,2.9657163532329927,NaN,1.4248532051033473,45744,1000,0,0.0,0.0,0.08665210000000001,2.9702970297029703
2,concentrated,legacy,58112,257802099,Completed,2.9786435123501973,NaN,NaN,58112,0,0,0.0,0.0,0.0847529,2.9702970297029703
2,concentrated,prior,44100,257802099,Completed,2.974813281144962,68.1053056759077,NaN,44100,0,264600,0.0,0.0,0.0716673,2.9702970297029703
2,concentrated,single,35104,257802099,Fitted,2.9699764695265722,12625.752403157194,2.1014018313634457,35104,3000,175520,0.005438500000000001,1.364E-4,0.0712985,2.9702970297029703
2,concentrated,mixture,23168,257802099,Fitted,2.9708059097590227,6429.325178468753,3.0480298990806634,23168,3000,115840,0.0053397,0.0251872,0.0813823,2.9702970297029703
2,concentrated,mh,92732,257802099,Completed,2.960062698873133,NaN,1.1513784598375203,92732,1000,0,0.0,0.0,0.1797918,2.9702970297029703
2,concentrated,legacy,116584,257802099,Completed,2.973714622660427,NaN,NaN,116584,0,0,0.0,0.0,0.172768,2.9702970297029703
2,concentrated,prior,88416,257802099,Completed,2.975867198394647,141.31052083445806,NaN,88416,0,442080,0.0,0.0,0.14303680000000002,2.9702970297029703
2,concentrated,single,73080,257802099,Fitted,2.96989369675002,26366.721446455736,2.1014018313634457,73080,3000,365400,0.005025,1.474E-4,0.14445180000000002,2.9702970297029703
2,concentrated,mixture,63196,257802099,Fitted,2.970106205271985,17491.278436447472,3.0480298990806634,63196,3000,315980,0.0050168,0.025445500000000003,0.16615880000000002,2.9702970297029703
2,hierarchical,mh,46584,257802099,Completed,0.9712483581109048,NaN,1.009902579315135,46584,1000,0,0.0,0.0,0.0912912,0.9803921568627451
2,hierarchical,legacy,43792,257802099,Completed,0.9810787767874835,NaN,NaN,43792,0,0,0.0,0.0,0.0793012,0.9803921568627451
2,hierarchical,prior,34824,257802099,Completed,0.9808884694171226,3022.8780284142344,NaN,34824,0,348240,0.0,0.0,0.06996440000000001,0.9803921568627451
2,hierarchical,single,29384,257802099,Fitted,0.9810669713987186,13722.95859479976,1.156685124952881,29384,3000,235072,0.0050799,1.4230000000000002E-4,0.0705369,0.9803921568627451
2,hierarchical,mixture,11160,257802099,IterationLimit,NaN,NaN,1.3762523702266023,0,3000,0,0.0053067,0.07017570000000001,0.07555210000000001,0.9803921568627451
2,hierarchical,mh,94824,257802099,Completed,0.9828229288970405,NaN,1.003376268718041,94824,1000,0,0.0,0.0,0.19261830000000002,0.9803921568627451
2,hierarchical,legacy,87804,257802099,Completed,0.9802861819308711,NaN,NaN,87804,0,0,0.0,0.0,0.1519614,0.9803921568627451
2,hierarchical,prior,69696,257802099,Completed,0.9810490886301066,6018.557172251711,NaN,69696,0,627264,0.0,0.0,0.1389533,0.9803921568627451
2,hierarchical,single,61512,257802099,Fitted,0.9809862800454575,31825.027797845574,1.131548106601595,61512,3000,615120,0.0049363,1.377E-4,0.151152,0.9803921568627451
2,hierarchical,mixture,41528,257802099,Fitted,0.9801945519760783,19083.08196955806,1.1389839742691577,41528,3000,373752,0.0055461,0.0397406,0.15291580000000002,0.9803921568627451
2,mixture,mh,42832,257802099,Completed,0.6332181546507285,NaN,1.0005307212849268,42832,1000,0,0.0,0.0,0.08581530000000001,0.631578947368421
2,mixture,legacy,102232,257802099,Completed,0.6351310512269644,NaN,NaN,102232,0,0,0.0,0.0,0.07925360000000001,0.631578947368421
2,mixture,prior,47620,257802099,Completed,0.6372795141361539,31326.942985126985,NaN,47620,0,238100,0.0,0.0,0.07334260000000001,0.631578947368421
2,mixture,single,35864,257802099,Fitted,0.6247374848034061,6150.9893218705965,1.0083860142592935,35864,3000,179320,0.0051563,1.561E-4,0.072757,0.631578947368421
2,mixture,mixture,29192,257802099,Fitted,0.6304537413434295,27563.82551334136,1.0020803813693102,29192,3000,204344,0.0050924,0.0036094,0.07481360000000001,0.631578947368421
2,mixture,mh,86692,257802099,Completed,0.6297351543395008,NaN,1.0001606873346987,86692,1000,0,0.0,0.0,0.1791973,0.631578947368421
2,mixture,legacy,204768,257802099,Completed,0.6340034015697601,NaN,NaN,204768,0,0,0.0,0.0,0.15873900000000002,0.631578947368421
2,mixture,prior,95408,257802099,Completed,0.635650156581806,62723.11891701009,NaN,95408,0,477040,0.0,0.0,0.14616790000000002,0.631578947368421
2,mixture,single,74768,257802099,Fitted,0.629957678159816,12971.836472622694,1.0083860142592935,74768,3000,373840,0.005382700000000001,1.3000000000000002E-4,0.1469511,0.631578947368421
2,mixture,mixture,62548,257802099,Fitted,0.6312056365858183,59048.110926562236,1.0020803813693102,62548,3000,437836,0.0049735000000000005,0.004044900000000001,0.15124100000000001,0.631578947368421
2,concentrated,legacy,58112,273287962,Completed,2.9639873227334035,NaN,NaN,58112,0,0,0.0,0.0,0.08900190000000001,2.9702970297029703
2,concentrated,prior,44100,273287962,Completed,2.9558361415092005,74.27541898352526,NaN,44100,0,264600,0.0,0.0,0.073175,2.9702970297029703
2,concentrated,single,35104,273287962,Fitted,2.9701792522607615,12016.97194349715,3.4847245148479296,35104,3000,175520,0.005205100000000001,1.359E-4,0.0724277,2.9702970297029703
2,concentrated,mixture,23168,273287962,Fitted,2.9727302154217514,2158.89587029664,8.008972014298514,23168,3000,115840,0.0048265,0.008237300000000001,0.0642736,2.9702970297029703
2,concentrated,mh,45744,273287962,Completed,2.939457592932488,NaN,1.1534610897266568,45744,1000,0,0.0,0.0,0.0885687,2.9702970297029703
2,concentrated,legacy,116584,273287962,Completed,2.9708432199272443,NaN,NaN,116584,0,0,0.0,0.0,0.16845860000000001,2.9702970297029703
2,concentrated,prior,88416,273287962,Completed,2.9695228551223716,144.1442123891548,NaN,88416,0,442080,0.0,0.0,0.14534350000000001,2.9702970297029703
2,concentrated,single,73080,273287962,Fitted,2.9703004003999434,25151.065601276427,3.4847245148479296,73080,3000,438480,0.0050079,1.363E-4,0.1450533,2.9702970297029703
2,concentrated,mixture,63196,273287962,Fitted,2.972827195568898,5762.828481422171,8.008972014298514,63196,3000,379176,0.0051896,0.0086415,0.1524542,2.9702970297029703
2,concentrated,mh,92732,273287962,Completed,2.9684664287093327,NaN,1.0792876013402959,92732,1000,0,0.0,0.0,0.1886045,2.9702970297029703
2,hierarchical,legacy,43792,273287962,Completed,0.9775250869215312,NaN,NaN,43792,0,0,0.0,0.0,0.0839711,0.9803921568627451
2,hierarchical,prior,34824,273287962,Completed,0.9777797389227857,2975.955018446044,NaN,34824,0,348240,0.0,0.0,0.07156380000000001,0.9803921568627451
2,hierarchical,single,29384,273287962,Fitted,0.9804259389382146,15538.877194091723,1.2619918436924626,29384,3000,235072,0.0053121,1.325E-4,0.0729055,0.9803921568627451
2,hierarchical,mixture,11160,273287962,Fitted,0.9827722102793163,5414.973814710902,1.1032549754354413,11160,3000,111600,0.0056626,0.0190044,0.054360200000000004,0.9803921568627451
2,hierarchical,mh,46584,273287962,Completed,0.9815257449020709,NaN,1.0074817816899257,46584,1000,0,0.0,0.0,0.09239220000000001,0.9803921568627451
2,hierarchical,legacy,87804,273287962,Completed,0.9776251940073314,NaN,NaN,87804,0,0,0.0,0.0,0.1665648,0.9803921568627451
2,hierarchical,prior,69696,273287962,Completed,0.9787813486584938,5932.789319331266,NaN,69696,0,557568,0.0,0.0,0.1391532,0.9803921568627451
2,hierarchical,single,61512,273287962,Fitted,0.980407164019055,33013.475254315876,1.163898221737133,61512,3000,492096,0.0057129,1.6600000000000002E-4,0.1444361,0.9803921568627451
2,hierarchical,mixture,41528,273287962,IterationLimit,NaN,NaN,1.0665383144939196,0,3000,0,0.005008100000000001,0.0735393,0.0786163,0.9803921568627451
2,hierarchical,mh,94824,273287962,Completed,0.9808855152263254,NaN,1.0038978673965544,94824,1000,0,0.0,0.0,0.20585710000000002,0.9803921568627451
2,mixture,legacy,102232,273287962,Completed,0.6332052678075551,NaN,NaN,102232,0,0,0.0,0.0,0.08461060000000001,0.631578947368421
2,mixture,prior,47620,273287962,Completed,0.6349136508635905,31297.110993310616,NaN,47620,0,333340,0.0,0.0,0.080969,0.631578947368421
2,mixture,single,35864,273287962,Fitted,0.6317272357576232,6164.595596085317,1.0052448060265256,35864,3000,251048,0.005152,1.4140000000000002E-4,0.0759765,0.631578947368421
2,mixture,mixture,29192,273287962,Fitted,0.6342085300496489,27301.314095373225,1.000824919453022,29192,3000,175152,0.0052604,0.004028,0.074283,0.631578947368421
2,mixture,mh,42832,273287962,Completed,0.6340353007097497,NaN,1.0001147406281794,42832,1000,0,0.0,0.0,0.08494420000000001,0.631578947368421
2,mixture,legacy,204768,273287962,Completed,0.6330078260267997,NaN,NaN,204768,0,0,0.0,0.0,0.1681862,0.631578947368421
2,mixture,prior,95408,273287962,Completed,0.6329651937410685,62656.27543693901,NaN,95408,0,572448,0.0,0.0,0.149396,0.631578947368421
2,mixture,single,74768,273287962,Fitted,0.6324965479514841,12827.734711734383,1.0052448060265256,74768,3000,448608,0.0053309,1.7020000000000002E-4,0.150457,0.631578947368421
2,mixture,mixture,62548,273287962,Fitted,0.6323805940035143,58484.39727422141,1.000824919453022,62548,3000,375288,0.0054971,0.0035496000000000004,0.14644790000000002,0.631578947368421
2,mixture,mh,86692,273287962,Completed,0.6326189267752503,NaN,1.000089335259681,86692,1000,0,0.0,0.0,0.1774028,0.631578947368421
2,concentrated,prior,44100,288773825,Completed,2.972490343532869,70.01875244491733,NaN,44100,0,220500,0.0,0.0,0.07003150000000001,2.9702970297029703
2,concentrated,single,35104,288773825,Fitted,2.970985840759802,15072.01391605799,2.968279930700616,35104,3000,210624,0.0054999,1.4120000000000002E-4,0.0724747,2.9702970297029703
2,concentrated,mixture,23168,288773825,Fitted,2.970877389639828,15281.415872588123,2.3317322023904854,23168,3000,139008,0.0054613000000000005,0.0113586,0.0680618,2.9702970297029703
2,concentrated,mh,45744,288773825,Completed,2.9537379831187494,NaN,1.0895035404915954,45744,1000,0,0.0,0.0,0.0848165,2.9702970297029703
2,concentrated,legacy,58112,288773825,Completed,2.9716525135741048,NaN,NaN,58112,0,0,0.0,0.0,0.0839322,2.9702970297029703
2,concentrated,prior,88416,288773825,Completed,2.9649592506208906,136.57808598783797,NaN,88416,0,530496,0.0,0.0,0.15305960000000002,2.9702970297029703
2,concentrated,single,73080,288773825,Fitted,2.9709077373843202,31216.26503303702,2.968279930700616,73080,3000,365400,0.004837200000000001,1.4340000000000002E-4,0.1445726,2.9702970297029703
2,concentrated,mixture,63196,288773825,Fitted,2.9707279807366085,41771.02576621313,2.3317322023904854,63196,3000,315980,0.0052883,0.011589200000000001,0.154509,2.9702970297029703
2,concentrated,mh,92732,288773825,Completed,2.9614093089068496,NaN,1.1100117514471914,92732,1000,0,0.0,0.0,0.18307340000000003,2.9702970297029703
2,concentrated,legacy,116584,288773825,Completed,2.9689129386218878,NaN,NaN,116584,0,0,0.0,0.0,0.1767556,2.9702970297029703
2,hierarchical,prior,34824,288773825,Completed,0.979630305459046,2958.565225903851,NaN,34824,0,278592,0.0,0.0,0.06832780000000001,0.9803921568627451
2,hierarchical,single,29384,288773825,Fitted,0.9803734344636098,13802.199139049733,1.295084740336872,29384,3000,293840,0.0053173000000000005,1.3790000000000002E-4,0.0736048,0.9803921568627451
2,hierarchical,mixture,11160,288773825,IterationLimit,NaN,NaN,1.4830964480908997,0,3000,0,0.0050206,0.0676883,0.07278380000000001,0.9803921568627451
2,hierarchical,mh,46584,288773825,Completed,0.9795495471881258,NaN,1.0101183356272245,46584,1000,0,0.0,0.0,0.09045,0.9803921568627451
2,hierarchical,legacy,43792,288773825,Completed,0.9796119532298734,NaN,NaN,43792,0,0,0.0,0.0,0.0975729,0.9803921568627451
2,hierarchical,prior,69696,288773825,Completed,0.980200601839043,5860.643449281404,NaN,69696,0,557568,0.0,0.0,0.1338279,0.9803921568627451
2,hierarchical,single,61512,288773825,Fitted,0.9812300142078454,31975.106817918255,1.2874304983833025,61512,3000,553608,0.005393,1.306E-4,0.1431055,0.9803921568627451
2,hierarchical,mixture,41528,288773825,Fitted,0.979945375536013,19594.35717610628,1.2825663151408402,41528,3000,332224,0.0050596,0.059278300000000006,0.170041,0.9803921568627451
2,hierarchical,mh,94824,288773825,Completed,0.9824684825294048,NaN,1.0067631424604624,94824,1000,0,0.0,0.0,0.19404990000000003,0.9803921568627451
2,hierarchical,legacy,87804,288773825,Completed,0.9801948558609159,NaN,NaN,87804,0,0,0.0,0.0,0.160473,0.9803921568627451
2,mixture,prior,47620,288773825,Completed,0.6281652598846287,31215.16094257626,NaN,47620,0,333340,0.0,0.0,0.07780540000000001,0.631578947368421
2,mixture,single,35864,288773825,Fitted,0.6243943122166915,6213.32511079531,1.0058510696591771,35864,3000,215184,0.006438800000000001,1.396E-4,0.0766576,0.631578947368421
2,mixture,mixture,29192,288773825,Fitted,0.6323346075124333,27472.531972633857,1.003525859083602,29192,3000,145960,0.005704900000000001,0.0040022,0.07378720000000001,0.631578947368421
2,mixture,mh,42832,288773825,Completed,0.6305799402316026,NaN,1.0003879615384108,42832,1000,0,0.0,0.0,0.08443160000000001,0.631578947368421
2,mixture,legacy,102232,288773825,Completed,0.628917816926459,NaN,NaN,102232,0,0,0.0,0.0,0.0670312,0.631578947368421
2,mixture,prior,95408,288773825,Completed,0.6288109967162533,62555.75674765464,NaN,95408,0,477040,0.0,0.0,0.144521,0.631578947368421
2,mixture,single,74768,288773825,Fitted,0.6308294495448603,12927.835806420564,1.0058510696591771,74768,3000,373840,0.0049936,1.317E-4,0.1450509,0.631578947368421
2,mixture,mixture,62548,288773825,Fitted,0.6321797042874125,58866.375800352,1.003525859083602,62548,3000,312740,0.0054307,0.0034077,0.1397766,0.631578947368421
2,mixture,mh,86692,288773825,Completed,0.6309348036727725,NaN,1.00016855645146,86692,1000,0,0.0,0.0,0.1829219,0.631578947368421
2,mixture,legacy,204768,288773825,Completed,0.6304168726314701,NaN,NaN,204768,0,0,0.0,0.0,0.13257940000000001,0.631578947368421
2,concentrated,single,35104,304259688,Fitted,2.9696983600935756,13608.292933486639,1.932277825402883,35104,3000,175520,0.0048744,1.4670000000000002E-4,0.0704565,2.9702970297029703
2,concentrated,mixture,23168,304259688,Fitted,2.9703142733348433,13021.114777313165,2.6459592794596114,23168,3000,115840,0.005081700000000001,0.0068731,0.0622588,2.9702970297029703
2,concentrated,mh,45744,304259688,Completed,2.966917655802167,NaN,1.0937590746423522,45744,1000,0,0.0,0.0,0.08585670000000001,2.9702970297029703
2,concentrated,legacy,58112,304259688,Completed,2.9617634396698267,NaN,NaN,58112,0,0,0.0,0.0,0.0774947,2.9702970297029703
2,concentrated,prior,44100,304259688,Completed,2.9621731915690104,73.18930007036259,NaN,44100,0,264600,0.0,0.0,0.0697971,2.9702970297029703
2,concentrated,single,73080,304259688,Fitted,2.970040849815301,28278.079888782635,1.932277825402883,73080,3000,438480,0.004670700000000001,1.3440000000000001E-4,0.1407601,2.9702970297029703
2,concentrated,mixture,63196,304259688,Fitted,2.9697546406963182,35459.58672383064,2.6459592794596114,63196,3000,315980,0.0047384,0.006655500000000001,0.14918510000000001,2.9702970297029703
2,concentrated,mh,92732,304259688,Completed,2.9669250704589416,NaN,1.042668509504779,92732,1000,0,0.0,0.0,0.17941100000000001,2.9702970297029703
2,concentrated,legacy,116584,304259688,Completed,2.9663783184414227,NaN,NaN,116584,0,0,0.0,0.0,0.16279000000000002,2.9702970297029703
2,concentrated,prior,88416,304259688,Completed,2.9656626206111834,146.4457533130201,NaN,88416,0,530496,0.0,0.0,0.1401717,2.9702970297029703
2,hierarchical,single,29384,304259688,Fitted,0.9813488463071401,15263.597606314177,1.103858016558894,29384,3000,235072,0.0052541,1.404E-4,0.07221430000000001,0.9803921568627451
2,hierarchical,mixture,11160,304259688,IterationLimit,NaN,NaN,1.1373082751369024,0,3000,0,0.0051208,0.0669878,0.07217330000000001,0.9803921568627451
2,hierarchical,mh,46584,304259688,Completed,0.9808180611719209,NaN,1.0079459429240774,46584,1000,0,0.0,0.0,0.09883560000000001,0.9803921568627451
2,hierarchical,legacy,43792,304259688,Completed,0.9810972716617009,NaN,NaN,43792,0,0,0.0,0.0,0.07526880000000001,0.9803921568627451
2,hierarchical,prior,34824,304259688,Completed,0.9795185875298813,2992.608807231265,NaN,34824,0,348240,0.0,0.0,0.068302,0.9803921568627451
2,hierarchical,single,61512,304259688,Fitted,0.9814336434594234,31166.231557192245,1.3869062770137914,61512,3000,615120,0.0057199,1.465E-4,0.1460912,0.9803921568627451
2,hierarchical,mixture,41528,304259688,Fitted,0.9775199134829221,21040.300813435606,1.1166218032108557,41528,3000,373752,0.005654500000000001,0.0210428,0.1336475,0.9803921568627451
2,hierarchical,mh,94824,304259688,Completed,0.9833669571104888,NaN,1.0017235550691619,94824,1000,0,0.0,0.0,0.1898197,0.9803921568627451
2,hierarchical,legacy,87804,304259688,Completed,0.9816044347303021,NaN,NaN,87804,0,0,0.0,0.0,0.1595047,0.9803921568627451
2,hierarchical,prior,69696,304259688,Completed,0.9819094134041306,6015.920733576007,NaN,69696,0,627264,0.0,0.0,0.1358292,0.9803921568627451
2,mixture,single,35864,304259688,Fitted,0.6351898035030021,6240.868860756449,1.0088188339535662,35864,3000,215184,0.0056302,1.51E-4,0.0734847,0.631578947368421
2,mixture,mixture,29192,304259688,Fitted,0.630645023990059,27654.577694384447,1.0099002886549397,29192,3000,204344,0.0049933,0.0034858000000000003,0.0740334,0.631578947368421
2,mixture,mh,42832,304259688,Completed,0.639731976092641,NaN,1.0003431071066755,42832,1000,0,0.0,0.0,0.08616270000000001,0.631578947368421
2,mixture,legacy,102232,304259688,Completed,0.6307151472665306,NaN,NaN,102232,0,0,0.0,0.0,0.0746231,0.631578947368421
2,mixture,prior,47620,304259688,Completed,0.6314625869140814,31254.623595003308,NaN,47620,0,238100,0.0,0.0,0.0727366,0.631578947368421
2,mixture,single,74768,304259688,Fitted,0.633049741505866,12996.974161306884,1.0088188339535662,74768,3000,448608,0.005388400000000001,1.354E-4,0.1499763,0.631578947368421
2,mixture,mixture,62548,304259688,Fitted,0.6303212289326223,59252.14752354726,1.0099002886549397,62548,3000,437836,0.005533700000000001,0.0042534,0.14834070000000002,0.631578947368421
2,mixture,mh,86692,304259688,Completed,0.635018225441794,NaN,1.0000876278653446,86692,1000,0,0.0,0.0,0.1776484,0.631578947368421
2,mixture,legacy,204768,304259688,Completed,0.6304603027495211,NaN,NaN,204768,0,0,0.0,0.0,0.1503814,0.631578947368421
2,mixture,prior,95408,304259688,Completed,0.6304692550376592,62595.46030961488,NaN,95408,0,477040,0.0,0.0,0.1426888,0.631578947368421
2,concentrated,mixture,23168,319745551,IterationLimit,NaN,NaN,1.7018239203091152,0,3000,0,0.004895,0.0672711,0.07224,2.9702970297029703
2,concentrated,mh,45744,319745551,Completed,2.962018199977834,NaN,1.2531843924603097,45744,1000,0,0.0,0.0,0.0911702,2.9702970297029703
2,concentrated,legacy,58112,319745551,Completed,2.9756395041099193,NaN,NaN,58112,0,0,0.0,0.0,0.0797287,2.9702970297029703
2,concentrated,prior,44100,319745551,Completed,2.9788567367912595,67.73292106101896,NaN,44100,0,264600,0.0,0.0,0.07056180000000001,2.9702970297029703
2,concentrated,single,35104,319745551,Fitted,2.9693188161373194,12853.587954037344,1.7018239203091152,35104,3000,175520,0.0047333,1.3120000000000002E-4,0.0706286,2.9702970297029703
2,concentrated,mixture,63196,319745551,Fitted,2.970195729647494,29895.932941323845,2.333637345253282,63196,3000,315980,0.0055185,0.024674400000000003,0.1669534,2.9702970297029703
2,concentrated,mh,92732,319745551,Completed,2.960558698182418,NaN,1.1138028649431637,92732,1000,0,0.0,0.0,0.1789105,2.9702970297029703
2,concentrated,legacy,116584,319745551,Completed,2.97875997343968,NaN,NaN,116584,0,0,0.0,0.0,0.1719735,2.9702970297029703
2,concentrated,prior,88416,319745551,Completed,2.9765989413909404,166.04226369297558,NaN,88416,0,530496,0.0,0.0,0.13973470000000002,2.9702970297029703
2,concentrated,single,73080,319745551,Fitted,2.9697546710715383,26691.222568254892,1.7018239203091152,73080,3000,365400,0.0050869,1.242E-4,0.13844340000000002,2.9702970297029703
2,hierarchical,mixture,11160,319745551,Fitted,0.9805722370648716,4764.138067154214,1.1313276448535339,11160,3000,100440,0.005674800000000001,0.058007800000000005,0.09327490000000001,0.9803921568627451
2,hierarchical,mh,46584,319745551,Completed,0.9700540491658259,NaN,1.0070262704134685,46584,1000,0,0.0,0.0,0.0911807,0.9803921568627451
2,hierarchical,legacy,43792,319745551,Completed,0.9816569077517319,NaN,NaN,43792,0,0,0.0,0.0,0.0690153,0.9803921568627451
2,hierarchical,prior,34824,319745551,Completed,0.9820382609399104,2975.9973895806356,NaN,34824,0,313416,0.0,0.0,0.0694119,0.9803921568627451
2,hierarchical,single,29384,319745551,Fitted,0.9816725879071416,15539.89725830506,1.328573804869865,29384,3000,293840,0.004949800000000001,1.295E-4,0.0715712,0.9803921568627451
2,hierarchical,mixture,41528,319745551,Fitted,0.9832698008873385,20017.305908634185,1.4816687186137152,41528,3000,415280,0.0053804000000000005,0.016816400000000002,0.1288356,0.9803921568627451
2,hierarchical,mh,94824,319745551,Completed,0.9792505558437353,NaN,1.0023782991408061,94824,1000,0,0.0,0.0,0.1890707,0.9803921568627451
2,hierarchical,legacy,87804,319745551,Completed,0.9809486573640669,NaN,NaN,87804,0,0,0.0,0.0,0.1610124,0.9803921568627451
2,hierarchical,prior,69696,319745551,Completed,0.980051306673163,6045.559497092964,NaN,69696,0,627264,0.0,0.0,0.1373357,0.9803921568627451
2,hierarchical,single,61512,319745551,Fitted,0.981770191400055,32666.89318917794,1.1608718303950758,61512,3000,615120,0.0051265,1.573E-4,0.154817,0.9803921568627451
2,mixture,mixture,29192,319745551,Fitted,0.6304551032903895,28314.25897706362,1.002127661061455,29192,3000,145960,0.005140700000000001,0.0041833,0.0787028,0.631578947368421
2,mixture,mh,42832,319745551,Completed,0.6316305565932013,NaN,1.000177489978134,42832,1000,0,0.0,0.0,0.08401560000000001,0.631578947368421
2,mixture,legacy,102232,319745551,Completed,0.631659142502677,NaN,NaN,102232,0,0,0.0,0.0,0.0685408,0.631578947368421
2,mixture,prior,47620,319745551,Completed,0.6339674182427538,31285.340452817,NaN,47620,0,238100,0.0,0.0,0.070866,0.631578947368421
2,mixture,single,35864,319745551,Fitted,0.6242980898819278,6203.010405515976,1.005109237430172,35864,3000,179320,0.0050528000000000005,1.316E-4,0.0712622,0.631578947368421
2,mixture,mixture,62548,319745551,Fitted,0.6303332162275993,60638.56791663872,1.002127661061455,62548,3000,312740,0.0057846,0.0034750000000000002,0.14199900000000001,0.631578947368421
2,mixture,mh,86692,319745551,Completed,0.6318576108522125,NaN,1.0000098809473923,86692,1000,0,0.0,0.0,0.1873101,0.631578947368421
2,mixture,legacy,204768,319745551,Completed,0.6323011349048504,NaN,NaN,204768,0,0,0.0,0.0,0.1362926,0.631578947368421
2,mixture,prior,95408,319745551,Completed,0.6316207539470505,62623.35945645199,NaN,95408,0,477040,0.0,0.0,0.1414195,0.631578947368421
2,mixture,single,74768,319745551,Fitted,0.6269035706204685,12994.2874275485,1.005109237430172,74768,3000,373840,0.0053503000000000005,1.348E-4,0.1456107,0.631578947368421
2,concentrated,mh,45744,335231414,Completed,2.9831530428366815,NaN,1.0862840192343663,45744,1000,0,0.0,0.0,0.08854290000000001,2.9702970297029703
2,concentrated,legacy,58112,335231414,Completed,2.9770298893952667,NaN,NaN,58112,0,0,0.0,0.0,0.08278010000000001,2.9702970297029703
2,concentrated,prior,44100,335231414,Completed,2.977668157025206,66.63554994967737,NaN,44100,0,220500,0.0,0.0,0.0721837,2.9702970297029703
2,concentrated,single,35104,335231414,Fitted,2.970603088812739,10999.138735246699,3.306699775306637,35104,3000,210624,0.004599300000000001,1.232E-4,0.0719472,2.9702970297029703
2,concentrated,mixture,23168,335231414,IterationLimit,NaN,NaN,4.978920953354645,0,3000,0,0.0052433,0.0683092,0.0736257,2.9702970297029703
2,concentrated,mh,92732,335231414,Completed,2.942158790497156,NaN,1.0548726932429253,92732,1000,0,0.0,0.0,0.1816222,2.9702970297029703
2,concentrated,legacy,116584,335231414,Completed,2.9737462632958342,NaN,NaN,116584,0,0,0.0,0.0,0.1888353,2.9702970297029703
2,concentrated,prior,88416,335231414,Completed,2.974694482848284,139.99864067987917,NaN,88416,0,442080,0.0,0.0,0.1491752,2.9702970297029703
2,concentrated,single,73080,335231414,Fitted,2.970089375509366,20981.567110880147,4.978920953354645,73080,3000,365400,0.005207600000000001,1.483E-4,0.1438596,2.9702970297029703
2,concentrated,mixture,63196,335231414,Fitted,2.9702238888553967,31747.73083727509,3.306699775306637,63196,3000,315980,0.0046068,0.0071852,0.14933280000000002,2.9702970297029703
2,hierarchical,mh,46584,335231414,Completed,0.9760761120514434,NaN,1.0056612940941763,46584,1000,0,0.0,0.0,0.0966081,0.9803921568627451
2,hierarchical,legacy,43792,335231414,Completed,0.9790271651737532,NaN,NaN,43792,0,0,0.0,0.0,0.0898341,0.9803921568627451
2,hierarchical,prior,34824,335231414,Completed,0.9782567596932958,2924.301466463103,NaN,34824,0,313416,0.0,0.0,0.0741574,0.9803921568627451
2,hierarchical,single,29384,335231414,Fitted,0.9802492619744934,14559.628983997936,1.185265620010913,29384,3000,264456,0.0051733000000000005,1.24E-4,0.07066030000000001,0.9803921568627451
2,hierarchical,mixture,11160,335231414,IterationLimit,NaN,NaN,1.252004037750635,0,3000,0,0.0054793,0.0685611,0.07410080000000001,0.9803921568627451
2,hierarchical,mh,94824,335231414,Completed,0.9746829927327156,NaN,1.0015464281678004,94824,1000,0,0.0,0.0,0.1929684,0.9803921568627451
2,hierarchical,legacy,87804,335231414,Completed,0.97974540546745,NaN,NaN,87804,0,0,0.0,0.0,0.1565312,0.9803921568627451
2,hierarchical,prior,69696,335231414,Completed,0.9799115980582788,5929.518611422573,NaN,69696,0,627264,0.0,0.0,0.1415915,0.9803921568627451
2,hierarchical,single,61512,335231414,Fitted,0.9804896663582677,32691.276004228817,1.4478079784160298,61512,3000,492096,0.0051146,1.228E-4,0.14142860000000002,0.9803921568627451
2,hierarchical,mixture,41528,335231414,Fitted,0.9801249370617873,20790.939418281152,1.2620246651025644,41528,3000,373752,0.006172,0.0311464,0.140444,0.9803921568627451
2,mixture,mh,42832,335231414,Completed,0.6262140455734031,NaN,1.0003426292152862,42832,1000,0,0.0,0.0,0.0850538,0.631578947368421
2,mixture,legacy,102232,335231414,Completed,0.6308889461478967,NaN,NaN,102232,0,0,0.0,0.0,0.09501520000000001,0.631578947368421
2,mixture,prior,47620,335231414,Completed,0.6306936390596081,31245.322170373063,NaN,47620,0,285720,0.0,0.0,0.07558730000000001,0.631578947368421
2,mixture,single,35864,335231414,Fitted,0.6306204312260367,6216.331043590156,1.0083802994604834,35864,3000,215184,0.0061446,1.2020000000000001E-4,0.07459120000000001,0.631578947368421
2,mixture,mixture,29192,335231414,Fitted,0.6323332980899297,27646.089146391474,1.0025849977204506,29192,3000,204344,0.0052477,0.0036921000000000002,0.0745401,0.631578947368421
2,mixture,mh,86692,335231414,Completed,0.627774189083191,NaN,1.0000154003989712,86692,1000,0,0.0,0.0,0.17990130000000001,0.631578947368421
2,mixture,legacy,204768,335231414,Completed,0.6313169492485097,NaN,NaN,204768,0,0,0.0,0.0,0.16467600000000002,0.631578947368421
2,mixture,prior,95408,335231414,Completed,0.6309116911368634,62606.147954729924,NaN,95408,0,667856,0.0,0.0,0.1557579,0.631578947368421
2,mixture,single,74768,335231414,Fitted,0.6294236635485679,13024.575062492951,1.0083802994604834,74768,3000,523376,0.005634800000000001,1.4120000000000002E-4,0.1537465,0.631578947368421
2,mixture,mixture,62548,335231414,Fitted,0.6312188586647481,59181.9076026304,1.0025849977204506,62548,3000,437836,0.0054292,0.0038770000000000002,0.1501028,0.631578947368421
3,concentrated,legacy,58112,41000017,Completed,2.969097466444833,NaN,NaN,58112,0,0,0.0,0.0,0.1331389,2.9702970297029703
3,concentrated,prior,44100,41000017,Completed,2.9720445673478086,77.58155698799526,NaN,44100,0,220500,0.0,0.0,0.10149290000000001,2.9702970297029703
3,concentrated,single,35104,41000017,Fitted,2.9705082251577988,13776.127887713325,2.024618357459464,35104,3000,210624,0.0104536,4.82E-4,0.13791,2.9702970297029703
3,concentrated,mixture,23168,41000017,Fitted,2.970251008759608,11830.559673764204,2.0493905269478194,23168,3000,115840,0.0125223,0.012422200000000001,0.0866823,2.9702970297029703
3,concentrated,mh,45744,41000017,Completed,2.9521644750172804,NaN,1.2270403772868346,45744,1000,0,0.0,0.0,0.11199740000000001,2.9702970297029703
3,concentrated,legacy,116584,41000017,Completed,2.9644459569375816,NaN,NaN,116584,0,0,0.0,0.0,0.1753115,2.9702970297029703
3,concentrated,prior,88416,41000017,Completed,2.9611782460543994,158.79905627101624,NaN,88416,0,442080,0.0,0.0,0.1606072,2.9702970297029703
3,concentrated,single,73080,41000017,Fitted,2.9700317492345816,28741.595796671325,2.024618357459464,73080,3000,438480,0.008751,2.968E-4,0.1484714,2.9702970297029703
3,concentrated,mixture,63196,41000017,Fitted,2.970118560073561,32254.423122569453,2.0493905269478194,63196,3000,379176,0.005809300000000001,0.0107915,0.1584179,2.9702970297029703
3,concentrated,mh,92732,41000017,Completed,2.9587780219346116,NaN,1.1553594870101473,92732,1000,0,0.0,0.0,0.18432810000000002,2.9702970297029703
3,hierarchical,legacy,43792,41000017,Completed,0.9806602658783536,NaN,NaN,43792,0,0,0.0,0.0,0.11575270000000001,0.9803921568627451
3,hierarchical,prior,34824,41000017,Completed,0.9817838722950741,2949.5029205372484,NaN,34824,0,313416,0.0,0.0,0.068278,0.9803921568627451
3,hierarchical,single,29384,41000017,Fitted,0.9802841679594806,15468.458923087534,1.1194850414265196,29384,3000,264456,0.0084259,2.965E-4,0.07890230000000001,0.9803921568627451
3,hierarchical,mixture,11160,41000017,IterationLimit,NaN,NaN,1.1746608005181978,0,3000,0,0.0074774,0.0888148,0.0965487,0.9803921568627451
3,hierarchical,mh,46584,41000017,Completed,0.9741979634817279,NaN,1.0068963369670478,46584,1000,0,0.0,0.0,0.1030702,0.9803921568627451
3,hierarchical,legacy,87804,41000017,Completed,0.9805125804196272,NaN,NaN,87804,0,0,0.0,0.0,0.1770894,0.9803921568627451
3,hierarchical,prior,69696,41000017,Completed,0.9797263767679324,5843.809614236681,NaN,69696,0,627264,0.0,0.0,0.14749330000000002,0.9803921568627451
3,hierarchical,single,61512,41000017,Fitted,0.980240652217179,32494.042145386236,1.1175268734014023,61512,3000,553608,0.007105200000000001,3.0930000000000004E-4,0.1627036,0.9803921568627451
3,hierarchical,mixture,41528,41000017,Fitted,0.9866677092981313,14280.04267052121,1.150316616286349,41528,3000,415280,0.0061506,0.0408958,0.1563969,0.9803921568627451
3,hierarchical,mh,94824,41000017,Completed,0.9760148012969536,NaN,1.002907439243157,94824,1000,0,0.0,0.0,0.1910755,0.9803921568627451
3,mixture,legacy,102232,41000017,Completed,0.6275281422491521,NaN,NaN,102232,0,0,0.0,0.0,0.0864347,0.631578947368421
3,mixture,prior,47620,41000017,Completed,0.6235061319858067,31161.270426270377,NaN,47620,0,238100,0.0,0.0,0.0783289,0.631578947368421
3,mixture,single,35864,41000017,Fitted,0.6320784670946473,6258.952476447698,1.0043717323219294,35864,3000,179320,0.0064294,2.997E-4,0.0759538,0.631578947368421
3,mixture,mixture,29192,41000017,Fitted,0.6305132510367294,28102.38551348558,1.0067448461955986,29192,3000,145960,0.0055868,0.004889500000000001,0.0746651,0.631578947368421
3,mixture,mh,42832,41000017,Completed,0.6381210310048562,NaN,1.0002235610081804,42832,1000,0,0.0,0.0,0.0897092,0.631578947368421
3,mixture,legacy,204768,41000017,Completed,0.6295308137873556,NaN,NaN,204768,0,0,0.0,0.0,0.1679863,0.631578947368421
3,mixture,prior,95408,41000017,Completed,0.6275445380857074,62525.80942260364,NaN,95408,0,667856,0.0,0.0,0.16158450000000002,0.631578947368421
3,mixture,single,74768,41000017,Fitted,0.6259853555265816,12955.697974547353,1.0043717323219294,74768,3000,448608,0.0055944,2.875E-4,0.1548315,0.631578947368421
3,mixture,mixture,62548,41000017,Fitted,0.6317396779334823,60195.70674885181,1.0067448461955986,62548,3000,312740,0.0056641,0.0044955,0.14715920000000002,0.631578947368421
3,mixture,mh,86692,41000017,Completed,0.6376828311724265,NaN,1.0000784199748276,86692,1000,0,0.0,0.0,0.18401930000000002,0.631578947368421
3,concentrated,prior,44100,56485880,Completed,2.9600387806979573,64.97140632277024,NaN,44100,0,220500,0.0,0.0,0.0742714,2.9702970297029703
3,concentrated,single,35104,56485880,Fitted,2.9706527755096084,19607.941635250172,3.5611076376080235,35104,3000,175520,0.005397300000000001,2.798E-4,0.0733482,2.9702970297029703
3,concentrated,mixture,23168,56485880,Fitted,2.9705294673367706,11709.454375220603,2.7422635699164295,23168,3000,139008,0.005437900000000001,0.06569040000000001,0.12278470000000001,2.9702970297029703
3,concentrated,mh,45744,56485880,Completed,2.9312174625178185,NaN,1.1470767905091057,45744,1000,0,0.0,0.0,0.0876563,2.9702970297029703
3,concentrated,legacy,58112,56485880,Completed,2.961804393145236,NaN,NaN,58112,0,0,0.0,0.0,0.08168500000000001,2.9702970297029703
3,concentrated,prior,88416,56485880,Completed,2.965471282374335,140.10938840645542,NaN,88416,0,530496,0.0,0.0,0.1402679,2.9702970297029703
3,concentrated,single,73080,56485880,Fitted,2.97034764416169,40754.0049181073,3.5611076376080235,73080,3000,438480,0.0058986,2.567E-4,0.1440099,2.9702970297029703
3,concentrated,mixture,63196,56485880,Fitted,2.9705376783101487,32277.494444364427,2.7422635699164295,63196,3000,379176,0.006179100000000001,0.06402010000000001,0.2084921,2.9702970297029703
3,concentrated,mh,92732,56485880,Completed,2.952274154587767,NaN,1.0886096842611441,92732,1000,0,0.0,0.0,0.182739,2.9702970297029703
3,concentrated,legacy,116584,56485880,Completed,2.965452350227736,NaN,NaN,116584,0,0,0.0,0.0,0.1653012,2.9702970297029703
3,hierarchical,prior,34824,56485880,Completed,0.9794074157856161,3037.8169217813506,NaN,34824,0,348240,0.0,0.0,0.0709674,0.9803921568627451
3,hierarchical,single,29384,56485880,Fitted,0.9820092188160616,15888.03813100417,1.1594375999586921,29384,3000,235072,0.0058951,2.7E-4,0.07576830000000001,0.9803921568627451
3,hierarchical,mixture,11160,56485880,Fitted,0.9823555984313425,4917.552198929085,1.1908141460470898,11160,3000,111600,0.005465,0.0297106,0.0646917,0.9803921568627451
3,hierarchical,mh,46584,56485880,Completed,0.9752071199213945,NaN,1.0106944109525369,46584,1000,0,0.0,0.0,0.0933634,0.9803921568627451
3,hierarchical,legacy,43792,56485880,Completed,0.9804672504507651,NaN,NaN,43792,0,0,0.0,0.0,0.078845,0.9803921568627451
3,hierarchical,prior,69696,56485880,Completed,0.9805084629250905,6085.337666101156,NaN,69696,0,696960,0.0,0.0,0.14289480000000002,0.9803921568627451
3,hierarchical,single,61512,56485880,Fitted,0.9796712159651068,30987.649736410025,1.6650533153058453,61512,3000,615120,0.005769600000000001,2.3960000000000002E-4,0.1480022,0.9803921568627451
3,hierarchical,mixture,41528,56485880,IterationLimit,NaN,NaN,1.1918922925831539,0,3000,0,0.0056601,0.074754,0.080608,0.9803921568627451
3,hierarchical,mh,94824,56485880,Completed,0.9885453430183804,NaN,1.0028861242008265,94824,1000,0,0.0,0.0,0.1917751,0.9803921568627451
3,hierarchical,legacy,87804,56485880,Completed,0.9805878871501784,NaN,NaN,87804,0,0,0.0,0.0,0.1599208,0.9803921568627451
3,mixture,prior,47620,56485880,Completed,0.62797724848903,31212.943975361588,NaN,47620,0,333340,0.0,0.0,0.0810154,0.631578947368421
3,mixture,single,35864,56485880,Fitted,0.626542920370877,6106.684392279307,1.0019522811020765,35864,3000,215184,0.0055652,2.606E-4,0.0806362,0.631578947368421
3,mixture,mixture,29192,56485880,Fitted,0.6271137977529891,27696.26385916986,1.0078200141407676,29192,3000,204344,0.005828000000000001,0.0046987,0.0779094,0.631578947368421
3,mixture,mh,42832,56485880,Completed,0.6310468808367575,NaN,1.000207579418035,42832,1000,0,0.0,0.0,0.0898763,0.631578947368421
3,mixture,legacy,102232,56485880,Completed,0.6324708979474455,NaN,NaN,102232,0,0,0.0,0.0,0.08249350000000001,0.631578947368421
3,mixture,prior,95408,56485880,Completed,0.6331039797433472,62659.694371539714,NaN,95408,0,477040,0.0,0.0,0.15052890000000002,0.631578947368421
3,mixture,single,74768,56485880,Fitted,0.6281807805868165,12704.356435311642,1.0019522811020765,74768,3000,373840,0.0056560000000000004,2.675E-4,0.15067260000000002,0.631578947368421
3,mixture,mixture,62548,56485880,Fitted,0.6313391025598998,59306.600553545795,1.0078200141407676,62548,3000,437836,0.0059728,0.004522,0.155176,0.631578947368421
3,mixture,mh,86692,56485880,Completed,0.628235592672911,NaN,1.0000585347478728,86692,1000,0,0.0,0.0,0.18616080000000002,0.631578947368421
3,mixture,legacy,204768,56485880,Completed,0.6320040072440488,NaN,NaN,204768,0,0,0.0,0.0,0.1695779,0.631578947368421
3,concentrated,single,35104,71971743,Fitted,2.9709038437779878,12328.28199219288,2.8694630947892823,35104,3000,175520,0.005402700000000001,2.608E-4,0.07199520000000001,2.9702970297029703
3,concentrated,mixture,23168,71971743,Fitted,2.97072671748434,9869.306357285692,2.7217537316031684,23168,3000,139008,0.0056497000000000006,0.0086017,0.0652572,2.9702970297029703
3,concentrated,mh,45744,71971743,Completed,2.9549477554814128,NaN,1.0723879126089644,45744,1000,0,0.0,0.0,0.0889621,2.9702970297029703
3,concentrated,legacy,58112,71971743,Completed,2.961673385900277,NaN,NaN,58112,0,0,0.0,0.0,0.08064800000000001,2.9702970297029703
3,concentrated,prior,44100,71971743,Completed,2.9536823439277886,66.05106336098548,NaN,44100,0,220500,0.0,0.0,0.0718624,2.9702970297029703
3,concentrated,single,73080,71971743,Fitted,2.9709473417852554,25818.249242878726,2.8694630947892823,73080,3000,438480,0.0057064,2.2510000000000002E-4,0.1454973,2.9702970297029703
3,concentrated,mixture,63196,71971743,Fitted,2.970524824490931,26796.49951615483,2.7217537316031684,63196,3000,379176,0.00579,0.0085828,0.1528208,2.9702970297029703
3,concentrated,mh,92732,71971743,Completed,2.9559561017173683,NaN,1.0882964080214812,92732,1000,0,0.0,0.0,0.18732020000000002,2.9702970297029703
3,concentrated,legacy,116584,71971743,Completed,2.965931030232555,NaN,NaN,116584,0,0,0.0,0.0,0.1752856,2.9702970297029703
3,concentrated,prior,88416,71971743,Completed,2.960466955971878,132.99196169412136,NaN,88416,0,530496,0.0,0.0,0.13987770000000002,2.9702970297029703
3,hierarchical,single,29384,71971743,Fitted,0.9800816314886712,13631.33811832618,1.2262859801436627,29384,3000,264456,0.006351600000000001,1.778E-4,0.0750441,0.9803921568627451
3,hierarchical,mixture,11160,71971743,Fitted,0.9798097965297535,5589.778708711905,1.232543886860709,11160,3000,111600,0.005451500000000001,0.06891330000000001,0.10386390000000001,0.9803921568627451
3,hierarchical,mh,46584,71971743,Completed,0.9806414588341433,NaN,1.0082713356385464,46584,1000,0,0.0,0.0,0.09576620000000001,0.9803921568627451
3,hierarchical,legacy,43792,71971743,Completed,0.9791881095621908,NaN,NaN,43792,0,0,0.0,0.0,0.07718190000000001,0.9803921568627451
3,hierarchical,prior,34824,71971743,Completed,0.9790600111339913,3041.902147604777,NaN,34824,0,313416,0.0,0.0,0.07025300000000001,0.9803921568627451
3,hierarchical,single,61512,71971743,Fitted,0.9806409854241287,32021.48909936456,1.4817986807468588,61512,3000,553608,0.0056302,2.2600000000000002E-4,0.146119,0.9803921568627451
3,hierarchical,mixture,41528,71971743,IterationLimit,NaN,NaN,1.2351300281445319,0,3000,0,0.006242500000000001,0.0780348,0.0844498,0.9803921568627451
3,hierarchical,mh,94824,71971743,Completed,0.973360370890779,NaN,1.0021342888338085,94824,1000,0,0.0,0.0,0.1920636,0.9803921568627451
3,hierarchical,legacy,87804,71971743,Completed,0.9812741771980165,NaN,NaN,87804,0,0,0.0,0.0,0.156843,0.9803921568627451
3,hierarchical,prior,69696,71971743,Completed,0.9810721221580169,5986.181483608209,NaN,69696,0,696960,0.0,0.0,0.13865840000000001,0.9803921568627451
3,mixture,single,35864,71971743,Fitted,0.6261799573151293,6174.214900997406,1.0101655840989692,35864,3000,215184,0.005565700000000001,1.675E-4,0.0798895,0.631578947368421
3,mixture,mixture,29192,71971743,Fitted,0.6308426659525287,27732.9762488344,1.003308658653697,29192,3000,204344,0.0054448000000000005,0.0042144,0.0777524,0.631578947368421
3,mixture,mh,42832,71971743,Completed,0.6291090773253643,NaN,1.0003682996432828,42832,1000,0,0.0,0.0,0.0898814,0.631578947368421
3,mixture,legacy,102232,71971743,Completed,0.6291252505630871,NaN,NaN,102232,0,0,0.0,0.0,0.08772490000000001,0.631578947368421
3,mixture,prior,47620,71971743,Completed,0.6257605812736337,31187.07446455441,NaN,47620,0,285720,0.0,0.0,0.07801720000000001,0.631578947368421
3,mixture,single,74768,71971743,Fitted,0.6230999999134689,12983.654847783922,1.0101655840989692,74768,3000,448608,0.0056975,1.7270000000000002E-4,0.1558681,0.631578947368421
3,mixture,mixture,62548,71971743,Fitted,0.6311558210531886,59418.44798332416,1.003308658653697,62548,3000,375288,0.0059062,0.0042327,0.15341380000000002,0.631578947368421
3,mixture,mh,86692,71971743,Completed,0.6263092326858303,NaN,1.0001848278178034,86692,1000,0,0.0,0.0,0.18438310000000002,0.631578947368421
3,mixture,legacy,204768,71971743,Completed,0.6295743534621514,NaN,NaN,204768,0,0,0.0,0.0,0.16445800000000002,0.631578947368421
3,mixture,prior,95408,71971743,Completed,0.6290450274878724,62561.32631166739,NaN,95408,0,572448,0.0,0.0,0.1556336,0.631578947368421
3,concentrated,mixture,23168,87457606,Fitted,2.9686750507790305,8455.175961400339,2.2537971368419853,23168,3000,139008,0.006003700000000001,0.006731600000000001,0.0642689,2.9702970297029703
3,concentrated,mh,45744,87457606,Completed,2.967161922717957,NaN,1.198956256531921,45744,1000,0,0.0,0.0,0.09282090000000001,2.9702970297029703
3,concentrated,legacy,58112,87457606,Completed,2.97015976894857,NaN,NaN,58112,0,0,0.0,0.0,0.0837812,2.9702970297029703
3,concentrated,prior,44100,87457606,Completed,2.9691356411834167,78.15856607905016,NaN,44100,0,220500,0.0,0.0,0.0738931,2.9702970297029703
3,concentrated,single,35104,87457606,Fitted,2.9709071423041538,17537.246500198475,2.0674523020100826,35104,3000,210624,0.0055418,1.685E-4,0.07314330000000001,2.9702970297029703
3,concentrated,mixture,63196,87457606,Fitted,2.9696305917628427,23062.586609932347,2.2537971368419853,63196,3000,315980,0.005521900000000001,0.0068712,0.1497495,2.9702970297029703
3,concentrated,mh,92732,87457606,Completed,2.9751157057532516,NaN,1.0488398970438058,92732,1000,0,0.0,0.0,0.1892549,2.9702970297029703
3,concentrated,legacy,116584,87457606,Completed,2.966065486733246,NaN,NaN,116584,0,0,0.0,0.0,0.1683852,2.9702970297029703
3,concentrated,prior,88416,87457606,Completed,2.9703521599319953,146.23083877611052,NaN,88416,0,442080,0.0,0.0,0.1420141,2.9702970297029703
3,concentrated,single,73080,87457606,Fitted,2.970834132730911,36571.43773162218,2.0674523020100826,73080,3000,365400,0.0052811,1.7160000000000002E-4,0.14389580000000002,2.9702970297029703
3,hierarchical,mixture,11160,87457606,Fitted,0.9845369808146621,5960.630562769281,1.0627343737678963,11160,3000,100440,0.0057349,0.047620800000000005,0.0833373,0.9803921568627451
3,hierarchical,mh,46584,87457606,Completed,0.9860288964828638,NaN,1.009261804176736,46584,1000,0,0.0,0.0,0.0931757,0.9803921568627451
3,hierarchical,legacy,43792,87457606,Completed,0.9835164366897247,NaN,NaN,43792,0,0,0.0,0.0,0.0784229,0.9803921568627451
3,hierarchical,prior,34824,87457606,Completed,0.9838990270799597,2982.450600469554,NaN,34824,0,348240,0.0,0.0,0.0707005,0.9803921568627451
3,hierarchical,single,29384,87457606,Fitted,0.9803964865917214,15559.078364849072,1.297908107537179,29384,3000,235072,0.005563800000000001,1.82E-4,0.0731806,0.9803921568627451
3,hierarchical,mixture,41528,87457606,IterationLimit,NaN,NaN,1.0863961738472434,0,3000,0,0.00579,0.0762375,0.08215270000000001,0.9803921568627451
3,hierarchical,mh,94824,87457606,Completed,0.9830217647192387,NaN,1.0022119254413973,94824,1000,0,0.0,0.0,0.1911678,0.9803921568627451
3,hierarchical,legacy,87804,87457606,Completed,0.9810932322259123,NaN,NaN,87804,0,0,0.0,0.0,0.15260320000000002,0.9803921568627451
3,hierarchical,prior,69696,87457606,Completed,0.9806387444815775,5919.117622547878,NaN,69696,0,557568,0.0,0.0,0.1450816,0.9803921568627451
3,hierarchical,single,61512,87457606,Fitted,0.9805694448052128,32020.276638695308,1.183042670432888,61512,3000,492096,0.0062757,1.644E-4,0.14997880000000002,0.9803921568627451
3,mixture,mixture,29192,87457606,Fitted,0.6327474329262566,27852.76771858713,1.0006023546593488,29192,3000,145960,0.0054349,0.0053201,0.0734824,0.631578947368421
3,mixture,mh,42832,87457606,Completed,0.6335917071348525,NaN,1.0001643504387647,42832,1000,0,0.0,0.0,0.0894525,0.631578947368421
3,mixture,legacy,102232,87457606,Completed,0.6302149960796911,NaN,NaN,102232,0,0,0.0,0.0,0.0732962,0.631578947368421
3,mixture,prior,47620,87457606,Completed,0.631858055107659,31259.43071462098,NaN,47620,0,238100,0.0,0.0,0.0745691,0.631578947368421
3,mixture,single,35864,87457606,Fitted,0.6377080018097964,6212.261642212626,1.0015837688809202,35864,3000,215184,0.0059315,1.7910000000000002E-4,0.07797480000000001,0.631578947368421
3,mixture,mixture,62548,87457606,Fitted,0.6307102171342626,59686.405018859805,1.0006023546593488,62548,3000,437836,0.0055617,0.0042516,0.1509027,0.631578947368421
3,mixture,mh,86692,87457606,Completed,0.6315461634291515,NaN,1.0000081976382131,86692,1000,0,0.0,0.0,0.1813963,0.631578947368421
3,mixture,legacy,204768,87457606,Completed,0.6327328714396223,NaN,NaN,204768,0,0,0.0,0.0,0.1658281,0.631578947368421
3,mixture,prior,95408,87457606,Completed,0.6305275021548032,62596.865071508284,NaN,95408,0,477040,0.0,0.0,0.1529617,0.631578947368421
3,mixture,single,74768,87457606,Fitted,0.6338569143645786,13072.941407823195,1.0015837688809202,74768,3000,373840,0.0053736,1.6340000000000001E-4,0.1520343,0.631578947368421
3,concentrated,mh,45744,102943469,Completed,2.9857416134208297,NaN,1.1640618775172122,45744,1000,0,0.0,0.0,0.0924205,2.9702970297029703
3,concentrated,legacy,58112,102943469,Completed,2.966666562045616,NaN,NaN,58112,0,0,0.0,0.0,0.08076370000000001,2.9702970297029703
3,concentrated,prior,44100,102943469,Completed,2.9668456017250775,70.68411642452807,NaN,44100,0,220500,0.0,0.0,0.0715736,2.9702970297029703
3,concentrated,single,35104,102943469,Fitted,2.970614441284471,14377.275046410594,2.167597571711857,35104,3000,210624,0.005516,2.2280000000000002E-4,0.0722231,2.9702970297029703
3,concentrated,mixture,23168,102943469,Fitted,2.949047494696454,5.027933212393751,6.158378943161092,23168,3000,139008,0.005161300000000001,0.0061311000000000004,0.0627314,2.9702970297029703
3,concentrated,mh,92732,102943469,Completed,2.96465623091326,NaN,1.064463066402486,92732,1000,0,0.0,0.0,0.18694370000000002,2.9702970297029703
3,concentrated,legacy,116584,102943469,Completed,2.9647945790951997,NaN,NaN,116584,0,0,0.0,0.0,0.1758743,2.9702970297029703
3,concentrated,prior,88416,102943469,Completed,2.9657603007817404,149.725864774098,NaN,88416,0,442080,0.0,0.0,0.1446249,2.9702970297029703
3,concentrated,single,73080,102943469,Fitted,2.9704458676910446,29843.67484093557,2.167597571711857,73080,3000,365400,0.0056911,1.53E-4,0.14547980000000002,2.9702970297029703
3,concentrated,mixture,63196,102943469,Fitted,2.958263795855115,13.7176462023351,6.158378943161092,63196,3000,315980,0.0052689,0.0063073,0.15381240000000002,2.9702970297029703
3,hierarchical,mh,46584,102943469,Completed,0.9786657964792571,NaN,1.0070421482668035,46584,1000,0,0.0,0.0,0.0921304,0.9803921568627451
3,hierarchical,legacy,43792,102943469,Completed,0.9817038743627682,NaN,NaN,43792,0,0,0.0,0.0,0.07916200000000001,0.9803921568627451
3,hierarchical,prior,34824,102943469,Completed,0.9818303790813706,2965.242152259552,NaN,34824,0,313416,0.0,0.0,0.0707162,0.9803921568627451
3,hierarchical,single,29384,102943469,Fitted,0.9808861448917965,15262.872561825641,1.2492890558795309,29384,3000,264456,0.0055927,1.71E-4,0.0737187,0.9803921568627451
3,hierarchical,mixture,11160,102943469,IterationLimit,NaN,NaN,1.156174777900102,0,3000,0,0.005588500000000001,0.07433200000000001,0.0800255,0.9803921568627451
3,hierarchical,mh,94824,102943469,Completed,0.9827184292920083,NaN,1.0026242826524037,94824,1000,0,0.0,0.0,0.19185280000000002,0.9803921568627451
3,hierarchical,legacy,87804,102943469,Completed,0.9821420051194897,NaN,NaN,87804,0,0,0.0,0.0,0.15157500000000002,0.9803921568627451
3,hierarchical,prior,69696,102943469,Completed,0.9818491900389706,5942.493944461786,NaN,69696,0,557568,0.0,0.0,0.1460567,0.9803921568627451
3,hierarchical,single,61512,102943469,Fitted,0.9807467904910497,32694.545928934902,1.4683733094455018,61512,3000,492096,0.0055266000000000004,1.832E-4,0.1484804,0.9803921568627451
3,hierarchical,mixture,41528,102943469,Fitted,0.979152399466867,17035.159967609066,1.1184561868360832,41528,3000,415280,0.0054686000000000005,0.056857700000000004,0.1696976,0.9803921568627451
3,mixture,mh,42832,102943469,Completed,0.6316305565932013,NaN,1.0002477913900065,42832,1000,0,0.0,0.0,0.08759610000000001,0.631578947368421
3,mixture,legacy,102232,102943469,Completed,0.630508649359306,NaN,NaN,102232,0,0,0.0,0.0,0.0759747,0.631578947368421
3,mixture,prior,47620,102943469,Completed,0.6312297502016856,31251.80078718326,NaN,47620,0,285720,0.0,0.0,0.0762705,0.631578947368421
3,mixture,single,35864,102943469,Fitted,0.6276353197220657,6141.052684499064,1.003167289424367,35864,3000,179320,0.005241900000000001,1.5260000000000002E-4,0.0749972,0.631578947368421
3,mixture,mixture,29192,102943469,Fitted,0.6324728516365883,27859.877636140096,1.0058801972136835,29192,3000,145960,0.0060879,0.0038887,0.07428230000000001,0.631578947368421
3,mixture,mh,86692,102943469,Completed,0.628858487519033,NaN,1.0001207253679565,86692,1000,0,0.0,0.0,0.1845753,0.631578947368421
3,mixture,legacy,204768,102943469,Completed,0.6306393952730976,NaN,NaN,204768,0,0,0.0,0.0,0.14903850000000002,0.631578947368421
3,mixture,prior,95408,102943469,Completed,0.6303760395657929,62593.21364204525,NaN,95408,0,477040,0.0,0.0,0.1470449,0.631578947368421
3,mixture,single,74768,102943469,Fitted,0.6283481749100216,12799.286457162863,1.003167289424367,74768,3000,373840,0.0061149,1.551E-4,0.15241880000000002,0.631578947368421
3,mixture,mixture,62548,102943469,Fitted,0.6308657789246417,59690.0452622485,1.0058801972136835,62548,3000,312740,0.005248,0.0040337,0.146375,0.631578947368421
3,concentrated,legacy,58112,118429332,Completed,2.9818684339494723,NaN,NaN,58112,0,0,0.0,0.0,0.08293400000000001,2.9702970297029703
3,concentrated,prior,44100,118429332,Completed,2.985129304730867,72.22558501761092,NaN,44100,0,220500,0.0,0.0,0.0734644,2.9702970297029703
3,concentrated,single,35104,118429332,Fitted,2.9699324000196796,10418.093744468686,6.298149157823333,35104,3000,210624,0.005138800000000001,1.695E-4,0.0729158,2.9702970297029703
3,concentrated,mixture,23168,118429332,Fitted,2.969534181210929,5564.773016085604,4.0390303443250914,23168,3000,115840,0.0055136000000000004,0.0103902,0.06719180000000001,2.9702970297029703
3,concentrated,mh,45744,118429332,Completed,2.9679959109133844,NaN,1.1952219951397052,45744,1000,0,0.0,0.0,0.09386860000000001,2.9702970297029703
3,concentrated,legacy,116584,118429332,Completed,2.977048669251509,NaN,NaN,116584,0,0,0.0,0.0,0.1758768,2.9702970297029703
3,concentrated,prior,88416,118429332,Completed,2.978844115839359,147.1450333146697,NaN,88416,0,442080,0.0,0.0,0.16303420000000002,2.9702970297029703
3,concentrated,single,73080,118429332,Fitted,2.9702544246690956,21355.118207238287,6.298149157823333,73080,3000,438480,0.006476600000000001,1.6920000000000002E-4,0.15204320000000002,2.9702970297029703
3,concentrated,mixture,63196,118429332,Fitted,2.9703165661100073,15290.310278605428,4.0390303443250914,63196,3000,379176,0.005884800000000001,0.012338700000000001,0.1564628,2.9702970297029703
3,concentrated,mh,92732,118429332,Completed,2.9633579455797,NaN,1.0575725952637907,92732,1000,0,0.0,0.0,0.19177200000000003,2.9702970297029703
3,hierarchical,legacy,43792,118429332,Completed,0.9799418544117097,NaN,NaN,43792,0,0,0.0,0.0,0.07953020000000001,0.9803921568627451
3,hierarchical,prior,34824,118429332,Completed,0.9794465032253603,3047.0044038151846,NaN,34824,0,313416,0.0,0.0,0.0701725,0.9803921568627451
3,hierarchical,single,29384,118429332,Fitted,0.9808206870430226,15610.965681700569,1.110309800496301,29384,3000,235072,0.0054285,1.8800000000000002E-4,0.07502270000000001,0.9803921568627451
3,hierarchical,mixture,11160,118429332,Fitted,0.9803995709999154,4363.9967446761475,1.2298566994087246,11160,3000,111600,0.0051993000000000004,0.051005800000000004,0.0864391,0.9803921568627451
3,hierarchical,mh,46584,118429332,Completed,0.9879922883391223,NaN,1.0045995869728213,46584,1000,0,0.0,0.0,0.09865310000000001,0.9803921568627451
3,hierarchical,legacy,87804,118429332,Completed,0.9797025801114597,NaN,NaN,87804,0,0,0.0,0.0,0.1541747,0.9803921568627451
3,hierarchical,prior,69696,118429332,Completed,0.9791675246914769,6013.822442934344,NaN,69696,0,696960,0.0,0.0,0.1408068,0.9803921568627451
3,hierarchical,single,61512,118429332,Fitted,0.9813907562440166,30270.953966030396,1.312841520479963,61512,3000,492096,0.0055567,1.574E-4,0.14475280000000001,0.9803921568627451
3,hierarchical,mixture,41528,118429332,Fitted,0.9800744034342843,18905.54851183592,1.346011342302455,41528,3000,373752,0.005312000000000001,0.029568800000000003,0.14236390000000002,0.9803921568627451
3,hierarchical,mh,94824,118429332,Completed,0.9851043693879385,NaN,1.002565458106946,94824,1000,0,0.0,0.0,0.193331,0.9803921568627451
3,mixture,legacy,102232,118429332,Completed,0.6316591425026937,NaN,NaN,102232,0,0,0.0,0.0,0.0839894,0.631578947368421
3,mixture,prior,47620,118429332,Completed,0.6326940478029752,31269.645067231115,NaN,47620,0,333340,0.0,0.0,0.0802254,0.631578947368421
3,mixture,single,35864,118429332,Fitted,0.6300024294652354,5930.869559421326,1.0020590714221655,35864,3000,215184,0.005352900000000001,1.8460000000000001E-4,0.07776140000000001,0.631578947368421
3,mixture,mixture,29192,118429332,Fitted,0.6310928066943123,27552.26206095912,1.0081171121200496,29192,3000,145960,0.0063749,0.0046648,0.0742059,0.631578947368421
3,mixture,mh,42832,118429332,Completed,0.6261440044826299,NaN,1.0004075395006577,42832,1000,0,0.0,0.0,0.0887581,0.631578947368421
3,mixture,legacy,204768,118429332,Completed,0.6317823481649191,NaN,NaN,204768,0,0,0.0,0.0,0.14811370000000001,0.631578947368421
3,mixture,prior,95408,118429332,Completed,0.6317020302579865,62625.33887030621,NaN,95408,0,667856,0.0,0.0,0.1606784,0.631578947368421
3,mixture,single,74768,118429332,Fitted,0.627550813721154,12522.860487029217,1.0020590714221655,74768,3000,448608,0.0055742000000000005,1.6790000000000002E-4,0.1583468,0.631578947368421
3,mixture,mixture,62548,118429332,Fitted,0.6321283488124166,58993.69962560835,1.0081171121200496,62548,3000,312740,0.0056988,0.0041584000000000005,0.1445178,0.631578947368421
3,mixture,mh,86692,118429332,Completed,0.6327458127624233,NaN,1.0001667168982808,86692,1000,0,0.0,0.0,0.18335690000000002,0.631578947368421
3,concentrated,prior,44100,133915195,Completed,2.969436386099336,78.48513456510125,NaN,44100,0,220500,0.0,0.0,0.07304880000000001,2.9702970297029703
3,concentrated,single,35104,133915195,Fitted,2.9700270145747845,19516.334392744775,4.032297525728353,35104,3000,175520,0.0050222,1.6140000000000002E-4,0.0705687,2.9702970297029703
3,concentrated,mixture,23168,133915195,IterationLimit,NaN,NaN,4.0564994451232605,0,3000,0,0.0049877,0.07443580000000001,0.0795304,2.9702970297029703
3,concentrated,mh,45744,133915195,Completed,2.95135272213015,NaN,1.0611195598098702,45744,1000,0,0.0,0.0,0.0882762,2.9702970297029703
3,concentrated,legacy,58112,133915195,Completed,2.9653949838078946,NaN,NaN,58112,0,0,0.0,0.0,0.0826583,2.9702970297029703
3,concentrated,prior,88416,133915195,Completed,2.9703855425940353,159.7635270869524,NaN,88416,0,442080,0.0,0.0,0.150648,2.9702970297029703
3,concentrated,single,73080,133915195,Fitted,2.9698666581087507,22195.004158555512,4.0564994451232605,73080,3000,438480,0.0051403,1.519E-4,0.1453911,2.9702970297029703
3,concentrated,mixture,63196,133915195,Fitted,2.9704703762041724,29064.87797902649,4.032297525728353,63196,3000,315980,0.005092200000000001,0.0352051,0.179908,2.9702970297029703
3,concentrated,mh,92732,133915195,Completed,2.959317482284169,NaN,1.0406455496413682,92732,1000,0,0.0,0.0,0.1823071,2.9702970297029703
3,concentrated,legacy,116584,133915195,Completed,2.9670054041111005,NaN,NaN,116584,0,0,0.0,0.0,0.17226160000000001,2.9702970297029703
3,hierarchical,prior,34824,133915195,Completed,0.9801382984297872,3039.9416298698848,NaN,34824,0,313416,0.0,0.0,0.0703322,0.9803921568627451
3,hierarchical,single,29384,133915195,Fitted,0.9797370583836927,15299.727236897575,1.359892059641574,29384,3000,235072,0.0052899,1.505E-4,0.0724071,0.9803921568627451
3,hierarchical,mixture,11160,133915195,IterationLimit,NaN,NaN,1.233373389542187,0,3000,0,0.0054618,0.0752008,0.0807712,0.9803921568627451
3,hierarchical,mh,46584,133915195,Completed,0.9774958540500679,NaN,1.0090234735395203,46584,1000,0,0.0,0.0,0.0910397,0.9803921568627451
3,hierarchical,legacy,43792,133915195,Completed,0.979815974502504,NaN,NaN,43792,0,0,0.0,0.0,0.0762143,0.9803921568627451
3,hierarchical,prior,69696,133915195,Completed,0.9801690344381708,5994.699354267804,NaN,69696,0,696960,0.0,0.0,0.1385792,0.9803921568627451
3,hierarchical,single,61512,133915195,Fitted,0.9804269203594818,31042.100325546064,1.2228678326566322,61512,3000,553608,0.005321200000000001,1.5800000000000002E-4,0.1492308,0.9803921568627451
3,hierarchical,mixture,41528,133915195,Fitted,0.9792187137791312,19908.87829773342,1.25120205856568,41528,3000,373752,0.0058387000000000005,0.0117818,0.125858,0.9803921568627451
3,hierarchical,mh,94824,133915195,Completed,0.981338801306781,NaN,1.0016472399213165,94824,1000,0,0.0,0.0,0.1912606,0.9803921568627451
3,hierarchical,legacy,87804,133915195,Completed,0.9804090494909049,NaN,NaN,87804,0,0,0.0,0.0,0.1548071,0.9803921568627451
3,mixture,prior,47620,133915195,Completed,0.6308568899708294,31247.291877841395,NaN,47620,0,333340,0.0,0.0,0.08056200000000001,0.631578947368421
3,mixture,single,35864,133915195,Fitted,0.6361954329188632,6137.96593349829,1.0037822440498796,35864,3000,251048,0.0054016,1.607E-4,0.0806211,0.631578947368421
3,mixture,mixture,29192,133915195,Fitted,0.6289578534079728,27642.055895296617,1.0013129647982741,29192,3000,204344,0.005378600000000001,0.0043818,0.07971650000000001,0.631578947368421
3,mixture,mh,42832,133915195,Completed,0.6287822189017557,NaN,1.0004537056387073,42832,1000,0,0.0,0.0,0.0896976,0.631578947368421
3,mixture,legacy,102232,133915195,Completed,0.6319624177372878,NaN,NaN,102232,0,0,0.0,0.0,0.0855789,0.631578947368421
3,mixture,prior,95408,133915195,Completed,0.6310512921013013,62609.52847466812,NaN,95408,0,667856,0.0,0.0,0.1599303,0.631578947368421
3,mixture,single,74768,133915195,Fitted,0.6318488087619061,12894.135375122329,1.0037822440498796,74768,3000,448608,0.005256800000000001,1.4790000000000002E-4,0.15540120000000002,0.631578947368421
3,mixture,mixture,62548,133915195,Fitted,0.6284379636058642,59221.26615147861,1.0013129647982741,62548,3000,375288,0.0055706,0.0041504,0.15036580000000002,0.631578947368421
3,mixture,mh,86692,133915195,Completed,0.6283970839293129,NaN,1.0000354815004362,86692,1000,0,0.0,0.0,0.1814522,0.631578947368421
3,mixture,legacy,204768,133915195,Completed,0.6312790407643888,NaN,NaN,204768,0,0,0.0,0.0,0.16981310000000002,0.631578947368421
3,concentrated,single,35104,149401058,Fitted,2.970300061455953,15435.79453214189,2.1541218325774194,35104,3000,210624,0.0054019,1.8050000000000002E-4,0.0749786,2.9702970297029703
3,concentrated,mixture,23168,149401058,Fitted,2.970405530839077,14035.595474580929,5.881715141186867,23168,3000,115840,0.0049874,0.0109201,0.06718120000000001,2.9702970297029703
3,concentrated,mh,45744,149401058,Completed,2.9318548259434247,NaN,1.1253299161002983,45744,1000,0,0.0,0.0,0.09107280000000001,2.9702970297029703
3,concentrated,legacy,58112,149401058,Completed,2.9692139407690026,NaN,NaN,58112,0,0,0.0,0.0,0.08034480000000001,2.9702970297029703
3,concentrated,prior,44100,149401058,Completed,2.964339364391079,78.1186106587198,NaN,44100,0,264600,0.0,0.0,0.0720195,2.9702970297029703
3,concentrated,single,73080,149401058,Fitted,2.9706705894849876,32187.744486220257,2.1541218325774194,73080,3000,365400,0.005287,1.5470000000000002E-4,0.1417401,2.9702970297029703
3,concentrated,mixture,63196,149401058,Fitted,2.970171610411453,38088.950938729446,5.881715141186867,63196,3000,379176,0.0055547,0.0114328,0.153258,2.9702970297029703
3,concentrated,mh,92732,149401058,Completed,2.9415941416538582,NaN,1.0589867814318477,92732,1000,0,0.0,0.0,0.1859769,2.9702970297029703
3,concentrated,legacy,116584,149401058,Completed,2.9679298629221553,NaN,NaN,116584,0,0,0.0,0.0,0.1614796,2.9702970297029703
3,concentrated,prior,88416,149401058,Completed,2.967046928054795,148.1802390619046,NaN,88416,0,530496,0.0,0.0,0.1459591,2.9702970297029703
3,hierarchical,single,29384,149401058,Fitted,0.9835365386044397,15491.406123506413,1.1490587718584977,29384,3000,264456,0.005367500000000001,1.521E-4,0.0744849,0.9803921568627451
3,hierarchical,mixture,11160,149401058,Fitted,0.9826933817222616,4731.334912540941,1.1293924652209126,11160,3000,89280,0.005133,0.014304,0.048164200000000004,0.9803921568627451
3,hierarchical,mh,46584,149401058,Completed,0.9825585790910708,NaN,1.0150657585417036,46584,1000,0,0.0,0.0,0.0909559,0.9803921568627451
3,hierarchical,legacy,43792,149401058,Completed,0.9814930166226723,NaN,NaN,43792,0,0,0.0,0.0,0.0772303,0.9803921568627451
3,hierarchical,prior,34824,149401058,Completed,0.9806685144918387,2957.496330961677,NaN,34824,0,278592,0.0,0.0,0.0701093,0.9803921568627451
3,hierarchical,single,61512,149401058,Fitted,0.9812197112102752,30551.619144453285,1.3809903611774625,61512,3000,615120,0.0052841,1.497E-4,0.1483327,0.9803921568627451
3,hierarchical,mixture,41528,149401058,Fitted,0.9818354446643285,20670.157302889365,1.203148866047244,41528,3000,415280,0.005359200000000001,0.014225600000000001,0.1315736,0.9803921568627451
3,hierarchical,mh,94824,149401058,Completed,0.9772236555347684,NaN,1.0060821893837408,94824,1000,0,0.0,0.0,0.19004000000000001,0.9803921568627451
3,hierarchical,legacy,87804,149401058,Completed,0.9794613005166418,NaN,NaN,87804,0,0,0.0,0.0,0.161701,0.9803921568627451
3,hierarchical,prior,69696,149401058,Completed,0.9790737030140858,5966.083757400346,NaN,69696,0,627264,0.0,0.0,0.1410188,0.9803921568627451
3,mixture,single,35864,149401058,Fitted,0.63490502167517,5943.384188144284,1.0074394467659715,35864,3000,215184,0.005537500000000001,1.644E-4,0.0783244,0.631578947368421
3,mixture,mixture,29192,149401058,Fitted,0.6336791931295721,27867.21635085709,1.002484079391727,29192,3000,175152,0.006217100000000001,0.0044909,0.0773186,0.631578947368421
3,mixture,mh,42832,149401058,Completed,0.6282218901755696,NaN,1.0001552888927805,42832,1000,0,0.0,0.0,0.08871770000000001,0.631578947368421
3,mixture,legacy,102232,149401058,Completed,0.633722720647055,NaN,NaN,102232,0,0,0.0,0.0,0.082094,0.631578947368421
3,mixture,prior,47620,149401058,Completed,0.6362248987166045,31313.573883151537,NaN,47620,0,333340,0.0,0.0,0.0809851,0.631578947368421
3,mixture,single,74768,149401058,Fitted,0.6336958512789981,12667.419298409048,1.0074394467659715,74768,3000,523376,0.0056825,2.258E-4,0.1603062,0.631578947368421
3,mixture,mixture,62548,149401058,Fitted,0.633802979692533,59679.35880851074,1.002484079391727,62548,3000,437836,0.005813700000000001,0.0041076,0.15389360000000002,0.631578947368421
3,mixture,mh,86692,149401058,Completed,0.6272205047755272,NaN,1.0000550695388772,86692,1000,0,0.0,0.0,0.182447,0.631578947368421
3,mixture,legacy,204768,149401058,Completed,0.6326573559377503,NaN,NaN,204768,0,0,0.0,0.0,0.1729794,0.631578947368421
3,mixture,prior,95408,149401058,Completed,0.6344081886057656,62692.015679019925,NaN,95408,0,667856,0.0,0.0,0.1594008,0.631578947368421
3,concentrated,mixture,23168,164886921,Fitted,2.9688755998339653,3023.755663742991,3.2733417174625457,23168,3000,139008,0.0056568,0.0078954,0.0662373,2.9702970297029703
3,concentrated,mh,45744,164886921,Completed,2.9354379974243145,NaN,1.1623575521780303,45744,1000,0,0.0,0.0,0.08879580000000001,2.9702970297029703
3,concentrated,legacy,58112,164886921,Completed,2.9862041118344798,NaN,NaN,58112,0,0,0.0,0.0,0.081679,2.9702970297029703
3,concentrated,prior,44100,164886921,Completed,2.9840615336401113,65.00265809683499,NaN,44100,0,220500,0.0,0.0,0.0739772,2.9702970297029703
3,concentrated,single,35104,164886921,Fitted,2.971362569294542,9929.062693663047,2.9983041902452303,35104,3000,210624,0.0051828,1.817E-4,0.07278720000000001,2.9702970297029703
3,concentrated,mixture,63196,164886921,Fitted,2.969233659542481,8275.381159627439,3.2733417174625457,63196,3000,379176,0.0051955000000000005,0.007659300000000001,0.1478761,2.9702970297029703
3,concentrated,mh,92732,164886921,Completed,2.9537007554205,NaN,1.0821960830545132,92732,1000,0,0.0,0.0,0.188308,2.9702970297029703
3,concentrated,legacy,116584,164886921,Completed,2.9717026165423084,NaN,NaN,116584,0,0,0.0,0.0,0.1588824,2.9702970297029703
3,concentrated,prior,88416,164886921,Completed,2.9751498787314916,134.31098234079911,NaN,88416,0,442080,0.0,0.0,0.14688520000000002,2.9702970297029703
3,concentrated,single,73080,164886921,Fitted,2.970988295467893,20801.502324335735,2.9983041902452303,73080,3000,438480,0.005465,1.441E-4,0.1476566,2.9702970297029703
3,hierarchical,mixture,11160,164886921,Fitted,0.9827478133798285,5739.889237973847,1.160530427141108,11160,3000,100440,0.0053467,0.013826600000000001,0.048747000000000006,0.9803921568627451
3,hierarchical,mh,46584,164886921,Completed,0.9818462639856798,NaN,1.005331180069773,46584,1000,0,0.0,0.0,0.09087880000000001,0.9803921568627451
3,hierarchical,legacy,43792,164886921,Completed,0.9809483106696156,NaN,NaN,43792,0,0,0.0,0.0,0.076407,0.9803921568627451
3,hierarchical,prior,34824,164886921,Completed,0.9805281117176213,2947.0345821177016,NaN,34824,0,348240,0.0,0.0,0.07200530000000001,0.9803921568627451
3,hierarchical,single,29384,164886921,Fitted,0.9802765552416965,15014.97458251064,1.33113095486093,29384,3000,264456,0.005507000000000001,1.4810000000000002E-4,0.07397240000000001,0.9803921568627451
3,hierarchical,mixture,41528,164886921,Fitted,0.9795518921576194,18883.80228305163,1.1202737396794769,41528,3000,415280,0.0057921000000000005,0.06384340000000001,0.17814670000000002,0.9803921568627451
3,hierarchical,mh,94824,164886921,Completed,0.9784761243080158,NaN,1.0039436430675006,94824,1000,0,0.0,0.0,0.1915069,0.9803921568627451
3,hierarchical,legacy,87804,164886921,Completed,0.9805844118974033,NaN,NaN,87804,0,0,0.0,0.0,0.15526330000000002,0.9803921568627451
3,hierarchical,prior,69696,164886921,Completed,0.9804593457853934,5962.924693117679,NaN,69696,0,627264,0.0,0.0,0.14278960000000002,0.9803921568627451
3,hierarchical,single,61512,164886921,Fitted,0.9818968354949824,33184.69264070634,1.1741961347576404,61512,3000,553608,0.0065515,1.8710000000000002E-4,0.1477494,0.9803921568627451
3,mixture,mixture,29192,164886921,Fitted,0.63053489502278,27906.439971913842,1.0028582521326412,29192,3000,175152,0.0053702,0.005800100000000001,0.0776902,0.631578947368421
3,mixture,mh,42832,164886921,Completed,0.6348057527082556,NaN,1.000335358567793,42832,1000,0,0.0,0.0,0.08982280000000001,0.631578947368421
3,mixture,legacy,102232,164886921,Completed,0.6330434067824671,NaN,NaN,102232,0,0,0.0,0.0,0.0828793,0.631578947368421
3,mixture,prior,47620,164886921,Completed,0.6329954445683201,31273.345081347088,NaN,47620,0,333340,0.0,0.0,0.0800135,0.631578947368421
3,mixture,single,35864,164886921,Fitted,0.6324014649291676,6164.8592985429805,1.0026153492645502,35864,3000,251048,0.0052989000000000005,1.55E-4,0.0801681,0.631578947368421
3,mixture,mixture,62548,164886921,Fitted,0.6305357809040959,59783.82348410897,1.0028582521326412,62548,3000,437836,0.0051015,0.0040172,0.15222070000000001,0.631578947368421
3,mixture,mh,86692,164886921,Completed,0.6328150233008814,NaN,1.0000407712901558,86692,1000,0,0.0,0.0,0.18342360000000002,0.631578947368421
3,mixture,legacy,204768,164886921,Completed,0.6322363285263433,NaN,NaN,204768,0,0,0.0,0.0,0.174651,0.631578947368421
3,mixture,prior,95408,164886921,Completed,0.6333120556444356,62664.82761649345,NaN,95408,0,667856,0.0,0.0,0.1607425,0.631578947368421
3,mixture,single,74768,164886921,Fitted,0.631481209758307,12836.379844490732,1.0026153492645502,74768,3000,448608,0.0060298,1.718E-4,0.1563464,0.631578947368421
3,concentrated,mh,45744,180372784,Completed,2.9689929394324848,NaN,1.1152013900498543,45744,1000,0,0.0,0.0,0.08888320000000001,2.9702970297029703
3,concentrated,legacy,58112,180372784,Completed,2.97761313779346,NaN,NaN,58112,0,0,0.0,0.0,0.080685,2.9702970297029703
3,concentrated,prior,44100,180372784,Completed,2.980965743260889,81.83114225037689,NaN,44100,0,220500,0.0,0.0,0.0720807,2.9702970297029703
3,concentrated,single,35104,180372784,Fitted,2.9699996357828904,14614.282157018797,1.9763136485666613,35104,3000,175520,0.0052706,1.5570000000000002E-4,0.0725056,2.9702970297029703
3,concentrated,mixture,23168,180372784,Fitted,2.9695016652708066,7639.674766809254,4.979402547590393,23168,3000,139008,0.0053772,0.0096381,0.06603880000000001,2.9702970297029703
3,concentrated,mh,92732,180372784,Completed,2.9695214350966577,NaN,1.0903333859021362,92732,1000,0,0.0,0.0,0.18506080000000003,2.9702970297029703
3,concentrated,legacy,116584,180372784,Completed,2.9712633093960825,NaN,NaN,116584,0,0,0.0,0.0,0.16468390000000002,2.9702970297029703
3,concentrated,prior,88416,180372784,Completed,2.97065514944587,158.78020189626042,NaN,88416,0,530496,0.0,0.0,0.1407253,2.9702970297029703
3,concentrated,single,73080,180372784,Fitted,2.9708887203412697,30461.851333834104,1.9763136485666613,73080,3000,365400,0.006762000000000001,1.632E-4,0.1431634,2.9702970297029703
3,concentrated,mixture,63196,180372784,Fitted,2.970119610870698,20758.35881313054,4.979402547590393,63196,3000,315980,0.0055392,0.0102793,0.1526364,2.9702970297029703
3,hierarchical,mh,46584,180372784,Completed,0.977164288195332,NaN,1.0077557942593474,46584,1000,0,0.0,0.0,0.089823,0.9803921568627451
3,hierarchical,legacy,43792,180372784,Completed,0.9784189468889198,NaN,NaN,43792,0,0,0.0,0.0,0.07754910000000001,0.9803921568627451
3,hierarchical,prior,34824,180372784,Completed,0.9806762790684326,3060.505150210451,NaN,34824,0,313416,0.0,0.0,0.0702408,0.9803921568627451
3,hierarchical,single,29384,180372784,Fitted,0.9816200156802667,15649.232973258138,1.1414413171822908,29384,3000,264456,0.0053578,1.856E-4,0.0727658,0.9803921568627451
3,hierarchical,mixture,11160,180372784,Fitted,0.9800247991744171,5994.845654569659,1.0467586032818934,11160,3000,100440,0.0055208,0.0265738,0.061185100000000006,0.9803921568627451
3,hierarchical,mh,94824,180372784,Completed,0.9784887980687514,NaN,1.0042680775939357,94824,1000,0,0.0,0.0,0.19321790000000003,0.9803921568627451
3,hierarchical,legacy,87804,180372784,Completed,0.9788611480570634,NaN,NaN,87804,0,0,0.0,0.0,0.1562953,0.9803921568627451
3,hierarchical,prior,69696,180372784,Completed,0.9786732470685257,6135.8699480005025,NaN,69696,0,627264,0.0,0.0,0.1367728,0.9803921568627451
3,hierarchical,single,61512,180372784,Fitted,0.9810957791962436,32379.59231993684,1.252890898651068,61512,3000,492096,0.005267,1.574E-4,0.14509570000000002,0.9803921568627451
3,hierarchical,mixture,41528,180372784,IterationLimit,NaN,NaN,1.1445523881708894,0,3000,0,0.0052876,0.0756247,0.08102430000000001,0.9803921568627451
3,mixture,mh,42832,180372784,Completed,0.62686776242062,NaN,1.0002187457854943,42832,1000,0,0.0,0.0,0.0948037,0.631578947368421
3,mixture,legacy,102232,180372784,Completed,0.6279116704876314,NaN,NaN,102232,0,0,0.0,0.0,0.0826255,0.631578947368421
3,mixture,prior,47620,180372784,Completed,0.6276479871964464,31209.07003351789,NaN,47620,0,285720,0.0,0.0,0.0772333,0.631578947368421
3,mixture,single,35864,180372784,Fitted,0.6382875598640511,6192.04093707275,1.0047910683867853,35864,3000,251048,0.0051412,1.496E-4,0.07819090000000001,0.631578947368421
3,mixture,mixture,29192,180372784,Fitted,0.6309042176794925,27367.155703008837,1.0024086058465584,29192,3000,175152,0.0057979,0.0040143,0.0747541,0.631578947368421
3,mixture,mh,86692,180372784,Completed,0.6328726987495963,NaN,1.0000468273090872,86692,1000,0,0.0,0.0,0.18804120000000002,0.631578947368421
3,mixture,legacy,204768,180372784,Completed,0.6299550959524512,NaN,NaN,204768,0,0,0.0,0.0,0.1738276,0.631578947368421
3,mixture,prior,95408,180372784,Completed,0.6281079702636768,62539.09254968789,NaN,95408,0,572448,0.0,0.0,0.1565976,0.631578947368421
3,mixture,single,74768,180372784,Fitted,0.6329752272777884,12862.911390831472,1.0047910683867853,74768,3000,373840,0.0052369,1.382E-4,0.1538862,0.631578947368421
3,mixture,mixture,62548,180372784,Fitted,0.6315982232796772,58664.71099491954,1.0024086058465584,62548,3000,312740,0.0057294,0.0041470000000000005,0.1486363,0.631578947368421
3,concentrated,legacy,58112,195858647,Completed,2.9845531284072044,NaN,NaN,58112,0,0,0.0,0.0,0.08173920000000001,2.9702970297029703
3,concentrated,prior,44100,195858647,Completed,2.9835764238217926,79.58497813880264,NaN,44100,0,264600,0.0,0.0,0.0742295,2.9702970297029703
3,concentrated,single,35104,195858647,Fitted,2.9697177765224594,7629.303747406287,2.765581454861553,35104,3000,210624,0.0051891,1.373E-4,0.0719432,2.9702970297029703
3,concentrated,mixture,23168,195858647,Fitted,2.972298314575411,2253.568525327151,3.272506906972756,23168,3000,115840,0.005366500000000001,0.0074007000000000005,0.0645879,2.9702970297029703
3,concentrated,mh,45744,195858647,Completed,2.9586606384241394,NaN,1.1241128895015486,45744,1000,0,0.0,0.0,0.09097430000000001,2.9702970297029703
3,concentrated,legacy,116584,195858647,Completed,2.972601479017111,NaN,NaN,116584,0,0,0.0,0.0,0.15882120000000002,2.9702970297029703
3,concentrated,prior,88416,195858647,Completed,2.9785231671998456,165.28525178537907,NaN,88416,0,530496,0.0,0.0,0.1530516,2.9702970297029703
3,concentrated,single,73080,195858647,Fitted,2.9694681405225745,15760.520566015097,2.765581454861553,73080,3000,438480,0.005512700000000001,1.53E-4,0.1464115,2.9702970297029703
3,concentrated,mixture,63196,195858647,Fitted,2.97100306214257,6292.679884773897,3.272506906972756,63196,3000,315980,0.0051246,0.0080853,0.15249800000000002,2.9702970297029703
3,concentrated,mh,92732,195858647,Completed,2.9749880951473426,NaN,1.049982015596742,92732,1000,0,0.0,0.0,0.1858931,2.9702970297029703
3,hierarchical,legacy,43792,195858647,Completed,0.9823169176735758,NaN,NaN,43792,0,0,0.0,0.0,0.0812629,0.9803921568627451
3,hierarchical,prior,34824,195858647,Completed,0.9825958299280527,3006.9542402207153,NaN,34824,0,348240,0.0,0.0,0.0709579,0.9803921568627451
3,hierarchical,single,29384,195858647,Fitted,0.9789654360700079,13878.167516592966,1.1528045291696885,29384,3000,235072,0.0051018,1.606E-4,0.073261,0.9803921568627451
3,hierarchical,mixture,11160,195858647,Fitted,0.9800505928526914,5080.128484326528,1.2500567392905149,11160,3000,111600,0.0054676,0.0571805,0.0935373,0.9803921568627451
3,hierarchical,mh,46584,195858647,Completed,0.9752545309430405,NaN,1.0045824590410715,46584,1000,0,0.0,0.0,0.0906667,0.9803921568627451
3,hierarchical,legacy,87804,195858647,Completed,0.9807812177910755,NaN,NaN,87804,0,0,0.0,0.0,0.1504599,0.9803921568627451
3,hierarchical,prior,69696,195858647,Completed,0.9813816028636572,6007.929351882604,NaN,69696,0,557568,0.0,0.0,0.13720880000000002,0.9803921568627451
3,hierarchical,single,61512,195858647,Fitted,0.980119081143005,31210.260389594143,1.1834382192256525,61512,3000,553608,0.0050461,1.3440000000000001E-4,0.1436987,0.9803921568627451
3,hierarchical,mixture,41528,195858647,IterationLimit,NaN,NaN,1.2155023229140103,0,3000,0,0.0060939,0.07338990000000001,0.0795675,0.9803921568627451
3,hierarchical,mh,94824,195858647,Completed,0.9750494631884987,NaN,1.005994385984488,94824,1000,0,0.0,0.0,0.18990680000000001,0.9803921568627451
3,mixture,legacy,102232,195858647,Completed,0.6314965657147928,NaN,NaN,102232,0,0,0.0,0.0,0.0846914,0.631578947368421
3,mixture,prior,47620,195858647,Completed,0.6340136354124942,31285.913236027973,NaN,47620,0,333340,0.0,0.0,0.0792514,0.631578947368421
3,mixture,single,35864,195858647,Fitted,0.6371253444866698,5962.250499327861,1.0042804288753953,35864,3000,251048,0.0063823000000000005,1.5130000000000002E-4,0.08082170000000001,0.631578947368421
3,mixture,mixture,29192,195858647,Fitted,0.6322679850145096,27415.37628522124,1.0077358827466854,29192,3000,204344,0.005217,0.0045929000000000005,0.07669050000000001,0.631578947368421
3,mixture,mh,42832,195858647,Completed,0.6375607022786702,NaN,1.0000998327328372,42832,1000,0,0.0,0.0,0.08804300000000001,0.631578947368421
3,mixture,legacy,204768,195858647,Completed,0.6328299388845788,NaN,NaN,204768,0,0,0.0,0.0,0.1671551,0.631578947368421
3,mixture,prior,95408,195858647,Completed,0.6311094427942087,62610.93779888879,NaN,95408,0,572448,0.0,0.0,0.1567388,0.631578947368421
3,mixture,single,74768,195858647,Fitted,0.633515645694971,12501.78531309919,1.0042804288753953,74768,3000,448608,0.0062471,1.448E-4,0.15543200000000001,0.631578947368421
3,mixture,mixture,62548,195858647,Fitted,0.6317361454513791,58712.18294780437,1.0077358827466854,62548,3000,375288,0.0054741,0.004548,0.1529626,0.631578947368421
3,mixture,mh,86692,195858647,Completed,0.6342684446084991,NaN,1.000132343333895,86692,1000,0,0.0,0.0,0.1842117,0.631578947368421
3,concentrated,prior,44100,211344510,Completed,2.953541182228497,70.94693287938952,NaN,44100,0,264600,0.0,0.0,0.072008,2.9702970297029703
3,concentrated,single,35104,211344510,Fitted,2.969453878105929,10479.840168337103,2.342429524351753,35104,3000,175520,0.0050605,1.3890000000000002E-4,0.0714617,2.9702970297029703
3,concentrated,mixture,23168,211344510,Fitted,2.9958015854317672,182.1271601870988,5.547774815304214,23168,3000,115840,0.0049702,0.0166654,0.0730055,2.9702970297029703
3,concentrated,mh,45744,211344510,Completed,2.9685543315097296,NaN,1.1029880543731572,45744,1000,0,0.0,0.0,0.08932240000000001,2.9702970297029703
3,concentrated,legacy,58112,211344510,Completed,2.9584012035487475,NaN,NaN,58112,0,0,0.0,0.0,0.08199680000000001,2.9702970297029703
3,concentrated,prior,88416,211344510,Completed,2.965649613776513,147.82252200553984,NaN,88416,0,530496,0.0,0.0,0.14038530000000002,2.9702970297029703
3,concentrated,single,73080,211344510,Fitted,2.9699295036210445,21953.652510571264,2.342429524351753,73080,3000,365400,0.005558400000000001,1.595E-4,0.1438902,2.9702970297029703
3,concentrated,mixture,63196,211344510,Fitted,2.9802699143084017,733.4326264189285,5.547774815304214,63196,3000,315980,0.005129300000000001,0.0162044,0.15729900000000002,2.9702970297029703
3,concentrated,mh,92732,211344510,Completed,2.970688108956087,NaN,1.1016559896330607,92732,1000,0,0.0,0.0,0.1817718,2.9702970297029703
3,concentrated,legacy,116584,211344510,Completed,2.9680125404362685,NaN,NaN,116584,0,0,0.0,0.0,0.1664537,2.9702970297029703
3,hierarchical,prior,34824,211344510,Completed,0.980712661556197,2983.673568888471,NaN,34824,0,278592,0.0,0.0,0.07046200000000001,0.9803921568627451
3,hierarchical,single,29384,211344510,Fitted,0.978856492874569,15682.605307493312,1.2620917603582795,29384,3000,264456,0.0056977,1.519E-4,0.075835,0.9803921568627451
3,hierarchical,mixture,11160,211344510,IterationLimit,NaN,NaN,1.1862883129850712,0,3000,0,0.0054627,0.07615290000000001,0.0816987,0.9803921568627451
3,hierarchical,mh,46584,211344510,Completed,0.982159616684905,NaN,1.0052407837241655,46584,1000,0,0.0,0.0,0.0932488,0.9803921568627451
3,hierarchical,legacy,43792,211344510,Completed,0.9801121856514906,NaN,NaN,43792,0,0,0.0,0.0,0.0808677,0.9803921568627451
3,hierarchical,prior,69696,211344510,Completed,0.9798848744409759,5983.76589275202,NaN,69696,0,557568,0.0,0.0,0.1404669,0.9803921568627451
3,hierarchical,single,61512,211344510,Fitted,0.9808118081550644,32881.643788312766,1.1294358881466893,61512,3000,553608,0.0055861,1.439E-4,0.14783690000000002,0.9803921568627451
3,hierarchical,mixture,41528,211344510,Fitted,0.9782241483191706,21414.071903339027,1.2434985927069129,41528,3000,332224,0.005430600000000001,0.02066,0.1347806,0.9803921568627451
3,hierarchical,mh,94824,211344510,Completed,0.9770308023029626,NaN,1.0062422861953861,94824,1000,0,0.0,0.0,0.19604010000000002,0.9803921568627451
3,hierarchical,legacy,87804,211344510,Completed,0.9791849248291604,NaN,NaN,87804,0,0,0.0,0.0,0.153891,0.9803921568627451
3,mixture,prior,47620,211344510,Completed,0.6305303122544202,31243.354255758582,NaN,47620,0,238100,0.0,0.0,0.07404770000000001,0.631578947368421
3,mixture,single,35864,211344510,Fitted,0.6263320954614415,6213.113135039041,1.0048277836474429,35864,3000,179320,0.005247900000000001,1.5570000000000002E-4,0.07670160000000001,0.631578947368421
3,mixture,mixture,29192,211344510,Fitted,0.6276962467446611,28236.555912242326,1.0042328371174516,29192,3000,145960,0.0053159,0.0041522,0.07542510000000001,0.631578947368421
3,mixture,mh,42832,211344510,Completed,0.6354828165857302,NaN,1.000193293109693,42832,1000,0,0.0,0.0,0.0909231,0.631578947368421
3,mixture,legacy,102232,211344510,Completed,0.632578990119167,NaN,NaN,102232,0,0,0.0,0.0,0.07708330000000001,0.631578947368421
3,mixture,prior,95408,211344510,Completed,0.6323399753129738,62640.92227155335,NaN,95408,0,477040,0.0,0.0,0.1528722,0.631578947368421
3,mixture,single,74768,211344510,Fitted,0.6252837319965432,12785.195478753149,1.0048277836474429,74768,3000,373840,0.0056064,1.4250000000000002E-4,0.1516169,0.631578947368421
3,mixture,mixture,62548,211344510,Fitted,0.6307396038277041,60474.50074910184,1.0042328371174516,62548,3000,375288,0.005308,0.0043747000000000005,0.1507303,0.631578947368421
3,mixture,mh,86692,211344510,Completed,0.6329188391085683,NaN,1.000114377451274,86692,1000,0,0.0,0.0,0.19235400000000002,0.631578947368421
3,mixture,legacy,204768,211344510,Completed,0.6323659293036126,NaN,NaN,204768,0,0,0.0,0.0,0.1759814,0.631578947368421
3,concentrated,single,35104,226830373,Fitted,2.9704181415063915,17736.348997138593,2.621270105279198,35104,3000,175520,0.005177,1.773E-4,0.07271040000000001,2.9702970297029703
3,concentrated,mixture,23168,226830373,Fitted,2.9721001318046656,9062.53878251143,3.4581046009526206,23168,3000,139008,0.0049722,0.0039478000000000004,0.0601053,2.9702970297029703
3,concentrated,mh,45744,226830373,Completed,2.9791695273834873,NaN,1.214048582534025,45744,1000,0,0.0,0.0,0.0927879,2.9702970297029703
3,concentrated,legacy,58112,226830373,Completed,2.961689548222949,NaN,NaN,58112,0,0,0.0,0.0,0.084834,2.9702970297029703
3,concentrated,prior,44100,226830373,Completed,2.96297277091368,78.08316189160028,NaN,44100,0,220500,0.0,0.0,0.0736647,2.9702970297029703
3,concentrated,single,73080,226830373,Fitted,2.9705043487618554,36752.6547584622,2.621270105279198,73080,3000,365400,0.0053964,1.406E-4,0.1478516,2.9702970297029703
3,concentrated,mixture,63196,226830373,Fitted,2.971745935669092,23450.369244482816,3.4581046009526206,63196,3000,315980,0.0051416000000000005,0.0041930000000000005,0.14559370000000002,2.9702970297029703
3,concentrated,mh,92732,226830373,Completed,2.989191644776348,NaN,1.033003798897154,92732,1000,0,0.0,0.0,0.18380960000000002,2.9702970297029703
3,concentrated,legacy,116584,226830373,Completed,2.961086363751065,NaN,NaN,116584,0,0,0.0,0.0,0.16535260000000002,2.9702970297029703
3,concentrated,prior,88416,226830373,Completed,2.962147397415196,147.05549524165272,NaN,88416,0,530496,0.0,0.0,0.1446831,2.9702970297029703
3,hierarchical,single,29384,226830373,Fitted,0.9822809181717014,14057.519238726636,1.2278785542638304,29384,3000,235072,0.0058545,1.392E-4,0.0744756,0.9803921568627451
3,hierarchical,mixture,11160,226830373,IterationLimit,NaN,NaN,1.2127094665832787,0,3000,0,0.0053527,0.0739481,0.07937920000000001,0.9803921568627451
3,hierarchical,mh,46584,226830373,Completed,0.9798819926540275,NaN,1.0031986651037745,46584,1000,0,0.0,0.0,0.0904317,0.9803921568627451
3,hierarchical,legacy,43792,226830373,Completed,0.979243570680536,NaN,NaN,43792,0,0,0.0,0.0,0.0748824,0.9803921568627451
3,hierarchical,prior,34824,226830373,Completed,0.9785045350160982,2988.7148522116777,NaN,34824,0,348240,0.0,0.0,0.0716143,0.9803921568627451
3,hierarchical,single,61512,226830373,Fitted,0.981336427965957,32535.598125567136,1.0929020367241429,61512,3000,615120,0.0055861,1.373E-4,0.1466077,0.9803921568627451
3,hierarchical,mixture,41528,226830373,IterationLimit,NaN,NaN,1.2431301740197414,0,3000,0,0.005009,0.0742469,0.0793523,0.9803921568627451
3,hierarchical,mh,94824,226830373,Completed,0.9855081402213048,NaN,1.007595799116404,94824,1000,0,0.0,0.0,0.1946962,0.9803921568627451
3,hierarchical,legacy,87804,226830373,Completed,0.9798621161853716,NaN,NaN,87804,0,0,0.0,0.0,0.1828939,0.9803921568627451
3,hierarchical,prior,69696,226830373,Completed,0.9793431139922628,5950.83448047421,NaN,69696,0,627264,0.0,0.0,0.14124350000000002,0.9803921568627451
3,mixture,single,35864,226830373,Fitted,0.6254035372205115,6233.095157418668,1.0086976001853991,35864,3000,251048,0.0051952000000000005,1.317E-4,0.0793713,0.631578947368421
3,mixture,mixture,29192,226830373,Fitted,0.6333051851598828,26871.022638230817,1.0029131144023806,29192,3000,204344,0.0053582000000000005,0.0038627,0.074865,0.631578947368421
3,mixture,mh,42832,226830373,Completed,0.6300196115054165,NaN,1.000012175158458,42832,1000,0,0.0,0.0,0.0878536,0.631578947368421
3,mixture,legacy,102232,226830373,Completed,0.6309215238664726,NaN,NaN,102232,0,0,0.0,0.0,0.0801051,0.631578947368421
3,mixture,prior,47620,226830373,Completed,0.6278361741371778,31211.282817638083,NaN,47620,0,285720,0.0,0.0,0.0743133,0.631578947368421
3,mixture,single,74768,226830373,Fitted,0.6291662245829428,13013.249840179227,1.0086976001853991,74768,3000,523376,0.0057721000000000005,1.463E-4,0.1548025,0.631578947368421
3,mixture,mixture,62548,226830373,Fitted,0.6312800633463633,57600.16240226232,1.0029131144023806,62548,3000,437836,0.0055688000000000005,0.004913600000000001,0.1487177,0.631578947368421
3,mixture,mh,86692,226830373,Completed,0.6266783555576062,NaN,1.0001059530765348,86692,1000,0,0.0,0.0,0.1842466,0.631578947368421
3,mixture,legacy,204768,226830373,Completed,0.6328191549412049,NaN,NaN,204768,0,0,0.0,0.0,0.1596283,0.631578947368421
3,mixture,prior,95408,226830373,Completed,0.6301662143264484,62588.162924595366,NaN,95408,0,667856,0.0,0.0,0.1563071,0.631578947368421
3,concentrated,mixture,23168,242316236,Fitted,2.970158547107,5372.517506959404,4.217878326033426,23168,3000,139008,0.004974200000000001,0.040500400000000006,0.09576820000000001,2.9702970297029703
3,concentrated,mh,45744,242316236,Completed,2.977884515432276,NaN,1.1820331676924085,45744,1000,0,0.0,0.0,0.0904306,2.9702970297029703
3,concentrated,legacy,58112,242316236,Completed,2.9664274421335084,NaN,NaN,58112,0,0,0.0,0.0,0.08220150000000001,2.9702970297029703
3,concentrated,prior,44100,242316236,Completed,2.9646457393876755,78.31989351130821,NaN,44100,0,220500,0.0,0.0,0.0701176,2.9702970297029703
3,concentrated,single,35104,242316236,Fitted,2.9693966372174883,11557.80773534064,1.7490783991713599,35104,3000,175520,0.0057026,1.493E-4,0.07058,2.9702970297029703
3,concentrated,mixture,63196,242316236,Fitted,2.9709481698194073,14633.764834308118,4.217878326033426,63196,3000,379176,0.0050385000000000004,0.0421136,0.1812919,2.9702970297029703
3,concentrated,mh,92732,242316236,Completed,2.974165468377007,NaN,1.1586783042573074,92732,1000,0,0.0,0.0,0.1897848,2.9702970297029703
3,concentrated,legacy,116584,242316236,Completed,2.971026402350291,NaN,NaN,116584,0,0,0.0,0.0,0.18113330000000002,2.9702970297029703
3,concentrated,prior,88416,242316236,Completed,2.9723551303679265,151.77119363195266,NaN,88416,0,442080,0.0,0.0,0.1473344,2.9702970297029703
3,concentrated,single,73080,242316236,Fitted,2.9697454156395784,24145.648675176188,1.7490783991713599,73080,3000,365400,0.0050586,1.5690000000000002E-4,0.1459535,2.9702970297029703
3,hierarchical,mixture,11160,242316236,Fitted,0.9809357427726483,5221.45070094536,1.2734584781693428,11160,3000,100440,0.0050878,0.011828400000000001,0.0464166,0.9803921568627451
3,hierarchical,mh,46584,242316236,Completed,0.9698362197785044,NaN,1.0112904760901396,46584,1000,0,0.0,0.0,0.090495,0.9803921568627451
3,hierarchical,legacy,43792,242316236,Completed,0.9771555769474304,NaN,NaN,43792,0,0,0.0,0.0,0.0761744,0.9803921568627451
3,hierarchical,prior,34824,242316236,Completed,0.9782247848614595,2955.873621446143,NaN,34824,0,278592,0.0,0.0,0.0713341,0.9803921568627451
3,hierarchical,single,29384,242316236,Fitted,0.9806205021166148,15478.974082627794,1.2579567713402644,29384,3000,264456,0.005665900000000001,1.5700000000000002E-4,0.0725356,0.9803921568627451
3,hierarchical,mixture,41528,242316236,IterationLimit,NaN,NaN,1.313673165670302,0,3000,0,0.0053035,0.0743085,0.0796833,0.9803921568627451
3,hierarchical,mh,94824,242316236,Completed,0.9862958400661044,NaN,1.0042687444198868,94824,1000,0,0.0,0.0,0.19250420000000001,0.9803921568627451
3,hierarchical,legacy,87804,242316236,Completed,0.9780830099354535,NaN,NaN,87804,0,0,0.0,0.0,0.1555704,0.9803921568627451
3,hierarchical,prior,69696,242316236,Completed,0.9782047101567805,5997.360540833431,NaN,69696,0,627264,0.0,0.0,0.13467690000000002,0.9803921568627451
3,hierarchical,single,61512,242316236,Fitted,0.9810589929984073,31427.12668595564,1.3260508095095795,61512,3000,492096,0.005349400000000001,1.667E-4,0.14130610000000002,0.9803921568627451
3,mixture,mixture,29192,242316236,Fitted,0.6356396640017651,28128.581315281135,1.0010540230497895,29192,3000,145960,0.006041100000000001,0.0042171000000000005,0.0758195,0.631578947368421
3,mixture,mh,42832,242316236,Completed,0.6334983190138215,NaN,1.0002569185481598,42832,1000,0,0.0,0.0,0.0895745,0.631578947368421
3,mixture,legacy,102232,242316236,Completed,0.6311711860215165,NaN,NaN,102232,0,0,0.0,0.0,0.06862420000000001,0.631578947368421
3,mixture,prior,47620,242316236,Completed,0.6293380640871095,31229.070910277802,NaN,47620,0,333340,0.0,0.0,0.0791733,0.631578947368421
3,mixture,single,35864,242316236,Fitted,0.6279461516431196,6189.683870889915,1.0019285628413845,35864,3000,215184,0.0053341000000000005,1.5350000000000002E-4,0.0757126,0.631578947368421
3,mixture,mixture,62548,242316236,Fitted,0.6321557110746793,60258.918422818795,1.0010540230497895,62548,3000,437836,0.0050479,0.0039916000000000005,0.1507367,0.631578947368421
3,mixture,mh,86692,242316236,Completed,0.6332418216213722,NaN,1.0000978509805003,86692,1000,0,0.0,0.0,0.1851808,0.631578947368421
3,mixture,legacy,204768,242316236,Completed,0.6310135666991207,NaN,NaN,204768,0,0,0.0,0.0,0.15655460000000002,0.631578947368421
3,mixture,prior,95408,242316236,Completed,0.630574092897983,62597.98921006767,NaN,95408,0,667856,0.0,0.0,0.1587868,0.631578947368421
3,mixture,single,74768,242316236,Fitted,0.6309794772481416,12652.568298319753,1.0019285628413845,74768,3000,448608,0.0053285,1.387E-4,0.15198040000000002,0.631578947368421
3,concentrated,mh,45744,257802099,Completed,2.9657163532329927,NaN,1.4248532051033473,45744,1000,0,0.0,0.0,0.09051580000000001,2.9702970297029703
3,concentrated,legacy,58112,257802099,Completed,2.9786435123501973,NaN,NaN,58112,0,0,0.0,0.0,0.07791300000000001,2.9702970297029703
3,concentrated,prior,44100,257802099,Completed,2.974813281144962,68.1053056759077,NaN,44100,0,264600,0.0,0.0,0.07201250000000001,2.9702970297029703
3,concentrated,single,35104,257802099,Fitted,2.9699764695265722,12625.752403157194,2.1014018313634457,35104,3000,210624,0.0055778,1.428E-4,0.0717788,2.9702970297029703
3,concentrated,mixture,23168,257802099,Fitted,2.9708059097590227,6429.325178468753,3.0480298990806634,23168,3000,115840,0.0052195,0.027836700000000002,0.08280560000000001,2.9702970297029703
3,concentrated,mh,92732,257802099,Completed,2.960062698873133,NaN,1.1513784598375203,92732,1000,0,0.0,0.0,0.1851798,2.9702970297029703
3,concentrated,legacy,116584,257802099,Completed,2.973714622660427,NaN,NaN,116584,0,0,0.0,0.0,0.16172140000000002,2.9702970297029703
3,concentrated,prior,88416,257802099,Completed,2.975867198394647,141.31052083445806,NaN,88416,0,530496,0.0,0.0,0.13787280000000002,2.9702970297029703
3,concentrated,single,73080,257802099,Fitted,2.96989369675002,26366.721446455736,2.1014018313634457,73080,3000,438480,0.005410900000000001,1.497E-4,0.142219,2.9702970297029703
3,concentrated,mixture,63196,257802099,Fitted,2.970106205271985,17491.278436447472,3.0480298990806634,63196,3000,379176,0.0050648,0.0277253,0.1692153,2.9702970297029703
3,hierarchical,mh,46584,257802099,Completed,0.982563174671901,NaN,1.0091465739838488,46584,1000,0,0.0,0.0,0.0925349,0.9803921568627451
3,hierarchical,legacy,43792,257802099,Completed,0.9810787767874835,NaN,NaN,43792,0,0,0.0,0.0,0.07553610000000001,0.9803921568627451
3,hierarchical,prior,34824,257802099,Completed,0.9808884694171226,3022.8780284142344,NaN,34824,0,348240,0.0,0.0,0.0706563,0.9803921568627451
3,hierarchical,single,29384,257802099,Fitted,0.9809717762586583,13347.589003415495,1.2088378316539532,29384,3000,235072,0.0056119,1.393E-4,0.072247,0.9803921568627451
3,hierarchical,mixture,11160,257802099,IterationLimit,NaN,NaN,1.3037331820426994,0,3000,0,0.005406500000000001,0.0761324,0.081667,0.9803921568627451
3,hierarchical,mh,94824,257802099,Completed,0.9816043500344477,NaN,1.0013579184232255,94824,1000,0,0.0,0.0,0.19757450000000001,0.9803921568627451
3,hierarchical,legacy,87804,257802099,Completed,0.9802861819308711,NaN,NaN,87804,0,0,0.0,0.0,0.15655960000000002,0.9803921568627451
3,hierarchical,prior,69696,257802099,Completed,0.9810490886301066,6018.557172251711,NaN,69696,0,557568,0.0,0.0,0.1371978,0.9803921568627451
3,hierarchical,single,61512,257802099,Fitted,0.9808529939890441,32649.683925084948,1.3825443862107085,61512,3000,615120,0.0050562,1.5250000000000002E-4,0.14706930000000001,0.9803921568627451
3,hierarchical,mixture,41528,257802099,Fitted,0.981754750509366,16053.663232109036,1.270545060267313,41528,3000,332224,0.0053508,0.0083469,0.1195375,0.9803921568627451
3,mixture,mh,42832,257802099,Completed,0.6369536794919686,NaN,1.0001297435379455,42832,1000,0,0.0,0.0,0.08807910000000001,0.631578947368421
3,mixture,legacy,102232,257802099,Completed,0.6351310512269644,NaN,NaN,102232,0,0,0.0,0.0,0.0740814,0.631578947368421
3,mixture,prior,47620,257802099,Completed,0.6372795141361539,31326.942985126985,NaN,47620,0,285720,0.0,0.0,0.0756036,0.631578947368421
3,mixture,single,35864,257802099,Fitted,0.62376022251612,6010.1675787791255,1.0020803813693102,35864,3000,215184,0.0058776,1.5350000000000002E-4,0.0763206,0.631578947368421
3,mixture,mixture,29192,257802099,Fitted,0.6307404744843782,27506.452343288027,1.0083860142592935,29192,3000,204344,0.005578400000000001,0.0044187,0.07792510000000001,0.631578947368421
3,mixture,mh,86692,257802099,Completed,0.6321113828265583,NaN,1.0002526204626347,86692,1000,0,0.0,0.0,0.18342150000000002,0.631578947368421
3,mixture,legacy,204768,257802099,Completed,0.6340034015697601,NaN,NaN,204768,0,0,0.0,0.0,0.1678529,0.631578947368421
3,mixture,prior,95408,257802099,Completed,0.635650156581806,62723.11891701009,NaN,95408,0,572448,0.0,0.0,0.15457420000000002,0.631578947368421
3,mixture,single,74768,257802099,Fitted,0.6291128502667993,12630.892879708666,1.0020803813693102,74768,3000,448608,0.0055214,1.3780000000000002E-4,0.1502139,0.631578947368421
3,mixture,mixture,62548,257802099,Fitted,0.6312132951872419,58919.62844648307,1.0083860142592935,62548,3000,375288,0.0057035,0.003926600000000001,0.14596440000000002,0.631578947368421
3,concentrated,legacy,58112,273287962,Completed,2.9639873227334035,NaN,NaN,58112,0,0,0.0,0.0,0.0765151,2.9702970297029703
3,concentrated,prior,44100,273287962,Completed,2.9558361415092005,74.27541898352526,NaN,44100,0,264600,0.0,0.0,0.0707415,2.9702970297029703
3,concentrated,single,35104,273287962,Fitted,2.9700911246117245,16421.429868516072,8.008972014298514,35104,3000,210624,0.005503,1.4350000000000002E-4,0.0711918,2.9702970297029703
3,concentrated,mixture,23168,273287962,Fitted,2.969985352450698,3580.9089014444157,3.4847245148479296,23168,3000,115840,0.0052621000000000005,0.07260810000000001,0.1272269,2.9702970297029703
3,concentrated,mh,45744,273287962,Completed,2.9535905110604923,NaN,1.0874046708759053,45744,1000,0,0.0,0.0,0.090232,2.9702970297029703
3,concentrated,legacy,116584,273287962,Completed,2.9708432199272443,NaN,NaN,116584,0,0,0.0,0.0,0.15744460000000002,2.9702970297029703
3,concentrated,prior,88416,273287962,Completed,2.9695228551223716,144.1442123891548,NaN,88416,0,442080,0.0,0.0,0.13939870000000001,2.9702970297029703
3,concentrated,single,73080,273287962,Fitted,2.9703939176116374,34288.023970295326,8.008972014298514,73080,3000,438480,0.0049804,1.2880000000000001E-4,0.1397132,2.9702970297029703
3,concentrated,mixture,63196,273287962,Fitted,2.9705213865456765,9742.122279846251,3.4847245148479296,63196,3000,315980,0.0054962000000000006,0.07208780000000001,0.2134019,2.9702970297029703
3,concentrated,mh,92732,273287962,Completed,2.976229447315375,NaN,1.0679860352594268,92732,1000,0,0.0,0.0,0.1869451,2.9702970297029703
3,hierarchical,legacy,43792,273287962,Completed,0.9775250869215312,NaN,NaN,43792,0,0,0.0,0.0,0.0747902,0.9803921568627451
3,hierarchical,prior,34824,273287962,Completed,0.9777797389227857,2975.955018446044,NaN,34824,0,348240,0.0,0.0,0.06934760000000001,0.9803921568627451
3,hierarchical,single,29384,273287962,Fitted,0.9791341267162214,14471.007252703648,1.0696299072247186,29384,3000,264456,0.005474000000000001,1.539E-4,0.0714111,0.9803921568627451
3,hierarchical,mixture,11160,273287962,Fitted,0.9808471032562716,4489.359503911632,1.232809038315468,11160,3000,89280,0.0051447,0.035951000000000004,0.0695738,0.9803921568627451
3,hierarchical,mh,46584,273287962,Completed,0.9794241925395822,NaN,1.0055213931620879,46584,1000,0,0.0,0.0,0.0918999,0.9803921568627451
3,hierarchical,legacy,87804,273287962,Completed,0.9776251940073314,NaN,NaN,87804,0,0,0.0,0.0,0.1610645,0.9803921568627451
3,hierarchical,prior,69696,273287962,Completed,0.9787813486584938,5932.789319331266,NaN,69696,0,627264,0.0,0.0,0.1371079,0.9803921568627451
3,hierarchical,single,61512,273287962,Fitted,0.9804457183495134,29963.930047089158,1.3025713441124986,61512,3000,492096,0.0050486,1.7830000000000002E-4,0.1434079,0.9803921568627451
3,hierarchical,mixture,41528,273287962,Fitted,0.9795248747065014,21007.54157589345,1.0709898128855944,41528,3000,415280,0.0057618,0.041951,0.1570774,0.9803921568627451
3,hierarchical,mh,94824,273287962,Completed,0.9821335246679442,NaN,1.003353610941468,94824,1000,0,0.0,0.0,0.18896600000000002,0.9803921568627451
3,mixture,legacy,102232,273287962,Completed,0.6332052678075551,NaN,NaN,102232,0,0,0.0,0.0,0.08379980000000001,0.631578947368421
3,mixture,prior,47620,273287962,Completed,0.6349136508635905,31297.110993310616,NaN,47620,0,285720,0.0,0.0,0.07597730000000001,0.631578947368421
3,mixture,single,35864,273287962,Fitted,0.6317272357576232,6164.595596085317,1.0052448060265256,35864,3000,215184,0.005781700000000001,1.409E-4,0.0782458,0.631578947368421
3,mixture,mixture,29192,273287962,Fitted,0.6342085300496489,27301.314095373225,1.000824919453022,29192,3000,175152,0.0050983,0.0039886,0.0735518,0.631578947368421
3,mixture,mh,42832,273287962,Completed,0.6340353007097497,NaN,1.0001147406281794,42832,1000,0,0.0,0.0,0.08667240000000001,0.631578947368421
3,mixture,legacy,204768,273287962,Completed,0.6330078260267997,NaN,NaN,204768,0,0,0.0,0.0,0.16531600000000002,0.631578947368421
3,mixture,prior,95408,273287962,Completed,0.6329651937410685,62656.27543693901,NaN,95408,0,667856,0.0,0.0,0.15665600000000002,0.631578947368421
3,mixture,single,74768,273287962,Fitted,0.6324965479514841,12827.734711734383,1.0052448060265256,74768,3000,523376,0.0052082000000000005,1.451E-4,0.17143760000000002,0.631578947368421
3,mixture,mixture,62548,273287962,Fitted,0.6323805940035143,58484.39727422141,1.000824919453022,62548,3000,375288,0.0054551,0.0039613,0.14517080000000002,0.631578947368421
3,mixture,mh,86692,273287962,Completed,0.6326189267752503,NaN,1.000089335259681,86692,1000,0,0.0,0.0,0.1850321,0.631578947368421
3,concentrated,prior,44100,288773825,Completed,2.972490343532869,70.01875244491733,NaN,44100,0,220500,0.0,0.0,0.07130310000000001,2.9702970297029703
3,concentrated,single,35104,288773825,Fitted,2.970985840759802,15072.01391605799,2.968279930700616,35104,3000,175520,0.0052484,1.4120000000000002E-4,0.07198260000000001,2.9702970297029703
3,concentrated,mixture,23168,288773825,Fitted,2.970877389639828,15281.415872588123,2.3317322023904854,23168,3000,139008,0.005109000000000001,0.012495800000000001,0.071684,2.9702970297029703
3,concentrated,mh,45744,288773825,Completed,2.9537379831187494,NaN,1.0895035404915954,45744,1000,0,0.0,0.0,0.09501140000000001,2.9702970297029703
3,concentrated,legacy,58112,288773825,Completed,2.9716525135741048,NaN,NaN,58112,0,0,0.0,0.0,0.08389020000000001,2.9702970297029703
3,concentrated,prior,88416,288773825,Completed,2.9649592506208906,136.57808598783797,NaN,88416,0,442080,0.0,0.0,0.1385074,2.9702970297029703
3,concentrated,single,73080,288773825,Fitted,2.9709077373843202,31216.26503303702,2.968279930700616,73080,3000,438480,0.0053106,1.307E-4,0.14037940000000002,2.9702970297029703
3,concentrated,mixture,63196,288773825,Fitted,2.9707279807366085,41771.02576621313,2.3317322023904854,63196,3000,379176,0.0052782,0.015369500000000001,0.15607580000000001,2.9702970297029703
3,concentrated,mh,92732,288773825,Completed,2.9614093089068496,NaN,1.1100117514471914,92732,1000,0,0.0,0.0,0.18529320000000002,2.9702970297029703
3,concentrated,legacy,116584,288773825,Completed,2.9689129386218878,NaN,NaN,116584,0,0,0.0,0.0,0.17029070000000002,2.9702970297029703
3,hierarchical,prior,34824,288773825,Completed,0.979630305459046,2958.565225903851,NaN,34824,0,313416,0.0,0.0,0.0690915,0.9803921568627451
3,hierarchical,single,29384,288773825,Fitted,0.9813265071350302,13679.176982214956,1.1842816724205714,29384,3000,293840,0.0050916,1.3020000000000002E-4,0.0724964,0.9803921568627451
3,hierarchical,mixture,11160,288773825,IterationLimit,NaN,NaN,1.1426314859242817,0,3000,0,0.0055529,0.0766787,0.082314,0.9803921568627451
3,hierarchical,mh,46584,288773825,Completed,0.9816480753031243,NaN,1.0118923828356483,46584,1000,0,0.0,0.0,0.09796400000000001,0.9803921568627451
3,hierarchical,legacy,43792,288773825,Completed,0.9796119532298734,NaN,NaN,43792,0,0,0.0,0.0,0.0788901,0.9803921568627451
3,hierarchical,prior,69696,288773825,Completed,0.980200601839043,5860.643449281404,NaN,69696,0,627264,0.0,0.0,0.1410517,0.9803921568627451
3,hierarchical,single,61512,288773825,Fitted,0.9810015923101615,32265.75031217643,1.2418928849146755,61512,3000,615120,0.0056094000000000005,1.437E-4,0.1453943,0.9803921568627451
3,hierarchical,mixture,41528,288773825,Fitted,0.980478849809932,19913.089927022076,1.2461571665823514,41528,3000,373752,0.0055928,0.011905800000000001,0.12481690000000001,0.9803921568627451
3,hierarchical,mh,94824,288773825,Completed,0.9828752911388184,NaN,1.0016200944464346,94824,1000,0,0.0,0.0,0.19882930000000001,0.9803921568627451
3,hierarchical,legacy,87804,288773825,Completed,0.9801948558609159,NaN,NaN,87804,0,0,0.0,0.0,0.1576661,0.9803921568627451
3,mixture,prior,47620,288773825,Completed,0.6281652598846287,31215.16094257626,NaN,47620,0,333340,0.0,0.0,0.0766671,0.631578947368421
3,mixture,single,35864,288773825,Fitted,0.6246796038182666,6180.847863131819,1.003525859083602,35864,3000,215184,0.0059573000000000004,1.606E-4,0.078169,0.631578947368421
3,mixture,mixture,29192,288773825,Fitted,0.632711997029508,27386.105210720092,1.0058510696591771,29192,3000,175152,0.0052037,0.004437900000000001,0.08015330000000001,0.631578947368421
3,mixture,mh,42832,288773825,Completed,0.6327979081060889,NaN,1.0001037180092933,42832,1000,0,0.0,0.0,0.09561180000000001,0.631578947368421
3,mixture,legacy,102232,288773825,Completed,0.628917816926459,NaN,NaN,102232,0,0,0.0,0.0,0.0755064,0.631578947368421
3,mixture,prior,95408,288773825,Completed,0.6288109967162533,62555.75674765464,NaN,95408,0,572448,0.0,0.0,0.1519289,0.631578947368421
3,mixture,single,74768,288773825,Fitted,0.631406579646681,12822.69951716029,1.003525859083602,74768,3000,448608,0.0054453,1.5260000000000002E-4,0.1526296,0.631578947368421
3,mixture,mixture,62548,288773825,Fitted,0.6332272217637862,58672.01749141423,1.0058510696591771,62548,3000,375288,0.00523,0.0040734000000000005,0.14494010000000002,0.631578947368421
3,mixture,mh,86692,288773825,Completed,0.6318922161214414,NaN,0.9999998742118315,86692,1000,0,0.0,0.0,0.18387060000000002,0.631578947368421
3,mixture,legacy,204768,288773825,Completed,0.6304168726314701,NaN,NaN,204768,0,0,0.0,0.0,0.15003860000000002,0.631578947368421
3,concentrated,single,35104,304259688,Fitted,2.9696911400058243,19697.543952634896,2.6459592794596114,35104,3000,175520,0.0048928,1.421E-4,0.0711885,2.9702970297029703
3,concentrated,mixture,23168,304259688,Fitted,2.969643721022579,9602.039227474059,1.932277825402883,23168,3000,115840,0.0055478,0.0567905,0.1175284,2.9702970297029703
3,concentrated,mh,45744,304259688,Completed,2.938892807757979,NaN,1.1406479668798464,45744,1000,0,0.0,0.0,0.09433380000000001,2.9702970297029703
3,concentrated,legacy,58112,304259688,Completed,2.9617634396698267,NaN,NaN,58112,0,0,0.0,0.0,0.0822028,2.9702970297029703
3,concentrated,prior,44100,304259688,Completed,2.9621731915690104,73.18930007036259,NaN,44100,0,264600,0.0,0.0,0.06881480000000001,2.9702970297029703
3,concentrated,single,73080,304259688,Fitted,2.970076229991813,40941.305620004736,2.6459592794596114,73080,3000,438480,0.005218400000000001,1.538E-4,0.14520260000000001,2.9702970297029703
3,concentrated,mixture,63196,304259688,Fitted,2.97029724201126,26032.49885024662,1.932277825402883,63196,3000,379176,0.006213300000000001,0.0554783,0.20051280000000002,2.9702970297029703
3,concentrated,mh,92732,304259688,Completed,2.9636648359368243,NaN,1.0564930721463368,92732,1000,0,0.0,0.0,0.18221050000000003,2.9702970297029703
3,concentrated,legacy,116584,304259688,Completed,2.9663783184414227,NaN,NaN,116584,0,0,0.0,0.0,0.21907210000000002,2.9702970297029703
3,concentrated,prior,88416,304259688,Completed,2.9656626206111834,146.4457533130201,NaN,88416,0,530496,0.0,0.0,0.1440644,2.9702970297029703
3,hierarchical,single,29384,304259688,Fitted,0.9810006609776643,12962.468913388595,1.081511648769593,29384,3000,293840,0.0057054,1.476E-4,0.0734138,0.9803921568627451
3,hierarchical,mixture,11160,304259688,Fitted,0.9817957017059189,5616.257123561724,1.1664939256090836,11160,3000,111600,0.0053483,0.0205374,0.055987,0.9803921568627451
3,hierarchical,mh,46584,304259688,Completed,0.979935786952127,NaN,1.0044999321017776,46584,1000,0,0.0,0.0,0.0933383,0.9803921568627451
3,hierarchical,legacy,43792,304259688,Completed,0.9810972716617009,NaN,NaN,43792,0,0,0.0,0.0,0.07370660000000001,0.9803921568627451
3,hierarchical,prior,34824,304259688,Completed,0.9795185875298813,2992.608807231265,NaN,34824,0,313416,0.0,0.0,0.0703906,0.9803921568627451
3,hierarchical,single,61512,304259688,Fitted,0.9812806955920149,31402.50436861279,1.1428333495264114,61512,3000,553608,0.005041,1.282E-4,0.14080620000000002,0.9803921568627451
3,hierarchical,mixture,41528,304259688,Fitted,0.9798961819817157,21502.656353883965,1.113896505474383,41528,3000,415280,0.0052689,0.0495031,0.1619198,0.9803921568627451
3,hierarchical,mh,94824,304259688,Completed,0.9769136161084597,NaN,1.0019764053561016,94824,1000,0,0.0,0.0,0.1899896,0.9803921568627451
3,hierarchical,legacy,87804,304259688,Completed,0.9816044347303021,NaN,NaN,87804,0,0,0.0,0.0,0.1501809,0.9803921568627451
3,hierarchical,prior,69696,304259688,Completed,0.9819094134041306,6015.920733576007,NaN,69696,0,696960,0.0,0.0,0.1359899,0.9803921568627451
3,mixture,single,35864,304259688,Fitted,0.6351898035030021,6240.868860756449,1.0088188339535662,35864,3000,251048,0.0055136000000000004,1.5470000000000002E-4,0.0786806,0.631578947368421
3,mixture,mixture,29192,304259688,Fitted,0.630645023990059,27654.577694384447,1.0099002886549397,29192,3000,175152,0.0061815,0.0046115,0.07608490000000001,0.631578947368421
3,mixture,mh,42832,304259688,Completed,0.639731976092641,NaN,1.0003431071066755,42832,1000,0,0.0,0.0,0.0892194,0.631578947368421
3,mixture,legacy,102232,304259688,Completed,0.6307151472665306,NaN,NaN,102232,0,0,0.0,0.0,0.08299200000000001,0.631578947368421
3,mixture,prior,47620,304259688,Completed,0.6314625869140814,31254.623595003308,NaN,47620,0,285720,0.0,0.0,0.0758651,0.631578947368421
3,mixture,single,74768,304259688,Fitted,0.633049741505866,12996.974161306884,1.0088188339535662,74768,3000,448608,0.0052209000000000005,1.3800000000000002E-4,0.1512823,0.631578947368421
3,mixture,mixture,62548,304259688,Fitted,0.6303212289326223,59252.14752354726,1.0099002886549397,62548,3000,375288,0.005318000000000001,0.0041546000000000005,0.1454164,0.631578947368421
3,mixture,mh,86692,304259688,Completed,0.635018225441794,NaN,1.0000876278653446,86692,1000,0,0.0,0.0,0.184279,0.631578947368421
3,mixture,legacy,204768,304259688,Completed,0.6304603027495211,NaN,NaN,204768,0,0,0.0,0.0,0.1696089,0.631578947368421
3,mixture,prior,95408,304259688,Completed,0.6304692550376592,62595.46030961488,NaN,95408,0,667856,0.0,0.0,0.1574297,0.631578947368421
3,concentrated,mixture,23168,319745551,IterationLimit,NaN,NaN,1.7018239203091152,0,3000,0,0.005059200000000001,0.07271040000000001,0.0778544,2.9702970297029703
3,concentrated,mh,45744,319745551,Completed,2.962018199977834,NaN,1.2531843924603097,45744,1000,0,0.0,0.0,0.09059980000000001,2.9702970297029703
3,concentrated,legacy,58112,319745551,Completed,2.9756395041099193,NaN,NaN,58112,0,0,0.0,0.0,0.0777062,2.9702970297029703
3,concentrated,prior,44100,319745551,Completed,2.9788567367912595,67.73292106101896,NaN,44100,0,220500,0.0,0.0,0.0699336,2.9702970297029703
3,concentrated,single,35104,319745551,Fitted,2.9693188161373194,12853.587954037344,1.7018239203091152,35104,3000,210624,0.0054218,1.594E-4,0.07147690000000001,2.9702970297029703
3,concentrated,mixture,63196,319745551,Fitted,2.970195729647494,29895.932941323845,2.333637345253282,63196,3000,379176,0.005671300000000001,0.0279036,0.1692731,2.9702970297029703
3,concentrated,mh,92732,319745551,Completed,2.960558698182418,NaN,1.1138028649431637,92732,1000,0,0.0,0.0,0.18542340000000002,2.9702970297029703
3,concentrated,legacy,116584,319745551,Completed,2.97875997343968,NaN,NaN,116584,0,0,0.0,0.0,0.1668432,2.9702970297029703
3,concentrated,prior,88416,319745551,Completed,2.9765989413909404,166.04226369297558,NaN,88416,0,442080,0.0,0.0,0.14384650000000002,2.9702970297029703
3,concentrated,single,73080,319745551,Fitted,2.9697546710715383,26691.222568254892,1.7018239203091152,73080,3000,438480,0.005321500000000001,1.44E-4,0.1482718,2.9702970297029703
3,hierarchical,mixture,11160,319745551,Fitted,0.9836600887722106,4934.498632307146,1.0833020396750053,11160,3000,111600,0.0050939,0.018320700000000002,0.052769500000000004,0.9803921568627451
3,hierarchical,mh,46584,319745551,Completed,0.9885330791627196,NaN,1.0104036117081414,46584,1000,0,0.0,0.0,0.08950490000000001,0.9803921568627451
3,hierarchical,legacy,43792,319745551,Completed,0.9816569077517319,NaN,NaN,43792,0,0,0.0,0.0,0.07696270000000001,0.9803921568627451
3,hierarchical,prior,34824,319745551,Completed,0.9820382609399104,2975.9973895806356,NaN,34824,0,313416,0.0,0.0,0.0669038,0.9803921568627451
3,hierarchical,single,29384,319745551,Fitted,0.9818798327119491,14865.488376274321,1.3207044826088123,29384,3000,293840,0.0052027,1.3780000000000002E-4,0.0716784,0.9803921568627451
3,hierarchical,mixture,41528,319745551,IterationLimit,NaN,NaN,1.1663944676861608,0,3000,0,0.0057907,0.0716157,0.07749210000000001,0.9803921568627451
3,hierarchical,mh,94824,319745551,Completed,0.9818980466620568,NaN,1.002513220835221,94824,1000,0,0.0,0.0,0.19252480000000002,0.9803921568627451
3,hierarchical,legacy,87804,319745551,Completed,0.9809486573640669,NaN,NaN,87804,0,0,0.0,0.0,0.1598348,0.9803921568627451
3,hierarchical,prior,69696,319745551,Completed,0.980051306673163,6045.559497092964,NaN,69696,0,627264,0.0,0.0,0.1385558,0.9803921568627451
3,hierarchical,single,61512,319745551,Fitted,0.9823268117096421,32631.493848203336,1.2624658930692905,61512,3000,553608,0.0050014000000000005,1.4130000000000002E-4,0.14194320000000002,0.9803921568627451
3,mixture,mixture,29192,319745551,Fitted,0.6304606247598116,27879.044226735667,1.005109237430172,29192,3000,204344,0.005580900000000001,0.0040022,0.0747985,0.631578947368421
3,mixture,mh,42832,319745551,Completed,0.6384712364587224,NaN,1.0004913882390054,42832,1000,0,0.0,0.0,0.0876248,0.631578947368421
3,mixture,legacy,102232,319745551,Completed,0.631659142502677,NaN,NaN,102232,0,0,0.0,0.0,0.0792003,0.631578947368421
3,mixture,prior,47620,319745551,Completed,0.6339674182427538,31285.340452817,NaN,47620,0,333340,0.0,0.0,0.0770692,0.631578947368421
3,mixture,single,35864,319745551,Fitted,0.6247031195669452,6154.007266486563,1.002127661061455,35864,3000,251048,0.0060209,1.3910000000000002E-4,0.0796409,0.631578947368421
3,mixture,mixture,62548,319745551,Fitted,0.6306931171079999,59696.72741038174,1.005109237430172,62548,3000,437836,0.0056084,0.0041264000000000006,0.1511941,0.631578947368421
3,mixture,mh,86692,319745551,Completed,0.6365754625570987,NaN,1.0001591583699447,86692,1000,0,0.0,0.0,0.1858333,0.631578947368421
3,mixture,legacy,204768,319745551,Completed,0.6323011349048504,NaN,NaN,204768,0,0,0.0,0.0,0.17781860000000002,0.631578947368421
3,mixture,prior,95408,319745551,Completed,0.6316207539470505,62623.35945645199,NaN,95408,0,667856,0.0,0.0,0.22934290000000002,0.631578947368421
3,mixture,single,74768,319745551,Fitted,0.6267274098153897,12912.302218118168,1.002127661061455,74768,3000,523376,0.0054086,1.393E-4,0.1537802,0.631578947368421
3,concentrated,mh,45744,335231414,Completed,2.9367052187607072,NaN,1.1098802959955119,45744,1000,0,0.0,0.0,0.0908332,2.9702970297029703
3,concentrated,legacy,58112,335231414,Completed,2.9770298893952667,NaN,NaN,58112,0,0,0.0,0.0,0.08304320000000001,2.9702970297029703
3,concentrated,prior,44100,335231414,Completed,2.977668157025206,66.63554994967737,NaN,44100,0,220500,0.0,0.0,0.0719819,2.9702970297029703
3,concentrated,single,35104,335231414,Fitted,2.970686611330907,10032.838944751787,4.978920953354645,35104,3000,175520,0.0049349,1.4130000000000002E-4,0.06972890000000001,2.9702970297029703
3,concentrated,mixture,23168,335231414,Fitted,2.970936472594224,11736.87437797104,3.306699775306637,23168,3000,115840,0.005168900000000001,0.0079366,0.06412050000000001,2.9702970297029703
3,concentrated,mh,92732,335231414,Completed,2.942158790497156,NaN,1.0548726932429253,92732,1000,0,0.0,0.0,0.18897560000000002,2.9702970297029703
3,concentrated,legacy,116584,335231414,Completed,2.9737462632958342,NaN,NaN,116584,0,0,0.0,0.0,0.17108620000000002,2.9702970297029703
3,concentrated,prior,88416,335231414,Completed,2.974694482848284,139.99864067987917,NaN,88416,0,442080,0.0,0.0,0.147212,2.9702970297029703
3,concentrated,single,73080,335231414,Fitted,2.970089375509366,20981.567110880147,4.978920953354645,73080,3000,365400,0.0049058,1.477E-4,0.141647,2.9702970297029703
3,concentrated,mixture,63196,335231414,Fitted,2.9702238888553967,31747.73083727509,3.306699775306637,63196,3000,315980,0.0050482,0.007512100000000001,0.14902780000000002,2.9702970297029703
3,hierarchical,mh,46584,335231414,Completed,0.9781605202424887,NaN,1.0032407246785051,46584,1000,0,0.0,0.0,0.0925628,0.9803921568627451
3,hierarchical,legacy,43792,335231414,Completed,0.9790271651737532,NaN,NaN,43792,0,0,0.0,0.0,0.0766516,0.9803921568627451
3,hierarchical,prior,34824,335231414,Completed,0.9782567596932958,2924.301466463103,NaN,34824,0,313416,0.0,0.0,0.06901550000000001,0.9803921568627451
3,hierarchical,single,29384,335231414,Fitted,0.9809072872030247,14364.057890367409,1.245078435548334,29384,3000,264456,0.005236200000000001,1.488E-4,0.0706614,0.9803921568627451
3,hierarchical,mixture,11160,335231414,Fitted,0.9777509281239299,5544.549928266849,1.144632018558417,11160,3000,100440,0.0050152,0.018063600000000003,0.0529516,0.9803921568627451
3,hierarchical,mh,94824,335231414,Completed,0.976199718014487,NaN,1.003960742376322,94824,1000,0,0.0,0.0,0.18581140000000002,0.9803921568627451
3,hierarchical,legacy,87804,335231414,Completed,0.97974540546745,NaN,NaN,87804,0,0,0.0,0.0,0.1573406,0.9803921568627451
3,hierarchical,prior,69696,335231414,Completed,0.9799115980582788,5929.518611422573,NaN,69696,0,696960,0.0,0.0,0.14052050000000002,0.9803921568627451
3,hierarchical,single,61512,335231414,Fitted,0.9804561640521741,31195.60766732941,1.1120237588803634,61512,3000,492096,0.0056575,1.348E-4,0.1461402,0.9803921568627451
3,hierarchical,mixture,41528,335231414,Fitted,0.9801097384917482,19510.289785795347,1.083262797800188,41528,3000,373752,0.0052358000000000005,0.0475464,0.1563286,0.9803921568627451
3,mixture,mh,42832,335231414,Completed,0.6262140455734031,NaN,1.0003426292152862,42832,1000,0,0.0,0.0,0.0883864,0.631578947368421
3,mixture,legacy,102232,335231414,Completed,0.6308889461478967,NaN,NaN,102232,0,0,0.0,0.0,0.08283120000000001,0.631578947368421
3,mixture,prior,47620,335231414,Completed,0.6306936390596081,31245.322170373063,NaN,47620,0,285720,0.0,0.0,0.0769983,0.631578947368421
3,mixture,single,35864,335231414,Fitted,0.6306204312260367,6216.331043590156,1.0083802994604834,35864,3000,215184,0.005184,1.275E-4,0.075185,0.631578947368421
3,mixture,mixture,29192,335231414,Fitted,0.6323332980899297,27646.089146391474,1.0025849977204506,29192,3000,204344,0.0051654000000000005,0.0042043,0.07429960000000001,0.631578947368421
3,mixture,mh,86692,335231414,Completed,0.627774189083191,NaN,1.0000154003989712,86692,1000,0,0.0,0.0,0.1846662,0.631578947368421
3,mixture,legacy,204768,335231414,Completed,0.6313169492485097,NaN,NaN,204768,0,0,0.0,0.0,0.1679235,0.631578947368421
3,mixture,prior,95408,335231414,Completed,0.6309116911368634,62606.147954729924,NaN,95408,0,572448,0.0,0.0,0.1510286,0.631578947368421
3,mixture,single,74768,335231414,Fitted,0.6294236635485679,13024.575062492951,1.0083802994604834,74768,3000,448608,0.0054719,1.352E-4,0.1611823,0.631578947368421
3,mixture,mixture,62548,335231414,Fitted,0.6312188586647481,59181.9076026304,1.0025849977204506,62548,3000,437836,0.0066998000000000005,0.0047666,0.16383930000000002,0.631578947368421
