jvm,case,method,draws,seed,status,mean,ess,rhat,attempts,pilotTransitions,visits,pilotSeconds,fitSeconds,totalSeconds,reference
1,concentrated,legacy,2000,23000003,Completed,2.9341197010502578,NaN,NaN,2000,0,0,0.0,0.0,0.017692600000000003,2.9702970297029703
1,concentrated,prior,2000,23000003,Completed,2.934119701050256,2.092488099471675,NaN,2000,0,10000,0.0,0.0,0.013009300000000001,2.9702970297029703
1,concentrated,single,2000,23000003,Fitted,2.9715761310680175,1142.840193833937,3.3784570861739307,2000,3000,10000,0.0133913,4.969E-4,0.024159100000000003,2.9702970297029703
1,concentrated,mixture,2000,23000003,Fitted,2.9677218646005556,738.3816543465739,3.454902991760459,2000,3000,10000,0.020895900000000002,0.054133200000000006,0.08468500000000001,2.9702970297029703
1,concentrated,mh,2000,23000003,Completed,2.7460606478186413,NaN,5.756756139999649,2000,1000,0,0.0,0.0,0.0087597,2.9702970297029703
1,concentrated,legacy,8000,23000003,Completed,2.8926610919215068,NaN,NaN,8000,0,0,0.0,0.0,0.024079200000000002,2.9702970297029703
1,concentrated,prior,8000,23000003,Completed,2.8926610919214975,7.1975586417120425,NaN,8000,0,40000,0.0,0.0,0.0297694,2.9702970297029703
1,concentrated,single,8000,23000003,Fitted,2.970720429743327,4617.251614609022,3.3784570861739307,8000,3000,40000,0.010126900000000001,4.537E-4,0.039115000000000004,2.9702970297029703
1,concentrated,mixture,8000,23000003,Fitted,2.9698625005447363,3104.5716846877535,3.454902991760459,8000,3000,40000,0.008825000000000001,0.0582106,0.0952482,2.9702970297029703
1,concentrated,mh,8000,23000003,Completed,2.8440338480137632,NaN,2.163005219486001,8000,1000,0,0.0,0.0,0.0219868,2.9702970297029703
1,hierarchical,legacy,2000,23000003,Completed,0.9888733185987445,NaN,NaN,2000,0,0,0.0,0.0,0.0214416,0.9803921568627451
1,hierarchical,prior,2000,23000003,Completed,0.9888733185987278,170.89673807271373,NaN,2000,0,18000,0.0,0.0,0.0191827,0.9803921568627451
1,hierarchical,single,2000,23000003,Fitted,0.9776776096046897,966.0473090217248,1.1887340206833055,2000,3000,18000,0.013508800000000001,3.041E-4,0.0349568,0.9803921568627451
1,hierarchical,mixture,2000,23000003,Fitted,0.9891865873739989,985.036434375633,1.133052688964626,2000,3000,18000,0.014606500000000001,0.041487100000000006,0.0795715,0.9803921568627451
1,hierarchical,mh,2000,23000003,Completed,1.0023581559828953,NaN,1.1166077250730724,2000,1000,0,0.0,0.0,0.0100265,0.9803921568627451
1,hierarchical,legacy,8000,23000003,Completed,0.9853350996712589,NaN,NaN,8000,0,0,0.0,0.0,0.023802900000000002,0.9803921568627451
1,hierarchical,prior,8000,23000003,Completed,0.9853350996711869,705.1460129987605,NaN,8000,0,72000,0.0,0.0,0.077475,0.9803921568627451
1,hierarchical,single,8000,23000003,Fitted,0.971520207139471,1994.2683328342896,1.376768418941244,8000,3000,72000,0.0114742,2.929E-4,0.0355629,0.9803921568627451
1,hierarchical,mixture,8000,23000003,Fitted,0.982018965876306,3676.887592073526,1.1835072802377482,8000,3000,64000,0.009268,0.0597777,0.0956926,0.9803921568627451
1,hierarchical,mh,8000,23000003,Completed,0.9597000919061881,NaN,1.0226247141190579,8000,1000,0,0.0,0.0,0.019849600000000002,0.9803921568627451
1,mixture,legacy,2000,23000003,Completed,0.6370757180156605,NaN,NaN,2000,0,0,0.0,0.0,0.0025328,0.631578947368421
1,mixture,prior,2000,23000003,Completed,0.6370757180156699,1315.5964125560274,NaN,2000,0,14000,0.0,0.0,0.006432200000000001,0.631578947368421
1,mixture,single,2000,23000003,Fitted,0.6046140873169156,358.9203605557221,1.0020211758750026,2000,3000,12000,0.0073274,2.81E-4,0.012852200000000001,0.631578947368421
1,mixture,mixture,2000,23000003,Fitted,0.6308589783931373,1888.8314274422335,1.003236357257913,2000,3000,10000,0.0066446000000000005,0.0042099,0.0162245,0.631578947368421
1,mixture,mh,2000,23000003,Completed,0.6345000000000001,NaN,1.0028166037268251,2000,1000,0,0.0,0.0,0.0062743,0.631578947368421
1,mixture,legacy,8000,23000003,Completed,0.6296345164269679,NaN,NaN,8000,0,0,0.0,0.0,0.005869200000000001,0.631578947368421
1,mixture,prior,8000,23000003,Completed,0.6296345164269579,5246.973372915385,NaN,8000,0,56000,0.0,0.0,0.016077300000000003,0.631578947368421
1,mixture,single,8000,23000003,Fitted,0.6412331170895152,1383.2327016711622,1.0020211758750026,8000,3000,48000,0.0072832,3.774E-4,0.0268573,0.631578947368421
1,mixture,mixture,8000,23000003,Fitted,0.6358195824693411,7541.320641350499,1.003236357257913,8000,3000,40000,0.0114876,0.0045566,0.035891200000000005,0.631578947368421
1,mixture,mh,8000,23000003,Completed,0.616125,NaN,1.0010940795232122,8000,1000,0,0.0,0.0,0.017510500000000002,0.631578947368421
1,concentrated,prior,2000,38485866,Completed,2.945647167496213,4.85983304063056,NaN,2000,0,10000,0.0,0.0,0.0041122,2.9702970297029703
1,concentrated,single,2000,38485866,Fitted,2.9725776280946694,841.4681880731496,1.9684426363809304,2000,3000,10000,0.006018900000000001,2.659E-4,0.0109736,2.9702970297029703
1,concentrated,mixture,2000,38485866,Fitted,2.967905969797092,429.73154463677247,2.9132763989917336,2000,3000,12000,0.0057558,0.011688700000000002,0.0228983,2.9702970297029703
1,concentrated,mh,2000,38485866,Completed,2.7441440075494037,NaN,2.613792723309082,2000,1000,0,0.0,0.0,0.006166700000000001,2.9702970297029703
1,concentrated,legacy,2000,38485866,Completed,2.945647167496216,NaN,NaN,2000,0,0,0.0,0.0,0.0030578000000000003,2.9702970297029703
1,concentrated,prior,8000,38485866,Completed,2.9425361925577573,11.869045952360766,NaN,8000,0,40000,0.0,0.0,0.015067500000000001,2.9702970297029703
1,concentrated,single,8000,38485866,Fitted,2.9701562236582233,3309.593079841691,1.9684426363809304,8000,3000,40000,0.0058545,4.068E-4,0.0269863,2.9702970297029703
1,concentrated,mixture,8000,38485866,Fitted,2.9706807478049213,1678.2432844429402,2.9132763989917336,8000,3000,48000,0.0069718,0.011249,0.0377838,2.9702970297029703
1,concentrated,mh,8000,38485866,Completed,2.915318518407908,NaN,1.4597648464832997,8000,1000,0,0.0,0.0,0.016857300000000002,2.9702970297029703
1,concentrated,legacy,8000,38485866,Completed,2.942536192557765,NaN,NaN,8000,0,0,0.0,0.0,0.0109651,2.9702970297029703
1,hierarchical,prior,2000,38485866,Completed,0.9833361845539901,166.37545314092282,NaN,2000,0,16000,0.0,0.0,0.0047723,0.9803921568627451
1,hierarchical,single,2000,38485866,Fitted,0.988347726824502,774.5835812348276,1.441585586109695,2000,3000,20000,0.0064092,2.8250000000000004E-4,0.0121487,0.9803921568627451
1,hierarchical,mixture,2000,38485866,IterationLimit,NaN,NaN,1.3322888644433655,0,3000,0,0.0069031000000000006,0.08157700000000001,0.08860570000000001,0.9803921568627451
1,hierarchical,mh,2000,38485866,Completed,0.9516674737852614,NaN,1.1267551325002771,2000,1000,0,0.0,0.0,0.0081489,0.9803921568627451
1,hierarchical,legacy,2000,38485866,Completed,0.9833361845540033,NaN,NaN,2000,0,0,0.0,0.0,0.0037823,0.9803921568627451
1,hierarchical,prior,8000,38485866,Completed,0.9852230334988863,668.652761655257,NaN,8000,0,72000,0.0,0.0,0.0180103,0.9803921568627451
1,hierarchical,single,8000,38485866,Fitted,0.9857816729096764,4052.128683643182,1.2457968168627631,8000,3000,80000,0.007023100000000001,2.571E-4,0.0288068,0.9803921568627451
1,hierarchical,mixture,8000,38485866,Fitted,0.9802179897651011,4320.23328602066,1.4944271009382761,8000,3000,72000,0.0067802,0.0190161,0.048610600000000004,0.9803921568627451
1,hierarchical,mh,8000,38485866,Completed,0.9802418740502686,NaN,1.0794318696265186,8000,1000,0,0.0,0.0,0.0184455,0.9803921568627451
1,hierarchical,legacy,8000,38485866,Completed,0.9852230334989567,NaN,NaN,8000,0,0,0.0,0.0,0.014509900000000001,0.9803921568627451
1,mixture,prior,2000,38485866,Completed,0.637620662666319,1315.887953425891,NaN,2000,0,10000,0.0,0.0,0.0036786,0.631578947368421
1,mixture,single,2000,38485866,Fitted,0.6584021732976214,341.2243881537911,1.0047958773598409,2000,3000,10000,0.0063359,2.75E-4,0.0113583,0.631578947368421
1,mixture,mixture,2000,38485866,Fitted,0.617525802537703,1869.9698747402365,1.0044785390288067,2000,3000,12000,0.005673,0.0042987,0.015456800000000001,0.631578947368421
1,mixture,mh,2000,38485866,Completed,0.6125,NaN,1.0049046305388383,2000,1000,0,0.0,0.0,0.0062767000000000005,0.631578947368421
1,mixture,legacy,2000,38485866,Completed,0.6376206626663147,NaN,NaN,2000,0,0,0.0,0.0,0.0021889,0.631578947368421
1,mixture,prior,8000,38485866,Completed,0.6406026756721314,5270.024538786088,NaN,8000,0,48000,0.0,0.0,0.015797500000000003,0.631578947368421
1,mixture,single,8000,38485866,Fitted,0.6375755082959442,1353.6555049057451,1.0047958773598409,8000,3000,40000,0.0065997,2.8480000000000004E-4,0.032295700000000004,0.631578947368421
1,mixture,mixture,8000,38485866,Fitted,0.6274764567871433,7476.006942052605,1.0044785390288067,8000,3000,48000,0.008177700000000001,0.0073857,0.047876300000000004,0.631578947368421
1,mixture,mh,8000,38485866,Completed,0.6234999999999999,NaN,1.0016264916354198,8000,1000,0,0.0,0.0,0.018480100000000003,0.631578947368421
1,mixture,legacy,8000,38485866,Completed,0.6406026756721741,NaN,NaN,8000,0,0,0.0,0.0,0.007573900000000001,0.631578947368421
1,concentrated,single,2000,53971729,Fitted,2.972216540034537,1061.0071760674732,2.7034729183275923,2000,3000,12000,0.0057689,3.55E-4,0.0113556,2.9702970297029703
1,concentrated,mixture,2000,53971729,Fitted,2.964084656970102,468.4228067290668,2.8328572287651497,2000,3000,10000,0.0059835,0.017464300000000002,0.028866600000000003,2.9702970297029703
1,concentrated,mh,2000,53971729,Completed,2.8136263444069907,NaN,3.081395008233442,2000,1000,0,0.0,0.0,0.0060718000000000005,2.9702970297029703
1,concentrated,legacy,2000,53971729,Completed,2.8261988130928115,NaN,NaN,2000,0,0,0.0,0.0,0.0030472000000000003,2.9702970297029703
1,concentrated,prior,2000,53971729,Completed,2.826198813092812,4.5402529380529195,NaN,2000,0,10000,0.0,0.0,0.0038951000000000003,2.9702970297029703
1,concentrated,single,8000,53971729,Fitted,2.971482443762729,4343.887193583586,2.7034729183275923,8000,3000,48000,0.0058408,2.499E-4,0.023798200000000002,2.9702970297029703
1,concentrated,mixture,8000,53971729,Fitted,2.9678471369686577,1954.113543940825,2.8328572287651497,8000,3000,40000,0.0058712,0.0210304,0.0461857,2.9702970297029703
1,concentrated,mh,8000,53971729,Completed,2.9630593053032506,NaN,1.396826266767006,8000,1000,0,0.0,0.0,0.015855900000000003,2.9702970297029703
1,concentrated,legacy,8000,53971729,Completed,2.924848784198571,NaN,NaN,8000,0,0,0.0,0.0,0.010686600000000001,2.9702970297029703
1,concentrated,prior,8000,53971729,Completed,2.9248487841985646,12.286594897148419,NaN,8000,0,40000,0.0,0.0,0.0144048,2.9702970297029703
1,hierarchical,single,2000,53971729,Fitted,0.9797555428886089,1059.9977466368352,1.2825228158440145,2000,3000,16000,0.006133400000000001,1.8940000000000002E-4,0.011646100000000001,0.9803921568627451
1,hierarchical,mixture,2000,53971729,Fitted,0.979455901135729,1107.5290982642673,1.1531043641011656,2000,3000,16000,0.0057374,0.0296584,0.0417406,0.9803921568627451
1,hierarchical,mh,2000,53971729,Completed,1.0089590326353164,NaN,1.269949330536767,2000,1000,0,0.0,0.0,0.0071419000000000005,0.9803921568627451
1,hierarchical,legacy,2000,53971729,Completed,0.9943334244280647,NaN,NaN,2000,0,0,0.0,0.0,0.00394,0.9803921568627451
1,hierarchical,prior,2000,53971729,Completed,0.9943334244280463,179.56409793778164,NaN,2000,0,18000,0.0,0.0,0.005083300000000001,0.9803921568627451
1,hierarchical,single,8000,53971729,Fitted,0.9791182725620897,3959.488067413651,1.0733900640297787,8000,3000,80000,0.0059632,1.7240000000000002E-4,0.0313213,0.9803921568627451
1,hierarchical,mixture,8000,53971729,IterationLimit,NaN,NaN,1.19260947232807,0,3000,0,0.0061996,0.07592940000000001,0.0822514,0.9803921568627451
1,hierarchical,mh,8000,53971729,Completed,0.9766272126163651,NaN,1.0323432040583658,8000,1000,0,0.0,0.0,0.017648,0.9803921568627451
1,hierarchical,legacy,8000,53971729,Completed,0.9825124137207285,NaN,NaN,8000,0,0,0.0,0.0,0.015101400000000001,0.9803921568627451
1,hierarchical,prior,8000,53971729,Completed,0.9825124137206611,699.640579452584,NaN,8000,0,72000,0.0,0.0,0.0221393,0.9803921568627451
1,mixture,single,2000,53971729,Fitted,0.6643945222818349,342.75898024536383,1.0094893157065008,2000,3000,14000,0.0060880000000000005,2.311E-4,0.0114295,0.631578947368421
1,mixture,mixture,2000,53971729,Fitted,0.634960501720822,1888.941213219544,1.0028891810314655,2000,3000,14000,0.005833100000000001,0.0038971,0.015600300000000001,0.631578947368421
1,mixture,mh,2000,53971729,Completed,0.644,NaN,1.0007335961905202,2000,1000,0,0.0,0.0,0.0061839,0.631578947368421
1,mixture,legacy,2000,53971729,Completed,0.640332640332635,NaN,NaN,2000,0,0,0.0,0.0,0.0021134,0.631578947368421
1,mixture,prior,2000,53971729,Completed,0.6403326403326299,1317.3580071174779,NaN,2000,0,12000,0.0,0.0,0.0038743000000000002,0.631578947368421
1,mixture,single,8000,53971729,Fitted,0.6491405044498791,1373.8434607539496,1.0094893157065008,8000,3000,48000,0.0063864,1.7380000000000002E-4,0.0245805,0.631578947368421
1,mixture,mixture,8000,53971729,Fitted,0.6348935509809708,7544.070295582338,1.0028891810314655,8000,3000,48000,0.0059873,0.0044164,0.0309618,0.631578947368421
1,mixture,mh,8000,53971729,Completed,0.6208750000000001,NaN,1.0002554566744617,8000,1000,0,0.0,0.0,0.0179011,0.631578947368421
1,mixture,legacy,8000,53971729,Completed,0.6355727088375813,NaN,NaN,8000,0,0,0.0,0.0,0.007647,0.631578947368421
1,mixture,prior,8000,53971729,Completed,0.6355727088375765,5259.195881625547,NaN,8000,0,48000,0.0,0.0,0.0193785,0.631578947368421
1,concentrated,mixture,2000,69457592,Fitted,2.9642426328002207,495.9490726699552,3.8845084461530117,2000,3000,10000,0.006757300000000001,0.0047987,0.016801,2.9702970297029703
1,concentrated,mh,2000,69457592,Completed,2.6967856261862897,NaN,3.273527922053737,2000,1000,0,0.0,0.0,0.0061183,2.9702970297029703
1,concentrated,legacy,2000,69457592,Completed,2.981635037258316,NaN,NaN,2000,0,0,0.0,0.0,0.0031019000000000003,2.9702970297029703
1,concentrated,prior,2000,69457592,Completed,2.981635037258314,3.556969988044921,NaN,2000,0,10000,0.0,0.0,0.0037760000000000003,2.9702970297029703
1,concentrated,single,2000,69457592,Fitted,2.97085572842272,948.2434457541644,4.126803902469941,2000,3000,10000,0.0055618,1.75E-4,0.0102784,2.9702970297029703
1,concentrated,mixture,8000,69457592,Fitted,2.9649384022329626,2044.6242909635953,3.8845084461530117,8000,3000,48000,0.005171,0.0049938000000000005,0.0294213,2.9702970297029703
1,concentrated,mh,8000,69457592,Completed,2.948981226699493,NaN,1.599512540505217,8000,1000,0,0.0,0.0,0.0161535,2.9702970297029703
1,concentrated,legacy,8000,69457592,Completed,2.982893521996639,NaN,NaN,8000,0,0,0.0,0.0,0.0108444,2.9702970297029703
1,concentrated,prior,8000,69457592,Completed,2.98289352199663,14.571742429063317,NaN,8000,0,48000,0.0,0.0,0.0145778,2.9702970297029703
1,concentrated,single,8000,69457592,Fitted,2.9720296049574513,3927.9312998154137,4.126803902469941,8000,3000,40000,0.0058025,1.776E-4,0.023277700000000002,2.9702970297029703
1,hierarchical,mixture,2000,69457592,IterationLimit,NaN,NaN,1.1315670110370035,0,3000,0,0.0060775000000000004,0.07898050000000001,0.0851562,0.9803921568627451
1,hierarchical,mh,2000,69457592,Completed,0.9642174831237709,NaN,1.2501100233584432,2000,1000,0,0.0,0.0,0.0066844,0.9803921568627451
1,hierarchical,legacy,2000,69457592,Completed,0.9704960001610198,NaN,NaN,2000,0,0,0.0,0.0,0.0037440000000000004,0.9803921568627451
1,hierarchical,prior,2000,69457592,Completed,0.9704960001610038,168.5236112323579,NaN,2000,0,20000,0.0,0.0,0.0045836,0.9803921568627451
1,hierarchical,single,2000,69457592,Fitted,0.9811477402044873,1052.5196335106248,1.0894048663455307,2000,3000,20000,0.0057196,1.823E-4,0.011195100000000001,0.9803921568627451
1,hierarchical,mixture,8000,69457592,Fitted,0.9743485078874874,3992.884903397951,1.1696143052026424,8000,3000,64000,0.0061272,0.011508500000000001,0.0398446,0.9803921568627451
1,hierarchical,mh,8000,69457592,Completed,0.9916890004072283,NaN,1.1044863889568135,8000,1000,0,0.0,0.0,0.018725500000000003,0.9803921568627451
1,hierarchical,legacy,8000,69457592,Completed,0.983533587104972,NaN,NaN,8000,0,0,0.0,0.0,0.014712900000000001,0.9803921568627451
1,hierarchical,prior,8000,69457592,Completed,0.9835335871048899,676.5131798406597,NaN,8000,0,80000,0.0,0.0,0.0171526,0.9803921568627451
1,hierarchical,single,8000,69457592,Fitted,0.9782940663832839,4236.224983663701,1.2978474842597287,8000,3000,80000,0.0054251,1.7360000000000002E-4,0.0244996,0.9803921568627451
1,mixture,mixture,2000,69457592,Fitted,0.6301262997125537,1902.3933348686462,1.007513201295714,2000,3000,14000,0.0057145,0.0037372000000000004,0.014586400000000001,0.631578947368421
1,mixture,mh,2000,69457592,Completed,0.641,NaN,1.0030029861023155,2000,1000,0,0.0,0.0,0.005549,0.631578947368421
1,mixture,legacy,2000,69457592,Completed,0.6488706365503019,NaN,NaN,2000,0,0,0.0,0.0,0.0016939000000000001,0.631578947368421
1,mixture,prior,2000,69457592,Completed,0.6488706365503017,1322.1965156794172,NaN,2000,0,14000,0.0,0.0,0.0035888,0.631578947368421
1,mixture,single,2000,69457592,Fitted,0.6278695866875929,343.24370653200515,1.0053370050708332,2000,3000,14000,0.0049118,1.5120000000000002E-4,0.0094975,0.631578947368421
1,mixture,mixture,8000,69457592,Fitted,0.6298066716419092,7594.737653907271,1.007513201295714,8000,3000,56000,0.0053426,0.0036275,0.027742700000000002,0.631578947368421
1,mixture,mh,8000,69457592,Completed,0.63725,NaN,1.0007617879193165,8000,1000,0,0.0,0.0,0.0172467,0.631578947368421
1,mixture,legacy,8000,69457592,Completed,0.629912951727787,NaN,NaN,8000,0,0,0.0,0.0,0.006961200000000001,0.631578947368421
1,mixture,prior,8000,69457592,Completed,0.6299129517277756,5247.532998630393,NaN,8000,0,56000,0.0,0.0,0.013596,0.631578947368421
1,mixture,single,8000,69457592,Fitted,0.6377212410731378,1351.74849944962,1.0053370050708332,8000,3000,56000,0.0055766,1.7690000000000002E-4,0.0228468,0.631578947368421
1,concentrated,mh,2000,84943455,Completed,2.791052396802539,NaN,5.291656186565892,2000,1000,0,0.0,0.0,0.0052282000000000006,2.9702970297029703
1,concentrated,legacy,2000,84943455,Completed,2.928390812155595,NaN,NaN,2000,0,0,0.0,0.0,0.0027022,2.9702970297029703
1,concentrated,prior,2000,84943455,Completed,2.928390812155592,5.983260193574286,NaN,2000,0,12000,0.0,0.0,0.0039886,2.9702970297029703
1,concentrated,single,2000,84943455,Fitted,2.9673367694141235,949.7263926300323,2.6617372466237534,2000,3000,12000,0.0050327,2.231E-4,0.009353100000000001,2.9702970297029703
1,concentrated,mixture,2000,84943455,Fitted,2.9694753726733985,546.5447174325087,4.458028673282907,2000,3000,12000,0.004628800000000001,0.0294184,0.0389817,2.9702970297029703
1,concentrated,mh,8000,84943455,Completed,2.880614561698537,NaN,1.7629864694395037,8000,1000,0,0.0,0.0,0.014826800000000001,2.9702970297029703
1,concentrated,legacy,8000,84943455,Completed,2.9492291075131662,NaN,NaN,8000,0,0,0.0,0.0,0.0110139,2.9702970297029703
1,concentrated,prior,8000,84943455,Completed,2.9492291075131587,15.817260365872333,NaN,8000,0,40000,0.0,0.0,0.013723500000000001,2.9702970297029703
1,concentrated,single,8000,84943455,Fitted,2.9669094659089343,3888.5540569964824,2.6617372466237534,8000,3000,40000,0.0054749,1.718E-4,0.0209556,2.9702970297029703
1,concentrated,mixture,8000,84943455,Fitted,2.9687463378565737,2184.8513588617748,4.458028673282907,8000,3000,40000,0.005653,0.0303461,0.053427100000000005,2.9702970297029703
1,hierarchical,mh,2000,84943455,Completed,0.9353332402367331,NaN,1.1845259112014779,2000,1000,0,0.0,0.0,0.0054897,0.9803921568627451
1,hierarchical,legacy,2000,84943455,Completed,0.9712824071625753,NaN,NaN,2000,0,0,0.0,0.0,0.0031713,0.9803921568627451
1,hierarchical,prior,2000,84943455,Completed,0.9712824071625591,182.6856632096312,NaN,2000,0,16000,0.0,0.0,0.0040933,0.9803921568627451
1,hierarchical,single,2000,84943455,Fitted,0.9808568593317385,1109.8406712200015,1.2194211843352245,2000,3000,16000,0.0057034,1.5030000000000002E-4,0.0107419,0.9803921568627451
1,hierarchical,mixture,2000,84943455,IterationLimit,NaN,NaN,1.0852596713743738,0,3000,0,0.005473700000000001,0.0695055,0.07504920000000001,0.9803921568627451
1,hierarchical,mh,8000,84943455,Completed,0.9839999722974311,NaN,1.0793850426762477,8000,1000,0,0.0,0.0,0.014955800000000002,0.9803921568627451
1,hierarchical,legacy,8000,84943455,Completed,0.9704212439958996,NaN,NaN,8000,0,0,0.0,0.0,0.012484400000000001,0.9803921568627451
1,hierarchical,prior,8000,84943455,Completed,0.970421243995838,689.7237163882985,NaN,8000,0,72000,0.0,0.0,0.016078600000000002,0.9803921568627451
1,hierarchical,single,8000,84943455,Fitted,0.9795386752184809,4116.681903341582,1.3878551434226924,8000,3000,72000,0.005652900000000001,1.8030000000000002E-4,0.024947800000000003,0.9803921568627451
1,hierarchical,mixture,8000,84943455,Fitted,0.9846854805834858,3809.1158401312855,1.2149165764269538,8000,3000,72000,0.0054352,0.060086600000000004,0.0867696,0.9803921568627451
1,mixture,mh,2000,84943455,Completed,0.626,NaN,1.0013933056357704,2000,1000,0,0.0,0.0,0.0053857,0.631578947368421
1,mixture,legacy,2000,84943455,Completed,0.6392503904216505,NaN,NaN,2000,0,0,0.0,0.0,0.0016628,0.631578947368421
1,mixture,prior,2000,84943455,Completed,0.6392503904216658,1316.7675289919678,NaN,2000,0,12000,0.0,0.0,0.0033865,0.631578947368421
1,mixture,single,2000,84943455,Fitted,0.6468323418668882,337.99787388671155,1.006594610750186,2000,3000,12000,0.0052361000000000005,1.945E-4,0.0101662,0.631578947368421
1,mixture,mixture,2000,84943455,Fitted,0.6549539024834647,1895.3119032799923,1.003331950874574,2000,3000,12000,0.0055001,0.0038252000000000004,0.0145366,0.631578947368421
1,mixture,mh,8000,84943455,Completed,0.631875,NaN,1.0002847925202232,8000,1000,0,0.0,0.0,0.0169486,0.631578947368421
1,mixture,legacy,8000,84943455,Completed,0.6423527887543088,NaN,NaN,8000,0,0,0.0,0.0,0.006153400000000001,0.631578947368421
1,mixture,prior,8000,84943455,Completed,0.6423527887543179,5273.895518424502,NaN,8000,0,48000,0.0,0.0,0.0128211,0.631578947368421
1,mixture,single,8000,84943455,Fitted,0.6247083132965701,1354.3852792832113,1.006594610750186,8000,3000,48000,0.0050421,1.5250000000000002E-4,0.0214639,0.631578947368421
1,mixture,mixture,8000,84943455,Fitted,0.6391563169352686,7557.87099578534,1.003331950874574,8000,3000,48000,0.0056008,0.0037481000000000003,0.027849000000000002,0.631578947368421
1,concentrated,legacy,2000,100429318,Completed,3.012682769029881,NaN,NaN,2000,0,0,0.0,0.0,0.0027182,2.9702970297029703
1,concentrated,prior,2000,100429318,Completed,3.01268276902988,1.9942140466595462,NaN,2000,0,12000,0.0,0.0,0.0036506000000000004,2.9702970297029703
1,concentrated,single,2000,100429318,Fitted,2.974578893296602,1101.1681750029456,1.9128040679037277,2000,3000,10000,0.005358600000000001,1.7250000000000002E-4,0.009809400000000001,2.9702970297029703
1,concentrated,mixture,2000,100429318,Fitted,2.975760988775104,776.7182657722918,3.4950339785766564,2000,3000,12000,0.0047699000000000005,0.008669900000000001,0.018278700000000002,2.9702970297029703
1,concentrated,mh,2000,100429318,Completed,2.7980042214079752,NaN,2.7293575798493674,2000,1000,0,0.0,0.0,0.0047933,2.9702970297029703
1,concentrated,legacy,8000,100429318,Completed,2.99880565693241,NaN,NaN,8000,0,0,0.0,0.0,0.010714600000000001,2.9702970297029703
1,concentrated,prior,8000,100429318,Completed,2.998805656932395,8.93230381870477,NaN,8000,0,40000,0.0,0.0,0.013811,2.9702970297029703
1,concentrated,single,8000,100429318,Fitted,2.9700559948519913,4405.681676739774,1.9128040679037277,8000,3000,48000,0.0050413,1.4890000000000001E-4,0.0207683,2.9702970297029703
1,concentrated,mixture,8000,100429318,Fitted,2.9720700698384994,3139.1101986732733,3.4950339785766564,8000,3000,40000,0.004994200000000001,0.008453800000000001,0.0308532,2.9702970297029703
1,concentrated,mh,8000,100429318,Completed,2.9251261095234415,NaN,1.8353942492258521,8000,1000,0,0.0,0.0,0.014213700000000001,2.9702970297029703
1,hierarchical,legacy,2000,100429318,Completed,0.9939469173644998,NaN,NaN,2000,0,0,0.0,0.0,0.0031781,0.9803921568627451
1,hierarchical,prior,2000,100429318,Completed,0.9939469173644833,178.5960516538247,NaN,2000,0,16000,0.0,0.0,0.0040146,0.9803921568627451
1,hierarchical,single,2000,100429318,Fitted,0.9871017322508384,1076.2862381416996,1.1731378288432666,2000,3000,18000,0.0051013000000000005,1.575E-4,0.0100164,0.9803921568627451
1,hierarchical,mixture,2000,100429318,Fitted,0.9771434102283962,889.0251940815698,1.1529217150393096,2000,3000,16000,0.0053105,0.0211135,0.032092300000000004,0.9803921568627451
1,hierarchical,mh,2000,100429318,Completed,0.9631979618899331,NaN,1.2225011820869975,2000,1000,0,0.0,0.0,0.0051982,0.9803921568627451
1,hierarchical,legacy,8000,100429318,Completed,0.98466260280171,NaN,NaN,8000,0,0,0.0,0.0,0.0141928,0.9803921568627451
1,hierarchical,prior,8000,100429318,Completed,0.9846626028016514,698.6448377116551,NaN,8000,0,80000,0.0,0.0,0.016127000000000002,0.9803921568627451
1,hierarchical,single,8000,100429318,Fitted,0.9845229095926296,4209.446044210976,1.0772239208581667,8000,3000,80000,0.0050708,1.552E-4,0.023548100000000002,0.9803921568627451
1,hierarchical,mixture,8000,100429318,Fitted,0.986586657101382,3165.352175761522,1.2113541640836893,8000,3000,72000,0.005068100000000001,0.018678200000000002,0.044018,0.9803921568627451
1,hierarchical,mh,8000,100429318,Completed,1.007757389786579,NaN,1.0738405682874808,8000,1000,0,0.0,0.0,0.015120000000000001,0.9803921568627451
1,mixture,legacy,2000,100429318,Completed,0.6299129517277664,NaN,NaN,2000,0,0,0.0,0.0,0.0018725,0.631578947368421
1,mixture,prior,2000,100429318,Completed,0.6299129517277836,1311.8832496576722,NaN,2000,0,12000,0.0,0.0,0.0034936000000000004,0.631578947368421
1,mixture,single,2000,100429318,Fitted,0.6408470486195263,361.73649267571216,1.0031634543307124,2000,3000,12000,0.0057121,1.61E-4,0.010583,0.631578947368421
1,mixture,mixture,2000,100429318,Fitted,0.6419449168990834,1897.0585453965825,1.0028669567249993,2000,3000,14000,0.0057752,0.0038850000000000004,0.0148321,0.631578947368421
1,mixture,mh,2000,100429318,Completed,0.6385,NaN,1.0032298561384254,2000,1000,0,0.0,0.0,0.0050749,0.631578947368421
1,mixture,legacy,8000,100429318,Completed,0.6340631965386225,NaN,NaN,8000,0,0,0.0,0.0,0.007352900000000001,0.631578947368421
1,mixture,prior,8000,100429318,Completed,0.6340631965386091,5256.031533770366,NaN,8000,0,56000,0.0,0.0,0.0134251,0.631578947368421
1,mixture,single,8000,100429318,Fitted,0.6410320801481012,1426.9920431031164,1.0031634543307124,8000,3000,56000,0.005257,1.408E-4,0.022342400000000002,0.631578947368421
1,mixture,mixture,8000,100429318,Fitted,0.6341971199357986,7575.480844915361,1.0028669567249993,8000,3000,56000,0.0058986,0.0039495,0.028330300000000003,0.631578947368421
1,mixture,mh,8000,100429318,Completed,0.63325,NaN,1.0017055739751624,8000,1000,0,0.0,0.0,0.0155925,0.631578947368421
1,concentrated,prior,2000,115915181,Completed,2.9607699808038044,5.12579846941717,NaN,2000,0,12000,0.0,0.0,0.0036591,2.9702970297029703
1,concentrated,single,2000,115915181,Fitted,2.967980757118458,909.6986180367052,2.2864328750117795,2000,3000,12000,0.0051452,1.571E-4,0.009458000000000001,2.9702970297029703
1,concentrated,mixture,2000,115915181,Fitted,2.9693068952120676,730.3385228127838,2.2643624087424064,2000,3000,10000,0.004617100000000001,0.0459053,0.0554115,2.9702970297029703
1,concentrated,mh,2000,115915181,Completed,2.8840281871411992,NaN,2.7171645760041945,2000,1000,0,0.0,0.0,0.0051425,2.9702970297029703
1,concentrated,legacy,2000,115915181,Completed,2.960769980803806,NaN,NaN,2000,0,0,0.0,0.0,0.0028095000000000004,2.9702970297029703
1,concentrated,prior,8000,115915181,Completed,2.9702707963848485,17.29275157002526,NaN,8000,0,48000,0.0,0.0,0.0132399,2.9702970297029703
1,concentrated,single,8000,115915181,Fitted,2.9705674735330057,3714.9833454041254,2.2864328750117795,8000,3000,48000,0.0048252,1.497E-4,0.0200712,2.9702970297029703
1,concentrated,mixture,8000,115915181,Fitted,2.9692006349557754,2996.022842032674,2.2643624087424064,8000,3000,48000,0.0048509,0.0426334,0.06656190000000001,2.9702970297029703
1,concentrated,mh,8000,115915181,Completed,2.9096127007752366,NaN,1.5182115547625314,8000,1000,0,0.0,0.0,0.0144495,2.9702970297029703
1,concentrated,legacy,8000,115915181,Completed,2.9702707963848565,NaN,NaN,8000,0,0,0.0,0.0,0.0096641,2.9702970297029703
1,hierarchical,prior,2000,115915181,Completed,0.9794019523382571,165.6133254354776,NaN,2000,0,16000,0.0,0.0,0.0046928000000000004,0.9803921568627451
1,hierarchical,single,2000,115915181,Fitted,0.9845016327933164,1069.626589448604,1.3125809218653857,2000,3000,16000,0.0051719,1.564E-4,0.0100853,0.9803921568627451
1,hierarchical,mixture,2000,115915181,Fitted,0.9786916046312336,934.3940183192271,1.24720102967306,2000,3000,20000,0.005652000000000001,0.0120811,0.023217500000000002,0.9803921568627451
1,hierarchical,mh,2000,115915181,Completed,1.002710677674532,NaN,1.0760268739425172,2000,1000,0,0.0,0.0,0.005285000000000001,0.9803921568627451
1,hierarchical,legacy,2000,115915181,Completed,0.9794019523382718,NaN,NaN,2000,0,0,0.0,0.0,0.0031494,0.9803921568627451
1,hierarchical,prior,8000,115915181,Completed,0.9789659967374431,699.1474604910591,NaN,8000,0,64000,0.0,0.0,0.015673100000000002,0.9803921568627451
1,hierarchical,single,8000,115915181,Fitted,0.9796739113437464,3653.468245036809,1.3421352137274951,8000,3000,64000,0.07836090000000001,2.389E-4,0.09753700000000001,0.9803921568627451
1,hierarchical,mixture,8000,115915181,Fitted,0.9756741823944979,3251.1208267296324,1.1939484501285709,8000,3000,80000,0.006767100000000001,0.0135864,0.04175,0.9803921568627451
1,hierarchical,mh,8000,115915181,Completed,0.9953273027865304,NaN,1.0476277544875132,8000,1000,0,0.0,0.0,0.0149686,0.9803921568627451
1,hierarchical,legacy,8000,115915181,Completed,0.978965996737514,NaN,NaN,8000,0,0,0.0,0.0,0.012831100000000002,0.9803921568627451
1,mixture,prior,2000,115915181,Completed,0.6381647549530755,1316.180322003611,NaN,2000,0,14000,0.0,0.0,0.0036762,0.631578947368421
1,mixture,single,2000,115915181,Fitted,0.6475003177927795,340.9928223066496,1.0052171559289373,2000,3000,12000,0.0049700000000000005,1.574E-4,0.009589400000000001,0.631578947368421
1,mixture,mixture,2000,115915181,Fitted,0.6276277166750465,1869.3122568663207,1.0014458003823672,2000,3000,14000,0.005414700000000001,0.0036549000000000004,0.014828500000000001,0.631578947368421
1,mixture,mh,2000,115915181,Completed,0.6705,NaN,1.0086913039261811,2000,1000,0,0.0,0.0,0.0053445,0.631578947368421
1,mixture,legacy,2000,115915181,Completed,0.6381647549530726,NaN,NaN,2000,0,0,0.0,0.0,0.0017357000000000002,0.631578947368421
1,mixture,prior,8000,115915181,Completed,0.633512662380292,5254.887220085651,NaN,8000,0,56000,0.0,0.0,0.0136501,0.631578947368421
1,mixture,single,8000,115915181,Fitted,0.6418461558677816,1410.6404975619184,1.0052171559289373,8000,3000,48000,0.0052091,1.912E-4,0.022506500000000002,0.631578947368421
1,mixture,mixture,8000,115915181,Fitted,0.6322429581887941,7500.326582772532,1.0014458003823672,8000,3000,48000,0.005461000000000001,0.0040508,0.028927900000000003,0.631578947368421
1,mixture,mh,8000,115915181,Completed,0.6385000000000001,NaN,1.000215006231709,8000,1000,0,0.0,0.0,0.015301,0.631578947368421
1,mixture,legacy,8000,115915181,Completed,0.6335126623802756,NaN,NaN,8000,0,0,0.0,0.0,0.005807700000000001,0.631578947368421
1,concentrated,single,2000,131401044,Fitted,2.9668417858558964,1040.9215428264686,3.1627095982262663,2000,3000,12000,0.0047774,1.499E-4,0.0092061,2.9702970297029703
1,concentrated,mixture,2000,131401044,Fitted,2.9702468750379905,1156.72625648952,2.4133260242685033,2000,3000,12000,0.0050734000000000005,0.006115000000000001,0.0158915,2.9702970297029703
1,concentrated,mh,2000,131401044,Completed,3.0550091916132325,NaN,1.867376924681649,2000,1000,0,0.0,0.0,0.0045106,2.9702970297029703
1,concentrated,legacy,2000,131401044,Completed,2.880189930162562,NaN,NaN,2000,0,0,0.0,0.0,0.0026088,2.9702970297029703
1,concentrated,prior,2000,131401044,Completed,2.8801899301625626,2.5316454233156214,NaN,2000,0,12000,0.0,0.0,0.0034709000000000003,2.9702970297029703
1,concentrated,single,8000,131401044,Fitted,2.9705596131677963,4157.448748359738,3.1627095982262663,8000,3000,40000,0.0046083,1.484E-4,0.019825000000000002,2.9702970297029703
1,concentrated,mixture,8000,131401044,Fitted,2.9746756776955734,4659.297389342471,2.4133260242685033,8000,3000,48000,0.0049021,0.006540000000000001,0.0293003,2.9702970297029703
1,concentrated,mh,8000,131401044,Completed,3.0317559761430557,NaN,1.756495344604259,8000,1000,0,0.0,0.0,0.0149145,2.9702970297029703
1,concentrated,legacy,8000,131401044,Completed,2.9481592907959393,NaN,NaN,8000,0,0,0.0,0.0,0.0109665,2.9702970297029703
1,concentrated,prior,8000,131401044,Completed,2.948159290795933,8.011754522202416,NaN,8000,0,40000,0.0,0.0,0.0144413,2.9702970297029703
1,hierarchical,single,2000,131401044,Fitted,0.9775009046667602,1065.9379949452975,1.5094673550806654,2000,3000,20000,0.0055037,1.734E-4,0.010664400000000001,0.9803921568627451
1,hierarchical,mixture,2000,131401044,Fitted,0.9784125181331803,901.1257996694501,1.4847892898519288,2000,3000,18000,0.0054673000000000005,0.0268241,0.037835900000000006,0.9803921568627451
1,hierarchical,mh,2000,131401044,Completed,0.9762585222374952,NaN,1.0925914360210092,2000,1000,0,0.0,0.0,0.0054657,0.9803921568627451
1,hierarchical,legacy,2000,131401044,Completed,0.9707289903970705,NaN,NaN,2000,0,0,0.0,0.0,0.0034072000000000004,0.9803921568627451
1,hierarchical,prior,2000,131401044,Completed,0.9707289903970592,169.98354802111558,NaN,2000,0,20000,0.0,0.0,0.0043755,0.9803921568627451
1,hierarchical,single,8000,131401044,Fitted,0.9795705186812765,4131.336376169443,1.144070912969875,8000,3000,72000,0.0051099000000000006,1.56E-4,0.023413100000000003,0.9803921568627451
1,hierarchical,mixture,8000,131401044,Fitted,0.9757973772494245,3802.501935523272,1.1348801454014443,8000,3000,64000,0.005352,0.013141700000000001,0.0405975,0.9803921568627451
1,hierarchical,mh,8000,131401044,Completed,0.9759835863122979,NaN,1.0575007060469994,8000,1000,0,0.0,0.0,0.015531900000000001,0.9803921568627451
1,hierarchical,legacy,8000,131401044,Completed,0.9757933466690601,NaN,NaN,8000,0,0,0.0,0.0,0.0129446,0.9803921568627451
1,hierarchical,prior,8000,131401044,Completed,0.9757933466689949,694.9966584451387,NaN,8000,0,80000,0.0,0.0,0.0159499,0.9803921568627451
1,mixture,single,2000,131401044,Fitted,0.6507595813265699,359.790923079085,1.00930076510707,2000,3000,14000,0.0050785000000000005,1.5130000000000002E-4,0.0098318,0.631578947368421
1,mixture,mixture,2000,131401044,Fitted,0.6342416181597249,1908.9089171318412,1.0055866221815117,2000,3000,14000,0.0052503,0.004142900000000001,0.0145112,0.631578947368421
1,mixture,mh,2000,131401044,Completed,0.631,NaN,1.0131607159463072,2000,1000,0,0.0,0.0,0.0048866000000000005,0.631578947368421
1,mixture,legacy,2000,131401044,Completed,0.6381647549530753,NaN,NaN,2000,0,0,0.0,0.0,0.001794,0.631578947368421
1,mixture,prior,2000,131401044,Completed,0.6381647549530755,1316.1803220036036,NaN,2000,0,14000,0.0,0.0,0.0037168,0.631578947368421
1,mixture,single,8000,131401044,Fitted,0.6387492723375626,1401.5974505269544,1.00930076510707,8000,3000,56000,0.005756300000000001,2.076E-4,0.023734400000000003,0.631578947368421
1,mixture,mixture,8000,131401044,Fitted,0.6271682061714755,7643.3303335465025,1.0055866221815117,8000,3000,56000,0.0064012,0.004393800000000001,0.0310904,0.631578947368421
1,mixture,mh,8000,131401044,Completed,0.628375,NaN,1.002214078139471,8000,1000,0,0.0,0.0,0.0176283,0.631578947368421
1,mixture,legacy,8000,131401044,Completed,0.6278193002182887,NaN,NaN,8000,0,0,0.0,0.0,0.0066776000000000005,0.631578947368421
1,mixture,prior,8000,131401044,Completed,0.6278193002182296,5243.357288679489,NaN,8000,0,56000,0.0,0.0,0.013611900000000001,0.631578947368421
1,concentrated,mixture,2000,146886907,Fitted,2.9700032316243394,669.255777283396,1.8773428760639566,2000,3000,12000,0.005415700000000001,0.019885200000000002,0.0304045,2.9702970297029703
1,concentrated,mh,2000,146886907,Completed,2.9757996301378604,NaN,2.2743579143991286,2000,1000,0,0.0,0.0,0.0052023,2.9702970297029703
1,concentrated,legacy,2000,146886907,Completed,3.0176143780820874,NaN,NaN,2000,0,0,0.0,0.0,0.0027097,2.9702970297029703
1,concentrated,prior,2000,146886907,Completed,3.0176143780820834,4.742572919668114,NaN,2000,0,12000,0.0,0.0,0.0035658,2.9702970297029703
1,concentrated,single,2000,146886907,Fitted,2.973838983122391,532.3679954733194,2.346549137829485,2000,3000,12000,0.0049843000000000005,1.675E-4,0.0094377,2.9702970297029703
1,concentrated,mixture,8000,146886907,Fitted,2.9705170598955255,2616.4494074998606,1.8773428760639566,8000,3000,48000,0.0048691,0.0191085,0.0434321,2.9702970297029703
1,concentrated,mh,8000,146886907,Completed,2.9455410401930076,NaN,1.4311104411824598,8000,1000,0,0.0,0.0,0.0166245,2.9702970297029703
1,concentrated,legacy,8000,146886907,Completed,2.96895045993784,NaN,NaN,8000,0,0,0.0,0.0,0.0102362,2.9702970297029703
1,concentrated,prior,8000,146886907,Completed,2.9689504599378247,13.769554364193942,NaN,8000,0,40000,0.0,0.0,0.012995600000000001,2.9702970297029703
1,concentrated,single,8000,146886907,Fitted,2.96856677329463,2020.5125836893,2.346549137829485,8000,3000,40000,0.0047783,1.51E-4,0.020072100000000002,2.9702970297029703
1,hierarchical,mixture,2000,146886907,Fitted,0.9713846563218623,926.2013938711422,1.238067338296554,2000,3000,16000,0.006069000000000001,0.0059534,0.0174939,0.9803921568627451
1,hierarchical,mh,2000,146886907,Completed,0.9849436909686696,NaN,1.310778444503011,2000,1000,0,0.0,0.0,0.005205700000000001,0.9803921568627451
1,hierarchical,legacy,2000,146886907,Completed,0.9854925408387,NaN,NaN,2000,0,0,0.0,0.0,0.0031923000000000003,0.9803921568627451
1,hierarchical,prior,2000,146886907,Completed,0.9854925408386825,164.36305359856226,NaN,2000,0,16000,0.0,0.0,0.0041452,0.9803921568627451
1,hierarchical,single,2000,146886907,Fitted,0.9785817199739892,1059.2936720189873,1.2696343374540568,2000,3000,16000,0.0056962,1.451E-4,0.0105438,0.9803921568627451
1,hierarchical,mixture,8000,146886907,Fitted,0.9777748513660428,4237.443387614577,1.1159573132197695,8000,3000,64000,0.0047754,0.0267873,0.053549400000000004,0.9803921568627451
1,hierarchical,mh,8000,146886907,Completed,0.962772939790119,NaN,1.0438523277915337,8000,1000,0,0.0,0.0,0.0148442,0.9803921568627451
1,hierarchical,legacy,8000,146886907,Completed,0.986189050494987,NaN,NaN,8000,0,0,0.0,0.0,0.0123485,0.9803921568627451
1,hierarchical,prior,8000,146886907,Completed,0.9861890504949148,677.175955172433,NaN,8000,0,72000,0.0,0.0,0.0158277,0.9803921568627451
1,hierarchical,single,8000,146886907,Fitted,0.9785935893006871,3814.894833030565,1.143686568475128,8000,3000,72000,0.0053911,1.943E-4,0.0239509,0.9803921568627451
1,mixture,mixture,2000,146886907,Fitted,0.6244068291448812,1929.5848393613912,1.0015444445075974,2000,3000,12000,0.0051403,0.0036762,0.013859900000000001,0.631578947368421
1,mixture,mh,2000,146886907,Completed,0.651,NaN,1.001079663359066,2000,1000,0,0.0,0.0,0.005014,0.631578947368421
1,mixture,legacy,2000,146886907,Completed,0.6343381389252919,NaN,NaN,2000,0,0,0.0,0.0,0.0016116000000000001,0.631578947368421
1,mixture,prior,2000,146886907,Completed,0.6343381389252913,1314.1512415349675,NaN,2000,0,14000,0.0,0.0,0.0036492,0.631578947368421
1,mixture,single,2000,146886907,Fitted,0.6324856804328319,370.0946735398188,1.004663513408888,2000,3000,14000,0.0051706,1.6690000000000002E-4,0.009892900000000001,0.631578947368421
1,mixture,mixture,8000,146886907,Fitted,0.6234911015025347,7694.401255146215,1.0015444445075974,8000,3000,56000,0.0051392,0.0037692000000000003,0.028443500000000004,0.631578947368421
1,mixture,mh,8000,146886907,Completed,0.637625,NaN,1.0013096068420997,8000,1000,0,0.0,0.0,0.01712,0.631578947368421
1,mixture,legacy,8000,146886907,Completed,0.6342006947630657,NaN,NaN,8000,0,0,0.0,0.0,0.0061459,0.631578947368421
1,mixture,prior,8000,146886907,Completed,0.6342006947630531,5256.318143840838,NaN,8000,0,48000,0.0,0.0,0.013048800000000001,0.631578947368421
1,mixture,single,8000,146886907,Fitted,0.6147726838168613,1404.238648389913,1.004663513408888,8000,3000,48000,0.004947,1.955E-4,0.021378400000000002,0.631578947368421
1,concentrated,mh,2000,162372770,Completed,2.889435934060147,NaN,2.1300944842900007,2000,1000,0,0.0,0.0,0.0048144,2.9702970297029703
1,concentrated,legacy,2000,162372770,Completed,2.991476931230496,NaN,NaN,2000,0,0,0.0,0.0,0.0026324,2.9702970297029703
1,concentrated,prior,2000,162372770,Completed,2.9914769312304963,3.797206736190474,NaN,2000,0,12000,0.0,0.0,0.0035101000000000004,2.9702970297029703
1,concentrated,single,2000,162372770,Fitted,2.9736145420496,818.9326359485746,2.6598387165034305,2000,3000,10000,0.0045439,1.597E-4,0.008673100000000001,2.9702970297029703
1,concentrated,mixture,2000,162372770,Fitted,2.968836551090198,936.4241080409646,22.255205397959106,2000,3000,12000,0.0049584,0.007598100000000001,0.0171472,2.9702970297029703
1,concentrated,mh,8000,162372770,Completed,2.9250200733723437,NaN,1.6347421715185273,8000,1000,0,0.0,0.0,0.0143248,2.9702970297029703
1,concentrated,legacy,8000,162372770,Completed,2.959295118569444,NaN,NaN,8000,0,0,0.0,0.0,0.0103177,2.9702970297029703
1,concentrated,prior,8000,162372770,Completed,2.9592951185694294,10.230699899303287,NaN,8000,0,48000,0.0,0.0,0.0148804,2.9702970297029703
1,concentrated,single,8000,162372770,Fitted,2.9696802750594906,3253.2699618283887,2.6598387165034305,8000,3000,40000,0.0053775,1.6140000000000002E-4,0.022455700000000002,2.9702970297029703
1,concentrated,mixture,8000,162372770,Fitted,2.972182372168563,2938.5475444351773,22.255205397959106,8000,3000,40000,0.005692900000000001,0.007676700000000001,0.030455100000000002,2.9702970297029703
1,hierarchical,mh,2000,162372770,Completed,0.9773408869876432,NaN,1.3943953298586098,2000,1000,0,0.0,0.0,0.0054111,0.9803921568627451
1,hierarchical,legacy,2000,162372770,Completed,0.9720789920682407,NaN,NaN,2000,0,0,0.0,0.0,0.0033190000000000003,0.9803921568627451
1,hierarchical,prior,2000,162372770,Completed,0.9720789920682282,177.05879216514012,NaN,2000,0,20000,0.0,0.0,0.004327500000000001,0.9803921568627451
1,hierarchical,single,2000,162372770,Fitted,0.9828570347071818,1095.6036688403306,1.3831803760845403,2000,3000,16000,0.0053527,1.394E-4,0.010780000000000001,0.9803921568627451
1,hierarchical,mixture,2000,162372770,Fitted,0.976764235463168,926.0606340565266,1.1255024147747064,2000,3000,20000,0.0051272,0.05330940000000001,0.0642457,0.9803921568627451
1,hierarchical,mh,8000,162372770,Completed,0.9581452531232847,NaN,1.025548601495641,8000,1000,0,0.0,0.0,0.016825700000000002,0.9803921568627451
1,hierarchical,legacy,8000,162372770,Completed,0.9778485624101586,NaN,NaN,8000,0,0,0.0,0.0,0.012546900000000001,0.9803921568627451
1,hierarchical,prior,8000,162372770,Completed,0.9778485624101,666.1100627110025,NaN,8000,0,72000,0.0,0.0,0.0178307,0.9803921568627451
1,hierarchical,single,8000,162372770,Fitted,0.9800294293713842,4363.497542872064,1.420098213506855,8000,3000,80000,0.0057149,1.418E-4,0.024283500000000003,0.9803921568627451
1,hierarchical,mixture,8000,162372770,Fitted,0.9797306131739453,4216.243738660389,1.1893985068797057,8000,3000,80000,0.005351000000000001,0.0083992,0.0346519,0.9803921568627451
1,mixture,mh,2000,162372770,Completed,0.6435,NaN,1.0066060404877402,2000,1000,0,0.0,0.0,0.0053692,0.631578947368421
1,mixture,legacy,2000,162372770,Completed,0.6293558606124489,NaN,NaN,2000,0,0,0.0,0.0,0.0017005000000000002,0.631578947368421
1,mixture,prior,2000,162372770,Completed,0.6293558606124657,1311.6036563071013,NaN,2000,0,14000,0.0,0.0,0.0034444000000000002,0.631578947368421
1,mixture,single,2000,162372770,Fitted,0.5936143417165168,328.31292734395845,1.00332777003872,2000,3000,12000,0.0053163,1.6040000000000002E-4,0.0098136,0.631578947368421
1,mixture,mixture,2000,162372770,Fitted,0.632135529399319,1887.4949087764267,1.0043533830773994,2000,3000,12000,0.0050444,0.0040728000000000006,0.014206600000000002,0.631578947368421
1,mixture,mh,8000,162372770,Completed,0.63625,NaN,1.0003446075734266,8000,1000,0,0.0,0.0,0.0176287,0.631578947368421
1,mixture,legacy,8000,162372770,Completed,0.6438267614738256,NaN,NaN,8000,0,0,0.0,0.0,0.006542500000000001,0.631578947368421
1,mixture,prior,8000,162372770,Completed,0.6438267614738181,5277.197353914618,NaN,8000,0,56000,0.0,0.0,0.0137601,0.631578947368421
1,mixture,single,8000,162372770,Fitted,0.6446684066465442,1354.4552517287073,1.00332777003872,8000,3000,48000,0.0060426,1.6680000000000002E-4,0.022584100000000003,0.631578947368421
1,mixture,mixture,8000,162372770,Fitted,0.6213395530425249,7537.450935016574,1.0043533830773994,8000,3000,48000,0.0056547,0.0041619000000000005,0.0286075,0.631578947368421
1,concentrated,legacy,2000,177858633,Completed,3.039255523412867,NaN,NaN,2000,0,0,0.0,0.0,0.0026677000000000003,2.9702970297029703
1,concentrated,prior,2000,177858633,Completed,3.039255523412867,3.533366545801877,NaN,2000,0,10000,0.0,0.0,0.0036228000000000002,2.9702970297029703
1,concentrated,single,2000,177858633,Fitted,2.9669231570199983,611.1785030306478,2.3099055398576294,2000,3000,12000,0.0054484,1.733E-4,0.009872200000000001,2.9702970297029703
1,concentrated,mixture,2000,177858633,Fitted,2.972389509203914,436.35707447584974,7.3197802182946035,2000,3000,12000,0.005099800000000001,0.014375400000000002,0.024677300000000003,2.9702970297029703
1,concentrated,mh,2000,177858633,Completed,2.8049973090401306,NaN,6.851215864769179,2000,1000,0,0.0,0.0,0.0058804,2.9702970297029703
1,concentrated,legacy,8000,177858633,Completed,2.9804760586269574,NaN,NaN,8000,0,0,0.0,0.0,0.010274700000000001,2.9702970297029703
1,concentrated,prior,8000,177858633,Completed,2.9804760586269485,13.499637049852783,NaN,8000,0,48000,0.0,0.0,0.0141901,2.9702970297029703
1,concentrated,single,8000,177858633,Fitted,2.9697607507664907,2438.882599041243,2.3099055398576294,8000,3000,48000,0.0055498000000000006,1.933E-4,0.0210119,2.9702970297029703
1,concentrated,mixture,8000,177858633,Fitted,2.9693472893784407,1691.906591734242,7.3197802182946035,8000,3000,40000,0.0047888,0.013318900000000002,0.0356083,2.9702970297029703
1,concentrated,mh,8000,177858633,Completed,2.9116802436414666,NaN,1.681678143453543,8000,1000,0,0.0,0.0,0.0154497,2.9702970297029703
1,hierarchical,legacy,2000,177858633,Completed,0.9805504310090897,NaN,NaN,2000,0,0,0.0,0.0,0.0035343,0.9803921568627451
1,hierarchical,prior,2000,177858633,Completed,0.9805504310090772,169.59062341967675,NaN,2000,0,16000,0.0,0.0,0.0045106,0.9803921568627451
1,hierarchical,single,2000,177858633,Fitted,0.9759523058301184,1058.774790991127,1.1854048710095533,2000,3000,16000,0.005694500000000001,1.529E-4,0.0106636,0.9803921568627451
1,hierarchical,mixture,2000,177858633,Fitted,0.9777056001317657,1021.2983028247866,1.0931761354376306,2000,3000,20000,0.004894900000000001,0.048896300000000004,0.059484800000000004,0.9803921568627451
1,hierarchical,mh,2000,177858633,Completed,1.0147596704550061,NaN,1.0833276724886167,2000,1000,0,0.0,0.0,0.0054139,0.9803921568627451
1,hierarchical,legacy,8000,177858633,Completed,0.9747532321379854,NaN,NaN,8000,0,0,0.0,0.0,0.0123546,0.9803921568627451
1,hierarchical,prior,8000,177858633,Completed,0.9747532321379146,696.9107070985946,NaN,8000,0,64000,0.0,0.0,0.015958800000000002,0.9803921568627451
1,hierarchical,single,8000,177858633,Fitted,0.9784903792207768,4134.5670210181015,1.123732202733357,8000,3000,80000,0.0051048000000000005,1.6030000000000002E-4,0.0237517,0.9803921568627451
1,hierarchical,mixture,8000,177858633,Fitted,0.9821657644221309,4097.130224661173,1.0926774505187768,8000,3000,80000,0.0049676,0.009742200000000001,0.0352723,0.9803921568627451
1,hierarchical,mh,8000,177858633,Completed,0.9812539168224369,NaN,1.0452024083971283,8000,1000,0,0.0,0.0,0.0161917,0.9803921568627451
1,mixture,legacy,2000,177858633,Completed,0.6310244930207967,NaN,NaN,2000,0,0,0.0,0.0,0.0018306000000000002,0.631578947368421
1,mixture,prior,2000,177858633,Completed,0.6310244930208121,1312.445061447403,NaN,2000,0,14000,0.0,0.0,0.0037299000000000004,0.631578947368421
1,mixture,single,2000,177858633,Fitted,0.6335425689293437,355.953681386801,1.0115131762856548,2000,3000,14000,0.0052087,1.6900000000000002E-4,0.0107326,0.631578947368421
1,mixture,mixture,2000,177858633,Fitted,0.648526115212454,1876.2558674375364,1.0047369360901406,2000,3000,12000,0.005278000000000001,0.0040631,0.0144591,0.631578947368421
1,mixture,mh,2000,177858633,Completed,0.6425000000000001,NaN,1.0043438701443215,2000,1000,0,0.0,0.0,0.0050288,0.631578947368421
1,mixture,legacy,8000,177858633,Completed,0.6336503771728587,NaN,NaN,8000,0,0,0.0,0.0,0.0059437000000000005,0.631578947368421
1,mixture,prior,8000,177858633,Completed,0.6336503771728355,5255.172979083685,NaN,8000,0,56000,0.0,0.0,0.0139082,0.631578947368421
1,mixture,single,8000,177858633,Fitted,0.6262423907455045,1386.1209765889905,1.0115131762856548,8000,3000,56000,0.0052525,1.564E-4,0.0219698,0.631578947368421
1,mixture,mixture,8000,177858633,Fitted,0.6361412030442586,7495.82834096632,1.0047369360901406,8000,3000,48000,0.0052132,0.0034861000000000002,0.027077300000000002,0.631578947368421
1,mixture,mh,8000,177858633,Completed,0.6347499999999999,NaN,1.0002807951987867,8000,1000,0,0.0,0.0,0.0157208,0.631578947368421
1,concentrated,prior,2000,193344496,Completed,2.8243552509287433,1.4517616421111317,NaN,2000,0,10000,0.0,0.0,0.0035080000000000003,2.9702970297029703
1,concentrated,single,2000,193344496,Fitted,2.9713962407459364,767.8196103861421,2.8318069082242903,2000,3000,12000,0.0056657,1.605E-4,0.0105795,2.9702970297029703
1,concentrated,mixture,2000,193344496,Fitted,2.968769314650871,1040.0602703711174,1.8313791952163658,2000,3000,12000,0.0048104,0.0445614,0.054169,2.9702970297029703
1,concentrated,mh,2000,193344496,Completed,2.811629768534807,NaN,1.5563315090494774,2000,1000,0,0.0,0.0,0.0051665,2.9702970297029703
1,concentrated,legacy,2000,193344496,Completed,2.824355250928745,NaN,NaN,2000,0,0,0.0,0.0,0.0026866000000000004,2.9702970297029703
1,concentrated,prior,8000,193344496,Completed,2.9618153490592847,10.573152307163769,NaN,8000,0,40000,0.0,0.0,0.0131391,2.9702970297029703
1,concentrated,single,8000,193344496,Fitted,2.9709811732082447,2975.7849150185466,2.8318069082242903,8000,3000,48000,0.005260900000000001,1.8130000000000002E-4,0.020850800000000003,2.9702970297029703
1,concentrated,mixture,8000,193344496,Fitted,2.969695745181172,4197.6277164056355,1.8313791952163658,8000,3000,40000,0.0048561,0.047317500000000005,0.069703,2.9702970297029703
1,concentrated,mh,8000,193344496,Completed,2.9392862967310043,NaN,1.410986717388866,8000,1000,0,0.0,0.0,0.014548,2.9702970297029703
1,concentrated,legacy,8000,193344496,Completed,2.9618153490592927,NaN,NaN,8000,0,0,0.0,0.0,0.0101664,2.9702970297029703
1,hierarchical,prior,2000,193344496,Completed,0.9800151679499872,158.70785498486043,NaN,2000,0,18000,0.0,0.0,0.0042008,0.9803921568627451
1,hierarchical,single,2000,193344496,Fitted,0.9850461142523688,1104.3815788834168,1.2021317751229013,2000,3000,20000,0.0051777,1.627E-4,0.0102331,0.9803921568627451
1,hierarchical,mixture,2000,193344496,Fitted,0.9707517083778993,978.1348230404071,1.16079024750341,2000,3000,18000,0.0052418000000000005,0.064463,0.0751473,0.9803921568627451
1,hierarchical,mh,2000,193344496,Completed,0.990167723050713,NaN,1.1881432883808416,2000,1000,0,0.0,0.0,0.005476,0.9803921568627451
1,hierarchical,legacy,2000,193344496,Completed,0.9800151679500015,NaN,NaN,2000,0,0,0.0,0.0,0.0032738000000000003,0.9803921568627451
1,hierarchical,prior,8000,193344496,Completed,0.9784980885034473,683.1889455522496,NaN,8000,0,72000,0.0,0.0,0.0157363,0.9803921568627451
1,hierarchical,single,8000,193344496,Fitted,0.9820871545938309,4165.620145141885,1.3223906925078888,8000,3000,72000,0.0058517000000000005,1.694E-4,0.024250900000000002,0.9803921568627451
1,hierarchical,mixture,8000,193344496,IterationLimit,NaN,NaN,1.1259291629286459,0,3000,0,0.0055000000000000005,0.0697905,0.0753795,0.9803921568627451
1,hierarchical,mh,8000,193344496,Completed,0.9950730049498061,NaN,1.0479475042980988,8000,1000,0,0.0,0.0,0.014981300000000001,0.9803921568627451
1,hierarchical,legacy,8000,193344496,Completed,0.9784980885035002,NaN,NaN,8000,0,0,0.0,0.0,0.0128036,0.9803921568627451
1,mixture,prior,2000,193344496,Completed,0.6110509209100786,1303.141873804939,NaN,2000,0,14000,0.0,0.0,0.0036894000000000002,0.631578947368421
1,mixture,single,2000,193344496,Fitted,0.6091381480858458,339.56081848089127,1.0063667775693668,2000,3000,14000,0.005240900000000001,1.655E-4,0.0099466,0.631578947368421
1,mixture,mixture,2000,193344496,Fitted,0.6218570633345659,1874.983034049453,1.0075805360082661,2000,3000,14000,0.0057267,0.0040177,0.014986500000000002,0.631578947368421
1,mixture,mh,2000,193344496,Completed,0.64,NaN,0.999813960137801,2000,1000,0,0.0,0.0,0.005514000000000001,0.631578947368421
1,mixture,legacy,2000,193344496,Completed,0.6110509209100676,NaN,NaN,2000,0,0,0.0,0.0,0.0018163,0.631578947368421
1,mixture,prior,8000,193344496,Completed,0.6190316748142025,5226.637501464697,NaN,8000,0,56000,0.0,0.0,0.013729700000000001,0.631578947368421
1,mixture,single,8000,193344496,Fitted,0.6298653015209827,1332.8311318015344,1.0063667775693668,8000,3000,56000,0.005026500000000001,1.543E-4,0.022812000000000002,0.631578947368421
1,mixture,mixture,8000,193344496,Fitted,0.6248448932288192,7508.766760845543,1.0075805360082661,8000,3000,56000,0.005623700000000001,0.0053571,0.029742800000000003,0.631578947368421
1,mixture,mh,8000,193344496,Completed,0.6345000000000001,NaN,1.0003973333455602,8000,1000,0,0.0,0.0,0.0161011,0.631578947368421
1,mixture,legacy,8000,193344496,Completed,0.6190316748141889,NaN,NaN,8000,0,0,0.0,0.0,0.0068520000000000005,0.631578947368421
1,concentrated,single,2000,208830359,Fitted,2.970179038823584,858.50663022418,3.305138267498553,2000,3000,12000,0.0055503,1.8390000000000002E-4,0.0101124,2.9702970297029703
1,concentrated,mixture,2000,208830359,Fitted,2.9716965815236716,1360.77054346128,3.723752710959638,2000,3000,12000,0.0051582,0.0230138,0.032983000000000005,2.9702970297029703
1,concentrated,mh,2000,208830359,Completed,2.729046382794321,NaN,2.3239761043123055,2000,1000,0,0.0,0.0,0.004914600000000001,2.9702970297029703
1,concentrated,legacy,2000,208830359,Completed,2.943962623922309,NaN,NaN,2000,0,0,0.0,0.0,0.0028885,2.9702970297029703
1,concentrated,prior,2000,208830359,Completed,2.9439626239223076,4.133433131134882,NaN,2000,0,12000,0.0,0.0,0.0036193,2.9702970297029703
1,concentrated,single,8000,208830359,Fitted,2.970665386700084,3426.030897377808,3.305138267498553,8000,3000,48000,0.0048228,1.3460000000000002E-4,0.021094,2.9702970297029703
1,concentrated,mixture,8000,208830359,Fitted,2.9714146714874494,4698.241320714818,3.723752710959638,8000,3000,48000,0.0049822,0.022693300000000003,0.0460613,2.9702970297029703
1,concentrated,mh,8000,208830359,Completed,2.88828745550416,NaN,1.4801624812999314,8000,1000,0,0.0,0.0,0.014685900000000002,2.9702970297029703
1,concentrated,legacy,8000,208830359,Completed,2.9633658316178395,NaN,NaN,8000,0,0,0.0,0.0,0.010476300000000001,2.9702970297029703
1,concentrated,prior,8000,208830359,Completed,2.9633658316178257,12.254320160210208,NaN,8000,0,48000,0.0,0.0,0.0130375,2.9702970297029703
1,hierarchical,single,2000,208830359,Fitted,0.9739289867352648,988.7596526420166,1.3439143060966214,2000,3000,20000,0.005613600000000001,1.598E-4,0.010683000000000002,0.9803921568627451
1,hierarchical,mixture,2000,208830359,IterationLimit,NaN,NaN,1.0931303097273695,0,3000,0,0.0050618,0.0696316,0.0747681,0.9803921568627451
1,hierarchical,mh,2000,208830359,Completed,0.9659134852965102,NaN,1.1217062900488877,2000,1000,0,0.0,0.0,0.0056727,0.9803921568627451
1,hierarchical,legacy,2000,208830359,Completed,0.9818465460938733,NaN,NaN,2000,0,0,0.0,0.0,0.0034883,0.9803921568627451
1,hierarchical,prior,2000,208830359,Completed,0.9818465460938519,174.29846041125347,NaN,2000,0,16000,0.0,0.0,0.0041444,0.9803921568627451
1,hierarchical,single,8000,208830359,Fitted,0.9771577371601332,4133.731233029258,1.1703007635375173,8000,3000,64000,0.0051286000000000005,1.54E-4,0.024368900000000002,0.9803921568627451
1,hierarchical,mixture,8000,208830359,Fitted,0.9764442218792244,4382.541528144641,1.1171068409420541,8000,3000,64000,0.005514600000000001,0.0165294,0.042799500000000004,0.9803921568627451
1,hierarchical,mh,8000,208830359,Completed,0.9908005944540758,NaN,1.021131474549694,8000,1000,0,0.0,0.0,0.0159143,0.9803921568627451
1,hierarchical,legacy,8000,208830359,Completed,0.9829721904798917,NaN,NaN,8000,0,0,0.0,0.0,0.012474500000000001,0.9803921568627451
1,hierarchical,prior,8000,208830359,Completed,0.9829721904798305,687.6300023175091,NaN,8000,0,64000,0.0,0.0,0.0168173,0.9803921568627451
1,mixture,single,2000,208830359,Fitted,0.6506993109716721,335.94427095440057,1.0053032879666723,2000,3000,12000,0.0050521,1.672E-4,0.010076400000000001,0.631578947368421
1,mixture,mixture,2000,208830359,Fitted,0.6377463590953962,1862.4116637906127,1.0056394042375518,2000,3000,12000,0.005262,0.0035677,0.013543800000000002,0.631578947368421
1,mixture,mh,2000,208830359,Completed,0.6355,NaN,1.005868857198739,2000,1000,0,0.0,0.0,0.0056039,0.631578947368421
1,mixture,legacy,2000,208830359,Completed,0.6271186440677933,NaN,NaN,2000,0,0,0.0,0.0,0.0016248,0.631578947368421
1,mixture,prior,2000,208830359,Completed,0.6271186440678017,1310.494117647092,NaN,2000,0,12000,0.0,0.0,0.0033640000000000002,0.631578947368421
1,mixture,single,8000,208830359,Fitted,0.6435958171258402,1324.853348121612,1.0053032879666723,8000,3000,48000,0.0052326000000000004,1.464E-4,0.021427500000000002,0.631578947368421
1,mixture,mixture,8000,208830359,Fitted,0.6320357843892518,7444.418743423165,1.0056394042375518,8000,3000,48000,0.0057635,0.0036198000000000003,0.027671300000000003,0.631578947368421
1,mixture,mh,8000,208830359,Completed,0.635,NaN,1.0023531106248669,8000,1000,0,0.0,0.0,0.015688300000000002,0.631578947368421
1,mixture,legacy,8000,208830359,Completed,0.6273990734612841,NaN,NaN,8000,0,0,0.0,0.0,0.0066467,0.631578947368421
1,mixture,prior,8000,208830359,Completed,0.6273990734612981,5242.528128588627,NaN,8000,0,48000,0.0,0.0,0.015048,0.631578947368421
1,concentrated,mixture,2000,224316222,Fitted,2.9691616494148456,503.9963994452521,4.671306060357802,2000,3000,10000,0.0051010000000000005,0.008563600000000001,0.0183472,2.9702970297029703
1,concentrated,mh,2000,224316222,Completed,2.9050634892625964,NaN,2.3310248346273386,2000,1000,0,0.0,0.0,0.0046724,2.9702970297029703
1,concentrated,legacy,2000,224316222,Completed,2.946358410707704,NaN,NaN,2000,0,0,0.0,0.0,0.0026489,2.9702970297029703
1,concentrated,prior,2000,224316222,Completed,2.9463584107077065,2.4138877338579037,NaN,2000,0,10000,0.0,0.0,0.0035109000000000004,2.9702970297029703
1,concentrated,single,2000,224316222,Fitted,2.9705639915255317,906.74853150583,3.292333676950045,2000,3000,12000,0.0046299,1.314E-4,0.0088097,2.9702970297029703
1,concentrated,mixture,8000,224316222,Fitted,2.969089380833341,2058.364989249649,4.671306060357802,8000,3000,40000,0.0051488,0.0083126,0.030937100000000002,2.9702970297029703
1,concentrated,mh,8000,224316222,Completed,2.9559926949437214,NaN,1.6958079157987032,8000,1000,0,0.0,0.0,0.0141884,2.9702970297029703
1,concentrated,legacy,8000,224316222,Completed,2.987196177441412,NaN,NaN,8000,0,0,0.0,0.0,0.0103227,2.9702970297029703
1,concentrated,prior,8000,224316222,Completed,2.9871961774414055,14.48512461918017,NaN,8000,0,40000,0.0,0.0,0.013509100000000001,2.9702970297029703
1,concentrated,single,8000,224316222,Fitted,2.971617967053949,3672.6434948551073,3.292333676950045,8000,3000,48000,0.0051898000000000005,1.522E-4,0.021194400000000002,2.9702970297029703
1,hierarchical,mixture,2000,224316222,Fitted,0.9761489506624301,1000.0846460062388,1.0675899568410372,2000,3000,18000,0.0053768,0.039525500000000005,0.050635700000000006,0.9803921568627451
1,hierarchical,mh,2000,224316222,Completed,0.9682828563384556,NaN,1.1282275984421875,2000,1000,0,0.0,0.0,0.005253300000000001,0.9803921568627451
1,hierarchical,legacy,2000,224316222,Completed,0.9846279184571503,NaN,NaN,2000,0,0,0.0,0.0,0.0033802000000000003,0.9803921568627451
1,hierarchical,prior,2000,224316222,Completed,0.9846279184571368,174.10424652332742,NaN,2000,0,18000,0.0,0.0,0.0042639,0.9803921568627451
1,hierarchical,single,2000,224316222,Fitted,0.9868828031945811,1073.250282619709,1.1783064372096002,2000,3000,18000,0.0050724,1.5810000000000002E-4,0.010144700000000001,0.9803921568627451
1,hierarchical,mixture,8000,224316222,Fitted,0.9795369859926217,3924.674406489419,1.1667500117224348,8000,3000,72000,0.0051047,0.0150957,0.0416093,0.9803921568627451
1,hierarchical,mh,8000,224316222,Completed,0.9823360666619072,NaN,1.0489191028686329,8000,1000,0,0.0,0.0,0.0155761,0.9803921568627451
1,hierarchical,legacy,8000,224316222,Completed,0.9689033271265732,NaN,NaN,8000,0,0,0.0,0.0,0.013082300000000002,0.9803921568627451
1,hierarchical,prior,8000,224316222,Completed,0.9689033271265012,725.4919902949811,NaN,8000,0,72000,0.0,0.0,0.0169503,0.9803921568627451
1,hierarchical,single,8000,224316222,Fitted,0.9809719602681166,3910.2715566190277,1.2738143350696007,8000,3000,64000,0.0059592000000000004,1.506E-4,0.023779300000000003,0.9803921568627451
1,mixture,mixture,2000,224316222,Fitted,0.6301530222191777,1903.4948169077113,1.0023981148331202,2000,3000,12000,0.0056684000000000005,0.003989100000000001,0.014599,0.631578947368421
1,mixture,mh,2000,224316222,Completed,0.659,NaN,1.0042979001993826,2000,1000,0,0.0,0.0,0.0055509,0.631578947368421
1,mixture,legacy,2000,224316222,Completed,0.6359832635983171,NaN,NaN,2000,0,0,0.0,0.0,0.0018627000000000001,0.631578947368421
1,mixture,prior,2000,224316222,Completed,0.6359832635983211,1315.015827338112,NaN,2000,0,14000,0.0,0.0,0.003975,0.631578947368421
1,mixture,single,2000,224316222,Fitted,0.6347017604802757,364.1909067621374,1.005069503416393,2000,3000,12000,0.0057039000000000005,1.617E-4,0.0102866,0.631578947368421
1,mixture,mixture,8000,224316222,Fitted,0.6258667190101022,7613.809052405625,1.0023981148331202,8000,3000,48000,0.0058187000000000004,0.0045011,0.028522500000000003,0.631578947368421
1,mixture,mh,8000,224316222,Completed,0.633,NaN,1.0002689035460985,8000,1000,0,0.0,0.0,0.0162751,0.631578947368421
1,mixture,legacy,8000,224316222,Completed,0.6293558606124561,NaN,NaN,8000,0,0,0.0,0.0,0.0067301,0.631578947368421
1,mixture,prior,8000,224316222,Completed,0.6293558606124298,5246.41462522821,NaN,8000,0,56000,0.0,0.0,0.014813600000000001,0.631578947368421
1,mixture,single,8000,224316222,Fitted,0.6344504372561524,1364.210613179606,1.005069503416393,8000,3000,48000,0.006860700000000001,2.798E-4,0.0240086,0.631578947368421
1,concentrated,mh,2000,239802085,Completed,2.8787774677038183,NaN,3.0578536026938954,2000,1000,0,0.0,0.0,0.005981200000000001,2.9702970297029703
1,concentrated,legacy,2000,239802085,Completed,2.931114209422115,NaN,NaN,2000,0,0,0.0,0.0,0.0027441,2.9702970297029703
1,concentrated,prior,2000,239802085,Completed,2.931114209422115,4.144995695873072,NaN,2000,0,12000,0.0,0.0,0.0042355000000000005,2.9702970297029703
1,concentrated,single,2000,239802085,Fitted,2.9654999439868925,506.92190067794274,1.6507866800548208,2000,3000,12000,0.0053775,1.6920000000000002E-4,0.010105600000000001,2.9702970297029703
1,concentrated,mixture,2000,239802085,InsufficientComponent,NaN,NaN,2.423787188031432,0,3000,0,0.0049645,0.064127,0.0691568,2.9702970297029703
1,concentrated,mh,8000,239802085,Completed,2.9250827430331126,NaN,1.5773877910390608,8000,1000,0,0.0,0.0,0.0168267,2.9702970297029703
1,concentrated,legacy,8000,239802085,Completed,2.9389946852800826,NaN,NaN,8000,0,0,0.0,0.0,0.011009300000000001,2.9702970297029703
1,concentrated,prior,8000,239802085,Completed,2.938994685280071,15.319145499896695,NaN,8000,0,40000,0.0,0.0,0.0134435,2.9702970297029703
1,concentrated,single,8000,239802085,Fitted,2.9685205764116565,3619.2054740330673,2.423787188031432,8000,3000,48000,0.0048106,1.585E-4,0.020138700000000002,2.9702970297029703
1,concentrated,mixture,8000,239802085,Fitted,2.970795932283894,1714.1547928822445,1.6507866800548208,8000,3000,48000,0.005340200000000001,0.057629200000000005,0.0819422,2.9702970297029703
1,hierarchical,mh,2000,239802085,Completed,0.9774169117035517,NaN,1.1170764874977417,2000,1000,0,0.0,0.0,0.005218400000000001,0.9803921568627451
1,hierarchical,legacy,2000,239802085,Completed,0.9775260978662508,NaN,NaN,2000,0,0,0.0,0.0,0.0033503,0.9803921568627451
1,hierarchical,prior,2000,239802085,Completed,0.9775260978662381,171.3915044338889,NaN,2000,0,20000,0.0,0.0,0.0041834,0.9803921568627451
1,hierarchical,single,2000,239802085,Fitted,0.9815475478901086,1083.5017143459302,1.248910731991739,2000,3000,18000,0.0052313,1.426E-4,0.010121600000000001,0.9803921568627451
1,hierarchical,mixture,2000,239802085,Fitted,0.9876205242210037,1069.7549382046484,1.182009530738576,2000,3000,20000,0.0052462,0.026951700000000002,0.0377393,0.9803921568627451
1,hierarchical,mh,8000,239802085,Completed,0.9462160476761716,NaN,1.1117056631915492,8000,1000,0,0.0,0.0,0.015260600000000001,0.9803921568627451
1,hierarchical,legacy,8000,239802085,Completed,0.9830265023482518,NaN,NaN,8000,0,0,0.0,0.0,0.0127849,0.9803921568627451
1,hierarchical,prior,8000,239802085,Completed,0.983026502348172,703.7007566506811,NaN,8000,0,64000,0.0,0.0,0.015639200000000002,0.9803921568627451
1,hierarchical,single,8000,239802085,Fitted,0.9779564383608015,4320.577161015291,1.2095102816651842,8000,3000,64000,0.0052322,2.3080000000000003E-4,0.024507300000000003,0.9803921568627451
1,hierarchical,mixture,8000,239802085,IterationLimit,NaN,NaN,1.4999967376844159,0,3000,0,0.0059622,0.07308450000000001,0.0792125,0.9803921568627451
1,mixture,mh,2000,239802085,Completed,0.6315,NaN,1.0038082326761424,2000,1000,0,0.0,0.0,0.0055915,0.631578947368421
1,mixture,legacy,2000,239802085,Completed,0.6321325269523983,NaN,NaN,2000,0,0,0.0,0.0,0.0016812,0.631578947368421
1,mixture,prior,2000,239802085,Completed,0.6321325269524004,1313.010349523372,NaN,2000,0,10000,0.0,0.0,0.0032559000000000004,0.631578947368421
1,mixture,single,2000,239802085,Fitted,0.5824876718804515,336.59946934405195,1.0045026283033838,2000,3000,10000,0.005181300000000001,1.305E-4,0.0094266,0.631578947368421
1,mixture,mixture,2000,239802085,Fitted,0.6321848442739364,1912.9349913436745,1.0063387663980143,2000,3000,10000,0.005512100000000001,0.0036503000000000004,0.013714200000000001,0.631578947368421
1,mixture,mh,8000,239802085,Completed,0.636125,NaN,1.0008329416265345,8000,1000,0,0.0,0.0,0.015945,0.631578947368421
1,mixture,legacy,8000,239802085,Completed,0.6372120341969759,NaN,NaN,8000,0,0,0.0,0.0,0.0070736,0.631578947368421
1,mixture,prior,8000,239802085,Completed,0.6372120341969433,5262.676879973815,NaN,8000,0,56000,0.0,0.0,0.013208500000000001,0.631578947368421
1,mixture,single,8000,239802085,Fitted,0.6070092904540948,1408.1168068975408,1.0045026283033838,8000,3000,48000,0.0051777,1.4580000000000002E-4,0.021418200000000002,0.631578947368421
1,mixture,mixture,8000,239802085,Fitted,0.6350932408294655,7664.984029048721,1.0063387663980143,8000,3000,40000,0.0049744,0.0036418,0.026217,0.631578947368421
1,concentrated,legacy,2000,255287948,Completed,2.9212316581947277,NaN,NaN,2000,0,0,0.0,0.0,0.0025299000000000003,2.9702970297029703
1,concentrated,prior,2000,255287948,Completed,2.921231658194728,2.4754147914084097,NaN,2000,0,10000,0.0,0.0,0.0034272,2.9702970297029703
1,concentrated,single,2000,255287948,Fitted,2.968344119488926,680.3345573935107,2.1046742720041385,2000,3000,12000,0.0050599,1.44E-4,0.009242700000000001,2.9702970297029703
1,concentrated,mixture,2000,255287948,Fitted,2.9694772755804055,769.7399331650413,1.8403041890353784,2000,3000,10000,0.005446,0.0316885,0.0428359,2.9702970297029703
1,concentrated,mh,2000,255287948,Completed,2.816220580052993,NaN,15.616859138629783,2000,1000,0,0.0,0.0,0.004698900000000001,2.9702970297029703
1,concentrated,legacy,8000,255287948,Completed,2.9762399261751495,NaN,NaN,8000,0,0,0.0,0.0,0.0098212,2.9702970297029703
1,concentrated,prior,8000,255287948,Completed,2.976239926175137,16.5458722488753,NaN,8000,0,48000,0.0,0.0,0.013177300000000001,2.9702970297029703
1,concentrated,single,8000,255287948,Fitted,2.968717847732906,2719.9537437339377,2.1046742720041385,8000,3000,40000,0.0053666,1.4350000000000002E-4,0.021568300000000002,2.9702970297029703
1,concentrated,mixture,8000,255287948,Fitted,2.9721925032496617,2968.669798098155,1.8403041890353784,8000,3000,48000,0.0051842,0.030880800000000003,0.0538328,2.9702970297029703
1,concentrated,mh,8000,255287948,Completed,2.9292161297575703,NaN,2.901071716356713,8000,1000,0,0.0,0.0,0.014483200000000002,2.9702970297029703
1,hierarchical,legacy,2000,255287948,Completed,0.9997819386179089,NaN,NaN,2000,0,0,0.0,0.0,0.0031077,0.9803921568627451
1,hierarchical,prior,2000,255287948,Completed,0.9997819386178948,171.24859609888998,NaN,2000,0,18000,0.0,0.0,0.0040881,0.9803921568627451
1,hierarchical,single,2000,255287948,Fitted,0.9851957097214388,1020.7365109871643,1.4085468557232144,2000,3000,20000,0.0055772,1.8360000000000002E-4,0.011574500000000001,0.9803921568627451
1,hierarchical,mixture,2000,255287948,Fitted,0.9881835560323254,1075.1926177032205,1.3172017376291443,2000,3000,18000,0.0049979,0.0242243,0.034834000000000004,0.9803921568627451
1,hierarchical,mh,2000,255287948,Completed,0.9518579648461685,NaN,1.2417021774452215,2000,1000,0,0.0,0.0,0.0050964,0.9803921568627451
1,hierarchical,legacy,8000,255287948,Completed,0.9891852983172672,NaN,NaN,8000,0,0,0.0,0.0,0.012916200000000001,0.9803921568627451
1,hierarchical,prior,8000,255287948,Completed,0.9891852983171868,701.2766907444486,NaN,8000,0,72000,0.0,0.0,0.0157393,0.9803921568627451
1,hierarchical,single,8000,255287948,Fitted,0.9792438424747671,3884.442361808389,1.2222095252907952,8000,3000,80000,0.0051625,1.348E-4,0.023779,0.9803921568627451
1,hierarchical,mixture,8000,255287948,Fitted,0.9803730720698767,3763.9590569313195,1.1797365702140874,8000,3000,64000,0.0049817,0.058130100000000004,0.0830722,0.9803921568627451
1,hierarchical,mh,8000,255287948,Completed,1.008676232257361,NaN,1.0285090103842105,8000,1000,0,0.0,0.0,0.014475000000000002,0.9803921568627451
1,mixture,legacy,2000,255287948,Completed,0.6186009112838291,NaN,NaN,2000,0,0,0.0,0.0,0.0017459,0.631578947368421
1,mixture,prior,2000,255287948,Completed,0.6186009112838331,1306.4627874237608,NaN,2000,0,12000,0.0,0.0,0.0033688000000000004,0.631578947368421
1,mixture,single,2000,255287948,Fitted,0.6288233746928019,339.58824448177876,1.0053020497873402,2000,3000,14000,0.0051361,1.5930000000000002E-4,0.0096453,0.631578947368421
1,mixture,mixture,2000,255287948,Fitted,0.6270572536456478,1906.8934668512024,1.0023480496468087,2000,3000,12000,0.0053876,0.0035625,0.013788400000000001,0.631578947368421
1,mixture,mh,2000,255287948,Completed,0.6425000000000001,NaN,1.0124054580835946,2000,1000,0,0.0,0.0,0.0046994,0.631578947368421
1,mixture,legacy,8000,255287948,Completed,0.6217478318879456,NaN,NaN,8000,0,0,0.0,0.0,0.0068387000000000005,0.631578947368421
1,mixture,prior,8000,255287948,Completed,0.6217478318879458,5231.667054715596,NaN,8000,0,48000,0.0,0.0,0.013787700000000002,0.631578947368421
1,mixture,single,8000,255287948,Fitted,0.6398123480131657,1374.7051914361225,1.0053020497873402,8000,3000,56000,0.0053647,1.427E-4,0.0226849,0.631578947368421
1,mixture,mixture,8000,255287948,Fitted,0.6306532972738782,7605.091319625631,1.0023480496468087,8000,3000,48000,0.0051738,0.0035732000000000003,0.027111000000000003,0.631578947368421
1,mixture,mh,8000,255287948,Completed,0.6308750000000001,NaN,1.0018782575393896,8000,1000,0,0.0,0.0,0.015332,0.631578947368421
1,concentrated,prior,2000,270773811,Completed,2.9369918638802,3.6628053053414216,NaN,2000,0,10000,0.0,0.0,0.0035320000000000004,2.9702970297029703
1,concentrated,single,2000,270773811,Fitted,2.9655136140206446,1175.078767583636,3.8433546414910946,2000,3000,10000,0.0048104,1.6370000000000002E-4,0.008937500000000001,2.9702970297029703
1,concentrated,mixture,2000,270773811,Fitted,2.970305140076171,939.5355905580807,1.5675663176225332,2000,3000,10000,0.0051489000000000005,0.0175076,0.0274439,2.9702970297029703
1,concentrated,mh,2000,270773811,Completed,2.9848199217583677,NaN,2.253095104254438,2000,1000,0,0.0,0.0,0.0047961,2.9702970297029703
1,concentrated,legacy,2000,270773811,Completed,2.9369918638801993,NaN,NaN,2000,0,0,0.0,0.0,0.0027688,2.9702970297029703
1,concentrated,prior,8000,270773811,Completed,2.939813987266018,15.85401683630612,NaN,8000,0,40000,0.0,0.0,0.012682200000000001,2.9702970297029703
1,concentrated,single,8000,270773811,Fitted,2.96796406691242,4695.75935517956,3.8433546414910946,8000,3000,48000,0.0054189,1.6230000000000001E-4,0.0215358,2.9702970297029703
1,concentrated,mixture,8000,270773811,Fitted,2.9673571124551024,3681.9684178527764,1.5675663176225332,8000,3000,48000,0.0056311,0.016679,0.0399109,2.9702970297029703
1,concentrated,mh,8000,270773811,Completed,3.0201086583792636,NaN,1.6148371675709734,8000,1000,0,0.0,0.0,0.0154062,2.9702970297029703
1,concentrated,legacy,8000,270773811,Completed,2.9398139872660245,NaN,NaN,8000,0,0,0.0,0.0,0.0104198,2.9702970297029703
1,hierarchical,prior,2000,270773811,Completed,0.97201942954248,151.02881139387472,NaN,2000,0,20000,0.0,0.0,0.004159400000000001,0.9803921568627451
1,hierarchical,single,2000,270773811,Fitted,0.9868228839197672,1113.8935159753557,1.2505975935201645,2000,3000,20000,0.0058491,1.326E-4,0.010612900000000001,0.9803921568627451
1,hierarchical,mixture,2000,270773811,IterationLimit,NaN,NaN,1.0957604099105673,0,3000,0,0.005175900000000001,0.0676355,0.0728743,0.9803921568627451
1,hierarchical,mh,2000,270773811,Completed,0.9944592098859644,NaN,1.1521724849249575,2000,1000,0,0.0,0.0,0.0052475,0.9803921568627451
1,hierarchical,legacy,2000,270773811,Completed,0.9720194295424935,NaN,NaN,2000,0,0,0.0,0.0,0.0030978000000000004,0.9803921568627451
1,hierarchical,prior,8000,270773811,Completed,0.9777216514708362,670.7492042645688,NaN,8000,0,80000,0.0,0.0,0.015960500000000002,0.9803921568627451
1,hierarchical,single,8000,270773811,Fitted,0.9822716640152149,4303.931019786889,1.1568292284765607,8000,3000,80000,0.0056373000000000005,2.199E-4,0.0241524,0.9803921568627451
1,hierarchical,mixture,8000,270773811,Fitted,0.9797154430173187,3611.864336757191,1.113781285508065,8000,3000,64000,0.0049275000000000005,0.0174241,0.0432685,0.9803921568627451
1,hierarchical,mh,8000,270773811,Completed,0.9430395626137064,NaN,1.0610982628793868,8000,1000,0,0.0,0.0,0.0152174,0.9803921568627451
1,hierarchical,legacy,8000,270773811,Completed,0.9777216514709026,NaN,NaN,8000,0,0,0.0,0.0,0.012480300000000001,0.9803921568627451
1,mixture,prior,2000,270773811,Completed,0.6304691618344763,1312.1637192343128,NaN,2000,0,10000,0.0,0.0,0.00334,0.631578947368421
1,mixture,single,2000,270773811,Fitted,0.6266732587632513,354.8719897216492,1.0032841964208126,2000,3000,10000,0.005078200000000001,1.242E-4,0.0093196,0.631578947368421
1,mixture,mixture,2000,270773811,Fitted,0.6260308805246473,1875.4600618865668,1.004466475757811,2000,3000,10000,0.0049606,0.0034923000000000003,0.0129864,0.631578947368421
1,mixture,mh,2000,270773811,Completed,0.647,NaN,0.9994162914723621,2000,1000,0,0.0,0.0,0.0063734,0.631578947368421
1,mixture,legacy,2000,270773811,Completed,0.6304691618344707,NaN,NaN,2000,0,0,0.0,0.0,0.0014451000000000002,0.631578947368421
1,mixture,prior,8000,270773811,Completed,0.6347501473573807,5257.466704250105,NaN,8000,0,40000,0.0,0.0,0.012694700000000001,0.631578947368421
1,mixture,single,8000,270773811,Fitted,0.6217814201572313,1357.546293008784,1.0032841964208126,8000,3000,48000,0.0048466,1.393E-4,0.0210578,0.631578947368421
1,mixture,mixture,8000,270773811,Fitted,0.6285877227659168,7505.119357836114,1.004466475757811,8000,3000,56000,0.0052493,0.0035305000000000002,0.027501,0.631578947368421
1,mixture,mh,8000,270773811,Completed,0.6232500000000001,NaN,1.0007055604089758,8000,1000,0,0.0,0.0,0.016938400000000003,0.631578947368421
1,mixture,legacy,8000,270773811,Completed,0.6347501473574058,NaN,NaN,8000,0,0,0.0,0.0,0.006002,0.631578947368421
1,concentrated,single,2000,286259674,Fitted,2.9735394468996024,691.577268285302,3.0355855593483216,2000,3000,10000,0.004835900000000001,1.6680000000000002E-4,0.0098914,2.9702970297029703
1,concentrated,mixture,2000,286259674,Fitted,2.9179209963847272,50.25188180476264,29.992981512213536,2000,3000,10000,0.0053355,0.0101998,0.020115,2.9702970297029703
1,concentrated,mh,2000,286259674,Completed,2.8532555849417127,NaN,16.405118999961477,2000,1000,0,0.0,0.0,0.0047833,2.9702970297029703
1,concentrated,legacy,2000,286259674,Completed,3.0238492734934947,NaN,NaN,2000,0,0,0.0,0.0,0.0024933,2.9702970297029703
1,concentrated,prior,2000,286259674,Completed,3.0238492734934974,3.771575144622061,NaN,2000,0,10000,0.0,0.0,0.0034424000000000004,2.9702970297029703
1,concentrated,single,8000,286259674,Fitted,2.9713197730657956,2728.2943443530535,3.0355855593483216,8000,3000,40000,0.0046525,1.348E-4,0.0194959,2.9702970297029703
1,concentrated,mixture,8000,286259674,Fitted,2.9212771253496315,224.2792181671657,29.992981512213536,8000,3000,40000,0.0047091,0.0100418,0.031903,2.9702970297029703
1,concentrated,mh,8000,286259674,Completed,2.942322952648874,NaN,2.925930373876514,8000,1000,0,0.0,0.0,0.014414100000000001,2.9702970297029703
1,concentrated,legacy,8000,286259674,Completed,2.9699622505007386,NaN,NaN,8000,0,0,0.0,0.0,0.0101174,2.9702970297029703
1,concentrated,prior,8000,286259674,Completed,2.969962250500731,17.379321908282666,NaN,8000,0,40000,0.0,0.0,0.013664800000000001,2.9702970297029703
1,hierarchical,single,2000,286259674,Fitted,0.9787083711066448,1102.1891496850408,1.1450795895878607,2000,3000,18000,0.006377600000000001,1.459E-4,0.0111153,0.9803921568627451
1,hierarchical,mixture,2000,286259674,IterationLimit,NaN,NaN,1.1265090624984986,0,3000,0,0.0052878000000000005,0.06589930000000001,0.0712347,0.9803921568627451
1,hierarchical,mh,2000,286259674,Completed,0.9822848292905426,NaN,1.1451049957379615,2000,1000,0,0.0,0.0,0.0058452,0.9803921568627451
1,hierarchical,legacy,2000,286259674,Completed,0.9669631440402459,NaN,NaN,2000,0,0,0.0,0.0,0.0036431000000000002,0.9803921568627451
1,hierarchical,prior,2000,286259674,Completed,0.9669631440402378,183.77265109690433,NaN,2000,0,18000,0.0,0.0,0.0042984,0.9803921568627451
1,hierarchical,single,8000,286259674,Fitted,0.9803527090409373,4112.791125691297,1.404625532669576,8000,3000,72000,0.0048176,1.2340000000000002E-4,0.0235298,0.9803921568627451
1,hierarchical,mixture,8000,286259674,Fitted,0.9799350247372086,4069.2079015780105,1.205019086923343,8000,3000,72000,0.0052805000000000005,0.05436100000000001,0.0795955,0.9803921568627451
1,hierarchical,mh,8000,286259674,Completed,0.984257225912815,NaN,1.0579287522919707,8000,1000,0,0.0,0.0,0.014631400000000001,0.9803921568627451
1,hierarchical,legacy,8000,286259674,Completed,0.971074776428838,NaN,NaN,8000,0,0,0.0,0.0,0.012406200000000001,0.9803921568627451
1,hierarchical,prior,8000,286259674,Completed,0.9710747764287783,691.1019292023221,NaN,8000,0,64000,0.0,0.0,0.0162735,0.9803921568627451
1,mixture,single,2000,286259674,Fitted,0.616850216111536,360.6722662515913,1.0013481895002758,2000,3000,10000,0.006105500000000001,1.3800000000000002E-4,0.0104314,0.631578947368421
1,mixture,mixture,2000,286259674,Fitted,0.6155940055155399,1879.1807027937664,1.0044333052521381,2000,3000,10000,0.0053319000000000005,0.0039158000000000005,0.0137908,0.631578947368421
1,mixture,mh,2000,286259674,Completed,0.636,NaN,1.0012133076352145,2000,1000,0,0.0,0.0,0.0049786000000000006,0.631578947368421
1,mixture,legacy,2000,286259674,Completed,0.5966850828729223,NaN,NaN,2000,0,0,0.0,0.0,0.0015916,0.631578947368421
1,mixture,prior,2000,286259674,Completed,0.5966850828729335,1297.465346534603,NaN,2000,0,12000,0.0,0.0,0.0033115,0.631578947368421
1,mixture,single,8000,286259674,Fitted,0.6388324137804975,1401.904401460233,1.0013481895002758,8000,3000,40000,0.0048193,1.205E-4,0.0206689,0.631578947368421
1,mixture,mixture,8000,286259674,Fitted,0.6348379016443128,7497.464208658068,1.0044333052521381,8000,3000,40000,0.0053144,0.0039778,0.0268309,0.631578947368421
1,mixture,mh,8000,286259674,Completed,0.623875,NaN,1.0007079954719043,8000,1000,0,0.0,0.0,0.015008800000000001,0.631578947368421
1,mixture,legacy,8000,286259674,Completed,0.6230272357994274,NaN,NaN,8000,0,0,0.0,0.0,0.006077000000000001,0.631578947368421
1,mixture,prior,8000,286259674,Completed,0.6230272357994486,5234.078890565804,NaN,8000,0,48000,0.0,0.0,0.012938100000000001,0.631578947368421
1,concentrated,mixture,2000,301745537,Fitted,2.972886431196483,1110.0208950874685,1.3544654339974334,2000,3000,10000,0.005283400000000001,0.0226538,0.032526400000000004,2.9702970297029703
1,concentrated,mh,2000,301745537,Completed,2.78145999955055,NaN,1.55631138908727,2000,1000,0,0.0,0.0,0.0055427,2.9702970297029703
1,concentrated,legacy,2000,301745537,Completed,2.8961240267860786,NaN,NaN,2000,0,0,0.0,0.0,0.0025453000000000003,2.9702970297029703
1,concentrated,prior,2000,301745537,Completed,2.8961240267860777,3.502635708750115,NaN,2000,0,10000,0.0,0.0,0.0033902000000000003,2.9702970297029703
1,concentrated,single,2000,301745537,Fitted,2.971484436547765,913.5230698904363,2.138890103813414,2000,3000,12000,0.0046538000000000005,1.3330000000000001E-4,0.0088929,2.9702970297029703
1,concentrated,mixture,8000,301745537,Fitted,2.970466895014563,4365.08470757759,1.3544654339974334,8000,3000,40000,0.0047261000000000004,0.021813700000000002,0.0438174,2.9702970297029703
1,concentrated,mh,8000,301745537,Completed,2.9744850638948566,NaN,1.442453809642617,8000,1000,0,0.0,0.0,0.0150836,2.9702970297029703
1,concentrated,legacy,8000,301745537,Completed,2.9450863170787005,NaN,NaN,8000,0,0,0.0,0.0,0.010942700000000001,2.9702970297029703
1,concentrated,prior,8000,301745537,Completed,2.9450863170786943,18.276369866758586,NaN,8000,0,40000,0.0,0.0,0.013472000000000001,2.9702970297029703
1,concentrated,single,8000,301745537,Fitted,2.97014031088104,3617.0850569109157,2.138890103813414,8000,3000,40000,0.0050828,1.528E-4,0.021536100000000002,2.9702970297029703
1,hierarchical,mixture,2000,301745537,Fitted,1.0064181926382625,619.3772760320315,1.1826360365898163,2000,3000,18000,0.0051065,0.025316900000000003,0.0357747,0.9803921568627451
1,hierarchical,mh,2000,301745537,Completed,0.9976846279350605,NaN,1.3088259313442465,2000,1000,0,0.0,0.0,0.005111200000000001,0.9803921568627451
1,hierarchical,legacy,2000,301745537,Completed,0.9671585778911663,NaN,NaN,2000,0,0,0.0,0.0,0.0032040000000000003,0.9803921568627451
1,hierarchical,prior,2000,301745537,Completed,0.9671585778911564,182.0290322670849,NaN,2000,0,18000,0.0,0.0,0.0040667,0.9803921568627451
1,hierarchical,single,2000,301745537,Fitted,0.9825550728477187,1013.8198348387374,1.1187679460468738,2000,3000,18000,0.0058266,1.4220000000000001E-4,0.0106397,0.9803921568627451
1,hierarchical,mixture,8000,301745537,Fitted,0.9854396804349539,3564.1155614085233,1.519193868076077,8000,3000,80000,0.004849,0.030593600000000002,0.0569804,0.9803921568627451
1,hierarchical,mh,8000,301745537,Completed,0.9797375302714713,NaN,1.043661675222081,8000,1000,0,0.0,0.0,0.0148462,0.9803921568627451
1,hierarchical,legacy,8000,301745537,Completed,0.9735995424814494,NaN,NaN,8000,0,0,0.0,0.0,0.012456,0.9803921568627451
1,hierarchical,prior,8000,301745537,Completed,0.9735995424813781,697.1309245348014,NaN,8000,0,80000,0.0,0.0,0.015851800000000003,0.9803921568627451
1,hierarchical,single,8000,301745537,Fitted,0.983534838762822,4019.9350609663284,1.2118871767583623,8000,3000,80000,0.00577,1.841E-4,0.023827,0.9803921568627451
1,mixture,mixture,2000,301745537,Fitted,0.6393949432737671,1873.470741280668,1.006566568552405,2000,3000,14000,0.0053301,0.0036337,0.013881300000000001,0.631578947368421
1,mixture,mh,2000,301745537,Completed,0.623,NaN,1.0024490771004597,2000,1000,0,0.0,0.0,0.0047188,0.631578947368421
1,mixture,legacy,2000,301745537,Completed,0.6376206626663158,NaN,NaN,2000,0,0,0.0,0.0,0.0015584000000000001,0.631578947368421
1,mixture,prior,2000,301745537,Completed,0.637620662666319,1315.887953425891,NaN,2000,0,10000,0.0,0.0,0.0031301000000000002,0.631578947368421
1,mixture,single,2000,301745537,Fitted,0.670537511290151,345.2350596660406,1.0036503930546241,2000,3000,12000,0.0054961,1.708E-4,0.0100505,0.631578947368421
1,mixture,mixture,8000,301745537,Fitted,0.6332616653415665,7488.958611291749,1.006566568552405,8000,3000,56000,0.0055887,0.0039757,0.0290859,0.631578947368421
1,mixture,mh,8000,301745537,Completed,0.64175,NaN,1.001277407365609,8000,1000,0,0.0,0.0,0.016287100000000002,0.631578947368421
1,mixture,legacy,8000,301745537,Completed,0.6294952161002995,NaN,NaN,8000,0,0,0.0,0.0,0.0060337,0.631578947368421
1,mixture,prior,8000,301745537,Completed,0.6294952161003193,5246.693889205886,NaN,8000,0,40000,0.0,0.0,0.0125254,0.631578947368421
1,mixture,single,8000,301745537,Fitted,0.6549039079510913,1425.7266930116639,1.0036503930546241,8000,3000,48000,0.0048534,1.404E-4,0.0210878,0.631578947368421
1,concentrated,mh,2000,317231400,Completed,2.7338600986043087,NaN,4.200336682796157,2000,1000,0,0.0,0.0,0.0046682,2.9702970297029703
1,concentrated,legacy,2000,317231400,Completed,2.9937938240714255,NaN,NaN,2000,0,0,0.0,0.0,0.0024499,2.9702970297029703
1,concentrated,prior,2000,317231400,Completed,2.9937938240714206,3.6051069504252804,NaN,2000,0,10000,0.0,0.0,0.0033899000000000004,2.9702970297029703
1,concentrated,single,2000,317231400,Fitted,2.95990864084666,141.80341077425615,2.9022775594813925,2000,3000,10000,0.0050433000000000006,1.318E-4,0.009160300000000001,2.9702970297029703
1,concentrated,mixture,2000,317231400,Fitted,2.968723919031007,1180.0163121808432,1.7807150911933058,2000,3000,12000,0.005000500000000001,0.0045594,0.014006300000000001,2.9702970297029703
1,concentrated,mh,8000,317231400,Completed,2.899940108224807,NaN,1.7617018589537197,8000,1000,0,0.0,0.0,0.0137759,2.9702970297029703
1,concentrated,legacy,8000,317231400,Completed,3.0053237934035106,NaN,NaN,8000,0,0,0.0,0.0,0.009501200000000001,2.9702970297029703
1,concentrated,prior,8000,317231400,Completed,3.0053237934034995,11.906900024897624,NaN,8000,0,40000,0.0,0.0,0.013292900000000002,2.9702970297029703
1,concentrated,single,8000,317231400,Fitted,2.978610761413103,345.6402940103406,2.9022775594813925,8000,3000,40000,0.004788000000000001,1.2780000000000002E-4,0.020109400000000003,2.9702970297029703
1,concentrated,mixture,8000,317231400,Fitted,2.9713589110215093,4695.307679239893,1.7807150911933058,8000,3000,48000,0.0055887,0.0041902,0.026721,2.9702970297029703
1,hierarchical,mh,2000,317231400,Completed,0.9774965134169791,NaN,1.0980493698469243,2000,1000,0,0.0,0.0,0.0052829,0.9803921568627451
1,hierarchical,legacy,2000,317231400,Completed,0.9737092552100087,NaN,NaN,2000,0,0,0.0,0.0,0.0032849000000000003,0.9803921568627451
1,hierarchical,prior,2000,317231400,Completed,0.9737092552099972,159.47197387069448,NaN,2000,0,20000,0.0,0.0,0.0041801,0.9803921568627451
1,hierarchical,single,2000,317231400,Fitted,0.9778605392884705,1115.242885889777,1.195177918766069,2000,3000,20000,0.005312600000000001,1.331E-4,0.010231,0.9803921568627451
1,hierarchical,mixture,2000,317231400,IterationLimit,NaN,NaN,1.3174813539544463,0,3000,0,0.0048126,0.0676254,0.07248310000000001,0.9803921568627451
1,hierarchical,mh,8000,317231400,Completed,0.9804286762017527,NaN,1.1469715344133842,8000,1000,0,0.0,0.0,0.0153731,0.9803921568627451
1,hierarchical,legacy,8000,317231400,Completed,0.9779135210764452,NaN,NaN,8000,0,0,0.0,0.0,0.0116182,0.9803921568627451
1,hierarchical,prior,8000,317231400,Completed,0.9779135210763873,690.0899193550384,NaN,8000,0,80000,0.0,0.0,0.015842000000000002,0.9803921568627451
1,hierarchical,single,8000,317231400,Fitted,0.983156308045955,4263.906032097839,1.1759387073792713,8000,3000,80000,0.0050921000000000004,1.3240000000000002E-4,0.023898600000000002,0.9803921568627451
1,hierarchical,mixture,8000,317231400,IterationLimit,NaN,NaN,1.1572482228287093,0,3000,0,0.0052595,0.0672104,0.0725436,0.9803921568627451
1,mixture,mh,2000,317231400,Completed,0.64,NaN,1.0030595068355044,2000,1000,0,0.0,0.0,0.005421700000000001,0.631578947368421
1,mixture,legacy,2000,317231400,Completed,0.6408725006491733,NaN,NaN,2000,0,0,0.0,0.0,0.0014314,0.631578947368421
1,mixture,prior,2000,317231400,Completed,0.6408725006491807,1317.6544646823388,NaN,2000,0,14000,0.0,0.0,0.0037445000000000004,0.631578947368421
1,mixture,single,2000,317231400,Fitted,0.5850889740114902,323.00388154370904,1.0025740652715969,2000,3000,12000,0.005600600000000001,1.284E-4,0.0100456,0.631578947368421
1,mixture,mixture,2000,317231400,Fitted,0.6437711593484291,1904.2106319205257,1.0044999841441686,2000,3000,14000,0.0052496,0.0035272000000000003,0.0138191,0.631578947368421
1,mixture,mh,8000,317231400,Completed,0.623875,NaN,1.000844122855868,8000,1000,0,0.0,0.0,0.0150337,0.631578947368421
1,mixture,legacy,8000,317231400,Completed,0.6319942139522786,NaN,NaN,8000,0,0,0.0,0.0,0.006011900000000001,0.631578947368421
1,mixture,prior,8000,317231400,Completed,0.631994213952265,5251.757997502299,NaN,8000,0,56000,0.0,0.0,0.0132744,0.631578947368421
1,mixture,single,8000,317231400,Fitted,0.6148625485610166,1350.4234567125227,1.0025740652715969,8000,3000,48000,0.0049623,2.176E-4,0.0213295,0.631578947368421
1,mixture,mixture,8000,317231400,Fitted,0.6364395746629697,7615.505095185197,1.0044999841441686,8000,3000,40000,0.0051141,0.0035515000000000004,0.0277114,0.631578947368421
2,concentrated,legacy,2000,23000003,Completed,2.9341197010502578,NaN,NaN,2000,0,0,0.0,0.0,0.0077831,2.9702970297029703
2,concentrated,prior,2000,23000003,Completed,2.934119701050256,2.092488099471675,NaN,2000,0,10000,0.0,0.0,0.008766600000000001,2.9702970297029703
2,concentrated,single,2000,23000003,Fitted,2.9715761310680175,1142.840193833937,3.3784570861739307,2000,3000,12000,0.009229600000000001,3.4470000000000003E-4,0.0227914,2.9702970297029703
2,concentrated,mixture,2000,23000003,Fitted,2.9677218646005556,738.3816543465739,3.454902991760459,2000,3000,10000,0.0108818,0.0495731,0.0715891,2.9702970297029703
2,concentrated,mh,2000,23000003,Completed,2.7460606478186413,NaN,5.756756139999649,2000,1000,0,0.0,0.0,0.0092149,2.9702970297029703
2,concentrated,legacy,8000,23000003,Completed,2.8926610919215068,NaN,NaN,8000,0,0,0.0,0.0,0.0296445,2.9702970297029703
2,concentrated,prior,8000,23000003,Completed,2.8926610919214975,7.1975586417120425,NaN,8000,0,40000,0.0,0.0,0.0369144,2.9702970297029703
2,concentrated,single,8000,23000003,Fitted,2.970720429743327,4617.251614609022,3.3784570861739307,8000,3000,40000,0.009615100000000001,4.037E-4,0.042844,2.9702970297029703
2,concentrated,mixture,8000,23000003,Fitted,2.9698625005447363,3104.5716846877535,3.454902991760459,8000,3000,40000,0.0079515,0.048512400000000004,0.0926392,2.9702970297029703
2,concentrated,mh,8000,23000003,Completed,2.8440338480137632,NaN,2.163005219486001,8000,1000,0,0.0,0.0,0.0250684,2.9702970297029703
2,hierarchical,legacy,2000,23000003,Completed,0.9888733185987445,NaN,NaN,2000,0,0,0.0,0.0,0.0090962,0.9803921568627451
2,hierarchical,prior,2000,23000003,Completed,0.9888733185987278,170.89673807271373,NaN,2000,0,18000,0.0,0.0,0.007508000000000001,0.9803921568627451
2,hierarchical,single,2000,23000003,Fitted,0.9773033490934548,1082.6231426745985,1.1336543237936205,2000,3000,18000,0.014074600000000001,3.858E-4,0.034985800000000004,0.9803921568627451
2,hierarchical,mixture,2000,23000003,Fitted,0.9854742914580351,946.3121495121612,1.6714113961291275,2000,3000,18000,0.0098067,0.010765700000000001,0.0411583,0.9803921568627451
2,hierarchical,mh,2000,23000003,Completed,0.9589695015526285,NaN,1.0941268797673664,2000,1000,0,0.0,0.0,0.0107834,0.9803921568627451
2,hierarchical,legacy,8000,23000003,Completed,0.9853350996712589,NaN,NaN,8000,0,0,0.0,0.0,0.0734823,0.9803921568627451
2,hierarchical,prior,8000,23000003,Completed,0.9853350996711869,705.1460129987605,NaN,8000,0,72000,0.0,0.0,0.0357916,0.9803921568627451
2,hierarchical,single,8000,23000003,Fitted,0.9736417476534261,3021.9727369761254,1.1117767929867521,8000,3000,80000,0.008543,2.842E-4,0.029834600000000003,0.9803921568627451
2,hierarchical,mixture,8000,23000003,Fitted,0.9821167649468224,3769.1015588640553,1.1472299560272465,8000,3000,72000,0.0130443,0.0813818,0.1163372,0.9803921568627451
2,hierarchical,mh,8000,23000003,Completed,0.9888648874004935,NaN,1.0375311220596448,8000,1000,0,0.0,0.0,0.0187965,0.9803921568627451
2,mixture,legacy,2000,23000003,Completed,0.6370757180156605,NaN,NaN,2000,0,0,0.0,0.0,0.0027818,0.631578947368421
2,mixture,prior,2000,23000003,Completed,0.6370757180156699,1315.5964125560274,NaN,2000,0,10000,0.0,0.0,0.0050323,0.631578947368421
2,mixture,single,2000,23000003,Fitted,0.5970257993444327,349.5884382391913,1.003236357257913,2000,3000,14000,0.0059679,2.3970000000000003E-4,0.011514,0.631578947368421
2,mixture,mixture,2000,23000003,Fitted,0.6372310947762152,1883.8511431083157,1.0020211758750026,2000,3000,12000,0.0054358,0.004044300000000001,0.0146969,0.631578947368421
2,mixture,mh,2000,23000003,Completed,0.6465000000000001,NaN,1.0048937957729538,2000,1000,0,0.0,0.0,0.0064545,0.631578947368421
2,mixture,legacy,8000,23000003,Completed,0.6296345164269679,NaN,NaN,8000,0,0,0.0,0.0,0.0059588,0.631578947368421
2,mixture,prior,8000,23000003,Completed,0.6296345164269579,5246.973372915385,NaN,8000,0,48000,0.0,0.0,0.0165983,0.631578947368421
2,mixture,single,8000,23000003,Fitted,0.6392005833423076,1350.2629700654616,1.003236357257913,8000,3000,56000,0.006657400000000001,2.765E-4,0.0233818,0.631578947368421
2,mixture,mixture,8000,23000003,Fitted,0.6370410423133607,7523.736553985743,1.0020211758750026,8000,3000,48000,0.0057978000000000005,0.0041827,0.0283369,0.631578947368421
2,mixture,mh,8000,23000003,Completed,0.631875,NaN,1.0017080871389423,8000,1000,0,0.0,0.0,0.0151873,0.631578947368421
2,concentrated,prior,2000,38485866,Completed,2.945647167496213,4.85983304063056,NaN,2000,0,10000,0.0,0.0,0.0038676,2.9702970297029703
2,concentrated,single,2000,38485866,Fitted,2.9738246873843543,868.4065905261465,2.9132763989917336,2000,3000,12000,0.0053206,2.7140000000000004E-4,0.0098419,2.9702970297029703
2,concentrated,mixture,2000,38485866,Fitted,2.9706778140482157,1071.2572786970989,1.9684426363809304,2000,3000,10000,0.0054784000000000005,0.018425300000000002,0.0297052,2.9702970297029703
2,concentrated,mh,2000,38485866,Completed,2.9558588410262527,NaN,8.684345922115021,2000,1000,0,0.0,0.0,0.0063170000000000006,2.9702970297029703
2,concentrated,legacy,2000,38485866,Completed,2.945647167496216,NaN,NaN,2000,0,0,0.0,0.0,0.0029793000000000003,2.9702970297029703
2,concentrated,prior,8000,38485866,Completed,2.9425361925577573,11.869045952360766,NaN,8000,0,40000,0.0,0.0,0.0133282,2.9702970297029703
2,concentrated,single,8000,38485866,Fitted,2.9722811024260283,3378.3252419916075,2.9132763989917336,8000,3000,48000,0.0056721,2.516E-4,0.0215774,2.9702970297029703
2,concentrated,mixture,8000,38485866,Fitted,2.9683971534895477,4269.730181250024,1.9684426363809304,8000,3000,40000,0.0070511,0.013947500000000002,0.0386841,2.9702970297029703
2,concentrated,mh,8000,38485866,Completed,3.018048356320035,NaN,1.6136849958268356,8000,1000,0,0.0,0.0,0.015685,2.9702970297029703
2,concentrated,legacy,8000,38485866,Completed,2.942536192557765,NaN,NaN,8000,0,0,0.0,0.0,0.010244900000000001,2.9702970297029703
2,hierarchical,prior,2000,38485866,Completed,0.9833361845539901,166.37545314092282,NaN,2000,0,16000,0.0,0.0,0.0043534,0.9803921568627451
2,hierarchical,single,2000,38485866,Fitted,0.9888033834031636,1015.709314469565,1.2955226288126975,2000,3000,18000,0.009726700000000001,2.399E-4,0.0149393,0.9803921568627451
2,hierarchical,mixture,2000,38485866,IterationLimit,NaN,NaN,1.1438121441176916,0,3000,0,0.006225100000000001,0.0807113,0.0870693,0.9803921568627451
2,hierarchical,mh,2000,38485866,Completed,1.0204642026721666,NaN,1.1543242032783312,2000,1000,0,0.0,0.0,0.0081657,0.9803921568627451
2,hierarchical,legacy,2000,38485866,Completed,0.9833361845540033,NaN,NaN,2000,0,0,0.0,0.0,0.009189600000000001,0.9803921568627451
2,hierarchical,prior,8000,38485866,Completed,0.9852230334988863,668.652761655257,NaN,8000,0,80000,0.0,0.0,0.0325331,0.9803921568627451
2,hierarchical,single,8000,38485866,Fitted,0.9850094952972877,4233.025273328342,1.0966807712561402,8000,3000,80000,0.0078698,3.462E-4,0.0339686,0.9803921568627451
2,hierarchical,mixture,8000,38485866,Fitted,0.9813579749874479,4140.425705146944,1.175904174291036,8000,3000,72000,0.0063017,0.048783,0.0768414,0.9803921568627451
2,hierarchical,mh,8000,38485866,Completed,0.9798756355473066,NaN,1.0811076976695435,8000,1000,0,0.0,0.0,0.0208926,0.9803921568627451
2,hierarchical,legacy,8000,38485866,Completed,0.9852230334989567,NaN,NaN,8000,0,0,0.0,0.0,0.013699200000000002,0.9803921568627451
2,mixture,prior,2000,38485866,Completed,0.637620662666319,1315.887953425891,NaN,2000,0,10000,0.0,0.0,0.0034206,0.631578947368421
2,mixture,single,2000,38485866,Fitted,0.6584021732976214,341.2243881537911,1.0047958773598409,2000,3000,10000,0.0053346,2.598E-4,0.0098659,0.631578947368421
2,mixture,mixture,2000,38485866,Fitted,0.617525802537703,1869.9698747402365,1.0044785390288067,2000,3000,12000,0.0053403,0.0040742,0.014484,0.631578947368421
2,mixture,mh,2000,38485866,Completed,0.6125,NaN,1.0049046305388383,2000,1000,0,0.0,0.0,0.005797200000000001,0.631578947368421
2,mixture,legacy,2000,38485866,Completed,0.6376206626663147,NaN,NaN,2000,0,0,0.0,0.0,0.0018168000000000001,0.631578947368421
2,mixture,prior,8000,38485866,Completed,0.6406026756721314,5270.024538786088,NaN,8000,0,48000,0.0,0.0,0.013374700000000002,0.631578947368421
2,mixture,single,8000,38485866,Fitted,0.6375755082959442,1353.6555049057451,1.0047958773598409,8000,3000,40000,0.005911100000000001,2.5590000000000004E-4,0.0218903,0.631578947368421
2,mixture,mixture,8000,38485866,Fitted,0.6274764567871433,7476.006942052605,1.0044785390288067,8000,3000,48000,0.0054237,0.0043821,0.0282676,0.631578947368421
2,mixture,mh,8000,38485866,Completed,0.6234999999999999,NaN,1.0016264916354198,8000,1000,0,0.0,0.0,0.0194977,0.631578947368421
2,mixture,legacy,8000,38485866,Completed,0.6406026756721741,NaN,NaN,8000,0,0,0.0,0.0,0.0066592000000000005,0.631578947368421
2,concentrated,single,2000,53971729,Fitted,2.972216540034537,1061.0071760674732,2.7034729183275923,2000,3000,12000,0.0053082,3.302E-4,0.009944300000000001,2.9702970297029703
2,concentrated,mixture,2000,53971729,Fitted,2.964084656970102,468.4228067290668,2.8328572287651497,2000,3000,10000,0.0051627,0.0167377,0.026791000000000002,2.9702970297029703
2,concentrated,mh,2000,53971729,Completed,2.8136263444069907,NaN,3.081395008233442,2000,1000,0,0.0,0.0,0.0053873,2.9702970297029703
2,concentrated,legacy,2000,53971729,Completed,2.8261988130928115,NaN,NaN,2000,0,0,0.0,0.0,0.0027316000000000003,2.9702970297029703
2,concentrated,prior,2000,53971729,Completed,2.826198813092812,4.5402529380529195,NaN,2000,0,10000,0.0,0.0,0.0036055,2.9702970297029703
2,concentrated,single,8000,53971729,Fitted,2.971482443762729,4343.887193583586,2.7034729183275923,8000,3000,48000,0.0049905,3.012E-4,0.0212363,2.9702970297029703
2,concentrated,mixture,8000,53971729,Fitted,2.9678471369686577,1954.113543940825,2.8328572287651497,8000,3000,40000,0.005593000000000001,0.0167745,0.040131900000000005,2.9702970297029703
2,concentrated,mh,8000,53971729,Completed,2.9630593053032506,NaN,1.396826266767006,8000,1000,0,0.0,0.0,0.019455700000000003,2.9702970297029703
2,concentrated,legacy,8000,53971729,Completed,2.924848784198571,NaN,NaN,8000,0,0,0.0,0.0,0.0097546,2.9702970297029703
2,concentrated,prior,8000,53971729,Completed,2.9248487841985646,12.286594897148419,NaN,8000,0,40000,0.0,0.0,0.0130685,2.9702970297029703
2,hierarchical,single,2000,53971729,Fitted,0.9811851343709038,1108.1683638106372,1.2395568992103472,2000,3000,16000,0.0063476,1.687E-4,0.0113951,0.9803921568627451
2,hierarchical,mixture,2000,53971729,IterationLimit,NaN,NaN,1.2086077559099802,0,3000,0,0.005518,0.0799116,0.0855297,0.9803921568627451
2,hierarchical,mh,2000,53971729,Completed,0.9805751181091686,NaN,1.2010231953476858,2000,1000,0,0.0,0.0,0.0064901,0.9803921568627451
2,hierarchical,legacy,2000,53971729,Completed,0.9943334244280647,NaN,NaN,2000,0,0,0.0,0.0,0.0043601,0.9803921568627451
2,hierarchical,prior,2000,53971729,Completed,0.9943334244280463,179.56409793778164,NaN,2000,0,16000,0.0,0.0,0.0042116,0.9803921568627451
2,hierarchical,single,8000,53971729,Fitted,0.9784904254785287,4084.4621624111805,1.3081789247092928,8000,3000,72000,0.0062322,2.584E-4,0.025190300000000002,0.9803921568627451
2,hierarchical,mixture,8000,53971729,IterationLimit,NaN,NaN,1.2360256013308466,0,3000,0,0.0056591,0.0794151,0.0851841,0.9803921568627451
2,hierarchical,mh,8000,53971729,Completed,0.9618472001379865,NaN,1.0478488831776263,8000,1000,0,0.0,0.0,0.0148327,0.9803921568627451
2,hierarchical,legacy,8000,53971729,Completed,0.9825124137207285,NaN,NaN,8000,0,0,0.0,0.0,0.013292700000000001,0.9803921568627451
2,hierarchical,prior,8000,53971729,Completed,0.9825124137206611,699.640579452584,NaN,8000,0,72000,0.0,0.0,0.0166605,0.9803921568627451
2,mixture,single,2000,53971729,Fitted,0.6622096816496629,338.69001110007554,1.0028891810314655,2000,3000,12000,0.0058623,2.0510000000000003E-4,0.0113521,0.631578947368421
2,mixture,mixture,2000,53971729,Fitted,0.6327232441531253,1905.5282271102874,1.0094893157065008,2000,3000,14000,0.005647500000000001,0.0041812,0.015037000000000002,0.631578947368421
2,mixture,mh,2000,53971729,Completed,0.6525000000000001,NaN,1.0022401549096291,2000,1000,0,0.0,0.0,0.0051529,0.631578947368421
2,mixture,legacy,2000,53971729,Completed,0.640332640332635,NaN,NaN,2000,0,0,0.0,0.0,0.0018318000000000002,0.631578947368421
2,mixture,prior,2000,53971729,Completed,0.6403326403326299,1317.3580071174779,NaN,2000,0,12000,0.0,0.0,0.0033351,0.631578947368421
2,mixture,single,8000,53971729,Fitted,0.6435692373273013,1356.6209976754137,1.0028891810314655,8000,3000,48000,0.0050889,1.686E-4,0.021123700000000002,0.631578947368421
2,mixture,mixture,8000,53971729,Fitted,0.632900422332089,7617.407653294649,1.0094893157065008,8000,3000,56000,0.0057735,0.0040464,0.030361100000000002,0.631578947368421
2,mixture,mh,8000,53971729,Completed,0.647625,NaN,1.000650874710341,8000,1000,0,0.0,0.0,0.015369,0.631578947368421
2,mixture,legacy,8000,53971729,Completed,0.6355727088375813,NaN,NaN,8000,0,0,0.0,0.0,0.006644400000000001,0.631578947368421
2,mixture,prior,8000,53971729,Completed,0.6355727088375765,5259.195881625547,NaN,8000,0,56000,0.0,0.0,0.0136188,0.631578947368421
2,concentrated,mixture,2000,69457592,IterationLimit,NaN,NaN,4.126803902469941,0,3000,0,0.0064446,0.0772236,0.0837674,2.9702970297029703
2,concentrated,mh,2000,69457592,Completed,2.6967856261862897,NaN,3.273527922053737,2000,1000,0,0.0,0.0,0.0057738,2.9702970297029703
2,concentrated,legacy,2000,69457592,Completed,2.981635037258316,NaN,NaN,2000,0,0,0.0,0.0,0.0029318,2.9702970297029703
2,concentrated,prior,2000,69457592,Completed,2.981635037258314,3.556969988044921,NaN,2000,0,10000,0.0,0.0,0.0034850000000000003,2.9702970297029703
2,concentrated,single,2000,69457592,Fitted,2.97085572842272,948.2434457541644,4.126803902469941,2000,3000,12000,0.004717000000000001,1.686E-4,0.009082900000000001,2.9702970297029703
2,concentrated,mixture,8000,69457592,Fitted,2.9649384022329626,2044.6242909635953,3.8845084461530117,8000,3000,40000,0.0051227,0.004722700000000001,0.027407900000000002,2.9702970297029703
2,concentrated,mh,8000,69457592,Completed,2.948981226699493,NaN,1.599512540505217,8000,1000,0,0.0,0.0,0.014989400000000002,2.9702970297029703
2,concentrated,legacy,8000,69457592,Completed,2.982893521996639,NaN,NaN,8000,0,0,0.0,0.0,0.010300400000000001,2.9702970297029703
2,concentrated,prior,8000,69457592,Completed,2.98289352199663,14.571742429063317,NaN,8000,0,48000,0.0,0.0,0.013116800000000001,2.9702970297029703
2,concentrated,single,8000,69457592,Fitted,2.9720296049574513,3927.9312998154137,4.126803902469941,8000,3000,40000,0.005241900000000001,1.7360000000000002E-4,0.020388100000000003,2.9702970297029703
2,hierarchical,mixture,2000,69457592,Fitted,0.9772429055865105,1040.3225838387505,1.2071030752624219,2000,3000,20000,0.0060398000000000006,0.0125109,0.024130400000000003,0.9803921568627451
2,hierarchical,mh,2000,69457592,Completed,0.9753868929564631,NaN,1.231920063939596,2000,1000,0,0.0,0.0,0.0054763,0.9803921568627451
2,hierarchical,legacy,2000,69457592,Completed,0.9704960001610198,NaN,NaN,2000,0,0,0.0,0.0,0.0035499000000000004,0.9803921568627451
2,hierarchical,prior,2000,69457592,Completed,0.9704960001610038,168.5236112323579,NaN,2000,0,20000,0.0,0.0,0.0044098,0.9803921568627451
2,hierarchical,single,2000,69457592,Fitted,0.9815333746985484,1049.228362026205,1.0306590117151158,2000,3000,18000,0.0056794,1.641E-4,0.010646500000000001,0.9803921568627451
2,hierarchical,mixture,8000,69457592,IterationLimit,NaN,NaN,1.1615008900743002,0,3000,0,0.0062075,0.07754190000000001,0.0838285,0.9803921568627451
2,hierarchical,mh,8000,69457592,Completed,0.9868124334691173,NaN,1.0463257988812134,8000,1000,0,0.0,0.0,0.0154704,0.9803921568627451
2,hierarchical,legacy,8000,69457592,Completed,0.983533587104972,NaN,NaN,8000,0,0,0.0,0.0,0.013284800000000001,0.9803921568627451
2,hierarchical,prior,8000,69457592,Completed,0.9835335871048899,676.5131798406597,NaN,8000,0,80000,0.0,0.0,0.016163800000000002,0.9803921568627451
2,hierarchical,single,8000,69457592,Fitted,0.9787483655042002,4176.42193591592,1.1426732409862475,8000,3000,80000,0.005654,1.845E-4,0.0243189,0.9803921568627451
2,mixture,mixture,2000,69457592,Fitted,0.6301262997125537,1902.3933348686462,1.007513201295714,2000,3000,14000,0.005633900000000001,0.0042003000000000006,0.0151812,0.631578947368421
2,mixture,mh,2000,69457592,Completed,0.641,NaN,1.0030029861023155,2000,1000,0,0.0,0.0,0.0053566,0.631578947368421
2,mixture,legacy,2000,69457592,Completed,0.6488706365503019,NaN,NaN,2000,0,0,0.0,0.0,0.0017907,0.631578947368421
2,mixture,prior,2000,69457592,Completed,0.6488706365503017,1322.1965156794172,NaN,2000,0,14000,0.0,0.0,0.0035855,0.631578947368421
2,mixture,single,2000,69457592,Fitted,0.6278695866875929,343.24370653200515,1.0053370050708332,2000,3000,14000,0.0051306,1.6690000000000002E-4,0.0098083,0.631578947368421
2,mixture,mixture,8000,69457592,Fitted,0.6298066716419092,7594.737653907271,1.007513201295714,8000,3000,56000,0.004826100000000001,0.0039570000000000004,0.027577900000000002,0.631578947368421
2,mixture,mh,8000,69457592,Completed,0.63725,NaN,1.0007617879193165,8000,1000,0,0.0,0.0,0.0167306,0.631578947368421
2,mixture,legacy,8000,69457592,Completed,0.629912951727787,NaN,NaN,8000,0,0,0.0,0.0,0.006413100000000001,0.631578947368421
2,mixture,prior,8000,69457592,Completed,0.6299129517277756,5247.532998630393,NaN,8000,0,48000,0.0,0.0,0.012852800000000001,0.631578947368421
2,mixture,single,8000,69457592,Fitted,0.6377212410731378,1351.74849944962,1.0053370050708332,8000,3000,56000,0.0052982,1.689E-4,0.022346300000000003,0.631578947368421
2,concentrated,mh,2000,84943455,Completed,2.791052396802539,NaN,5.291656186565892,2000,1000,0,0.0,0.0,0.0059148000000000004,2.9702970297029703
2,concentrated,legacy,2000,84943455,Completed,2.928390812155595,NaN,NaN,2000,0,0,0.0,0.0,0.0030889000000000003,2.9702970297029703
2,concentrated,prior,2000,84943455,Completed,2.928390812155592,5.983260193574286,NaN,2000,0,12000,0.0,0.0,0.0036827,2.9702970297029703
2,concentrated,single,2000,84943455,Fitted,2.9673367694141235,949.7263926300323,2.6617372466237534,2000,3000,12000,0.004727,2.2360000000000001E-4,0.0091155,2.9702970297029703
2,concentrated,mixture,2000,84943455,Fitted,2.9694753726733985,546.5447174325087,4.458028673282907,2000,3000,12000,0.005174300000000001,0.0359745,0.0459952,2.9702970297029703
2,concentrated,mh,8000,84943455,Completed,2.880614561698537,NaN,1.7629864694395037,8000,1000,0,0.0,0.0,0.0155294,2.9702970297029703
2,concentrated,legacy,8000,84943455,Completed,2.9492291075131662,NaN,NaN,8000,0,0,0.0,0.0,0.0106359,2.9702970297029703
2,concentrated,prior,8000,84943455,Completed,2.9492291075131587,15.817260365872333,NaN,8000,0,48000,0.0,0.0,0.012999700000000001,2.9702970297029703
2,concentrated,single,8000,84943455,Fitted,2.9669094659089343,3888.5540569964824,2.6617372466237534,8000,3000,40000,0.0053619,1.8570000000000001E-4,0.0206018,2.9702970297029703
2,concentrated,mixture,8000,84943455,Fitted,2.9687463378565737,2184.8513588617748,4.458028673282907,8000,3000,40000,0.0055176,0.0324097,0.055522300000000004,2.9702970297029703
2,hierarchical,mh,2000,84943455,Completed,0.9674861789504461,NaN,1.1950548908310255,2000,1000,0,0.0,0.0,0.0056029,0.9803921568627451
2,hierarchical,legacy,2000,84943455,Completed,0.9712824071625753,NaN,NaN,2000,0,0,0.0,0.0,0.0033163000000000003,0.9803921568627451
2,hierarchical,prior,2000,84943455,Completed,0.9712824071625591,182.6856632096312,NaN,2000,0,16000,0.0,0.0,0.0041701,0.9803921568627451
2,hierarchical,single,2000,84943455,Fitted,0.9818900766610028,1060.7868072065442,1.1970318909172506,2000,3000,16000,0.0052211,1.371E-4,0.0100957,0.9803921568627451
2,hierarchical,mixture,2000,84943455,IterationLimit,NaN,NaN,1.1324880262181791,0,3000,0,0.005630100000000001,0.0732969,0.07899350000000001,0.9803921568627451
2,hierarchical,mh,8000,84943455,Completed,0.9571183676878089,NaN,1.0719015591204697,8000,1000,0,0.0,0.0,0.0146584,0.9803921568627451
2,hierarchical,legacy,8000,84943455,Completed,0.9704212439958996,NaN,NaN,8000,0,0,0.0,0.0,0.013555900000000001,0.9803921568627451
2,hierarchical,prior,8000,84943455,Completed,0.970421243995838,689.7237163882985,NaN,8000,0,64000,0.0,0.0,0.0167162,0.9803921568627451
2,hierarchical,single,8000,84943455,Fitted,0.9801146976612475,4015.575279163243,1.2175857202079716,8000,3000,64000,0.005332900000000001,1.877E-4,0.0233287,0.9803921568627451
2,hierarchical,mixture,8000,84943455,IterationLimit,NaN,NaN,1.179394136770935,0,3000,0,0.00557,0.07590580000000001,0.0816114,0.9803921568627451
2,mixture,mh,2000,84943455,Completed,0.637,NaN,1.0041391518435487,2000,1000,0,0.0,0.0,0.0063468000000000005,0.631578947368421
2,mixture,legacy,2000,84943455,Completed,0.6392503904216505,NaN,NaN,2000,0,0,0.0,0.0,0.0018951,0.631578947368421
2,mixture,prior,2000,84943455,Completed,0.6392503904216658,1316.7675289919678,NaN,2000,0,12000,0.0,0.0,0.0033793,0.631578947368421
2,mixture,single,2000,84943455,Fitted,0.6482785000107391,332.52628051116886,1.003331950874574,2000,3000,12000,0.0048005,1.318E-4,0.009228400000000001,0.631578947368421
2,mixture,mixture,2000,84943455,Fitted,0.660390735936128,1882.346664785319,1.006594610750186,2000,3000,12000,0.0059378,0.004163,0.0149928,0.631578947368421
2,mixture,mh,8000,84943455,Completed,0.63575,NaN,1.0007428527146975,8000,1000,0,0.0,0.0,0.0154316,0.631578947368421
2,mixture,legacy,8000,84943455,Completed,0.6423527887543088,NaN,NaN,8000,0,0,0.0,0.0,0.005844500000000001,0.631578947368421
2,mixture,prior,8000,84943455,Completed,0.6423527887543179,5273.895518424502,NaN,8000,0,48000,0.0,0.0,0.012938100000000001,0.631578947368421
2,mixture,single,8000,84943455,Fitted,0.6289027778075188,1329.7179496992276,1.003331950874574,8000,3000,48000,0.005107700000000001,1.486E-4,0.020715,0.631578947368421
2,mixture,mixture,8000,84943455,Fitted,0.6398614045818487,7508.922784375376,1.006594610750186,8000,3000,56000,0.0051598,0.0043687000000000005,0.028068700000000002,0.631578947368421
2,concentrated,legacy,2000,100429318,Completed,3.012682769029881,NaN,NaN,2000,0,0,0.0,0.0,0.0027044,2.9702970297029703
2,concentrated,prior,2000,100429318,Completed,3.01268276902988,1.9942140466595462,NaN,2000,0,10000,0.0,0.0,0.00443,2.9702970297029703
2,concentrated,single,2000,100429318,Fitted,2.971781294125381,697.2638057692917,3.4950339785766564,2000,3000,12000,0.0047756000000000005,1.449E-4,0.0089867,2.9702970297029703
2,concentrated,mixture,2000,100429318,Fitted,2.9693473198104634,1268.0060217285713,1.9128040679037277,2000,3000,10000,0.005783300000000001,0.036248800000000005,0.046842100000000005,2.9702970297029703
2,concentrated,mh,2000,100429318,Completed,2.833569260458227,NaN,2.4899056288550607,2000,1000,0,0.0,0.0,0.0053469,2.9702970297029703
2,concentrated,legacy,8000,100429318,Completed,2.99880565693241,NaN,NaN,8000,0,0,0.0,0.0,0.010109400000000001,2.9702970297029703
2,concentrated,prior,8000,100429318,Completed,2.998805656932395,8.93230381870477,NaN,8000,0,40000,0.0,0.0,0.0135124,2.9702970297029703
2,concentrated,single,8000,100429318,Fitted,2.970219801348168,2929.0970477484634,3.4950339785766564,8000,3000,48000,0.004845400000000001,1.563E-4,0.0202595,2.9702970297029703
2,concentrated,mixture,8000,100429318,Fitted,2.969526996577389,4968.980367295965,1.9128040679037277,8000,3000,48000,0.004738200000000001,0.0373206,0.0599997,2.9702970297029703
2,concentrated,mh,8000,100429318,Completed,2.977309193265302,NaN,1.70777672689415,8000,1000,0,0.0,0.0,0.014306000000000001,2.9702970297029703
2,hierarchical,legacy,2000,100429318,Completed,0.9939469173644998,NaN,NaN,2000,0,0,0.0,0.0,0.0034442,0.9803921568627451
2,hierarchical,prior,2000,100429318,Completed,0.9939469173644833,178.5960516538247,NaN,2000,0,20000,0.0,0.0,0.0043135000000000005,0.9803921568627451
2,hierarchical,single,2000,100429318,Fitted,0.9881838199571454,1055.6025348447306,1.1815692560587017,2000,3000,18000,0.005137200000000001,1.437E-4,0.010096500000000001,0.9803921568627451
2,hierarchical,mixture,2000,100429318,Fitted,0.9715071221319147,995.565629411556,1.0650596998474462,2000,3000,18000,0.0052764000000000005,0.0503861,0.0611618,0.9803921568627451
2,hierarchical,mh,2000,100429318,Completed,0.9765080590983322,NaN,1.3237140740000886,2000,1000,0,0.0,0.0,0.0056072000000000006,0.9803921568627451
2,hierarchical,legacy,8000,100429318,Completed,0.98466260280171,NaN,NaN,8000,0,0,0.0,0.0,0.013355200000000001,0.9803921568627451
2,hierarchical,prior,8000,100429318,Completed,0.9846626028016514,698.6448377116551,NaN,8000,0,80000,0.0,0.0,0.0164135,0.9803921568627451
2,hierarchical,single,8000,100429318,Fitted,0.9849388397538117,4034.2887438015377,1.1541534545616614,8000,3000,72000,0.0057323,1.5590000000000002E-4,0.023982,0.9803921568627451
2,hierarchical,mixture,8000,100429318,Fitted,0.9798860640141753,3490.7154577315473,1.1664369949779025,8000,3000,72000,0.005427100000000001,0.0592408,0.085193,0.9803921568627451
2,hierarchical,mh,8000,100429318,Completed,1.011478309668547,NaN,1.0303715160113371,8000,1000,0,0.0,0.0,0.014865300000000001,0.9803921568627451
2,mixture,legacy,2000,100429318,Completed,0.6299129517277664,NaN,NaN,2000,0,0,0.0,0.0,0.0018505000000000001,0.631578947368421
2,mixture,prior,2000,100429318,Completed,0.6299129517277836,1311.8832496576722,NaN,2000,0,14000,0.0,0.0,0.0035728,0.631578947368421
2,mixture,single,2000,100429318,Fitted,0.6437045071800477,331.39911632566196,1.0028669567249993,2000,3000,14000,0.0050818,1.5930000000000002E-4,0.00978,0.631578947368421
2,mixture,mixture,2000,100429318,Fitted,0.6469607145973236,1925.8601745522744,1.0031634543307124,2000,3000,14000,0.005399200000000001,0.0043854,0.015179100000000001,0.631578947368421
2,mixture,mh,2000,100429318,Completed,0.6465000000000001,NaN,1.00638936176312,2000,1000,0,0.0,0.0,0.0054768,0.631578947368421
2,mixture,legacy,8000,100429318,Completed,0.6340631965386225,NaN,NaN,8000,0,0,0.0,0.0,0.006583,0.631578947368421
2,mixture,prior,8000,100429318,Completed,0.6340631965386091,5256.031533770366,NaN,8000,0,56000,0.0,0.0,0.013452800000000001,0.631578947368421
2,mixture,single,8000,100429318,Fitted,0.6388039218865639,1343.0094750712533,1.0028669567249993,8000,3000,48000,0.005815000000000001,1.6250000000000002E-4,0.0223217,0.631578947368421
2,mixture,mixture,8000,100429318,Fitted,0.6317662559514629,7700.466146724423,1.0031634543307124,8000,3000,48000,0.006256200000000001,0.003968800000000001,0.028462400000000002,0.631578947368421
2,mixture,mh,8000,100429318,Completed,0.649125,NaN,1.0018176348445653,8000,1000,0,0.0,0.0,0.015946000000000002,0.631578947368421
2,concentrated,prior,2000,115915181,Completed,2.9607699808038044,5.12579846941717,NaN,2000,0,12000,0.0,0.0,0.0036991000000000003,2.9702970297029703
2,concentrated,single,2000,115915181,Fitted,2.967623999813559,676.4069965722588,2.2643624087424064,2000,3000,10000,0.0046883,1.539E-4,0.0089826,2.9702970297029703
2,concentrated,mixture,2000,115915181,Fitted,2.967169024549043,649.4698957850032,2.2864328750117795,2000,3000,12000,0.0044564,0.0314397,0.0406983,2.9702970297029703
2,concentrated,mh,2000,115915181,Completed,2.897247277959051,NaN,3.2124347090572294,2000,1000,0,0.0,0.0,0.0048308000000000005,2.9702970297029703
2,concentrated,legacy,2000,115915181,Completed,2.960769980803806,NaN,NaN,2000,0,0,0.0,0.0,0.0028409000000000004,2.9702970297029703
2,concentrated,prior,8000,115915181,Completed,2.9702707963848485,17.29275157002526,NaN,8000,0,48000,0.0,0.0,0.012950900000000001,2.9702970297029703
2,concentrated,single,8000,115915181,Fitted,2.9703984938669294,2772.0597691769744,2.2643624087424064,8000,3000,40000,0.0051357,1.493E-4,0.0211352,2.9702970297029703
2,concentrated,mixture,8000,115915181,Fitted,2.9704335238067245,2661.795795089462,2.2864328750117795,8000,3000,48000,0.005014,0.031843,0.054491500000000005,2.9702970297029703
2,concentrated,mh,8000,115915181,Completed,2.9355447925515694,NaN,1.8190729845963527,8000,1000,0,0.0,0.0,0.015077700000000001,2.9702970297029703
2,concentrated,legacy,8000,115915181,Completed,2.9702707963848565,NaN,NaN,8000,0,0,0.0,0.0,0.011145200000000001,2.9702970297029703
2,hierarchical,prior,2000,115915181,Completed,0.9794019523382571,165.6133254354776,NaN,2000,0,20000,0.0,0.0,0.0043812,0.9803921568627451
2,hierarchical,single,2000,115915181,Fitted,0.9833415782397722,1069.865155072636,1.086201248269029,2000,3000,20000,0.005268,1.6E-4,0.010239,0.9803921568627451
2,hierarchical,mixture,2000,115915181,Fitted,0.9750719594000966,894.8334942113902,1.1704520890844292,2000,3000,18000,0.0051298,0.0406125,0.051288,0.9803921568627451
2,hierarchical,mh,2000,115915181,Completed,0.952617035377278,NaN,1.1589924700119776,2000,1000,0,0.0,0.0,0.0053124,0.9803921568627451
2,hierarchical,legacy,2000,115915181,Completed,0.9794019523382718,NaN,NaN,2000,0,0,0.0,0.0,0.004044600000000001,0.9803921568627451
2,hierarchical,prior,8000,115915181,Completed,0.9789659967374431,699.1474604910591,NaN,8000,0,64000,0.0,0.0,0.017814700000000003,0.9803921568627451
2,hierarchical,single,8000,115915181,Fitted,0.9805647685436776,4183.453418468091,1.145364823301286,8000,3000,80000,0.0057859,1.9170000000000002E-4,0.024307000000000002,0.9803921568627451
2,hierarchical,mixture,8000,115915181,Fitted,0.9790839733568063,3762.777248387417,1.3952356559915644,8000,3000,64000,0.0060168,0.056838200000000005,0.08362330000000001,0.9803921568627451
2,hierarchical,mh,8000,115915181,Completed,0.9610781576675268,NaN,1.0476093836048574,8000,1000,0,0.0,0.0,0.015256100000000002,0.9803921568627451
2,hierarchical,legacy,8000,115915181,Completed,0.978965996737514,NaN,NaN,8000,0,0,0.0,0.0,0.0121417,0.9803921568627451
2,mixture,prior,2000,115915181,Completed,0.6381647549530755,1316.180322003611,NaN,2000,0,14000,0.0,0.0,0.0035098000000000004,0.631578947368421
2,mixture,single,2000,115915181,Fitted,0.6475003177927795,340.9928223066496,1.0052171559289373,2000,3000,14000,0.0050511,1.482E-4,0.0096669,0.631578947368421
2,mixture,mixture,2000,115915181,Fitted,0.6276277166750465,1869.3122568663207,1.0014458003823672,2000,3000,14000,0.0049692,0.004273,0.0141224,0.631578947368421
2,mixture,mh,2000,115915181,Completed,0.6705,NaN,1.0086913039261811,2000,1000,0,0.0,0.0,0.005525700000000001,0.631578947368421
2,mixture,legacy,2000,115915181,Completed,0.6381647549530726,NaN,NaN,2000,0,0,0.0,0.0,0.0016231000000000002,0.631578947368421
2,mixture,prior,8000,115915181,Completed,0.633512662380292,5254.887220085651,NaN,8000,0,48000,0.0,0.0,0.0130314,0.631578947368421
2,mixture,single,8000,115915181,Fitted,0.6418461558677816,1410.6404975619184,1.0052171559289373,8000,3000,48000,0.0048231,1.5560000000000001E-4,0.0215535,0.631578947368421
2,mixture,mixture,8000,115915181,Fitted,0.6322429581887941,7500.326582772532,1.0014458003823672,8000,3000,48000,0.004906300000000001,0.0040003,0.0273006,0.631578947368421
2,mixture,mh,8000,115915181,Completed,0.6385000000000001,NaN,1.000215006231709,8000,1000,0,0.0,0.0,0.015103100000000001,0.631578947368421
2,mixture,legacy,8000,115915181,Completed,0.6335126623802756,NaN,NaN,8000,0,0,0.0,0.0,0.005927600000000001,0.631578947368421
2,concentrated,single,2000,131401044,Fitted,2.9668417858558964,1040.9215428264686,3.1627095982262663,2000,3000,10000,0.0050585000000000005,1.596E-4,0.009621600000000001,2.9702970297029703
2,concentrated,mixture,2000,131401044,Fitted,2.9702468750379905,1156.72625648952,2.4133260242685033,2000,3000,12000,0.0046378,0.0068351,0.016325600000000003,2.9702970297029703
2,concentrated,mh,2000,131401044,Completed,3.0550091916132325,NaN,1.867376924681649,2000,1000,0,0.0,0.0,0.0050469,2.9702970297029703
2,concentrated,legacy,2000,131401044,Completed,2.880189930162562,NaN,NaN,2000,0,0,0.0,0.0,0.002694,2.9702970297029703
2,concentrated,prior,2000,131401044,Completed,2.8801899301625626,2.5316454233156214,NaN,2000,0,12000,0.0,0.0,0.0034277,2.9702970297029703
2,concentrated,single,8000,131401044,Fitted,2.9705596131677963,4157.448748359738,3.1627095982262663,8000,3000,40000,0.0045190000000000004,1.3460000000000002E-4,0.019700600000000002,2.9702970297029703
2,concentrated,mixture,8000,131401044,Fitted,2.9746756776955734,4659.297389342471,2.4133260242685033,8000,3000,48000,0.0045754,0.0068453,0.0299319,2.9702970297029703
2,concentrated,mh,8000,131401044,Completed,3.0317559761430557,NaN,1.756495344604259,8000,1000,0,0.0,0.0,0.014114100000000001,2.9702970297029703
2,concentrated,legacy,8000,131401044,Completed,2.9481592907959393,NaN,NaN,8000,0,0,0.0,0.0,0.0108114,2.9702970297029703
2,concentrated,prior,8000,131401044,Completed,2.948159290795933,8.011754522202416,NaN,8000,0,48000,0.0,0.0,0.0134441,2.9702970297029703
2,hierarchical,single,2000,131401044,Fitted,0.9784280984756315,1073.0302173955033,1.098724640929362,2000,3000,18000,0.0050788000000000005,1.5340000000000002E-4,0.010093900000000001,0.9803921568627451
2,hierarchical,mixture,2000,131401044,Fitted,0.9757319557264168,964.7187417192391,1.1649931181996438,2000,3000,18000,0.004980200000000001,0.0466041,0.057188300000000004,0.9803921568627451
2,hierarchical,mh,2000,131401044,Completed,0.9876553266338028,NaN,1.1152171486288398,2000,1000,0,0.0,0.0,0.0063873,0.9803921568627451
2,hierarchical,legacy,2000,131401044,Completed,0.9707289903970705,NaN,NaN,2000,0,0,0.0,0.0,0.003935500000000001,0.9803921568627451
2,hierarchical,prior,2000,131401044,Completed,0.9707289903970592,169.98354802111558,NaN,2000,0,20000,0.0,0.0,0.004188900000000001,0.9803921568627451
2,hierarchical,single,8000,131401044,Fitted,0.9792035688591605,4124.073935922363,1.168397928662359,8000,3000,72000,0.004774700000000001,1.5340000000000002E-4,0.022797,0.9803921568627451
2,hierarchical,mixture,8000,131401044,Fitted,0.9773555748976062,3771.5768109281416,1.364730638542862,8000,3000,80000,0.004908,0.0105438,0.036645300000000006,0.9803921568627451
2,hierarchical,mh,8000,131401044,Completed,0.9807340694755902,NaN,1.042670065265229,8000,1000,0,0.0,0.0,0.0150142,0.9803921568627451
2,hierarchical,legacy,8000,131401044,Completed,0.9757933466690601,NaN,NaN,8000,0,0,0.0,0.0,0.013454800000000001,0.9803921568627451
2,hierarchical,prior,8000,131401044,Completed,0.9757933466689949,694.9966584451387,NaN,8000,0,72000,0.0,0.0,0.015990300000000002,0.9803921568627451
2,mixture,single,2000,131401044,Fitted,0.6507595813265699,359.790923079085,1.00930076510707,2000,3000,14000,0.0051031,1.8040000000000002E-4,0.0098452,0.631578947368421
2,mixture,mixture,2000,131401044,Fitted,0.6342416181597249,1908.9089171318412,1.0055866221815117,2000,3000,14000,0.005556500000000001,0.0043137,0.0148997,0.631578947368421
2,mixture,mh,2000,131401044,Completed,0.631,NaN,1.0131607159463072,2000,1000,0,0.0,0.0,0.0047952,0.631578947368421
2,mixture,legacy,2000,131401044,Completed,0.6381647549530753,NaN,NaN,2000,0,0,0.0,0.0,0.0026634000000000002,0.631578947368421
2,mixture,prior,2000,131401044,Completed,0.6381647549530755,1316.1803220036036,NaN,2000,0,14000,0.0,0.0,0.0035637000000000004,0.631578947368421
2,mixture,single,8000,131401044,Fitted,0.6387492723375626,1401.5974505269544,1.00930076510707,8000,3000,56000,0.0051912,1.64E-4,0.0217713,0.631578947368421
2,mixture,mixture,8000,131401044,Fitted,0.6271682061714755,7643.3303335465025,1.0055866221815117,8000,3000,56000,0.0051219,0.0045016000000000006,0.029584500000000003,0.631578947368421
2,mixture,mh,8000,131401044,Completed,0.628375,NaN,1.002214078139471,8000,1000,0,0.0,0.0,0.016016100000000002,0.631578947368421
2,mixture,legacy,8000,131401044,Completed,0.6278193002182887,NaN,NaN,8000,0,0,0.0,0.0,0.0068314000000000005,0.631578947368421
2,mixture,prior,8000,131401044,Completed,0.6278193002182296,5243.357288679489,NaN,8000,0,56000,0.0,0.0,0.015208500000000002,0.631578947368421
2,concentrated,mixture,2000,146886907,Fitted,2.9700032316243394,669.255777283396,1.8773428760639566,2000,3000,12000,0.006533400000000001,0.0231002,0.0358175,2.9702970297029703
2,concentrated,mh,2000,146886907,Completed,2.9757996301378604,NaN,2.2743579143991286,2000,1000,0,0.0,0.0,0.0055608,2.9702970297029703
2,concentrated,legacy,2000,146886907,Completed,3.0176143780820874,NaN,NaN,2000,0,0,0.0,0.0,0.0026782000000000004,2.9702970297029703
2,concentrated,prior,2000,146886907,Completed,3.0176143780820834,4.742572919668114,NaN,2000,0,12000,0.0,0.0,0.0037609,2.9702970297029703
2,concentrated,single,2000,146886907,Fitted,2.973838983122391,532.3679954733194,2.346549137829485,2000,3000,12000,0.004761700000000001,1.8240000000000002E-4,0.009177300000000001,2.9702970297029703
2,concentrated,mixture,8000,146886907,Fitted,2.9705170598955255,2616.4494074998606,1.8773428760639566,8000,3000,48000,0.0048189,0.021329800000000003,0.044974,2.9702970297029703
2,concentrated,mh,8000,146886907,Completed,2.9455410401930076,NaN,1.4311104411824598,8000,1000,0,0.0,0.0,0.015358400000000001,2.9702970297029703
2,concentrated,legacy,8000,146886907,Completed,2.96895045993784,NaN,NaN,8000,0,0,0.0,0.0,0.010936600000000001,2.9702970297029703
2,concentrated,prior,8000,146886907,Completed,2.9689504599378247,13.769554364193942,NaN,8000,0,48000,0.0,0.0,0.0140502,2.9702970297029703
2,concentrated,single,8000,146886907,Fitted,2.96856677329463,2020.5125836893,2.346549137829485,8000,3000,48000,0.0051846,2.0270000000000002E-4,0.0213709,2.9702970297029703
2,hierarchical,mixture,2000,146886907,IterationLimit,NaN,NaN,1.3132215265504275,0,3000,0,0.0053189000000000005,0.080734,0.08615640000000001,0.9803921568627451
2,hierarchical,mh,2000,146886907,Completed,0.9695062173726472,NaN,1.1230787770440485,2000,1000,0,0.0,0.0,0.0058612000000000004,0.9803921568627451
2,hierarchical,legacy,2000,146886907,Completed,0.9854925408387,NaN,NaN,2000,0,0,0.0,0.0,0.0037210000000000003,0.9803921568627451
2,hierarchical,prior,2000,146886907,Completed,0.9854925408386825,164.36305359856226,NaN,2000,0,20000,0.0,0.0,0.0045196,0.9803921568627451
2,hierarchical,single,2000,146886907,Fitted,0.9751491741008597,930.0001156807009,1.2223457907013633,2000,3000,20000,0.005356400000000001,1.717E-4,0.0105886,0.9803921568627451
2,hierarchical,mixture,8000,146886907,IterationLimit,NaN,NaN,1.26141811059784,0,3000,0,0.0051342,0.08179120000000001,0.08700980000000001,0.9803921568627451
2,hierarchical,mh,8000,146886907,Completed,0.9834737567158321,NaN,1.0496458497322547,8000,1000,0,0.0,0.0,0.0156378,0.9803921568627451
2,hierarchical,legacy,8000,146886907,Completed,0.986189050494987,NaN,NaN,8000,0,0,0.0,0.0,0.0142161,0.9803921568627451
2,hierarchical,prior,8000,146886907,Completed,0.9861890504949148,677.175955172433,NaN,8000,0,64000,0.0,0.0,0.0164873,0.9803921568627451
2,hierarchical,single,8000,146886907,Fitted,0.9826148286786298,3970.174479832488,1.4346895290567034,8000,3000,64000,0.0056895,1.8590000000000002E-4,0.0250907,0.9803921568627451
2,mixture,mixture,2000,146886907,Fitted,0.6244068291448812,1929.5848393613912,1.0015444445075974,2000,3000,10000,0.0052005,0.0046424000000000005,0.014756900000000002,0.631578947368421
2,mixture,mh,2000,146886907,Completed,0.651,NaN,1.001079663359066,2000,1000,0,0.0,0.0,0.005130900000000001,0.631578947368421
2,mixture,legacy,2000,146886907,Completed,0.6343381389252919,NaN,NaN,2000,0,0,0.0,0.0,0.0015671,0.631578947368421
2,mixture,prior,2000,146886907,Completed,0.6343381389252913,1314.1512415349675,NaN,2000,0,10000,0.0,0.0,0.0036086000000000004,0.631578947368421
2,mixture,single,2000,146886907,Fitted,0.6324856804328319,370.0946735398188,1.004663513408888,2000,3000,10000,0.0050723,1.517E-4,0.0096003,0.631578947368421
2,mixture,mixture,8000,146886907,Fitted,0.6234911015025347,7694.401255146215,1.0015444445075974,8000,3000,40000,0.005842900000000001,0.004346200000000001,0.028659700000000003,0.631578947368421
2,mixture,mh,8000,146886907,Completed,0.637625,NaN,1.0013096068420997,8000,1000,0,0.0,0.0,0.016009100000000002,0.631578947368421
2,mixture,legacy,8000,146886907,Completed,0.6342006947630657,NaN,NaN,8000,0,0,0.0,0.0,0.0058821,0.631578947368421
2,mixture,prior,8000,146886907,Completed,0.6342006947630531,5256.318143840838,NaN,8000,0,48000,0.0,0.0,0.013112,0.631578947368421
2,mixture,single,8000,146886907,Fitted,0.6147726838168613,1404.238648389913,1.004663513408888,8000,3000,40000,0.005837200000000001,2.256E-4,0.0230996,0.631578947368421
2,concentrated,mh,2000,162372770,Completed,2.889435934060147,NaN,2.1300944842900007,2000,1000,0,0.0,0.0,0.0056452,2.9702970297029703
2,concentrated,legacy,2000,162372770,Completed,2.991476931230496,NaN,NaN,2000,0,0,0.0,0.0,0.0029355,2.9702970297029703
2,concentrated,prior,2000,162372770,Completed,2.9914769312304963,3.797206736190474,NaN,2000,0,10000,0.0,0.0,0.0036418,2.9702970297029703
2,concentrated,single,2000,162372770,Fitted,2.9736145420496,818.9326359485746,2.6598387165034305,2000,3000,10000,0.0050067,1.719E-4,0.0095092,2.9702970297029703
2,concentrated,mixture,2000,162372770,Fitted,2.968836551090198,936.4241080409646,22.255205397959106,2000,3000,10000,0.004861600000000001,0.0088056,0.018571900000000002,2.9702970297029703
2,concentrated,mh,8000,162372770,Completed,2.9250200733723437,NaN,1.6347421715185273,8000,1000,0,0.0,0.0,0.015354600000000001,2.9702970297029703
2,concentrated,legacy,8000,162372770,Completed,2.959295118569444,NaN,NaN,8000,0,0,0.0,0.0,0.0108027,2.9702970297029703
2,concentrated,prior,8000,162372770,Completed,2.9592951185694294,10.230699899303287,NaN,8000,0,40000,0.0,0.0,0.013412100000000001,2.9702970297029703
2,concentrated,single,8000,162372770,Fitted,2.9696802750594906,3253.2699618283887,2.6598387165034305,8000,3000,48000,0.0057099,1.787E-4,0.0220458,2.9702970297029703
2,concentrated,mixture,8000,162372770,Fitted,2.972182372168563,2938.5475444351773,22.255205397959106,8000,3000,48000,0.0050049000000000005,0.0090641,0.0323465,2.9702970297029703
2,hierarchical,mh,2000,162372770,Completed,0.9995700984667002,NaN,1.2686776432760145,2000,1000,0,0.0,0.0,0.0053319000000000005,0.9803921568627451
2,hierarchical,legacy,2000,162372770,Completed,0.9720789920682407,NaN,NaN,2000,0,0,0.0,0.0,0.0035141,0.9803921568627451
2,hierarchical,prior,2000,162372770,Completed,0.9720789920682282,177.05879216514012,NaN,2000,0,18000,0.0,0.0,0.0044944,0.9803921568627451
2,hierarchical,single,2000,162372770,Fitted,0.9818479795012031,1107.5621030587456,1.1998700791499077,2000,3000,18000,0.0061563,1.6480000000000002E-4,0.011239,0.9803921568627451
2,hierarchical,mixture,2000,162372770,IterationLimit,NaN,NaN,1.2913866038539437,0,3000,0,0.0051703,0.0798445,0.0850833,0.9803921568627451
2,hierarchical,mh,8000,162372770,Completed,0.9798206563141959,NaN,1.0467091612394994,8000,1000,0,0.0,0.0,0.015560500000000001,0.9803921568627451
2,hierarchical,legacy,8000,162372770,Completed,0.9778485624101586,NaN,NaN,8000,0,0,0.0,0.0,0.0134859,0.9803921568627451
2,hierarchical,prior,8000,162372770,Completed,0.9778485624101,666.1100627110025,NaN,8000,0,80000,0.0,0.0,0.016471100000000002,0.9803921568627451
2,hierarchical,single,8000,162372770,Fitted,0.978357687403142,4363.122017705943,1.1259612891008715,8000,3000,80000,0.0053112,1.6480000000000002E-4,0.0240029,0.9803921568627451
2,hierarchical,mixture,8000,162372770,IterationLimit,NaN,NaN,1.1188086772328665,0,3000,0,0.005322100000000001,0.0793693,0.0847881,0.9803921568627451
2,mixture,mh,2000,162372770,Completed,0.6405,NaN,1.0013949520552243,2000,1000,0,0.0,0.0,0.0057288,0.631578947368421
2,mixture,legacy,2000,162372770,Completed,0.6293558606124489,NaN,NaN,2000,0,0,0.0,0.0,0.0017516,0.631578947368421
2,mixture,prior,2000,162372770,Completed,0.6293558606124657,1311.6036563071013,NaN,2000,0,10000,0.0,0.0,0.0033505,0.631578947368421
2,mixture,single,2000,162372770,Fitted,0.6020421362947773,332.71504331597714,1.0043533830773994,2000,3000,10000,0.0052432,1.564E-4,0.0097558,0.631578947368421
2,mixture,mixture,2000,162372770,Fitted,0.6319170123197194,1843.2436388290405,1.00332777003872,2000,3000,14000,0.005309,0.004431200000000001,0.0151713,0.631578947368421
2,mixture,mh,8000,162372770,Completed,0.63075,NaN,1.000671779329251,8000,1000,0,0.0,0.0,0.0161751,0.631578947368421
2,mixture,legacy,8000,162372770,Completed,0.6438267614738256,NaN,NaN,8000,0,0,0.0,0.0,0.0064355,0.631578947368421
2,mixture,prior,8000,162372770,Completed,0.6438267614738181,5277.197353914618,NaN,8000,0,40000,0.0,0.0,0.0130886,0.631578947368421
2,mixture,single,8000,162372770,Fitted,0.6454521850381335,1360.5253636092232,1.0043533830773994,8000,3000,40000,0.0054836,1.957E-4,0.021377700000000003,0.631578947368421
2,mixture,mixture,8000,162372770,Fitted,0.624669331667343,7362.05163406859,1.00332777003872,8000,3000,56000,0.0051046,0.004459,0.0294541,0.631578947368421
2,concentrated,legacy,2000,177858633,Completed,3.039255523412867,NaN,NaN,2000,0,0,0.0,0.0,0.0035622,2.9702970297029703
2,concentrated,prior,2000,177858633,Completed,3.039255523412867,3.533366545801877,NaN,2000,0,10000,0.0,0.0,0.0036037,2.9702970297029703
2,concentrated,single,2000,177858633,Fitted,2.9683164936292226,721.3464035775902,7.3197802182946035,2000,3000,12000,0.0050775,1.482E-4,0.0094599,2.9702970297029703
2,concentrated,mixture,2000,177858633,Fitted,2.974306946994858,464.7181712324,2.3099055398576294,2000,3000,10000,0.0047315000000000005,0.0645733,0.0743274,2.9702970297029703
2,concentrated,mh,2000,177858633,Completed,2.818654617505196,NaN,2.124742891189562,2000,1000,0,0.0,0.0,0.005998600000000001,2.9702970297029703
2,concentrated,legacy,8000,177858633,Completed,2.9804760586269574,NaN,NaN,8000,0,0,0.0,0.0,0.0111775,2.9702970297029703
2,concentrated,prior,8000,177858633,Completed,2.9804760586269485,13.499637049852783,NaN,8000,0,40000,0.0,0.0,0.0135116,2.9702970297029703
2,concentrated,single,8000,177858633,Fitted,2.971172590974818,2834.008907900486,7.3197802182946035,8000,3000,40000,0.0060082,2.19E-4,0.022094100000000002,2.9702970297029703
2,concentrated,mixture,8000,177858633,Fitted,2.9714581781171145,1828.7191424627508,2.3099055398576294,8000,3000,40000,0.0053248,0.0644371,0.0880335,2.9702970297029703
2,concentrated,mh,8000,177858633,Completed,2.9422502269390582,NaN,1.2564178485511073,8000,1000,0,0.0,0.0,0.016466400000000003,2.9702970297029703
2,hierarchical,legacy,2000,177858633,Completed,0.9805504310090897,NaN,NaN,2000,0,0,0.0,0.0,0.0035774,0.9803921568627451
2,hierarchical,prior,2000,177858633,Completed,0.9805504310090772,169.59062341967675,NaN,2000,0,20000,0.0,0.0,0.0043847,0.9803921568627451
2,hierarchical,single,2000,177858633,Fitted,0.9758594369074733,1030.2637933970984,1.192698337442626,2000,3000,20000,0.0056584,1.896E-4,0.010849800000000001,0.9803921568627451
2,hierarchical,mixture,2000,177858633,Fitted,0.981168356353566,1039.9289959335558,1.0563568405374142,2000,3000,18000,0.0049308,0.027939400000000003,0.0386145,0.9803921568627451
2,hierarchical,mh,2000,177858633,Completed,1.0023630815888618,NaN,1.1753609249762589,2000,1000,0,0.0,0.0,0.005391600000000001,0.9803921568627451
2,hierarchical,legacy,8000,177858633,Completed,0.9747532321379854,NaN,NaN,8000,0,0,0.0,0.0,0.0137114,0.9803921568627451
2,hierarchical,prior,8000,177858633,Completed,0.9747532321379146,696.9107070985946,NaN,8000,0,72000,0.0,0.0,0.016250900000000002,0.9803921568627451
2,hierarchical,single,8000,177858633,Fitted,0.9781711018382074,4141.261712956659,1.1021285208279847,8000,3000,80000,0.0062616,1.755E-4,0.0255474,0.9803921568627451
2,hierarchical,mixture,8000,177858633,Fitted,0.9798187666638212,4131.976480003651,1.1356676795437746,8000,3000,64000,0.005220000000000001,0.0436717,0.0703063,0.9803921568627451
2,hierarchical,mh,8000,177858633,Completed,0.9895193987666386,NaN,1.0380463744614183,8000,1000,0,0.0,0.0,0.015099900000000001,0.9803921568627451
2,mixture,legacy,2000,177858633,Completed,0.6310244930207967,NaN,NaN,2000,0,0,0.0,0.0,0.0018305,0.631578947368421
2,mixture,prior,2000,177858633,Completed,0.6310244930208121,1312.445061447403,NaN,2000,0,10000,0.0,0.0,0.0033752,0.631578947368421
2,mixture,single,2000,177858633,Fitted,0.6344520706039942,358.07973463853983,1.0047369360901406,2000,3000,10000,0.0057527,1.786E-4,0.0104325,0.631578947368421
2,mixture,mixture,2000,177858633,Fitted,0.6434243880826296,1905.3120220538663,1.0115131762856548,2000,3000,10000,0.0054329,0.004383000000000001,0.014757500000000002,0.631578947368421
2,mixture,mh,2000,177858633,Completed,0.6345000000000001,NaN,1.0039531509049286,2000,1000,0,0.0,0.0,0.005412200000000001,0.631578947368421
2,mixture,legacy,8000,177858633,Completed,0.6336503771728587,NaN,NaN,8000,0,0,0.0,0.0,0.006237800000000001,0.631578947368421
2,mixture,prior,8000,177858633,Completed,0.6336503771728355,5255.172979083685,NaN,8000,0,48000,0.0,0.0,0.013370400000000001,0.631578947368421
2,mixture,single,8000,177858633,Fitted,0.6283014484587025,1388.0656316268412,1.0047369360901406,8000,3000,56000,0.0056817000000000005,1.763E-4,0.0238076,0.631578947368421
2,mixture,mixture,8000,177858633,Fitted,0.6360177403840979,7603.381846046082,1.0115131762856548,8000,3000,48000,0.0051974000000000005,0.004262800000000001,0.028238500000000003,0.631578947368421
2,mixture,mh,8000,177858633,Completed,0.632,NaN,1.001601964539112,8000,1000,0,0.0,0.0,0.0159589,0.631578947368421
2,concentrated,prior,2000,193344496,Completed,2.8243552509287433,1.4517616421111317,NaN,2000,0,10000,0.0,0.0,0.0037707,2.9702970297029703
2,concentrated,single,2000,193344496,Fitted,2.9736181282701324,872.6725795237961,1.8313791952163658,2000,3000,12000,0.0047697,1.5020000000000002E-4,0.0091315,2.9702970297029703
2,concentrated,mixture,2000,193344496,Fitted,2.9625279088878727,880.6157756256265,2.8318069082242903,2000,3000,10000,0.0050419,0.0058777000000000005,0.0157466,2.9702970297029703
2,concentrated,mh,2000,193344496,Completed,2.912559824292598,NaN,3.018195976806033,2000,1000,0,0.0,0.0,0.0053425,2.9702970297029703
2,concentrated,legacy,2000,193344496,Completed,2.824355250928745,NaN,NaN,2000,0,0,0.0,0.0,0.0028664000000000003,2.9702970297029703
2,concentrated,prior,8000,193344496,Completed,2.9618153490592847,10.573152307163769,NaN,8000,0,40000,0.0,0.0,0.013709200000000001,2.9702970297029703
2,concentrated,single,8000,193344496,Fitted,2.971227303030744,3380.1860634685268,1.8313791952163658,8000,3000,48000,0.0052579,1.6030000000000002E-4,0.0214799,2.9702970297029703
2,concentrated,mixture,8000,193344496,Fitted,2.9700274123375254,3498.1830270954615,2.8318069082242903,8000,3000,40000,0.005011600000000001,0.0070714,0.0304946,2.9702970297029703
2,concentrated,mh,8000,193344496,Completed,2.9177237454291336,NaN,1.913151467405551,8000,1000,0,0.0,0.0,0.0154385,2.9702970297029703
2,concentrated,legacy,8000,193344496,Completed,2.9618153490592927,NaN,NaN,8000,0,0,0.0,0.0,0.0109645,2.9702970297029703
2,hierarchical,prior,2000,193344496,Completed,0.9800151679499872,158.70785498486043,NaN,2000,0,16000,0.0,0.0,0.0043977,0.9803921568627451
2,hierarchical,single,2000,193344496,Fitted,0.9843665377932913,1046.8230192908366,1.199328148343927,2000,3000,20000,0.0055791,1.508E-4,0.010752600000000001,0.9803921568627451
2,hierarchical,mixture,2000,193344496,Fitted,0.9681506336060055,997.8544743059659,1.247536209563962,2000,3000,20000,0.0054197,0.0098428,0.020996300000000002,0.9803921568627451
2,hierarchical,mh,2000,193344496,Completed,1.0044180329267538,NaN,1.3705780342262588,2000,1000,0,0.0,0.0,0.0055256,0.9803921568627451
2,hierarchical,legacy,2000,193344496,Completed,0.9800151679500015,NaN,NaN,2000,0,0,0.0,0.0,0.0036429,0.9803921568627451
2,hierarchical,prior,8000,193344496,Completed,0.9784980885034473,683.1889455522496,NaN,8000,0,80000,0.0,0.0,0.0167081,0.9803921568627451
2,hierarchical,single,8000,193344496,Fitted,0.981399592339887,3866.4455117444577,1.1049062167480885,8000,3000,80000,0.0054044,1.5470000000000002E-4,0.024971700000000003,0.9803921568627451
2,hierarchical,mixture,8000,193344496,Fitted,0.9765524208744104,4058.2165666135415,1.0994346177498369,8000,3000,72000,0.005170200000000001,0.07171910000000001,0.0985641,0.9803921568627451
2,hierarchical,mh,8000,193344496,Completed,0.9893059344473657,NaN,1.0408001856827833,8000,1000,0,0.0,0.0,0.0155346,0.9803921568627451
2,hierarchical,legacy,8000,193344496,Completed,0.9784980885035002,NaN,NaN,8000,0,0,0.0,0.0,0.014229200000000001,0.9803921568627451
2,mixture,prior,2000,193344496,Completed,0.6110509209100786,1303.141873804939,NaN,2000,0,10000,0.0,0.0,0.0033969,0.631578947368421
2,mixture,single,2000,193344496,Fitted,0.6031711337825347,330.93853838512945,1.0075805360082661,2000,3000,10000,0.0055783000000000004,1.565E-4,0.0101095,0.631578947368421
2,mixture,mixture,2000,193344496,Fitted,0.6183665081992548,1876.8301795075986,1.0063667775693668,2000,3000,14000,0.005842900000000001,0.0045855,0.015829700000000002,0.631578947368421
2,mixture,mh,2000,193344496,Completed,0.6435,NaN,1.0050546046499091,2000,1000,0,0.0,0.0,0.0051043,0.631578947368421
2,mixture,legacy,2000,193344496,Completed,0.6110509209100676,NaN,NaN,2000,0,0,0.0,0.0,0.0017246000000000002,0.631578947368421
2,mixture,prior,8000,193344496,Completed,0.6190316748142025,5226.637501464697,NaN,8000,0,56000,0.0,0.0,0.0139121,0.631578947368421
2,mixture,single,8000,193344496,Fitted,0.6307150869136083,1312.4221691735413,1.0075805360082661,8000,3000,48000,0.005332,1.773E-4,0.0221181,0.631578947368421
2,mixture,mixture,8000,193344496,Fitted,0.6241341534690074,7517.747289468443,1.0063667775693668,8000,3000,56000,0.005273900000000001,0.00421,0.0293636,0.631578947368421
2,mixture,mh,8000,193344496,Completed,0.623375,NaN,1.0032380388201592,8000,1000,0,0.0,0.0,0.0167193,0.631578947368421
2,mixture,legacy,8000,193344496,Completed,0.6190316748141889,NaN,NaN,8000,0,0,0.0,0.0,0.0067717,0.631578947368421
2,concentrated,single,2000,208830359,Fitted,2.9703653027443355,1481.8821696894083,3.723752710959638,2000,3000,10000,0.005072500000000001,1.5480000000000002E-4,0.009488,2.9702970297029703
2,concentrated,mixture,2000,208830359,Fitted,2.9668178576294535,684.3502752374835,3.305138267498553,2000,3000,12000,0.0052532,0.045832500000000005,0.0564071,2.9702970297029703
2,concentrated,mh,2000,208830359,Completed,2.7874050134053316,NaN,2.282264741624302,2000,1000,0,0.0,0.0,0.0054764,2.9702970297029703
2,concentrated,legacy,2000,208830359,Completed,2.943962623922309,NaN,NaN,2000,0,0,0.0,0.0,0.0029953000000000002,2.9702970297029703
2,concentrated,prior,2000,208830359,Completed,2.9439626239223076,4.133433131134882,NaN,2000,0,10000,0.0,0.0,0.0036169,2.9702970297029703
2,concentrated,single,8000,208830359,Fitted,2.971077748447208,5904.780055793062,3.723752710959638,8000,3000,40000,0.0050989,1.385E-4,0.021228300000000002,2.9702970297029703
2,concentrated,mixture,8000,208830359,Fitted,2.9687900108250505,2653.6106752588144,3.305138267498553,8000,3000,48000,0.0051057,0.045768300000000005,0.06931810000000001,2.9702970297029703
2,concentrated,mh,8000,208830359,Completed,2.8888023631981787,NaN,1.9412649097088086,8000,1000,0,0.0,0.0,0.0153585,2.9702970297029703
2,concentrated,legacy,8000,208830359,Completed,2.9633658316178395,NaN,NaN,8000,0,0,0.0,0.0,0.0104807,2.9702970297029703
2,concentrated,prior,8000,208830359,Completed,2.9633658316178257,12.254320160210208,NaN,8000,0,48000,0.0,0.0,0.013587400000000001,2.9702970297029703
2,hierarchical,single,2000,208830359,Fitted,0.9743114125817581,1094.049674575754,1.2159716916943228,2000,3000,18000,0.0058465,1.666E-4,0.011204800000000001,0.9803921568627451
2,hierarchical,mixture,2000,208830359,IterationLimit,NaN,NaN,1.192157855332789,0,3000,0,0.005093,0.0812066,0.0863728,0.9803921568627451
2,hierarchical,mh,2000,208830359,Completed,0.9629375174493198,NaN,1.1474786084267556,2000,1000,0,0.0,0.0,0.0059248,0.9803921568627451
2,hierarchical,legacy,2000,208830359,Completed,0.9818465460938733,NaN,NaN,2000,0,0,0.0,0.0,0.0037003,0.9803921568627451
2,hierarchical,prior,2000,208830359,Completed,0.9818465460938519,174.29846041125347,NaN,2000,0,20000,0.0,0.0,0.0044882,0.9803921568627451
2,hierarchical,single,8000,208830359,Fitted,0.9780117550766947,4331.487591900733,1.1554601951293646,8000,3000,80000,0.0052064,1.5700000000000002E-4,0.024636400000000003,0.9803921568627451
2,hierarchical,mixture,8000,208830359,Fitted,0.983020079071013,3929.742080544748,1.182401479884527,8000,3000,80000,0.0053966000000000005,0.07620220000000001,0.10429000000000001,0.9803921568627451
2,hierarchical,mh,8000,208830359,Completed,0.9730925156382323,NaN,1.0360513371353872,8000,1000,0,0.0,0.0,0.015886300000000003,0.9803921568627451
2,hierarchical,legacy,8000,208830359,Completed,0.9829721904798917,NaN,NaN,8000,0,0,0.0,0.0,0.0145079,0.9803921568627451
2,hierarchical,prior,8000,208830359,Completed,0.9829721904798305,687.6300023175091,NaN,8000,0,80000,0.0,0.0,0.0171945,0.9803921568627451
2,mixture,single,2000,208830359,Fitted,0.6506993109716721,335.94427095440057,1.0053032879666723,2000,3000,10000,0.005271400000000001,1.888E-4,0.0097891,0.631578947368421
2,mixture,mixture,2000,208830359,Fitted,0.6377463590953962,1862.4116637906127,1.0056394042375518,2000,3000,10000,0.0054447,0.0043676,0.014717300000000001,0.631578947368421
2,mixture,mh,2000,208830359,Completed,0.6355,NaN,1.005868857198739,2000,1000,0,0.0,0.0,0.0057749,0.631578947368421
2,mixture,legacy,2000,208830359,Completed,0.6271186440677933,NaN,NaN,2000,0,0,0.0,0.0,0.0018178,0.631578947368421
2,mixture,prior,2000,208830359,Completed,0.6271186440678017,1310.494117647092,NaN,2000,0,10000,0.0,0.0,0.0033813000000000003,0.631578947368421
2,mixture,single,8000,208830359,Fitted,0.6435958171258402,1324.853348121612,1.0053032879666723,8000,3000,40000,0.0049401,1.375E-4,0.0220241,0.631578947368421
2,mixture,mixture,8000,208830359,Fitted,0.6320357843892518,7444.418743423165,1.0056394042375518,8000,3000,40000,0.005473400000000001,0.004561900000000001,0.0286518,0.631578947368421
2,mixture,mh,8000,208830359,Completed,0.635,NaN,1.0023531106248669,8000,1000,0,0.0,0.0,0.0165671,0.631578947368421
2,mixture,legacy,8000,208830359,Completed,0.6273990734612841,NaN,NaN,8000,0,0,0.0,0.0,0.0060626000000000005,0.631578947368421
2,mixture,prior,8000,208830359,Completed,0.6273990734612981,5242.528128588627,NaN,8000,0,40000,0.0,0.0,0.013170900000000001,0.631578947368421
2,concentrated,mixture,2000,224316222,Fitted,2.9691616494148456,503.9963994452521,4.671306060357802,2000,3000,10000,0.0051616000000000006,0.010050100000000001,0.020365900000000003,2.9702970297029703
2,concentrated,mh,2000,224316222,Completed,2.9050634892625964,NaN,2.3310248346273386,2000,1000,0,0.0,0.0,0.0053223,2.9702970297029703
2,concentrated,legacy,2000,224316222,Completed,2.946358410707704,NaN,NaN,2000,0,0,0.0,0.0,0.0030289,2.9702970297029703
2,concentrated,prior,2000,224316222,Completed,2.9463584107077065,2.4138877338579037,NaN,2000,0,10000,0.0,0.0,0.0036947000000000004,2.9702970297029703
2,concentrated,single,2000,224316222,Fitted,2.9705639915255317,906.74853150583,3.292333676950045,2000,3000,10000,0.0050734000000000005,1.562E-4,0.009502400000000001,2.9702970297029703
2,concentrated,mixture,8000,224316222,Fitted,2.969089380833341,2058.364989249649,4.671306060357802,8000,3000,40000,0.0055758000000000005,0.010549000000000001,0.035908800000000005,2.9702970297029703
2,concentrated,mh,8000,224316222,Completed,2.9559926949437214,NaN,1.6958079157987032,8000,1000,0,0.0,0.0,0.0177942,2.9702970297029703
2,concentrated,legacy,8000,224316222,Completed,2.987196177441412,NaN,NaN,8000,0,0,0.0,0.0,0.0121144,2.9702970297029703
2,concentrated,prior,8000,224316222,Completed,2.9871961774414055,14.48512461918017,NaN,8000,0,40000,0.0,0.0,0.014156400000000001,2.9702970297029703
2,concentrated,single,8000,224316222,Fitted,2.971617967053949,3672.6434948551073,3.292333676950045,8000,3000,40000,0.005329,1.6260000000000002E-4,0.0212928,2.9702970297029703
2,hierarchical,mixture,2000,224316222,Fitted,0.977576922274721,1045.7588342870217,1.1882536261708065,2000,3000,16000,0.0054692000000000005,0.0085317,0.0198072,0.9803921568627451
2,hierarchical,mh,2000,224316222,Completed,0.9711001590080196,NaN,1.1713558993337783,2000,1000,0,0.0,0.0,0.005341500000000001,0.9803921568627451
2,hierarchical,legacy,2000,224316222,Completed,0.9846279184571503,NaN,NaN,2000,0,0,0.0,0.0,0.0034812000000000003,0.9803921568627451
2,hierarchical,prior,2000,224316222,Completed,0.9846279184571368,174.10424652332742,NaN,2000,0,16000,0.0,0.0,0.0043358,0.9803921568627451
2,hierarchical,single,2000,224316222,Fitted,0.9867373335165468,1066.360238528774,1.1316699699270398,2000,3000,18000,0.0054662,1.521E-4,0.0107995,0.9803921568627451
2,hierarchical,mixture,8000,224316222,Fitted,0.9783975562502846,3914.3438392495664,1.2865262864681084,8000,3000,72000,0.005333200000000001,0.029546700000000002,0.0566404,0.9803921568627451
2,hierarchical,mh,8000,224316222,Completed,0.9863591349628127,NaN,1.0470909553788232,8000,1000,0,0.0,0.0,0.0172833,0.9803921568627451
2,hierarchical,legacy,8000,224316222,Completed,0.9689033271265732,NaN,NaN,8000,0,0,0.0,0.0,0.013656600000000001,0.9803921568627451
2,hierarchical,prior,8000,224316222,Completed,0.9689033271265012,725.4919902949811,NaN,8000,0,72000,0.0,0.0,0.016507400000000002,0.9803921568627451
2,hierarchical,single,8000,224316222,Fitted,0.9811077673566106,4110.070368730784,1.1593229976163242,8000,3000,72000,0.0057006,1.6570000000000002E-4,0.0246169,0.9803921568627451
2,mixture,mixture,2000,224316222,Fitted,0.6312825725185645,1837.788342981616,1.005069503416393,2000,3000,10000,0.005985600000000001,0.005541300000000001,0.0166776,0.631578947368421
2,mixture,mh,2000,224316222,Completed,0.6315,NaN,1.0010329821171984,2000,1000,0,0.0,0.0,0.006002400000000001,0.631578947368421
2,mixture,legacy,2000,224316222,Completed,0.6359832635983171,NaN,NaN,2000,0,0,0.0,0.0,0.0016871000000000002,0.631578947368421
2,mixture,prior,2000,224316222,Completed,0.6359832635983211,1315.015827338112,NaN,2000,0,14000,0.0,0.0,0.0041614,0.631578947368421
2,mixture,single,2000,224316222,Fitted,0.6410230907887443,363.80779706739634,1.0023981148331202,2000,3000,12000,0.0058522,1.9920000000000002E-4,0.0119278,0.631578947368421
2,mixture,mixture,8000,224316222,Fitted,0.6257342764749756,7364.91358745733,1.005069503416393,8000,3000,40000,0.006966600000000001,0.004240600000000001,0.0323682,0.631578947368421
2,mixture,mh,8000,224316222,Completed,0.6255,NaN,1.0012512687240667,8000,1000,0,0.0,0.0,0.0189915,0.631578947368421
2,mixture,legacy,8000,224316222,Completed,0.6293558606124561,NaN,NaN,8000,0,0,0.0,0.0,0.0065446,0.631578947368421
2,mixture,prior,8000,224316222,Completed,0.6293558606124298,5246.41462522821,NaN,8000,0,56000,0.0,0.0,0.014855400000000001,0.631578947368421
2,mixture,single,8000,224316222,Fitted,0.6379028675872953,1366.9016291831663,1.0023981148331202,8000,3000,48000,0.0063489,1.797E-4,0.024171300000000003,0.631578947368421
2,concentrated,mh,2000,239802085,Completed,2.870888114878929,NaN,2.0604163221991443,2000,1000,0,0.0,0.0,0.0052884,2.9702970297029703
2,concentrated,legacy,2000,239802085,Completed,2.931114209422115,NaN,NaN,2000,0,0,0.0,0.0,0.0030734,2.9702970297029703
2,concentrated,prior,2000,239802085,Completed,2.931114209422115,4.144995695873072,NaN,2000,0,12000,0.0,0.0,0.0038209000000000003,2.9702970297029703
2,concentrated,single,2000,239802085,Fitted,2.963900414347408,882.4612243546218,2.423787188031432,2000,3000,10000,0.004957400000000001,1.606E-4,0.0096072,2.9702970297029703
2,concentrated,mixture,2000,239802085,Fitted,2.9658339928164894,424.75473672520224,1.6507866800548208,2000,3000,12000,0.0054242000000000005,0.0677056,0.0782104,2.9702970297029703
2,concentrated,mh,8000,239802085,Completed,2.9250827430331126,NaN,1.5773877910390608,8000,1000,0,0.0,0.0,0.015882900000000002,2.9702970297029703
2,concentrated,legacy,8000,239802085,Completed,2.9389946852800826,NaN,NaN,8000,0,0,0.0,0.0,0.011001400000000001,2.9702970297029703
2,concentrated,prior,8000,239802085,Completed,2.938994685280071,15.319145499896695,NaN,8000,0,48000,0.0,0.0,0.013736700000000001,2.9702970297029703
2,concentrated,single,8000,239802085,Fitted,2.9685205764116565,3619.2054740330673,2.423787188031432,8000,3000,40000,0.0051398,1.5340000000000002E-4,0.0210964,2.9702970297029703
2,concentrated,mixture,8000,239802085,Fitted,2.970795932283894,1714.1547928822445,1.6507866800548208,8000,3000,40000,0.005135600000000001,0.0677175,0.0912753,2.9702970297029703
2,hierarchical,mh,2000,239802085,Completed,0.9926832356656171,NaN,1.1760784613671915,2000,1000,0,0.0,0.0,0.0056890000000000005,0.9803921568627451
2,hierarchical,legacy,2000,239802085,Completed,0.9775260978662508,NaN,NaN,2000,0,0,0.0,0.0,0.0035261000000000003,0.9803921568627451
2,hierarchical,prior,2000,239802085,Completed,0.9775260978662381,171.3915044338889,NaN,2000,0,16000,0.0,0.0,0.0042562,0.9803921568627451
2,hierarchical,single,2000,239802085,Fitted,0.9823305309536057,1098.6173750151318,1.7015592959869636,2000,3000,20000,0.0049172,1.5460000000000002E-4,0.0105165,0.9803921568627451
2,hierarchical,mixture,2000,239802085,Fitted,0.9957043694062183,771.2434744871057,1.2097252440311803,2000,3000,16000,0.0048312,0.025752,0.036858100000000005,0.9803921568627451
2,hierarchical,mh,8000,239802085,Completed,0.9919138153163667,NaN,1.090255514943098,8000,1000,0,0.0,0.0,0.0159522,0.9803921568627451
2,hierarchical,legacy,8000,239802085,Completed,0.9830265023482518,NaN,NaN,8000,0,0,0.0,0.0,0.0144332,0.9803921568627451
2,hierarchical,prior,8000,239802085,Completed,0.983026502348172,703.7007566506811,NaN,8000,0,80000,0.0,0.0,0.0167934,0.9803921568627451
2,hierarchical,single,8000,239802085,Fitted,0.9793815898243201,4257.102680029813,1.4722000730901958,8000,3000,80000,0.0054977,1.6360000000000002E-4,0.0250393,0.9803921568627451
2,hierarchical,mixture,8000,239802085,Fitted,0.9797272203882249,3517.2112801496396,1.2625104107879845,8000,3000,80000,0.0059603,0.06774580000000001,0.09554990000000001,0.9803921568627451
2,mixture,mh,2000,239802085,Completed,0.6315,NaN,1.0038082326761424,2000,1000,0,0.0,0.0,0.0054354,0.631578947368421
2,mixture,legacy,2000,239802085,Completed,0.6321325269523983,NaN,NaN,2000,0,0,0.0,0.0,0.0017598000000000002,0.631578947368421
2,mixture,prior,2000,239802085,Completed,0.6321325269524004,1313.010349523372,NaN,2000,0,14000,0.0,0.0,0.0036308000000000004,0.631578947368421
2,mixture,single,2000,239802085,Fitted,0.5824876718804515,336.59946934405195,1.0045026283033838,2000,3000,12000,0.0051091,1.4700000000000002E-4,0.0096348,0.631578947368421
2,mixture,mixture,2000,239802085,Fitted,0.6321848442739364,1912.9349913436745,1.0063387663980143,2000,3000,10000,0.0060375,0.0041382,0.015099800000000002,0.631578947368421
2,mixture,mh,8000,239802085,Completed,0.636125,NaN,1.0008329416265345,8000,1000,0,0.0,0.0,0.016639400000000002,0.631578947368421
2,mixture,legacy,8000,239802085,Completed,0.6372120341969759,NaN,NaN,8000,0,0,0.0,0.0,0.0070134,0.631578947368421
2,mixture,prior,8000,239802085,Completed,0.6372120341969433,5262.676879973815,NaN,8000,0,56000,0.0,0.0,0.014343100000000001,0.631578947368421
2,mixture,single,8000,239802085,Fitted,0.6070092904540948,1408.1168068975408,1.0045026283033838,8000,3000,48000,0.0053331,1.521E-4,0.0231761,0.631578947368421
2,mixture,mixture,8000,239802085,Fitted,0.6350932408294655,7664.984029048721,1.0063387663980143,8000,3000,40000,0.0052868,0.0044722,0.0289376,0.631578947368421
2,concentrated,legacy,2000,255287948,Completed,2.9212316581947277,NaN,NaN,2000,0,0,0.0,0.0,0.0027812,2.9702970297029703
2,concentrated,prior,2000,255287948,Completed,2.921231658194728,2.4754147914084097,NaN,2000,0,10000,0.0,0.0,0.0036548,2.9702970297029703
2,concentrated,single,2000,255287948,Fitted,2.968344119488926,680.3345573935107,2.1046742720041385,2000,3000,10000,0.0049971,1.71E-4,0.009572800000000001,2.9702970297029703
2,concentrated,mixture,2000,255287948,Fitted,2.9694772755804055,769.7399331650413,1.8403041890353784,2000,3000,10000,0.0051584000000000005,0.038218300000000004,0.048525500000000006,2.9702970297029703
2,concentrated,mh,2000,255287948,Completed,2.816220580052993,NaN,15.616859138629783,2000,1000,0,0.0,0.0,0.0054782,2.9702970297029703
2,concentrated,legacy,8000,255287948,Completed,2.9762399261751495,NaN,NaN,8000,0,0,0.0,0.0,0.0107639,2.9702970297029703
2,concentrated,prior,8000,255287948,Completed,2.976239926175137,16.5458722488753,NaN,8000,0,40000,0.0,0.0,0.014551000000000001,2.9702970297029703
2,concentrated,single,8000,255287948,Fitted,2.968717847732906,2719.9537437339377,2.1046742720041385,8000,3000,48000,0.0053337,1.4560000000000002E-4,0.0214576,2.9702970297029703
2,concentrated,mixture,8000,255287948,Fitted,2.9721925032496617,2968.669798098155,1.8403041890353784,8000,3000,40000,0.0052696,0.0370105,0.061008700000000006,2.9702970297029703
2,concentrated,mh,8000,255287948,Completed,2.9292161297575703,NaN,2.901071716356713,8000,1000,0,0.0,0.0,0.016296500000000002,2.9702970297029703
2,hierarchical,legacy,2000,255287948,Completed,0.9997819386179089,NaN,NaN,2000,0,0,0.0,0.0,0.0037667000000000004,0.9803921568627451
2,hierarchical,prior,2000,255287948,Completed,0.9997819386178948,171.24859609888998,NaN,2000,0,16000,0.0,0.0,0.0043243000000000005,0.9803921568627451
2,hierarchical,single,2000,255287948,Fitted,0.9838225878771034,1028.0247514961218,1.0743526450218865,2000,3000,16000,0.0048833,1.519E-4,0.0102459,0.9803921568627451
2,hierarchical,mixture,2000,255287948,Fitted,0.9946002269973856,874.5611959069186,1.2152572242462094,2000,3000,16000,0.0050288,0.0716354,0.08244180000000001,0.9803921568627451
2,hierarchical,mh,2000,255287948,Completed,1.0114906140128577,NaN,1.2186845955876489,2000,1000,0,0.0,0.0,0.005719800000000001,0.9803921568627451
2,hierarchical,legacy,8000,255287948,Completed,0.9891852983172672,NaN,NaN,8000,0,0,0.0,0.0,0.0145512,0.9803921568627451
2,hierarchical,prior,8000,255287948,Completed,0.9891852983171868,701.2766907444486,NaN,8000,0,80000,0.0,0.0,0.0168353,0.9803921568627451
2,hierarchical,single,8000,255287948,Fitted,0.9799835528447975,4263.3532088310685,1.2187334976781767,8000,3000,72000,0.0049683,1.473E-4,0.0247038,0.9803921568627451
2,hierarchical,mixture,8000,255287948,Fitted,0.984823020113562,3285.3810799518374,1.3353230954181,8000,3000,72000,0.005156900000000001,0.0378299,0.0646512,0.9803921568627451
2,hierarchical,mh,8000,255287948,Completed,1.0023233038378576,NaN,1.0633077749808344,8000,1000,0,0.0,0.0,0.015348700000000002,0.9803921568627451
2,mixture,legacy,2000,255287948,Completed,0.6186009112838291,NaN,NaN,2000,0,0,0.0,0.0,0.0018928,0.631578947368421
2,mixture,prior,2000,255287948,Completed,0.6186009112838331,1306.4627874237608,NaN,2000,0,12000,0.0,0.0,0.0034942000000000003,0.631578947368421
2,mixture,single,2000,255287948,Fitted,0.6288233746928019,339.58824448177876,1.0053020497873402,2000,3000,14000,0.005325000000000001,1.473E-4,0.0100681,0.631578947368421
2,mixture,mixture,2000,255287948,Fitted,0.6270572536456478,1906.8934668512024,1.0023480496468087,2000,3000,12000,0.0050028,0.0044901,0.014949,0.631578947368421
2,mixture,mh,2000,255287948,Completed,0.6425000000000001,NaN,1.0124054580835946,2000,1000,0,0.0,0.0,0.005151800000000001,0.631578947368421
2,mixture,legacy,8000,255287948,Completed,0.6217478318879456,NaN,NaN,8000,0,0,0.0,0.0,0.007894700000000001,0.631578947368421
2,mixture,prior,8000,255287948,Completed,0.6217478318879458,5231.667054715596,NaN,8000,0,48000,0.0,0.0,0.013720900000000001,0.631578947368421
2,mixture,single,8000,255287948,Fitted,0.6398123480131657,1374.7051914361225,1.0053020497873402,8000,3000,56000,0.0051362000000000005,1.438E-4,0.0225826,0.631578947368421
2,mixture,mixture,8000,255287948,Fitted,0.6306532972738782,7605.091319625631,1.0023480496468087,8000,3000,48000,0.005149900000000001,0.0043829,0.0298635,0.631578947368421
2,mixture,mh,8000,255287948,Completed,0.6308750000000001,NaN,1.0018782575393896,8000,1000,0,0.0,0.0,0.015947700000000002,0.631578947368421
2,concentrated,prior,2000,270773811,Completed,2.9369918638802,3.6628053053414216,NaN,2000,0,10000,0.0,0.0,0.0037493,2.9702970297029703
2,concentrated,single,2000,270773811,Fitted,2.9655136140206446,1175.078767583636,3.8433546414910946,2000,3000,10000,0.0050962,1.89E-4,0.0095812,2.9702970297029703
2,concentrated,mixture,2000,270773811,Fitted,2.970305140076171,939.5355905580807,1.5675663176225332,2000,3000,10000,0.004963400000000001,0.0209557,0.0320506,2.9702970297029703
2,concentrated,mh,2000,270773811,Completed,2.9848199217583677,NaN,2.253095104254438,2000,1000,0,0.0,0.0,0.0053096,2.9702970297029703
2,concentrated,legacy,2000,270773811,Completed,2.9369918638801993,NaN,NaN,2000,0,0,0.0,0.0,0.0030275000000000002,2.9702970297029703
2,concentrated,prior,8000,270773811,Completed,2.939813987266018,15.85401683630612,NaN,8000,0,40000,0.0,0.0,0.014531400000000002,2.9702970297029703
2,concentrated,single,8000,270773811,Fitted,2.96796406691242,4695.75935517956,3.8433546414910946,8000,3000,48000,0.0050809,1.654E-4,0.0214406,2.9702970297029703
2,concentrated,mixture,8000,270773811,Fitted,2.9673571124551024,3681.9684178527764,1.5675663176225332,8000,3000,40000,0.0052614,0.0206151,0.0448263,2.9702970297029703
2,concentrated,mh,8000,270773811,Completed,3.0201086583792636,NaN,1.6148371675709734,8000,1000,0,0.0,0.0,0.015701700000000002,2.9702970297029703
2,concentrated,legacy,8000,270773811,Completed,2.9398139872660245,NaN,NaN,8000,0,0,0.0,0.0,0.0110942,2.9702970297029703
2,hierarchical,prior,2000,270773811,Completed,0.97201942954248,151.02881139387472,NaN,2000,0,20000,0.0,0.0,0.0045845,0.9803921568627451
2,hierarchical,single,2000,270773811,Fitted,0.9865913195547665,1126.6502078415788,1.1293193794998424,2000,3000,20000,0.0051790000000000004,1.515E-4,0.0106987,0.9803921568627451
2,hierarchical,mixture,2000,270773811,Fitted,0.9761318577245826,1046.146749276261,1.1478283125554363,2000,3000,20000,0.0053127,0.0690119,0.0801908,0.9803921568627451
2,hierarchical,mh,2000,270773811,Completed,0.9760644946793913,NaN,1.1668304607179907,2000,1000,0,0.0,0.0,0.0054786,0.9803921568627451
2,hierarchical,legacy,2000,270773811,Completed,0.9720194295424935,NaN,NaN,2000,0,0,0.0,0.0,0.0035519,0.9803921568627451
2,hierarchical,prior,8000,270773811,Completed,0.9777216514708362,670.7492042645688,NaN,8000,0,80000,0.0,0.0,0.0172735,0.9803921568627451
2,hierarchical,single,8000,270773811,Fitted,0.9864554448191536,3982.2751932976175,1.0863945976180966,8000,3000,72000,0.0057897,1.528E-4,0.024932600000000003,0.9803921568627451
2,hierarchical,mixture,8000,270773811,Fitted,0.9753137414498366,3370.911383496082,1.2168738033042246,8000,3000,80000,0.0057053,0.0431582,0.0712146,0.9803921568627451
2,hierarchical,mh,8000,270773811,Completed,0.9820021317854342,NaN,1.0702499697096615,8000,1000,0,0.0,0.0,0.014997000000000002,0.9803921568627451
2,hierarchical,legacy,8000,270773811,Completed,0.9777216514709026,NaN,NaN,8000,0,0,0.0,0.0,0.0141948,0.9803921568627451
2,mixture,prior,2000,270773811,Completed,0.6304691618344763,1312.1637192343128,NaN,2000,0,10000,0.0,0.0,0.0034798000000000003,0.631578947368421
2,mixture,single,2000,270773811,Fitted,0.6262513391018781,355.9573774764329,1.004466475757811,2000,3000,10000,0.0055323,1.673E-4,0.010091800000000001,0.631578947368421
2,mixture,mixture,2000,270773811,Fitted,0.6281493058623764,1861.9392253301198,1.0032841964208126,2000,3000,10000,0.0050088,0.0043296,0.014433900000000001,0.631578947368421
2,mixture,mh,2000,270773811,Completed,0.6085,NaN,1.0038280706849965,2000,1000,0,0.0,0.0,0.0054818,0.631578947368421
2,mixture,legacy,2000,270773811,Completed,0.6304691618344707,NaN,NaN,2000,0,0,0.0,0.0,0.0017266,0.631578947368421
2,mixture,prior,8000,270773811,Completed,0.6347501473573807,5257.466704250105,NaN,8000,0,48000,0.0,0.0,0.0144265,0.631578947368421
2,mixture,single,8000,270773811,Fitted,0.622043879884722,1364.1283738034085,1.004466475757811,8000,3000,56000,0.0056416,1.763E-4,0.0237241,0.631578947368421
2,mixture,mixture,8000,270773811,Fitted,0.6301131140030338,7451.706011723697,1.0032841964208126,8000,3000,48000,0.0060001,0.0047313,0.032846400000000005,0.631578947368421
2,mixture,mh,8000,270773811,Completed,0.628,NaN,1.001254802548373,8000,1000,0,0.0,0.0,0.021596,0.631578947368421
2,mixture,legacy,8000,270773811,Completed,0.6347501473574058,NaN,NaN,8000,0,0,0.0,0.0,0.0065861,0.631578947368421
2,concentrated,single,2000,286259674,Fitted,2.9707770167584955,431.42883959342925,29.992981512213536,2000,3000,10000,0.0057577,1.9040000000000002E-4,0.0104078,2.9702970297029703
2,concentrated,mixture,2000,286259674,Fitted,2.9696822783712125,516.2024220617969,3.0355855593483216,2000,3000,10000,0.0057018,0.0232509,0.0340022,2.9702970297029703
2,concentrated,mh,2000,286259674,Completed,2.9246944350442923,NaN,2.1072240221723186,2000,1000,0,0.0,0.0,0.0050943,2.9702970297029703
2,concentrated,legacy,2000,286259674,Completed,3.0238492734934947,NaN,NaN,2000,0,0,0.0,0.0,0.0034303000000000003,2.9702970297029703
2,concentrated,prior,2000,286259674,Completed,3.0238492734934974,3.771575144622061,NaN,2000,0,10000,0.0,0.0,0.0039873,2.9702970297029703
2,concentrated,single,8000,286259674,Fitted,2.97374642186606,1753.939999061715,29.992981512213536,8000,3000,40000,0.0051456,1.328E-4,0.021333400000000002,2.9702970297029703
2,concentrated,mixture,8000,286259674,Fitted,2.970288693194203,1988.6702982157744,3.0355855593483216,8000,3000,40000,0.0050360000000000005,0.0228,0.0471569,2.9702970297029703
2,concentrated,mh,8000,286259674,Completed,2.921409469893159,NaN,1.6685137494398,8000,1000,0,0.0,0.0,0.0155963,2.9702970297029703
2,concentrated,legacy,8000,286259674,Completed,2.9699622505007386,NaN,NaN,8000,0,0,0.0,0.0,0.0110302,2.9702970297029703
2,concentrated,prior,8000,286259674,Completed,2.969962250500731,17.379321908282666,NaN,8000,0,40000,0.0,0.0,0.014180000000000002,2.9702970297029703
2,hierarchical,single,2000,286259674,Fitted,0.977569908474996,1072.6133444215022,1.2781151804202038,2000,3000,16000,0.005486,1.8270000000000002E-4,0.0108819,0.9803921568627451
2,hierarchical,mixture,2000,286259674,Fitted,0.9839123882779639,1084.4233067679822,1.2063168872062422,2000,3000,18000,0.005183200000000001,0.012734700000000002,0.024501500000000002,0.9803921568627451
2,hierarchical,mh,2000,286259674,Completed,0.9697482933471936,NaN,1.287533916650333,2000,1000,0,0.0,0.0,0.0060474000000000005,0.9803921568627451
2,hierarchical,legacy,2000,286259674,Completed,0.9669631440402459,NaN,NaN,2000,0,0,0.0,0.0,0.0048069,0.9803921568627451
2,hierarchical,prior,2000,286259674,Completed,0.9669631440402378,183.77265109690433,NaN,2000,0,18000,0.0,0.0,0.0042043,0.9803921568627451
2,hierarchical,single,8000,286259674,Fitted,0.9801237029967763,4024.5076282603272,1.0981469993321964,8000,3000,64000,0.004715700000000001,1.696E-4,0.0230068,0.9803921568627451
2,hierarchical,mixture,8000,286259674,IterationLimit,NaN,NaN,1.1197803048540844,0,3000,0,0.0049194,0.0743903,0.0793794,0.9803921568627451
2,hierarchical,mh,8000,286259674,Completed,0.9797384194691224,NaN,1.0685758256673479,8000,1000,0,0.0,0.0,0.0142597,0.9803921568627451
2,hierarchical,legacy,8000,286259674,Completed,0.971074776428838,NaN,NaN,8000,0,0,0.0,0.0,0.0126338,0.9803921568627451
2,hierarchical,prior,8000,286259674,Completed,0.9710747764287783,691.1019292023221,NaN,8000,0,72000,0.0,0.0,0.0157113,0.9803921568627451
2,mixture,single,2000,286259674,Fitted,0.616850216111536,360.6722662515913,1.0013481895002758,2000,3000,12000,0.0050391,1.269E-4,0.009351700000000001,0.631578947368421
2,mixture,mixture,2000,286259674,Fitted,0.6155940055155399,1879.1807027937664,1.0044333052521381,2000,3000,12000,0.0050214000000000005,0.0040766000000000005,0.0139237,0.631578947368421
2,mixture,mh,2000,286259674,Completed,0.636,NaN,1.0012133076352145,2000,1000,0,0.0,0.0,0.005358900000000001,0.631578947368421
2,mixture,legacy,2000,286259674,Completed,0.5966850828729223,NaN,NaN,2000,0,0,0.0,0.0,0.0016840000000000002,0.631578947368421
2,mixture,prior,2000,286259674,Completed,0.5966850828729335,1297.465346534603,NaN,2000,0,14000,0.0,0.0,0.0034879000000000004,0.631578947368421
2,mixture,single,8000,286259674,Fitted,0.6388324137804975,1401.904401460233,1.0013481895002758,8000,3000,48000,0.0046796,1.2560000000000002E-4,0.02076,0.631578947368421
2,mixture,mixture,8000,286259674,Fitted,0.6348379016443128,7497.464208658068,1.0044333052521381,8000,3000,48000,0.0058541,0.0040569000000000004,0.0294418,0.631578947368421
2,mixture,mh,8000,286259674,Completed,0.623875,NaN,1.0007079954719043,8000,1000,0,0.0,0.0,0.0153544,0.631578947368421
2,mixture,legacy,8000,286259674,Completed,0.6230272357994274,NaN,NaN,8000,0,0,0.0,0.0,0.0056525,0.631578947368421
2,mixture,prior,8000,286259674,Completed,0.6230272357994486,5234.078890565804,NaN,8000,0,48000,0.0,0.0,0.0131757,0.631578947368421
2,concentrated,mixture,2000,301745537,Fitted,2.972886431196483,1110.0208950874685,1.3544654339974334,2000,3000,12000,0.0057254,0.023940000000000003,0.0344345,2.9702970297029703
2,concentrated,mh,2000,301745537,Completed,2.78145999955055,NaN,1.55631138908727,2000,1000,0,0.0,0.0,0.0048354,2.9702970297029703
2,concentrated,legacy,2000,301745537,Completed,2.8961240267860786,NaN,NaN,2000,0,0,0.0,0.0,0.0028373,2.9702970297029703
2,concentrated,prior,2000,301745537,Completed,2.8961240267860777,3.502635708750115,NaN,2000,0,12000,0.0,0.0,0.00348,2.9702970297029703
2,concentrated,single,2000,301745537,Fitted,2.971484436547765,913.5230698904363,2.138890103813414,2000,3000,10000,0.0047402,1.485E-4,0.009011400000000001,2.9702970297029703
2,concentrated,mixture,8000,301745537,Fitted,2.970466895014563,4365.08470757759,1.3544654339974334,8000,3000,48000,0.006860700000000001,0.0259279,0.05209080000000001,2.9702970297029703
2,concentrated,mh,8000,301745537,Completed,2.9744850638948566,NaN,1.442453809642617,8000,1000,0,0.0,0.0,0.015047800000000002,2.9702970297029703
2,concentrated,legacy,8000,301745537,Completed,2.9450863170787005,NaN,NaN,8000,0,0,0.0,0.0,0.010683100000000001,2.9702970297029703
2,concentrated,prior,8000,301745537,Completed,2.9450863170786943,18.276369866758586,NaN,8000,0,40000,0.0,0.0,0.013581500000000002,2.9702970297029703
2,concentrated,single,8000,301745537,Fitted,2.97014031088104,3617.0850569109157,2.138890103813414,8000,3000,48000,0.0050188,1.71E-4,0.0214324,2.9702970297029703
2,hierarchical,mixture,2000,301745537,Fitted,0.9912907469537506,816.8132772527596,1.5452391815536959,2000,3000,18000,0.0053707,0.027618900000000002,0.038682400000000006,0.9803921568627451
2,hierarchical,mh,2000,301745537,Completed,1.026016752750664,NaN,1.1216636053724243,2000,1000,0,0.0,0.0,0.0052727,0.9803921568627451
2,hierarchical,legacy,2000,301745537,Completed,0.9671585778911663,NaN,NaN,2000,0,0,0.0,0.0,0.0033758000000000004,0.9803921568627451
2,hierarchical,prior,2000,301745537,Completed,0.9671585778911564,182.0290322670849,NaN,2000,0,18000,0.0,0.0,0.004145,0.9803921568627451
2,hierarchical,single,2000,301745537,Fitted,0.9801131604551573,950.3284105207874,1.1654321294328733,2000,3000,18000,0.004750600000000001,1.585E-4,0.0096884,0.9803921568627451
2,hierarchical,mixture,8000,301745537,IterationLimit,NaN,NaN,1.1310883688176718,0,3000,0,0.0059879,0.0739062,0.0799468,0.9803921568627451
2,hierarchical,mh,8000,301745537,Completed,0.9735603680304759,NaN,1.048742277242299,8000,1000,0,0.0,0.0,0.0152963,0.9803921568627451
2,hierarchical,legacy,8000,301745537,Completed,0.9735995424814494,NaN,NaN,8000,0,0,0.0,0.0,0.0135206,0.9803921568627451
2,hierarchical,prior,8000,301745537,Completed,0.9735995424813781,697.1309245348014,NaN,8000,0,80000,0.0,0.0,0.016901,0.9803921568627451
2,hierarchical,single,8000,301745537,Fitted,0.9821916940840847,4158.123747622885,1.3167998678784,8000,3000,80000,0.0054716,1.5800000000000002E-4,0.023558600000000002,0.9803921568627451
2,mixture,mixture,2000,301745537,Fitted,0.6388647418569362,1886.4402341289162,1.0036503930546241,2000,3000,14000,0.005027500000000001,0.003968500000000001,0.014145900000000001,0.631578947368421
2,mixture,mh,2000,301745537,Completed,0.5855,NaN,1.0025632990961653,2000,1000,0,0.0,0.0,0.0051544,0.631578947368421
2,mixture,legacy,2000,301745537,Completed,0.6376206626663158,NaN,NaN,2000,0,0,0.0,0.0,0.0020024,0.631578947368421
2,mixture,prior,2000,301745537,Completed,0.637620662666319,1315.887953425891,NaN,2000,0,12000,0.0,0.0,0.0032808000000000004,0.631578947368421
2,mixture,single,2000,301745537,Fitted,0.6759685795733892,343.8288265248485,1.006566568552405,2000,3000,14000,0.005225100000000001,1.4560000000000002E-4,0.0100283,0.631578947368421
2,mixture,mixture,8000,301745537,Fitted,0.6297342362040936,7530.892419838733,1.0036503930546241,8000,3000,56000,0.005159700000000001,0.0041892000000000006,0.0279714,0.631578947368421
2,mixture,mh,8000,301745537,Completed,0.603375,NaN,1.00040956465416,8000,1000,0,0.0,0.0,0.014976600000000001,0.631578947368421
2,mixture,legacy,8000,301745537,Completed,0.6294952161002995,NaN,NaN,8000,0,0,0.0,0.0,0.006114400000000001,0.631578947368421
2,mixture,prior,8000,301745537,Completed,0.6294952161003193,5246.693889205886,NaN,8000,0,48000,0.0,0.0,0.0139565,0.631578947368421
2,mixture,single,8000,301745537,Fitted,0.6561615978053532,1409.090667693084,1.006566568552405,8000,3000,56000,0.0052134,1.364E-4,0.0217711,0.631578947368421
2,concentrated,mh,2000,317231400,Completed,2.864013576128047,NaN,1.5919690310262555,2000,1000,0,0.0,0.0,0.0053314,2.9702970297029703
2,concentrated,legacy,2000,317231400,Completed,2.9937938240714255,NaN,NaN,2000,0,0,0.0,0.0,0.0028764000000000003,2.9702970297029703
2,concentrated,prior,2000,317231400,Completed,2.9937938240714206,3.6051069504252804,NaN,2000,0,12000,0.0,0.0,0.0035805000000000003,2.9702970297029703
2,concentrated,single,2000,317231400,Fitted,2.97135788754485,1093.7836621830172,1.7807150911933058,2000,3000,10000,0.0047773,1.262E-4,0.009024800000000001,2.9702970297029703
2,concentrated,mixture,2000,317231400,Fitted,2.9828923811945223,58.47387047258326,2.9022775594813925,2000,3000,12000,0.0051806000000000005,0.06786170000000001,0.0778061,2.9702970297029703
2,concentrated,mh,8000,317231400,Completed,2.889750206864552,NaN,1.4860301713826929,8000,1000,0,0.0,0.0,0.014482,2.9702970297029703
2,concentrated,legacy,8000,317231400,Completed,3.0053237934035106,NaN,NaN,8000,0,0,0.0,0.0,0.0107802,2.9702970297029703
2,concentrated,prior,8000,317231400,Completed,3.0053237934034995,11.906900024897624,NaN,8000,0,48000,0.0,0.0,0.013199500000000001,2.9702970297029703
2,concentrated,single,8000,317231400,Fitted,2.9714030610996622,4471.550143235308,1.7807150911933058,8000,3000,40000,0.0050064,1.308E-4,0.020450700000000002,2.9702970297029703
2,concentrated,mixture,8000,317231400,Fitted,2.980107653327574,228.54206096510225,2.9022775594813925,8000,3000,48000,0.005584100000000001,0.06929830000000001,0.09298050000000001,2.9702970297029703
2,hierarchical,mh,2000,317231400,Completed,0.9772581754898613,NaN,1.0533681584839238,2000,1000,0,0.0,0.0,0.0051222,0.9803921568627451
2,hierarchical,legacy,2000,317231400,Completed,0.9737092552100087,NaN,NaN,2000,0,0,0.0,0.0,0.0034436000000000002,0.9803921568627451
2,hierarchical,prior,2000,317231400,Completed,0.9737092552099972,159.47197387069448,NaN,2000,0,16000,0.0,0.0,0.0040421,0.9803921568627451
2,hierarchical,single,2000,317231400,Fitted,0.977867759207525,1091.9445920619971,1.3738986389246761,2000,3000,16000,0.0049908,1.188E-4,0.0098031,0.9803921568627451
2,hierarchical,mixture,2000,317231400,Fitted,0.9778483942814751,1078.828782884253,1.3005607347839836,2000,3000,16000,0.0050803,0.047474600000000006,0.059158300000000004,0.9803921568627451
2,hierarchical,mh,8000,317231400,Completed,0.9786941632662145,NaN,1.0814985817005864,8000,1000,0,0.0,0.0,0.0147778,0.9803921568627451
2,hierarchical,legacy,8000,317231400,Completed,0.9779135210764452,NaN,NaN,8000,0,0,0.0,0.0,0.013236000000000001,0.9803921568627451
2,hierarchical,prior,8000,317231400,Completed,0.9779135210763873,690.0899193550384,NaN,8000,0,80000,0.0,0.0,0.0159671,0.9803921568627451
2,hierarchical,single,8000,317231400,Fitted,0.982285646613574,4198.099721787525,1.0713053377349246,8000,3000,64000,0.005466100000000001,1.3110000000000002E-4,0.023512500000000002,0.9803921568627451
2,hierarchical,mixture,8000,317231400,IterationLimit,NaN,NaN,1.11959812365862,0,3000,0,0.004935500000000001,0.0739896,0.079005,0.9803921568627451
2,mixture,mh,2000,317231400,Completed,0.64,NaN,1.0030595068355044,2000,1000,0,0.0,0.0,0.005142600000000001,0.631578947368421
2,mixture,legacy,2000,317231400,Completed,0.6408725006491733,NaN,NaN,2000,0,0,0.0,0.0,0.0017456000000000001,0.631578947368421
2,mixture,prior,2000,317231400,Completed,0.6408725006491807,1317.6544646823388,NaN,2000,0,14000,0.0,0.0,0.0037095,0.631578947368421
2,mixture,single,2000,317231400,Fitted,0.5850889740114902,323.00388154370904,1.0025740652715969,2000,3000,14000,0.0047865,1.232E-4,0.0092806,0.631578947368421
2,mixture,mixture,2000,317231400,Fitted,0.6437711593484291,1904.2106319205257,1.0044999841441686,2000,3000,12000,0.0046496,0.0039144,0.0133846,0.631578947368421
2,mixture,mh,8000,317231400,Completed,0.623875,NaN,1.000844122855868,8000,1000,0,0.0,0.0,0.015241300000000001,0.631578947368421
2,mixture,legacy,8000,317231400,Completed,0.6319942139522786,NaN,NaN,8000,0,0,0.0,0.0,0.0064863,0.631578947368421
2,mixture,prior,8000,317231400,Completed,0.631994213952265,5251.757997502299,NaN,8000,0,48000,0.0,0.0,0.013141300000000002,0.631578947368421
2,mixture,single,8000,317231400,Fitted,0.6148625485610166,1350.4234567125227,1.0025740652715969,8000,3000,48000,0.0052721,1.6480000000000002E-4,0.021451,0.631578947368421
2,mixture,mixture,8000,317231400,Fitted,0.6364395746629697,7615.505095185197,1.0044999841441686,8000,3000,48000,0.005905400000000001,0.0038096000000000002,0.0277681,0.631578947368421
3,concentrated,legacy,2000,23000003,Completed,2.9341197010502578,NaN,NaN,2000,0,0,0.0,0.0,0.0084436,2.9702970297029703
3,concentrated,prior,2000,23000003,Completed,2.934119701050256,2.092488099471675,NaN,2000,0,10000,0.0,0.0,0.0094684,2.9702970297029703
3,concentrated,single,2000,23000003,Fitted,2.973554169075009,876.336138214419,3.454902991760459,2000,3000,10000,0.016847300000000003,3.9010000000000005E-4,0.0299068,2.9702970297029703
3,concentrated,mixture,2000,23000003,Fitted,2.9699521831862405,1404.631980733933,3.3784570861739307,2000,3000,10000,0.010654700000000001,0.005920900000000001,0.0289159,2.9702970297029703
3,concentrated,mh,2000,23000003,Completed,2.8456936874483567,NaN,4.904964198863204,2000,1000,0,0.0,0.0,0.010240200000000001,2.9702970297029703
3,concentrated,legacy,8000,23000003,Completed,2.8926610919215068,NaN,NaN,8000,0,0,0.0,0.0,0.036481,2.9702970297029703
3,concentrated,prior,8000,23000003,Completed,2.8926610919214975,7.1975586417120425,NaN,8000,0,48000,0.0,0.0,0.053021900000000004,2.9702970297029703
3,concentrated,single,8000,23000003,Fitted,2.970237495713326,3473.4741426149376,3.454902991760459,8000,3000,40000,0.0113831,3.79E-4,0.0698324,2.9702970297029703
3,concentrated,mixture,8000,23000003,Fitted,2.9702591981374207,5662.788068577631,3.3784570861739307,8000,3000,40000,0.008247800000000001,0.0047577,0.0716302,2.9702970297029703
3,concentrated,mh,8000,23000003,Completed,2.9619692886795717,NaN,1.526668298785912,8000,1000,0,0.0,0.0,0.0304138,2.9702970297029703
3,hierarchical,legacy,2000,23000003,Completed,0.9888733185987445,NaN,NaN,2000,0,0,0.0,0.0,0.0072544,0.9803921568627451
3,hierarchical,prior,2000,23000003,Completed,0.9888733185987278,170.89673807271373,NaN,2000,0,18000,0.0,0.0,0.0074415,0.9803921568627451
3,hierarchical,single,2000,23000003,Fitted,0.9773589221198379,1069.975998071763,1.1559734583557275,2000,3000,18000,0.010323800000000001,6.271E-4,0.0207133,0.9803921568627451
3,hierarchical,mixture,2000,23000003,Fitted,0.9836535876608875,1034.170814888626,1.2079080586040065,2000,3000,20000,0.015452200000000001,0.0330012,0.0617728,0.9803921568627451
3,hierarchical,mh,2000,23000003,Completed,0.956095748237957,NaN,1.101910845162056,2000,1000,0,0.0,0.0,0.0128681,0.9803921568627451
3,hierarchical,legacy,8000,23000003,Completed,0.9853350996712589,NaN,NaN,8000,0,0,0.0,0.0,0.0401467,0.9803921568627451
3,hierarchical,prior,8000,23000003,Completed,0.9853350996711869,705.1460129987605,NaN,8000,0,72000,0.0,0.0,0.0332731,0.9803921568627451
3,hierarchical,single,8000,23000003,Fitted,0.9729008666201662,2478.6936024092247,1.074237644116461,8000,3000,72000,0.0103882,4.022E-4,0.047916600000000004,0.9803921568627451
3,hierarchical,mixture,8000,23000003,Fitted,0.9827056021162367,3718.6076818828615,1.2158961113811422,8000,3000,72000,0.010652100000000001,0.06295440000000001,0.10721610000000001,0.9803921568627451
3,hierarchical,mh,8000,23000003,Completed,0.9772969488418545,NaN,1.0340447084578293,8000,1000,0,0.0,0.0,0.0291579,0.9803921568627451
3,mixture,legacy,2000,23000003,Completed,0.6370757180156605,NaN,NaN,2000,0,0,0.0,0.0,0.0029499,0.631578947368421
3,mixture,prior,2000,23000003,Completed,0.6370757180156699,1315.5964125560274,NaN,2000,0,12000,0.0,0.0,0.007050600000000001,0.631578947368421
3,mixture,single,2000,23000003,Fitted,0.5970257993444327,349.5884382391913,1.003236357257913,2000,3000,14000,0.011625700000000001,3.097E-4,0.019584400000000002,0.631578947368421
3,mixture,mixture,2000,23000003,Fitted,0.6372310947762152,1883.8511431083157,1.0020211758750026,2000,3000,12000,0.0102742,0.0047394,0.0205385,0.631578947368421
3,mixture,mh,2000,23000003,Completed,0.6465000000000001,NaN,1.0048937957729538,2000,1000,0,0.0,0.0,0.006572000000000001,0.631578947368421
3,mixture,legacy,8000,23000003,Completed,0.6296345164269679,NaN,NaN,8000,0,0,0.0,0.0,0.0088152,0.631578947368421
3,mixture,prior,8000,23000003,Completed,0.6296345164269579,5246.973372915385,NaN,8000,0,48000,0.0,0.0,0.0150685,0.631578947368421
3,mixture,single,8000,23000003,Fitted,0.6392005833423076,1350.2629700654616,1.003236357257913,8000,3000,40000,0.0080984,4.487E-4,0.030649000000000003,0.631578947368421
3,mixture,mixture,8000,23000003,Fitted,0.6370410423133607,7523.736553985743,1.0020211758750026,8000,3000,40000,0.006896200000000001,0.0043394,0.029667600000000002,0.631578947368421
3,mixture,mh,8000,23000003,Completed,0.631875,NaN,1.0017080871389423,8000,1000,0,0.0,0.0,0.0166173,0.631578947368421
3,concentrated,prior,2000,38485866,Completed,2.945647167496213,4.85983304063056,NaN,2000,0,10000,0.0,0.0,0.0038701000000000004,2.9702970297029703
3,concentrated,single,2000,38485866,Fitted,2.9738246873843543,868.4065905261465,2.9132763989917336,2000,3000,10000,0.0055443,3.062E-4,0.0101921,2.9702970297029703
3,concentrated,mixture,2000,38485866,Fitted,2.9706778140482157,1071.2572786970989,1.9684426363809304,2000,3000,10000,0.005929800000000001,0.013537400000000002,0.024433600000000003,2.9702970297029703
3,concentrated,mh,2000,38485866,Completed,2.9558588410262527,NaN,8.684345922115021,2000,1000,0,0.0,0.0,0.005693,2.9702970297029703
3,concentrated,legacy,2000,38485866,Completed,2.945647167496216,NaN,NaN,2000,0,0,0.0,0.0,0.0030568,2.9702970297029703
3,concentrated,prior,8000,38485866,Completed,2.9425361925577573,11.869045952360766,NaN,8000,0,40000,0.0,0.0,0.013258200000000001,2.9702970297029703
3,concentrated,single,8000,38485866,Fitted,2.9722811024260283,3378.3252419916075,2.9132763989917336,8000,3000,40000,0.0057618,3.467E-4,0.0259067,2.9702970297029703
3,concentrated,mixture,8000,38485866,Fitted,2.9683971534895477,4269.730181250024,1.9684426363809304,8000,3000,40000,0.006555900000000001,0.0134736,0.0375117,2.9702970297029703
3,concentrated,mh,8000,38485866,Completed,3.018048356320035,NaN,1.6136849958268356,8000,1000,0,0.0,0.0,0.0160536,2.9702970297029703
3,concentrated,legacy,8000,38485866,Completed,2.942536192557765,NaN,NaN,8000,0,0,0.0,0.0,0.0101566,2.9702970297029703
3,hierarchical,prior,2000,38485866,Completed,0.9833361845539901,166.37545314092282,NaN,2000,0,20000,0.0,0.0,0.0046023,0.9803921568627451
3,hierarchical,single,2000,38485866,Fitted,0.9896482461243706,1073.1770716572012,1.1716815157003444,2000,3000,20000,0.0086932,3.3590000000000003E-4,0.014316200000000001,0.9803921568627451
3,hierarchical,mixture,2000,38485866,IterationLimit,NaN,NaN,1.119275711821953,0,3000,0,0.006625300000000001,0.07951810000000001,0.0863272,0.9803921568627451
3,hierarchical,mh,2000,38485866,Completed,0.987371848138754,NaN,1.2269952650188862,2000,1000,0,0.0,0.0,0.0065792,0.9803921568627451
3,hierarchical,legacy,2000,38485866,Completed,0.9833361845540033,NaN,NaN,2000,0,0,0.0,0.0,0.0034842000000000002,0.9803921568627451
3,hierarchical,prior,8000,38485866,Completed,0.9852230334988863,668.652761655257,NaN,8000,0,72000,0.0,0.0,0.016464200000000002,0.9803921568627451
3,hierarchical,single,8000,38485866,Fitted,0.9844416895955735,4053.744959465667,1.2813003881821297,8000,3000,72000,0.006546700000000001,2.592E-4,0.0292111,0.9803921568627451
3,hierarchical,mixture,8000,38485866,IterationLimit,NaN,NaN,1.143484900372293,0,3000,0,0.007314,0.07178240000000001,0.0793117,0.9803921568627451
3,hierarchical,mh,8000,38485866,Completed,0.9856439804693315,NaN,1.039383694574495,8000,1000,0,0.0,0.0,0.0203907,0.9803921568627451
3,hierarchical,legacy,8000,38485866,Completed,0.9852230334989567,NaN,NaN,8000,0,0,0.0,0.0,0.0130063,0.9803921568627451
3,mixture,prior,2000,38485866,Completed,0.637620662666319,1315.887953425891,NaN,2000,0,14000,0.0,0.0,0.0035532000000000003,0.631578947368421
3,mixture,single,2000,38485866,Fitted,0.6584021732976214,341.2243881537911,1.0047958773598409,2000,3000,12000,0.0063381,2.729E-4,0.0110392,0.631578947368421
3,mixture,mixture,2000,38485866,Fitted,0.617525802537703,1869.9698747402365,1.0044785390288067,2000,3000,12000,0.006214600000000001,0.0040393,0.015367800000000001,0.631578947368421
3,mixture,mh,2000,38485866,Completed,0.6125,NaN,1.0049046305388383,2000,1000,0,0.0,0.0,0.0057123,0.631578947368421
3,mixture,legacy,2000,38485866,Completed,0.6376206626663147,NaN,NaN,2000,0,0,0.0,0.0,0.001771,0.631578947368421
3,mixture,prior,8000,38485866,Completed,0.6406026756721314,5270.024538786088,NaN,8000,0,56000,0.0,0.0,0.013706800000000002,0.631578947368421
3,mixture,single,8000,38485866,Fitted,0.6375755082959442,1353.6555049057451,1.0047958773598409,8000,3000,48000,0.006141700000000001,3.307E-4,0.0226866,0.631578947368421
3,mixture,mixture,8000,38485866,Fitted,0.6274764567871433,7476.006942052605,1.0044785390288067,8000,3000,48000,0.0055531,0.0041098,0.037831000000000004,0.631578947368421
3,mixture,mh,8000,38485866,Completed,0.6234999999999999,NaN,1.0016264916354198,8000,1000,0,0.0,0.0,0.0208448,0.631578947368421
3,mixture,legacy,8000,38485866,Completed,0.6406026756721741,NaN,NaN,8000,0,0,0.0,0.0,0.0092099,0.631578947368421
3,concentrated,single,2000,53971729,Fitted,2.972216540034537,1061.0071760674732,2.7034729183275923,2000,3000,12000,0.0059804,3.148E-4,0.0105689,2.9702970297029703
3,concentrated,mixture,2000,53971729,Fitted,2.964084656970102,468.4228067290668,2.8328572287651497,2000,3000,12000,0.0048200000000000005,0.015820300000000002,0.025477000000000003,2.9702970297029703
3,concentrated,mh,2000,53971729,Completed,2.8136263444069907,NaN,3.081395008233442,2000,1000,0,0.0,0.0,0.0053419,2.9702970297029703
3,concentrated,legacy,2000,53971729,Completed,2.8261988130928115,NaN,NaN,2000,0,0,0.0,0.0,0.0026139,2.9702970297029703
3,concentrated,prior,2000,53971729,Completed,2.826198813092812,4.5402529380529195,NaN,2000,0,10000,0.0,0.0,0.003491,2.9702970297029703
3,concentrated,single,8000,53971729,Fitted,2.971482443762729,4343.887193583586,2.7034729183275923,8000,3000,40000,0.0051323,2.1820000000000002E-4,0.020356600000000002,2.9702970297029703
3,concentrated,mixture,8000,53971729,Fitted,2.9678471369686577,1954.113543940825,2.8328572287651497,8000,3000,40000,0.0053426,0.015342600000000001,0.0423146,2.9702970297029703
3,concentrated,mh,8000,53971729,Completed,2.9630593053032506,NaN,1.396826266767006,8000,1000,0,0.0,0.0,0.0147183,2.9702970297029703
3,concentrated,legacy,8000,53971729,Completed,2.924848784198571,NaN,NaN,8000,0,0,0.0,0.0,0.0105369,2.9702970297029703
3,concentrated,prior,8000,53971729,Completed,2.9248487841985646,12.286594897148419,NaN,8000,0,40000,0.0,0.0,0.0128398,2.9702970297029703
3,hierarchical,single,2000,53971729,Fitted,0.97931288078607,1085.7637586975466,1.286450775941341,2000,3000,16000,0.006417900000000001,1.9040000000000002E-4,0.011468800000000001,0.9803921568627451
3,hierarchical,mixture,2000,53971729,Fitted,0.9818039602047808,1113.367336317269,1.2781583203006066,2000,3000,20000,0.0058681,0.053113,0.0647664,0.9803921568627451
3,hierarchical,mh,2000,53971729,Completed,0.9767535228364244,NaN,1.250456792114312,2000,1000,0,0.0,0.0,0.0101591,0.9803921568627451
3,hierarchical,legacy,2000,53971729,Completed,0.9943334244280647,NaN,NaN,2000,0,0,0.0,0.0,0.0033714,0.9803921568627451
3,hierarchical,prior,2000,53971729,Completed,0.9943334244280463,179.56409793778164,NaN,2000,0,16000,0.0,0.0,0.0041256,0.9803921568627451
3,hierarchical,single,8000,53971729,Fitted,0.9782231307123368,4267.30744910151,1.0866054629647992,8000,3000,64000,0.0061196,1.817E-4,0.024484000000000002,0.9803921568627451
3,hierarchical,mixture,8000,53971729,Fitted,0.9860640419399231,3788.1068824128956,1.1674643403237255,8000,3000,72000,0.005611400000000001,0.027662500000000003,0.0539569,0.9803921568627451
3,hierarchical,mh,8000,53971729,Completed,0.9759774226994105,NaN,1.049441441658666,8000,1000,0,0.0,0.0,0.015126800000000001,0.9803921568627451
3,hierarchical,legacy,8000,53971729,Completed,0.9825124137207285,NaN,NaN,8000,0,0,0.0,0.0,0.0122357,0.9803921568627451
3,hierarchical,prior,8000,53971729,Completed,0.9825124137206611,699.640579452584,NaN,8000,0,72000,0.0,0.0,0.0159889,0.9803921568627451
3,mixture,single,2000,53971729,Fitted,0.6622096816496629,338.69001110007554,1.0028891810314655,2000,3000,12000,0.0054898,2.0730000000000002E-4,0.0100964,0.631578947368421
3,mixture,mixture,2000,53971729,Fitted,0.6327232441531253,1905.5282271102874,1.0094893157065008,2000,3000,14000,0.009283000000000001,0.0038643,0.018070600000000003,0.631578947368421
3,mixture,mh,2000,53971729,Completed,0.6525000000000001,NaN,1.0022401549096291,2000,1000,0,0.0,0.0,0.0056734,0.631578947368421
3,mixture,legacy,2000,53971729,Completed,0.640332640332635,NaN,NaN,2000,0,0,0.0,0.0,0.0017829,0.631578947368421
3,mixture,prior,2000,53971729,Completed,0.6403326403326299,1317.3580071174779,NaN,2000,0,14000,0.0,0.0,0.0034735,0.631578947368421
3,mixture,single,8000,53971729,Fitted,0.6435692373273013,1356.6209976754137,1.0028891810314655,8000,3000,48000,0.0052097,1.7590000000000002E-4,0.0214273,0.631578947368421
3,mixture,mixture,8000,53971729,Fitted,0.632900422332089,7617.407653294649,1.0094893157065008,8000,3000,48000,0.0056493,0.0037737,0.027522400000000002,0.631578947368421
3,mixture,mh,8000,53971729,Completed,0.647625,NaN,1.000650874710341,8000,1000,0,0.0,0.0,0.015577200000000001,0.631578947368421
3,mixture,legacy,8000,53971729,Completed,0.6355727088375813,NaN,NaN,8000,0,0,0.0,0.0,0.005831800000000001,0.631578947368421
3,mixture,prior,8000,53971729,Completed,0.6355727088375765,5259.195881625547,NaN,8000,0,56000,0.0,0.0,0.0130238,0.631578947368421
3,concentrated,mixture,2000,69457592,IterationLimit,NaN,NaN,4.126803902469941,0,3000,0,0.0056433,0.07370420000000001,0.079435,2.9702970297029703
3,concentrated,mh,2000,69457592,Completed,2.6967856261862897,NaN,3.273527922053737,2000,1000,0,0.0,0.0,0.0057438,2.9702970297029703
3,concentrated,legacy,2000,69457592,Completed,2.981635037258316,NaN,NaN,2000,0,0,0.0,0.0,0.0025008,2.9702970297029703
3,concentrated,prior,2000,69457592,Completed,2.981635037258314,3.556969988044921,NaN,2000,0,12000,0.0,0.0,0.0034983,2.9702970297029703
3,concentrated,single,2000,69457592,Fitted,2.97085572842272,948.2434457541644,4.126803902469941,2000,3000,12000,0.0048386,1.865E-4,0.009075,2.9702970297029703
3,concentrated,mixture,8000,69457592,Fitted,2.9649384022329626,2044.6242909635953,3.8845084461530117,8000,3000,48000,0.0047134,0.0047518000000000005,0.0268977,2.9702970297029703
3,concentrated,mh,8000,69457592,Completed,2.948981226699493,NaN,1.599512540505217,8000,1000,0,0.0,0.0,0.0168206,2.9702970297029703
3,concentrated,legacy,8000,69457592,Completed,2.982893521996639,NaN,NaN,8000,0,0,0.0,0.0,0.010070200000000001,2.9702970297029703
3,concentrated,prior,8000,69457592,Completed,2.98289352199663,14.571742429063317,NaN,8000,0,40000,0.0,0.0,0.013026500000000002,2.9702970297029703
3,concentrated,single,8000,69457592,Fitted,2.9720296049574513,3927.9312998154137,4.126803902469941,8000,3000,40000,0.005330400000000001,2.731E-4,0.0213658,2.9702970297029703
3,hierarchical,mixture,2000,69457592,Fitted,0.9744782299575612,1110.9093791874407,1.1839440171521474,2000,3000,18000,0.0065128,0.0236967,0.036290800000000005,0.9803921568627451
3,hierarchical,mh,2000,69457592,Completed,0.9859798404443083,NaN,1.2871986998858738,2000,1000,0,0.0,0.0,0.006015,0.9803921568627451
3,hierarchical,legacy,2000,69457592,Completed,0.9704960001610198,NaN,NaN,2000,0,0,0.0,0.0,0.0033962000000000003,0.9803921568627451
3,hierarchical,prior,2000,69457592,Completed,0.9704960001610038,168.5236112323579,NaN,2000,0,16000,0.0,0.0,0.0040435,0.9803921568627451
3,hierarchical,single,2000,69457592,Fitted,0.9808341784482107,1047.0763180773029,1.1737580603428956,2000,3000,18000,0.0058769,1.765E-4,0.0108325,0.9803921568627451
3,hierarchical,mixture,8000,69457592,Fitted,0.9732379326616821,3589.0228215813913,1.2236601493288901,8000,3000,80000,0.0051114,0.0158802,0.043128400000000004,0.9803921568627451
3,hierarchical,mh,8000,69457592,Completed,0.9893084819925817,NaN,1.0319286639638683,8000,1000,0,0.0,0.0,0.0151608,0.9803921568627451
3,hierarchical,legacy,8000,69457592,Completed,0.983533587104972,NaN,NaN,8000,0,0,0.0,0.0,0.013414800000000001,0.9803921568627451
3,hierarchical,prior,8000,69457592,Completed,0.9835335871048899,676.5131798406597,NaN,8000,0,80000,0.0,0.0,0.016562800000000003,0.9803921568627451
3,hierarchical,single,8000,69457592,Fitted,0.9794050748941985,3813.117541686298,1.1009863845258263,8000,3000,80000,0.006088400000000001,1.9140000000000002E-4,0.024611400000000002,0.9803921568627451
3,mixture,mixture,2000,69457592,Fitted,0.6301262997125537,1902.3933348686462,1.007513201295714,2000,3000,14000,0.0053815,0.0038813000000000003,0.014619,0.631578947368421
3,mixture,mh,2000,69457592,Completed,0.641,NaN,1.0030029861023155,2000,1000,0,0.0,0.0,0.0054378000000000004,0.631578947368421
3,mixture,legacy,2000,69457592,Completed,0.6488706365503019,NaN,NaN,2000,0,0,0.0,0.0,0.0016665,0.631578947368421
3,mixture,prior,2000,69457592,Completed,0.6488706365503017,1322.1965156794172,NaN,2000,0,14000,0.0,0.0,0.0034418,0.631578947368421
3,mixture,single,2000,69457592,Fitted,0.6278695866875929,343.24370653200515,1.0053370050708332,2000,3000,14000,0.005352600000000001,1.606E-4,0.009814,0.631578947368421
3,mixture,mixture,8000,69457592,Fitted,0.6298066716419092,7594.737653907271,1.007513201295714,8000,3000,56000,0.0050828,0.0039356,0.028437100000000003,0.631578947368421
3,mixture,mh,8000,69457592,Completed,0.63725,NaN,1.0007617879193165,8000,1000,0,0.0,0.0,0.015637,0.631578947368421
3,mixture,legacy,8000,69457592,Completed,0.629912951727787,NaN,NaN,8000,0,0,0.0,0.0,0.006211100000000001,0.631578947368421
3,mixture,prior,8000,69457592,Completed,0.6299129517277756,5247.532998630393,NaN,8000,0,48000,0.0,0.0,0.012735900000000001,0.631578947368421
3,mixture,single,8000,69457592,Fitted,0.6377212410731378,1351.74849944962,1.0053370050708332,8000,3000,56000,0.0054927000000000005,1.6810000000000002E-4,0.0217328,0.631578947368421
3,concentrated,mh,2000,84943455,Completed,2.791052396802539,NaN,5.291656186565892,2000,1000,0,0.0,0.0,0.0048032000000000005,2.9702970297029703
3,concentrated,legacy,2000,84943455,Completed,2.928390812155595,NaN,NaN,2000,0,0,0.0,0.0,0.0026582000000000003,2.9702970297029703
3,concentrated,prior,2000,84943455,Completed,2.928390812155592,5.983260193574286,NaN,2000,0,12000,0.0,0.0,0.0034281000000000003,2.9702970297029703
3,concentrated,single,2000,84943455,Fitted,2.9673367694141235,949.7263926300323,2.6617372466237534,2000,3000,12000,0.004726800000000001,1.643E-4,0.008995000000000001,2.9702970297029703
3,concentrated,mixture,2000,84943455,Fitted,2.9694753726733985,546.5447174325087,4.458028673282907,2000,3000,12000,0.0051138,0.031554,0.0423701,2.9702970297029703
3,concentrated,mh,8000,84943455,Completed,2.880614561698537,NaN,1.7629864694395037,8000,1000,0,0.0,0.0,0.0146733,2.9702970297029703
3,concentrated,legacy,8000,84943455,Completed,2.9492291075131662,NaN,NaN,8000,0,0,0.0,0.0,0.010352,2.9702970297029703
3,concentrated,prior,8000,84943455,Completed,2.9492291075131587,15.817260365872333,NaN,8000,0,40000,0.0,0.0,0.0131427,2.9702970297029703
3,concentrated,single,8000,84943455,Fitted,2.9669094659089343,3888.5540569964824,2.6617372466237534,8000,3000,48000,0.0059281,2.089E-4,0.021786800000000002,2.9702970297029703
3,concentrated,mixture,8000,84943455,Fitted,2.9687463378565737,2184.8513588617748,4.458028673282907,8000,3000,40000,0.0062034,0.0359092,0.0646987,2.9702970297029703
3,hierarchical,mh,2000,84943455,Completed,0.9632626546853224,NaN,1.1968303240758218,2000,1000,0,0.0,0.0,0.0078562,0.9803921568627451
3,hierarchical,legacy,2000,84943455,Completed,0.9712824071625753,NaN,NaN,2000,0,0,0.0,0.0,0.0033996,0.9803921568627451
3,hierarchical,prior,2000,84943455,Completed,0.9712824071625591,182.6856632096312,NaN,2000,0,16000,0.0,0.0,0.004711600000000001,0.9803921568627451
3,hierarchical,single,2000,84943455,Fitted,0.980915736394311,1110.4180480609314,1.190230813501534,2000,3000,16000,0.008025800000000001,3.351E-4,0.014675700000000002,0.9803921568627451
3,hierarchical,mixture,2000,84943455,Fitted,0.9827932353005261,1054.5737624542753,1.1084039329240698,2000,3000,16000,0.0054476,0.057477600000000004,0.06863960000000001,0.9803921568627451
3,hierarchical,mh,8000,84943455,Completed,0.9968224602758504,NaN,1.067129197610479,8000,1000,0,0.0,0.0,0.0175726,0.9803921568627451
3,hierarchical,legacy,8000,84943455,Completed,0.9704212439958996,NaN,NaN,8000,0,0,0.0,0.0,0.0163376,0.9803921568627451
3,hierarchical,prior,8000,84943455,Completed,0.970421243995838,689.7237163882985,NaN,8000,0,80000,0.0,0.0,0.022124,0.9803921568627451
3,hierarchical,single,8000,84943455,Fitted,0.9795600060776319,4107.665394055969,1.1744587517827314,8000,3000,72000,0.0065777000000000006,2.656E-4,0.0272643,0.9803921568627451
3,hierarchical,mixture,8000,84943455,Fitted,0.9799991437227883,3705.0203263501103,1.0882270672457395,8000,3000,72000,0.0067495,0.06163010000000001,0.09173640000000001,0.9803921568627451
3,mixture,mh,2000,84943455,Completed,0.626,NaN,1.0013933056357704,2000,1000,0,0.0,0.0,0.0071558,0.631578947368421
3,mixture,legacy,2000,84943455,Completed,0.6392503904216505,NaN,NaN,2000,0,0,0.0,0.0,0.0024409,0.631578947368421
3,mixture,prior,2000,84943455,Completed,0.6392503904216658,1316.7675289919678,NaN,2000,0,12000,0.0,0.0,0.003552,0.631578947368421
3,mixture,single,2000,84943455,Fitted,0.6468323418668882,337.99787388671155,1.006594610750186,2000,3000,12000,0.008634900000000001,3.0720000000000004E-4,0.0159192,0.631578947368421
3,mixture,mixture,2000,84943455,Fitted,0.6549539024834647,1895.3119032799923,1.003331950874574,2000,3000,12000,0.009104800000000001,0.0059468,0.0209539,0.631578947368421
3,mixture,mh,8000,84943455,Completed,0.631875,NaN,1.0002847925202232,8000,1000,0,0.0,0.0,0.0208142,0.631578947368421
3,mixture,legacy,8000,84943455,Completed,0.6423527887543088,NaN,NaN,8000,0,0,0.0,0.0,0.007236500000000001,0.631578947368421
3,mixture,prior,8000,84943455,Completed,0.6423527887543179,5273.895518424502,NaN,8000,0,48000,0.0,0.0,0.0156886,0.631578947368421
3,mixture,single,8000,84943455,Fitted,0.6247083132965701,1354.3852792832113,1.006594610750186,8000,3000,48000,0.0079459,3.2690000000000003E-4,0.0306902,0.631578947368421
3,mixture,mixture,8000,84943455,Fitted,0.6391563169352686,7557.87099578534,1.003331950874574,8000,3000,48000,0.0075116,0.0047052000000000005,0.031557100000000005,0.631578947368421
3,concentrated,legacy,2000,100429318,Completed,3.012682769029881,NaN,NaN,2000,0,0,0.0,0.0,0.0031499,2.9702970297029703
3,concentrated,prior,2000,100429318,Completed,3.01268276902988,1.9942140466595462,NaN,2000,0,12000,0.0,0.0,0.0038818000000000004,2.9702970297029703
3,concentrated,single,2000,100429318,Fitted,2.974578893296602,1101.1681750029456,1.9128040679037277,2000,3000,12000,0.0060869,1.889E-4,0.010829700000000001,2.9702970297029703
3,concentrated,mixture,2000,100429318,Fitted,2.975760988775104,776.7182657722918,3.4950339785766564,2000,3000,12000,0.0065141,0.0100788,0.0217414,2.9702970297029703
3,concentrated,mh,2000,100429318,Completed,2.7980042214079752,NaN,2.7293575798493674,2000,1000,0,0.0,0.0,0.005211100000000001,2.9702970297029703
3,concentrated,legacy,8000,100429318,Completed,2.99880565693241,NaN,NaN,8000,0,0,0.0,0.0,0.010328400000000001,2.9702970297029703
3,concentrated,prior,8000,100429318,Completed,2.998805656932395,8.93230381870477,NaN,8000,0,40000,0.0,0.0,0.0147077,2.9702970297029703
3,concentrated,single,8000,100429318,Fitted,2.9700559948519913,4405.681676739774,1.9128040679037277,8000,3000,40000,0.0080843,3.5160000000000004E-4,0.0354437,2.9702970297029703
3,concentrated,mixture,8000,100429318,Fitted,2.9720700698384994,3139.1101986732733,3.4950339785766564,8000,3000,40000,0.0056337,0.0096031,0.034948,2.9702970297029703
3,concentrated,mh,8000,100429318,Completed,2.9251261095234415,NaN,1.8353942492258521,8000,1000,0,0.0,0.0,0.016003800000000002,2.9702970297029703
3,hierarchical,legacy,2000,100429318,Completed,0.9939469173644998,NaN,NaN,2000,0,0,0.0,0.0,0.0032867,0.9803921568627451
3,hierarchical,prior,2000,100429318,Completed,0.9939469173644833,178.5960516538247,NaN,2000,0,18000,0.0,0.0,0.004292000000000001,0.9803921568627451
3,hierarchical,single,2000,100429318,Fitted,0.9877903123403647,1021.1219590953366,1.1294114801482358,2000,3000,18000,0.005560300000000001,1.7810000000000002E-4,0.0105576,0.9803921568627451
3,hierarchical,mixture,2000,100429318,IterationLimit,NaN,NaN,1.2375702321053446,0,3000,0,0.0050883000000000005,0.07494300000000001,0.0801266,0.9803921568627451
3,hierarchical,mh,2000,100429318,Completed,0.9945571156774209,NaN,1.1900088476846278,2000,1000,0,0.0,0.0,0.0060068000000000005,0.9803921568627451
3,hierarchical,legacy,8000,100429318,Completed,0.98466260280171,NaN,NaN,8000,0,0,0.0,0.0,0.0129993,0.9803921568627451
3,hierarchical,prior,8000,100429318,Completed,0.9846626028016514,698.6448377116551,NaN,8000,0,72000,0.0,0.0,0.0160309,0.9803921568627451
3,hierarchical,single,8000,100429318,Fitted,0.983124107832583,4288.915025333639,1.2294329651687301,8000,3000,72000,0.0052766,1.785E-4,0.024104,0.9803921568627451
3,hierarchical,mixture,8000,100429318,IterationLimit,NaN,NaN,1.1264072431476706,0,3000,0,0.005039500000000001,0.07410810000000001,0.07924360000000001,0.9803921568627451
3,hierarchical,mh,8000,100429318,Completed,0.9573126554446034,NaN,1.0293026761217923,8000,1000,0,0.0,0.0,0.015079100000000002,0.9803921568627451
3,mixture,legacy,2000,100429318,Completed,0.6299129517277664,NaN,NaN,2000,0,0,0.0,0.0,0.0018487000000000002,0.631578947368421
3,mixture,prior,2000,100429318,Completed,0.6299129517277836,1311.8832496576722,NaN,2000,0,12000,0.0,0.0,0.0033610000000000003,0.631578947368421
3,mixture,single,2000,100429318,Fitted,0.6408470486195263,361.73649267571216,1.0031634543307124,2000,3000,12000,0.0058158,1.852E-4,0.010403200000000001,0.631578947368421
3,mixture,mixture,2000,100429318,Fitted,0.6419449168990834,1897.0585453965825,1.0028669567249993,2000,3000,14000,0.0053486,0.0037471,0.014175400000000001,0.631578947368421
3,mixture,mh,2000,100429318,Completed,0.6385,NaN,1.0032298561384254,2000,1000,0,0.0,0.0,0.0054269,0.631578947368421
3,mixture,legacy,8000,100429318,Completed,0.6340631965386225,NaN,NaN,8000,0,0,0.0,0.0,0.006309400000000001,0.631578947368421
3,mixture,prior,8000,100429318,Completed,0.6340631965386091,5256.031533770366,NaN,8000,0,48000,0.0,0.0,0.0135939,0.631578947368421
3,mixture,single,8000,100429318,Fitted,0.6410320801481012,1426.9920431031164,1.0031634543307124,8000,3000,48000,0.0056685,1.498E-4,0.021806500000000003,0.631578947368421
3,mixture,mixture,8000,100429318,Fitted,0.6341971199357986,7575.480844915361,1.0028669567249993,8000,3000,56000,0.005571700000000001,0.0039892,0.028579800000000002,0.631578947368421
3,mixture,mh,8000,100429318,Completed,0.63325,NaN,1.0017055739751624,8000,1000,0,0.0,0.0,0.0158989,0.631578947368421
3,concentrated,prior,2000,115915181,Completed,2.9607699808038044,5.12579846941717,NaN,2000,0,12000,0.0,0.0,0.0036213,2.9702970297029703
3,concentrated,single,2000,115915181,Fitted,2.967980757118458,909.6986180367052,2.2864328750117795,2000,3000,12000,0.004762000000000001,1.741E-4,0.0090579,2.9702970297029703
3,concentrated,mixture,2000,115915181,Fitted,2.9693068952120676,730.3385228127838,2.2643624087424064,2000,3000,10000,0.004853700000000001,0.0457368,0.0553374,2.9702970297029703
3,concentrated,mh,2000,115915181,Completed,2.8840281871411992,NaN,2.7171645760041945,2000,1000,0,0.0,0.0,0.0055666000000000005,2.9702970297029703
3,concentrated,legacy,2000,115915181,Completed,2.960769980803806,NaN,NaN,2000,0,0,0.0,0.0,0.0028424,2.9702970297029703
3,concentrated,prior,8000,115915181,Completed,2.9702707963848485,17.29275157002526,NaN,8000,0,48000,0.0,0.0,0.0132519,2.9702970297029703
3,concentrated,single,8000,115915181,Fitted,2.9705674735330057,3714.9833454041254,2.2864328750117795,8000,3000,48000,0.0049568,1.616E-4,0.0208582,2.9702970297029703
3,concentrated,mixture,8000,115915181,Fitted,2.9692006349557754,2996.022842032674,2.2643624087424064,8000,3000,48000,0.0054064000000000004,0.0458434,0.0696863,2.9702970297029703
3,concentrated,mh,8000,115915181,Completed,2.9096127007752366,NaN,1.5182115547625314,8000,1000,0,0.0,0.0,0.014375700000000002,2.9702970297029703
3,concentrated,legacy,8000,115915181,Completed,2.9702707963848565,NaN,NaN,8000,0,0,0.0,0.0,0.010142100000000001,2.9702970297029703
3,hierarchical,prior,2000,115915181,Completed,0.9794019523382571,165.6133254354776,NaN,2000,0,16000,0.0,0.0,0.0041152,0.9803921568627451
3,hierarchical,single,2000,115915181,Fitted,0.9799263298826482,981.6428444152033,1.1688418831370784,2000,3000,20000,0.0050528000000000005,1.573E-4,0.010052700000000001,0.9803921568627451
3,hierarchical,mixture,2000,115915181,Fitted,0.9795758643610123,831.6040287838591,1.2460943162416143,2000,3000,16000,0.0050824,0.0297976,0.0405599,0.9803921568627451
3,hierarchical,mh,2000,115915181,Completed,0.9639580079284471,NaN,1.3152187135877393,2000,1000,0,0.0,0.0,0.0054898,0.9803921568627451
3,hierarchical,legacy,2000,115915181,Completed,0.9794019523382718,NaN,NaN,2000,0,0,0.0,0.0,0.0031942000000000003,0.9803921568627451
3,hierarchical,prior,8000,115915181,Completed,0.9789659967374431,699.1474604910591,NaN,8000,0,64000,0.0,0.0,0.0153795,0.9803921568627451
3,hierarchical,single,8000,115915181,Fitted,0.9803911580072942,4039.1160157959976,1.2934660016356858,8000,3000,64000,0.0178419,2.298E-4,0.0365826,0.9803921568627451
3,hierarchical,mixture,8000,115915181,Fitted,0.9777930354870618,3741.4109861690044,1.12999454653695,8000,3000,64000,0.0059811000000000005,0.049897800000000006,0.0764744,0.9803921568627451
3,hierarchical,mh,8000,115915181,Completed,0.9832760908720471,NaN,1.048095261433916,8000,1000,0,0.0,0.0,0.0153603,0.9803921568627451
3,hierarchical,legacy,8000,115915181,Completed,0.978965996737514,NaN,NaN,8000,0,0,0.0,0.0,0.012822700000000001,0.9803921568627451
3,mixture,prior,2000,115915181,Completed,0.6381647549530755,1316.180322003611,NaN,2000,0,12000,0.0,0.0,0.0033587,0.631578947368421
3,mixture,single,2000,115915181,Fitted,0.6475003177927795,340.9928223066496,1.0052171559289373,2000,3000,12000,0.005274200000000001,1.538E-4,0.0096159,0.631578947368421
3,mixture,mixture,2000,115915181,Fitted,0.6276277166750465,1869.3122568663207,1.0014458003823672,2000,3000,12000,0.0054067,0.0035998000000000002,0.0139734,0.631578947368421
3,mixture,mh,2000,115915181,Completed,0.6705,NaN,1.0086913039261811,2000,1000,0,0.0,0.0,0.006258400000000001,0.631578947368421
3,mixture,legacy,2000,115915181,Completed,0.6381647549530726,NaN,NaN,2000,0,0,0.0,0.0,0.0016090000000000002,0.631578947368421
3,mixture,prior,8000,115915181,Completed,0.633512662380292,5254.887220085651,NaN,8000,0,56000,0.0,0.0,0.013503600000000001,0.631578947368421
3,mixture,single,8000,115915181,Fitted,0.6418461558677816,1410.6404975619184,1.0052171559289373,8000,3000,56000,0.005312300000000001,1.673E-4,0.022693,0.631578947368421
3,mixture,mixture,8000,115915181,Fitted,0.6322429581887941,7500.326582772532,1.0014458003823672,8000,3000,56000,0.0055445,0.0044435,0.028979900000000003,0.631578947368421
3,mixture,mh,8000,115915181,Completed,0.6385000000000001,NaN,1.000215006231709,8000,1000,0,0.0,0.0,0.016530700000000002,0.631578947368421
3,mixture,legacy,8000,115915181,Completed,0.6335126623802756,NaN,NaN,8000,0,0,0.0,0.0,0.0060004,0.631578947368421
3,concentrated,single,2000,131401044,Fitted,2.9668417858558964,1040.9215428264686,3.1627095982262663,2000,3000,10000,0.0048533000000000005,1.6710000000000002E-4,0.009071300000000001,2.9702970297029703
3,concentrated,mixture,2000,131401044,Fitted,2.9702468750379905,1156.72625648952,2.4133260242685033,2000,3000,12000,0.004698900000000001,0.0067004000000000005,0.0160923,2.9702970297029703
3,concentrated,mh,2000,131401044,Completed,3.0550091916132325,NaN,1.867376924681649,2000,1000,0,0.0,0.0,0.0046848,2.9702970297029703
3,concentrated,legacy,2000,131401044,Completed,2.880189930162562,NaN,NaN,2000,0,0,0.0,0.0,0.0026755000000000004,2.9702970297029703
3,concentrated,prior,2000,131401044,Completed,2.8801899301625626,2.5316454233156214,NaN,2000,0,12000,0.0,0.0,0.004564100000000001,2.9702970297029703
3,concentrated,single,8000,131401044,Fitted,2.9705596131677963,4157.448748359738,3.1627095982262663,8000,3000,40000,0.0047844,1.5480000000000002E-4,0.020118800000000003,2.9702970297029703
3,concentrated,mixture,8000,131401044,Fitted,2.9746756776955734,4659.297389342471,2.4133260242685033,8000,3000,48000,0.005079500000000001,0.0065843,0.0338176,2.9702970297029703
3,concentrated,mh,8000,131401044,Completed,3.0317559761430557,NaN,1.756495344604259,8000,1000,0,0.0,0.0,0.014546400000000001,2.9702970297029703
3,concentrated,legacy,8000,131401044,Completed,2.9481592907959393,NaN,NaN,8000,0,0,0.0,0.0,0.010345,2.9702970297029703
3,concentrated,prior,8000,131401044,Completed,2.948159290795933,8.011754522202416,NaN,8000,0,48000,0.0,0.0,0.013251,2.9702970297029703
3,hierarchical,single,2000,131401044,Fitted,0.9812579133565225,1077.0956133490185,1.160974166339085,2000,3000,18000,0.005055100000000001,1.52E-4,0.0099006,0.9803921568627451
3,hierarchical,mixture,2000,131401044,Fitted,0.982064196952626,1019.5724574990581,1.0939140423591482,2000,3000,18000,0.0049842,0.007336700000000001,0.0179744,0.9803921568627451
3,hierarchical,mh,2000,131401044,Completed,0.9440583764500748,NaN,1.1301515771091055,2000,1000,0,0.0,0.0,0.005223800000000001,0.9803921568627451
3,hierarchical,legacy,2000,131401044,Completed,0.9707289903970705,NaN,NaN,2000,0,0,0.0,0.0,0.0033933,0.9803921568627451
3,hierarchical,prior,2000,131401044,Completed,0.9707289903970592,169.98354802111558,NaN,2000,0,20000,0.0,0.0,0.004303700000000001,0.9803921568627451
3,hierarchical,single,8000,131401044,Fitted,0.978765991820671,3985.104306681212,1.1337438941433655,8000,3000,80000,0.0052229,1.896E-4,0.024632400000000002,0.9803921568627451
3,hierarchical,mixture,8000,131401044,IterationLimit,NaN,NaN,1.1777562840718896,0,3000,0,0.0058697,0.0704221,0.07649500000000001,0.9803921568627451
3,hierarchical,mh,8000,131401044,Completed,0.964433985259905,NaN,1.0247525164992584,8000,1000,0,0.0,0.0,0.0151187,0.9803921568627451
3,hierarchical,legacy,8000,131401044,Completed,0.9757933466690601,NaN,NaN,8000,0,0,0.0,0.0,0.012612300000000002,0.9803921568627451
3,hierarchical,prior,8000,131401044,Completed,0.9757933466689949,694.9966584451387,NaN,8000,0,80000,0.0,0.0,0.017021,0.9803921568627451
3,mixture,single,2000,131401044,Fitted,0.6351085232782644,366.5841619480697,1.0055866221815117,2000,3000,14000,0.0051600000000000005,1.608E-4,0.010279,0.631578947368421
3,mixture,mixture,2000,131401044,Fitted,0.6277328274042054,1876.465371277452,1.00930076510707,2000,3000,14000,0.005048700000000001,0.0040107,0.013979700000000001,0.631578947368421
3,mixture,mh,2000,131401044,Completed,0.633,NaN,1.001714662640121,2000,1000,0,0.0,0.0,0.0055075,0.631578947368421
3,mixture,legacy,2000,131401044,Completed,0.6381647549530753,NaN,NaN,2000,0,0,0.0,0.0,0.0017497,0.631578947368421
3,mixture,prior,2000,131401044,Completed,0.6381647549530755,1316.1803220036036,NaN,2000,0,14000,0.0,0.0,0.0033919,0.631578947368421
3,mixture,single,8000,131401044,Fitted,0.6393025602473609,1383.8002314555506,1.0055866221815117,8000,3000,48000,0.005305000000000001,1.509E-4,0.0213855,0.631578947368421
3,mixture,mixture,8000,131401044,Fitted,0.6248699617831566,7518.853919351961,1.00930076510707,8000,3000,48000,0.0056093,0.0037264000000000004,0.027947200000000002,0.631578947368421
3,mixture,mh,8000,131401044,Completed,0.607125,NaN,1.0014347646182977,8000,1000,0,0.0,0.0,0.0161845,0.631578947368421
3,mixture,legacy,8000,131401044,Completed,0.6278193002182887,NaN,NaN,8000,0,0,0.0,0.0,0.0065713,0.631578947368421
3,mixture,prior,8000,131401044,Completed,0.6278193002182296,5243.357288679489,NaN,8000,0,56000,0.0,0.0,0.014831700000000001,0.631578947368421
3,concentrated,mixture,2000,146886907,Fitted,2.9698003162857503,520.5798115171151,2.346549137829485,2000,3000,12000,0.0048844000000000005,0.0190734,0.0288314,2.9702970297029703
3,concentrated,mh,2000,146886907,Completed,2.906453042733052,NaN,5.057980745585992,2000,1000,0,0.0,0.0,0.006908600000000001,2.9702970297029703
3,concentrated,legacy,2000,146886907,Completed,3.0176143780820874,NaN,NaN,2000,0,0,0.0,0.0,0.002866,2.9702970297029703
3,concentrated,prior,2000,146886907,Completed,3.0176143780820834,4.742572919668114,NaN,2000,0,12000,0.0,0.0,0.0036228000000000002,2.9702970297029703
3,concentrated,single,2000,146886907,Fitted,2.973671024451169,580.3372803227728,1.8773428760639566,2000,3000,12000,0.005436000000000001,1.8680000000000001E-4,0.0097604,2.9702970297029703
3,concentrated,mixture,8000,146886907,Fitted,2.972742115156357,2104.531408264841,2.346549137829485,8000,3000,48000,0.004697300000000001,0.0194556,0.0421095,2.9702970297029703
3,concentrated,mh,8000,146886907,Completed,2.9306546573837164,NaN,1.7839971751644008,8000,1000,0,0.0,0.0,0.014685900000000002,2.9702970297029703
3,concentrated,legacy,8000,146886907,Completed,2.96895045993784,NaN,NaN,8000,0,0,0.0,0.0,0.0100161,2.9702970297029703
3,concentrated,prior,8000,146886907,Completed,2.9689504599378247,13.769554364193942,NaN,8000,0,48000,0.0,0.0,0.013119500000000001,2.9702970297029703
3,concentrated,single,8000,146886907,Fitted,2.968610111380157,2209.0474783899895,1.8773428760639566,8000,3000,40000,0.005709400000000001,1.921E-4,0.0209101,2.9702970297029703
3,hierarchical,mixture,2000,146886907,IterationLimit,NaN,NaN,1.2660378319450705,0,3000,0,0.0053098,0.07328950000000001,0.078713,0.9803921568627451
3,hierarchical,mh,2000,146886907,Completed,0.9773807018635109,NaN,1.1482625391531254,2000,1000,0,0.0,0.0,0.005934200000000001,0.9803921568627451
3,hierarchical,legacy,2000,146886907,Completed,0.9854925408387,NaN,NaN,2000,0,0,0.0,0.0,0.0032051000000000002,0.9803921568627451
3,hierarchical,prior,2000,146886907,Completed,0.9854925408386825,164.36305359856226,NaN,2000,0,20000,0.0,0.0,0.0041576,0.9803921568627451
3,hierarchical,single,2000,146886907,Fitted,0.9773504711696225,1072.9449941156104,1.2412393167130475,2000,3000,20000,0.0053744000000000005,1.4110000000000001E-4,0.011184300000000001,0.9803921568627451
3,hierarchical,mixture,8000,146886907,IterationLimit,NaN,NaN,1.1671193881879725,0,3000,0,0.0048032000000000005,0.0721254,0.077003,0.9803921568627451
3,hierarchical,mh,8000,146886907,Completed,0.9943927151445757,NaN,1.074438057789162,8000,1000,0,0.0,0.0,0.0161909,0.9803921568627451
3,hierarchical,legacy,8000,146886907,Completed,0.986189050494987,NaN,NaN,8000,0,0,0.0,0.0,0.013108700000000001,0.9803921568627451
3,hierarchical,prior,8000,146886907,Completed,0.9861890504949148,677.175955172433,NaN,8000,0,64000,0.0,0.0,0.016160300000000002,0.9803921568627451
3,hierarchical,single,8000,146886907,Fitted,0.981905142677354,4240.248763019355,1.2474645702503924,8000,3000,64000,0.0050146,1.633E-4,0.0234472,0.9803921568627451
3,mixture,mixture,2000,146886907,Fitted,0.6257960267196656,1920.1053685552297,1.004663513408888,2000,3000,10000,0.0053509000000000004,0.0038227,0.0139374,0.631578947368421
3,mixture,mh,2000,146886907,Completed,0.6074999999999999,NaN,1.0007091931522554,2000,1000,0,0.0,0.0,0.0053798000000000006,0.631578947368421
3,mixture,legacy,2000,146886907,Completed,0.6343381389252919,NaN,NaN,2000,0,0,0.0,0.0,0.001412,0.631578947368421
3,mixture,prior,2000,146886907,Completed,0.6343381389252913,1314.1512415349675,NaN,2000,0,14000,0.0,0.0,0.0032865000000000004,0.631578947368421
3,mixture,single,2000,146886907,Fitted,0.6328770810174036,371.2301431536557,1.0015444445075974,2000,3000,12000,0.005173400000000001,1.4340000000000002E-4,0.0094374,0.631578947368421
3,mixture,mixture,8000,146886907,Fitted,0.6243097777628168,7649.30659374515,1.004663513408888,8000,3000,40000,0.0051806000000000005,0.0038577000000000004,0.026655500000000002,0.631578947368421
3,mixture,mh,8000,146886907,Completed,0.614,NaN,0.9999079492896996,8000,1000,0,0.0,0.0,0.015649100000000003,0.631578947368421
3,mixture,legacy,8000,146886907,Completed,0.6342006947630657,NaN,NaN,8000,0,0,0.0,0.0,0.0051625,0.631578947368421
3,mixture,prior,8000,146886907,Completed,0.6342006947630531,5256.318143840838,NaN,8000,0,40000,0.0,0.0,0.0120134,0.631578947368421
3,mixture,single,8000,146886907,Fitted,0.6141411423333172,1409.4608941383278,1.0015444445075974,8000,3000,40000,0.0050101,1.856E-4,0.0214092,0.631578947368421
3,concentrated,mh,2000,162372770,Completed,2.876557315177242,NaN,1.7360712821219981,2000,1000,0,0.0,0.0,0.005684600000000001,2.9702970297029703
3,concentrated,legacy,2000,162372770,Completed,2.991476931230496,NaN,NaN,2000,0,0,0.0,0.0,0.0026156,2.9702970297029703
3,concentrated,prior,2000,162372770,Completed,2.9914769312304963,3.797206736190474,NaN,2000,0,10000,0.0,0.0,0.0035633,2.9702970297029703
3,concentrated,single,2000,162372770,Fitted,2.9748346600396345,1169.6291765626072,22.255205397959106,2000,3000,10000,0.0045049,1.575E-4,0.0086532,2.9702970297029703
3,concentrated,mixture,2000,162372770,Fitted,2.969859900003274,1125.60425255541,2.6598387165034305,2000,3000,10000,0.0046570000000000005,0.005757300000000001,0.014990100000000001,2.9702970297029703
3,concentrated,mh,8000,162372770,Completed,2.9611974000632837,NaN,1.5015358099581972,8000,1000,0,0.0,0.0,0.014428100000000001,2.9702970297029703
3,concentrated,legacy,8000,162372770,Completed,2.959295118569444,NaN,NaN,8000,0,0,0.0,0.0,0.009881000000000001,2.9702970297029703
3,concentrated,prior,8000,162372770,Completed,2.9592951185694294,10.230699899303287,NaN,8000,0,40000,0.0,0.0,0.013162900000000002,2.9702970297029703
3,concentrated,single,8000,162372770,Fitted,2.9695397360543985,4648.88047982533,22.255205397959106,8000,3000,48000,0.0052909,1.5910000000000002E-4,0.020889900000000003,2.9702970297029703
3,concentrated,mixture,8000,162372770,Fitted,2.9688566299485655,4397.658151985634,2.6598387165034305,8000,3000,40000,0.0050068000000000005,0.005966600000000001,0.028674400000000003,2.9702970297029703
3,hierarchical,mh,2000,162372770,Completed,0.9951450713919388,NaN,1.2657155983977786,2000,1000,0,0.0,0.0,0.0056261,0.9803921568627451
3,hierarchical,legacy,2000,162372770,Completed,0.9720789920682407,NaN,NaN,2000,0,0,0.0,0.0,0.0041727000000000005,0.9803921568627451
3,hierarchical,prior,2000,162372770,Completed,0.9720789920682282,177.05879216514012,NaN,2000,0,18000,0.0,0.0,0.0044118000000000004,0.9803921568627451
3,hierarchical,single,2000,162372770,Fitted,0.9795855983339852,1117.7595686838026,1.0468366984925432,2000,3000,18000,0.005957700000000001,1.897E-4,0.011221400000000001,0.9803921568627451
3,hierarchical,mixture,2000,162372770,Fitted,0.9813130553962668,1060.6986898142554,1.1211466880735976,2000,3000,18000,0.005568200000000001,0.0308011,0.0419727,0.9803921568627451
3,hierarchical,mh,8000,162372770,Completed,1.003089675413035,NaN,1.018075128700405,8000,1000,0,0.0,0.0,0.0152896,0.9803921568627451
3,hierarchical,legacy,8000,162372770,Completed,0.9778485624101586,NaN,NaN,8000,0,0,0.0,0.0,0.0129662,0.9803921568627451
3,hierarchical,prior,8000,162372770,Completed,0.9778485624101,666.1100627110025,NaN,8000,0,72000,0.0,0.0,0.016019000000000002,0.9803921568627451
3,hierarchical,single,8000,162372770,Fitted,0.9805089575641825,4235.565513792809,1.1102737793649653,8000,3000,80000,0.0055179,1.6260000000000002E-4,0.0242873,0.9803921568627451
3,hierarchical,mixture,8000,162372770,IterationLimit,NaN,NaN,1.103356742709246,0,3000,0,0.0054817,0.07574840000000001,0.0813107,0.9803921568627451
3,mixture,mh,2000,162372770,Completed,0.6405,NaN,1.0013949520552243,2000,1000,0,0.0,0.0,0.005730900000000001,0.631578947368421
3,mixture,legacy,2000,162372770,Completed,0.6293558606124489,NaN,NaN,2000,0,0,0.0,0.0,0.0016871000000000002,0.631578947368421
3,mixture,prior,2000,162372770,Completed,0.6293558606124657,1311.6036563071013,NaN,2000,0,14000,0.0,0.0,0.0035092,0.631578947368421
3,mixture,single,2000,162372770,Fitted,0.6020421362947773,332.71504331597714,1.0043533830773994,2000,3000,12000,0.0054909,1.988E-4,0.0100164,0.631578947368421
3,mixture,mixture,2000,162372770,Fitted,0.6319170123197194,1843.2436388290405,1.00332777003872,2000,3000,10000,0.0054244,0.0037793,0.013848500000000001,0.631578947368421
3,mixture,mh,8000,162372770,Completed,0.63075,NaN,1.000671779329251,8000,1000,0,0.0,0.0,0.0163515,0.631578947368421
3,mixture,legacy,8000,162372770,Completed,0.6438267614738256,NaN,NaN,8000,0,0,0.0,0.0,0.0053625,0.631578947368421
3,mixture,prior,8000,162372770,Completed,0.6438267614738181,5277.197353914618,NaN,8000,0,56000,0.0,0.0,0.0129507,0.631578947368421
3,mixture,single,8000,162372770,Fitted,0.6454521850381335,1360.5253636092232,1.0043533830773994,8000,3000,48000,0.005840700000000001,1.974E-4,0.022106400000000002,0.631578947368421
3,mixture,mixture,8000,162372770,Fitted,0.624669331667343,7362.05163406859,1.00332777003872,8000,3000,56000,0.0050017,0.0037018000000000003,0.026931800000000002,0.631578947368421
3,concentrated,legacy,2000,177858633,Completed,3.039255523412867,NaN,NaN,2000,0,0,0.0,0.0,0.0027152,2.9702970297029703
3,concentrated,prior,2000,177858633,Completed,3.039255523412867,3.533366545801877,NaN,2000,0,10000,0.0,0.0,0.003523,2.9702970297029703
3,concentrated,single,2000,177858633,Fitted,2.9683164936292226,721.3464035775902,7.3197802182946035,2000,3000,12000,0.0047837,1.3440000000000001E-4,0.0089105,2.9702970297029703
3,concentrated,mixture,2000,177858633,Fitted,2.974306946994858,464.7181712324,2.3099055398576294,2000,3000,10000,0.004589500000000001,0.0564481,0.0658399,2.9702970297029703
3,concentrated,mh,2000,177858633,Completed,2.818654617505196,NaN,2.124742891189562,2000,1000,0,0.0,0.0,0.004969100000000001,2.9702970297029703
3,concentrated,legacy,8000,177858633,Completed,2.9804760586269574,NaN,NaN,8000,0,0,0.0,0.0,0.009933500000000001,2.9702970297029703
3,concentrated,prior,8000,177858633,Completed,2.9804760586269485,13.499637049852783,NaN,8000,0,40000,0.0,0.0,0.0131,2.9702970297029703
3,concentrated,single,8000,177858633,Fitted,2.971172590974818,2834.008907900486,7.3197802182946035,8000,3000,48000,0.0049033,1.751E-4,0.0204819,2.9702970297029703
3,concentrated,mixture,8000,177858633,Fitted,2.9714581781171145,1828.7191424627508,2.3099055398576294,8000,3000,40000,0.0046477,0.0576368,0.0800064,2.9702970297029703
3,concentrated,mh,8000,177858633,Completed,2.9422502269390582,NaN,1.2564178485511073,8000,1000,0,0.0,0.0,0.0152166,2.9702970297029703
3,hierarchical,legacy,2000,177858633,Completed,0.9805504310090897,NaN,NaN,2000,0,0,0.0,0.0,0.0034462000000000004,0.9803921568627451
3,hierarchical,prior,2000,177858633,Completed,0.9805504310090772,169.59062341967675,NaN,2000,0,20000,0.0,0.0,0.004183500000000001,0.9803921568627451
3,hierarchical,single,2000,177858633,Fitted,0.9799769192530846,1062.5873022357596,1.1974829343141864,2000,3000,20000,0.0051974000000000005,1.552E-4,0.010287600000000001,0.9803921568627451
3,hierarchical,mixture,2000,177858633,Fitted,0.987474446320196,889.7785060105588,1.1214491959917066,2000,3000,20000,0.0049468,0.0300026,0.0408361,0.9803921568627451
3,hierarchical,mh,2000,177858633,Completed,1.025089466652769,NaN,1.2903105620146582,2000,1000,0,0.0,0.0,0.005540300000000001,0.9803921568627451
3,hierarchical,legacy,8000,177858633,Completed,0.9747532321379854,NaN,NaN,8000,0,0,0.0,0.0,0.014663200000000001,0.9803921568627451
3,hierarchical,prior,8000,177858633,Completed,0.9747532321379146,696.9107070985946,NaN,8000,0,72000,0.0,0.0,0.0161432,0.9803921568627451
3,hierarchical,single,8000,177858633,Fitted,0.9786156415842859,4248.743131912163,1.1589310017512815,8000,3000,80000,0.0052173,2.046E-4,0.023973,0.9803921568627451
3,hierarchical,mixture,8000,177858633,Fitted,0.9830064193715536,4194.435964362417,1.061691923115455,8000,3000,80000,0.0053082,0.060697400000000006,0.0876639,0.9803921568627451
3,hierarchical,mh,8000,177858633,Completed,0.9995224180133272,NaN,1.052619134366649,8000,1000,0,0.0,0.0,0.014763700000000001,0.9803921568627451
3,mixture,legacy,2000,177858633,Completed,0.6310244930207967,NaN,NaN,2000,0,0,0.0,0.0,0.0013902,0.631578947368421
3,mixture,prior,2000,177858633,Completed,0.6310244930208121,1312.445061447403,NaN,2000,0,14000,0.0,0.0,0.0034110000000000004,0.631578947368421
3,mixture,single,2000,177858633,Fitted,0.6335425689293437,355.953681386801,1.0115131762856548,2000,3000,12000,0.0055091,1.4340000000000002E-4,0.009838900000000001,0.631578947368421
3,mixture,mixture,2000,177858633,Fitted,0.648526115212454,1876.2558674375364,1.0047369360901406,2000,3000,10000,0.0049237000000000005,0.0042052,0.013806400000000002,0.631578947368421
3,mixture,mh,2000,177858633,Completed,0.6425000000000001,NaN,1.0043438701443215,2000,1000,0,0.0,0.0,0.0051612,0.631578947368421
3,mixture,legacy,8000,177858633,Completed,0.6336503771728587,NaN,NaN,8000,0,0,0.0,0.0,0.006229800000000001,0.631578947368421
3,mixture,prior,8000,177858633,Completed,0.6336503771728355,5255.172979083685,NaN,8000,0,56000,0.0,0.0,0.012880500000000001,0.631578947368421
3,mixture,single,8000,177858633,Fitted,0.6262423907455045,1386.1209765889905,1.0115131762856548,8000,3000,48000,0.0058311000000000005,1.6580000000000002E-4,0.0223016,0.631578947368421
3,mixture,mixture,8000,177858633,Fitted,0.6361412030442586,7495.82834096632,1.0047369360901406,8000,3000,40000,0.0055605,0.0035714,0.028725100000000003,0.631578947368421
3,mixture,mh,8000,177858633,Completed,0.6347499999999999,NaN,1.0002807951987867,8000,1000,0,0.0,0.0,0.015623300000000001,0.631578947368421
3,concentrated,prior,2000,193344496,Completed,2.8243552509287433,1.4517616421111317,NaN,2000,0,10000,0.0,0.0,0.0035565,2.9702970297029703
3,concentrated,single,2000,193344496,Fitted,2.9713962407459364,767.8196103861421,2.8318069082242903,2000,3000,10000,0.0050578,1.996E-4,0.0095416,2.9702970297029703
3,concentrated,mixture,2000,193344496,Fitted,2.968769314650871,1040.0602703711174,1.8313791952163658,2000,3000,12000,0.004965300000000001,0.044141900000000005,0.0538476,2.9702970297029703
3,concentrated,mh,2000,193344496,Completed,2.811629768534807,NaN,1.5563315090494774,2000,1000,0,0.0,0.0,0.0053384,2.9702970297029703
3,concentrated,legacy,2000,193344496,Completed,2.824355250928745,NaN,NaN,2000,0,0,0.0,0.0,0.0026082,2.9702970297029703
3,concentrated,prior,8000,193344496,Completed,2.9618153490592847,10.573152307163769,NaN,8000,0,40000,0.0,0.0,0.0126339,2.9702970297029703
3,concentrated,single,8000,193344496,Fitted,2.9709811732082447,2975.7849150185466,2.8318069082242903,8000,3000,40000,0.0048392,1.455E-4,0.020196600000000002,2.9702970297029703
3,concentrated,mixture,8000,193344496,Fitted,2.969695745181172,4197.6277164056355,1.8313791952163658,8000,3000,48000,0.0058152,0.0455484,0.06944750000000001,2.9702970297029703
3,concentrated,mh,8000,193344496,Completed,2.9392862967310043,NaN,1.410986717388866,8000,1000,0,0.0,0.0,0.0148608,2.9702970297029703
3,concentrated,legacy,8000,193344496,Completed,2.9618153490592927,NaN,NaN,8000,0,0,0.0,0.0,0.0100096,2.9702970297029703
3,hierarchical,prior,2000,193344496,Completed,0.9800151679499872,158.70785498486043,NaN,2000,0,18000,0.0,0.0,0.0042227,0.9803921568627451
3,hierarchical,single,2000,193344496,Fitted,0.9846772982055951,1062.8966658942911,1.1414358493261743,2000,3000,20000,0.0052351,1.74E-4,0.0102535,0.9803921568627451
3,hierarchical,mixture,2000,193344496,Fitted,0.9809205912715423,1008.8995063355736,1.11946853081732,2000,3000,18000,0.0049626,0.040216800000000004,0.0506821,0.9803921568627451
3,hierarchical,mh,2000,193344496,Completed,0.9686730780239934,NaN,1.2467851572004742,2000,1000,0,0.0,0.0,0.0056389000000000005,0.9803921568627451
3,hierarchical,legacy,2000,193344496,Completed,0.9800151679500015,NaN,NaN,2000,0,0,0.0,0.0,0.0035118000000000003,0.9803921568627451
3,hierarchical,prior,8000,193344496,Completed,0.9784980885034473,683.1889455522496,NaN,8000,0,80000,0.0,0.0,0.0162582,0.9803921568627451
3,hierarchical,single,8000,193344496,Fitted,0.9810023689762412,4264.330841433929,1.1654426759673198,8000,3000,80000,0.005223,1.3790000000000002E-4,0.023843100000000002,0.9803921568627451
3,hierarchical,mixture,8000,193344496,Fitted,0.9789750710221887,3872.6597321021436,1.1428227949293603,8000,3000,80000,0.0058405,0.053854200000000005,0.08050550000000001,0.9803921568627451
3,hierarchical,mh,8000,193344496,Completed,0.9818377607228846,NaN,1.070760943830007,8000,1000,0,0.0,0.0,0.015203200000000002,0.9803921568627451
3,hierarchical,legacy,8000,193344496,Completed,0.9784980885035002,NaN,NaN,8000,0,0,0.0,0.0,0.0131024,0.9803921568627451
3,mixture,prior,2000,193344496,Completed,0.6110509209100786,1303.141873804939,NaN,2000,0,12000,0.0,0.0,0.0035349,0.631578947368421
3,mixture,single,2000,193344496,Fitted,0.6091381480858458,339.56081848089127,1.0063667775693668,2000,3000,14000,0.0052613,2.076E-4,0.0100865,0.631578947368421
3,mixture,mixture,2000,193344496,Fitted,0.6218570633345659,1874.983034049453,1.0075805360082661,2000,3000,12000,0.005004000000000001,0.0038241000000000004,0.013717,0.631578947368421
3,mixture,mh,2000,193344496,Completed,0.64,NaN,0.999813960137801,2000,1000,0,0.0,0.0,0.004974800000000001,0.631578947368421
3,mixture,legacy,2000,193344496,Completed,0.6110509209100676,NaN,NaN,2000,0,0,0.0,0.0,0.0017631,0.631578947368421
3,mixture,prior,8000,193344496,Completed,0.6190316748142025,5226.637501464697,NaN,8000,0,40000,0.0,0.0,0.0121241,0.631578947368421
3,mixture,single,8000,193344496,Fitted,0.6298653015209827,1332.8311318015344,1.0063667775693668,8000,3000,56000,0.0053928000000000005,1.5480000000000002E-4,0.022455100000000002,0.631578947368421
3,mixture,mixture,8000,193344496,Fitted,0.6248448932288192,7508.766760845543,1.0075805360082661,8000,3000,48000,0.0059737,0.0039234000000000005,0.028361900000000002,0.631578947368421
3,mixture,mh,8000,193344496,Completed,0.6345000000000001,NaN,1.0003973333455602,8000,1000,0,0.0,0.0,0.0159568,0.631578947368421
3,mixture,legacy,8000,193344496,Completed,0.6190316748141889,NaN,NaN,8000,0,0,0.0,0.0,0.0064172000000000005,0.631578947368421
3,concentrated,single,2000,208830359,Fitted,2.970179038823584,858.50663022418,3.305138267498553,2000,3000,10000,0.0046912,1.756E-4,0.009090500000000001,2.9702970297029703
3,concentrated,mixture,2000,208830359,Fitted,2.9716965815236716,1360.77054346128,3.723752710959638,2000,3000,10000,0.0045626,0.0213196,0.030937000000000003,2.9702970297029703
3,concentrated,mh,2000,208830359,Completed,2.729046382794321,NaN,2.3239761043123055,2000,1000,0,0.0,0.0,0.0053321,2.9702970297029703
3,concentrated,legacy,2000,208830359,Completed,2.943962623922309,NaN,NaN,2000,0,0,0.0,0.0,0.0029371,2.9702970297029703
3,concentrated,prior,2000,208830359,Completed,2.9439626239223076,4.133433131134882,NaN,2000,0,10000,0.0,0.0,0.0037833000000000003,2.9702970297029703
3,concentrated,single,8000,208830359,Fitted,2.970665386700084,3426.030897377808,3.305138267498553,8000,3000,48000,0.0064733,1.8700000000000002E-4,0.0226242,2.9702970297029703
3,concentrated,mixture,8000,208830359,Fitted,2.9714146714874494,4698.241320714818,3.723752710959638,8000,3000,40000,0.006692200000000001,0.025014300000000003,0.050171400000000005,2.9702970297029703
3,concentrated,mh,8000,208830359,Completed,2.88828745550416,NaN,1.4801624812999314,8000,1000,0,0.0,0.0,0.0145252,2.9702970297029703
3,concentrated,legacy,8000,208830359,Completed,2.9633658316178395,NaN,NaN,8000,0,0,0.0,0.0,0.0104396,2.9702970297029703
3,concentrated,prior,8000,208830359,Completed,2.9633658316178257,12.254320160210208,NaN,8000,0,40000,0.0,0.0,0.0133428,2.9702970297029703
3,hierarchical,single,2000,208830359,Fitted,0.974201321175409,1057.3371590600284,1.069821782298527,2000,3000,20000,0.005461700000000001,1.997E-4,0.0109174,0.9803921568627451
3,hierarchical,mixture,2000,208830359,Fitted,0.9790943724854088,1086.203475008618,1.1662335110743314,2000,3000,20000,0.0055889,0.0111889,0.023086500000000003,0.9803921568627451
3,hierarchical,mh,2000,208830359,Completed,1.0361341006620697,NaN,1.1981843143548827,2000,1000,0,0.0,0.0,0.0051526,0.9803921568627451
3,hierarchical,legacy,2000,208830359,Completed,0.9818465460938733,NaN,NaN,2000,0,0,0.0,0.0,0.0034378000000000004,0.9803921568627451
3,hierarchical,prior,2000,208830359,Completed,0.9818465460938519,174.29846041125347,NaN,2000,0,20000,0.0,0.0,0.0043327,0.9803921568627451
3,hierarchical,single,8000,208830359,Fitted,0.9774290967375253,4240.890861340542,1.0997490241980485,8000,3000,80000,0.0049381,1.487E-4,0.0251016,0.9803921568627451
3,hierarchical,mixture,8000,208830359,Fitted,0.98404500048494,4015.0486350541037,1.153425980971091,8000,3000,80000,0.0056568,0.07461150000000001,0.1020799,0.9803921568627451
3,hierarchical,mh,8000,208830359,Completed,0.9658650624001022,NaN,1.0212504275914989,8000,1000,0,0.0,0.0,0.0167532,0.9803921568627451
3,hierarchical,legacy,8000,208830359,Completed,0.9829721904798917,NaN,NaN,8000,0,0,0.0,0.0,0.013141600000000002,0.9803921568627451
3,hierarchical,prior,8000,208830359,Completed,0.9829721904798305,687.6300023175091,NaN,8000,0,64000,0.0,0.0,0.015707500000000003,0.9803921568627451
3,mixture,single,2000,208830359,Fitted,0.6519102371370322,334.3481279816284,1.0056394042375518,2000,3000,10000,0.0056953,1.539E-4,0.010001900000000001,0.631578947368421
3,mixture,mixture,2000,208830359,Fitted,0.6367802944434626,1907.003139061795,1.0053032879666723,2000,3000,10000,0.0048796,0.0037062,0.013273100000000001,0.631578947368421
3,mixture,mh,2000,208830359,Completed,0.613,NaN,1.002881226834165,2000,1000,0,0.0,0.0,0.0060228,0.631578947368421
3,mixture,legacy,2000,208830359,Completed,0.6271186440677933,NaN,NaN,2000,0,0,0.0,0.0,0.0014186000000000001,0.631578947368421
3,mixture,prior,2000,208830359,Completed,0.6271186440678017,1310.494117647092,NaN,2000,0,10000,0.0,0.0,0.0030822000000000002,0.631578947368421
3,mixture,single,8000,208830359,Fitted,0.6446699111053712,1318.380473037563,1.0056394042375518,8000,3000,40000,0.0054895000000000005,1.515E-4,0.0210306,0.631578947368421
3,mixture,mixture,8000,208830359,Fitted,0.6330362434417799,7621.372168433697,1.0053032879666723,8000,3000,48000,0.0050880000000000005,0.0037363,0.0269823,0.631578947368421
3,mixture,mh,8000,208830359,Completed,0.617125,NaN,1.0005251413462966,8000,1000,0,0.0,0.0,0.0163393,0.631578947368421
3,mixture,legacy,8000,208830359,Completed,0.6273990734612841,NaN,NaN,8000,0,0,0.0,0.0,0.0066248,0.631578947368421
3,mixture,prior,8000,208830359,Completed,0.6273990734612981,5242.528128588627,NaN,8000,0,40000,0.0,0.0,0.012327900000000001,0.631578947368421
3,concentrated,mixture,2000,224316222,Fitted,2.96936294209634,995.5387396027016,3.292333676950045,2000,3000,10000,0.0048769,0.015058700000000001,0.0246398,2.9702970297029703
3,concentrated,mh,2000,224316222,Completed,2.770952308524931,NaN,3.9696194798986046,2000,1000,0,0.0,0.0,0.0049289,2.9702970297029703
3,concentrated,legacy,2000,224316222,Completed,2.946358410707704,NaN,NaN,2000,0,0,0.0,0.0,0.0026436000000000003,2.9702970297029703
3,concentrated,prior,2000,224316222,Completed,2.9463584107077065,2.4138877338579037,NaN,2000,0,10000,0.0,0.0,0.0034300000000000003,2.9702970297029703
3,concentrated,single,2000,224316222,Fitted,2.9697347794637485,611.8976250763737,4.671306060357802,2000,3000,10000,0.005093,1.453E-4,0.0093135,2.9702970297029703
3,concentrated,mixture,8000,224316222,Fitted,2.9710532410605017,4040.0124780547367,3.292333676950045,8000,3000,40000,0.004867000000000001,0.015582700000000001,0.0380782,2.9702970297029703
3,concentrated,mh,8000,224316222,Completed,2.9245894761528857,NaN,1.6309848876348843,8000,1000,0,0.0,0.0,0.0147773,2.9702970297029703
3,concentrated,legacy,8000,224316222,Completed,2.987196177441412,NaN,NaN,8000,0,0,0.0,0.0,0.0110311,2.9702970297029703
3,concentrated,prior,8000,224316222,Completed,2.9871961774414055,14.48512461918017,NaN,8000,0,40000,0.0,0.0,0.014423600000000002,2.9702970297029703
3,concentrated,single,8000,224316222,Fitted,2.971595244341729,2527.126019698235,4.671306060357802,8000,3000,40000,0.0051167,1.7E-4,0.0208559,2.9702970297029703
3,hierarchical,mixture,2000,224316222,IterationLimit,NaN,NaN,1.2324664881522236,0,3000,0,0.0060295,0.0733844,0.0795121,0.9803921568627451
3,hierarchical,mh,2000,224316222,Completed,0.9830772589917857,NaN,1.1643578310507063,2000,1000,0,0.0,0.0,0.0053794,0.9803921568627451
3,hierarchical,legacy,2000,224316222,Completed,0.9846279184571503,NaN,NaN,2000,0,0,0.0,0.0,0.0033823000000000004,0.9803921568627451
3,hierarchical,prior,2000,224316222,Completed,0.9846279184571368,174.10424652332742,NaN,2000,0,18000,0.0,0.0,0.0057434,0.9803921568627451
3,hierarchical,single,2000,224316222,Fitted,0.9863232873592351,1018.9085206254621,1.382279839047467,2000,3000,18000,0.0059008,1.6570000000000002E-4,0.0115542,0.9803921568627451
3,hierarchical,mixture,8000,224316222,Fitted,0.9803837017776045,3848.529138924613,1.122585098371245,8000,3000,72000,0.0052361000000000005,0.0124971,0.0394821,0.9803921568627451
3,hierarchical,mh,8000,224316222,Completed,0.9630159337274192,NaN,1.0280562716875932,8000,1000,0,0.0,0.0,0.0158021,0.9803921568627451
3,hierarchical,legacy,8000,224316222,Completed,0.9689033271265732,NaN,NaN,8000,0,0,0.0,0.0,0.013733700000000001,0.9803921568627451
3,hierarchical,prior,8000,224316222,Completed,0.9689033271265012,725.4919902949811,NaN,8000,0,72000,0.0,0.0,0.0163284,0.9803921568627451
3,hierarchical,single,8000,224316222,Fitted,0.9812403559562857,4185.284928685424,1.2470043348696105,8000,3000,64000,0.0057457,1.627E-4,0.024202300000000003,0.9803921568627451
3,mixture,mixture,2000,224316222,Fitted,0.6312825725185645,1837.788342981616,1.005069503416393,2000,3000,10000,0.0065256,0.0046129000000000005,0.0162062,0.631578947368421
3,mixture,mh,2000,224316222,Completed,0.6315,NaN,1.0010329821171984,2000,1000,0,0.0,0.0,0.006394800000000001,0.631578947368421
3,mixture,legacy,2000,224316222,Completed,0.6359832635983171,NaN,NaN,2000,0,0,0.0,0.0,0.0017576,0.631578947368421
3,mixture,prior,2000,224316222,Completed,0.6359832635983211,1315.015827338112,NaN,2000,0,14000,0.0,0.0,0.004465,0.631578947368421
3,mixture,single,2000,224316222,Fitted,0.6410230907887443,363.80779706739634,1.0023981148331202,2000,3000,12000,0.0070667,2.347E-4,0.0119383,0.631578947368421
3,mixture,mixture,8000,224316222,Fitted,0.6257342764749756,7364.91358745733,1.005069503416393,8000,3000,56000,0.006162000000000001,0.0045253,0.032047,0.631578947368421
3,mixture,mh,8000,224316222,Completed,0.6255,NaN,1.0012512687240667,8000,1000,0,0.0,0.0,0.016848500000000002,0.631578947368421
3,mixture,legacy,8000,224316222,Completed,0.6293558606124561,NaN,NaN,8000,0,0,0.0,0.0,0.006051600000000001,0.631578947368421
3,mixture,prior,8000,224316222,Completed,0.6293558606124298,5246.41462522821,NaN,8000,0,56000,0.0,0.0,0.013448400000000001,0.631578947368421
3,mixture,single,8000,224316222,Fitted,0.6379028675872953,1366.9016291831663,1.0023981148331202,8000,3000,48000,0.0054020000000000006,1.5800000000000002E-4,0.0216894,0.631578947368421
3,concentrated,mh,2000,239802085,Completed,2.870888114878929,NaN,2.0604163221991443,2000,1000,0,0.0,0.0,0.0050550000000000005,2.9702970297029703
3,concentrated,legacy,2000,239802085,Completed,2.931114209422115,NaN,NaN,2000,0,0,0.0,0.0,0.0024787000000000003,2.9702970297029703
3,concentrated,prior,2000,239802085,Completed,2.931114209422115,4.144995695873072,NaN,2000,0,12000,0.0,0.0,0.0035600000000000002,2.9702970297029703
3,concentrated,single,2000,239802085,Fitted,2.963900414347408,882.4612243546218,2.423787188031432,2000,3000,10000,0.005053200000000001,1.4780000000000001E-4,0.0091626,2.9702970297029703
3,concentrated,mixture,2000,239802085,Fitted,2.9658339928164894,424.75473672520224,1.6507866800548208,2000,3000,10000,0.005588500000000001,0.060664100000000006,0.07109850000000001,2.9702970297029703
3,concentrated,mh,8000,239802085,Completed,2.9250827430331126,NaN,1.5773877910390608,8000,1000,0,0.0,0.0,0.0141458,2.9702970297029703
3,concentrated,legacy,8000,239802085,Completed,2.9389946852800826,NaN,NaN,8000,0,0,0.0,0.0,0.010230300000000001,2.9702970297029703
3,concentrated,prior,8000,239802085,Completed,2.938994685280071,15.319145499896695,NaN,8000,0,48000,0.0,0.0,0.013283600000000001,2.9702970297029703
3,concentrated,single,8000,239802085,Fitted,2.9685205764116565,3619.2054740330673,2.423787188031432,8000,3000,40000,0.0053293,1.499E-4,0.0208618,2.9702970297029703
3,concentrated,mixture,8000,239802085,Fitted,2.970795932283894,1714.1547928822445,1.6507866800548208,8000,3000,48000,0.005715700000000001,0.0638238,0.0889404,2.9702970297029703
3,hierarchical,mh,2000,239802085,Completed,0.9521278388223194,NaN,1.1748732410043679,2000,1000,0,0.0,0.0,0.0052657,0.9803921568627451
3,hierarchical,legacy,2000,239802085,Completed,0.9775260978662508,NaN,NaN,2000,0,0,0.0,0.0,0.0032253000000000004,0.9803921568627451
3,hierarchical,prior,2000,239802085,Completed,0.9775260978662381,171.3915044338889,NaN,2000,0,16000,0.0,0.0,0.0044378,0.9803921568627451
3,hierarchical,single,2000,239802085,Fitted,0.982621300831798,1085.8784004724232,1.0886039032474906,2000,3000,20000,0.005790600000000001,1.43E-4,0.010997900000000001,0.9803921568627451
3,hierarchical,mixture,2000,239802085,IterationLimit,NaN,NaN,1.1560369613344337,0,3000,0,0.004700800000000001,0.073533,0.0783134,0.9803921568627451
3,hierarchical,mh,8000,239802085,Completed,0.9693609058549685,NaN,1.0545464174297268,8000,1000,0,0.0,0.0,0.015153600000000001,0.9803921568627451
3,hierarchical,legacy,8000,239802085,Completed,0.9830265023482518,NaN,NaN,8000,0,0,0.0,0.0,0.0132046,0.9803921568627451
3,hierarchical,prior,8000,239802085,Completed,0.983026502348172,703.7007566506811,NaN,8000,0,80000,0.0,0.0,0.015916100000000002,0.9803921568627451
3,hierarchical,single,8000,239802085,Fitted,0.9797776956601705,3952.298541798336,1.5476268470917856,8000,3000,80000,0.0051985,1.6230000000000001E-4,0.023896,0.9803921568627451
3,hierarchical,mixture,8000,239802085,Fitted,0.9799694890724635,4231.8582353388665,1.2199524373486843,8000,3000,72000,0.0067225,0.057333600000000005,0.0853348,0.9803921568627451
3,mixture,mh,2000,239802085,Completed,0.6315,NaN,1.0038082326761424,2000,1000,0,0.0,0.0,0.0055905,0.631578947368421
3,mixture,legacy,2000,239802085,Completed,0.6321325269523983,NaN,NaN,2000,0,0,0.0,0.0,0.0017031000000000001,0.631578947368421
3,mixture,prior,2000,239802085,Completed,0.6321325269524004,1313.010349523372,NaN,2000,0,10000,0.0,0.0,0.0033685000000000004,0.631578947368421
3,mixture,single,2000,239802085,Fitted,0.5824876718804515,336.59946934405195,1.0045026283033838,2000,3000,12000,0.0059594,1.61E-4,0.010416,0.631578947368421
3,mixture,mixture,2000,239802085,Fitted,0.6321848442739364,1912.9349913436745,1.0063387663980143,2000,3000,14000,0.005654,0.0039422,0.0149209,0.631578947368421
3,mixture,mh,8000,239802085,Completed,0.636125,NaN,1.0008329416265345,8000,1000,0,0.0,0.0,0.0169219,0.631578947368421
3,mixture,legacy,8000,239802085,Completed,0.6372120341969759,NaN,NaN,8000,0,0,0.0,0.0,0.0060448,0.631578947368421
3,mixture,prior,8000,239802085,Completed,0.6372120341969433,5262.676879973815,NaN,8000,0,40000,0.0,0.0,0.012942,0.631578947368421
3,mixture,single,8000,239802085,Fitted,0.6070092904540948,1408.1168068975408,1.0045026283033838,8000,3000,48000,0.006520000000000001,1.605E-4,0.027961700000000003,0.631578947368421
3,mixture,mixture,8000,239802085,Fitted,0.6350932408294655,7664.984029048721,1.0063387663980143,8000,3000,56000,0.0055903,0.0043775,0.029095000000000003,0.631578947368421
3,concentrated,legacy,2000,255287948,Completed,2.9212316581947277,NaN,NaN,2000,0,0,0.0,0.0,0.0027682,2.9702970297029703
3,concentrated,prior,2000,255287948,Completed,2.921231658194728,2.4754147914084097,NaN,2000,0,10000,0.0,0.0,0.0035395,2.9702970297029703
3,concentrated,single,2000,255287948,Fitted,2.968344119488926,680.3345573935107,2.1046742720041385,2000,3000,10000,0.004718,1.418E-4,0.0088684,2.9702970297029703
3,concentrated,mixture,2000,255287948,Fitted,2.9694772755804055,769.7399331650413,1.8403041890353784,2000,3000,10000,0.0044727000000000005,0.034208100000000005,0.0435255,2.9702970297029703
3,concentrated,mh,2000,255287948,Completed,2.816220580052993,NaN,15.616859138629783,2000,1000,0,0.0,0.0,0.0047717,2.9702970297029703
3,concentrated,legacy,8000,255287948,Completed,2.9762399261751495,NaN,NaN,8000,0,0,0.0,0.0,0.0104287,2.9702970297029703
3,concentrated,prior,8000,255287948,Completed,2.976239926175137,16.5458722488753,NaN,8000,0,40000,0.0,0.0,0.0127472,2.9702970297029703
3,concentrated,single,8000,255287948,Fitted,2.968717847732906,2719.9537437339377,2.1046742720041385,8000,3000,40000,0.004893300000000001,1.438E-4,0.020415600000000002,2.9702970297029703
3,concentrated,mixture,8000,255287948,Fitted,2.9721925032496617,2968.669798098155,1.8403041890353784,8000,3000,40000,0.0051668,0.031945600000000005,0.0548302,2.9702970297029703
3,concentrated,mh,8000,255287948,Completed,2.9292161297575703,NaN,2.901071716356713,8000,1000,0,0.0,0.0,0.015383500000000001,2.9702970297029703
3,hierarchical,legacy,2000,255287948,Completed,0.9997819386179089,NaN,NaN,2000,0,0,0.0,0.0,0.0031973,0.9803921568627451
3,hierarchical,prior,2000,255287948,Completed,0.9997819386178948,171.24859609888998,NaN,2000,0,18000,0.0,0.0,0.004169900000000001,0.9803921568627451
3,hierarchical,single,2000,255287948,Fitted,0.9834117479863939,1057.2696543043128,1.1851057519660977,2000,3000,16000,0.0053715,1.4570000000000002E-4,0.0101718,0.9803921568627451
3,hierarchical,mixture,2000,255287948,IterationLimit,NaN,NaN,1.2230457692893497,0,3000,0,0.0053214000000000004,0.0676774,0.0730471,0.9803921568627451
3,hierarchical,mh,2000,255287948,Completed,1.014121225382607,NaN,1.1533485997763806,2000,1000,0,0.0,0.0,0.005815000000000001,0.9803921568627451
3,hierarchical,legacy,8000,255287948,Completed,0.9891852983172672,NaN,NaN,8000,0,0,0.0,0.0,0.013254100000000001,0.9803921568627451
3,hierarchical,prior,8000,255287948,Completed,0.9891852983171868,701.2766907444486,NaN,8000,0,80000,0.0,0.0,0.0172063,0.9803921568627451
3,hierarchical,single,8000,255287948,Fitted,0.9798591239800094,4144.084266001884,1.2487720056453036,8000,3000,72000,0.0049977,1.4560000000000002E-4,0.023767,0.9803921568627451
3,hierarchical,mixture,8000,255287948,Fitted,0.9855088446819807,4006.8209316792327,1.447960275037488,8000,3000,80000,0.005410000000000001,0.029558,0.055887400000000004,0.9803921568627451
3,hierarchical,mh,8000,255287948,Completed,0.9866705001150172,NaN,1.0333123285955317,8000,1000,0,0.0,0.0,0.0150153,0.9803921568627451
3,mixture,legacy,2000,255287948,Completed,0.6186009112838291,NaN,NaN,2000,0,0,0.0,0.0,0.0015899,0.631578947368421
3,mixture,prior,2000,255287948,Completed,0.6186009112838331,1306.4627874237608,NaN,2000,0,14000,0.0,0.0,0.0033689,0.631578947368421
3,mixture,single,2000,255287948,Fitted,0.6310910237740116,345.7737178484061,1.0023480496468087,2000,3000,12000,0.004700800000000001,1.3680000000000002E-4,0.0091804,0.631578947368421
3,mixture,mixture,2000,255287948,Fitted,0.6257940692953079,1885.991434977326,1.0053020497873402,2000,3000,14000,0.004732200000000001,0.0048696,0.0143333,0.631578947368421
3,mixture,mh,2000,255287948,Completed,0.6315,NaN,1.0013294116497127,2000,1000,0,0.0,0.0,0.0053258,0.631578947368421
3,mixture,legacy,8000,255287948,Completed,0.6217478318879456,NaN,NaN,8000,0,0,0.0,0.0,0.0058606000000000005,0.631578947368421
3,mixture,prior,8000,255287948,Completed,0.6217478318879458,5231.667054715596,NaN,8000,0,56000,0.0,0.0,0.012816500000000002,0.631578947368421
3,mixture,single,8000,255287948,Fitted,0.6375750555868688,1387.0520256129769,1.0023480496468087,8000,3000,48000,0.0052183,1.361E-4,0.021072800000000003,0.631578947368421
3,mixture,mixture,8000,255287948,Fitted,0.6304348154334155,7521.07456907382,1.0053020497873402,8000,3000,56000,0.0051024,0.0036359,0.0275653,0.631578947368421
3,mixture,mh,8000,255287948,Completed,0.627375,NaN,1.000644856341184,8000,1000,0,0.0,0.0,0.0162183,0.631578947368421
3,concentrated,prior,2000,270773811,Completed,2.9369918638802,3.6628053053414216,NaN,2000,0,12000,0.0,0.0,0.0035379,2.9702970297029703
3,concentrated,single,2000,270773811,Fitted,2.9651692019772082,720.6648471246627,1.5675663176225332,2000,3000,10000,0.004856500000000001,1.2910000000000002E-4,0.0088847,2.9702970297029703
3,concentrated,mixture,2000,270773811,Fitted,2.971883493595867,1271.3044738496476,3.8433546414910946,2000,3000,12000,0.0047559,0.0066771,0.016103600000000003,2.9702970297029703
3,concentrated,mh,2000,270773811,Completed,2.9527121513592354,NaN,1.8359306018618688,2000,1000,0,0.0,0.0,0.005411,2.9702970297029703
3,concentrated,legacy,2000,270773811,Completed,2.9369918638801993,NaN,NaN,2000,0,0,0.0,0.0,0.0027385,2.9702970297029703
3,concentrated,prior,8000,270773811,Completed,2.939813987266018,15.85401683630612,NaN,8000,0,40000,0.0,0.0,0.0125933,2.9702970297029703
3,concentrated,single,8000,270773811,Fitted,2.968452479849797,2877.520511986113,1.5675663176225332,8000,3000,40000,0.0052522,1.483E-4,0.020555800000000003,2.9702970297029703
3,concentrated,mixture,8000,270773811,Fitted,2.969749529005095,5037.958421380089,3.8433546414910946,8000,3000,48000,0.0049803,0.0064716,0.028865300000000003,2.9702970297029703
3,concentrated,mh,8000,270773811,Completed,2.9096907786832094,NaN,1.33925495295133,8000,1000,0,0.0,0.0,0.014089200000000001,2.9702970297029703
3,concentrated,legacy,8000,270773811,Completed,2.9398139872660245,NaN,NaN,8000,0,0,0.0,0.0,0.0097891,2.9702970297029703
3,hierarchical,prior,2000,270773811,Completed,0.97201942954248,151.02881139387472,NaN,2000,0,18000,0.0,0.0,0.0041297,0.9803921568627451
3,hierarchical,single,2000,270773811,Fitted,0.9815885642857994,1063.719351094287,1.1157040710404118,2000,3000,20000,0.0054432000000000005,1.6470000000000002E-4,0.011078600000000001,0.9803921568627451
3,hierarchical,mixture,2000,270773811,Fitted,0.9757739302305909,967.1117179302634,1.1733208334471257,2000,3000,18000,0.005107,0.0135808,0.024090200000000003,0.9803921568627451
3,hierarchical,mh,2000,270773811,Completed,0.9363046394739214,NaN,1.1166995602903396,2000,1000,0,0.0,0.0,0.0048586,0.9803921568627451
3,hierarchical,legacy,2000,270773811,Completed,0.9720194295424935,NaN,NaN,2000,0,0,0.0,0.0,0.0033429,0.9803921568627451
3,hierarchical,prior,8000,270773811,Completed,0.9777216514708362,670.7492042645688,NaN,8000,0,72000,0.0,0.0,0.0167092,0.9803921568627451
3,hierarchical,single,8000,270773811,Fitted,0.9846815625970848,4267.1988010912155,1.205911017779958,8000,3000,80000,0.0054118000000000005,1.441E-4,0.024025,0.9803921568627451
3,hierarchical,mixture,8000,270773811,Fitted,0.97249587355721,3278.0361227072062,1.2765688927611036,8000,3000,80000,0.0056369,0.014302,0.0406501,0.9803921568627451
3,hierarchical,mh,8000,270773811,Completed,0.986722732846363,NaN,1.032924170240622,8000,1000,0,0.0,0.0,0.014556500000000002,0.9803921568627451
3,hierarchical,legacy,8000,270773811,Completed,0.9777216514709026,NaN,NaN,8000,0,0,0.0,0.0,0.013200900000000002,0.9803921568627451
3,mixture,prior,2000,270773811,Completed,0.6304691618344763,1312.1637192343128,NaN,2000,0,10000,0.0,0.0,0.0032057,0.631578947368421
3,mixture,single,2000,270773811,Fitted,0.6266732587632513,354.8719897216492,1.0032841964208126,2000,3000,10000,0.005253600000000001,1.4330000000000001E-4,0.009393400000000001,0.631578947368421
3,mixture,mixture,2000,270773811,Fitted,0.6260308805246473,1875.4600618865668,1.004466475757811,2000,3000,10000,0.005426,0.0039552,0.013928500000000002,0.631578947368421
3,mixture,mh,2000,270773811,Completed,0.647,NaN,0.9994162914723621,2000,1000,0,0.0,0.0,0.005922800000000001,0.631578947368421
3,mixture,legacy,2000,270773811,Completed,0.6304691618344707,NaN,NaN,2000,0,0,0.0,0.0,0.0013944,0.631578947368421
3,mixture,prior,8000,270773811,Completed,0.6347501473573807,5257.466704250105,NaN,8000,0,40000,0.0,0.0,0.0119594,0.631578947368421
3,mixture,single,8000,270773811,Fitted,0.6217814201572313,1357.546293008784,1.0032841964208126,8000,3000,40000,0.004949,1.823E-4,0.0201675,0.631578947368421
3,mixture,mixture,8000,270773811,Fitted,0.6285877227659168,7505.119357836114,1.004466475757811,8000,3000,40000,0.0048809000000000005,0.0037817000000000003,0.0258418,0.631578947368421
3,mixture,mh,8000,270773811,Completed,0.6232500000000001,NaN,1.0007055604089758,8000,1000,0,0.0,0.0,0.014866500000000001,0.631578947368421
3,mixture,legacy,8000,270773811,Completed,0.6347501473574058,NaN,NaN,8000,0,0,0.0,0.0,0.0059503,0.631578947368421
3,concentrated,single,2000,286259674,Fitted,2.9735394468996024,691.577268285302,3.0355855593483216,2000,3000,10000,0.0047090000000000005,1.399E-4,0.0087782,2.9702970297029703
3,concentrated,mixture,2000,286259674,Fitted,2.9179209963847272,50.25188180476264,29.992981512213536,2000,3000,10000,0.0044171,0.0103838,0.0194175,2.9702970297029703
3,concentrated,mh,2000,286259674,Completed,2.8532555849417127,NaN,16.405118999961477,2000,1000,0,0.0,0.0,0.005659,2.9702970297029703
3,concentrated,legacy,2000,286259674,Completed,3.0238492734934947,NaN,NaN,2000,0,0,0.0,0.0,0.0028015,2.9702970297029703
3,concentrated,prior,2000,286259674,Completed,3.0238492734934974,3.771575144622061,NaN,2000,0,10000,0.0,0.0,0.0034274,2.9702970297029703
3,concentrated,single,8000,286259674,Fitted,2.9713197730657956,2728.2943443530535,3.0355855593483216,8000,3000,40000,0.0058068,1.597E-4,0.0208301,2.9702970297029703
3,concentrated,mixture,8000,286259674,Fitted,2.9212771253496315,224.2792181671657,29.992981512213536,8000,3000,40000,0.005281200000000001,0.011168,0.0339804,2.9702970297029703
3,concentrated,mh,8000,286259674,Completed,2.942322952648874,NaN,2.925930373876514,8000,1000,0,0.0,0.0,0.013781900000000001,2.9702970297029703
3,concentrated,legacy,8000,286259674,Completed,2.9699622505007386,NaN,NaN,8000,0,0,0.0,0.0,0.009876000000000001,2.9702970297029703
3,concentrated,prior,8000,286259674,Completed,2.969962250500731,17.379321908282666,NaN,8000,0,40000,0.0,0.0,0.0129992,2.9702970297029703
3,hierarchical,single,2000,286259674,Fitted,0.9798893376222455,1063.39081331944,1.108624256798893,2000,3000,16000,0.0050089,1.373E-4,0.0097356,0.9803921568627451
3,hierarchical,mixture,2000,286259674,Fitted,0.9888907580857401,1090.9346912410451,1.0580067130418147,2000,3000,16000,0.0052718,0.053446200000000006,0.0644854,0.9803921568627451
3,hierarchical,mh,2000,286259674,Completed,0.9866174441683074,NaN,1.407473713354486,2000,1000,0,0.0,0.0,0.005408400000000001,0.9803921568627451
3,hierarchical,legacy,2000,286259674,Completed,0.9669631440402459,NaN,NaN,2000,0,0,0.0,0.0,0.003207,0.9803921568627451
3,hierarchical,prior,2000,286259674,Completed,0.9669631440402378,183.77265109690433,NaN,2000,0,20000,0.0,0.0,0.004351300000000001,0.9803921568627451
3,hierarchical,single,8000,286259674,Fitted,0.9801119210977232,4250.808260520269,1.1357816863204122,8000,3000,64000,0.005,1.429E-4,0.023122200000000002,0.9803921568627451
3,hierarchical,mixture,8000,286259674,Fitted,0.9778619269844672,3851.574720813517,1.1216822523782704,8000,3000,72000,0.0050133,0.056015100000000005,0.081195,0.9803921568627451
3,hierarchical,mh,8000,286259674,Completed,0.972066527708757,NaN,1.0464532996176117,8000,1000,0,0.0,0.0,0.0145923,0.9803921568627451
3,hierarchical,legacy,8000,286259674,Completed,0.971074776428838,NaN,NaN,8000,0,0,0.0,0.0,0.013134700000000001,0.9803921568627451
3,hierarchical,prior,8000,286259674,Completed,0.9710747764287783,691.1019292023221,NaN,8000,0,72000,0.0,0.0,0.0159297,0.9803921568627451
3,mixture,single,2000,286259674,Fitted,0.6170872437900541,360.05207406160196,1.0044333052521381,2000,3000,12000,0.0050723,1.3670000000000002E-4,0.009431700000000001,0.631578947368421
3,mixture,mixture,2000,286259674,Fitted,0.6169585656397897,1891.5177027951197,1.0013481895002758,2000,3000,12000,0.005112500000000001,0.004155,0.014012,0.631578947368421
3,mixture,mh,2000,286259674,Completed,0.618,NaN,1.005016403885973,2000,1000,0,0.0,0.0,0.0048089000000000005,0.631578947368421
3,mixture,legacy,2000,286259674,Completed,0.5966850828729223,NaN,NaN,2000,0,0,0.0,0.0,0.0015895000000000002,0.631578947368421
3,mixture,prior,2000,286259674,Completed,0.5966850828729335,1297.465346534603,NaN,2000,0,12000,0.0,0.0,0.0031321,0.631578947368421
3,mixture,single,8000,286259674,Fitted,0.6377962058937539,1408.9249672717895,1.0044333052521381,8000,3000,48000,0.004837200000000001,1.554E-4,0.0209447,0.631578947368421
3,mixture,mixture,8000,286259674,Fitted,0.635300018971808,7555.7360493262595,1.0013481895002758,8000,3000,48000,0.0064432000000000005,0.0036479000000000004,0.027927700000000003,0.631578947368421
3,mixture,mh,8000,286259674,Completed,0.6287499999999999,NaN,1.0011025308448056,8000,1000,0,0.0,0.0,0.0157253,0.631578947368421
3,mixture,legacy,8000,286259674,Completed,0.6230272357994274,NaN,NaN,8000,0,0,0.0,0.0,0.006202900000000001,0.631578947368421
3,mixture,prior,8000,286259674,Completed,0.6230272357994486,5234.078890565804,NaN,8000,0,48000,0.0,0.0,0.012888,0.631578947368421
3,concentrated,mixture,2000,301745537,Fitted,2.971324736413171,1055.8974723757428,2.138890103813414,2000,3000,10000,0.004697300000000001,0.0222975,0.0316802,2.9702970297029703
3,concentrated,mh,2000,301745537,Completed,2.842519529492079,NaN,4.982585997932358,2000,1000,0,0.0,0.0,0.0047678,2.9702970297029703
3,concentrated,legacy,2000,301745537,Completed,2.8961240267860786,NaN,NaN,2000,0,0,0.0,0.0,0.0025777,2.9702970297029703
3,concentrated,prior,2000,301745537,Completed,2.8961240267860777,3.502635708750115,NaN,2000,0,10000,0.0,0.0,0.0033475,2.9702970297029703
3,concentrated,single,2000,301745537,Fitted,2.9702358666310773,1102.6810754009173,1.3544654339974334,2000,3000,10000,0.0044942,1.477E-4,0.0086093,2.9702970297029703
3,concentrated,mixture,8000,301745537,Fitted,2.968215260908115,4181.983415552464,2.138890103813414,8000,3000,48000,0.0045607,0.023060800000000003,0.0452627,2.9702970297029703
3,concentrated,mh,8000,301745537,Completed,2.898884176290119,NaN,1.7898307675836287,8000,1000,0,0.0,0.0,0.0148278,2.9702970297029703
3,concentrated,legacy,8000,301745537,Completed,2.9450863170787005,NaN,NaN,8000,0,0,0.0,0.0,0.009657500000000001,2.9702970297029703
3,concentrated,prior,8000,301745537,Completed,2.9450863170786943,18.276369866758586,NaN,8000,0,48000,0.0,0.0,0.012895,2.9702970297029703
3,concentrated,single,8000,301745537,Fitted,2.9696756427797806,4335.68213166788,1.3544654339974334,8000,3000,40000,0.0046239,1.4900000000000002E-4,0.019725600000000003,2.9702970297029703
3,hierarchical,mixture,2000,301745537,Fitted,0.9935084704021934,666.8083732307866,1.1813855879374224,2000,3000,20000,0.0050486,0.019326700000000002,0.029844000000000002,0.9803921568627451
3,hierarchical,mh,2000,301745537,Completed,0.9341279731587873,NaN,1.286898755787744,2000,1000,0,0.0,0.0,0.0052252,0.9803921568627451
3,hierarchical,legacy,2000,301745537,Completed,0.9671585778911663,NaN,NaN,2000,0,0,0.0,0.0,0.0032294000000000003,0.9803921568627451
3,hierarchical,prior,2000,301745537,Completed,0.9671585778911564,182.0290322670849,NaN,2000,0,16000,0.0,0.0,0.0049262,0.9803921568627451
3,hierarchical,single,2000,301745537,Fitted,0.9876136443813958,892.535221817883,1.0554674891691094,2000,3000,20000,0.005168300000000001,1.4350000000000002E-4,0.0104645,0.9803921568627451
3,hierarchical,mixture,8000,301745537,Fitted,0.9840251615965984,3938.292350376017,1.148890236330019,8000,3000,80000,0.0048623,0.0624506,0.08856960000000001,0.9803921568627451
3,hierarchical,mh,8000,301745537,Completed,0.9538686202922675,NaN,1.027396032648329,8000,1000,0,0.0,0.0,0.0145252,0.9803921568627451
3,hierarchical,legacy,8000,301745537,Completed,0.9735995424814494,NaN,NaN,8000,0,0,0.0,0.0,0.013610700000000002,0.9803921568627451
3,hierarchical,prior,8000,301745537,Completed,0.9735995424813781,697.1309245348014,NaN,8000,0,80000,0.0,0.0,0.016355,0.9803921568627451
3,hierarchical,single,8000,301745537,Fitted,0.9819242519964081,3822.31267036939,1.0882356415788155,8000,3000,80000,0.0057384,1.7700000000000002E-4,0.024128300000000002,0.9803921568627451
3,mixture,mixture,2000,301745537,Fitted,0.6393949432737671,1873.470741280668,1.006566568552405,2000,3000,14000,0.0051431,0.003758,0.0139463,0.631578947368421
3,mixture,mh,2000,301745537,Completed,0.623,NaN,1.0024490771004597,2000,1000,0,0.0,0.0,0.005081700000000001,0.631578947368421
3,mixture,legacy,2000,301745537,Completed,0.6376206626663158,NaN,NaN,2000,0,0,0.0,0.0,0.0016344,0.631578947368421
3,mixture,prior,2000,301745537,Completed,0.637620662666319,1315.887953425891,NaN,2000,0,14000,0.0,0.0,0.0033910000000000004,0.631578947368421
3,mixture,single,2000,301745537,Fitted,0.670537511290151,345.2350596660406,1.0036503930546241,2000,3000,14000,0.0055333000000000005,1.698E-4,0.0099044,0.631578947368421
3,mixture,mixture,8000,301745537,Fitted,0.6332616653415665,7488.958611291749,1.006566568552405,8000,3000,48000,0.005283400000000001,0.0036444000000000003,0.027292300000000002,0.631578947368421
3,mixture,mh,8000,301745537,Completed,0.64175,NaN,1.001277407365609,8000,1000,0,0.0,0.0,0.0150793,0.631578947368421
3,mixture,legacy,8000,301745537,Completed,0.6294952161002995,NaN,NaN,8000,0,0,0.0,0.0,0.0071487,0.631578947368421
3,mixture,prior,8000,301745537,Completed,0.6294952161003193,5246.693889205886,NaN,8000,0,56000,0.0,0.0,0.012938700000000001,0.631578947368421
3,mixture,single,8000,301745537,Fitted,0.6549039079510913,1425.7266930116639,1.0036503930546241,8000,3000,56000,0.0049476,1.251E-4,0.0214341,0.631578947368421
3,concentrated,mh,2000,317231400,Completed,2.7338600986043087,NaN,4.200336682796157,2000,1000,0,0.0,0.0,0.0051619000000000005,2.9702970297029703
3,concentrated,legacy,2000,317231400,Completed,2.9937938240714255,NaN,NaN,2000,0,0,0.0,0.0,0.0028275,2.9702970297029703
3,concentrated,prior,2000,317231400,Completed,2.9937938240714206,3.6051069504252804,NaN,2000,0,12000,0.0,0.0,0.0035768,2.9702970297029703
3,concentrated,single,2000,317231400,Fitted,2.95990864084666,141.80341077425615,2.9022775594813925,2000,3000,10000,0.004445800000000001,1.296E-4,0.0084916,2.9702970297029703
3,concentrated,mixture,2000,317231400,Fitted,2.968723919031007,1180.0163121808432,1.7807150911933058,2000,3000,12000,0.0043413,0.004308500000000001,0.0131476,2.9702970297029703
3,concentrated,mh,8000,317231400,Completed,2.899940108224807,NaN,1.7617018589537197,8000,1000,0,0.0,0.0,0.014204300000000001,2.9702970297029703
3,concentrated,legacy,8000,317231400,Completed,3.0053237934035106,NaN,NaN,8000,0,0,0.0,0.0,0.009679100000000001,2.9702970297029703
3,concentrated,prior,8000,317231400,Completed,3.0053237934034995,11.906900024897624,NaN,8000,0,40000,0.0,0.0,0.012946800000000001,2.9702970297029703
3,concentrated,single,8000,317231400,Fitted,2.978610761413103,345.6402940103406,2.9022775594813925,8000,3000,40000,0.0049129,1.373E-4,0.0199344,2.9702970297029703
3,concentrated,mixture,8000,317231400,Fitted,2.9713589110215093,4695.307679239893,1.7807150911933058,8000,3000,40000,0.0046267,0.0042836,0.0267966,2.9702970297029703
3,hierarchical,mh,2000,317231400,Completed,0.9490054595977937,NaN,1.4601524487047883,2000,1000,0,0.0,0.0,0.0052063000000000005,0.9803921568627451
3,hierarchical,legacy,2000,317231400,Completed,0.9737092552100087,NaN,NaN,2000,0,0,0.0,0.0,0.0032054,0.9803921568627451
3,hierarchical,prior,2000,317231400,Completed,0.9737092552099972,159.47197387069448,NaN,2000,0,16000,0.0,0.0,0.0039998,0.9803921568627451
3,hierarchical,single,2000,317231400,Fitted,0.9722227359727813,1020.9933312029002,1.1556040208868799,2000,3000,16000,0.0052485000000000006,1.3010000000000002E-4,0.0100812,0.9803921568627451
3,hierarchical,mixture,2000,317231400,Fitted,0.9761758735690438,971.568269434329,1.2407925322857196,2000,3000,18000,0.005092500000000001,0.0247797,0.0354787,0.9803921568627451
3,hierarchical,mh,8000,317231400,Completed,0.9769529311377926,NaN,1.0268209121802763,8000,1000,0,0.0,0.0,0.014882800000000002,0.9803921568627451
3,hierarchical,legacy,8000,317231400,Completed,0.9779135210764452,NaN,NaN,8000,0,0,0.0,0.0,0.012249300000000001,0.9803921568627451
3,hierarchical,prior,8000,317231400,Completed,0.9779135210763873,690.0899193550384,NaN,8000,0,80000,0.0,0.0,0.0158814,0.9803921568627451
3,hierarchical,single,8000,317231400,Fitted,0.9826793304426257,4273.161447678505,1.0989998059420498,8000,3000,72000,0.0049734,1.475E-4,0.0237773,0.9803921568627451
3,hierarchical,mixture,8000,317231400,IterationLimit,NaN,NaN,1.2018099197929577,0,3000,0,0.0049673,0.0699416,0.07498450000000001,0.9803921568627451
3,mixture,mh,2000,317231400,Completed,0.64,NaN,1.0030595068355044,2000,1000,0,0.0,0.0,0.0050696000000000005,0.631578947368421
3,mixture,legacy,2000,317231400,Completed,0.6408725006491733,NaN,NaN,2000,0,0,0.0,0.0,0.0016758,0.631578947368421
3,mixture,prior,2000,317231400,Completed,0.6408725006491807,1317.6544646823388,NaN,2000,0,12000,0.0,0.0,0.0033490000000000004,0.631578947368421
3,mixture,single,2000,317231400,Fitted,0.5850889740114902,323.00388154370904,1.0025740652715969,2000,3000,12000,0.0052201,1.35E-4,0.0097759,0.631578947368421
3,mixture,mixture,2000,317231400,Fitted,0.6437711593484291,1904.2106319205257,1.0044999841441686,2000,3000,12000,0.004773,0.0035331000000000004,0.014225400000000001,0.631578947368421
3,mixture,mh,8000,317231400,Completed,0.623875,NaN,1.000844122855868,8000,1000,0,0.0,0.0,0.0155957,0.631578947368421
3,mixture,legacy,8000,317231400,Completed,0.6319942139522786,NaN,NaN,8000,0,0,0.0,0.0,0.005926000000000001,0.631578947368421
3,mixture,prior,8000,317231400,Completed,0.631994213952265,5251.757997502299,NaN,8000,0,48000,0.0,0.0,0.012657700000000001,0.631578947368421
3,mixture,single,8000,317231400,Fitted,0.6148625485610166,1350.4234567125227,1.0025740652715969,8000,3000,56000,0.005646900000000001,1.5230000000000002E-4,0.022661200000000003,0.631578947368421
3,mixture,mixture,8000,317231400,Fitted,0.6364395746629697,7615.505095185197,1.0044999841441686,8000,3000,56000,0.0050705,0.0034097000000000003,0.027296200000000003,0.631578947368421
