"invocation","pair","position","variant","revision","runtimeHash","vectorPerformance","fixture","method","workers","round","seed","draws","warmUp","status","wallSeconds","constructionSeconds","samplingSeconds","diagnosticsSeconds","cpuSeconds","gcSeconds","evaluations","alignedDraws","minMeanEss","minBulkEss","minTailEss","maxRHat","maxMeanError","warningCoordinates","fingerprint","error"
"0","0","0","baseline","a144eb1a4a89d4ac0912b187b851d7845716c7d8","f56ea4902f385955a8d2438bb306087ba3274848dddfdc36602d269392ab08c1","vectorPerformance","correlated32","GPSS","1","-2","404175","4000","500","Complete","0.5359738","3.42E-5","0.2309951","0.3049445","0.609375","0.004","265461","4000","645.117038188815","619.6601510130125","111.82974658890811","1.4709232708798055","0.0221888479832677","32","34ba7e81aae421fabb6d7abc8b37fed811e4c6a3b11b225e03c34135c20e5fab",""
"0","0","0","baseline","a144eb1a4a89d4ac0912b187b851d7845716c7d8","f56ea4902f385955a8d2438bb306087ba3274848dddfdc36602d269392ab08c1","vectorPerformance","correlated32","GPSS","1","-1","412094","4000","500","Complete","0.5354594","3.36E-5","0.224578","0.3108478","0.53125","0.005","260316","4000","564.5119782236644","553.9746471274595","68.93212740164371","1.6458772028336794","0.06977010736276656","32","0dd72e443f3b53513a682dd3fda3078d30eb3ca1e5546f164ad2b8797a0cc49f",""
"0","0","0","baseline","a144eb1a4a89d4ac0912b187b851d7845716c7d8","f56ea4902f385955a8d2438bb306087ba3274848dddfdc36602d269392ab08c1","vectorPerformance","correlated32","GPSS","1","0","420013","4000","500","Complete","0.5368132","3.14E-5","0.2310024","0.3057794","0.546875","0.004","271170","4000","550.788691510793","462.92862585511017","31.898583590051008","1.6153232296497368","0.02539427674995709","32","4e32fd58fd10390b4e797c6902eed30b34036ec3e48184af25c550e5ecd201e4",""
"0","0","0","baseline","a144eb1a4a89d4ac0912b187b851d7845716c7d8","f56ea4902f385955a8d2438bb306087ba3274848dddfdc36602d269392ab08c1","vectorPerformance","correlated32","GPSS","1","1","427932","4000","500","Complete","0.5234602","3.26E-5","0.2107663","0.3126613","0.53125","0.006","243643","4000","728.9168563232058","707.6422054588379","37.327199337196575","1.394679319897266","0.014786962883091226","32","6556bc9a5258d4cf10554a8f1be0f66bc02b8dd465a89ab0179fc4a9bce27863",""
"0","0","0","baseline","a144eb1a4a89d4ac0912b187b851d7845716c7d8","f56ea4902f385955a8d2438bb306087ba3274848dddfdc36602d269392ab08c1","vectorPerformance","correlated32","GPSS","1","2","435851","4000","500","Complete","0.5344566","2.58E-5","0.2194185","0.3150123","0.5625","0.006","252525","4000","851.515000276373","802.0414367077282","72.65826721585422","1.3443798021720257","0.05441559245735261","32","241b3dbb9e14d1912d29f4167a0d49b5aac92799d098cc4aea7fd189aea591d5",""
"0","0","0","baseline","a144eb1a4a89d4ac0912b187b851d7845716c7d8","f56ea4902f385955a8d2438bb306087ba3274848dddfdc36602d269392ab08c1","vectorPerformance","correlated32","GPSS","1","3","443770","4000","500","Complete","0.5253317","2.55E-5","0.2193801","0.3059261","0.53125","0.003","252476","4000","579.6107666912351","519.1606176358861","80.32525737492834","1.1037679615355824","0.05661873010414342","32","e379cb80ecf5804cc22ddf166b2fd12dfc52cf394467b1b6e6cab088cb4ce1a7",""
"0","0","0","baseline","a144eb1a4a89d4ac0912b187b851d7845716c7d8","f56ea4902f385955a8d2438bb306087ba3274848dddfdc36602d269392ab08c1","vectorPerformance","correlated32","GPSS","1","4","451689","4000","500","Complete","0.5382979","2.42E-5","0.232614","0.3056597","0.53125","0.005","276146","4000","745.841296773472","687.9271641953604","73.67496547194912","1.1447391912214941","0.06804485983194875","32","d07f89bf5cc41c4bd92db0f6611a71a2eba9eae89a88327e3e8eeccefa31029b",""
"0","0","0","baseline","a144eb1a4a89d4ac0912b187b851d7845716c7d8","f56ea4902f385955a8d2438bb306087ba3274848dddfdc36602d269392ab08c1","vectorPerformance","correlated32","GPSS","2","-2","404175","4000","500","Complete","0.3288717","3.76E-5","0.1543985","0.1744356","0.84375","0.004","265461","4000","645.117038188815","619.6601510130125","111.82974658890811","1.4709232708798055","0.0221888479832677","32","34ba7e81aae421fabb6d7abc8b37fed811e4c6a3b11b225e03c34135c20e5fab",""
"0","0","0","baseline","a144eb1a4a89d4ac0912b187b851d7845716c7d8","f56ea4902f385955a8d2438bb306087ba3274848dddfdc36602d269392ab08c1","vectorPerformance","correlated32","GPSS","2","-1","412094","4000","500","Complete","0.3196697","3.07E-5","0.1462822","0.1733568","1.0","0.006","260316","4000","564.5119782236644","553.9746471274595","68.93212740164371","1.6458772028336794","0.06977010736276656","32","0dd72e443f3b53513a682dd3fda3078d30eb3ca1e5546f164ad2b8797a0cc49f",""
"0","0","0","baseline","a144eb1a4a89d4ac0912b187b851d7845716c7d8","f56ea4902f385955a8d2438bb306087ba3274848dddfdc36602d269392ab08c1","vectorPerformance","correlated32","GPSS","2","0","420013","4000","500","Complete","0.3109215","3.76E-5","0.1528305","0.1580534","0.59375","0.004","271170","4000","550.788691510793","462.92862585511017","31.898583590051008","1.6153232296497368","0.02539427674995709","32","4e32fd58fd10390b4e797c6902eed30b34036ec3e48184af25c550e5ecd201e4",""
"0","0","0","baseline","a144eb1a4a89d4ac0912b187b851d7845716c7d8","f56ea4902f385955a8d2438bb306087ba3274848dddfdc36602d269392ab08c1","vectorPerformance","correlated32","GPSS","2","1","427932","4000","500","Complete","0.3089581","5.21E-5","0.1398729","0.1690331","0.796875","0.004","243643","4000","728.9168563232058","707.6422054588379","37.327199337196575","1.394679319897266","0.014786962883091226","32","6556bc9a5258d4cf10554a8f1be0f66bc02b8dd465a89ab0179fc4a9bce27863",""
"0","0","0","baseline","a144eb1a4a89d4ac0912b187b851d7845716c7d8","f56ea4902f385955a8d2438bb306087ba3274848dddfdc36602d269392ab08c1","vectorPerformance","correlated32","GPSS","2","2","435851","4000","500","Complete","0.3169703","2.44E-5","0.1568566","0.1600893","0.625","0.004","252525","4000","851.515000276373","802.0414367077282","72.65826721585422","1.3443798021720257","0.05441559245735261","32","241b3dbb9e14d1912d29f4167a0d49b5aac92799d098cc4aea7fd189aea591d5",""
"0","0","0","baseline","a144eb1a4a89d4ac0912b187b851d7845716c7d8","f56ea4902f385955a8d2438bb306087ba3274848dddfdc36602d269392ab08c1","vectorPerformance","correlated32","GPSS","2","3","443770","4000","500","Complete","0.3070819","3.82E-5","0.1445077","0.162536","0.625","0.004","252476","4000","579.6107666912351","519.1606176358861","80.32525737492834","1.1037679615355824","0.05661873010414342","32","e379cb80ecf5804cc22ddf166b2fd12dfc52cf394467b1b6e6cab088cb4ce1a7",""
"0","0","0","baseline","a144eb1a4a89d4ac0912b187b851d7845716c7d8","f56ea4902f385955a8d2438bb306087ba3274848dddfdc36602d269392ab08c1","vectorPerformance","correlated32","GPSS","2","4","451689","4000","500","Complete","0.3134192","2.37E-5","0.1489748","0.1644207","0.625","0.005","276146","4000","745.841296773472","687.9271641953604","73.67496547194912","1.1447391912214941","0.06804485983194875","32","d07f89bf5cc41c4bd92db0f6611a71a2eba9eae89a88327e3e8eeccefa31029b",""
"0","0","0","baseline","a144eb1a4a89d4ac0912b187b851d7845716c7d8","f56ea4902f385955a8d2438bb306087ba3274848dddfdc36602d269392ab08c1","vectorPerformance","correlated32","GPSS","4","-2","404175","4000","500","Complete","0.2297508","3.48E-5","0.1405879","0.0891281","0.96875","0.004","265461","4000","645.117038188815","619.6601510130125","111.82974658890811","1.4709232708798055","0.0221888479832677","32","34ba7e81aae421fabb6d7abc8b37fed811e4c6a3b11b225e03c34135c20e5fab",""
"0","0","0","baseline","a144eb1a4a89d4ac0912b187b851d7845716c7d8","f56ea4902f385955a8d2438bb306087ba3274848dddfdc36602d269392ab08c1","vectorPerformance","correlated32","GPSS","4","-1","412094","4000","500","Complete","0.2335789","3.27E-5","0.1355071","0.0980391","1.1875","0.005","260316","4000","564.5119782236644","553.9746471274595","68.93212740164371","1.6458772028336794","0.06977010736276656","32","0dd72e443f3b53513a682dd3fda3078d30eb3ca1e5546f164ad2b8797a0cc49f",""
"0","0","0","baseline","a144eb1a4a89d4ac0912b187b851d7845716c7d8","f56ea4902f385955a8d2438bb306087ba3274848dddfdc36602d269392ab08c1","vectorPerformance","correlated32","GPSS","4","0","420013","4000","500","Complete","0.2299854","3.18E-5","0.1388436","0.09111","0.796875","0.003","271170","4000","550.788691510793","462.92862585511017","31.898583590051008","1.6153232296497368","0.02539427674995709","32","4e32fd58fd10390b4e797c6902eed30b34036ec3e48184af25c550e5ecd201e4",""
"0","0","0","baseline","a144eb1a4a89d4ac0912b187b851d7845716c7d8","f56ea4902f385955a8d2438bb306087ba3274848dddfdc36602d269392ab08c1","vectorPerformance","correlated32","GPSS","4","1","427932","4000","500","Complete","0.2333118","3.61E-5","0.1342166","0.0990591","0.890625","0.006","243643","4000","728.9168563232058","707.6422054588379","37.327199337196575","1.394679319897266","0.014786962883091226","32","6556bc9a5258d4cf10554a8f1be0f66bc02b8dd465a89ab0179fc4a9bce27863",""
"0","0","0","baseline","a144eb1a4a89d4ac0912b187b851d7845716c7d8","f56ea4902f385955a8d2438bb306087ba3274848dddfdc36602d269392ab08c1","vectorPerformance","correlated32","GPSS","4","2","435851","4000","500","Complete","0.229995","5.7E-5","0.1330888","0.0968492","0.875","0.005","252525","4000","851.515000276373","802.0414367077282","72.65826721585422","1.3443798021720257","0.05441559245735261","32","241b3dbb9e14d1912d29f4167a0d49b5aac92799d098cc4aea7fd189aea591d5",""
"0","0","0","baseline","a144eb1a4a89d4ac0912b187b851d7845716c7d8","f56ea4902f385955a8d2438bb306087ba3274848dddfdc36602d269392ab08c1","vectorPerformance","correlated32","GPSS","4","3","443770","4000","500","Complete","0.2227108","4.5E-5","0.1351241","0.0875417","0.875","0.004","252476","4000","579.6107666912351","519.1606176358861","80.32525737492834","1.1037679615355824","0.05661873010414342","32","e379cb80ecf5804cc22ddf166b2fd12dfc52cf394467b1b6e6cab088cb4ce1a7",""
"0","0","0","baseline","a144eb1a4a89d4ac0912b187b851d7845716c7d8","f56ea4902f385955a8d2438bb306087ba3274848dddfdc36602d269392ab08c1","vectorPerformance","correlated32","GPSS","4","4","451689","4000","500","Complete","0.2349161","2.24E-5","0.1429346","0.0919591","0.859375","0.005","276146","4000","745.841296773472","687.9271641953604","73.67496547194912","1.1447391912214941","0.06804485983194875","32","d07f89bf5cc41c4bd92db0f6611a71a2eba9eae89a88327e3e8eeccefa31029b",""
"0","0","0","baseline","a144eb1a4a89d4ac0912b187b851d7845716c7d8","f56ea4902f385955a8d2438bb306087ba3274848dddfdc36602d269392ab08c1","vectorPerformance","correlated32","Quantile","1","-2","404175","4000","500","Complete","1.5986771","2.14E-5","1.2802402","0.3184155","1.609375","0.021","3282856","4000","23.797668269094697","23.991783455481954","49.25430937145106","1.1516283632440742","0.3728865535403717","32","a76e28f6e88c6be3891bdc833beb8d8d0a1740b95f0935a4806e8ab65d3c899c",""
"0","0","0","baseline","a144eb1a4a89d4ac0912b187b851d7845716c7d8","f56ea4902f385955a8d2438bb306087ba3274848dddfdc36602d269392ab08c1","vectorPerformance","correlated32","Quantile","1","-1","412094","4000","500","Complete","1.6611176","3.77E-5","1.3464293","0.3146506","2.015625","0.021","3230583","4000","31.726513907349148","31.532168002260388","97.16989966673968","1.0798839490509835","0.08306741567350584","32","f9ed8df14134bddcfbb2d40aa6e479cfbaad40e1882750767724d2bc52df3b34",""
"0","0","0","baseline","a144eb1a4a89d4ac0912b187b851d7845716c7d8","f56ea4902f385955a8d2438bb306087ba3274848dddfdc36602d269392ab08c1","vectorPerformance","correlated32","Quantile","1","0","420013","4000","500","Complete","1.5710566","2.48E-5","1.2644702","0.3065616","1.5625","0.02","3251733","4000","36.23737925347603","37.074760300245536","94.41153342442881","1.094481746270784","0.006936160462634622","32","70f5117f96cd02d2870b347963ec61f489004b4e752f979286b6bbb78357a72b",""
"0","0","0","baseline","a144eb1a4a89d4ac0912b187b851d7845716c7d8","f56ea4902f385955a8d2438bb306087ba3274848dddfdc36602d269392ab08c1","vectorPerformance","correlated32","Quantile","1","1","427932","4000","500","Complete","1.5737529","1.97E-5","1.2649987","0.3087345","1.703125","0.02","3236479","4000","31.801672449893193","32.058114379350506","84.74388663935426","1.0852433257313874","0.03363458703623934","32","9361e774d845e114d77fdb68cfdc974ca4f240b9ee801485b53bd51fdc75e4ee",""
"0","0","0","baseline","a144eb1a4a89d4ac0912b187b851d7845716c7d8","f56ea4902f385955a8d2438bb306087ba3274848dddfdc36602d269392ab08c1","vectorPerformance","correlated32","Quantile","1","2","435851","4000","500","Complete","1.5675782","2.26E-5","1.2487482","0.3188074","1.578125","0.02","3213584","4000","18.827593772089372","19.418977153927276","144.36214774069362","1.1856715933721973","0.22462708158086309","32","be8072aea54a06faab2c2090774614aa1ad4df6564d26d325be8e1037fc3c851",""
"0","0","0","baseline","a144eb1a4a89d4ac0912b187b851d7845716c7d8","f56ea4902f385955a8d2438bb306087ba3274848dddfdc36602d269392ab08c1","vectorPerformance","correlated32","Quantile","1","3","443770","4000","500","Complete","1.6036519","2.09E-5","1.2787469","0.3248841","1.984375","0.023","3292746","4000","8.551688513959126","8.66542172384507","23.37880092498311","1.3883316083476982","0.08359316129464744","32","3ae74ba297dfc21cabfcf0707b44b409c98d3bd3f9dfc2b6af98aa1fde2b375a",""
"0","0","0","baseline","a144eb1a4a89d4ac0912b187b851d7845716c7d8","f56ea4902f385955a8d2438bb306087ba3274848dddfdc36602d269392ab08c1","vectorPerformance","correlated32","Quantile","1","4","451689","4000","500","Complete","1.559922","2.16E-5","1.2404794","0.319421","1.890625","0.021","3210555","4000","32.00943946980557","33.91863557210035","93.00550074538009","1.0837128123690845","0.1407722816405288","32","6de2fd21c7960b9d9708ca419e8aba6e1a90d027a2db52b77e66a4a749ca160e",""
"0","0","0","baseline","a144eb1a4a89d4ac0912b187b851d7845716c7d8","f56ea4902f385955a8d2438bb306087ba3274848dddfdc36602d269392ab08c1","vectorPerformance","correlated32","Quantile","2","-2","404175","4000","500","Complete","1.0598093","2.03E-5","0.8953985","0.1643905","2.40625","0.022","3282856","4000","23.797668269094697","23.991783455481954","49.25430937145106","1.1516283632440742","0.3728865535403717","32","a76e28f6e88c6be3891bdc833beb8d8d0a1740b95f0935a4806e8ab65d3c899c",""
"0","0","0","baseline","a144eb1a4a89d4ac0912b187b851d7845716c7d8","f56ea4902f385955a8d2438bb306087ba3274848dddfdc36602d269392ab08c1","vectorPerformance","correlated32","Quantile","2","-1","412094","4000","500","Complete","1.0593192","2.17E-5","0.879997","0.1793005","2.109375","0.021","3230583","4000","31.726513907349148","31.532168002260388","97.16989966673968","1.0798839490509835","0.08306741567350584","32","f9ed8df14134bddcfbb2d40aa6e479cfbaad40e1882750767724d2bc52df3b34",""
"0","0","0","baseline","a144eb1a4a89d4ac0912b187b851d7845716c7d8","f56ea4902f385955a8d2438bb306087ba3274848dddfdc36602d269392ab08c1","vectorPerformance","correlated32","Quantile","2","0","420013","4000","500","Complete","1.0522599","2.03E-5","0.8882171","0.1640225","2.40625","0.019","3251733","4000","36.23737925347603","37.074760300245536","94.41153342442881","1.094481746270784","0.006936160462634622","32","70f5117f96cd02d2870b347963ec61f489004b4e752f979286b6bbb78357a72b",""
"0","0","0","baseline","a144eb1a4a89d4ac0912b187b851d7845716c7d8","f56ea4902f385955a8d2438bb306087ba3274848dddfdc36602d269392ab08c1","vectorPerformance","correlated32","Quantile","2","1","427932","4000","500","Complete","1.0401005","2.01E-5","0.8742461","0.1658343","2.421875","0.02","3236479","4000","31.801672449893193","32.058114379350506","84.74388663935426","1.0852433257313874","0.03363458703623934","32","9361e774d845e114d77fdb68cfdc974ca4f240b9ee801485b53bd51fdc75e4ee",""
"0","0","0","baseline","a144eb1a4a89d4ac0912b187b851d7845716c7d8","f56ea4902f385955a8d2438bb306087ba3274848dddfdc36602d269392ab08c1","vectorPerformance","correlated32","Quantile","2","2","435851","4000","500","Complete","1.0501414","2.1E-5","0.8781567","0.1719637","2.078125","0.02","3213584","4000","18.827593772089372","19.418977153927276","144.36214774069362","1.1856715933721973","0.22462708158086309","32","be8072aea54a06faab2c2090774614aa1ad4df6564d26d325be8e1037fc3c851",""
"0","0","0","baseline","a144eb1a4a89d4ac0912b187b851d7845716c7d8","f56ea4902f385955a8d2438bb306087ba3274848dddfdc36602d269392ab08c1","vectorPerformance","correlated32","Quantile","2","3","443770","4000","500","Complete","1.056046","2.21E-5","0.8849979","0.171026","2.3125","0.02","3292746","4000","8.551688513959126","8.66542172384507","23.37880092498311","1.3883316083476982","0.08359316129464744","32","3ae74ba297dfc21cabfcf0707b44b409c98d3bd3f9dfc2b6af98aa1fde2b375a",""
"0","0","0","baseline","a144eb1a4a89d4ac0912b187b851d7845716c7d8","f56ea4902f385955a8d2438bb306087ba3274848dddfdc36602d269392ab08c1","vectorPerformance","correlated32","Quantile","2","4","451689","4000","500","Complete","1.0386361","2.15E-5","0.869444","0.1691706","2.40625","0.02","3210555","4000","32.00943946980557","33.91863557210035","93.00550074538009","1.0837128123690845","0.1407722816405288","32","6de2fd21c7960b9d9708ca419e8aba6e1a90d027a2db52b77e66a4a749ca160e",""
"0","0","0","baseline","a144eb1a4a89d4ac0912b187b851d7845716c7d8","f56ea4902f385955a8d2438bb306087ba3274848dddfdc36602d269392ab08c1","vectorPerformance","correlated32","Quantile","4","-2","404175","4000","500","Complete","0.9418835","2.11E-5","0.8486021","0.0932603","3.78125","0.02","3282856","4000","23.797668269094697","23.991783455481954","49.25430937145106","1.1516283632440742","0.3728865535403717","32","a76e28f6e88c6be3891bdc833beb8d8d0a1740b95f0935a4806e8ab65d3c899c",""
"0","0","0","baseline","a144eb1a4a89d4ac0912b187b851d7845716c7d8","f56ea4902f385955a8d2438bb306087ba3274848dddfdc36602d269392ab08c1","vectorPerformance","correlated32","Quantile","4","-1","412094","4000","500","Complete","0.922671","2.72E-5","0.8250987","0.0975451","4.0625","0.022","3230583","4000","31.726513907349148","31.532168002260388","97.16989966673968","1.0798839490509835","0.08306741567350584","32","f9ed8df14134bddcfbb2d40aa6e479cfbaad40e1882750767724d2bc52df3b34",""
"0","0","0","baseline","a144eb1a4a89d4ac0912b187b851d7845716c7d8","f56ea4902f385955a8d2438bb306087ba3274848dddfdc36602d269392ab08c1","vectorPerformance","correlated32","Quantile","4","0","420013","4000","500","Complete","0.9360962","2.21E-5","0.8378846","0.0981895","4.234375","0.022","3251733","4000","36.23737925347603","37.074760300245536","94.41153342442881","1.094481746270784","0.006936160462634622","32","70f5117f96cd02d2870b347963ec61f489004b4e752f979286b6bbb78357a72b",""
"0","0","0","baseline","a144eb1a4a89d4ac0912b187b851d7845716c7d8","f56ea4902f385955a8d2438bb306087ba3274848dddfdc36602d269392ab08c1","vectorPerformance","correlated32","Quantile","4","1","427932","4000","500","Complete","0.9130369","2.0E-5","0.8187594","0.0942575","3.640625","0.019","3236479","4000","31.801672449893193","32.058114379350506","84.74388663935426","1.0852433257313874","0.03363458703623934","32","9361e774d845e114d77fdb68cfdc974ca4f240b9ee801485b53bd51fdc75e4ee",""
"0","0","0","baseline","a144eb1a4a89d4ac0912b187b851d7845716c7d8","f56ea4902f385955a8d2438bb306087ba3274848dddfdc36602d269392ab08c1","vectorPerformance","correlated32","Quantile","4","2","435851","4000","500","Complete","0.9072293","1.95E-5","0.8117117","0.0954981","3.53125","0.019","3213584","4000","18.827593772089372","19.418977153927276","144.36214774069362","1.1856715933721973","0.22462708158086309","32","be8072aea54a06faab2c2090774614aa1ad4df6564d26d325be8e1037fc3c851",""
"0","0","0","baseline","a144eb1a4a89d4ac0912b187b851d7845716c7d8","f56ea4902f385955a8d2438bb306087ba3274848dddfdc36602d269392ab08c1","vectorPerformance","correlated32","Quantile","4","3","443770","4000","500","Complete","0.932458","2.06E-5","0.8354607","0.0969767","4.265625","0.019","3292746","4000","8.551688513959126","8.66542172384507","23.37880092498311","1.3883316083476982","0.08359316129464744","32","3ae74ba297dfc21cabfcf0707b44b409c98d3bd3f9dfc2b6af98aa1fde2b375a",""
"0","0","0","baseline","a144eb1a4a89d4ac0912b187b851d7845716c7d8","f56ea4902f385955a8d2438bb306087ba3274848dddfdc36602d269392ab08c1","vectorPerformance","correlated32","Quantile","4","4","451689","4000","500","Complete","0.9115428","2.19E-5","0.8174994","0.0940215","4.1875","0.019","3210555","4000","32.00943946980557","33.91863557210035","93.00550074538009","1.0837128123690845","0.1407722816405288","32","6de2fd21c7960b9d9708ca419e8aba6e1a90d027a2db52b77e66a4a749ca160e",""
"0","0","0","baseline","a144eb1a4a89d4ac0912b187b851d7845716c7d8","f56ea4902f385955a8d2438bb306087ba3274848dddfdc36602d269392ab08c1","vectorPerformance","gaussian32","GPSS","1","-2","404175","4000","500","Complete","0.4317796","4.1E-5","0.1034292","0.3283094","0.46875","0.003","139155","4000","14560.87743232489","14566.888663880416","9030.296419517286","1.0011086994050007","0.013020088729037094","0","f3ae7e88a3469d95a481057ff78725be41612c1e7bdf2f3d1a7c73f5a42981cf",""
"0","0","0","baseline","a144eb1a4a89d4ac0912b187b851d7845716c7d8","f56ea4902f385955a8d2438bb306087ba3274848dddfdc36602d269392ab08c1","vectorPerformance","gaussian32","GPSS","1","-1","412094","4000","500","Complete","0.4309904","6.4E-5","0.1022007","0.3287257","0.46875","0.005","138730","4000","14723.327722756223","14738.615855733822","8857.898575485036","1.0012097458367082","0.014860253936955947","0","6d85793e19e5639b0a7430ab942ac98e6519fa4be0fbcee8a8930a2af289299d",""
"0","0","0","baseline","a144eb1a4a89d4ac0912b187b851d7845716c7d8","f56ea4902f385955a8d2438bb306087ba3274848dddfdc36602d269392ab08c1","vectorPerformance","gaussian32","GPSS","1","0","420013","4000","500","Complete","0.4325615","4.61E-5","0.1059213","0.3265941","0.4375","0.004","138723","4000","14789.309502344258","14770.299991933614","8878.031772176253","1.0012114173589253","0.02042856356087519","0","fb030bc811389f4cc0c40b053f280c25c0c5e58babb6d5eb761947efb8511783",""
"0","0","0","baseline","a144eb1a4a89d4ac0912b187b851d7845716c7d8","f56ea4902f385955a8d2438bb306087ba3274848dddfdc36602d269392ab08c1","vectorPerformance","gaussian32","GPSS","1","1","427932","4000","500","Complete","0.4300913","3.92E-5","0.1048304","0.3252217","0.421875","0.002","138788","4000","15028.158264845573","15037.33690560915","9075.6220980371","1.0011653829278853","0.016607695975976222","0","3d0bccbf5e695e5e8a5d89fa29a1a353b231a8693474ffa5e1944f58eee51881",""
"0","0","0","baseline","a144eb1a4a89d4ac0912b187b851d7845716c7d8","f56ea4902f385955a8d2438bb306087ba3274848dddfdc36602d269392ab08c1","vectorPerformance","gaussian32","GPSS","1","2","435851","4000","500","Complete","0.4331317","3.73E-5","0.106016","0.3270784","0.421875","0.004","138703","4000","14933.892470949851","14950.607747787408","8635.192267898514","1.001735370997425","0.021490044822388643","0","603bdfe20f551e62d9c5fbc68e896eb978d3c40134ec7e7cbc17b062760b5957",""
"0","0","0","baseline","a144eb1a4a89d4ac0912b187b851d7845716c7d8","f56ea4902f385955a8d2438bb306087ba3274848dddfdc36602d269392ab08c1","vectorPerformance","gaussian32","GPSS","1","3","443770","4000","500","Complete","0.4532197","3.97E-5","0.1198","0.33338","0.453125","0.004","138777","4000","15223.671841621832","15221.605805391002","9210.378340418303","1.0015395267295784","0.016172276604625724","0","2ead94f9fc645301334f7309cfcc4f5b6e54cfdca48deed2f7e56fe38456b29a",""
"0","0","0","baseline","a144eb1a4a89d4ac0912b187b851d7845716c7d8","f56ea4902f385955a8d2438bb306087ba3274848dddfdc36602d269392ab08c1","vectorPerformance","gaussian32","GPSS","1","4","451689","4000","500","Complete","0.4299506","4.1E-5","0.1031864","0.3267232","0.4375","0.003","138750","4000","14345.553258947568","14342.778169951296","8945.28266108745","1.0011866456042022","0.01864774016529802","0","d4278b864a0c0454d1730a6de2433aebfa0ebf5de90d82ef8563be3b95ce2d1a",""
"0","0","0","baseline","a144eb1a4a89d4ac0912b187b851d7845716c7d8","f56ea4902f385955a8d2438bb306087ba3274848dddfdc36602d269392ab08c1","vectorPerformance","gaussian32","GPSS","2","-2","404175","4000","500","Complete","0.2552207","1.311E-4","0.0742664","0.1808232","0.59375","0.005","139155","4000","14560.87743232489","14566.888663880416","9030.296419517286","1.0011086994050007","0.013020088729037094","0","f3ae7e88a3469d95a481057ff78725be41612c1e7bdf2f3d1a7c73f5a42981cf",""
"0","0","0","baseline","a144eb1a4a89d4ac0912b187b851d7845716c7d8","f56ea4902f385955a8d2438bb306087ba3274848dddfdc36602d269392ab08c1","vectorPerformance","gaussian32","GPSS","2","-1","412094","4000","500","Complete","0.2424767","4.67E-5","0.0667602","0.1756698","0.484375","0.003","138730","4000","14723.327722756223","14738.615855733822","8857.898575485036","1.0012097458367082","0.014860253936955947","0","6d85793e19e5639b0a7430ab942ac98e6519fa4be0fbcee8a8930a2af289299d",""
"0","0","0","baseline","a144eb1a4a89d4ac0912b187b851d7845716c7d8","f56ea4902f385955a8d2438bb306087ba3274848dddfdc36602d269392ab08c1","vectorPerformance","gaussian32","GPSS","2","0","420013","4000","500","Complete","0.238913","3.85E-5","0.0662918","0.1725827","0.484375","0.004","138723","4000","14789.309502344258","14770.299991933614","8878.031772176253","1.0012114173589253","0.02042856356087519","0","fb030bc811389f4cc0c40b053f280c25c0c5e58babb6d5eb761947efb8511783",""
"0","0","0","baseline","a144eb1a4a89d4ac0912b187b851d7845716c7d8","f56ea4902f385955a8d2438bb306087ba3274848dddfdc36602d269392ab08c1","vectorPerformance","gaussian32","GPSS","2","1","427932","4000","500","Complete","0.2407193","3.68E-5","0.0660318","0.1746507","0.5","0.004","138788","4000","15028.158264845573","15037.33690560915","9075.6220980371","1.0011653829278853","0.016607695975976222","0","3d0bccbf5e695e5e8a5d89fa29a1a353b231a8693474ffa5e1944f58eee51881",""
"0","0","0","baseline","a144eb1a4a89d4ac0912b187b851d7845716c7d8","f56ea4902f385955a8d2438bb306087ba3274848dddfdc36602d269392ab08c1","vectorPerformance","gaussian32","GPSS","2","2","435851","4000","500","Complete","0.2432313","3.67E-5","0.0668915","0.1763031","0.484375","0.004","138703","4000","14933.892470949851","14950.607747787408","8635.192267898514","1.001735370997425","0.021490044822388643","0","603bdfe20f551e62d9c5fbc68e896eb978d3c40134ec7e7cbc17b062760b5957",""
"0","0","0","baseline","a144eb1a4a89d4ac0912b187b851d7845716c7d8","f56ea4902f385955a8d2438bb306087ba3274848dddfdc36602d269392ab08c1","vectorPerformance","gaussian32","GPSS","2","3","443770","4000","500","Complete","0.2354083","5.32E-5","0.0680773","0.1672778","0.46875","0.003","138777","4000","15223.671841621832","15221.605805391002","9210.378340418303","1.0015395267295784","0.016172276604625724","0","2ead94f9fc645301334f7309cfcc4f5b6e54cfdca48deed2f7e56fe38456b29a",""
"0","0","0","baseline","a144eb1a4a89d4ac0912b187b851d7845716c7d8","f56ea4902f385955a8d2438bb306087ba3274848dddfdc36602d269392ab08c1","vectorPerformance","gaussian32","GPSS","2","4","451689","4000","500","Complete","0.2352311","4.0E-5","0.0679698","0.1672213","0.46875","0.003","138750","4000","14345.553258947568","14342.778169951296","8945.28266108745","1.0011866456042022","0.01864774016529802","0","d4278b864a0c0454d1730a6de2433aebfa0ebf5de90d82ef8563be3b95ce2d1a",""
"0","0","0","baseline","a144eb1a4a89d4ac0912b187b851d7845716c7d8","f56ea4902f385955a8d2438bb306087ba3274848dddfdc36602d269392ab08c1","vectorPerformance","gaussian32","GPSS","4","-2","404175","4000","500","Complete","0.1590034","3.85E-5","0.0621084","0.0968565","0.640625","0.005","139155","4000","14560.87743232489","14566.888663880416","9030.296419517286","1.0011086994050007","0.013020088729037094","0","f3ae7e88a3469d95a481057ff78725be41612c1e7bdf2f3d1a7c73f5a42981cf",""
"0","0","0","baseline","a144eb1a4a89d4ac0912b187b851d7845716c7d8","f56ea4902f385955a8d2438bb306087ba3274848dddfdc36602d269392ab08c1","vectorPerformance","gaussian32","GPSS","4","-1","412094","4000","500","Complete","0.1576081","5.59E-5","0.0639867","0.0935655","0.921875","0.002","138730","4000","14723.327722756223","14738.615855733822","8857.898575485036","1.0012097458367082","0.014860253936955947","0","6d85793e19e5639b0a7430ab942ac98e6519fa4be0fbcee8a8930a2af289299d",""
"0","0","0","baseline","a144eb1a4a89d4ac0912b187b851d7845716c7d8","f56ea4902f385955a8d2438bb306087ba3274848dddfdc36602d269392ab08c1","vectorPerformance","gaussian32","GPSS","4","0","420013","4000","500","Complete","0.1610921","4.21E-5","0.0623345","0.0987155","0.625","0.006","138723","4000","14789.309502344258","14770.299991933614","8878.031772176253","1.0012114173589253","0.02042856356087519","0","fb030bc811389f4cc0c40b053f280c25c0c5e58babb6d5eb761947efb8511783",""
"0","0","0","baseline","a144eb1a4a89d4ac0912b187b851d7845716c7d8","f56ea4902f385955a8d2438bb306087ba3274848dddfdc36602d269392ab08c1","vectorPerformance","gaussian32","GPSS","4","1","427932","4000","500","Complete","0.1608101","3.88E-5","0.0610275","0.0997438","0.640625","0.004","138788","4000","15028.158264845573","15037.33690560915","9075.6220980371","1.0011653829278853","0.016607695975976222","0","3d0bccbf5e695e5e8a5d89fa29a1a353b231a8693474ffa5e1944f58eee51881",""
"0","0","0","baseline","a144eb1a4a89d4ac0912b187b851d7845716c7d8","f56ea4902f385955a8d2438bb306087ba3274848dddfdc36602d269392ab08c1","vectorPerformance","gaussian32","GPSS","4","2","435851","4000","500","Complete","0.1562652","4.0E-5","0.061467","0.0947582","0.625","0.002","138703","4000","14933.892470949851","14950.607747787408","8635.192267898514","1.001735370997425","0.021490044822388643","0","603bdfe20f551e62d9c5fbc68e896eb978d3c40134ec7e7cbc17b062760b5957",""
"0","0","0","baseline","a144eb1a4a89d4ac0912b187b851d7845716c7d8","f56ea4902f385955a8d2438bb306087ba3274848dddfdc36602d269392ab08c1","vectorPerformance","gaussian32","GPSS","4","3","443770","4000","500","Complete","0.1580529","4.08E-5","0.0617898","0.0962223","0.640625","0.005","138777","4000","15223.671841621832","15221.605805391002","9210.378340418303","1.0015395267295784","0.016172276604625724","0","2ead94f9fc645301334f7309cfcc4f5b6e54cfdca48deed2f7e56fe38456b29a",""
"0","0","0","baseline","a144eb1a4a89d4ac0912b187b851d7845716c7d8","f56ea4902f385955a8d2438bb306087ba3274848dddfdc36602d269392ab08c1","vectorPerformance","gaussian32","GPSS","4","4","451689","4000","500","Complete","0.1631373","4.03E-5","0.0625516","0.1005454","0.59375","0.005","138750","4000","14345.553258947568","14342.778169951296","8945.28266108745","1.0011866456042022","0.01864774016529802","0","d4278b864a0c0454d1730a6de2433aebfa0ebf5de90d82ef8563be3b95ce2d1a",""
"0","0","0","baseline","a144eb1a4a89d4ac0912b187b851d7845716c7d8","f56ea4902f385955a8d2438bb306087ba3274848dddfdc36602d269392ab08c1","vectorPerformance","gaussian32","Quantile","1","-2","404175","4000","500","Complete","0.7401302","3.03E-5","0.4087465","0.3313534","0.765625","0.012","1753214","4000","15219.008327321226","15213.744919585897","12194.607218487616","1.0007110848254097","0.01623649007724448","0","cecc6b4fda00565adaade6079bd9a81eec1cb5425a7364f3a4652f8f1fe688e7",""
"0","0","0","baseline","a144eb1a4a89d4ac0912b187b851d7845716c7d8","f56ea4902f385955a8d2438bb306087ba3274848dddfdc36602d269392ab08c1","vectorPerformance","gaussian32","Quantile","1","-1","412094","4000","500","Complete","0.751778","2.96E-5","0.4206506","0.3310978","0.75","0.011","1754500","4000","14374.340793710559","14390.679914776822","12593.727427588436","1.0005481375625007","0.020322296447435884","0","710b12b4b32c1d00e33cda313ee3aca4afb06968f65bf5b1d672fd6109f4f43f",""
"0","0","0","baseline","a144eb1a4a89d4ac0912b187b851d7845716c7d8","f56ea4902f385955a8d2438bb306087ba3274848dddfdc36602d269392ab08c1","vectorPerformance","gaussian32","Quantile","1","0","420013","4000","500","Complete","0.7527111","2.99E-5","0.416073","0.3366082","1.078125","0.015","1751135","4000","14804.415700401843","14796.384417892554","11674.348877600554","1.0004842070731996","0.017149474216242355","0","7163a65543816d08a23c844d2762c1967e2f734b4748129ec7bdf89e140df8b4",""
"0","0","0","baseline","a144eb1a4a89d4ac0912b187b851d7845716c7d8","f56ea4902f385955a8d2438bb306087ba3274848dddfdc36602d269392ab08c1","vectorPerformance","gaussian32","Quantile","1","1","427932","4000","500","Complete","0.7476861","3.38E-5","0.4177411","0.3299112","0.75","0.01","1751119","4000","15119.429112419593","15129.482098788952","12424.352542458728","1.000588248721186","0.024238503591598903","0","e468486f9c3bce272356b47328af805b6315b0ce0dcec0ba389ad1cc6e773090",""
"0","0","0","baseline","a144eb1a4a89d4ac0912b187b851d7845716c7d8","f56ea4902f385955a8d2438bb306087ba3274848dddfdc36602d269392ab08c1","vectorPerformance","gaussian32","Quantile","1","2","435851","4000","500","Complete","0.7520361","4.38E-5","0.4227678","0.3292245","0.75","0.011","1754043","4000","14654.09636813213","14648.796726473445","11630.775114295944","1.0006045524861327","0.019982935899345466","0","f17849dd0d6937ddb28ce5136301623e9a5b8e9dd4ad54fb96a198cfdc5f0c6a",""
"0","0","0","baseline","a144eb1a4a89d4ac0912b187b851d7845716c7d8","f56ea4902f385955a8d2438bb306087ba3274848dddfdc36602d269392ab08c1","vectorPerformance","gaussian32","Quantile","1","3","443770","4000","500","Complete","0.7520246","3.04E-5","0.4219639","0.3300303","1.4375","0.012","1754067","4000","14670.955292689816","14672.094230083088","12113.52110906072","1.0003997605716526","0.012117200485737945","0","8d191d73493e7fb3ede8cea18ccac7e017f7700706ef9c9f8b699e07b2804d14",""
"0","0","0","baseline","a144eb1a4a89d4ac0912b187b851d7845716c7d8","f56ea4902f385955a8d2438bb306087ba3274848dddfdc36602d269392ab08c1","vectorPerformance","gaussian32","Quantile","1","4","451689","4000","500","Complete","0.7467075","2.89E-5","0.4155037","0.3311749","0.828125","0.013","1751661","4000","14424.859583462046","14417.997752939862","12128.296452895833","1.0007982696988702","0.02835365482901797","0","b8ea3b62393883b214271958061a644368686dc583e5f2e33e5eafdc7a65f17e",""
"0","0","0","baseline","a144eb1a4a89d4ac0912b187b851d7845716c7d8","f56ea4902f385955a8d2438bb306087ba3274848dddfdc36602d269392ab08c1","vectorPerformance","gaussian32","Quantile","2","-2","404175","4000","500","Complete","0.4969479","3.98E-5","0.3206967","0.1762114","1.3125","0.012","1753214","4000","15219.008327321226","15213.744919585897","12194.607218487616","1.0007110848254097","0.01623649007724448","0","cecc6b4fda00565adaade6079bd9a81eec1cb5425a7364f3a4652f8f1fe688e7",""
"0","0","0","baseline","a144eb1a4a89d4ac0912b187b851d7845716c7d8","f56ea4902f385955a8d2438bb306087ba3274848dddfdc36602d269392ab08c1","vectorPerformance","gaussian32","Quantile","2","-1","412094","4000","500","Complete","0.4915663","2.97E-5","0.3196475","0.1718891","1.328125","0.01","1754500","4000","14374.340793710559","14390.679914776822","12593.727427588436","1.0005481375625007","0.020322296447435884","0","710b12b4b32c1d00e33cda313ee3aca4afb06968f65bf5b1d672fd6109f4f43f",""
"0","0","0","baseline","a144eb1a4a89d4ac0912b187b851d7845716c7d8","f56ea4902f385955a8d2438bb306087ba3274848dddfdc36602d269392ab08c1","vectorPerformance","gaussian32","Quantile","2","0","420013","4000","500","Complete","0.4891751","3.03E-5","0.3172916","0.1718532","1.28125","0.011","1751135","4000","14804.415700401843","14796.384417892554","11674.348877600554","1.0004842070731996","0.017149474216242355","0","7163a65543816d08a23c844d2762c1967e2f734b4748129ec7bdf89e140df8b4",""
"0","0","0","baseline","a144eb1a4a89d4ac0912b187b851d7845716c7d8","f56ea4902f385955a8d2438bb306087ba3274848dddfdc36602d269392ab08c1","vectorPerformance","gaussian32","Quantile","2","1","427932","4000","500","Complete","0.4902575","4.24E-5","0.3162803","0.1739348","0.984375","0.011","1751119","4000","15119.429112419593","15129.482098788952","12424.352542458728","1.000588248721186","0.024238503591598903","0","e468486f9c3bce272356b47328af805b6315b0ce0dcec0ba389ad1cc6e773090",""
"0","0","0","baseline","a144eb1a4a89d4ac0912b187b851d7845716c7d8","f56ea4902f385955a8d2438bb306087ba3274848dddfdc36602d269392ab08c1","vectorPerformance","gaussian32","Quantile","2","2","435851","4000","500","Complete","0.4915721","3.06E-5","0.3194222","0.1721193","1.34375","0.012","1754043","4000","14654.09636813213","14648.796726473445","11630.775114295944","1.0006045524861327","0.019982935899345466","0","f17849dd0d6937ddb28ce5136301623e9a5b8e9dd4ad54fb96a198cfdc5f0c6a",""
"0","0","0","baseline","a144eb1a4a89d4ac0912b187b851d7845716c7d8","f56ea4902f385955a8d2438bb306087ba3274848dddfdc36602d269392ab08c1","vectorPerformance","gaussian32","Quantile","2","3","443770","4000","500","Complete","0.4966176","2.94E-5","0.3279917","0.1685965","0.984375","0.011","1754067","4000","14670.955292689816","14672.094230083088","12113.52110906072","1.0003997605716526","0.012117200485737945","0","8d191d73493e7fb3ede8cea18ccac7e017f7700706ef9c9f8b699e07b2804d14",""
"0","0","0","baseline","a144eb1a4a89d4ac0912b187b851d7845716c7d8","f56ea4902f385955a8d2438bb306087ba3274848dddfdc36602d269392ab08c1","vectorPerformance","gaussian32","Quantile","2","4","451689","4000","500","Complete","0.4953989","5.27E-5","0.3274507","0.1678955","1.0","0.01","1751661","4000","14424.859583462046","14417.997752939862","12128.296452895833","1.0007982696988702","0.02835365482901797","0","b8ea3b62393883b214271958061a644368686dc583e5f2e33e5eafdc7a65f17e",""
"0","0","0","baseline","a144eb1a4a89d4ac0912b187b851d7845716c7d8","f56ea4902f385955a8d2438bb306087ba3274848dddfdc36602d269392ab08c1","vectorPerformance","gaussian32","Quantile","4","-2","404175","4000","500","Complete","0.4170763","5.86E-5","0.3168794","0.1001383","1.984375","0.014","1753214","4000","15219.008327321226","15213.744919585897","12194.607218487616","1.0007110848254097","0.01623649007724448","0","cecc6b4fda00565adaade6079bd9a81eec1cb5425a7364f3a4652f8f1fe688e7",""
"0","0","0","baseline","a144eb1a4a89d4ac0912b187b851d7845716c7d8","f56ea4902f385955a8d2438bb306087ba3274848dddfdc36602d269392ab08c1","vectorPerformance","gaussian32","Quantile","4","-1","412094","4000","500","Complete","0.4233388","2.96E-5","0.3239332","0.099376","1.953125","0.014","1754500","4000","14374.340793710559","14390.679914776822","12593.727427588436","1.0005481375625007","0.020322296447435884","0","710b12b4b32c1d00e33cda313ee3aca4afb06968f65bf5b1d672fd6109f4f43f",""
"0","0","0","baseline","a144eb1a4a89d4ac0912b187b851d7845716c7d8","f56ea4902f385955a8d2438bb306087ba3274848dddfdc36602d269392ab08c1","vectorPerformance","gaussian32","Quantile","4","0","420013","4000","500","Complete","0.4167486","3.03E-5","0.3207851","0.0959332","1.6875","0.011","1751135","4000","14804.415700401843","14796.384417892554","11674.348877600554","1.0004842070731996","0.017149474216242355","0","7163a65543816d08a23c844d2762c1967e2f734b4748129ec7bdf89e140df8b4",""
"0","0","0","baseline","a144eb1a4a89d4ac0912b187b851d7845716c7d8","f56ea4902f385955a8d2438bb306087ba3274848dddfdc36602d269392ab08c1","vectorPerformance","gaussian32","Quantile","4","1","427932","4000","500","Complete","0.4157038","5.24E-5","0.3176289","0.0980225","1.640625","0.013","1751119","4000","15119.429112419593","15129.482098788952","12424.352542458728","1.000588248721186","0.024238503591598903","0","e468486f9c3bce272356b47328af805b6315b0ce0dcec0ba389ad1cc6e773090",""
"0","0","0","baseline","a144eb1a4a89d4ac0912b187b851d7845716c7d8","f56ea4902f385955a8d2438bb306087ba3274848dddfdc36602d269392ab08c1","vectorPerformance","gaussian32","Quantile","4","2","435851","4000","500","Complete","0.4143709","2.85E-5","0.3211327","0.0932097","1.921875","0.01","1754043","4000","14654.09636813213","14648.796726473445","11630.775114295944","1.0006045524861327","0.019982935899345466","0","f17849dd0d6937ddb28ce5136301623e9a5b8e9dd4ad54fb96a198cfdc5f0c6a",""
"0","0","0","baseline","a144eb1a4a89d4ac0912b187b851d7845716c7d8","f56ea4902f385955a8d2438bb306087ba3274848dddfdc36602d269392ab08c1","vectorPerformance","gaussian32","Quantile","4","3","443770","4000","500","Complete","0.4190186","3.04E-5","0.3168892","0.102099","1.640625","0.013","1754067","4000","14670.955292689816","14672.094230083088","12113.52110906072","1.0003997605716526","0.012117200485737945","0","8d191d73493e7fb3ede8cea18ccac7e017f7700706ef9c9f8b699e07b2804d14",""
"0","0","0","baseline","a144eb1a4a89d4ac0912b187b851d7845716c7d8","f56ea4902f385955a8d2438bb306087ba3274848dddfdc36602d269392ab08c1","vectorPerformance","gaussian32","Quantile","4","4","451689","4000","500","Complete","0.4195182","3.03E-5","0.3229779","0.09651","1.953125","0.013","1751661","4000","14424.859583462046","14417.997752939862","12128.296452895833","1.0007982696988702","0.02835365482901797","0","b8ea3b62393883b214271958061a644368686dc583e5f2e33e5eafdc7a65f17e",""
"0","0","0","baseline","a144eb1a4a89d4ac0912b187b851d7845716c7d8","f56ea4902f385955a8d2438bb306087ba3274848dddfdc36602d269392ab08c1","vectorPerformance","gaussian8","GPSS","1","-2","404175","4000","500","Complete","0.1343394","4.61E-5","0.0343403","0.099953","0.203125","0.002","138018","4000","15549.340111147894","15536.369070524215","11710.881022750353","1.000693382204123","0.020280809809882006","0","e7f255a3304bc6df3dfbc4384cc42f0a14e097b21ea85d7dfdd0891304dccc86",""
"0","0","0","baseline","a144eb1a4a89d4ac0912b187b851d7845716c7d8","f56ea4902f385955a8d2438bb306087ba3274848dddfdc36602d269392ab08c1","vectorPerformance","gaussian8","GPSS","1","-1","412094","4000","500","Complete","0.1316016","4.12E-5","0.0349826","0.0965778","0.15625","0.002","138132","4000","15263.81484653245","15291.911844531342","11216.22139798599","1.0004803178957116","0.014392603577789376","0","e114ddce1fe3e8b5caed48fc0365aca0d32bd35e94363aa001d7324d00935224",""
"0","0","0","baseline","a144eb1a4a89d4ac0912b187b851d7845716c7d8","f56ea4902f385955a8d2438bb306087ba3274848dddfdc36602d269392ab08c1","vectorPerformance","gaussian8","GPSS","1","0","420013","4000","500","Complete","0.1210538","4.03E-5","0.030299","0.0907145","0.46875","0.002","138323","4000","15080.473776226881","15096.77911576306","11062.432005908491","1.0006149641210862","0.012458863431772271","0","2a91e22981ec396c3eca9414af3d6ac63570dc29437cdd4bdc3eb6a8db475fa2",""
"0","0","0","baseline","a144eb1a4a89d4ac0912b187b851d7845716c7d8","f56ea4902f385955a8d2438bb306087ba3274848dddfdc36602d269392ab08c1","vectorPerformance","gaussian8","GPSS","1","1","427932","4000","500","Complete","0.1230465","3.77E-5","0.0265104","0.0964984","0.125","0.0","138154","4000","15134.6012276361","15136.078376941558","11308.922646882544","1.0009404579967858","0.013454526579750548","0","045e36a427e6332b3973cb5a7bed2c41034d4baa3241673dfea554f81e693a14",""
"0","0","0","baseline","a144eb1a4a89d4ac0912b187b851d7845716c7d8","f56ea4902f385955a8d2438bb306087ba3274848dddfdc36602d269392ab08c1","vectorPerformance","gaussian8","GPSS","1","2","435851","4000","500","Complete","0.1197973","3.54E-5","0.0263597","0.0934022","0.125","0.0","137988","4000","14363.080320209516","14344.664435137216","11161.859788330772","1.0004963309089212","0.01645570173683253","0","282eaef783cfb8138f0fbaa41141a7646474130935f10820d7fcdc9d6a1e24c0",""
"0","0","0","baseline","a144eb1a4a89d4ac0912b187b851d7845716c7d8","f56ea4902f385955a8d2438bb306087ba3274848dddfdc36602d269392ab08c1","vectorPerformance","gaussian8","GPSS","1","3","443770","4000","500","Complete","0.1190094","3.78E-5","0.0266081","0.0923635","0.125","0.0","138055","4000","15045.50132933249","15019.431343943274","10767.592734371476","1.0010260647907836","0.018113200227977133","0","6f88cd3290902ed4688e28521e20205fca8afb18c6e4fe2e6e0de9c4e7e0a62c",""
"0","0","0","baseline","a144eb1a4a89d4ac0912b187b851d7845716c7d8","f56ea4902f385955a8d2438bb306087ba3274848dddfdc36602d269392ab08c1","vectorPerformance","gaussian8","GPSS","1","4","451689","4000","500","Complete","0.1181981","5.01E-5","0.0265943","0.0915537","0.3125","0.002","138188","4000","15603.053005275411","15621.61943123139","10677.483456214122","1.0007920020096437","0.014172913039023793","0","3703a943973521b658002c1d1edb8b4dcddac3550850573cac7499aba83dbaac",""
"0","0","0","baseline","a144eb1a4a89d4ac0912b187b851d7845716c7d8","f56ea4902f385955a8d2438bb306087ba3274848dddfdc36602d269392ab08c1","vectorPerformance","gaussian8","GPSS","2","-2","404175","4000","500","Complete","0.2839656","0.0062107","0.0799326","0.1978223","1.421875","0.003","138018","4000","15549.340111147894","15536.369070524215","11710.881022750353","1.000693382204123","0.020280809809882006","0","e7f255a3304bc6df3dfbc4384cc42f0a14e097b21ea85d7dfdd0891304dccc86",""
"0","0","0","baseline","a144eb1a4a89d4ac0912b187b851d7845716c7d8","f56ea4902f385955a8d2438bb306087ba3274848dddfdc36602d269392ab08c1","vectorPerformance","gaussian8","GPSS","2","-1","412094","4000","500","Complete","0.0712525","4.19E-5","0.0181565","0.0530541","0.15625","0.0","138132","4000","15263.81484653245","15291.911844531342","11216.22139798599","1.0004803178957116","0.014392603577789376","0","e114ddce1fe3e8b5caed48fc0365aca0d32bd35e94363aa001d7324d00935224",""
"0","0","0","baseline","a144eb1a4a89d4ac0912b187b851d7845716c7d8","f56ea4902f385955a8d2438bb306087ba3274848dddfdc36602d269392ab08c1","vectorPerformance","gaussian8","GPSS","2","0","420013","4000","500","Complete","0.0694973","8.61E-5","0.0188339","0.0505773","0.140625","0.0","138323","4000","15080.473776226881","15096.77911576306","11062.432005908491","1.0006149641210862","0.012458863431772271","0","2a91e22981ec396c3eca9414af3d6ac63570dc29437cdd4bdc3eb6a8db475fa2",""
"0","0","0","baseline","a144eb1a4a89d4ac0912b187b851d7845716c7d8","f56ea4902f385955a8d2438bb306087ba3274848dddfdc36602d269392ab08c1","vectorPerformance","gaussian8","GPSS","2","1","427932","4000","500","Complete","0.0663319","3.63E-5","0.0181004","0.0481952","0.125","0.0","138154","4000","15134.6012276361","15136.078376941558","11308.922646882544","1.0009404579967858","0.013454526579750548","0","045e36a427e6332b3973cb5a7bed2c41034d4baa3241673dfea554f81e693a14",""
"0","0","0","baseline","a144eb1a4a89d4ac0912b187b851d7845716c7d8","f56ea4902f385955a8d2438bb306087ba3274848dddfdc36602d269392ab08c1","vectorPerformance","gaussian8","GPSS","2","2","435851","4000","500","Complete","0.0661635","3.89E-5","0.0202289","0.0458957","0.140625","0.002","137988","4000","14363.080320209516","14344.664435137216","11161.859788330772","1.0004963309089212","0.01645570173683253","0","282eaef783cfb8138f0fbaa41141a7646474130935f10820d7fcdc9d6a1e24c0",""
"0","0","0","baseline","a144eb1a4a89d4ac0912b187b851d7845716c7d8","f56ea4902f385955a8d2438bb306087ba3274848dddfdc36602d269392ab08c1","vectorPerformance","gaussian8","GPSS","2","3","443770","4000","500","Complete","0.0662468","1.371E-4","0.0211074","0.0450023","0.140625","0.003","138055","4000","15045.50132933249","15019.431343943274","10767.592734371476","1.0010260647907836","0.018113200227977133","0","6f88cd3290902ed4688e28521e20205fca8afb18c6e4fe2e6e0de9c4e7e0a62c",""
"0","0","0","baseline","a144eb1a4a89d4ac0912b187b851d7845716c7d8","f56ea4902f385955a8d2438bb306087ba3274848dddfdc36602d269392ab08c1","vectorPerformance","gaussian8","GPSS","2","4","451689","4000","500","Complete","0.0669182","3.67E-5","0.0180393","0.0488422","0.140625","0.002","138188","4000","15603.053005275411","15621.61943123139","10677.483456214122","1.0007920020096437","0.014172913039023793","0","3703a943973521b658002c1d1edb8b4dcddac3550850573cac7499aba83dbaac",""
"0","0","0","baseline","a144eb1a4a89d4ac0912b187b851d7845716c7d8","f56ea4902f385955a8d2438bb306087ba3274848dddfdc36602d269392ab08c1","vectorPerformance","gaussian8","GPSS","4","-2","404175","4000","500","Complete","0.0582699","1.73E-4","0.0249994","0.0330975","0.328125","0.0","138018","4000","15549.340111147894","15536.369070524215","11710.881022750353","1.000693382204123","0.020280809809882006","0","e7f255a3304bc6df3dfbc4384cc42f0a14e097b21ea85d7dfdd0891304dccc86",""
"0","0","0","baseline","a144eb1a4a89d4ac0912b187b851d7845716c7d8","f56ea4902f385955a8d2438bb306087ba3274848dddfdc36602d269392ab08c1","vectorPerformance","gaussian8","GPSS","4","-1","412094","4000","500","Complete","0.0480227","5.26E-5","0.0185059","0.0294642","0.21875","0.0","138132","4000","15263.81484653245","15291.911844531342","11216.22139798599","1.0004803178957116","0.014392603577789376","0","e114ddce1fe3e8b5caed48fc0365aca0d32bd35e94363aa001d7324d00935224",""
"0","0","0","baseline","a144eb1a4a89d4ac0912b187b851d7845716c7d8","f56ea4902f385955a8d2438bb306087ba3274848dddfdc36602d269392ab08c1","vectorPerformance","gaussian8","GPSS","4","0","420013","4000","500","Complete","0.0480868","4.43E-5","0.0198424","0.0282001","0.265625","0.003","138323","4000","15080.473776226881","15096.77911576306","11062.432005908491","1.0006149641210862","0.012458863431772271","0","2a91e22981ec396c3eca9414af3d6ac63570dc29437cdd4bdc3eb6a8db475fa2",""
"0","0","0","baseline","a144eb1a4a89d4ac0912b187b851d7845716c7d8","f56ea4902f385955a8d2438bb306087ba3274848dddfdc36602d269392ab08c1","vectorPerformance","gaussian8","GPSS","4","1","427932","4000","500","Complete","0.0482213","3.62E-5","0.0204405","0.0277446","0.1875","0.002","138154","4000","15134.6012276361","15136.078376941558","11308.922646882544","1.0009404579967858","0.013454526579750548","0","045e36a427e6332b3973cb5a7bed2c41034d4baa3241673dfea554f81e693a14",""
"0","0","0","baseline","a144eb1a4a89d4ac0912b187b851d7845716c7d8","f56ea4902f385955a8d2438bb306087ba3274848dddfdc36602d269392ab08c1","vectorPerformance","gaussian8","GPSS","4","2","435851","4000","500","Complete","0.048123","4.39E-5","0.020304","0.0277751","0.1875","0.002","137988","4000","14363.080320209516","14344.664435137216","11161.859788330772","1.0004963309089212","0.01645570173683253","0","282eaef783cfb8138f0fbaa41141a7646474130935f10820d7fcdc9d6a1e24c0",""
"0","0","0","baseline","a144eb1a4a89d4ac0912b187b851d7845716c7d8","f56ea4902f385955a8d2438bb306087ba3274848dddfdc36602d269392ab08c1","vectorPerformance","gaussian8","GPSS","4","3","443770","4000","500","Complete","0.0475374","3.69E-5","0.0188461","0.0286544","0.1875","0.0","138055","4000","15045.50132933249","15019.431343943274","10767.592734371476","1.0010260647907836","0.018113200227977133","0","6f88cd3290902ed4688e28521e20205fca8afb18c6e4fe2e6e0de9c4e7e0a62c",""
"0","0","0","baseline","a144eb1a4a89d4ac0912b187b851d7845716c7d8","f56ea4902f385955a8d2438bb306087ba3274848dddfdc36602d269392ab08c1","vectorPerformance","gaussian8","GPSS","4","4","451689","4000","500","Complete","0.0481179","5.7E-5","0.0192692","0.0287917","0.21875","0.0","138188","4000","15603.053005275411","15621.61943123139","10677.483456214122","1.0007920020096437","0.014172913039023793","0","3703a943973521b658002c1d1edb8b4dcddac3550850573cac7499aba83dbaac",""
"0","0","0","baseline","a144eb1a4a89d4ac0912b187b851d7845716c7d8","f56ea4902f385955a8d2438bb306087ba3274848dddfdc36602d269392ab08c1","vectorPerformance","gaussian8","Quantile","1","-2","404175","4000","500","Complete","0.1256413","3.3E-5","0.0368664","0.0887419","0.171875","0.0","439383","4000","15133.633311857895","15137.149661571859","12640.232874183323","1.0002765119712598","0.010865777388695763","0","0a652ec86caa4b0878042a2ca27e4843b8fff440045e84ffe9040bbf18fc5c1b",""
"0","0","0","baseline","a144eb1a4a89d4ac0912b187b851d7845716c7d8","f56ea4902f385955a8d2438bb306087ba3274848dddfdc36602d269392ab08c1","vectorPerformance","gaussian8","Quantile","1","-1","412094","4000","500","Complete","0.1194994","3.36E-5","0.0355315","0.0839343","0.109375","0.0","438543","4000","15213.490906399908","15228.10660758392","12891.868030399028","1.0002543220506444","0.014962146800250764","0","22193da6e1ed5c7fb6bc482596a8cb09c08425673712be65ab0ebf58ef73f382",""
"0","0","0","baseline","a144eb1a4a89d4ac0912b187b851d7845716c7d8","f56ea4902f385955a8d2438bb306087ba3274848dddfdc36602d269392ab08c1","vectorPerformance","gaussian8","Quantile","1","0","420013","4000","500","Complete","0.1207729","3.83E-5","0.0360312","0.0847034","0.125","0.0","436956","4000","15387.214907747757","15383.41868425877","13280.050841973973","1.000488212672387","0.017862111392228958","0","1a2a7053039cbf9cd5227976b2ba660c8f0bbf84c10e94ae04c9c6d297fc0025",""
"0","0","0","baseline","a144eb1a4a89d4ac0912b187b851d7845716c7d8","f56ea4902f385955a8d2438bb306087ba3274848dddfdc36602d269392ab08c1","vectorPerformance","gaussian8","Quantile","1","1","427932","4000","500","Complete","0.1228135","3.29E-5","0.0362138","0.0865668","0.234375","0.0","437269","4000","15727.934748036001","15719.464590581323","12902.625514015059","1.0004649152576137","0.012810490325706247","0","850de3d767de404b10a6234afa6ecc9c5dfdee0c4338411a0af3e46894e42ce3",""
"0","0","0","baseline","a144eb1a4a89d4ac0912b187b851d7845716c7d8","f56ea4902f385955a8d2438bb306087ba3274848dddfdc36602d269392ab08c1","vectorPerformance","gaussian8","Quantile","1","2","435851","4000","500","Complete","0.1194269","3.31E-5","0.0356572","0.0837366","0.140625","0.0","438008","4000","15126.989343371939","15133.471327879883","12471.355965872704","1.0004579804360567","0.01410791604282019","0","fd474ea7f77c91f336f3664000c5dec28946aab4fd9917ca2fd5c066ad7e03df",""
"0","0","0","baseline","a144eb1a4a89d4ac0912b187b851d7845716c7d8","f56ea4902f385955a8d2438bb306087ba3274848dddfdc36602d269392ab08c1","vectorPerformance","gaussian8","Quantile","1","3","443770","4000","500","Complete","0.1219502","3.07E-5","0.035603","0.0863165","0.109375","0.002","438134","4000","14783.95134310092","14781.603964607304","13183.37761680062","1.0005441549460146","0.009381500096846795","0","f5d860d8f1c8c55386f06f23faad6b9f8df1541a619040c2f28698d0813a5f75",""
"0","0","0","baseline","a144eb1a4a89d4ac0912b187b851d7845716c7d8","f56ea4902f385955a8d2438bb306087ba3274848dddfdc36602d269392ab08c1","vectorPerformance","gaussian8","Quantile","1","4","451689","4000","500","Complete","0.1187886","4.21E-5","0.0354164","0.0833301","0.109375","0.0","437868","4000","14884.121074739518","14909.092385573675","12538.608584974128","1.0004648391967559","0.02587550455561438","0","f5667ee456b1d3d2b0c42c8460f2481029f27806732e9bf75dd56271a0628822",""
"0","0","0","baseline","a144eb1a4a89d4ac0912b187b851d7845716c7d8","f56ea4902f385955a8d2438bb306087ba3274848dddfdc36602d269392ab08c1","vectorPerformance","gaussian8","Quantile","2","-2","404175","4000","500","Complete","0.0978484","3.62E-5","0.0451374","0.0526748","0.296875","0.0","439383","4000","15133.633311857895","15137.149661571859","12640.232874183323","1.0002765119712598","0.010865777388695763","0","0a652ec86caa4b0878042a2ca27e4843b8fff440045e84ffe9040bbf18fc5c1b",""
"0","0","0","baseline","a144eb1a4a89d4ac0912b187b851d7845716c7d8","f56ea4902f385955a8d2438bb306087ba3274848dddfdc36602d269392ab08c1","vectorPerformance","gaussian8","Quantile","2","-1","412094","4000","500","Complete","0.0693962","3.48E-5","0.0253573","0.0440041","0.125","0.003","438543","4000","15213.490906399908","15228.10660758392","12891.868030399028","1.0002543220506444","0.014962146800250764","0","22193da6e1ed5c7fb6bc482596a8cb09c08425673712be65ab0ebf58ef73f382",""
"0","0","0","baseline","a144eb1a4a89d4ac0912b187b851d7845716c7d8","f56ea4902f385955a8d2438bb306087ba3274848dddfdc36602d269392ab08c1","vectorPerformance","gaussian8","Quantile","2","0","420013","4000","500","Complete","0.0683387","3.41E-5","0.0246519","0.0436527","0.15625","0.002","436956","4000","15387.214907747757","15383.41868425877","13280.050841973973","1.000488212672387","0.017862111392228958","0","1a2a7053039cbf9cd5227976b2ba660c8f0bbf84c10e94ae04c9c6d297fc0025",""
"0","0","0","baseline","a144eb1a4a89d4ac0912b187b851d7845716c7d8","f56ea4902f385955a8d2438bb306087ba3274848dddfdc36602d269392ab08c1","vectorPerformance","gaussian8","Quantile","2","1","427932","4000","500","Complete","0.0672687","3.52E-5","0.0233859","0.0438476","0.15625","0.0","437269","4000","15727.934748036001","15719.464590581323","12902.625514015059","1.0004649152576137","0.012810490325706247","0","850de3d767de404b10a6234afa6ecc9c5dfdee0c4338411a0af3e46894e42ce3",""
"0","0","0","baseline","a144eb1a4a89d4ac0912b187b851d7845716c7d8","f56ea4902f385955a8d2438bb306087ba3274848dddfdc36602d269392ab08c1","vectorPerformance","gaussian8","Quantile","2","2","435851","4000","500","Complete","0.0678921","3.29E-5","0.0240385","0.0438207","0.125","0.001","438008","4000","15126.989343371939","15133.471327879883","12471.355965872704","1.0004579804360567","0.01410791604282019","0","fd474ea7f77c91f336f3664000c5dec28946aab4fd9917ca2fd5c066ad7e03df",""
"0","0","0","baseline","a144eb1a4a89d4ac0912b187b851d7845716c7d8","f56ea4902f385955a8d2438bb306087ba3274848dddfdc36602d269392ab08c1","vectorPerformance","gaussian8","Quantile","2","3","443770","4000","500","Complete","0.0681923","3.24E-5","0.0233323","0.0448276","0.140625","0.0","438134","4000","14783.95134310092","14781.603964607304","13183.37761680062","1.0005441549460146","0.009381500096846795","0","f5d860d8f1c8c55386f06f23faad6b9f8df1541a619040c2f28698d0813a5f75",""
"0","0","0","baseline","a144eb1a4a89d4ac0912b187b851d7845716c7d8","f56ea4902f385955a8d2438bb306087ba3274848dddfdc36602d269392ab08c1","vectorPerformance","gaussian8","Quantile","2","4","451689","4000","500","Complete","0.0674635","4.72E-5","0.0228708","0.0445455","0.140625","0.0","437868","4000","14884.121074739518","14909.092385573675","12538.608584974128","1.0004648391967559","0.02587550455561438","0","f5667ee456b1d3d2b0c42c8460f2481029f27806732e9bf75dd56271a0628822",""
"0","0","0","baseline","a144eb1a4a89d4ac0912b187b851d7845716c7d8","f56ea4902f385955a8d2438bb306087ba3274848dddfdc36602d269392ab08c1","vectorPerformance","gaussian8","Quantile","4","-2","404175","4000","500","Complete","0.0511303","3.07E-5","0.0247105","0.0263891","0.203125","0.003","439383","4000","15133.633311857895","15137.149661571859","12640.232874183323","1.0002765119712598","0.010865777388695763","0","0a652ec86caa4b0878042a2ca27e4843b8fff440045e84ffe9040bbf18fc5c1b",""
"0","0","0","baseline","a144eb1a4a89d4ac0912b187b851d7845716c7d8","f56ea4902f385955a8d2438bb306087ba3274848dddfdc36602d269392ab08c1","vectorPerformance","gaussian8","Quantile","4","-1","412094","4000","500","Complete","0.0498091","3.3E-5","0.0242906","0.0254855","0.1875","0.002","438543","4000","15213.490906399908","15228.10660758392","12891.868030399028","1.0002543220506444","0.014962146800250764","0","22193da6e1ed5c7fb6bc482596a8cb09c08425673712be65ab0ebf58ef73f382",""
"0","0","0","baseline","a144eb1a4a89d4ac0912b187b851d7845716c7d8","f56ea4902f385955a8d2438bb306087ba3274848dddfdc36602d269392ab08c1","vectorPerformance","gaussian8","Quantile","4","0","420013","4000","500","Complete","0.0517079","3.14E-5","0.0228532","0.0288233","0.28125","0.003","436956","4000","15387.214907747757","15383.41868425877","13280.050841973973","1.000488212672387","0.017862111392228958","0","1a2a7053039cbf9cd5227976b2ba660c8f0bbf84c10e94ae04c9c6d297fc0025",""
"0","0","0","baseline","a144eb1a4a89d4ac0912b187b851d7845716c7d8","f56ea4902f385955a8d2438bb306087ba3274848dddfdc36602d269392ab08c1","vectorPerformance","gaussian8","Quantile","4","1","427932","4000","500","Complete","0.0490668","4.3E-5","0.0241273","0.0248965","0.28125","0.002","437269","4000","15727.934748036001","15719.464590581323","12902.625514015059","1.0004649152576137","0.012810490325706247","0","850de3d767de404b10a6234afa6ecc9c5dfdee0c4338411a0af3e46894e42ce3",""
"0","0","0","baseline","a144eb1a4a89d4ac0912b187b851d7845716c7d8","f56ea4902f385955a8d2438bb306087ba3274848dddfdc36602d269392ab08c1","vectorPerformance","gaussian8","Quantile","4","2","435851","4000","500","Complete","0.048935","3.51E-5","0.0237422","0.0251577","0.1875","0.002","438008","4000","15126.989343371939","15133.471327879883","12471.355965872704","1.0004579804360567","0.01410791604282019","0","fd474ea7f77c91f336f3664000c5dec28946aab4fd9917ca2fd5c066ad7e03df",""
"0","0","0","baseline","a144eb1a4a89d4ac0912b187b851d7845716c7d8","f56ea4902f385955a8d2438bb306087ba3274848dddfdc36602d269392ab08c1","vectorPerformance","gaussian8","Quantile","4","3","443770","4000","500","Complete","0.0484406","3.06E-5","0.0225086","0.0259014","0.203125","0.0","438134","4000","14783.95134310092","14781.603964607304","13183.37761680062","1.0005441549460146","0.009381500096846795","0","f5d860d8f1c8c55386f06f23faad6b9f8df1541a619040c2f28698d0813a5f75",""
"0","0","0","baseline","a144eb1a4a89d4ac0912b187b851d7845716c7d8","f56ea4902f385955a8d2438bb306087ba3274848dddfdc36602d269392ab08c1","vectorPerformance","gaussian8","Quantile","4","4","451689","4000","500","Complete","0.0486651","4.19E-5","0.0217824","0.0268408","0.1875","0.002","437868","4000","14884.121074739518","14909.092385573675","12538.608584974128","1.0004648391967559","0.02587550455561438","0","f5667ee456b1d3d2b0c42c8460f2481029f27806732e9bf75dd56271a0628822",""
"0","0","0","baseline","a144eb1a4a89d4ac0912b187b851d7845716c7d8","f56ea4902f385955a8d2438bb306087ba3274848dddfdc36602d269392ab08c1","vectorPerformance","likelihood8","GPSS","1","-2","404175","4000","500","Complete","0.1621058","1.467E-4","0.0796245","0.0823346","0.171875","0.002","113497","4000","15386.728000357793","15391.85127451405","11321.818924317045","1.000502564087113","0.005344596134197365","0","15875fc3ad457cd99d016931ae49e3b53ed50293a59b7331791ac43670de87bd",""
"0","0","0","baseline","a144eb1a4a89d4ac0912b187b851d7845716c7d8","f56ea4902f385955a8d2438bb306087ba3274848dddfdc36602d269392ab08c1","vectorPerformance","likelihood8","GPSS","1","-1","412094","4000","500","Complete","0.1600301","6.18E-5","0.0785105","0.0814578","0.171875","0.0","113672","4000","14515.066848005721","14590.130865412311","10903.103694208865","1.0008342935047612","0.005564436392907962","0","fc720f0e7fc6b705ca4b80ac8fe6515a0d286ae0520a978aef375e586c9db6bf",""
"0","0","0","baseline","a144eb1a4a89d4ac0912b187b851d7845716c7d8","f56ea4902f385955a8d2438bb306087ba3274848dddfdc36602d269392ab08c1","vectorPerformance","likelihood8","GPSS","1","0","420013","4000","500","Complete","0.1603824","5.95E-5","0.0791293","0.0811936","0.15625","0.0","113054","4000","15068.277084944693","15070.85887531968","10694.846310168503","1.0005601541440654","0.004181248674558491","0","8d6dc2b369fc062d17f4e1721fe9d8a199bcba9f600d8572402455c6c30b60fa",""
"0","0","0","baseline","a144eb1a4a89d4ac0912b187b851d7845716c7d8","f56ea4902f385955a8d2438bb306087ba3274848dddfdc36602d269392ab08c1","vectorPerformance","likelihood8","GPSS","1","1","427932","4000","500","Complete","0.1611132","5.61E-5","0.0795936","0.0814635","0.171875","0.0","113472","4000","15069.243223748383","15055.059231076986","10322.707096463675","1.0013248567157627","0.005340326134526563","0","38e3adbbae621e7ad84a1cb5d7d2f248aeb925e3eea6b59badd3e9bb967ca792",""
"0","0","0","baseline","a144eb1a4a89d4ac0912b187b851d7845716c7d8","f56ea4902f385955a8d2438bb306087ba3274848dddfdc36602d269392ab08c1","vectorPerformance","likelihood8","GPSS","1","2","435851","4000","500","Complete","0.1610547","5.1E-5","0.0789601","0.0820436","0.171875","0.0","113322","4000","15018.1283976014","15019.886701809703","11132.174688571149","1.000533090102839","0.005175852109189194","0","a1c97633734bbb43a66c525a225905cb612f427cd2600d3cc731158cc0011283",""
"0","0","0","baseline","a144eb1a4a89d4ac0912b187b851d7845716c7d8","f56ea4902f385955a8d2438bb306087ba3274848dddfdc36602d269392ab08c1","vectorPerformance","likelihood8","GPSS","1","3","443770","4000","500","Complete","0.1618835","4.96E-5","0.0799679","0.081866","0.15625","0.0","113541","4000","15504.177620932032","15516.176571089783","11070.759113858252","1.0005200177999494","0.0030179744349801974","0","10250d525acdf021423a78f0a10ef6caf57ce50e6525306305dda230dde4a3dd",""
"0","0","0","baseline","a144eb1a4a89d4ac0912b187b851d7845716c7d8","f56ea4902f385955a8d2438bb306087ba3274848dddfdc36602d269392ab08c1","vectorPerformance","likelihood8","GPSS","1","4","451689","4000","500","Complete","0.1614606","7.78E-5","0.0801152","0.0812676","0.171875","0.0","113652","4000","14785.194091889316","14779.730449941797","11297.287331686812","1.0008757668998252","0.004036703328069907","0","aeb7ca95e5af585230ca0add63518df7f82bcf74ed17b9d657a219f4e1b2d0f5",""
"0","0","0","baseline","a144eb1a4a89d4ac0912b187b851d7845716c7d8","f56ea4902f385955a8d2438bb306087ba3274848dddfdc36602d269392ab08c1","vectorPerformance","likelihood8","GPSS","2","-2","404175","4000","500","Complete","0.103041","0.0024836","0.0573268","0.0432306","0.375","0.0","113497","4000","15386.728000357793","15391.85127451405","11321.818924317045","1.000502564087113","0.005344596134197365","0","15875fc3ad457cd99d016931ae49e3b53ed50293a59b7331791ac43670de87bd",""
"0","0","0","baseline","a144eb1a4a89d4ac0912b187b851d7845716c7d8","f56ea4902f385955a8d2438bb306087ba3274848dddfdc36602d269392ab08c1","vectorPerformance","likelihood8","GPSS","2","-1","412094","4000","500","Complete","0.0846301","7.41E-5","0.0415793","0.0429767","0.15625","0.0","113672","4000","14515.066848005721","14590.130865412311","10903.103694208865","1.0008342935047612","0.005564436392907962","0","fc720f0e7fc6b705ca4b80ac8fe6515a0d286ae0520a978aef375e586c9db6bf",""
"0","0","0","baseline","a144eb1a4a89d4ac0912b187b851d7845716c7d8","f56ea4902f385955a8d2438bb306087ba3274848dddfdc36602d269392ab08c1","vectorPerformance","likelihood8","GPSS","2","0","420013","4000","500","Complete","0.0845764","9.33E-5","0.0413197","0.0431634","0.171875","0.0","113054","4000","15068.277084944693","15070.85887531968","10694.846310168503","1.0005601541440654","0.004181248674558491","0","8d6dc2b369fc062d17f4e1721fe9d8a199bcba9f600d8572402455c6c30b60fa",""
"0","0","0","baseline","a144eb1a4a89d4ac0912b187b851d7845716c7d8","f56ea4902f385955a8d2438bb306087ba3274848dddfdc36602d269392ab08c1","vectorPerformance","likelihood8","GPSS","2","1","427932","4000","500","Complete","0.0866811","5.45E-5","0.0424935","0.0441331","0.1875","0.001","113472","4000","15069.243223748383","15055.059231076986","10322.707096463675","1.0013248567157627","0.005340326134526563","0","38e3adbbae621e7ad84a1cb5d7d2f248aeb925e3eea6b59badd3e9bb967ca792",""
"0","0","0","baseline","a144eb1a4a89d4ac0912b187b851d7845716c7d8","f56ea4902f385955a8d2438bb306087ba3274848dddfdc36602d269392ab08c1","vectorPerformance","likelihood8","GPSS","2","2","435851","4000","500","Complete","0.0848198","5.15E-5","0.0416708","0.0430975","0.140625","0.001","113322","4000","15018.1283976014","15019.886701809703","11132.174688571149","1.000533090102839","0.005175852109189194","0","a1c97633734bbb43a66c525a225905cb612f427cd2600d3cc731158cc0011283",""
"0","0","0","baseline","a144eb1a4a89d4ac0912b187b851d7845716c7d8","f56ea4902f385955a8d2438bb306087ba3274848dddfdc36602d269392ab08c1","vectorPerformance","likelihood8","GPSS","2","3","443770","4000","500","Complete","0.0899746","5.57E-5","0.04255","0.0473689","0.28125","0.001","113541","4000","15504.177620932032","15516.176571089783","11070.759113858252","1.0005200177999494","0.0030179744349801974","0","10250d525acdf021423a78f0a10ef6caf57ce50e6525306305dda230dde4a3dd",""
"0","0","0","baseline","a144eb1a4a89d4ac0912b187b851d7845716c7d8","f56ea4902f385955a8d2438bb306087ba3274848dddfdc36602d269392ab08c1","vectorPerformance","likelihood8","GPSS","2","4","451689","4000","500","Complete","0.0852412","5.13E-5","0.0419551","0.0432348","0.171875","0.0","113652","4000","14785.194091889316","14779.730449941797","11297.287331686812","1.0008757668998252","0.004036703328069907","0","aeb7ca95e5af585230ca0add63518df7f82bcf74ed17b9d657a219f4e1b2d0f5",""
"0","0","0","baseline","a144eb1a4a89d4ac0912b187b851d7845716c7d8","f56ea4902f385955a8d2438bb306087ba3274848dddfdc36602d269392ab08c1","vectorPerformance","likelihood8","GPSS","4","-2","404175","4000","500","Complete","0.0492222","1.384E-4","0.0237433","0.0253405","0.1875","0.0","113497","4000","15386.728000357793","15391.85127451405","11321.818924317045","1.000502564087113","0.005344596134197365","0","15875fc3ad457cd99d016931ae49e3b53ed50293a59b7331791ac43670de87bd",""
"0","0","0","baseline","a144eb1a4a89d4ac0912b187b851d7845716c7d8","f56ea4902f385955a8d2438bb306087ba3274848dddfdc36602d269392ab08c1","vectorPerformance","likelihood8","GPSS","4","-1","412094","4000","500","Complete","0.0494954","5.82E-5","0.0249679","0.0244693","0.1875","0.001","113672","4000","14515.066848005721","14590.130865412311","10903.103694208865","1.0008342935047612","0.005564436392907962","0","fc720f0e7fc6b705ca4b80ac8fe6515a0d286ae0520a978aef375e586c9db6bf",""
"0","0","0","baseline","a144eb1a4a89d4ac0912b187b851d7845716c7d8","f56ea4902f385955a8d2438bb306087ba3274848dddfdc36602d269392ab08c1","vectorPerformance","likelihood8","GPSS","4","0","420013","4000","500","Complete","0.050071","8.61E-5","0.0255286","0.0244563","0.1875","0.001","113054","4000","15068.277084944693","15070.85887531968","10694.846310168503","1.0005601541440654","0.004181248674558491","0","8d6dc2b369fc062d17f4e1721fe9d8a199bcba9f600d8572402455c6c30b60fa",""
"0","0","0","baseline","a144eb1a4a89d4ac0912b187b851d7845716c7d8","f56ea4902f385955a8d2438bb306087ba3274848dddfdc36602d269392ab08c1","vectorPerformance","likelihood8","GPSS","4","1","427932","4000","500","Complete","0.0482454","4.88E-5","0.0235262","0.0246704","0.1875","0.0","113472","4000","15069.243223748383","15055.059231076986","10322.707096463675","1.0013248567157627","0.005340326134526563","0","38e3adbbae621e7ad84a1cb5d7d2f248aeb925e3eea6b59badd3e9bb967ca792",""
"0","0","0","baseline","a144eb1a4a89d4ac0912b187b851d7845716c7d8","f56ea4902f385955a8d2438bb306087ba3274848dddfdc36602d269392ab08c1","vectorPerformance","likelihood8","GPSS","4","2","435851","4000","500","Complete","0.0507955","5.49E-5","0.0250944","0.0256462","0.1875","0.0","113322","4000","15018.1283976014","15019.886701809703","11132.174688571149","1.000533090102839","0.005175852109189194","0","a1c97633734bbb43a66c525a225905cb612f427cd2600d3cc731158cc0011283",""
"0","0","0","baseline","a144eb1a4a89d4ac0912b187b851d7845716c7d8","f56ea4902f385955a8d2438bb306087ba3274848dddfdc36602d269392ab08c1","vectorPerformance","likelihood8","GPSS","4","3","443770","4000","500","Complete","0.0494479","4.91E-5","0.0250861","0.0243127","0.1875","0.0","113541","4000","15504.177620932032","15516.176571089783","11070.759113858252","1.0005200177999494","0.0030179744349801974","0","10250d525acdf021423a78f0a10ef6caf57ce50e6525306305dda230dde4a3dd",""
"0","0","0","baseline","a144eb1a4a89d4ac0912b187b851d7845716c7d8","f56ea4902f385955a8d2438bb306087ba3274848dddfdc36602d269392ab08c1","vectorPerformance","likelihood8","GPSS","4","4","451689","4000","500","Complete","0.050529","5.07E-5","0.0240957","0.0263826","0.1875","0.002","113652","4000","14785.194091889316","14779.730449941797","11297.287331686812","1.0008757668998252","0.004036703328069907","0","aeb7ca95e5af585230ca0add63518df7f82bcf74ed17b9d657a219f4e1b2d0f5",""
"0","0","0","baseline","a144eb1a4a89d4ac0912b187b851d7845716c7d8","f56ea4902f385955a8d2438bb306087ba3274848dddfdc36602d269392ab08c1","vectorPerformance","likelihood8","Quantile","1","-2","404175","4000","500","Complete","0.4393261","3.08E-5","0.3576788","0.0816165","0.453125","0.001","675623","4000","14553.603071888145","14560.448774995888","11253.189859649683","1.0007097070118298","0.003922918284137322","0","03828cdda4fc43583cac684014ff31176af4a34269763a886473aa7e641f0391",""
"0","0","0","baseline","a144eb1a4a89d4ac0912b187b851d7845716c7d8","f56ea4902f385955a8d2438bb306087ba3274848dddfdc36602d269392ab08c1","vectorPerformance","likelihood8","Quantile","1","-1","412094","4000","500","Complete","0.4371635","3.43E-5","0.3551904","0.0819388","0.453125","0.001","674660","4000","15209.136106969212","15217.30790335651","11240.432710958032","1.0004372157752155","0.0052684685777992235","0","e259b6e006096a76873934a7876a399ffc6054ce8626e6a9f54fe4dc9a2a077b",""
"0","0","0","baseline","a144eb1a4a89d4ac0912b187b851d7845716c7d8","f56ea4902f385955a8d2438bb306087ba3274848dddfdc36602d269392ab08c1","vectorPerformance","likelihood8","Quantile","1","0","420013","4000","500","Complete","0.445518","3.18E-5","0.3632577","0.0822285","0.46875","0.0","673796","4000","15027.331818683551","15033.704474475824","10491.658637470435","1.0004326935079904","0.005338364077357494","0","a6b794bfac044c42b2225f202fe85edd749f09d343dadd0c6f9a8be5b72afda0",""
"0","0","0","baseline","a144eb1a4a89d4ac0912b187b851d7845716c7d8","f56ea4902f385955a8d2438bb306087ba3274848dddfdc36602d269392ab08c1","vectorPerformance","likelihood8","Quantile","1","1","427932","4000","500","Complete","0.4407939","2.89E-5","0.3587156","0.0820494","0.4375","0.0","673825","4000","15276.658872254206","15256.4622489339","11119.716918313663","1.000391617247902","0.006419580823759208","0","50e2cecd19fa21e7ea4301720423264b745a7096caa97d8e6935a59763285f0a",""
"0","0","0","baseline","a144eb1a4a89d4ac0912b187b851d7845716c7d8","f56ea4902f385955a8d2438bb306087ba3274848dddfdc36602d269392ab08c1","vectorPerformance","likelihood8","Quantile","1","2","435851","4000","500","Complete","0.4399243","2.85E-5","0.3571319","0.0827639","0.4375","0.0","674482","4000","15438.964336306639","15424.356228106937","11497.88972532256","1.0006283061980878","0.01024848436056533","0","d045bb5c2ae5192b21902085068a9b62aa6f41d66d4132dc6affda22bcc4912d",""
"0","0","0","baseline","a144eb1a4a89d4ac0912b187b851d7845716c7d8","f56ea4902f385955a8d2438bb306087ba3274848dddfdc36602d269392ab08c1","vectorPerformance","likelihood8","Quantile","1","3","443770","4000","500","Complete","0.4397904","3.25E-5","0.3581575","0.0816004","0.4375","0.001","674770","4000","15279.141041189421","15290.437507693725","11098.089526704722","1.00060311853599","0.008195113181772185","0","14c0d80a24194a44695934e9fba1972daa6dc8b7383da72f1cd5837c36c4722d",""
"0","0","0","baseline","a144eb1a4a89d4ac0912b187b851d7845716c7d8","f56ea4902f385955a8d2438bb306087ba3274848dddfdc36602d269392ab08c1","vectorPerformance","likelihood8","Quantile","1","4","451689","4000","500","Complete","0.4385852","2.99E-5","0.3584629","0.0800924","0.46875","0.002","675588","4000","15378.326224840608","15396.096164831599","11613.462866841413","1.000726442029433","0.005885612388259281","0","dffab805aa7e6a415f84c4666b5b3033cb9751a54880ba72e95a79dc87652086",""
"0","0","0","baseline","a144eb1a4a89d4ac0912b187b851d7845716c7d8","f56ea4902f385955a8d2438bb306087ba3274848dddfdc36602d269392ab08c1","vectorPerformance","likelihood8","Quantile","2","-2","404175","4000","500","Complete","0.2358053","5.47E-5","0.1884696","0.047281","0.46875","0.002","675623","4000","14553.603071888145","14560.448774995888","11253.189859649683","1.0007097070118298","0.003922918284137322","0","03828cdda4fc43583cac684014ff31176af4a34269763a886473aa7e641f0391",""
"0","0","0","baseline","a144eb1a4a89d4ac0912b187b851d7845716c7d8","f56ea4902f385955a8d2438bb306087ba3274848dddfdc36602d269392ab08c1","vectorPerformance","likelihood8","Quantile","2","-1","412094","4000","500","Complete","0.2282391","3.54E-5","0.1849506","0.0432531","0.4375","0.0","674660","4000","15209.136106969212","15217.30790335651","11240.432710958032","1.0004372157752155","0.0052684685777992235","0","e259b6e006096a76873934a7876a399ffc6054ce8626e6a9f54fe4dc9a2a077b",""
"0","0","0","baseline","a144eb1a4a89d4ac0912b187b851d7845716c7d8","f56ea4902f385955a8d2438bb306087ba3274848dddfdc36602d269392ab08c1","vectorPerformance","likelihood8","Quantile","2","0","420013","4000","500","Complete","0.2302179","3.11E-5","0.18701","0.0431768","0.46875","0.002","673796","4000","15027.331818683551","15033.704474475824","10491.658637470435","1.0004326935079904","0.005338364077357494","0","a6b794bfac044c42b2225f202fe85edd749f09d343dadd0c6f9a8be5b72afda0",""
"0","0","0","baseline","a144eb1a4a89d4ac0912b187b851d7845716c7d8","f56ea4902f385955a8d2438bb306087ba3274848dddfdc36602d269392ab08c1","vectorPerformance","likelihood8","Quantile","2","1","427932","4000","500","Complete","0.2285988","4.92E-5","0.1854033","0.0431463","0.421875","0.0","673825","4000","15276.658872254206","15256.4622489339","11119.716918313663","1.000391617247902","0.006419580823759208","0","50e2cecd19fa21e7ea4301720423264b745a7096caa97d8e6935a59763285f0a",""
"0","0","0","baseline","a144eb1a4a89d4ac0912b187b851d7845716c7d8","f56ea4902f385955a8d2438bb306087ba3274848dddfdc36602d269392ab08c1","vectorPerformance","likelihood8","Quantile","2","2","435851","4000","500","Complete","0.2287591","3.09E-5","0.1848312","0.043897","0.453125","0.0","674482","4000","15438.964336306639","15424.356228106937","11497.88972532256","1.0006283061980878","0.01024848436056533","0","d045bb5c2ae5192b21902085068a9b62aa6f41d66d4132dc6affda22bcc4912d",""
"0","0","0","baseline","a144eb1a4a89d4ac0912b187b851d7845716c7d8","f56ea4902f385955a8d2438bb306087ba3274848dddfdc36602d269392ab08c1","vectorPerformance","likelihood8","Quantile","2","3","443770","4000","500","Complete","0.2293221","3.09E-5","0.1859893","0.0433019","0.46875","0.0","674770","4000","15279.141041189421","15290.437507693725","11098.089526704722","1.00060311853599","0.008195113181772185","0","14c0d80a24194a44695934e9fba1972daa6dc8b7383da72f1cd5837c36c4722d",""
"0","0","0","baseline","a144eb1a4a89d4ac0912b187b851d7845716c7d8","f56ea4902f385955a8d2438bb306087ba3274848dddfdc36602d269392ab08c1","vectorPerformance","likelihood8","Quantile","2","4","451689","4000","500","Complete","0.2283486","2.87E-5","0.1848387","0.0434812","0.4375","0.0","675588","4000","15378.326224840608","15396.096164831599","11613.462866841413","1.000726442029433","0.005885612388259281","0","dffab805aa7e6a415f84c4666b5b3033cb9751a54880ba72e95a79dc87652086",""
"0","0","0","baseline","a144eb1a4a89d4ac0912b187b851d7845716c7d8","f56ea4902f385955a8d2438bb306087ba3274848dddfdc36602d269392ab08c1","vectorPerformance","likelihood8","Quantile","4","-2","404175","4000","500","Complete","0.120646","3.11E-5","0.0952095","0.0254054","0.5","0.0","675623","4000","14553.603071888145","14560.448774995888","11253.189859649683","1.0007097070118298","0.003922918284137322","0","03828cdda4fc43583cac684014ff31176af4a34269763a886473aa7e641f0391",""
"0","0","0","baseline","a144eb1a4a89d4ac0912b187b851d7845716c7d8","f56ea4902f385955a8d2438bb306087ba3274848dddfdc36602d269392ab08c1","vectorPerformance","likelihood8","Quantile","4","-1","412094","4000","500","Complete","0.1221594","3.84E-5","0.0948551","0.0272659","0.515625","0.002","674660","4000","15209.136106969212","15217.30790335651","11240.432710958032","1.0004372157752155","0.0052684685777992235","0","e259b6e006096a76873934a7876a399ffc6054ce8626e6a9f54fe4dc9a2a077b",""
"0","0","0","baseline","a144eb1a4a89d4ac0912b187b851d7845716c7d8","f56ea4902f385955a8d2438bb306087ba3274848dddfdc36602d269392ab08c1","vectorPerformance","likelihood8","Quantile","4","0","420013","4000","500","Complete","0.1197045","3.08E-5","0.0949279","0.0247458","0.5","0.0","673796","4000","15027.331818683551","15033.704474475824","10491.658637470435","1.0004326935079904","0.005338364077357494","0","a6b794bfac044c42b2225f202fe85edd749f09d343dadd0c6f9a8be5b72afda0",""
"0","0","0","baseline","a144eb1a4a89d4ac0912b187b851d7845716c7d8","f56ea4902f385955a8d2438bb306087ba3274848dddfdc36602d269392ab08c1","vectorPerformance","likelihood8","Quantile","4","1","427932","4000","500","Complete","0.1234766","5.68E-5","0.0964486","0.0269712","0.46875","0.002","673825","4000","15276.658872254206","15256.4622489339","11119.716918313663","1.000391617247902","0.006419580823759208","0","50e2cecd19fa21e7ea4301720423264b745a7096caa97d8e6935a59763285f0a",""
"0","0","0","baseline","a144eb1a4a89d4ac0912b187b851d7845716c7d8","f56ea4902f385955a8d2438bb306087ba3274848dddfdc36602d269392ab08c1","vectorPerformance","likelihood8","Quantile","4","2","435851","4000","500","Complete","0.1220754","2.93E-5","0.0973643","0.0246818","0.453125","0.002","674482","4000","15438.964336306639","15424.356228106937","11497.88972532256","1.0006283061980878","0.01024848436056533","0","d045bb5c2ae5192b21902085068a9b62aa6f41d66d4132dc6affda22bcc4912d",""
"0","0","0","baseline","a144eb1a4a89d4ac0912b187b851d7845716c7d8","f56ea4902f385955a8d2438bb306087ba3274848dddfdc36602d269392ab08c1","vectorPerformance","likelihood8","Quantile","4","3","443770","4000","500","Complete","0.1213751","2.91E-5","0.0965758","0.0247702","0.5","0.002","674770","4000","15279.141041189421","15290.437507693725","11098.089526704722","1.00060311853599","0.008195113181772185","0","14c0d80a24194a44695934e9fba1972daa6dc8b7383da72f1cd5837c36c4722d",""
"0","0","0","baseline","a144eb1a4a89d4ac0912b187b851d7845716c7d8","f56ea4902f385955a8d2438bb306087ba3274848dddfdc36602d269392ab08c1","vectorPerformance","likelihood8","Quantile","4","4","451689","4000","500","Complete","0.1235962","3.62E-5","0.0979025","0.0256575","0.5","0.001","675588","4000","15378.326224840608","15396.096164831599","11613.462866841413","1.000726442029433","0.005885612388259281","0","dffab805aa7e6a415f84c4666b5b3033cb9751a54880ba72e95a79dc87652086",""
"0","0","0","baseline","a144eb1a4a89d4ac0912b187b851d7845716c7d8","f56ea4902f385955a8d2438bb306087ba3274848dddfdc36602d269392ab08c1","vectorPerformance","mixture8","GPSS","1","-2","404175","4000","500","Complete","0.157224","1.65E-5","0.0769676","0.0802399","0.15625","0.001","229144","4000","14.257988816324646","29.19304971339808","41.12369705555653","1.0898522442939091","0.21935070608817098","8","3b6875e17ed27fe9805ded4d871f7b5f9d73e9def0157d2b9b3ca4e8933848aa",""
"0","0","0","baseline","a144eb1a4a89d4ac0912b187b851d7845716c7d8","f56ea4902f385955a8d2438bb306087ba3274848dddfdc36602d269392ab08c1","vectorPerformance","mixture8","GPSS","1","-1","412094","4000","500","Complete","0.1577779","1.83E-5","0.0769885","0.0807711","0.15625","0.001","229290","4000","18.720999899350527","39.028622707399215","46.96121523232878","1.0731938076004162","0.17813809720195017","8","abf27d85ad57f604af02f9ce976cde68729c5e5b0b9868c8021e26e9e57c9cbb",""
"0","0","0","baseline","a144eb1a4a89d4ac0912b187b851d7845716c7d8","f56ea4902f385955a8d2438bb306087ba3274848dddfdc36602d269392ab08c1","vectorPerformance","mixture8","GPSS","1","0","420013","4000","500","Complete","0.1586463","1.98E-5","0.0767981","0.0818284","0.15625","0.001","230860","4000","11.197660818981081","21.159126284650732","49.74480814386594","1.1308094060468774","0.5016290019944878","8","f1a24a91ced5488ebfe513313caafc39cdc36be309bd0944b0aca511830cdc9b",""
"0","0","0","baseline","a144eb1a4a89d4ac0912b187b851d7845716c7d8","f56ea4902f385955a8d2438bb306087ba3274848dddfdc36602d269392ab08c1","vectorPerformance","mixture8","GPSS","1","1","427932","4000","500","Complete","0.1574558","1.73E-5","0.0760327","0.0814058","0.171875","0.001","227656","4000","350.3365962359708","946.1959119121931","828.0407758236613","1.006187429279826","0.489472770444491","0","3048dd7a997ec08547ffedc643f4f8ad71fb08dfc61d73588f085fae9f3b2530",""
"0","0","0","baseline","a144eb1a4a89d4ac0912b187b851d7845716c7d8","f56ea4902f385955a8d2438bb306087ba3274848dddfdc36602d269392ab08c1","vectorPerformance","mixture8","GPSS","1","2","435851","4000","500","Complete","0.1576111","1.7E-5","0.0761834","0.0814107","0.15625","0.0","230320","4000","11.885382937205895","20.922381229748733","74.65086869430434","1.127517255169642","0.6163845076767369","8","a8b0c5d28390a6bbe639426c5f3d044100be601426210b18a9d9a12faa0fdcbb",""
"0","0","0","baseline","a144eb1a4a89d4ac0912b187b851d7845716c7d8","f56ea4902f385955a8d2438bb306087ba3274848dddfdc36602d269392ab08c1","vectorPerformance","mixture8","GPSS","1","3","443770","4000","500","Complete","0.1564919","1.73E-5","0.0759998","0.0804748","0.15625","0.001","228342","4000","32.15927038708645","138.24287084259578","31.951943081965528","1.0380332431121262","0.32314994313579937","8","fb914cb87efc1f88af4218573d1acfcb2cf7af7578bb3764f9313b6f1caf9c08",""
"0","0","0","baseline","a144eb1a4a89d4ac0912b187b851d7845716c7d8","f56ea4902f385955a8d2438bb306087ba3274848dddfdc36602d269392ab08c1","vectorPerformance","mixture8","GPSS","1","4","451689","4000","500","Complete","0.1584014","1.76E-5","0.0785214","0.0798624","0.15625","0.001","231161","4000","11.42981152723505","18.51428192120557","82.97173289489884","1.1478873533286111","0.944470980985646","8","8c304b54387b3cfcaea9ca546733eb569997eadee97f924c60d4475ce4148eb9",""
"0","0","0","baseline","a144eb1a4a89d4ac0912b187b851d7845716c7d8","f56ea4902f385955a8d2438bb306087ba3274848dddfdc36602d269392ab08c1","vectorPerformance","mixture8","GPSS","2","-2","404175","4000","500","Complete","0.0989175","1.79E-5","0.0550154","0.0438842","0.3125","0.0","229144","4000","14.257988816324646","29.19304971339808","41.12369705555653","1.0898522442939091","0.21935070608817098","8","3b6875e17ed27fe9805ded4d871f7b5f9d73e9def0157d2b9b3ca4e8933848aa",""
"0","0","0","baseline","a144eb1a4a89d4ac0912b187b851d7845716c7d8","f56ea4902f385955a8d2438bb306087ba3274848dddfdc36602d269392ab08c1","vectorPerformance","mixture8","GPSS","2","-1","412094","4000","500","Complete","0.0909284","1.65E-5","0.0468947","0.0440172","0.1875","0.0","229290","4000","18.720999899350527","39.028622707399215","46.96121523232878","1.0731938076004162","0.17813809720195017","8","abf27d85ad57f604af02f9ce976cde68729c5e5b0b9868c8021e26e9e57c9cbb",""
"0","0","0","baseline","a144eb1a4a89d4ac0912b187b851d7845716c7d8","f56ea4902f385955a8d2438bb306087ba3274848dddfdc36602d269392ab08c1","vectorPerformance","mixture8","GPSS","2","0","420013","4000","500","Complete","0.0912876","1.81E-5","0.0477549","0.0435146","0.171875","0.0","230860","4000","11.197660818981081","21.159126284650732","49.74480814386594","1.1308094060468774","0.5016290019944878","8","f1a24a91ced5488ebfe513313caafc39cdc36be309bd0944b0aca511830cdc9b",""
"0","0","0","baseline","a144eb1a4a89d4ac0912b187b851d7845716c7d8","f56ea4902f385955a8d2438bb306087ba3274848dddfdc36602d269392ab08c1","vectorPerformance","mixture8","GPSS","2","1","427932","4000","500","Complete","0.0895819","1.84E-5","0.0475421","0.0420214","0.15625","0.001","227656","4000","350.3365962359708","946.1959119121931","828.0407758236613","1.006187429279826","0.489472770444491","0","3048dd7a997ec08547ffedc643f4f8ad71fb08dfc61d73588f085fae9f3b2530",""
"0","0","0","baseline","a144eb1a4a89d4ac0912b187b851d7845716c7d8","f56ea4902f385955a8d2438bb306087ba3274848dddfdc36602d269392ab08c1","vectorPerformance","mixture8","GPSS","2","2","435851","4000","500","Complete","0.08931","2.02E-5","0.0467825","0.0425073","0.15625","0.001","230320","4000","11.885382937205895","20.922381229748733","74.65086869430434","1.127517255169642","0.6163845076767369","8","a8b0c5d28390a6bbe639426c5f3d044100be601426210b18a9d9a12faa0fdcbb",""
"0","0","0","baseline","a144eb1a4a89d4ac0912b187b851d7845716c7d8","f56ea4902f385955a8d2438bb306087ba3274848dddfdc36602d269392ab08c1","vectorPerformance","mixture8","GPSS","2","3","443770","4000","500","Complete","0.0902448","3.0E-5","0.0472938","0.042921","0.1875","0.0","228342","4000","32.15927038708645","138.24287084259578","31.951943081965528","1.0380332431121262","0.32314994313579937","8","fb914cb87efc1f88af4218573d1acfcb2cf7af7578bb3764f9313b6f1caf9c08",""
"0","0","0","baseline","a144eb1a4a89d4ac0912b187b851d7845716c7d8","f56ea4902f385955a8d2438bb306087ba3274848dddfdc36602d269392ab08c1","vectorPerformance","mixture8","GPSS","2","4","451689","4000","500","Complete","0.0897937","1.76E-5","0.0479709","0.0418052","0.1875","0.001","231161","4000","11.42981152723505","18.51428192120557","82.97173289489884","1.1478873533286111","0.944470980985646","8","8c304b54387b3cfcaea9ca546733eb569997eadee97f924c60d4475ce4148eb9",""
"0","0","0","baseline","a144eb1a4a89d4ac0912b187b851d7845716c7d8","f56ea4902f385955a8d2438bb306087ba3274848dddfdc36602d269392ab08c1","vectorPerformance","mixture8","GPSS","4","-2","404175","4000","500","Complete","0.0727865","1.86E-5","0.0470252","0.0257427","0.3125","0.001","229144","4000","14.257988816324646","29.19304971339808","41.12369705555653","1.0898522442939091","0.21935070608817098","8","3b6875e17ed27fe9805ded4d871f7b5f9d73e9def0157d2b9b3ca4e8933848aa",""
"0","0","0","baseline","a144eb1a4a89d4ac0912b187b851d7845716c7d8","f56ea4902f385955a8d2438bb306087ba3274848dddfdc36602d269392ab08c1","vectorPerformance","mixture8","GPSS","4","-1","412094","4000","500","Complete","0.0711017","1.68E-5","0.0460723","0.0250126","0.3125","0.001","229290","4000","18.720999899350527","39.028622707399215","46.96121523232878","1.0731938076004162","0.17813809720195017","8","abf27d85ad57f604af02f9ce976cde68729c5e5b0b9868c8021e26e9e57c9cbb",""
"0","0","0","baseline","a144eb1a4a89d4ac0912b187b851d7845716c7d8","f56ea4902f385955a8d2438bb306087ba3274848dddfdc36602d269392ab08c1","vectorPerformance","mixture8","GPSS","4","0","420013","4000","500","Complete","0.0694837","1.74E-5","0.0448138","0.0246525","0.3125","0.001","230860","4000","11.197660818981081","21.159126284650732","49.74480814386594","1.1308094060468774","0.5016290019944878","8","f1a24a91ced5488ebfe513313caafc39cdc36be309bd0944b0aca511830cdc9b",""
"0","0","0","baseline","a144eb1a4a89d4ac0912b187b851d7845716c7d8","f56ea4902f385955a8d2438bb306087ba3274848dddfdc36602d269392ab08c1","vectorPerformance","mixture8","GPSS","4","1","427932","4000","500","Complete","0.065781","1.84E-5","0.0425311","0.0232315","0.25","0.0","227656","4000","350.3365962359708","946.1959119121931","828.0407758236613","1.006187429279826","0.489472770444491","0","3048dd7a997ec08547ffedc643f4f8ad71fb08dfc61d73588f085fae9f3b2530",""
"0","0","0","baseline","a144eb1a4a89d4ac0912b187b851d7845716c7d8","f56ea4902f385955a8d2438bb306087ba3274848dddfdc36602d269392ab08c1","vectorPerformance","mixture8","GPSS","4","2","435851","4000","500","Complete","0.07452","1.73E-5","0.0442825","0.0302202","0.265625","0.001","230320","4000","11.885382937205895","20.922381229748733","74.65086869430434","1.127517255169642","0.6163845076767369","8","a8b0c5d28390a6bbe639426c5f3d044100be601426210b18a9d9a12faa0fdcbb",""
"0","0","0","baseline","a144eb1a4a89d4ac0912b187b851d7845716c7d8","f56ea4902f385955a8d2438bb306087ba3274848dddfdc36602d269392ab08c1","vectorPerformance","mixture8","GPSS","4","3","443770","4000","500","Complete","0.0687158","1.62E-5","0.0430296","0.02567","0.265625","0.001","228342","4000","32.15927038708645","138.24287084259578","31.951943081965528","1.0380332431121262","0.32314994313579937","8","fb914cb87efc1f88af4218573d1acfcb2cf7af7578bb3764f9313b6f1caf9c08",""
"0","0","0","baseline","a144eb1a4a89d4ac0912b187b851d7845716c7d8","f56ea4902f385955a8d2438bb306087ba3274848dddfdc36602d269392ab08c1","vectorPerformance","mixture8","GPSS","4","4","451689","4000","500","Complete","0.0723062","1.76E-5","0.0463064","0.0259822","0.34375","0.0","231161","4000","11.42981152723505","18.51428192120557","82.97173289489884","1.1478873533286111","0.944470980985646","8","8c304b54387b3cfcaea9ca546733eb569997eadee97f924c60d4475ce4148eb9",""
"0","0","0","baseline","a144eb1a4a89d4ac0912b187b851d7845716c7d8","f56ea4902f385955a8d2438bb306087ba3274848dddfdc36602d269392ab08c1","vectorPerformance","mixture8","Quantile","1","-2","404175","4000","500","Complete","0.2434492","2.97E-5","0.1596567","0.0837628","0.234375","0.001","794544","4000","4.187636809868029","7.060337598855363","26.16378128764236","1.5288331364789502","3.256985326991021","8","08478ec37e7016f0a746f5541369d3f27e6780b3d77ac0dd3727aedc458b8a7f",""
"0","0","0","baseline","a144eb1a4a89d4ac0912b187b851d7845716c7d8","f56ea4902f385955a8d2438bb306087ba3274848dddfdc36602d269392ab08c1","vectorPerformance","mixture8","Quantile","1","-1","412094","4000","500","Complete","0.2469604","1.64E-5","0.1636948","0.0832492","0.25","0.001","816779","4000","13172.219750891138","13222.282432153374","9557.095877190202","1.0009523655339596","4.505381108384656","0","df0a2d121acaf8121fe4585bac661d116d56b94d4bbd87d7554b9b56bc69a16b",""
"0","0","0","baseline","a144eb1a4a89d4ac0912b187b851d7845716c7d8","f56ea4902f385955a8d2438bb306087ba3274848dddfdc36602d269392ab08c1","vectorPerformance","mixture8","Quantile","1","0","420013","4000","500","Complete","0.2411664","1.54E-5","0.1563823","0.0847687","0.59375","0.002","794198","4000","4.186058672517822","7.066033020998243","25.872565892706334","1.528293121197245","3.254959184947837","8","298edcccf4cb67bd1d71a2c67eaac49d9c2f065b01ce89b5a425470b4ac34246",""
"0","0","0","baseline","a144eb1a4a89d4ac0912b187b851d7845716c7d8","f56ea4902f385955a8d2438bb306087ba3274848dddfdc36602d269392ab08c1","vectorPerformance","mixture8","Quantile","1","1","427932","4000","500","Complete","0.2401311","1.77E-5","0.1576296","0.0824838","0.5625","0.002","793428","4000","4.1830750512240416","7.063117190644894","25.56957561795727","1.5283657513611182","3.2567621870613133","8","273d5a969b71614959a723e90feee880f8890fbdd52ed734512ecdb8349192a1",""
"0","0","0","baseline","a144eb1a4a89d4ac0912b187b851d7845716c7d8","f56ea4902f385955a8d2438bb306087ba3274848dddfdc36602d269392ab08c1","vectorPerformance","mixture8","Quantile","1","2","435851","4000","500","Complete","0.2437174","1.95E-5","0.1613217","0.0823762","0.234375","0.001","819559","4000","13453.176078554361","13421.262962358194","9216.280792110578","1.0005674240480147","4.502788958677054","0","d8c678a9202d9a68411f907dc58204bfa1e84fa81561ad1055f777dd4b42c6f2",""
"0","0","0","baseline","a144eb1a4a89d4ac0912b187b851d7845716c7d8","f56ea4902f385955a8d2438bb306087ba3274848dddfdc36602d269392ab08c1","vectorPerformance","mixture8","Quantile","1","3","443770","4000","500","Complete","0.2470905","1.63E-5","0.1603583","0.0867159","0.234375","0.005","818525","4000","14133.815442025896","14200.524096105466","9050.625427824825","1.0007425189374404","4.512149086714977","0","1bb1a4f128a60c3df02103528fa01749d02171821dd07470e5dae7f5e8630625",""
"0","0","0","baseline","a144eb1a4a89d4ac0912b187b851d7845716c7d8","f56ea4902f385955a8d2438bb306087ba3274848dddfdc36602d269392ab08c1","vectorPerformance","mixture8","Quantile","1","4","451689","4000","500","Complete","0.2439052","1.74E-5","0.1623823","0.0815055","0.25","0.002","819229","4000","12826.818650755431","12819.884446949432","9099.649034826969","1.000430048273552","4.504000123365279","0","678212121ddd43756b45e7bd2e21e3caba79bf54b0c78a22985c55552046cf37",""
"0","0","0","baseline","a144eb1a4a89d4ac0912b187b851d7845716c7d8","f56ea4902f385955a8d2438bb306087ba3274848dddfdc36602d269392ab08c1","vectorPerformance","mixture8","Quantile","2","-2","404175","4000","500","Complete","0.142445","1.75E-5","0.0968881","0.0455394","0.28125","0.001","794544","4000","4.187636809868029","7.060337598855363","26.16378128764236","1.5288331364789502","3.256985326991021","8","08478ec37e7016f0a746f5541369d3f27e6780b3d77ac0dd3727aedc458b8a7f",""
"0","0","0","baseline","a144eb1a4a89d4ac0912b187b851d7845716c7d8","f56ea4902f385955a8d2438bb306087ba3274848dddfdc36602d269392ab08c1","vectorPerformance","mixture8","Quantile","2","-1","412094","4000","500","Complete","0.1431145","2.28E-5","0.0995001","0.0435916","0.28125","0.001","816779","4000","13172.219750891138","13222.282432153374","9557.095877190202","1.0009523655339596","4.505381108384656","0","df0a2d121acaf8121fe4585bac661d116d56b94d4bbd87d7554b9b56bc69a16b",""
"0","0","0","baseline","a144eb1a4a89d4ac0912b187b851d7845716c7d8","f56ea4902f385955a8d2438bb306087ba3274848dddfdc36602d269392ab08c1","vectorPerformance","mixture8","Quantile","2","0","420013","4000","500","Complete","0.1424002","1.62E-5","0.0984916","0.0438924","0.28125","0.002","794198","4000","4.186058672517822","7.066033020998243","25.872565892706334","1.528293121197245","3.254959184947837","8","298edcccf4cb67bd1d71a2c67eaac49d9c2f065b01ce89b5a425470b4ac34246",""
"0","0","0","baseline","a144eb1a4a89d4ac0912b187b851d7845716c7d8","f56ea4902f385955a8d2438bb306087ba3274848dddfdc36602d269392ab08c1","vectorPerformance","mixture8","Quantile","2","1","427932","4000","500","Complete","0.142917","1.55E-5","0.0988359","0.0440656","0.28125","0.001","793428","4000","4.1830750512240416","7.063117190644894","25.56957561795727","1.5283657513611182","3.2567621870613133","8","273d5a969b71614959a723e90feee880f8890fbdd52ed734512ecdb8349192a1",""
"0","0","0","baseline","a144eb1a4a89d4ac0912b187b851d7845716c7d8","f56ea4902f385955a8d2438bb306087ba3274848dddfdc36602d269392ab08c1","vectorPerformance","mixture8","Quantile","2","2","435851","4000","500","Complete","0.1437838","1.77E-5","0.1000652","0.0437009","0.28125","0.001","819559","4000","13453.176078554361","13421.262962358194","9216.280792110578","1.0005674240480147","4.502788958677054","0","d8c678a9202d9a68411f907dc58204bfa1e84fa81561ad1055f777dd4b42c6f2",""
"0","0","0","baseline","a144eb1a4a89d4ac0912b187b851d7845716c7d8","f56ea4902f385955a8d2438bb306087ba3274848dddfdc36602d269392ab08c1","vectorPerformance","mixture8","Quantile","2","3","443770","4000","500","Complete","0.143851","1.68E-5","0.0995915","0.0442427","0.3125","0.001","818525","4000","14133.815442025896","14200.524096105466","9050.625427824825","1.0007425189374404","4.512149086714977","0","1bb1a4f128a60c3df02103528fa01749d02171821dd07470e5dae7f5e8630625",""
"0","0","0","baseline","a144eb1a4a89d4ac0912b187b851d7845716c7d8","f56ea4902f385955a8d2438bb306087ba3274848dddfdc36602d269392ab08c1","vectorPerformance","mixture8","Quantile","2","4","451689","4000","500","Complete","0.1416373","1.54E-5","0.0964435","0.0451784","0.265625","0.002","819229","4000","12826.818650755431","12819.884446949432","9099.649034826969","1.000430048273552","4.504000123365279","0","678212121ddd43756b45e7bd2e21e3caba79bf54b0c78a22985c55552046cf37",""
"0","0","0","baseline","a144eb1a4a89d4ac0912b187b851d7845716c7d8","f56ea4902f385955a8d2438bb306087ba3274848dddfdc36602d269392ab08c1","vectorPerformance","mixture8","Quantile","4","-2","404175","4000","500","Complete","0.1046536","1.76E-5","0.0776662","0.0269698","0.3125","0.001","794544","4000","4.187636809868029","7.060337598855363","26.16378128764236","1.5288331364789502","3.256985326991021","8","08478ec37e7016f0a746f5541369d3f27e6780b3d77ac0dd3727aedc458b8a7f",""
"0","0","0","baseline","a144eb1a4a89d4ac0912b187b851d7845716c7d8","f56ea4902f385955a8d2438bb306087ba3274848dddfdc36602d269392ab08c1","vectorPerformance","mixture8","Quantile","4","-1","412094","4000","500","Complete","0.1057532","1.54E-5","0.0778709","0.0278669","0.515625","0.002","816779","4000","13172.219750891138","13222.282432153374","9557.095877190202","1.0009523655339596","4.505381108384656","0","df0a2d121acaf8121fe4585bac661d116d56b94d4bbd87d7554b9b56bc69a16b",""
"0","0","0","baseline","a144eb1a4a89d4ac0912b187b851d7845716c7d8","f56ea4902f385955a8d2438bb306087ba3274848dddfdc36602d269392ab08c1","vectorPerformance","mixture8","Quantile","4","0","420013","4000","500","Complete","0.1065398","1.6E-5","0.0792337","0.0272901","0.4375","0.001","794198","4000","4.186058672517822","7.066033020998243","25.872565892706334","1.528293121197245","3.254959184947837","8","298edcccf4cb67bd1d71a2c67eaac49d9c2f065b01ce89b5a425470b4ac34246",""
"0","0","0","baseline","a144eb1a4a89d4ac0912b187b851d7845716c7d8","f56ea4902f385955a8d2438bb306087ba3274848dddfdc36602d269392ab08c1","vectorPerformance","mixture8","Quantile","4","1","427932","4000","500","Complete","0.1034295","1.71E-5","0.0767183","0.0266941","0.359375","0.002","793428","4000","4.1830750512240416","7.063117190644894","25.56957561795727","1.5283657513611182","3.2567621870613133","8","273d5a969b71614959a723e90feee880f8890fbdd52ed734512ecdb8349192a1",""
"0","0","0","baseline","a144eb1a4a89d4ac0912b187b851d7845716c7d8","f56ea4902f385955a8d2438bb306087ba3274848dddfdc36602d269392ab08c1","vectorPerformance","mixture8","Quantile","4","2","435851","4000","500","Complete","0.1011168","1.61E-5","0.0763043","0.0247964","0.375","0.001","819559","4000","13453.176078554361","13421.262962358194","9216.280792110578","1.0005674240480147","4.502788958677054","0","d8c678a9202d9a68411f907dc58204bfa1e84fa81561ad1055f777dd4b42c6f2",""
"0","0","0","baseline","a144eb1a4a89d4ac0912b187b851d7845716c7d8","f56ea4902f385955a8d2438bb306087ba3274848dddfdc36602d269392ab08c1","vectorPerformance","mixture8","Quantile","4","3","443770","4000","500","Complete","0.1045102","1.55E-5","0.0789002","0.0255945","0.4375","0.0","818525","4000","14133.815442025896","14200.524096105466","9050.625427824825","1.0007425189374404","4.512149086714977","0","1bb1a4f128a60c3df02103528fa01749d02171821dd07470e5dae7f5e8630625",""
"0","0","0","baseline","a144eb1a4a89d4ac0912b187b851d7845716c7d8","f56ea4902f385955a8d2438bb306087ba3274848dddfdc36602d269392ab08c1","vectorPerformance","mixture8","Quantile","4","4","451689","4000","500","Complete","0.1060649","1.62E-5","0.0820171","0.0240316","0.4375","0.002","819229","4000","12826.818650755431","12819.884446949432","9099.649034826969","1.000430048273552","4.504000123365279","0","678212121ddd43756b45e7bd2e21e3caba79bf54b0c78a22985c55552046cf37",""
"0","0","0","baseline","a144eb1a4a89d4ac0912b187b851d7845716c7d8","f56ea4902f385955a8d2438bb306087ba3274848dddfdc36602d269392ab08c1","vectorPerformance","positive32","GPSS","1","-2","404175","4000","500","Complete","0.5197299","2.9E-5","0.2032321","0.3164688","0.59375","0.007","312248","4000","6.507081555422677","8.267454120088496","11.239726363241573","1.4243493212370788","0.9111742118510904","32","e1f462be7160698fc96433c37d8e6460fa2b583d96e58a05af89904985ee97c5",""
"0","0","0","baseline","a144eb1a4a89d4ac0912b187b851d7845716c7d8","f56ea4902f385955a8d2438bb306087ba3274848dddfdc36602d269392ab08c1","vectorPerformance","positive32","GPSS","1","-1","412094","4000","500","Complete","0.5195984","2.43E-5","0.2023525","0.3172216","0.515625","0.004","312989","4000","5.495322761597328","8.012492423835413","12.29336507256984","1.4621066333934736","0.5327465027759886","32","047503de7ceb57f45f2c33ddf27b78c64d75cb6665a40538a8909c85da9d2c02",""
"0","0","0","baseline","a144eb1a4a89d4ac0912b187b851d7845716c7d8","f56ea4902f385955a8d2438bb306087ba3274848dddfdc36602d269392ab08c1","vectorPerformance","positive32","GPSS","1","0","420013","4000","500","Complete","0.5264552","3.04E-5","0.2108198","0.315605","0.53125","0.004","315080","4000","5.054210848500271","6.4086389980297715","11.498400167812514","1.682066869867944","1.124774421937512","32","9182bbb858877f9a625ab3c8ae05e7120fdc466f42d5a1dceccf9395da6065e9",""
"0","0","0","baseline","a144eb1a4a89d4ac0912b187b851d7845716c7d8","f56ea4902f385955a8d2438bb306087ba3274848dddfdc36602d269392ab08c1","vectorPerformance","positive32","GPSS","1","1","427932","4000","500","Complete","0.534147","3.16E-5","0.2026041","0.3315113","0.546875","0.005","310499","4000","4.949526595516298","7.4253970060875725","11.370735805288119","1.496332455560683","0.5218258205642705","32","f0d7064a140efac0e8d7992843e936b5b1ea4f33b336f96c18ed34d07d4ff733",""
"0","0","0","baseline","a144eb1a4a89d4ac0912b187b851d7845716c7d8","f56ea4902f385955a8d2438bb306087ba3274848dddfdc36602d269392ab08c1","vectorPerformance","positive32","GPSS","1","2","435851","4000","500","Complete","0.5204042","2.38E-5","0.2018362","0.3185442","0.796875","0.005","312895","4000","6.595439608345559","8.875134343603566","10.947737821804315","1.3815878832703925","0.38311879002350624","32","0365e43fa384cead64ff9f89d32ea3ea9edfdb1f4523fadebe6c708ca213e343",""
"0","0","0","baseline","a144eb1a4a89d4ac0912b187b851d7845716c7d8","f56ea4902f385955a8d2438bb306087ba3274848dddfdc36602d269392ab08c1","vectorPerformance","positive32","GPSS","1","3","443770","4000","500","Complete","0.5216362","2.47E-5","0.2087579","0.3128536","0.515625","0.004","322378","4000","4.786571198089734","5.896539279571406","11.375709989448119","1.7909712039019074","1.5561805918696656","32","6ad6daee0ad4e8690da4c2f3a9ad5ab953ab95d6f3a80ac9994366367dae6f68",""
"0","0","0","baseline","a144eb1a4a89d4ac0912b187b851d7845716c7d8","f56ea4902f385955a8d2438bb306087ba3274848dddfdc36602d269392ab08c1","vectorPerformance","positive32","GPSS","1","4","451689","4000","500","Complete","0.5208045","2.49E-5","0.2036371","0.3171425","0.515625","0.005","312493","4000","7.11180708957874","8.71283262637544","16.641164170760746","1.408214647506748","0.6415784047018325","32","b56b7859597de05ce23273ba96ae874e4baee6fad0f20d955b87448e5465d676",""
"0","0","0","baseline","a144eb1a4a89d4ac0912b187b851d7845716c7d8","f56ea4902f385955a8d2438bb306087ba3274848dddfdc36602d269392ab08c1","vectorPerformance","positive32","GPSS","2","-2","404175","4000","500","Complete","0.2939741","2.44E-5","0.1271242","0.1668255","0.640625","0.002","312248","4000","6.507081555422677","8.267454120088496","11.239726363241573","1.4243493212370788","0.9111742118510904","32","e1f462be7160698fc96433c37d8e6460fa2b583d96e58a05af89904985ee97c5",""
"0","0","0","baseline","a144eb1a4a89d4ac0912b187b851d7845716c7d8","f56ea4902f385955a8d2438bb306087ba3274848dddfdc36602d269392ab08c1","vectorPerformance","positive32","GPSS","2","-1","412094","4000","500","Complete","0.2877026","2.13E-5","0.1195318","0.1681495","0.578125","0.005","312989","4000","5.495322761597328","8.012492423835413","12.29336507256984","1.4621066333934736","0.5327465027759886","32","047503de7ceb57f45f2c33ddf27b78c64d75cb6665a40538a8909c85da9d2c02",""
"0","0","0","baseline","a144eb1a4a89d4ac0912b187b851d7845716c7d8","f56ea4902f385955a8d2438bb306087ba3274848dddfdc36602d269392ab08c1","vectorPerformance","positive32","GPSS","2","0","420013","4000","500","Complete","0.2883974","2.54E-5","0.1202429","0.1681291","0.59375","0.004","315080","4000","5.054210848500271","6.4086389980297715","11.498400167812514","1.682066869867944","1.124774421937512","32","9182bbb858877f9a625ab3c8ae05e7120fdc466f42d5a1dceccf9395da6065e9",""
"0","0","0","baseline","a144eb1a4a89d4ac0912b187b851d7845716c7d8","f56ea4902f385955a8d2438bb306087ba3274848dddfdc36602d269392ab08c1","vectorPerformance","positive32","GPSS","2","1","427932","4000","500","Complete","0.2947715","2.48E-5","0.1190179","0.1757288","0.5625","0.003","310499","4000","4.949526595516298","7.4253970060875725","11.370735805288119","1.496332455560683","0.5218258205642705","32","f0d7064a140efac0e8d7992843e936b5b1ea4f33b336f96c18ed34d07d4ff733",""
"0","0","0","baseline","a144eb1a4a89d4ac0912b187b851d7845716c7d8","f56ea4902f385955a8d2438bb306087ba3274848dddfdc36602d269392ab08c1","vectorPerformance","positive32","GPSS","2","2","435851","4000","500","Complete","0.2921071","3.04E-5","0.1188295","0.1732472","0.90625","0.004","312895","4000","6.595439608345559","8.875134343603566","10.947737821804315","1.3815878832703925","0.38311879002350624","32","0365e43fa384cead64ff9f89d32ea3ea9edfdb1f4523fadebe6c708ca213e343",""
"0","0","0","baseline","a144eb1a4a89d4ac0912b187b851d7845716c7d8","f56ea4902f385955a8d2438bb306087ba3274848dddfdc36602d269392ab08c1","vectorPerformance","positive32","GPSS","2","3","443770","4000","500","Complete","0.2900685","2.68E-5","0.1234085","0.1666332","0.5625","0.003","322378","4000","4.786571198089734","5.896539279571406","11.375709989448119","1.7909712039019074","1.5561805918696656","32","6ad6daee0ad4e8690da4c2f3a9ad5ab953ab95d6f3a80ac9994366367dae6f68",""
"0","0","0","baseline","a144eb1a4a89d4ac0912b187b851d7845716c7d8","f56ea4902f385955a8d2438bb306087ba3274848dddfdc36602d269392ab08c1","vectorPerformance","positive32","GPSS","2","4","451689","4000","500","Complete","0.2902496","2.25E-5","0.1182878","0.1719393","0.578125","0.004","312493","4000","7.11180708957874","8.71283262637544","16.641164170760746","1.408214647506748","0.6415784047018325","32","b56b7859597de05ce23273ba96ae874e4baee6fad0f20d955b87448e5465d676",""
"0","0","0","baseline","a144eb1a4a89d4ac0912b187b851d7845716c7d8","f56ea4902f385955a8d2438bb306087ba3274848dddfdc36602d269392ab08c1","vectorPerformance","positive32","GPSS","4","-2","404175","4000","500","Complete","0.1999238","2.98E-5","0.1035947","0.0962993","0.796875","0.004","312248","4000","6.507081555422677","8.267454120088496","11.239726363241573","1.4243493212370788","0.9111742118510904","32","e1f462be7160698fc96433c37d8e6460fa2b583d96e58a05af89904985ee97c5",""
"0","0","0","baseline","a144eb1a4a89d4ac0912b187b851d7845716c7d8","f56ea4902f385955a8d2438bb306087ba3274848dddfdc36602d269392ab08c1","vectorPerformance","positive32","GPSS","4","-1","412094","4000","500","Complete","0.2023821","2.47E-5","0.1044019","0.0979555","0.828125","0.003","312989","4000","5.495322761597328","8.012492423835413","12.29336507256984","1.4621066333934736","0.5327465027759886","32","047503de7ceb57f45f2c33ddf27b78c64d75cb6665a40538a8909c85da9d2c02",""
"0","0","0","baseline","a144eb1a4a89d4ac0912b187b851d7845716c7d8","f56ea4902f385955a8d2438bb306087ba3274848dddfdc36602d269392ab08c1","vectorPerformance","positive32","GPSS","4","0","420013","4000","500","Complete","0.2001155","2.56E-5","0.1015514","0.0985385","0.765625","0.004","315080","4000","5.054210848500271","6.4086389980297715","11.498400167812514","1.682066869867944","1.124774421937512","32","9182bbb858877f9a625ab3c8ae05e7120fdc466f42d5a1dceccf9395da6065e9",""
"0","0","0","baseline","a144eb1a4a89d4ac0912b187b851d7845716c7d8","f56ea4902f385955a8d2438bb306087ba3274848dddfdc36602d269392ab08c1","vectorPerformance","positive32","GPSS","4","1","427932","4000","500","Complete","0.1929285","2.85E-5","0.1002094","0.0926906","0.75","0.002","310499","4000","4.949526595516298","7.4253970060875725","11.370735805288119","1.496332455560683","0.5218258205642705","32","f0d7064a140efac0e8d7992843e936b5b1ea4f33b336f96c18ed34d07d4ff733",""
"0","0","0","baseline","a144eb1a4a89d4ac0912b187b851d7845716c7d8","f56ea4902f385955a8d2438bb306087ba3274848dddfdc36602d269392ab08c1","vectorPerformance","positive32","GPSS","4","2","435851","4000","500","Complete","0.1964996","2.6E-5","0.0993349","0.0971387","0.75","0.005","312895","4000","6.595439608345559","8.875134343603566","10.947737821804315","1.3815878832703925","0.38311879002350624","32","0365e43fa384cead64ff9f89d32ea3ea9edfdb1f4523fadebe6c708ca213e343",""
"0","0","0","baseline","a144eb1a4a89d4ac0912b187b851d7845716c7d8","f56ea4902f385955a8d2438bb306087ba3274848dddfdc36602d269392ab08c1","vectorPerformance","positive32","GPSS","4","3","443770","4000","500","Complete","0.2014708","2.61E-5","0.1039199","0.0975248","0.75","0.005","322378","4000","4.786571198089734","5.896539279571406","11.375709989448119","1.7909712039019074","1.5561805918696656","32","6ad6daee0ad4e8690da4c2f3a9ad5ab953ab95d6f3a80ac9994366367dae6f68",""
"0","0","0","baseline","a144eb1a4a89d4ac0912b187b851d7845716c7d8","f56ea4902f385955a8d2438bb306087ba3274848dddfdc36602d269392ab08c1","vectorPerformance","positive32","GPSS","4","4","451689","4000","500","Complete","0.1993635","2.46E-5","0.0994299","0.099909","0.765625","0.004","312493","4000","7.11180708957874","8.71283262637544","16.641164170760746","1.408214647506748","0.6415784047018325","32","b56b7859597de05ce23273ba96ae874e4baee6fad0f20d955b87448e5465d676",""
"0","0","0","baseline","a144eb1a4a89d4ac0912b187b851d7845716c7d8","f56ea4902f385955a8d2438bb306087ba3274848dddfdc36602d269392ab08c1","vectorPerformance","positive32","Quantile","1","-2","404175","4000","500","Complete","0.7364807","2.19E-5","0.4059121","0.3305467","0.734375","0.009","2332703","4000","8030.260361578566","7443.725542312934","10980.95587684255","1.0012073242374708","0.03162578897149504","0","109d1589a3cfa1856056d074588bf62a00242342be20aaa02c7f9fa0c3d02464",""
"0","0","0","baseline","a144eb1a4a89d4ac0912b187b851d7845716c7d8","f56ea4902f385955a8d2438bb306087ba3274848dddfdc36602d269392ab08c1","vectorPerformance","positive32","Quantile","1","-1","412094","4000","500","Complete","0.7313393","2.35E-5","0.4037597","0.3275561","0.71875","0.008","2332056","4000","7849.260320702932","7497.08911341319","10218.844461352033","1.000850226319869","0.023734462941020107","0","2e7ae8f39b7d995378c03be6210919257cb3c5da65a71f7499cfe9fc1c43ddaa",""
"0","0","0","baseline","a144eb1a4a89d4ac0912b187b851d7845716c7d8","f56ea4902f385955a8d2438bb306087ba3274848dddfdc36602d269392ab08c1","vectorPerformance","positive32","Quantile","1","0","420013","4000","500","Complete","0.7331675","3.6E-5","0.4085248","0.3246067","0.734375","0.006","2331456","4000","8061.462008922536","7644.287188277893","10396.228328686206","1.000767355772193","0.026399068267307313","0","b1c80d02d980f561db28b8e8c75872a90bfe94527189f07f4dfe1c9226d272e5",""
"0","0","0","baseline","a144eb1a4a89d4ac0912b187b851d7845716c7d8","f56ea4902f385955a8d2438bb306087ba3274848dddfdc36602d269392ab08c1","vectorPerformance","positive32","Quantile","1","1","427932","4000","500","Complete","0.7356755","2.11E-5","0.4098765","0.3257779","0.734375","0.007","2330866","4000","7748.716822064378","7364.471868294603","10702.763364386927","1.0006942215274883","0.030448865944532777","0","218737eae3e2da277e8b65fe3a76bd5f04046950597185a676bdc475001c1e46",""
"0","0","0","baseline","a144eb1a4a89d4ac0912b187b851d7845716c7d8","f56ea4902f385955a8d2438bb306087ba3274848dddfdc36602d269392ab08c1","vectorPerformance","positive32","Quantile","1","2","435851","4000","500","Complete","0.7351126","2.01E-5","0.4056555","0.329437","0.734375","0.008","2331863","4000","7994.761109518766","7444.795092892279","10756.070846197807","1.0010742652566522","0.026722483101742966","0","fb50892c47662c7c9c7473b45775635e782a20ef09488c3bc7f407bd559adfe3",""
"0","0","0","baseline","a144eb1a4a89d4ac0912b187b851d7845716c7d8","f56ea4902f385955a8d2438bb306087ba3274848dddfdc36602d269392ab08c1","vectorPerformance","positive32","Quantile","1","3","443770","4000","500","Complete","0.7431936","5.37E-5","0.409524","0.3336159","0.75","0.009","2331071","4000","8046.326204198977","7094.826103737033","10587.156707045673","1.0006492486922247","0.022192055198105076","0","ea829d033823c80e3ad79c2bf9f4c957103c19055e7f39ac840ae3dd8ecf7787",""
"0","0","0","baseline","a144eb1a4a89d4ac0912b187b851d7845716c7d8","f56ea4902f385955a8d2438bb306087ba3274848dddfdc36602d269392ab08c1","vectorPerformance","positive32","Quantile","1","4","451689","4000","500","Complete","0.7432395","2.13E-5","0.4087055","0.3345127","0.765625","0.012","2329615","4000","8049.572429524939","7585.9302215949265","10803.178568962107","1.001435614653514","0.019996657665890316","0","f2275fab90488b6e0703edb3fe7b6bef8718ce8c0b14a645dc9d2b61880d135c",""
"0","0","0","baseline","a144eb1a4a89d4ac0912b187b851d7845716c7d8","f56ea4902f385955a8d2438bb306087ba3274848dddfdc36602d269392ab08c1","vectorPerformance","positive32","Quantile","2","-2","404175","4000","500","Complete","0.4161396","2.28E-5","0.2441836","0.1719332","1.1875","0.007","2332703","4000","8030.260361578566","7443.725542312934","10980.95587684255","1.0012073242374708","0.03162578897149504","0","109d1589a3cfa1856056d074588bf62a00242342be20aaa02c7f9fa0c3d02464",""
"0","0","0","baseline","a144eb1a4a89d4ac0912b187b851d7845716c7d8","f56ea4902f385955a8d2438bb306087ba3274848dddfdc36602d269392ab08c1","vectorPerformance","positive32","Quantile","2","-1","412094","4000","500","Complete","0.3931185","2.19E-5","0.2248732","0.1682234","0.796875","0.006","2332056","4000","7849.260320702932","7497.08911341319","10218.844461352033","1.000850226319869","0.023734462941020107","0","2e7ae8f39b7d995378c03be6210919257cb3c5da65a71f7499cfe9fc1c43ddaa",""
"0","0","0","baseline","a144eb1a4a89d4ac0912b187b851d7845716c7d8","f56ea4902f385955a8d2438bb306087ba3274848dddfdc36602d269392ab08c1","vectorPerformance","positive32","Quantile","2","0","420013","4000","500","Complete","0.3950218","2.3E-5","0.2219627","0.1730361","0.78125","0.009","2331456","4000","8061.462008922536","7644.287188277893","10396.228328686206","1.000767355772193","0.026399068267307313","0","b1c80d02d980f561db28b8e8c75872a90bfe94527189f07f4dfe1c9226d272e5",""
"0","0","0","baseline","a144eb1a4a89d4ac0912b187b851d7845716c7d8","f56ea4902f385955a8d2438bb306087ba3274848dddfdc36602d269392ab08c1","vectorPerformance","positive32","Quantile","2","1","427932","4000","500","Complete","0.3951042","2.26E-5","0.2226448","0.1724368","0.78125","0.009","2330866","4000","7748.716822064378","7364.471868294603","10702.763364386927","1.0006942215274883","0.030448865944532777","0","218737eae3e2da277e8b65fe3a76bd5f04046950597185a676bdc475001c1e46",""
"0","0","0","baseline","a144eb1a4a89d4ac0912b187b851d7845716c7d8","f56ea4902f385955a8d2438bb306087ba3274848dddfdc36602d269392ab08c1","vectorPerformance","positive32","Quantile","2","2","435851","4000","500","Complete","0.4016029","2.26E-5","0.2262799","0.1753004","0.875","0.009","2331863","4000","7994.761109518766","7444.795092892279","10756.070846197807","1.0010742652566522","0.026722483101742966","0","fb50892c47662c7c9c7473b45775635e782a20ef09488c3bc7f407bd559adfe3",""
"0","0","0","baseline","a144eb1a4a89d4ac0912b187b851d7845716c7d8","f56ea4902f385955a8d2438bb306087ba3274848dddfdc36602d269392ab08c1","vectorPerformance","positive32","Quantile","2","3","443770","4000","500","Complete","0.3920463","3.26E-5","0.2216637","0.17035","0.78125","0.009","2331071","4000","8046.326204198977","7094.826103737033","10587.156707045673","1.0006492486922247","0.022192055198105076","0","ea829d033823c80e3ad79c2bf9f4c957103c19055e7f39ac840ae3dd8ecf7787",""
"0","0","0","baseline","a144eb1a4a89d4ac0912b187b851d7845716c7d8","f56ea4902f385955a8d2438bb306087ba3274848dddfdc36602d269392ab08c1","vectorPerformance","positive32","Quantile","2","4","451689","4000","500","Complete","0.3909466","2.0E-5","0.2221758","0.1687508","0.78125","0.007","2329615","4000","8049.572429524939","7585.9302215949265","10803.178568962107","1.001435614653514","0.019996657665890316","0","f2275fab90488b6e0703edb3fe7b6bef8718ce8c0b14a645dc9d2b61880d135c",""
"0","0","0","baseline","a144eb1a4a89d4ac0912b187b851d7845716c7d8","f56ea4902f385955a8d2438bb306087ba3274848dddfdc36602d269392ab08c1","vectorPerformance","positive32","Quantile","4","-2","404175","4000","500","Complete","0.2776878","2.14E-5","0.1815297","0.0961367","1.109375","0.008","2332703","4000","8030.260361578566","7443.725542312934","10980.95587684255","1.0012073242374708","0.03162578897149504","0","109d1589a3cfa1856056d074588bf62a00242342be20aaa02c7f9fa0c3d02464",""
"0","0","0","baseline","a144eb1a4a89d4ac0912b187b851d7845716c7d8","f56ea4902f385955a8d2438bb306087ba3274848dddfdc36602d269392ab08c1","vectorPerformance","positive32","Quantile","4","-1","412094","4000","500","Complete","0.2853123","2.0E-5","0.1875599","0.0977324","1.109375","0.009","2332056","4000","7849.260320702932","7497.08911341319","10218.844461352033","1.000850226319869","0.023734462941020107","0","2e7ae8f39b7d995378c03be6210919257cb3c5da65a71f7499cfe9fc1c43ddaa",""
"0","0","0","baseline","a144eb1a4a89d4ac0912b187b851d7845716c7d8","f56ea4902f385955a8d2438bb306087ba3274848dddfdc36602d269392ab08c1","vectorPerformance","positive32","Quantile","4","0","420013","4000","500","Complete","0.2835391","2.19E-5","0.1876265","0.0958907","1.6875","0.01","2331456","4000","8061.462008922536","7644.287188277893","10396.228328686206","1.000767355772193","0.026399068267307313","0","b1c80d02d980f561db28b8e8c75872a90bfe94527189f07f4dfe1c9226d272e5",""
"0","0","0","baseline","a144eb1a4a89d4ac0912b187b851d7845716c7d8","f56ea4902f385955a8d2438bb306087ba3274848dddfdc36602d269392ab08c1","vectorPerformance","positive32","Quantile","4","1","427932","4000","500","Complete","0.275811","2.36E-5","0.1779653","0.0978221","1.0625","0.008","2330866","4000","7748.716822064378","7364.471868294603","10702.763364386927","1.0006942215274883","0.030448865944532777","0","218737eae3e2da277e8b65fe3a76bd5f04046950597185a676bdc475001c1e46",""
"0","0","0","baseline","a144eb1a4a89d4ac0912b187b851d7845716c7d8","f56ea4902f385955a8d2438bb306087ba3274848dddfdc36602d269392ab08c1","vectorPerformance","positive32","Quantile","4","2","435851","4000","500","Complete","0.2820635","2.22E-5","0.186457","0.0955843","1.125","0.006","2331863","4000","7994.761109518766","7444.795092892279","10756.070846197807","1.0010742652566522","0.026722483101742966","0","fb50892c47662c7c9c7473b45775635e782a20ef09488c3bc7f407bd559adfe3",""
"0","0","0","baseline","a144eb1a4a89d4ac0912b187b851d7845716c7d8","f56ea4902f385955a8d2438bb306087ba3274848dddfdc36602d269392ab08c1","vectorPerformance","positive32","Quantile","4","3","443770","4000","500","Complete","0.2835927","2.01E-5","0.1911118","0.0924608","1.4375","0.006","2331071","4000","8046.326204198977","7094.826103737033","10587.156707045673","1.0006492486922247","0.022192055198105076","0","ea829d033823c80e3ad79c2bf9f4c957103c19055e7f39ac840ae3dd8ecf7787",""
"0","0","0","baseline","a144eb1a4a89d4ac0912b187b851d7845716c7d8","f56ea4902f385955a8d2438bb306087ba3274848dddfdc36602d269392ab08c1","vectorPerformance","positive32","Quantile","4","4","451689","4000","500","Complete","0.2796718","2.13E-5","0.1801354","0.0995151","1.421875","0.008","2329615","4000","8049.572429524939","7585.9302215949265","10803.178568962107","1.001435614653514","0.019996657665890316","0","f2275fab90488b6e0703edb3fe7b6bef8718ce8c0b14a645dc9d2b61880d135c",""
"1","0","1","current","c2329aa008622953f95ab0acb344552cf2f4c9f8","752b815b612ca031ad9aa14de69534862010e68c985d7eb34455daed19a34187","vectorPerformance","correlated32","GPSS","1","-2","404175","4000","500","Complete","0.4544904","3.06E-5","0.2162876","0.2381722","0.453125","0.004","265461","4000","645.117038188815","619.6601510130125","111.82974658890811","1.4709232708798055","0.0221888479832677","32","34ba7e81aae421fabb6d7abc8b37fed811e4c6a3b11b225e03c34135c20e5fab",""
"1","0","1","current","c2329aa008622953f95ab0acb344552cf2f4c9f8","752b815b612ca031ad9aa14de69534862010e68c985d7eb34455daed19a34187","vectorPerformance","correlated32","GPSS","1","-1","412094","4000","500","Complete","0.4596974","2.89E-5","0.2126776","0.2469909","0.453125","0.007","260316","4000","564.5119782236644","553.9746471274595","68.93212740164371","1.6458772028336794","0.06977010736276656","32","0dd72e443f3b53513a682dd3fda3078d30eb3ca1e5546f164ad2b8797a0cc49f",""
"1","0","1","current","c2329aa008622953f95ab0acb344552cf2f4c9f8","752b815b612ca031ad9aa14de69534862010e68c985d7eb34455daed19a34187","vectorPerformance","correlated32","GPSS","1","0","420013","4000","500","Complete","0.4650761","2.98E-5","0.2210727","0.2439736","0.453125","0.006","271170","4000","550.788691510793","462.92862585511017","31.898583590051008","1.6153232296497368","0.02539427674995709","32","4e32fd58fd10390b4e797c6902eed30b34036ec3e48184af25c550e5ecd201e4",""
"1","0","1","current","c2329aa008622953f95ab0acb344552cf2f4c9f8","752b815b612ca031ad9aa14de69534862010e68c985d7eb34455daed19a34187","vectorPerformance","correlated32","GPSS","1","1","427932","4000","500","Complete","0.4418794","2.94E-5","0.1988204","0.2430296","0.453125","0.004","243643","4000","728.9168563232058","707.6422054588379","37.327199337196575","1.394679319897266","0.014786962883091226","32","6556bc9a5258d4cf10554a8f1be0f66bc02b8dd465a89ab0179fc4a9bce27863",""
"1","0","1","current","c2329aa008622953f95ab0acb344552cf2f4c9f8","752b815b612ca031ad9aa14de69534862010e68c985d7eb34455daed19a34187","vectorPerformance","correlated32","GPSS","1","2","435851","4000","500","Complete","0.4460932","2.24E-5","0.2070991","0.2389717","0.453125","0.004","252525","4000","851.515000276373","802.0414367077282","72.65826721585422","1.3443798021720257","0.05441559245735261","32","241b3dbb9e14d1912d29f4167a0d49b5aac92799d098cc4aea7fd189aea591d5",""
"1","0","1","current","c2329aa008622953f95ab0acb344552cf2f4c9f8","752b815b612ca031ad9aa14de69534862010e68c985d7eb34455daed19a34187","vectorPerformance","correlated32","GPSS","1","3","443770","4000","500","Complete","0.450202","2.42E-5","0.21243","0.2377478","0.4375","0.004","252476","4000","579.6107666912351","519.1606176358861","80.32525737492834","1.1037679615355824","0.05661873010414342","32","e379cb80ecf5804cc22ddf166b2fd12dfc52cf394467b1b6e6cab088cb4ce1a7",""
"1","0","1","current","c2329aa008622953f95ab0acb344552cf2f4c9f8","752b815b612ca031ad9aa14de69534862010e68c985d7eb34455daed19a34187","vectorPerformance","correlated32","GPSS","1","4","451689","4000","500","Complete","0.4623144","2.24E-5","0.223109","0.239183","0.46875","0.002","276146","4000","745.841296773472","687.9271641953604","73.67496547194912","1.1447391912214941","0.06804485983194875","32","d07f89bf5cc41c4bd92db0f6611a71a2eba9eae89a88327e3e8eeccefa31029b",""
"1","0","1","current","c2329aa008622953f95ab0acb344552cf2f4c9f8","752b815b612ca031ad9aa14de69534862010e68c985d7eb34455daed19a34187","vectorPerformance","correlated32","GPSS","2","-2","404175","4000","500","Complete","0.2782737","3.94E-5","0.1492138","0.1290205","0.671875","0.004","265461","4000","645.117038188815","619.6601510130125","111.82974658890811","1.4709232708798055","0.0221888479832677","32","34ba7e81aae421fabb6d7abc8b37fed811e4c6a3b11b225e03c34135c20e5fab",""
"1","0","1","current","c2329aa008622953f95ab0acb344552cf2f4c9f8","752b815b612ca031ad9aa14de69534862010e68c985d7eb34455daed19a34187","vectorPerformance","correlated32","GPSS","2","-1","412094","4000","500","Complete","0.2708278","2.85E-5","0.1451723","0.125627","0.875","0.003","260316","4000","564.5119782236644","553.9746471274595","68.93212740164371","1.6458772028336794","0.06977010736276656","32","0dd72e443f3b53513a682dd3fda3078d30eb3ca1e5546f164ad2b8797a0cc49f",""
"1","0","1","current","c2329aa008622953f95ab0acb344552cf2f4c9f8","752b815b612ca031ad9aa14de69534862010e68c985d7eb34455daed19a34187","vectorPerformance","correlated32","GPSS","2","0","420013","4000","500","Complete","0.2723348","3.72E-5","0.1456198","0.1266778","0.53125","0.002","271170","4000","550.788691510793","462.92862585511017","31.898583590051008","1.6153232296497368","0.02539427674995709","32","4e32fd58fd10390b4e797c6902eed30b34036ec3e48184af25c550e5ecd201e4",""
"1","0","1","current","c2329aa008622953f95ab0acb344552cf2f4c9f8","752b815b612ca031ad9aa14de69534862010e68c985d7eb34455daed19a34187","vectorPerformance","correlated32","GPSS","2","1","427932","4000","500","Complete","0.2559598","4.7E-5","0.1303104","0.1256024","0.84375","0.002","243643","4000","728.9168563232058","707.6422054588379","37.327199337196575","1.394679319897266","0.014786962883091226","32","6556bc9a5258d4cf10554a8f1be0f66bc02b8dd465a89ab0179fc4a9bce27863",""
"1","0","1","current","c2329aa008622953f95ab0acb344552cf2f4c9f8","752b815b612ca031ad9aa14de69534862010e68c985d7eb34455daed19a34187","vectorPerformance","correlated32","GPSS","2","2","435851","4000","500","Complete","0.2672263","2.25E-5","0.1366036","0.1306002","0.515625","0.004","252525","4000","851.515000276373","802.0414367077282","72.65826721585422","1.3443798021720257","0.05441559245735261","32","241b3dbb9e14d1912d29f4167a0d49b5aac92799d098cc4aea7fd189aea591d5",""
"1","0","1","current","c2329aa008622953f95ab0acb344552cf2f4c9f8","752b815b612ca031ad9aa14de69534862010e68c985d7eb34455daed19a34187","vectorPerformance","correlated32","GPSS","2","3","443770","4000","500","Complete","0.2636701","2.52E-5","0.139237","0.1244079","0.515625","0.004","252476","4000","579.6107666912351","519.1606176358861","80.32525737492834","1.1037679615355824","0.05661873010414342","32","e379cb80ecf5804cc22ddf166b2fd12dfc52cf394467b1b6e6cab088cb4ce1a7",""
"1","0","1","current","c2329aa008622953f95ab0acb344552cf2f4c9f8","752b815b612ca031ad9aa14de69534862010e68c985d7eb34455daed19a34187","vectorPerformance","correlated32","GPSS","2","4","451689","4000","500","Complete","0.2767718","2.18E-5","0.1471828","0.1295672","0.546875","0.004","276146","4000","745.841296773472","687.9271641953604","73.67496547194912","1.1447391912214941","0.06804485983194875","32","d07f89bf5cc41c4bd92db0f6611a71a2eba9eae89a88327e3e8eeccefa31029b",""
"1","0","1","current","c2329aa008622953f95ab0acb344552cf2f4c9f8","752b815b612ca031ad9aa14de69534862010e68c985d7eb34455daed19a34187","vectorPerformance","correlated32","GPSS","4","-2","404175","4000","500","Complete","0.2074194","3.11E-5","0.1359904","0.0713979","0.8125","0.002","265461","4000","645.117038188815","619.6601510130125","111.82974658890811","1.4709232708798055","0.0221888479832677","32","34ba7e81aae421fabb6d7abc8b37fed811e4c6a3b11b225e03c34135c20e5fab",""
"1","0","1","current","c2329aa008622953f95ab0acb344552cf2f4c9f8","752b815b612ca031ad9aa14de69534862010e68c985d7eb34455daed19a34187","vectorPerformance","correlated32","GPSS","4","-1","412094","4000","500","Complete","0.210581","2.8E-5","0.1330088","0.0775442","0.796875","0.005","260316","4000","564.5119782236644","553.9746471274595","68.93212740164371","1.6458772028336794","0.06977010736276656","32","0dd72e443f3b53513a682dd3fda3078d30eb3ca1e5546f164ad2b8797a0cc49f",""
"1","0","1","current","c2329aa008622953f95ab0acb344552cf2f4c9f8","752b815b612ca031ad9aa14de69534862010e68c985d7eb34455daed19a34187","vectorPerformance","correlated32","GPSS","4","0","420013","4000","500","Complete","0.2065497","3.43E-5","0.1355035","0.0710119","1.125","0.004","271170","4000","550.788691510793","462.92862585511017","31.898583590051008","1.6153232296497368","0.02539427674995709","32","4e32fd58fd10390b4e797c6902eed30b34036ec3e48184af25c550e5ecd201e4",""
"1","0","1","current","c2329aa008622953f95ab0acb344552cf2f4c9f8","752b815b612ca031ad9aa14de69534862010e68c985d7eb34455daed19a34187","vectorPerformance","correlated32","GPSS","4","1","427932","4000","500","Complete","0.2033282","3.06E-5","0.1217351","0.0815625","0.765625","0.004","243643","4000","728.9168563232058","707.6422054588379","37.327199337196575","1.394679319897266","0.014786962883091226","32","6556bc9a5258d4cf10554a8f1be0f66bc02b8dd465a89ab0179fc4a9bce27863",""
"1","0","1","current","c2329aa008622953f95ab0acb344552cf2f4c9f8","752b815b612ca031ad9aa14de69534862010e68c985d7eb34455daed19a34187","vectorPerformance","correlated32","GPSS","4","2","435851","4000","500","Complete","0.1984422","5.42E-5","0.1261814","0.0722066","0.796875","0.004","252525","4000","851.515000276373","802.0414367077282","72.65826721585422","1.3443798021720257","0.05441559245735261","32","241b3dbb9e14d1912d29f4167a0d49b5aac92799d098cc4aea7fd189aea591d5",""
"1","0","1","current","c2329aa008622953f95ab0acb344552cf2f4c9f8","752b815b612ca031ad9aa14de69534862010e68c985d7eb34455daed19a34187","vectorPerformance","correlated32","GPSS","4","3","443770","4000","500","Complete","0.1955997","2.36E-5","0.1261904","0.0693857","0.71875","0.002","252476","4000","579.6107666912351","519.1606176358861","80.32525737492834","1.1037679615355824","0.05661873010414342","32","e379cb80ecf5804cc22ddf166b2fd12dfc52cf394467b1b6e6cab088cb4ce1a7",""
"1","0","1","current","c2329aa008622953f95ab0acb344552cf2f4c9f8","752b815b612ca031ad9aa14de69534862010e68c985d7eb34455daed19a34187","vectorPerformance","correlated32","GPSS","4","4","451689","4000","500","Complete","0.2106021","2.5E-5","0.1365999","0.0739772","0.875","0.005","276146","4000","745.841296773472","687.9271641953604","73.67496547194912","1.1447391912214941","0.06804485983194875","32","d07f89bf5cc41c4bd92db0f6611a71a2eba9eae89a88327e3e8eeccefa31029b",""
"1","0","1","current","c2329aa008622953f95ab0acb344552cf2f4c9f8","752b815b612ca031ad9aa14de69534862010e68c985d7eb34455daed19a34187","vectorPerformance","correlated32","Quantile","1","-2","404175","4000","500","Complete","1.5079752","2.15E-5","1.2599908","0.2479629","1.5","0.018","3282856","4000","23.797668269094697","23.991783455481954","49.25430937145106","1.1516283632440742","0.3728865535403717","32","a76e28f6e88c6be3891bdc833beb8d8d0a1740b95f0935a4806e8ab65d3c899c",""
"1","0","1","current","c2329aa008622953f95ab0acb344552cf2f4c9f8","752b815b612ca031ad9aa14de69534862010e68c985d7eb34455daed19a34187","vectorPerformance","correlated32","Quantile","1","-1","412094","4000","500","Complete","1.4948487","1.97E-5","1.2468272","0.2480018","1.828125","0.018","3230583","4000","31.726513907349148","31.532168002260388","97.16989966673968","1.0798839490509835","0.08306741567350584","32","f9ed8df14134bddcfbb2d40aa6e479cfbaad40e1882750767724d2bc52df3b34",""
"1","0","1","current","c2329aa008622953f95ab0acb344552cf2f4c9f8","752b815b612ca031ad9aa14de69534862010e68c985d7eb34455daed19a34187","vectorPerformance","correlated32","Quantile","1","0","420013","4000","500","Complete","1.4816068","2.2E-5","1.241344","0.2402408","1.828125","0.018","3251733","4000","36.23737925347603","37.074760300245536","94.41153342442881","1.094481746270784","0.006936160462634622","32","70f5117f96cd02d2870b347963ec61f489004b4e752f979286b6bbb78357a72b",""
"1","0","1","current","c2329aa008622953f95ab0acb344552cf2f4c9f8","752b815b612ca031ad9aa14de69534862010e68c985d7eb34455daed19a34187","vectorPerformance","correlated32","Quantile","1","1","427932","4000","500","Complete","1.4896615","2.03E-5","1.2482979","0.2413433","2.25","0.019","3236479","4000","31.801672449893193","32.058114379350506","84.74388663935426","1.0852433257313874","0.03363458703623934","32","9361e774d845e114d77fdb68cfdc974ca4f240b9ee801485b53bd51fdc75e4ee",""
"1","0","1","current","c2329aa008622953f95ab0acb344552cf2f4c9f8","752b815b612ca031ad9aa14de69534862010e68c985d7eb34455daed19a34187","vectorPerformance","correlated32","Quantile","1","2","435851","4000","500","Complete","1.4841155","2.18E-5","1.2343868","0.2497069","1.46875","0.018","3213584","4000","18.827593772089372","19.418977153927276","144.36214774069362","1.1856715933721973","0.22462708158086309","32","be8072aea54a06faab2c2090774614aa1ad4df6564d26d325be8e1037fc3c851",""
"1","0","1","current","c2329aa008622953f95ab0acb344552cf2f4c9f8","752b815b612ca031ad9aa14de69534862010e68c985d7eb34455daed19a34187","vectorPerformance","correlated32","Quantile","1","3","443770","4000","500","Complete","1.5181674","2.2E-5","1.2630344","0.255111","1.859375","0.019","3292746","4000","8.551688513959126","8.66542172384507","23.37880092498311","1.3883316083476982","0.08359316129464744","32","3ae74ba297dfc21cabfcf0707b44b409c98d3bd3f9dfc2b6af98aa1fde2b375a",""
"1","0","1","current","c2329aa008622953f95ab0acb344552cf2f4c9f8","752b815b612ca031ad9aa14de69534862010e68c985d7eb34455daed19a34187","vectorPerformance","correlated32","Quantile","1","4","451689","4000","500","Complete","1.4772244","2.11E-5","1.2290042","0.2481991","2.15625","0.019","3210555","4000","32.00943946980557","33.91863557210035","93.00550074538009","1.0837128123690845","0.1407722816405288","32","6de2fd21c7960b9d9708ca419e8aba6e1a90d027a2db52b77e66a4a749ca160e",""
"1","0","1","current","c2329aa008622953f95ab0acb344552cf2f4c9f8","752b815b612ca031ad9aa14de69534862010e68c985d7eb34455daed19a34187","vectorPerformance","correlated32","Quantile","2","-2","404175","4000","500","Complete","1.0250973","1.93E-5","0.8868666","0.1382114","2.0625","0.02","3282856","4000","23.797668269094697","23.991783455481954","49.25430937145106","1.1516283632440742","0.3728865535403717","32","a76e28f6e88c6be3891bdc833beb8d8d0a1740b95f0935a4806e8ab65d3c899c",""
"1","0","1","current","c2329aa008622953f95ab0acb344552cf2f4c9f8","752b815b612ca031ad9aa14de69534862010e68c985d7eb34455daed19a34187","vectorPerformance","correlated32","Quantile","2","-1","412094","4000","500","Complete","1.0221341","1.88E-5","0.8881957","0.1339196","2.390625","0.018","3230583","4000","31.726513907349148","31.532168002260388","97.16989966673968","1.0798839490509835","0.08306741567350584","32","f9ed8df14134bddcfbb2d40aa6e479cfbaad40e1882750767724d2bc52df3b34",""
"1","0","1","current","c2329aa008622953f95ab0acb344552cf2f4c9f8","752b815b612ca031ad9aa14de69534862010e68c985d7eb34455daed19a34187","vectorPerformance","correlated32","Quantile","2","0","420013","4000","500","Complete","1.000703","1.9E-5","0.874639","0.126045","2.0","0.017","3251733","4000","36.23737925347603","37.074760300245536","94.41153342442881","1.094481746270784","0.006936160462634622","32","70f5117f96cd02d2870b347963ec61f489004b4e752f979286b6bbb78357a72b",""
"1","0","1","current","c2329aa008622953f95ab0acb344552cf2f4c9f8","752b815b612ca031ad9aa14de69534862010e68c985d7eb34455daed19a34187","vectorPerformance","correlated32","Quantile","2","1","427932","4000","500","Complete","1.0035166","2.22E-5","0.8745446","0.1289498","1.96875","0.018","3236479","4000","31.801672449893193","32.058114379350506","84.74388663935426","1.0852433257313874","0.03363458703623934","32","9361e774d845e114d77fdb68cfdc974ca4f240b9ee801485b53bd51fdc75e4ee",""
"1","0","1","current","c2329aa008622953f95ab0acb344552cf2f4c9f8","752b815b612ca031ad9aa14de69534862010e68c985d7eb34455daed19a34187","vectorPerformance","correlated32","Quantile","2","2","435851","4000","500","Complete","1.0053994","1.95E-5","0.8764525","0.1289274","2.328125","0.018","3213584","4000","18.827593772089372","19.418977153927276","144.36214774069362","1.1856715933721973","0.22462708158086309","32","be8072aea54a06faab2c2090774614aa1ad4df6564d26d325be8e1037fc3c851",""
"1","0","1","current","c2329aa008622953f95ab0acb344552cf2f4c9f8","752b815b612ca031ad9aa14de69534862010e68c985d7eb34455daed19a34187","vectorPerformance","correlated32","Quantile","2","3","443770","4000","500","Complete","1.0248819","2.13E-5","0.8854779","0.1393827","2.609375","0.019","3292746","4000","8.551688513959126","8.66542172384507","23.37880092498311","1.3883316083476982","0.08359316129464744","32","3ae74ba297dfc21cabfcf0707b44b409c98d3bd3f9dfc2b6af98aa1fde2b375a",""
"1","0","1","current","c2329aa008622953f95ab0acb344552cf2f4c9f8","752b815b612ca031ad9aa14de69534862010e68c985d7eb34455daed19a34187","vectorPerformance","correlated32","Quantile","2","4","451689","4000","500","Complete","1.0079122","2.05E-5","0.8738242","0.1340675","2.34375","0.019","3210555","4000","32.00943946980557","33.91863557210035","93.00550074538009","1.0837128123690845","0.1407722816405288","32","6de2fd21c7960b9d9708ca419e8aba6e1a90d027a2db52b77e66a4a749ca160e",""
"1","0","1","current","c2329aa008622953f95ab0acb344552cf2f4c9f8","752b815b612ca031ad9aa14de69534862010e68c985d7eb34455daed19a34187","vectorPerformance","correlated32","Quantile","4","-2","404175","4000","500","Complete","0.9216986","2.03E-5","0.8419384","0.0797399","3.5625","0.02","3282856","4000","23.797668269094697","23.991783455481954","49.25430937145106","1.1516283632440742","0.3728865535403717","32","a76e28f6e88c6be3891bdc833beb8d8d0a1740b95f0935a4806e8ab65d3c899c",""
"1","0","1","current","c2329aa008622953f95ab0acb344552cf2f4c9f8","752b815b612ca031ad9aa14de69534862010e68c985d7eb34455daed19a34187","vectorPerformance","correlated32","Quantile","4","-1","412094","4000","500","Complete","0.8889214","2.78E-5","0.8147827","0.0741109","3.546875","0.018","3230583","4000","31.726513907349148","31.532168002260388","97.16989966673968","1.0798839490509835","0.08306741567350584","32","f9ed8df14134bddcfbb2d40aa6e479cfbaad40e1882750767724d2bc52df3b34",""
"1","0","1","current","c2329aa008622953f95ab0acb344552cf2f4c9f8","752b815b612ca031ad9aa14de69534862010e68c985d7eb34455daed19a34187","vectorPerformance","correlated32","Quantile","4","0","420013","4000","500","Complete","0.8935447","2.06E-5","0.8199832","0.0735409","3.515625","0.018","3251733","4000","36.23737925347603","37.074760300245536","94.41153342442881","1.094481746270784","0.006936160462634622","32","70f5117f96cd02d2870b347963ec61f489004b4e752f979286b6bbb78357a72b",""
"1","0","1","current","c2329aa008622953f95ab0acb344552cf2f4c9f8","752b815b612ca031ad9aa14de69534862010e68c985d7eb34455daed19a34187","vectorPerformance","correlated32","Quantile","4","1","427932","4000","500","Complete","0.8899066","2.11E-5","0.8170408","0.0728447","3.96875","0.017","3236479","4000","31.801672449893193","32.058114379350506","84.74388663935426","1.0852433257313874","0.03363458703623934","32","9361e774d845e114d77fdb68cfdc974ca4f240b9ee801485b53bd51fdc75e4ee",""
"1","0","1","current","c2329aa008622953f95ab0acb344552cf2f4c9f8","752b815b612ca031ad9aa14de69534862010e68c985d7eb34455daed19a34187","vectorPerformance","correlated32","Quantile","4","2","435851","4000","500","Complete","0.9033118","1.93E-5","0.8232107","0.0800818","3.59375","0.018","3213584","4000","18.827593772089372","19.418977153927276","144.36214774069362","1.1856715933721973","0.22462708158086309","32","be8072aea54a06faab2c2090774614aa1ad4df6564d26d325be8e1037fc3c851",""
"1","0","1","current","c2329aa008622953f95ab0acb344552cf2f4c9f8","752b815b612ca031ad9aa14de69534862010e68c985d7eb34455daed19a34187","vectorPerformance","correlated32","Quantile","4","3","443770","4000","500","Complete","0.9169813","1.99E-5","0.8348143","0.0821471","3.609375","0.02","3292746","4000","8.551688513959126","8.66542172384507","23.37880092498311","1.3883316083476982","0.08359316129464744","32","3ae74ba297dfc21cabfcf0707b44b409c98d3bd3f9dfc2b6af98aa1fde2b375a",""
"1","0","1","current","c2329aa008622953f95ab0acb344552cf2f4c9f8","752b815b612ca031ad9aa14de69534862010e68c985d7eb34455daed19a34187","vectorPerformance","correlated32","Quantile","4","4","451689","4000","500","Complete","0.8918336","2.01E-5","0.8162454","0.0755681","3.8125","0.017","3210555","4000","32.00943946980557","33.91863557210035","93.00550074538009","1.0837128123690845","0.1407722816405288","32","6de2fd21c7960b9d9708ca419e8aba6e1a90d027a2db52b77e66a4a749ca160e",""
"1","0","1","current","c2329aa008622953f95ab0acb344552cf2f4c9f8","752b815b612ca031ad9aa14de69534862010e68c985d7eb34455daed19a34187","vectorPerformance","gaussian32","GPSS","1","-2","404175","4000","500","Complete","0.355383","4.68E-5","0.100256","0.2550802","0.703125","0.005","139155","4000","14560.87743232489","14566.888663880416","9030.296419517286","1.0011086994050007","0.013020088729037094","0","f3ae7e88a3469d95a481057ff78725be41612c1e7bdf2f3d1a7c73f5a42981cf",""
"1","0","1","current","c2329aa008622953f95ab0acb344552cf2f4c9f8","752b815b612ca031ad9aa14de69534862010e68c985d7eb34455daed19a34187","vectorPerformance","gaussian32","GPSS","1","-1","412094","4000","500","Complete","0.3547413","4.14E-5","0.0990027","0.2556972","0.359375","0.005","138730","4000","14723.327722756223","14738.615855733822","8857.898575485036","1.0012097458367082","0.014860253936955947","0","6d85793e19e5639b0a7430ab942ac98e6519fa4be0fbcee8a8930a2af289299d",""
"1","0","1","current","c2329aa008622953f95ab0acb344552cf2f4c9f8","752b815b612ca031ad9aa14de69534862010e68c985d7eb34455daed19a34187","vectorPerformance","gaussian32","GPSS","1","0","420013","4000","500","Complete","0.3515572","4.56E-5","0.0984148","0.2530968","0.359375","0.004","138723","4000","14789.309502344258","14770.299991933614","8878.031772176253","1.0012114173589253","0.02042856356087519","0","fb030bc811389f4cc0c40b053f280c25c0c5e58babb6d5eb761947efb8511783",""
"1","0","1","current","c2329aa008622953f95ab0acb344552cf2f4c9f8","752b815b612ca031ad9aa14de69534862010e68c985d7eb34455daed19a34187","vectorPerformance","gaussian32","GPSS","1","1","427932","4000","500","Complete","0.3543724","5.86E-5","0.1008069","0.2535069","0.390625","0.004","138788","4000","15028.158264845573","15037.33690560915","9075.6220980371","1.0011653829278853","0.016607695975976222","0","3d0bccbf5e695e5e8a5d89fa29a1a353b231a8693474ffa5e1944f58eee51881",""
"1","0","1","current","c2329aa008622953f95ab0acb344552cf2f4c9f8","752b815b612ca031ad9aa14de69534862010e68c985d7eb34455daed19a34187","vectorPerformance","gaussian32","GPSS","1","2","435851","4000","500","Complete","0.3514456","4.6E-5","0.1024785","0.2489211","0.359375","0.003","138703","4000","14933.892470949851","14950.607747787408","8635.192267898514","1.001735370997425","0.021490044822388643","0","603bdfe20f551e62d9c5fbc68e896eb978d3c40134ec7e7cbc17b062760b5957",""
"1","0","1","current","c2329aa008622953f95ab0acb344552cf2f4c9f8","752b815b612ca031ad9aa14de69534862010e68c985d7eb34455daed19a34187","vectorPerformance","gaussian32","GPSS","1","3","443770","4000","500","Complete","0.3758888","3.54E-5","0.1055476","0.2703058","0.359375","0.001","138777","4000","15223.671841621832","15221.605805391002","9210.378340418303","1.0015395267295784","0.016172276604625724","0","2ead94f9fc645301334f7309cfcc4f5b6e54cfdca48deed2f7e56fe38456b29a",""
"1","0","1","current","c2329aa008622953f95ab0acb344552cf2f4c9f8","752b815b612ca031ad9aa14de69534862010e68c985d7eb34455daed19a34187","vectorPerformance","gaussian32","GPSS","1","4","451689","4000","500","Complete","0.3513201","3.47E-5","0.1005862","0.2506992","0.34375","0.001","138750","4000","14345.553258947568","14342.778169951296","8945.28266108745","1.0011866456042022","0.01864774016529802","0","d4278b864a0c0454d1730a6de2433aebfa0ebf5de90d82ef8563be3b95ce2d1a",""
"1","0","1","current","c2329aa008622953f95ab0acb344552cf2f4c9f8","752b815b612ca031ad9aa14de69534862010e68c985d7eb34455daed19a34187","vectorPerformance","gaussian32","GPSS","2","-2","404175","4000","500","Complete","0.2004468","8.16E-5","0.0673916","0.1329736","0.453125","0.001","139155","4000","14560.87743232489","14566.888663880416","9030.296419517286","1.0011086994050007","0.013020088729037094","0","f3ae7e88a3469d95a481057ff78725be41612c1e7bdf2f3d1a7c73f5a42981cf",""
"1","0","1","current","c2329aa008622953f95ab0acb344552cf2f4c9f8","752b815b612ca031ad9aa14de69534862010e68c985d7eb34455daed19a34187","vectorPerformance","gaussian32","GPSS","2","-1","412094","4000","500","Complete","0.2004762","3.86E-5","0.0678954","0.1325422","0.40625","0.003","138730","4000","14723.327722756223","14738.615855733822","8857.898575485036","1.0012097458367082","0.014860253936955947","0","6d85793e19e5639b0a7430ab942ac98e6519fa4be0fbcee8a8930a2af289299d",""
"1","0","1","current","c2329aa008622953f95ab0acb344552cf2f4c9f8","752b815b612ca031ad9aa14de69534862010e68c985d7eb34455daed19a34187","vectorPerformance","gaussian32","GPSS","2","0","420013","4000","500","Complete","0.2016982","3.52E-5","0.0664018","0.1352612","0.40625","0.004","138723","4000","14789.309502344258","14770.299991933614","8878.031772176253","1.0012114173589253","0.02042856356087519","0","fb030bc811389f4cc0c40b053f280c25c0c5e58babb6d5eb761947efb8511783",""
"1","0","1","current","c2329aa008622953f95ab0acb344552cf2f4c9f8","752b815b612ca031ad9aa14de69534862010e68c985d7eb34455daed19a34187","vectorPerformance","gaussian32","GPSS","2","1","427932","4000","500","Complete","0.2012944","3.59E-5","0.0646069","0.1366516","0.734375","0.004","138788","4000","15028.158264845573","15037.33690560915","9075.6220980371","1.0011653829278853","0.016607695975976222","0","3d0bccbf5e695e5e8a5d89fa29a1a353b231a8693474ffa5e1944f58eee51881",""
"1","0","1","current","c2329aa008622953f95ab0acb344552cf2f4c9f8","752b815b612ca031ad9aa14de69534862010e68c985d7eb34455daed19a34187","vectorPerformance","gaussian32","GPSS","2","2","435851","4000","500","Complete","0.2269605","3.6E-5","0.0810696","0.1458549","0.46875","0.005","138703","4000","14933.892470949851","14950.607747787408","8635.192267898514","1.001735370997425","0.021490044822388643","0","603bdfe20f551e62d9c5fbc68e896eb978d3c40134ec7e7cbc17b062760b5957",""
"1","0","1","current","c2329aa008622953f95ab0acb344552cf2f4c9f8","752b815b612ca031ad9aa14de69534862010e68c985d7eb34455daed19a34187","vectorPerformance","gaussian32","GPSS","2","3","443770","4000","500","Complete","0.204349","3.72E-5","0.0727618","0.13155","0.703125","0.003","138777","4000","15223.671841621832","15221.605805391002","9210.378340418303","1.0015395267295784","0.016172276604625724","0","2ead94f9fc645301334f7309cfcc4f5b6e54cfdca48deed2f7e56fe38456b29a",""
"1","0","1","current","c2329aa008622953f95ab0acb344552cf2f4c9f8","752b815b612ca031ad9aa14de69534862010e68c985d7eb34455daed19a34187","vectorPerformance","gaussian32","GPSS","2","4","451689","4000","500","Complete","0.2039321","4.99E-5","0.0665787","0.1373035","0.40625","0.005","138750","4000","14345.553258947568","14342.778169951296","8945.28266108745","1.0011866456042022","0.01864774016529802","0","d4278b864a0c0454d1730a6de2433aebfa0ebf5de90d82ef8563be3b95ce2d1a",""
"1","0","1","current","c2329aa008622953f95ab0acb344552cf2f4c9f8","752b815b612ca031ad9aa14de69534862010e68c985d7eb34455daed19a34187","vectorPerformance","gaussian32","GPSS","4","-2","404175","4000","500","Complete","0.1361649","4.03E-5","0.0633362","0.0727884","0.8125","0.004","139155","4000","14560.87743232489","14566.888663880416","9030.296419517286","1.0011086994050007","0.013020088729037094","0","f3ae7e88a3469d95a481057ff78725be41612c1e7bdf2f3d1a7c73f5a42981cf",""
"1","0","1","current","c2329aa008622953f95ab0acb344552cf2f4c9f8","752b815b612ca031ad9aa14de69534862010e68c985d7eb34455daed19a34187","vectorPerformance","gaussian32","GPSS","4","-1","412094","4000","500","Complete","0.1374769","4.54E-5","0.0618506","0.0755809","0.5","0.002","138730","4000","14723.327722756223","14738.615855733822","8857.898575485036","1.0012097458367082","0.014860253936955947","0","6d85793e19e5639b0a7430ab942ac98e6519fa4be0fbcee8a8930a2af289299d",""
"1","0","1","current","c2329aa008622953f95ab0acb344552cf2f4c9f8","752b815b612ca031ad9aa14de69534862010e68c985d7eb34455daed19a34187","vectorPerformance","gaussian32","GPSS","4","0","420013","4000","500","Complete","0.1330739","3.66E-5","0.060864","0.0721733","0.46875","0.003","138723","4000","14789.309502344258","14770.299991933614","8878.031772176253","1.0012114173589253","0.02042856356087519","0","fb030bc811389f4cc0c40b053f280c25c0c5e58babb6d5eb761947efb8511783",""
"1","0","1","current","c2329aa008622953f95ab0acb344552cf2f4c9f8","752b815b612ca031ad9aa14de69534862010e68c985d7eb34455daed19a34187","vectorPerformance","gaussian32","GPSS","4","1","427932","4000","500","Complete","0.1361751","3.65E-5","0.0622933","0.0738453","0.515625","0.002","138788","4000","15028.158264845573","15037.33690560915","9075.6220980371","1.0011653829278853","0.016607695975976222","0","3d0bccbf5e695e5e8a5d89fa29a1a353b231a8693474ffa5e1944f58eee51881",""
"1","0","1","current","c2329aa008622953f95ab0acb344552cf2f4c9f8","752b815b612ca031ad9aa14de69534862010e68c985d7eb34455daed19a34187","vectorPerformance","gaussian32","GPSS","4","2","435851","4000","500","Complete","0.1382709","3.43E-5","0.0601024","0.0781342","0.5625","0.004","138703","4000","14933.892470949851","14950.607747787408","8635.192267898514","1.001735370997425","0.021490044822388643","0","603bdfe20f551e62d9c5fbc68e896eb978d3c40134ec7e7cbc17b062760b5957",""
"1","0","1","current","c2329aa008622953f95ab0acb344552cf2f4c9f8","752b815b612ca031ad9aa14de69534862010e68c985d7eb34455daed19a34187","vectorPerformance","gaussian32","GPSS","4","3","443770","4000","500","Complete","0.1512031","5.05E-5","0.0687969","0.0823557","0.578125","0.004","138777","4000","15223.671841621832","15221.605805391002","9210.378340418303","1.0015395267295784","0.016172276604625724","0","2ead94f9fc645301334f7309cfcc4f5b6e54cfdca48deed2f7e56fe38456b29a",""
"1","0","1","current","c2329aa008622953f95ab0acb344552cf2f4c9f8","752b815b612ca031ad9aa14de69534862010e68c985d7eb34455daed19a34187","vectorPerformance","gaussian32","GPSS","4","4","451689","4000","500","Complete","0.1357381","3.84E-5","0.0644819","0.0712178","0.484375","0.003","138750","4000","14345.553258947568","14342.778169951296","8945.28266108745","1.0011866456042022","0.01864774016529802","0","d4278b864a0c0454d1730a6de2433aebfa0ebf5de90d82ef8563be3b95ce2d1a",""
"1","0","1","current","c2329aa008622953f95ab0acb344552cf2f4c9f8","752b815b612ca031ad9aa14de69534862010e68c985d7eb34455daed19a34187","vectorPerformance","gaussian32","Quantile","1","-2","404175","4000","500","Complete","0.6665863","3.28E-5","0.4143894","0.2521641","0.6875","0.01","1753214","4000","15219.008327321226","15213.744919585897","12194.607218487616","1.0007110848254097","0.01623649007724448","0","cecc6b4fda00565adaade6079bd9a81eec1cb5425a7364f3a4652f8f1fe688e7",""
"1","0","1","current","c2329aa008622953f95ab0acb344552cf2f4c9f8","752b815b612ca031ad9aa14de69534862010e68c985d7eb34455daed19a34187","vectorPerformance","gaussian32","Quantile","1","-1","412094","4000","500","Complete","0.676082","3.1E-5","0.4201227","0.2559283","0.703125","0.014","1754500","4000","14374.340793710559","14390.679914776822","12593.727427588436","1.0005481375625007","0.020322296447435884","0","710b12b4b32c1d00e33cda313ee3aca4afb06968f65bf5b1d672fd6109f4f43f",""
"1","0","1","current","c2329aa008622953f95ab0acb344552cf2f4c9f8","752b815b612ca031ad9aa14de69534862010e68c985d7eb34455daed19a34187","vectorPerformance","gaussian32","Quantile","1","0","420013","4000","500","Complete","0.6626374","2.85E-5","0.4147669","0.247842","0.671875","0.01","1751135","4000","14804.415700401843","14796.384417892554","11674.348877600554","1.0004842070731996","0.017149474216242355","0","7163a65543816d08a23c844d2762c1967e2f734b4748129ec7bdf89e140df8b4",""
"1","0","1","current","c2329aa008622953f95ab0acb344552cf2f4c9f8","752b815b612ca031ad9aa14de69534862010e68c985d7eb34455daed19a34187","vectorPerformance","gaussian32","Quantile","1","1","427932","4000","500","Complete","0.6691628","2.73E-5","0.4185805","0.250555","1.359375","0.009","1751119","4000","15119.429112419593","15129.482098788952","12424.352542458728","1.000588248721186","0.024238503591598903","0","e468486f9c3bce272356b47328af805b6315b0ce0dcec0ba389ad1cc6e773090",""
"1","0","1","current","c2329aa008622953f95ab0acb344552cf2f4c9f8","752b815b612ca031ad9aa14de69534862010e68c985d7eb34455daed19a34187","vectorPerformance","gaussian32","Quantile","1","2","435851","4000","500","Complete","0.6716071","3.0E-5","0.4217862","0.2497909","0.65625","0.009","1754043","4000","14654.09636813213","14648.796726473445","11630.775114295944","1.0006045524861327","0.019982935899345466","0","f17849dd0d6937ddb28ce5136301623e9a5b8e9dd4ad54fb96a198cfdc5f0c6a",""
"1","0","1","current","c2329aa008622953f95ab0acb344552cf2f4c9f8","752b815b612ca031ad9aa14de69534862010e68c985d7eb34455daed19a34187","vectorPerformance","gaussian32","Quantile","1","3","443770","4000","500","Complete","0.6901025","2.89E-5","0.4397985","0.2502751","0.703125","0.012","1754067","4000","14670.955292689816","14672.094230083088","12113.52110906072","1.0003997605716526","0.012117200485737945","0","8d191d73493e7fb3ede8cea18ccac7e017f7700706ef9c9f8b699e07b2804d14",""
"1","0","1","current","c2329aa008622953f95ab0acb344552cf2f4c9f8","752b815b612ca031ad9aa14de69534862010e68c985d7eb34455daed19a34187","vectorPerformance","gaussian32","Quantile","1","4","451689","4000","500","Complete","0.6705913","3.83E-5","0.4228993","0.2476537","0.671875","0.011","1751661","4000","14424.859583462046","14417.997752939862","12128.296452895833","1.0007982696988702","0.02835365482901797","0","b8ea3b62393883b214271958061a644368686dc583e5f2e33e5eafdc7a65f17e",""
"1","0","1","current","c2329aa008622953f95ab0acb344552cf2f4c9f8","752b815b612ca031ad9aa14de69534862010e68c985d7eb34455daed19a34187","vectorPerformance","gaussian32","Quantile","2","-2","404175","4000","500","Complete","0.4572044","3.97E-5","0.3280934","0.1290713","1.234375","0.012","1753214","4000","15219.008327321226","15213.744919585897","12194.607218487616","1.0007110848254097","0.01623649007724448","0","cecc6b4fda00565adaade6079bd9a81eec1cb5425a7364f3a4652f8f1fe688e7",""
"1","0","1","current","c2329aa008622953f95ab0acb344552cf2f4c9f8","752b815b612ca031ad9aa14de69534862010e68c985d7eb34455daed19a34187","vectorPerformance","gaussian32","Quantile","2","-1","412094","4000","500","Complete","0.4707514","2.85E-5","0.3332726","0.1374503","0.921875","0.013","1754500","4000","14374.340793710559","14390.679914776822","12593.727427588436","1.0005481375625007","0.020322296447435884","0","710b12b4b32c1d00e33cda313ee3aca4afb06968f65bf5b1d672fd6109f4f43f",""
"1","0","1","current","c2329aa008622953f95ab0acb344552cf2f4c9f8","752b815b612ca031ad9aa14de69534862010e68c985d7eb34455daed19a34187","vectorPerformance","gaussian32","Quantile","2","0","420013","4000","500","Complete","0.4574245","3.03E-5","0.3261054","0.1312888","0.953125","0.011","1751135","4000","14804.415700401843","14796.384417892554","11674.348877600554","1.0004842070731996","0.017149474216242355","0","7163a65543816d08a23c844d2762c1967e2f734b4748129ec7bdf89e140df8b4",""
"1","0","1","current","c2329aa008622953f95ab0acb344552cf2f4c9f8","752b815b612ca031ad9aa14de69534862010e68c985d7eb34455daed19a34187","vectorPerformance","gaussian32","Quantile","2","1","427932","4000","500","Complete","0.4607972","3.86E-5","0.3268718","0.1338868","1.265625","0.012","1751119","4000","15119.429112419593","15129.482098788952","12424.352542458728","1.000588248721186","0.024238503591598903","0","e468486f9c3bce272356b47328af805b6315b0ce0dcec0ba389ad1cc6e773090",""
"1","0","1","current","c2329aa008622953f95ab0acb344552cf2f4c9f8","752b815b612ca031ad9aa14de69534862010e68c985d7eb34455daed19a34187","vectorPerformance","gaussian32","Quantile","2","2","435851","4000","500","Complete","0.46592","2.79E-5","0.3368146","0.1290775","0.90625","0.012","1754043","4000","14654.09636813213","14648.796726473445","11630.775114295944","1.0006045524861327","0.019982935899345466","0","f17849dd0d6937ddb28ce5136301623e9a5b8e9dd4ad54fb96a198cfdc5f0c6a",""
"1","0","1","current","c2329aa008622953f95ab0acb344552cf2f4c9f8","752b815b612ca031ad9aa14de69534862010e68c985d7eb34455daed19a34187","vectorPerformance","gaussian32","Quantile","2","3","443770","4000","500","Complete","0.4591961","2.83E-5","0.3266972","0.1324706","1.265625","0.009","1754067","4000","14670.955292689816","14672.094230083088","12113.52110906072","1.0003997605716526","0.012117200485737945","0","8d191d73493e7fb3ede8cea18ccac7e017f7700706ef9c9f8b699e07b2804d14",""
"1","0","1","current","c2329aa008622953f95ab0acb344552cf2f4c9f8","752b815b612ca031ad9aa14de69534862010e68c985d7eb34455daed19a34187","vectorPerformance","gaussian32","Quantile","2","4","451689","4000","500","Complete","0.457434","5.12E-5","0.3210245","0.1363583","0.875","0.011","1751661","4000","14424.859583462046","14417.997752939862","12128.296452895833","1.0007982696988702","0.02835365482901797","0","b8ea3b62393883b214271958061a644368686dc583e5f2e33e5eafdc7a65f17e",""
"1","0","1","current","c2329aa008622953f95ab0acb344552cf2f4c9f8","752b815b612ca031ad9aa14de69534862010e68c985d7eb34455daed19a34187","vectorPerformance","gaussian32","Quantile","4","-2","404175","4000","500","Complete","0.3927713","6.18E-5","0.3203013","0.0724082","1.875","0.01","1753214","4000","15219.008327321226","15213.744919585897","12194.607218487616","1.0007110848254097","0.01623649007724448","0","cecc6b4fda00565adaade6079bd9a81eec1cb5425a7364f3a4652f8f1fe688e7",""
"1","0","1","current","c2329aa008622953f95ab0acb344552cf2f4c9f8","752b815b612ca031ad9aa14de69534862010e68c985d7eb34455daed19a34187","vectorPerformance","gaussian32","Quantile","4","-1","412094","4000","500","Complete","0.388378","2.58E-5","0.3108422","0.07751","1.859375","0.012","1754500","4000","14374.340793710559","14390.679914776822","12593.727427588436","1.0005481375625007","0.020322296447435884","0","710b12b4b32c1d00e33cda313ee3aca4afb06968f65bf5b1d672fd6109f4f43f",""
"1","0","1","current","c2329aa008622953f95ab0acb344552cf2f4c9f8","752b815b612ca031ad9aa14de69534862010e68c985d7eb34455daed19a34187","vectorPerformance","gaussian32","Quantile","4","0","420013","4000","500","Complete","0.4006964","2.95E-5","0.3241752","0.0764917","1.921875","0.011","1751135","4000","14804.415700401843","14796.384417892554","11674.348877600554","1.0004842070731996","0.017149474216242355","0","7163a65543816d08a23c844d2762c1967e2f734b4748129ec7bdf89e140df8b4",""
"1","0","1","current","c2329aa008622953f95ab0acb344552cf2f4c9f8","752b815b612ca031ad9aa14de69534862010e68c985d7eb34455daed19a34187","vectorPerformance","gaussian32","Quantile","4","1","427932","4000","500","Complete","0.395821","4.68E-5","0.319133","0.0766412","2.484375","0.014","1751119","4000","15119.429112419593","15129.482098788952","12424.352542458728","1.000588248721186","0.024238503591598903","0","e468486f9c3bce272356b47328af805b6315b0ce0dcec0ba389ad1cc6e773090",""
"1","0","1","current","c2329aa008622953f95ab0acb344552cf2f4c9f8","752b815b612ca031ad9aa14de69534862010e68c985d7eb34455daed19a34187","vectorPerformance","gaussian32","Quantile","4","2","435851","4000","500","Complete","0.4022738","3.01E-5","0.3194484","0.0827953","1.84375","0.012","1754043","4000","14654.09636813213","14648.796726473445","11630.775114295944","1.0006045524861327","0.019982935899345466","0","f17849dd0d6937ddb28ce5136301623e9a5b8e9dd4ad54fb96a198cfdc5f0c6a",""
"1","0","1","current","c2329aa008622953f95ab0acb344552cf2f4c9f8","752b815b612ca031ad9aa14de69534862010e68c985d7eb34455daed19a34187","vectorPerformance","gaussian32","Quantile","4","3","443770","4000","500","Complete","0.3934486","3.01E-5","0.316224","0.0771945","1.8125","0.011","1754067","4000","14670.955292689816","14672.094230083088","12113.52110906072","1.0003997605716526","0.012117200485737945","0","8d191d73493e7fb3ede8cea18ccac7e017f7700706ef9c9f8b699e07b2804d14",""
"1","0","1","current","c2329aa008622953f95ab0acb344552cf2f4c9f8","752b815b612ca031ad9aa14de69534862010e68c985d7eb34455daed19a34187","vectorPerformance","gaussian32","Quantile","4","4","451689","4000","500","Complete","0.3951548","3.35E-5","0.3243406","0.0707807","1.5625","0.01","1751661","4000","14424.859583462046","14417.997752939862","12128.296452895833","1.0007982696988702","0.02835365482901797","0","b8ea3b62393883b214271958061a644368686dc583e5f2e33e5eafdc7a65f17e",""
"1","0","1","current","c2329aa008622953f95ab0acb344552cf2f4c9f8","752b815b612ca031ad9aa14de69534862010e68c985d7eb34455daed19a34187","vectorPerformance","gaussian8","GPSS","1","-2","404175","4000","500","Complete","0.1281107","1.02E-4","0.0501074","0.0779013","0.234375","0.003","138018","4000","15549.340111147894","15536.369070524215","11710.881022750353","1.000693382204123","0.020280809809882006","0","e7f255a3304bc6df3dfbc4384cc42f0a14e097b21ea85d7dfdd0891304dccc86",""
"1","0","1","current","c2329aa008622953f95ab0acb344552cf2f4c9f8","752b815b612ca031ad9aa14de69534862010e68c985d7eb34455daed19a34187","vectorPerformance","gaussian8","GPSS","1","-1","412094","4000","500","Complete","0.1051479","7.22E-5","0.0361996","0.0688761","0.171875","0.002","138132","4000","15263.81484653245","15291.911844531342","11216.22139798599","1.0004803178957116","0.014392603577789376","0","e114ddce1fe3e8b5caed48fc0365aca0d32bd35e94363aa001d7324d00935224",""
"1","0","1","current","c2329aa008622953f95ab0acb344552cf2f4c9f8","752b815b612ca031ad9aa14de69534862010e68c985d7eb34455daed19a34187","vectorPerformance","gaussian8","GPSS","1","0","420013","4000","500","Complete","0.0950905","5.96E-5","0.0268148","0.0682161","0.34375","0.003","138323","4000","15080.473776226881","15096.77911576306","11062.432005908491","1.0006149641210862","0.012458863431772271","0","2a91e22981ec396c3eca9414af3d6ac63570dc29437cdd4bdc3eb6a8db475fa2",""
"1","0","1","current","c2329aa008622953f95ab0acb344552cf2f4c9f8","752b815b612ca031ad9aa14de69534862010e68c985d7eb34455daed19a34187","vectorPerformance","gaussian8","GPSS","1","1","427932","4000","500","Complete","0.0919371","3.94E-5","0.0249182","0.0669795","0.109375","0.0","138154","4000","15134.6012276361","15136.078376941558","11308.922646882544","1.0009404579967858","0.013454526579750548","0","045e36a427e6332b3973cb5a7bed2c41034d4baa3241673dfea554f81e693a14",""
"1","0","1","current","c2329aa008622953f95ab0acb344552cf2f4c9f8","752b815b612ca031ad9aa14de69534862010e68c985d7eb34455daed19a34187","vectorPerformance","gaussian8","GPSS","1","2","435851","4000","500","Complete","0.0920838","3.37E-5","0.0267226","0.0653275","0.09375","0.002","137988","4000","14363.080320209516","14344.664435137216","11161.859788330772","1.0004963309089212","0.01645570173683253","0","282eaef783cfb8138f0fbaa41141a7646474130935f10820d7fcdc9d6a1e24c0",""
"1","0","1","current","c2329aa008622953f95ab0acb344552cf2f4c9f8","752b815b612ca031ad9aa14de69534862010e68c985d7eb34455daed19a34187","vectorPerformance","gaussian8","GPSS","1","3","443770","4000","500","Complete","0.0947958","3.43E-5","0.0246865","0.070075","0.125","0.002","138055","4000","15045.50132933249","15019.431343943274","10767.592734371476","1.0010260647907836","0.018113200227977133","0","6f88cd3290902ed4688e28521e20205fca8afb18c6e4fe2e6e0de9c4e7e0a62c",""
"1","0","1","current","c2329aa008622953f95ab0acb344552cf2f4c9f8","752b815b612ca031ad9aa14de69534862010e68c985d7eb34455daed19a34187","vectorPerformance","gaussian8","GPSS","1","4","451689","4000","500","Complete","0.0950116","3.43E-5","0.0270538","0.0679235","0.453125","0.002","138188","4000","15603.053005275411","15621.61943123139","10677.483456214122","1.0007920020096437","0.014172913039023793","0","3703a943973521b658002c1d1edb8b4dcddac3550850573cac7499aba83dbaac",""
"1","0","1","current","c2329aa008622953f95ab0acb344552cf2f4c9f8","752b815b612ca031ad9aa14de69534862010e68c985d7eb34455daed19a34187","vectorPerformance","gaussian8","GPSS","2","-2","404175","4000","500","Complete","0.2820609","0.0067242","0.0992969","0.1760398","1.34375","0.003","138018","4000","15549.340111147894","15536.369070524215","11710.881022750353","1.000693382204123","0.020280809809882006","0","e7f255a3304bc6df3dfbc4384cc42f0a14e097b21ea85d7dfdd0891304dccc86",""
"1","0","1","current","c2329aa008622953f95ab0acb344552cf2f4c9f8","752b815b612ca031ad9aa14de69534862010e68c985d7eb34455daed19a34187","vectorPerformance","gaussian8","GPSS","2","-1","412094","4000","500","Complete","0.0623453","5.13E-5","0.0190144","0.0432796","0.203125","0.0","138132","4000","15263.81484653245","15291.911844531342","11216.22139798599","1.0004803178957116","0.014392603577789376","0","e114ddce1fe3e8b5caed48fc0365aca0d32bd35e94363aa001d7324d00935224",""
"1","0","1","current","c2329aa008622953f95ab0acb344552cf2f4c9f8","752b815b612ca031ad9aa14de69534862010e68c985d7eb34455daed19a34187","vectorPerformance","gaussian8","GPSS","2","0","420013","4000","500","Complete","0.0552339","1.444E-4","0.0179295","0.03716","0.09375","0.0","138323","4000","15080.473776226881","15096.77911576306","11062.432005908491","1.0006149641210862","0.012458863431772271","0","2a91e22981ec396c3eca9414af3d6ac63570dc29437cdd4bdc3eb6a8db475fa2",""
"1","0","1","current","c2329aa008622953f95ab0acb344552cf2f4c9f8","752b815b612ca031ad9aa14de69534862010e68c985d7eb34455daed19a34187","vectorPerformance","gaussian8","GPSS","2","1","427932","4000","500","Complete","0.0557731","3.78E-5","0.0204353","0.0353","0.453125","0.002","138154","4000","15134.6012276361","15136.078376941558","11308.922646882544","1.0009404579967858","0.013454526579750548","0","045e36a427e6332b3973cb5a7bed2c41034d4baa3241673dfea554f81e693a14",""
"1","0","1","current","c2329aa008622953f95ab0acb344552cf2f4c9f8","752b815b612ca031ad9aa14de69534862010e68c985d7eb34455daed19a34187","vectorPerformance","gaussian8","GPSS","2","2","435851","4000","500","Complete","0.0529698","4.27E-5","0.017413","0.0355141","0.078125","0.0","137988","4000","14363.080320209516","14344.664435137216","11161.859788330772","1.0004963309089212","0.01645570173683253","0","282eaef783cfb8138f0fbaa41141a7646474130935f10820d7fcdc9d6a1e24c0",""
"1","0","1","current","c2329aa008622953f95ab0acb344552cf2f4c9f8","752b815b612ca031ad9aa14de69534862010e68c985d7eb34455daed19a34187","vectorPerformance","gaussian8","GPSS","2","3","443770","4000","500","Complete","0.0536499","1.02E-4","0.0178174","0.0357305","0.171875","0.0","138055","4000","15045.50132933249","15019.431343943274","10767.592734371476","1.0010260647907836","0.018113200227977133","0","6f88cd3290902ed4688e28521e20205fca8afb18c6e4fe2e6e0de9c4e7e0a62c",""
"1","0","1","current","c2329aa008622953f95ab0acb344552cf2f4c9f8","752b815b612ca031ad9aa14de69534862010e68c985d7eb34455daed19a34187","vectorPerformance","gaussian8","GPSS","2","4","451689","4000","500","Complete","0.0537819","3.3E-5","0.0178389","0.03591","0.125","0.0","138188","4000","15603.053005275411","15621.61943123139","10677.483456214122","1.0007920020096437","0.014172913039023793","0","3703a943973521b658002c1d1edb8b4dcddac3550850573cac7499aba83dbaac",""
"1","0","1","current","c2329aa008622953f95ab0acb344552cf2f4c9f8","752b815b612ca031ad9aa14de69534862010e68c985d7eb34455daed19a34187","vectorPerformance","gaussian8","GPSS","4","-2","404175","4000","500","Complete","0.0558085","1.076E-4","0.0257248","0.0299761","0.375","0.0","138018","4000","15549.340111147894","15536.369070524215","11710.881022750353","1.000693382204123","0.020280809809882006","0","e7f255a3304bc6df3dfbc4384cc42f0a14e097b21ea85d7dfdd0891304dccc86",""
"1","0","1","current","c2329aa008622953f95ab0acb344552cf2f4c9f8","752b815b612ca031ad9aa14de69534862010e68c985d7eb34455daed19a34187","vectorPerformance","gaussian8","GPSS","4","-1","412094","4000","500","Complete","0.0414516","4.28E-5","0.0181379","0.0232709","0.1875","0.0","138132","4000","15263.81484653245","15291.911844531342","11216.22139798599","1.0004803178957116","0.014392603577789376","0","e114ddce1fe3e8b5caed48fc0365aca0d32bd35e94363aa001d7324d00935224",""
"1","0","1","current","c2329aa008622953f95ab0acb344552cf2f4c9f8","752b815b612ca031ad9aa14de69534862010e68c985d7eb34455daed19a34187","vectorPerformance","gaussian8","GPSS","4","0","420013","4000","500","Complete","0.0423099","5.85E-5","0.0180717","0.0241797","0.1875","0.002","138323","4000","15080.473776226881","15096.77911576306","11062.432005908491","1.0006149641210862","0.012458863431772271","0","2a91e22981ec396c3eca9414af3d6ac63570dc29437cdd4bdc3eb6a8db475fa2",""
"1","0","1","current","c2329aa008622953f95ab0acb344552cf2f4c9f8","752b815b612ca031ad9aa14de69534862010e68c985d7eb34455daed19a34187","vectorPerformance","gaussian8","GPSS","4","1","427932","4000","500","Complete","0.0393223","4.0E-5","0.0183216","0.0209607","0.21875","0.0","138154","4000","15134.6012276361","15136.078376941558","11308.922646882544","1.0009404579967858","0.013454526579750548","0","045e36a427e6332b3973cb5a7bed2c41034d4baa3241673dfea554f81e693a14",""
"1","0","1","current","c2329aa008622953f95ab0acb344552cf2f4c9f8","752b815b612ca031ad9aa14de69534862010e68c985d7eb34455daed19a34187","vectorPerformance","gaussian8","GPSS","4","2","435851","4000","500","Complete","0.0394739","3.49E-5","0.0179841","0.0214549","0.140625","0.0","137988","4000","14363.080320209516","14344.664435137216","11161.859788330772","1.0004963309089212","0.01645570173683253","0","282eaef783cfb8138f0fbaa41141a7646474130935f10820d7fcdc9d6a1e24c0",""
"1","0","1","current","c2329aa008622953f95ab0acb344552cf2f4c9f8","752b815b612ca031ad9aa14de69534862010e68c985d7eb34455daed19a34187","vectorPerformance","gaussian8","GPSS","4","3","443770","4000","500","Complete","0.039609","3.44E-5","0.0198028","0.0197718","0.421875","0.003","138055","4000","15045.50132933249","15019.431343943274","10767.592734371476","1.0010260647907836","0.018113200227977133","0","6f88cd3290902ed4688e28521e20205fca8afb18c6e4fe2e6e0de9c4e7e0a62c",""
"1","0","1","current","c2329aa008622953f95ab0acb344552cf2f4c9f8","752b815b612ca031ad9aa14de69534862010e68c985d7eb34455daed19a34187","vectorPerformance","gaussian8","GPSS","4","4","451689","4000","500","Complete","0.0378724","4.13E-5","0.0175414","0.0202897","0.140625","0.0","138188","4000","15603.053005275411","15621.61943123139","10677.483456214122","1.0007920020096437","0.014172913039023793","0","3703a943973521b658002c1d1edb8b4dcddac3550850573cac7499aba83dbaac",""
"1","0","1","current","c2329aa008622953f95ab0acb344552cf2f4c9f8","752b815b612ca031ad9aa14de69534862010e68c985d7eb34455daed19a34187","vectorPerformance","gaussian8","Quantile","1","-2","404175","4000","500","Complete","0.100853","3.11E-5","0.0359237","0.0648982","0.125","0.0","439383","4000","15133.633311857895","15137.149661571859","12640.232874183323","1.0002765119712598","0.010865777388695763","0","0a652ec86caa4b0878042a2ca27e4843b8fff440045e84ffe9040bbf18fc5c1b",""
"1","0","1","current","c2329aa008622953f95ab0acb344552cf2f4c9f8","752b815b612ca031ad9aa14de69534862010e68c985d7eb34455daed19a34187","vectorPerformance","gaussian8","Quantile","1","-1","412094","4000","500","Complete","0.1024172","3.28E-5","0.0349865","0.0673979","0.09375","0.003","438543","4000","15213.490906399908","15228.10660758392","12891.868030399028","1.0002543220506444","0.014962146800250764","0","22193da6e1ed5c7fb6bc482596a8cb09c08425673712be65ab0ebf58ef73f382",""
"1","0","1","current","c2329aa008622953f95ab0acb344552cf2f4c9f8","752b815b612ca031ad9aa14de69534862010e68c985d7eb34455daed19a34187","vectorPerformance","gaussian8","Quantile","1","0","420013","4000","500","Complete","0.1037487","3.37E-5","0.03734","0.066375","0.09375","0.003","436956","4000","15387.214907747757","15383.41868425877","13280.050841973973","1.000488212672387","0.017862111392228958","0","1a2a7053039cbf9cd5227976b2ba660c8f0bbf84c10e94ae04c9c6d297fc0025",""
"1","0","1","current","c2329aa008622953f95ab0acb344552cf2f4c9f8","752b815b612ca031ad9aa14de69534862010e68c985d7eb34455daed19a34187","vectorPerformance","gaussian8","Quantile","1","1","427932","4000","500","Complete","0.1034033","3.3E-5","0.0362621","0.0671082","0.203125","0.0","437269","4000","15727.934748036001","15719.464590581323","12902.625514015059","1.0004649152576137","0.012810490325706247","0","850de3d767de404b10a6234afa6ecc9c5dfdee0c4338411a0af3e46894e42ce3",""
"1","0","1","current","c2329aa008622953f95ab0acb344552cf2f4c9f8","752b815b612ca031ad9aa14de69534862010e68c985d7eb34455daed19a34187","vectorPerformance","gaussian8","Quantile","1","2","435851","4000","500","Complete","0.0998589","3.01E-5","0.0356347","0.0641941","0.09375","0.0","438008","4000","15126.989343371939","15133.471327879883","12471.355965872704","1.0004579804360567","0.01410791604282019","0","fd474ea7f77c91f336f3664000c5dec28946aab4fd9917ca2fd5c066ad7e03df",""
"1","0","1","current","c2329aa008622953f95ab0acb344552cf2f4c9f8","752b815b612ca031ad9aa14de69534862010e68c985d7eb34455daed19a34187","vectorPerformance","gaussian8","Quantile","1","3","443770","4000","500","Complete","0.0997073","3.35E-5","0.0351929","0.0644809","0.09375","0.0","438134","4000","14783.95134310092","14781.603964607304","13183.37761680062","1.0005441549460146","0.009381500096846795","0","f5d860d8f1c8c55386f06f23faad6b9f8df1541a619040c2f28698d0813a5f75",""
"1","0","1","current","c2329aa008622953f95ab0acb344552cf2f4c9f8","752b815b612ca031ad9aa14de69534862010e68c985d7eb34455daed19a34187","vectorPerformance","gaussian8","Quantile","1","4","451689","4000","500","Complete","0.1003028","3.22E-5","0.0366591","0.0636115","0.109375","0.001","437868","4000","14884.121074739518","14909.092385573675","12538.608584974128","1.0004648391967559","0.02587550455561438","0","f5667ee456b1d3d2b0c42c8460f2481029f27806732e9bf75dd56271a0628822",""
"1","0","1","current","c2329aa008622953f95ab0acb344552cf2f4c9f8","752b815b612ca031ad9aa14de69534862010e68c985d7eb34455daed19a34187","vectorPerformance","gaussian8","Quantile","2","-2","404175","4000","500","Complete","0.0791983","2.94E-5","0.0434271","0.0357418","0.328125","0.0","439383","4000","15133.633311857895","15137.149661571859","12640.232874183323","1.0002765119712598","0.010865777388695763","0","0a652ec86caa4b0878042a2ca27e4843b8fff440045e84ffe9040bbf18fc5c1b",""
"1","0","1","current","c2329aa008622953f95ab0acb344552cf2f4c9f8","752b815b612ca031ad9aa14de69534862010e68c985d7eb34455daed19a34187","vectorPerformance","gaussian8","Quantile","2","-1","412094","4000","500","Complete","0.0599811","3.43E-5","0.0258857","0.0340611","0.140625","0.002","438543","4000","15213.490906399908","15228.10660758392","12891.868030399028","1.0002543220506444","0.014962146800250764","0","22193da6e1ed5c7fb6bc482596a8cb09c08425673712be65ab0ebf58ef73f382",""
"1","0","1","current","c2329aa008622953f95ab0acb344552cf2f4c9f8","752b815b612ca031ad9aa14de69534862010e68c985d7eb34455daed19a34187","vectorPerformance","gaussian8","Quantile","2","0","420013","4000","500","Complete","0.0571287","3.05E-5","0.0225342","0.034564","0.140625","0.0","436956","4000","15387.214907747757","15383.41868425877","13280.050841973973","1.000488212672387","0.017862111392228958","0","1a2a7053039cbf9cd5227976b2ba660c8f0bbf84c10e94ae04c9c6d297fc0025",""
"1","0","1","current","c2329aa008622953f95ab0acb344552cf2f4c9f8","752b815b612ca031ad9aa14de69534862010e68c985d7eb34455daed19a34187","vectorPerformance","gaussian8","Quantile","2","1","427932","4000","500","Complete","0.0574812","3.08E-5","0.0232627","0.0341877","0.09375","0.0","437269","4000","15727.934748036001","15719.464590581323","12902.625514015059","1.0004649152576137","0.012810490325706247","0","850de3d767de404b10a6234afa6ecc9c5dfdee0c4338411a0af3e46894e42ce3",""
"1","0","1","current","c2329aa008622953f95ab0acb344552cf2f4c9f8","752b815b612ca031ad9aa14de69534862010e68c985d7eb34455daed19a34187","vectorPerformance","gaussian8","Quantile","2","2","435851","4000","500","Complete","0.0575373","3.3E-5","0.0236047","0.0338996","0.109375","0.002","438008","4000","15126.989343371939","15133.471327879883","12471.355965872704","1.0004579804360567","0.01410791604282019","0","fd474ea7f77c91f336f3664000c5dec28946aab4fd9917ca2fd5c066ad7e03df",""
"1","0","1","current","c2329aa008622953f95ab0acb344552cf2f4c9f8","752b815b612ca031ad9aa14de69534862010e68c985d7eb34455daed19a34187","vectorPerformance","gaussian8","Quantile","2","3","443770","4000","500","Complete","0.0582285","3.75E-5","0.0240737","0.0341173","0.09375","0.001","438134","4000","14783.95134310092","14781.603964607304","13183.37761680062","1.0005441549460146","0.009381500096846795","0","f5d860d8f1c8c55386f06f23faad6b9f8df1541a619040c2f28698d0813a5f75",""
"1","0","1","current","c2329aa008622953f95ab0acb344552cf2f4c9f8","752b815b612ca031ad9aa14de69534862010e68c985d7eb34455daed19a34187","vectorPerformance","gaussian8","Quantile","2","4","451689","4000","500","Complete","0.0569801","5.54E-5","0.0234034","0.0335213","0.125","0.001","437868","4000","14884.121074739518","14909.092385573675","12538.608584974128","1.0004648391967559","0.02587550455561438","0","f5667ee456b1d3d2b0c42c8460f2481029f27806732e9bf75dd56271a0628822",""
"1","0","1","current","c2329aa008622953f95ab0acb344552cf2f4c9f8","752b815b612ca031ad9aa14de69534862010e68c985d7eb34455daed19a34187","vectorPerformance","gaussian8","Quantile","4","-2","404175","4000","500","Complete","0.0452869","3.05E-5","0.0257566","0.0194998","0.1875","0.002","439383","4000","15133.633311857895","15137.149661571859","12640.232874183323","1.0002765119712598","0.010865777388695763","0","0a652ec86caa4b0878042a2ca27e4843b8fff440045e84ffe9040bbf18fc5c1b",""
"1","0","1","current","c2329aa008622953f95ab0acb344552cf2f4c9f8","752b815b612ca031ad9aa14de69534862010e68c985d7eb34455daed19a34187","vectorPerformance","gaussian8","Quantile","4","-1","412094","4000","500","Complete","0.0436214","2.95E-5","0.0227965","0.0207954","0.1875","0.0","438543","4000","15213.490906399908","15228.10660758392","12891.868030399028","1.0002543220506444","0.014962146800250764","0","22193da6e1ed5c7fb6bc482596a8cb09c08425673712be65ab0ebf58ef73f382",""
"1","0","1","current","c2329aa008622953f95ab0acb344552cf2f4c9f8","752b815b612ca031ad9aa14de69534862010e68c985d7eb34455daed19a34187","vectorPerformance","gaussian8","Quantile","4","0","420013","4000","500","Complete","0.0461946","3.54E-5","0.0231721","0.0229871","0.234375","0.003","436956","4000","15387.214907747757","15383.41868425877","13280.050841973973","1.000488212672387","0.017862111392228958","0","1a2a7053039cbf9cd5227976b2ba660c8f0bbf84c10e94ae04c9c6d297fc0025",""
"1","0","1","current","c2329aa008622953f95ab0acb344552cf2f4c9f8","752b815b612ca031ad9aa14de69534862010e68c985d7eb34455daed19a34187","vectorPerformance","gaussian8","Quantile","4","1","427932","4000","500","Complete","0.0436033","6.15E-5","0.0235228","0.020019","0.140625","0.002","437269","4000","15727.934748036001","15719.464590581323","12902.625514015059","1.0004649152576137","0.012810490325706247","0","850de3d767de404b10a6234afa6ecc9c5dfdee0c4338411a0af3e46894e42ce3",""
"1","0","1","current","c2329aa008622953f95ab0acb344552cf2f4c9f8","752b815b612ca031ad9aa14de69534862010e68c985d7eb34455daed19a34187","vectorPerformance","gaussian8","Quantile","4","2","435851","4000","500","Complete","0.0429032","3.08E-5","0.0234846","0.0193878","0.125","0.001","438008","4000","15126.989343371939","15133.471327879883","12471.355965872704","1.0004579804360567","0.01410791604282019","0","fd474ea7f77c91f336f3664000c5dec28946aab4fd9917ca2fd5c066ad7e03df",""
"1","0","1","current","c2329aa008622953f95ab0acb344552cf2f4c9f8","752b815b612ca031ad9aa14de69534862010e68c985d7eb34455daed19a34187","vectorPerformance","gaussian8","Quantile","4","3","443770","4000","500","Complete","0.0427223","3.39E-5","0.022356","0.0203324","0.1875","0.0","438134","4000","14783.95134310092","14781.603964607304","13183.37761680062","1.0005441549460146","0.009381500096846795","0","f5d860d8f1c8c55386f06f23faad6b9f8df1541a619040c2f28698d0813a5f75",""
"1","0","1","current","c2329aa008622953f95ab0acb344552cf2f4c9f8","752b815b612ca031ad9aa14de69534862010e68c985d7eb34455daed19a34187","vectorPerformance","gaussian8","Quantile","4","4","451689","4000","500","Complete","0.0419207","4.11E-5","0.0219786","0.019901","0.1875","0.0","437868","4000","14884.121074739518","14909.092385573675","12538.608584974128","1.0004648391967559","0.02587550455561438","0","f5667ee456b1d3d2b0c42c8460f2481029f27806732e9bf75dd56271a0628822",""
"1","0","1","current","c2329aa008622953f95ab0acb344552cf2f4c9f8","752b815b612ca031ad9aa14de69534862010e68c985d7eb34455daed19a34187","vectorPerformance","likelihood8","GPSS","1","-2","404175","4000","500","Complete","0.1405931","1.475E-4","0.0775537","0.0628919","0.140625","0.001","113497","4000","15386.728000357793","15391.85127451405","11321.818924317045","1.000502564087113","0.005344596134197365","0","15875fc3ad457cd99d016931ae49e3b53ed50293a59b7331791ac43670de87bd",""
"1","0","1","current","c2329aa008622953f95ab0acb344552cf2f4c9f8","752b815b612ca031ad9aa14de69534862010e68c985d7eb34455daed19a34187","vectorPerformance","likelihood8","GPSS","1","-1","412094","4000","500","Complete","0.1396809","6.33E-5","0.0762733","0.0633443","0.140625","0.0","113672","4000","14515.066848005721","14590.130865412311","10903.103694208865","1.0008342935047612","0.005564436392907962","0","fc720f0e7fc6b705ca4b80ac8fe6515a0d286ae0520a978aef375e586c9db6bf",""
"1","0","1","current","c2329aa008622953f95ab0acb344552cf2f4c9f8","752b815b612ca031ad9aa14de69534862010e68c985d7eb34455daed19a34187","vectorPerformance","likelihood8","GPSS","1","0","420013","4000","500","Complete","0.1390566","6.19E-5","0.0766298","0.0623649","0.140625","0.0","113054","4000","15068.277084944693","15070.85887531968","10694.846310168503","1.0005601541440654","0.004181248674558491","0","8d6dc2b369fc062d17f4e1721fe9d8a199bcba9f600d8572402455c6c30b60fa",""
"1","0","1","current","c2329aa008622953f95ab0acb344552cf2f4c9f8","752b815b612ca031ad9aa14de69534862010e68c985d7eb34455daed19a34187","vectorPerformance","likelihood8","GPSS","1","1","427932","4000","500","Complete","0.1391222","5.88E-5","0.0760494","0.063014","0.140625","0.001","113472","4000","15069.243223748383","15055.059231076986","10322.707096463675","1.0013248567157627","0.005340326134526563","0","38e3adbbae621e7ad84a1cb5d7d2f248aeb925e3eea6b59badd3e9bb967ca792",""
"1","0","1","current","c2329aa008622953f95ab0acb344552cf2f4c9f8","752b815b612ca031ad9aa14de69534862010e68c985d7eb34455daed19a34187","vectorPerformance","likelihood8","GPSS","1","2","435851","4000","500","Complete","0.1391216","8.08E-5","0.0763224","0.0627184","0.140625","0.0","113322","4000","15018.1283976014","15019.886701809703","11132.174688571149","1.000533090102839","0.005175852109189194","0","a1c97633734bbb43a66c525a225905cb612f427cd2600d3cc731158cc0011283",""
"1","0","1","current","c2329aa008622953f95ab0acb344552cf2f4c9f8","752b815b612ca031ad9aa14de69534862010e68c985d7eb34455daed19a34187","vectorPerformance","likelihood8","GPSS","1","3","443770","4000","500","Complete","0.1420002","5.39E-5","0.0775557","0.0643906","0.140625","0.0","113541","4000","15504.177620932032","15516.176571089783","11070.759113858252","1.0005200177999494","0.0030179744349801974","0","10250d525acdf021423a78f0a10ef6caf57ce50e6525306305dda230dde4a3dd",""
"1","0","1","current","c2329aa008622953f95ab0acb344552cf2f4c9f8","752b815b612ca031ad9aa14de69534862010e68c985d7eb34455daed19a34187","vectorPerformance","likelihood8","GPSS","1","4","451689","4000","500","Complete","0.1453672","8.55E-5","0.0780517","0.06723","0.15625","0.0","113652","4000","14785.194091889316","14779.730449941797","11297.287331686812","1.0008757668998252","0.004036703328069907","0","aeb7ca95e5af585230ca0add63518df7f82bcf74ed17b9d657a219f4e1b2d0f5",""
"1","0","1","current","c2329aa008622953f95ab0acb344552cf2f4c9f8","752b815b612ca031ad9aa14de69534862010e68c985d7eb34455daed19a34187","vectorPerformance","likelihood8","GPSS","2","-2","404175","4000","500","Complete","0.0993087","0.0024783","0.0625266","0.0343038","0.34375","0.0","113497","4000","15386.728000357793","15391.85127451405","11321.818924317045","1.000502564087113","0.005344596134197365","0","15875fc3ad457cd99d016931ae49e3b53ed50293a59b7331791ac43670de87bd",""
"1","0","1","current","c2329aa008622953f95ab0acb344552cf2f4c9f8","752b815b612ca031ad9aa14de69534862010e68c985d7eb34455daed19a34187","vectorPerformance","likelihood8","GPSS","2","-1","412094","4000","500","Complete","0.0746695","5.9E-5","0.0407456","0.0338649","0.15625","0.0","113672","4000","14515.066848005721","14590.130865412311","10903.103694208865","1.0008342935047612","0.005564436392907962","0","fc720f0e7fc6b705ca4b80ac8fe6515a0d286ae0520a978aef375e586c9db6bf",""
"1","0","1","current","c2329aa008622953f95ab0acb344552cf2f4c9f8","752b815b612ca031ad9aa14de69534862010e68c985d7eb34455daed19a34187","vectorPerformance","likelihood8","GPSS","2","0","420013","4000","500","Complete","0.0729784","9.99E-5","0.040114","0.0327645","0.15625","0.0","113054","4000","15068.277084944693","15070.85887531968","10694.846310168503","1.0005601541440654","0.004181248674558491","0","8d6dc2b369fc062d17f4e1721fe9d8a199bcba9f600d8572402455c6c30b60fa",""
"1","0","1","current","c2329aa008622953f95ab0acb344552cf2f4c9f8","752b815b612ca031ad9aa14de69534862010e68c985d7eb34455daed19a34187","vectorPerformance","likelihood8","GPSS","2","1","427932","4000","500","Complete","0.0728285","5.2E-5","0.0402145","0.032562","0.15625","0.0","113472","4000","15069.243223748383","15055.059231076986","10322.707096463675","1.0013248567157627","0.005340326134526563","0","38e3adbbae621e7ad84a1cb5d7d2f248aeb925e3eea6b59badd3e9bb967ca792",""
"1","0","1","current","c2329aa008622953f95ab0acb344552cf2f4c9f8","752b815b612ca031ad9aa14de69534862010e68c985d7eb34455daed19a34187","vectorPerformance","likelihood8","GPSS","2","2","435851","4000","500","Complete","0.0729341","5.42E-5","0.039745","0.0331349","0.125","0.0","113322","4000","15018.1283976014","15019.886701809703","11132.174688571149","1.000533090102839","0.005175852109189194","0","a1c97633734bbb43a66c525a225905cb612f427cd2600d3cc731158cc0011283",""
"1","0","1","current","c2329aa008622953f95ab0acb344552cf2f4c9f8","752b815b612ca031ad9aa14de69534862010e68c985d7eb34455daed19a34187","vectorPerformance","likelihood8","GPSS","2","3","443770","4000","500","Complete","0.0753108","5.67E-5","0.041317","0.0339371","0.25","0.001","113541","4000","15504.177620932032","15516.176571089783","11070.759113858252","1.0005200177999494","0.0030179744349801974","0","10250d525acdf021423a78f0a10ef6caf57ce50e6525306305dda230dde4a3dd",""
"1","0","1","current","c2329aa008622953f95ab0acb344552cf2f4c9f8","752b815b612ca031ad9aa14de69534862010e68c985d7eb34455daed19a34187","vectorPerformance","likelihood8","GPSS","2","4","451689","4000","500","Complete","0.075052","6.03E-5","0.0410147","0.033977","0.15625","0.0","113652","4000","14785.194091889316","14779.730449941797","11297.287331686812","1.0008757668998252","0.004036703328069907","0","aeb7ca95e5af585230ca0add63518df7f82bcf74ed17b9d657a219f4e1b2d0f5",""
"1","0","1","current","c2329aa008622953f95ab0acb344552cf2f4c9f8","752b815b612ca031ad9aa14de69534862010e68c985d7eb34455daed19a34187","vectorPerformance","likelihood8","GPSS","4","-2","404175","4000","500","Complete","0.0415277","1.339E-4","0.0224386","0.0189552","0.1875","0.0","113497","4000","15386.728000357793","15391.85127451405","11321.818924317045","1.000502564087113","0.005344596134197365","0","15875fc3ad457cd99d016931ae49e3b53ed50293a59b7331791ac43670de87bd",""
"1","0","1","current","c2329aa008622953f95ab0acb344552cf2f4c9f8","752b815b612ca031ad9aa14de69534862010e68c985d7eb34455daed19a34187","vectorPerformance","likelihood8","GPSS","4","-1","412094","4000","500","Complete","0.0430299","6.26E-5","0.0225508","0.0204165","0.1875","0.001","113672","4000","14515.066848005721","14590.130865412311","10903.103694208865","1.0008342935047612","0.005564436392907962","0","fc720f0e7fc6b705ca4b80ac8fe6515a0d286ae0520a978aef375e586c9db6bf",""
"1","0","1","current","c2329aa008622953f95ab0acb344552cf2f4c9f8","752b815b612ca031ad9aa14de69534862010e68c985d7eb34455daed19a34187","vectorPerformance","likelihood8","GPSS","4","0","420013","4000","500","Complete","0.0422035","8.9E-5","0.0228724","0.0192421","0.203125","0.0","113054","4000","15068.277084944693","15070.85887531968","10694.846310168503","1.0005601541440654","0.004181248674558491","0","8d6dc2b369fc062d17f4e1721fe9d8a199bcba9f600d8572402455c6c30b60fa",""
"1","0","1","current","c2329aa008622953f95ab0acb344552cf2f4c9f8","752b815b612ca031ad9aa14de69534862010e68c985d7eb34455daed19a34187","vectorPerformance","likelihood8","GPSS","4","1","427932","4000","500","Complete","0.0428758","5.13E-5","0.0234949","0.0193296","0.1875","0.0","113472","4000","15069.243223748383","15055.059231076986","10322.707096463675","1.0013248567157627","0.005340326134526563","0","38e3adbbae621e7ad84a1cb5d7d2f248aeb925e3eea6b59badd3e9bb967ca792",""
"1","0","1","current","c2329aa008622953f95ab0acb344552cf2f4c9f8","752b815b612ca031ad9aa14de69534862010e68c985d7eb34455daed19a34187","vectorPerformance","likelihood8","GPSS","4","2","435851","4000","500","Complete","0.0432469","5.23E-5","0.0223666","0.020828","0.125","0.001","113322","4000","15018.1283976014","15019.886701809703","11132.174688571149","1.000533090102839","0.005175852109189194","0","a1c97633734bbb43a66c525a225905cb612f427cd2600d3cc731158cc0011283",""
"1","0","1","current","c2329aa008622953f95ab0acb344552cf2f4c9f8","752b815b612ca031ad9aa14de69534862010e68c985d7eb34455daed19a34187","vectorPerformance","likelihood8","GPSS","4","3","443770","4000","500","Complete","0.0427454","4.95E-5","0.0235381","0.0191578","0.125","0.0","113541","4000","15504.177620932032","15516.176571089783","11070.759113858252","1.0005200177999494","0.0030179744349801974","0","10250d525acdf021423a78f0a10ef6caf57ce50e6525306305dda230dde4a3dd",""
"1","0","1","current","c2329aa008622953f95ab0acb344552cf2f4c9f8","752b815b612ca031ad9aa14de69534862010e68c985d7eb34455daed19a34187","vectorPerformance","likelihood8","GPSS","4","4","451689","4000","500","Complete","0.0480758","5.86E-5","0.0262554","0.0217618","0.171875","0.002","113652","4000","14785.194091889316","14779.730449941797","11297.287331686812","1.0008757668998252","0.004036703328069907","0","aeb7ca95e5af585230ca0add63518df7f82bcf74ed17b9d657a219f4e1b2d0f5",""
"1","0","1","current","c2329aa008622953f95ab0acb344552cf2f4c9f8","752b815b612ca031ad9aa14de69534862010e68c985d7eb34455daed19a34187","vectorPerformance","likelihood8","Quantile","1","-2","404175","4000","500","Complete","0.4246726","3.69E-5","0.3573788","0.0672569","0.421875","0.0","675623","4000","14553.603071888145","14560.448774995888","11253.189859649683","1.0007097070118298","0.003922918284137322","0","03828cdda4fc43583cac684014ff31176af4a34269763a886473aa7e641f0391",""
"1","0","1","current","c2329aa008622953f95ab0acb344552cf2f4c9f8","752b815b612ca031ad9aa14de69534862010e68c985d7eb34455daed19a34187","vectorPerformance","likelihood8","Quantile","1","-1","412094","4000","500","Complete","0.4188094","2.97E-5","0.355061","0.0637187","0.421875","0.0","674660","4000","15209.136106969212","15217.30790335651","11240.432710958032","1.0004372157752155","0.0052684685777992235","0","e259b6e006096a76873934a7876a399ffc6054ce8626e6a9f54fe4dc9a2a077b",""
"1","0","1","current","c2329aa008622953f95ab0acb344552cf2f4c9f8","752b815b612ca031ad9aa14de69534862010e68c985d7eb34455daed19a34187","vectorPerformance","likelihood8","Quantile","1","0","420013","4000","500","Complete","0.4187471","2.91E-5","0.355446","0.063272","0.421875","0.0","673796","4000","15027.331818683551","15033.704474475824","10491.658637470435","1.0004326935079904","0.005338364077357494","0","a6b794bfac044c42b2225f202fe85edd749f09d343dadd0c6f9a8be5b72afda0",""
"1","0","1","current","c2329aa008622953f95ab0acb344552cf2f4c9f8","752b815b612ca031ad9aa14de69534862010e68c985d7eb34455daed19a34187","vectorPerformance","likelihood8","Quantile","1","1","427932","4000","500","Complete","0.4183614","2.85E-5","0.3547922","0.0635407","0.421875","0.001","673825","4000","15276.658872254206","15256.4622489339","11119.716918313663","1.000391617247902","0.006419580823759208","0","50e2cecd19fa21e7ea4301720423264b745a7096caa97d8e6935a59763285f0a",""
"1","0","1","current","c2329aa008622953f95ab0acb344552cf2f4c9f8","752b815b612ca031ad9aa14de69534862010e68c985d7eb34455daed19a34187","vectorPerformance","likelihood8","Quantile","1","2","435851","4000","500","Complete","0.4244619","5.14E-5","0.360161","0.0642495","0.421875","0.0","674482","4000","15438.964336306639","15424.356228106937","11497.88972532256","1.0006283061980878","0.01024848436056533","0","d045bb5c2ae5192b21902085068a9b62aa6f41d66d4132dc6affda22bcc4912d",""
"1","0","1","current","c2329aa008622953f95ab0acb344552cf2f4c9f8","752b815b612ca031ad9aa14de69534862010e68c985d7eb34455daed19a34187","vectorPerformance","likelihood8","Quantile","1","3","443770","4000","500","Complete","0.41843","3.19E-5","0.3546549","0.0637432","0.421875","0.0","674770","4000","15279.141041189421","15290.437507693725","11098.089526704722","1.00060311853599","0.008195113181772185","0","14c0d80a24194a44695934e9fba1972daa6dc8b7383da72f1cd5837c36c4722d",""
"1","0","1","current","c2329aa008622953f95ab0acb344552cf2f4c9f8","752b815b612ca031ad9aa14de69534862010e68c985d7eb34455daed19a34187","vectorPerformance","likelihood8","Quantile","1","4","451689","4000","500","Complete","0.420566","3.15E-5","0.3585339","0.0620006","0.421875","0.002","675588","4000","15378.326224840608","15396.096164831599","11613.462866841413","1.000726442029433","0.005885612388259281","0","dffab805aa7e6a415f84c4666b5b3033cb9751a54880ba72e95a79dc87652086",""
"1","0","1","current","c2329aa008622953f95ab0acb344552cf2f4c9f8","752b815b612ca031ad9aa14de69534862010e68c985d7eb34455daed19a34187","vectorPerformance","likelihood8","Quantile","2","-2","404175","4000","500","Complete","0.2210335","5.91E-5","0.1861477","0.0348267","0.4375","0.0","675623","4000","14553.603071888145","14560.448774995888","11253.189859649683","1.0007097070118298","0.003922918284137322","0","03828cdda4fc43583cac684014ff31176af4a34269763a886473aa7e641f0391",""
"1","0","1","current","c2329aa008622953f95ab0acb344552cf2f4c9f8","752b815b612ca031ad9aa14de69534862010e68c985d7eb34455daed19a34187","vectorPerformance","likelihood8","Quantile","2","-1","412094","4000","500","Complete","0.2188233","2.98E-5","0.1847645","0.034029","0.453125","0.001","674660","4000","15209.136106969212","15217.30790335651","11240.432710958032","1.0004372157752155","0.0052684685777992235","0","e259b6e006096a76873934a7876a399ffc6054ce8626e6a9f54fe4dc9a2a077b",""
"1","0","1","current","c2329aa008622953f95ab0acb344552cf2f4c9f8","752b815b612ca031ad9aa14de69534862010e68c985d7eb34455daed19a34187","vectorPerformance","likelihood8","Quantile","2","0","420013","4000","500","Complete","0.2192765","3.31E-5","0.1853985","0.0338449","0.4375","0.0","673796","4000","15027.331818683551","15033.704474475824","10491.658637470435","1.0004326935079904","0.005338364077357494","0","a6b794bfac044c42b2225f202fe85edd749f09d343dadd0c6f9a8be5b72afda0",""
"1","0","1","current","c2329aa008622953f95ab0acb344552cf2f4c9f8","752b815b612ca031ad9aa14de69534862010e68c985d7eb34455daed19a34187","vectorPerformance","likelihood8","Quantile","2","1","427932","4000","500","Complete","0.2182723","4.83E-5","0.1842577","0.0339663","0.4375","0.0","673825","4000","15276.658872254206","15256.4622489339","11119.716918313663","1.000391617247902","0.006419580823759208","0","50e2cecd19fa21e7ea4301720423264b745a7096caa97d8e6935a59763285f0a",""
"1","0","1","current","c2329aa008622953f95ab0acb344552cf2f4c9f8","752b815b612ca031ad9aa14de69534862010e68c985d7eb34455daed19a34187","vectorPerformance","likelihood8","Quantile","2","2","435851","4000","500","Complete","0.2200167","3.18E-5","0.1854034","0.0345815","0.4375","0.002","674482","4000","15438.964336306639","15424.356228106937","11497.88972532256","1.0006283061980878","0.01024848436056533","0","d045bb5c2ae5192b21902085068a9b62aa6f41d66d4132dc6affda22bcc4912d",""
"1","0","1","current","c2329aa008622953f95ab0acb344552cf2f4c9f8","752b815b612ca031ad9aa14de69534862010e68c985d7eb34455daed19a34187","vectorPerformance","likelihood8","Quantile","2","3","443770","4000","500","Complete","0.2237621","3.04E-5","0.1914932","0.0322385","0.4375","0.002","674770","4000","15279.141041189421","15290.437507693725","11098.089526704722","1.00060311853599","0.008195113181772185","0","14c0d80a24194a44695934e9fba1972daa6dc8b7383da72f1cd5837c36c4722d",""
"1","0","1","current","c2329aa008622953f95ab0acb344552cf2f4c9f8","752b815b612ca031ad9aa14de69534862010e68c985d7eb34455daed19a34187","vectorPerformance","likelihood8","Quantile","2","4","451689","4000","500","Complete","0.2205049","2.92E-5","0.1875496","0.0329261","0.4375","0.001","675588","4000","15378.326224840608","15396.096164831599","11613.462866841413","1.000726442029433","0.005885612388259281","0","dffab805aa7e6a415f84c4666b5b3033cb9751a54880ba72e95a79dc87652086",""
"1","0","1","current","c2329aa008622953f95ab0acb344552cf2f4c9f8","752b815b612ca031ad9aa14de69534862010e68c985d7eb34455daed19a34187","vectorPerformance","likelihood8","Quantile","4","-2","404175","4000","500","Complete","0.1216335","3.33E-5","0.101222","0.0203782","0.4375","0.001","675623","4000","14553.603071888145","14560.448774995888","11253.189859649683","1.0007097070118298","0.003922918284137322","0","03828cdda4fc43583cac684014ff31176af4a34269763a886473aa7e641f0391",""
"1","0","1","current","c2329aa008622953f95ab0acb344552cf2f4c9f8","752b815b612ca031ad9aa14de69534862010e68c985d7eb34455daed19a34187","vectorPerformance","likelihood8","Quantile","4","-1","412094","4000","500","Complete","0.1149542","3.64E-5","0.0951287","0.0197891","0.453125","0.001","674660","4000","15209.136106969212","15217.30790335651","11240.432710958032","1.0004372157752155","0.0052684685777992235","0","e259b6e006096a76873934a7876a399ffc6054ce8626e6a9f54fe4dc9a2a077b",""
"1","0","1","current","c2329aa008622953f95ab0acb344552cf2f4c9f8","752b815b612ca031ad9aa14de69534862010e68c985d7eb34455daed19a34187","vectorPerformance","likelihood8","Quantile","4","0","420013","4000","500","Complete","0.1146654","2.83E-5","0.0949658","0.0196713","0.4375","0.0","673796","4000","15027.331818683551","15033.704474475824","10491.658637470435","1.0004326935079904","0.005338364077357494","0","a6b794bfac044c42b2225f202fe85edd749f09d343dadd0c6f9a8be5b72afda0",""
"1","0","1","current","c2329aa008622953f95ab0acb344552cf2f4c9f8","752b815b612ca031ad9aa14de69534862010e68c985d7eb34455daed19a34187","vectorPerformance","likelihood8","Quantile","4","1","427932","4000","500","Complete","0.1165412","5.98E-5","0.0944307","0.0220507","0.4375","0.003","673825","4000","15276.658872254206","15256.4622489339","11119.716918313663","1.000391617247902","0.006419580823759208","0","50e2cecd19fa21e7ea4301720423264b745a7096caa97d8e6935a59763285f0a",""
"1","0","1","current","c2329aa008622953f95ab0acb344552cf2f4c9f8","752b815b612ca031ad9aa14de69534862010e68c985d7eb34455daed19a34187","vectorPerformance","likelihood8","Quantile","4","2","435851","4000","500","Complete","0.1197627","4.25E-5","0.0974978","0.0222224","0.390625","0.002","674482","4000","15438.964336306639","15424.356228106937","11497.88972532256","1.0006283061980878","0.01024848436056533","0","d045bb5c2ae5192b21902085068a9b62aa6f41d66d4132dc6affda22bcc4912d",""
"1","0","1","current","c2329aa008622953f95ab0acb344552cf2f4c9f8","752b815b612ca031ad9aa14de69534862010e68c985d7eb34455daed19a34187","vectorPerformance","likelihood8","Quantile","4","3","443770","4000","500","Complete","0.114799","2.96E-5","0.0946512","0.0201182","0.484375","0.0","674770","4000","15279.141041189421","15290.437507693725","11098.089526704722","1.00060311853599","0.008195113181772185","0","14c0d80a24194a44695934e9fba1972daa6dc8b7383da72f1cd5837c36c4722d",""
"1","0","1","current","c2329aa008622953f95ab0acb344552cf2f4c9f8","752b815b612ca031ad9aa14de69534862010e68c985d7eb34455daed19a34187","vectorPerformance","likelihood8","Quantile","4","4","451689","4000","500","Complete","0.1149109","4.7E-5","0.0950201","0.0198438","0.4375","0.0","675588","4000","15378.326224840608","15396.096164831599","11613.462866841413","1.000726442029433","0.005885612388259281","0","dffab805aa7e6a415f84c4666b5b3033cb9751a54880ba72e95a79dc87652086",""
"1","0","1","current","c2329aa008622953f95ab0acb344552cf2f4c9f8","752b815b612ca031ad9aa14de69534862010e68c985d7eb34455daed19a34187","vectorPerformance","mixture8","GPSS","1","-2","404175","4000","500","Complete","0.1348047","1.8E-5","0.0710618","0.0637249","0.125","0.0","229144","4000","14.257988816324646","29.19304971339808","41.12369705555653","1.0898522442939091","0.21935070608817098","8","3b6875e17ed27fe9805ded4d871f7b5f9d73e9def0157d2b9b3ca4e8933848aa",""
"1","0","1","current","c2329aa008622953f95ab0acb344552cf2f4c9f8","752b815b612ca031ad9aa14de69534862010e68c985d7eb34455daed19a34187","vectorPerformance","mixture8","GPSS","1","-1","412094","4000","500","Complete","0.135326","1.68E-5","0.0702026","0.0651066","0.125","0.0","229290","4000","18.720999899350527","39.028622707399215","46.96121523232878","1.0731938076004162","0.17813809720195017","8","abf27d85ad57f604af02f9ce976cde68729c5e5b0b9868c8021e26e9e57c9cbb",""
"1","0","1","current","c2329aa008622953f95ab0acb344552cf2f4c9f8","752b815b612ca031ad9aa14de69534862010e68c985d7eb34455daed19a34187","vectorPerformance","mixture8","GPSS","1","0","420013","4000","500","Complete","0.138801","1.75E-5","0.0755492","0.0632343","0.140625","0.002","230860","4000","11.197660818981081","21.159126284650732","49.74480814386594","1.1308094060468774","0.5016290019944878","8","f1a24a91ced5488ebfe513313caafc39cdc36be309bd0944b0aca511830cdc9b",""
"1","0","1","current","c2329aa008622953f95ab0acb344552cf2f4c9f8","752b815b612ca031ad9aa14de69534862010e68c985d7eb34455daed19a34187","vectorPerformance","mixture8","GPSS","1","1","427932","4000","500","Complete","0.1308885","2.08E-5","0.0694823","0.0613854","0.125","0.0","227656","4000","350.3365962359708","946.1959119121931","828.0407758236613","1.006187429279826","0.489472770444491","0","3048dd7a997ec08547ffedc643f4f8ad71fb08dfc61d73588f085fae9f3b2530",""
"1","0","1","current","c2329aa008622953f95ab0acb344552cf2f4c9f8","752b815b612ca031ad9aa14de69534862010e68c985d7eb34455daed19a34187","vectorPerformance","mixture8","GPSS","1","2","435851","4000","500","Complete","0.1358483","1.76E-5","0.070309","0.0655217","0.125","0.002","230320","4000","11.885382937205895","20.922381229748733","74.65086869430434","1.127517255169642","0.6163845076767369","8","a8b0c5d28390a6bbe639426c5f3d044100be601426210b18a9d9a12faa0fdcbb",""
"1","0","1","current","c2329aa008622953f95ab0acb344552cf2f4c9f8","752b815b612ca031ad9aa14de69534862010e68c985d7eb34455daed19a34187","vectorPerformance","mixture8","GPSS","1","3","443770","4000","500","Complete","0.1329728","1.75E-5","0.0704304","0.0625249","0.125","0.001","228342","4000","32.15927038708645","138.24287084259578","31.951943081965528","1.0380332431121262","0.32314994313579937","8","fb914cb87efc1f88af4218573d1acfcb2cf7af7578bb3764f9313b6f1caf9c08",""
"1","0","1","current","c2329aa008622953f95ab0acb344552cf2f4c9f8","752b815b612ca031ad9aa14de69534862010e68c985d7eb34455daed19a34187","vectorPerformance","mixture8","GPSS","1","4","451689","4000","500","Complete","0.1344166","1.8E-5","0.0711905","0.0632081","0.125","0.0","231161","4000","11.42981152723505","18.51428192120557","82.97173289489884","1.1478873533286111","0.944470980985646","8","8c304b54387b3cfcaea9ca546733eb569997eadee97f924c60d4475ce4148eb9",""
"1","0","1","current","c2329aa008622953f95ab0acb344552cf2f4c9f8","752b815b612ca031ad9aa14de69534862010e68c985d7eb34455daed19a34187","vectorPerformance","mixture8","GPSS","2","-2","404175","4000","500","Complete","0.0883943","1.81E-5","0.0528134","0.0355628","0.21875","0.0","229144","4000","14.257988816324646","29.19304971339808","41.12369705555653","1.0898522442939091","0.21935070608817098","8","3b6875e17ed27fe9805ded4d871f7b5f9d73e9def0157d2b9b3ca4e8933848aa",""
"1","0","1","current","c2329aa008622953f95ab0acb344552cf2f4c9f8","752b815b612ca031ad9aa14de69534862010e68c985d7eb34455daed19a34187","vectorPerformance","mixture8","GPSS","2","-1","412094","4000","500","Complete","0.0788351","1.7E-5","0.043872","0.0349461","0.140625","0.001","229290","4000","18.720999899350527","39.028622707399215","46.96121523232878","1.0731938076004162","0.17813809720195017","8","abf27d85ad57f604af02f9ce976cde68729c5e5b0b9868c8021e26e9e57c9cbb",""
"1","0","1","current","c2329aa008622953f95ab0acb344552cf2f4c9f8","752b815b612ca031ad9aa14de69534862010e68c985d7eb34455daed19a34187","vectorPerformance","mixture8","GPSS","2","0","420013","4000","500","Complete","0.0783348","1.86E-5","0.0439414","0.0343748","0.15625","0.0","230860","4000","11.197660818981081","21.159126284650732","49.74480814386594","1.1308094060468774","0.5016290019944878","8","f1a24a91ced5488ebfe513313caafc39cdc36be309bd0944b0aca511830cdc9b",""
"1","0","1","current","c2329aa008622953f95ab0acb344552cf2f4c9f8","752b815b612ca031ad9aa14de69534862010e68c985d7eb34455daed19a34187","vectorPerformance","mixture8","GPSS","2","1","427932","4000","500","Complete","0.077397","1.83E-5","0.0445532","0.0328255","0.15625","0.0","227656","4000","350.3365962359708","946.1959119121931","828.0407758236613","1.006187429279826","0.489472770444491","0","3048dd7a997ec08547ffedc643f4f8ad71fb08dfc61d73588f085fae9f3b2530",""
"1","0","1","current","c2329aa008622953f95ab0acb344552cf2f4c9f8","752b815b612ca031ad9aa14de69534862010e68c985d7eb34455daed19a34187","vectorPerformance","mixture8","GPSS","2","2","435851","4000","500","Complete","0.0764123","1.76E-5","0.0423396","0.0340551","0.171875","0.0","230320","4000","11.885382937205895","20.922381229748733","74.65086869430434","1.127517255169642","0.6163845076767369","8","a8b0c5d28390a6bbe639426c5f3d044100be601426210b18a9d9a12faa0fdcbb",""
"1","0","1","current","c2329aa008622953f95ab0acb344552cf2f4c9f8","752b815b612ca031ad9aa14de69534862010e68c985d7eb34455daed19a34187","vectorPerformance","mixture8","GPSS","2","3","443770","4000","500","Complete","0.0766004","2.06E-5","0.0434211","0.0331587","0.15625","0.0","228342","4000","32.15927038708645","138.24287084259578","31.951943081965528","1.0380332431121262","0.32314994313579937","8","fb914cb87efc1f88af4218573d1acfcb2cf7af7578bb3764f9313b6f1caf9c08",""
"1","0","1","current","c2329aa008622953f95ab0acb344552cf2f4c9f8","752b815b612ca031ad9aa14de69534862010e68c985d7eb34455daed19a34187","vectorPerformance","mixture8","GPSS","2","4","451689","4000","500","Complete","0.0772318","1.73E-5","0.0424894","0.0347251","0.15625","0.0","231161","4000","11.42981152723505","18.51428192120557","82.97173289489884","1.1478873533286111","0.944470980985646","8","8c304b54387b3cfcaea9ca546733eb569997eadee97f924c60d4475ce4148eb9",""
"1","0","1","current","c2329aa008622953f95ab0acb344552cf2f4c9f8","752b815b612ca031ad9aa14de69534862010e68c985d7eb34455daed19a34187","vectorPerformance","mixture8","GPSS","4","-2","404175","4000","500","Complete","0.0638381","1.79E-5","0.0425078","0.0213124","0.265625","0.001","229144","4000","14.257988816324646","29.19304971339808","41.12369705555653","1.0898522442939091","0.21935070608817098","8","3b6875e17ed27fe9805ded4d871f7b5f9d73e9def0157d2b9b3ca4e8933848aa",""
"1","0","1","current","c2329aa008622953f95ab0acb344552cf2f4c9f8","752b815b612ca031ad9aa14de69534862010e68c985d7eb34455daed19a34187","vectorPerformance","mixture8","GPSS","4","-1","412094","4000","500","Complete","0.0646056","1.87E-5","0.0438849","0.020702","0.25","0.0","229290","4000","18.720999899350527","39.028622707399215","46.96121523232878","1.0731938076004162","0.17813809720195017","8","abf27d85ad57f604af02f9ce976cde68729c5e5b0b9868c8021e26e9e57c9cbb",""
"1","0","1","current","c2329aa008622953f95ab0acb344552cf2f4c9f8","752b815b612ca031ad9aa14de69534862010e68c985d7eb34455daed19a34187","vectorPerformance","mixture8","GPSS","4","0","420013","4000","500","Complete","0.0635472","1.86E-5","0.0432369","0.0202917","0.25","0.001","230860","4000","11.197660818981081","21.159126284650732","49.74480814386594","1.1308094060468774","0.5016290019944878","8","f1a24a91ced5488ebfe513313caafc39cdc36be309bd0944b0aca511830cdc9b",""
"1","0","1","current","c2329aa008622953f95ab0acb344552cf2f4c9f8","752b815b612ca031ad9aa14de69534862010e68c985d7eb34455daed19a34187","vectorPerformance","mixture8","GPSS","4","1","427932","4000","500","Complete","0.0602918","1.82E-5","0.0419944","0.0182792","0.25","0.001","227656","4000","350.3365962359708","946.1959119121931","828.0407758236613","1.006187429279826","0.489472770444491","0","3048dd7a997ec08547ffedc643f4f8ad71fb08dfc61d73588f085fae9f3b2530",""
"1","0","1","current","c2329aa008622953f95ab0acb344552cf2f4c9f8","752b815b612ca031ad9aa14de69534862010e68c985d7eb34455daed19a34187","vectorPerformance","mixture8","GPSS","4","2","435851","4000","500","Complete","0.064774","1.89E-5","0.0447429","0.0200122","0.328125","0.001","230320","4000","11.885382937205895","20.922381229748733","74.65086869430434","1.127517255169642","0.6163845076767369","8","a8b0c5d28390a6bbe639426c5f3d044100be601426210b18a9d9a12faa0fdcbb",""
"1","0","1","current","c2329aa008622953f95ab0acb344552cf2f4c9f8","752b815b612ca031ad9aa14de69534862010e68c985d7eb34455daed19a34187","vectorPerformance","mixture8","GPSS","4","3","443770","4000","500","Complete","0.0633336","1.74E-5","0.0429159","0.0204003","0.265625","0.001","228342","4000","32.15927038708645","138.24287084259578","31.951943081965528","1.0380332431121262","0.32314994313579937","8","fb914cb87efc1f88af4218573d1acfcb2cf7af7578bb3764f9313b6f1caf9c08",""
"1","0","1","current","c2329aa008622953f95ab0acb344552cf2f4c9f8","752b815b612ca031ad9aa14de69534862010e68c985d7eb34455daed19a34187","vectorPerformance","mixture8","GPSS","4","4","451689","4000","500","Complete","0.0635257","1.8E-5","0.0426785","0.0208292","0.265625","0.001","231161","4000","11.42981152723505","18.51428192120557","82.97173289489884","1.1478873533286111","0.944470980985646","8","8c304b54387b3cfcaea9ca546733eb569997eadee97f924c60d4475ce4148eb9",""
"1","0","1","current","c2329aa008622953f95ab0acb344552cf2f4c9f8","752b815b612ca031ad9aa14de69534862010e68c985d7eb34455daed19a34187","vectorPerformance","mixture8","Quantile","1","-2","404175","4000","500","Complete","0.2250046","2.93E-5","0.1582783","0.066697","0.234375","0.001","794544","4000","4.187636809868029","7.060337598855363","26.16378128764236","1.5288331364789502","3.256985326991021","8","08478ec37e7016f0a746f5541369d3f27e6780b3d77ac0dd3727aedc458b8a7f",""
"1","0","1","current","c2329aa008622953f95ab0acb344552cf2f4c9f8","752b815b612ca031ad9aa14de69534862010e68c985d7eb34455daed19a34187","vectorPerformance","mixture8","Quantile","1","-1","412094","4000","500","Complete","0.228899","1.62E-5","0.1660482","0.0628346","0.234375","0.001","816779","4000","13172.219750891138","13222.282432153374","9557.095877190202","1.0009523655339596","4.505381108384656","0","df0a2d121acaf8121fe4585bac661d116d56b94d4bbd87d7554b9b56bc69a16b",""
"1","0","1","current","c2329aa008622953f95ab0acb344552cf2f4c9f8","752b815b612ca031ad9aa14de69534862010e68c985d7eb34455daed19a34187","vectorPerformance","mixture8","Quantile","1","0","420013","4000","500","Complete","0.2250064","1.48E-5","0.1597097","0.0652819","0.21875","0.001","794198","4000","4.186058672517822","7.066033020998243","25.872565892706334","1.528293121197245","3.254959184947837","8","298edcccf4cb67bd1d71a2c67eaac49d9c2f065b01ce89b5a425470b4ac34246",""
"1","0","1","current","c2329aa008622953f95ab0acb344552cf2f4c9f8","752b815b612ca031ad9aa14de69534862010e68c985d7eb34455daed19a34187","vectorPerformance","mixture8","Quantile","1","1","427932","4000","500","Complete","0.2233862","1.61E-5","0.1584338","0.0649363","0.21875","0.002","793428","4000","4.1830750512240416","7.063117190644894","25.56957561795727","1.5283657513611182","3.2567621870613133","8","273d5a969b71614959a723e90feee880f8890fbdd52ed734512ecdb8349192a1",""
"1","0","1","current","c2329aa008622953f95ab0acb344552cf2f4c9f8","752b815b612ca031ad9aa14de69534862010e68c985d7eb34455daed19a34187","vectorPerformance","mixture8","Quantile","1","2","435851","4000","500","Complete","0.2279145","1.89E-5","0.1628911","0.0650045","0.515625","0.002","819559","4000","13453.176078554361","13421.262962358194","9216.280792110578","1.0005674240480147","4.502788958677054","0","d8c678a9202d9a68411f907dc58204bfa1e84fa81561ad1055f777dd4b42c6f2",""
"1","0","1","current","c2329aa008622953f95ab0acb344552cf2f4c9f8","752b815b612ca031ad9aa14de69534862010e68c985d7eb34455daed19a34187","vectorPerformance","mixture8","Quantile","1","3","443770","4000","500","Complete","0.2240581","1.59E-5","0.1607782","0.063264","0.21875","0.001","818525","4000","14133.815442025896","14200.524096105466","9050.625427824825","1.0007425189374404","4.512149086714977","0","1bb1a4f128a60c3df02103528fa01749d02171821dd07470e5dae7f5e8630625",""
"1","0","1","current","c2329aa008622953f95ab0acb344552cf2f4c9f8","752b815b612ca031ad9aa14de69534862010e68c985d7eb34455daed19a34187","vectorPerformance","mixture8","Quantile","1","4","451689","4000","500","Complete","0.2264892","1.68E-5","0.1641271","0.0623453","0.21875","0.001","819229","4000","12826.818650755431","12819.884446949432","9099.649034826969","1.000430048273552","4.504000123365279","0","678212121ddd43756b45e7bd2e21e3caba79bf54b0c78a22985c55552046cf37",""
"1","0","1","current","c2329aa008622953f95ab0acb344552cf2f4c9f8","752b815b612ca031ad9aa14de69534862010e68c985d7eb34455daed19a34187","vectorPerformance","mixture8","Quantile","2","-2","404175","4000","500","Complete","0.1350667","1.54E-5","0.0984386","0.0366127","0.25","0.001","794544","4000","4.187636809868029","7.060337598855363","26.16378128764236","1.5288331364789502","3.256985326991021","8","08478ec37e7016f0a746f5541369d3f27e6780b3d77ac0dd3727aedc458b8a7f",""
"1","0","1","current","c2329aa008622953f95ab0acb344552cf2f4c9f8","752b815b612ca031ad9aa14de69534862010e68c985d7eb34455daed19a34187","vectorPerformance","mixture8","Quantile","2","-1","412094","4000","500","Complete","0.1322941","2.39E-5","0.0991146","0.0331556","0.28125","0.001","816779","4000","13172.219750891138","13222.282432153374","9557.095877190202","1.0009523655339596","4.505381108384656","0","df0a2d121acaf8121fe4585bac661d116d56b94d4bbd87d7554b9b56bc69a16b",""
"1","0","1","current","c2329aa008622953f95ab0acb344552cf2f4c9f8","752b815b612ca031ad9aa14de69534862010e68c985d7eb34455daed19a34187","vectorPerformance","mixture8","Quantile","2","0","420013","4000","500","Complete","0.1370498","1.58E-5","0.1008941","0.0361399","0.28125","0.001","794198","4000","4.186058672517822","7.066033020998243","25.872565892706334","1.528293121197245","3.254959184947837","8","298edcccf4cb67bd1d71a2c67eaac49d9c2f065b01ce89b5a425470b4ac34246",""
"1","0","1","current","c2329aa008622953f95ab0acb344552cf2f4c9f8","752b815b612ca031ad9aa14de69534862010e68c985d7eb34455daed19a34187","vectorPerformance","mixture8","Quantile","2","1","427932","4000","500","Complete","0.1347815","1.6E-5","0.0993599","0.0354056","0.28125","0.002","793428","4000","4.1830750512240416","7.063117190644894","25.56957561795727","1.5283657513611182","3.2567621870613133","8","273d5a969b71614959a723e90feee880f8890fbdd52ed734512ecdb8349192a1",""
"1","0","1","current","c2329aa008622953f95ab0acb344552cf2f4c9f8","752b815b612ca031ad9aa14de69534862010e68c985d7eb34455daed19a34187","vectorPerformance","mixture8","Quantile","2","2","435851","4000","500","Complete","0.1335559","1.55E-5","0.0995198","0.0340206","0.25","0.0","819559","4000","13453.176078554361","13421.262962358194","9216.280792110578","1.0005674240480147","4.502788958677054","0","d8c678a9202d9a68411f907dc58204bfa1e84fa81561ad1055f777dd4b42c6f2",""
"1","0","1","current","c2329aa008622953f95ab0acb344552cf2f4c9f8","752b815b612ca031ad9aa14de69534862010e68c985d7eb34455daed19a34187","vectorPerformance","mixture8","Quantile","2","3","443770","4000","500","Complete","0.1340307","1.8E-5","0.1000198","0.0339929","0.234375","0.0","818525","4000","14133.815442025896","14200.524096105466","9050.625427824825","1.0007425189374404","4.512149086714977","0","1bb1a4f128a60c3df02103528fa01749d02171821dd07470e5dae7f5e8630625",""
"1","0","1","current","c2329aa008622953f95ab0acb344552cf2f4c9f8","752b815b612ca031ad9aa14de69534862010e68c985d7eb34455daed19a34187","vectorPerformance","mixture8","Quantile","2","4","451689","4000","500","Complete","0.1335804","1.55E-5","0.1002683","0.0332966","0.28125","0.001","819229","4000","12826.818650755431","12819.884446949432","9099.649034826969","1.000430048273552","4.504000123365279","0","678212121ddd43756b45e7bd2e21e3caba79bf54b0c78a22985c55552046cf37",""
"1","0","1","current","c2329aa008622953f95ab0acb344552cf2f4c9f8","752b815b612ca031ad9aa14de69534862010e68c985d7eb34455daed19a34187","vectorPerformance","mixture8","Quantile","4","-2","404175","4000","500","Complete","0.102143","1.52E-5","0.0796893","0.0224385","0.359375","0.0","794544","4000","4.187636809868029","7.060337598855363","26.16378128764236","1.5288331364789502","3.256985326991021","8","08478ec37e7016f0a746f5541369d3f27e6780b3d77ac0dd3727aedc458b8a7f",""
"1","0","1","current","c2329aa008622953f95ab0acb344552cf2f4c9f8","752b815b612ca031ad9aa14de69534862010e68c985d7eb34455daed19a34187","vectorPerformance","mixture8","Quantile","4","-1","412094","4000","500","Complete","0.1006828","1.53E-5","0.08063","0.0200375","0.40625","0.002","816779","4000","13172.219750891138","13222.282432153374","9557.095877190202","1.0009523655339596","4.505381108384656","0","df0a2d121acaf8121fe4585bac661d116d56b94d4bbd87d7554b9b56bc69a16b",""
"1","0","1","current","c2329aa008622953f95ab0acb344552cf2f4c9f8","752b815b612ca031ad9aa14de69534862010e68c985d7eb34455daed19a34187","vectorPerformance","mixture8","Quantile","4","0","420013","4000","500","Complete","0.0998684","1.75E-5","0.0779238","0.0219271","0.359375","0.001","794198","4000","4.186058672517822","7.066033020998243","25.872565892706334","1.528293121197245","3.254959184947837","8","298edcccf4cb67bd1d71a2c67eaac49d9c2f065b01ce89b5a425470b4ac34246",""
"1","0","1","current","c2329aa008622953f95ab0acb344552cf2f4c9f8","752b815b612ca031ad9aa14de69534862010e68c985d7eb34455daed19a34187","vectorPerformance","mixture8","Quantile","4","1","427932","4000","500","Complete","0.0968911","1.58E-5","0.0754019","0.0214734","0.375","0.001","793428","4000","4.1830750512240416","7.063117190644894","25.56957561795727","1.5283657513611182","3.2567621870613133","8","273d5a969b71614959a723e90feee880f8890fbdd52ed734512ecdb8349192a1",""
"1","0","1","current","c2329aa008622953f95ab0acb344552cf2f4c9f8","752b815b612ca031ad9aa14de69534862010e68c985d7eb34455daed19a34187","vectorPerformance","mixture8","Quantile","4","2","435851","4000","500","Complete","0.0974687","1.64E-5","0.0789912","0.0184611","0.671875","0.002","819559","4000","13453.176078554361","13421.262962358194","9216.280792110578","1.0005674240480147","4.502788958677054","0","d8c678a9202d9a68411f907dc58204bfa1e84fa81561ad1055f777dd4b42c6f2",""
"1","0","1","current","c2329aa008622953f95ab0acb344552cf2f4c9f8","752b815b612ca031ad9aa14de69534862010e68c985d7eb34455daed19a34187","vectorPerformance","mixture8","Quantile","4","3","443770","4000","500","Complete","0.1003464","1.53E-5","0.0792852","0.0210459","0.375","0.001","818525","4000","14133.815442025896","14200.524096105466","9050.625427824825","1.0007425189374404","4.512149086714977","0","1bb1a4f128a60c3df02103528fa01749d02171821dd07470e5dae7f5e8630625",""
"1","0","1","current","c2329aa008622953f95ab0acb344552cf2f4c9f8","752b815b612ca031ad9aa14de69534862010e68c985d7eb34455daed19a34187","vectorPerformance","mixture8","Quantile","4","4","451689","4000","500","Complete","0.1008686","2.01E-5","0.0811","0.0197485","0.4375","0.002","819229","4000","12826.818650755431","12819.884446949432","9099.649034826969","1.000430048273552","4.504000123365279","0","678212121ddd43756b45e7bd2e21e3caba79bf54b0c78a22985c55552046cf37",""
"1","0","1","current","c2329aa008622953f95ab0acb344552cf2f4c9f8","752b815b612ca031ad9aa14de69534862010e68c985d7eb34455daed19a34187","vectorPerformance","positive32","GPSS","1","-2","404175","4000","500","Complete","0.4459709","2.62E-5","0.1896932","0.2562515","0.484375","0.007","312248","4000","6.507081555422677","8.267454120088496","11.239726363241573","1.4243493212370788","0.9111742118510904","32","e1f462be7160698fc96433c37d8e6460fa2b583d96e58a05af89904985ee97c5",""
"1","0","1","current","c2329aa008622953f95ab0acb344552cf2f4c9f8","752b815b612ca031ad9aa14de69534862010e68c985d7eb34455daed19a34187","vectorPerformance","positive32","GPSS","1","-1","412094","4000","500","Complete","0.436608","2.34E-5","0.1881912","0.2483934","0.421875","0.002","312989","4000","5.495322761597328","8.012492423835413","12.29336507256984","1.4621066333934736","0.5327465027759886","32","047503de7ceb57f45f2c33ddf27b78c64d75cb6665a40538a8909c85da9d2c02",""
"1","0","1","current","c2329aa008622953f95ab0acb344552cf2f4c9f8","752b815b612ca031ad9aa14de69534862010e68c985d7eb34455daed19a34187","vectorPerformance","positive32","GPSS","1","0","420013","4000","500","Complete","0.4356909","2.41E-5","0.1906322","0.2450346","0.421875","0.001","315080","4000","5.054210848500271","6.4086389980297715","11.498400167812514","1.682066869867944","1.124774421937512","32","9182bbb858877f9a625ab3c8ae05e7120fdc466f42d5a1dceccf9395da6065e9",""
"1","0","1","current","c2329aa008622953f95ab0acb344552cf2f4c9f8","752b815b612ca031ad9aa14de69534862010e68c985d7eb34455daed19a34187","vectorPerformance","positive32","GPSS","1","1","427932","4000","500","Complete","0.4436364","2.43E-5","0.1911751","0.252437","0.4375","0.004","310499","4000","4.949526595516298","7.4253970060875725","11.370735805288119","1.496332455560683","0.5218258205642705","32","f0d7064a140efac0e8d7992843e936b5b1ea4f33b336f96c18ed34d07d4ff733",""
"1","0","1","current","c2329aa008622953f95ab0acb344552cf2f4c9f8","752b815b612ca031ad9aa14de69534862010e68c985d7eb34455daed19a34187","vectorPerformance","positive32","GPSS","1","2","435851","4000","500","Complete","0.4412589","2.57E-5","0.188095","0.2531382","0.46875","0.007","312895","4000","6.595439608345559","8.875134343603566","10.947737821804315","1.3815878832703925","0.38311879002350624","32","0365e43fa384cead64ff9f89d32ea3ea9edfdb1f4523fadebe6c708ca213e343",""
"1","0","1","current","c2329aa008622953f95ab0acb344552cf2f4c9f8","752b815b612ca031ad9aa14de69534862010e68c985d7eb34455daed19a34187","vectorPerformance","positive32","GPSS","1","3","443770","4000","500","Complete","0.4431151","2.45E-5","0.1918103","0.2512803","0.453125","0.004","322378","4000","4.786571198089734","5.896539279571406","11.375709989448119","1.7909712039019074","1.5561805918696656","32","6ad6daee0ad4e8690da4c2f3a9ad5ab953ab95d6f3a80ac9994366367dae6f68",""
"1","0","1","current","c2329aa008622953f95ab0acb344552cf2f4c9f8","752b815b612ca031ad9aa14de69534862010e68c985d7eb34455daed19a34187","vectorPerformance","positive32","GPSS","1","4","451689","4000","500","Complete","0.4367711","2.65E-5","0.190449","0.2462956","0.4375","0.003","312493","4000","7.11180708957874","8.71283262637544","16.641164170760746","1.408214647506748","0.6415784047018325","32","b56b7859597de05ce23273ba96ae874e4baee6fad0f20d955b87448e5465d676",""
"1","0","1","current","c2329aa008622953f95ab0acb344552cf2f4c9f8","752b815b612ca031ad9aa14de69534862010e68c985d7eb34455daed19a34187","vectorPerformance","positive32","GPSS","2","-2","404175","4000","500","Complete","0.2649714","2.38E-5","0.1300108","0.1349368","1.21875","0.004","312248","4000","6.507081555422677","8.267454120088496","11.239726363241573","1.4243493212370788","0.9111742118510904","32","e1f462be7160698fc96433c37d8e6460fa2b583d96e58a05af89904985ee97c5",""
"1","0","1","current","c2329aa008622953f95ab0acb344552cf2f4c9f8","752b815b612ca031ad9aa14de69534862010e68c985d7eb34455daed19a34187","vectorPerformance","positive32","GPSS","2","-1","412094","4000","500","Complete","0.2473109","2.69E-5","0.1174841","0.1297999","0.8125","0.003","312989","4000","5.495322761597328","8.012492423835413","12.29336507256984","1.4621066333934736","0.5327465027759886","32","047503de7ceb57f45f2c33ddf27b78c64d75cb6665a40538a8909c85da9d2c02",""
"1","0","1","current","c2329aa008622953f95ab0acb344552cf2f4c9f8","752b815b612ca031ad9aa14de69534862010e68c985d7eb34455daed19a34187","vectorPerformance","positive32","GPSS","2","0","420013","4000","500","Complete","0.2502789","2.46E-5","0.1153162","0.1349381","0.5","0.004","315080","4000","5.054210848500271","6.4086389980297715","11.498400167812514","1.682066869867944","1.124774421937512","32","9182bbb858877f9a625ab3c8ae05e7120fdc466f42d5a1dceccf9395da6065e9",""
"1","0","1","current","c2329aa008622953f95ab0acb344552cf2f4c9f8","752b815b612ca031ad9aa14de69534862010e68c985d7eb34455daed19a34187","vectorPerformance","positive32","GPSS","2","1","427932","4000","500","Complete","0.2504425","2.38E-5","0.1151588","0.1352599","0.515625","0.004","310499","4000","4.949526595516298","7.4253970060875725","11.370735805288119","1.496332455560683","0.5218258205642705","32","f0d7064a140efac0e8d7992843e936b5b1ea4f33b336f96c18ed34d07d4ff733",""
"1","0","1","current","c2329aa008622953f95ab0acb344552cf2f4c9f8","752b815b612ca031ad9aa14de69534862010e68c985d7eb34455daed19a34187","vectorPerformance","positive32","GPSS","2","2","435851","4000","500","Complete","0.2495998","2.28E-5","0.1169597","0.1326173","0.5","0.003","312895","4000","6.595439608345559","8.875134343603566","10.947737821804315","1.3815878832703925","0.38311879002350624","32","0365e43fa384cead64ff9f89d32ea3ea9edfdb1f4523fadebe6c708ca213e343",""
"1","0","1","current","c2329aa008622953f95ab0acb344552cf2f4c9f8","752b815b612ca031ad9aa14de69534862010e68c985d7eb34455daed19a34187","vectorPerformance","positive32","GPSS","2","3","443770","4000","500","Complete","0.2472991","2.51E-5","0.119809","0.127465","0.5","0.002","322378","4000","4.786571198089734","5.896539279571406","11.375709989448119","1.7909712039019074","1.5561805918696656","32","6ad6daee0ad4e8690da4c2f3a9ad5ab953ab95d6f3a80ac9994366367dae6f68",""
"1","0","1","current","c2329aa008622953f95ab0acb344552cf2f4c9f8","752b815b612ca031ad9aa14de69534862010e68c985d7eb34455daed19a34187","vectorPerformance","positive32","GPSS","2","4","451689","4000","500","Complete","0.2459561","2.38E-5","0.1169879","0.1289444","0.484375","0.002","312493","4000","7.11180708957874","8.71283262637544","16.641164170760746","1.408214647506748","0.6415784047018325","32","b56b7859597de05ce23273ba96ae874e4baee6fad0f20d955b87448e5465d676",""
"1","0","1","current","c2329aa008622953f95ab0acb344552cf2f4c9f8","752b815b612ca031ad9aa14de69534862010e68c985d7eb34455daed19a34187","vectorPerformance","positive32","GPSS","4","-2","404175","4000","500","Complete","0.1720629","3.22E-5","0.0987928","0.0732379","0.6875","0.003","312248","4000","6.507081555422677","8.267454120088496","11.239726363241573","1.4243493212370788","0.9111742118510904","32","e1f462be7160698fc96433c37d8e6460fa2b583d96e58a05af89904985ee97c5",""
"1","0","1","current","c2329aa008622953f95ab0acb344552cf2f4c9f8","752b815b612ca031ad9aa14de69534862010e68c985d7eb34455daed19a34187","vectorPerformance","positive32","GPSS","4","-1","412094","4000","500","Complete","0.1750486","2.71E-5","0.0995678","0.0754537","0.703125","0.004","312989","4000","5.495322761597328","8.012492423835413","12.29336507256984","1.4621066333934736","0.5327465027759886","32","047503de7ceb57f45f2c33ddf27b78c64d75cb6665a40538a8909c85da9d2c02",""
"1","0","1","current","c2329aa008622953f95ab0acb344552cf2f4c9f8","752b815b612ca031ad9aa14de69534862010e68c985d7eb34455daed19a34187","vectorPerformance","positive32","GPSS","4","0","420013","4000","500","Complete","0.1756787","2.41E-5","0.0996256","0.076029","0.703125","0.002","315080","4000","5.054210848500271","6.4086389980297715","11.498400167812514","1.682066869867944","1.124774421937512","32","9182bbb858877f9a625ab3c8ae05e7120fdc466f42d5a1dceccf9395da6065e9",""
"1","0","1","current","c2329aa008622953f95ab0acb344552cf2f4c9f8","752b815b612ca031ad9aa14de69534862010e68c985d7eb34455daed19a34187","vectorPerformance","positive32","GPSS","4","1","427932","4000","500","Complete","0.1763452","2.3E-5","0.0976971","0.0786251","0.6875","0.002","310499","4000","4.949526595516298","7.4253970060875725","11.370735805288119","1.496332455560683","0.5218258205642705","32","f0d7064a140efac0e8d7992843e936b5b1ea4f33b336f96c18ed34d07d4ff733",""
"1","0","1","current","c2329aa008622953f95ab0acb344552cf2f4c9f8","752b815b612ca031ad9aa14de69534862010e68c985d7eb34455daed19a34187","vectorPerformance","positive32","GPSS","4","2","435851","4000","500","Complete","0.1744219","2.47E-5","0.1001158","0.0742814","0.6875","0.002","312895","4000","6.595439608345559","8.875134343603566","10.947737821804315","1.3815878832703925","0.38311879002350624","32","0365e43fa384cead64ff9f89d32ea3ea9edfdb1f4523fadebe6c708ca213e343",""
"1","0","1","current","c2329aa008622953f95ab0acb344552cf2f4c9f8","752b815b612ca031ad9aa14de69534862010e68c985d7eb34455daed19a34187","vectorPerformance","positive32","GPSS","4","3","443770","4000","500","Complete","0.1762469","2.51E-5","0.0983335","0.0778883","1.0625","0.004","322378","4000","4.786571198089734","5.896539279571406","11.375709989448119","1.7909712039019074","1.5561805918696656","32","6ad6daee0ad4e8690da4c2f3a9ad5ab953ab95d6f3a80ac9994366367dae6f68",""
"1","0","1","current","c2329aa008622953f95ab0acb344552cf2f4c9f8","752b815b612ca031ad9aa14de69534862010e68c985d7eb34455daed19a34187","vectorPerformance","positive32","GPSS","4","4","451689","4000","500","Complete","0.1747594","2.31E-5","0.0963989","0.0783374","0.65625","0.004","312493","4000","7.11180708957874","8.71283262637544","16.641164170760746","1.408214647506748","0.6415784047018325","32","b56b7859597de05ce23273ba96ae874e4baee6fad0f20d955b87448e5465d676",""
"1","0","1","current","c2329aa008622953f95ab0acb344552cf2f4c9f8","752b815b612ca031ad9aa14de69534862010e68c985d7eb34455daed19a34187","vectorPerformance","positive32","Quantile","1","-2","404175","4000","500","Complete","0.6597057","2.13E-5","0.4112522","0.2484322","0.65625","0.007","2332703","4000","8030.260361578566","7443.725542312934","10980.95587684255","1.0012073242374708","0.03162578897149504","0","109d1589a3cfa1856056d074588bf62a00242342be20aaa02c7f9fa0c3d02464",""
"1","0","1","current","c2329aa008622953f95ab0acb344552cf2f4c9f8","752b815b612ca031ad9aa14de69534862010e68c985d7eb34455daed19a34187","vectorPerformance","positive32","Quantile","1","-1","412094","4000","500","Complete","0.6617204","2.18E-5","0.4044617","0.2572369","1.0","0.009","2332056","4000","7849.260320702932","7497.08911341319","10218.844461352033","1.000850226319869","0.023734462941020107","0","2e7ae8f39b7d995378c03be6210919257cb3c5da65a71f7499cfe9fc1c43ddaa",""
"1","0","1","current","c2329aa008622953f95ab0acb344552cf2f4c9f8","752b815b612ca031ad9aa14de69534862010e68c985d7eb34455daed19a34187","vectorPerformance","positive32","Quantile","1","0","420013","4000","500","Complete","0.6636003","3.61E-5","0.4152471","0.2483171","1.015625","0.006","2331456","4000","8061.462008922536","7644.287188277893","10396.228328686206","1.000767355772193","0.026399068267307313","0","b1c80d02d980f561db28b8e8c75872a90bfe94527189f07f4dfe1c9226d272e5",""
"1","0","1","current","c2329aa008622953f95ab0acb344552cf2f4c9f8","752b815b612ca031ad9aa14de69534862010e68c985d7eb34455daed19a34187","vectorPerformance","positive32","Quantile","1","1","427932","4000","500","Complete","0.6635061","1.92E-5","0.4122352","0.2512517","0.640625","0.008","2330866","4000","7748.716822064378","7364.471868294603","10702.763364386927","1.0006942215274883","0.030448865944532777","0","218737eae3e2da277e8b65fe3a76bd5f04046950597185a676bdc475001c1e46",""
"1","0","1","current","c2329aa008622953f95ab0acb344552cf2f4c9f8","752b815b612ca031ad9aa14de69534862010e68c985d7eb34455daed19a34187","vectorPerformance","positive32","Quantile","1","2","435851","4000","500","Complete","0.6682058","2.06E-5","0.4207164","0.2474688","0.65625","0.006","2331863","4000","7994.761109518766","7444.795092892279","10756.070846197807","1.0010742652566522","0.026722483101742966","0","fb50892c47662c7c9c7473b45775635e782a20ef09488c3bc7f407bd559adfe3",""
"1","0","1","current","c2329aa008622953f95ab0acb344552cf2f4c9f8","752b815b612ca031ad9aa14de69534862010e68c985d7eb34455daed19a34187","vectorPerformance","positive32","Quantile","1","3","443770","4000","500","Complete","0.6574048","4.8E-5","0.4095205","0.2478363","0.65625","0.007","2331071","4000","8046.326204198977","7094.826103737033","10587.156707045673","1.0006492486922247","0.022192055198105076","0","ea829d033823c80e3ad79c2bf9f4c957103c19055e7f39ac840ae3dd8ecf7787",""
"1","0","1","current","c2329aa008622953f95ab0acb344552cf2f4c9f8","752b815b612ca031ad9aa14de69534862010e68c985d7eb34455daed19a34187","vectorPerformance","positive32","Quantile","1","4","451689","4000","500","Complete","0.6604786","2.04E-5","0.4119341","0.2485241","0.984375","0.008","2329615","4000","8049.572429524939","7585.9302215949265","10803.178568962107","1.001435614653514","0.019996657665890316","0","f2275fab90488b6e0703edb3fe7b6bef8718ce8c0b14a645dc9d2b61880d135c",""
"1","0","1","current","c2329aa008622953f95ab0acb344552cf2f4c9f8","752b815b612ca031ad9aa14de69534862010e68c985d7eb34455daed19a34187","vectorPerformance","positive32","Quantile","2","-2","404175","4000","500","Complete","0.3807868","2.17E-5","0.2453642","0.1354009","0.78125","0.009","2332703","4000","8030.260361578566","7443.725542312934","10980.95587684255","1.0012073242374708","0.03162578897149504","0","109d1589a3cfa1856056d074588bf62a00242342be20aaa02c7f9fa0c3d02464",""
"1","0","1","current","c2329aa008622953f95ab0acb344552cf2f4c9f8","752b815b612ca031ad9aa14de69534862010e68c985d7eb34455daed19a34187","vectorPerformance","positive32","Quantile","2","-1","412094","4000","500","Complete","0.3541344","1.99E-5","0.2225772","0.1315373","0.71875","0.005","2332056","4000","7849.260320702932","7497.08911341319","10218.844461352033","1.000850226319869","0.023734462941020107","0","2e7ae8f39b7d995378c03be6210919257cb3c5da65a71f7499cfe9fc1c43ddaa",""
"1","0","1","current","c2329aa008622953f95ab0acb344552cf2f4c9f8","752b815b612ca031ad9aa14de69534862010e68c985d7eb34455daed19a34187","vectorPerformance","positive32","Quantile","2","0","420013","4000","500","Complete","0.3547853","2.08E-5","0.221473","0.1332915","0.71875","0.005","2331456","4000","8061.462008922536","7644.287188277893","10396.228328686206","1.000767355772193","0.026399068267307313","0","b1c80d02d980f561db28b8e8c75872a90bfe94527189f07f4dfe1c9226d272e5",""
"1","0","1","current","c2329aa008622953f95ab0acb344552cf2f4c9f8","752b815b612ca031ad9aa14de69534862010e68c985d7eb34455daed19a34187","vectorPerformance","positive32","Quantile","2","1","427932","4000","500","Complete","0.3554548","2.05E-5","0.2223597","0.1330746","0.828125","0.004","2330866","4000","7748.716822064378","7364.471868294603","10702.763364386927","1.0006942215274883","0.030448865944532777","0","218737eae3e2da277e8b65fe3a76bd5f04046950597185a676bdc475001c1e46",""
"1","0","1","current","c2329aa008622953f95ab0acb344552cf2f4c9f8","752b815b612ca031ad9aa14de69534862010e68c985d7eb34455daed19a34187","vectorPerformance","positive32","Quantile","2","2","435851","4000","500","Complete","0.3523705","2.0E-5","0.2212337","0.1311168","0.6875","0.005","2331863","4000","7994.761109518766","7444.795092892279","10756.070846197807","1.0010742652566522","0.026722483101742966","0","fb50892c47662c7c9c7473b45775635e782a20ef09488c3bc7f407bd559adfe3",""
"1","0","1","current","c2329aa008622953f95ab0acb344552cf2f4c9f8","752b815b612ca031ad9aa14de69534862010e68c985d7eb34455daed19a34187","vectorPerformance","positive32","Quantile","2","3","443770","4000","500","Complete","0.355677","2.68E-5","0.2238218","0.1318284","0.71875","0.007","2331071","4000","8046.326204198977","7094.826103737033","10587.156707045673","1.0006492486922247","0.022192055198105076","0","ea829d033823c80e3ad79c2bf9f4c957103c19055e7f39ac840ae3dd8ecf7787",""
"1","0","1","current","c2329aa008622953f95ab0acb344552cf2f4c9f8","752b815b612ca031ad9aa14de69534862010e68c985d7eb34455daed19a34187","vectorPerformance","positive32","Quantile","2","4","451689","4000","500","Complete","0.3524666","1.95E-5","0.2239837","0.1284634","0.6875","0.005","2329615","4000","8049.572429524939","7585.9302215949265","10803.178568962107","1.001435614653514","0.019996657665890316","0","f2275fab90488b6e0703edb3fe7b6bef8718ce8c0b14a645dc9d2b61880d135c",""
"1","0","1","current","c2329aa008622953f95ab0acb344552cf2f4c9f8","752b815b612ca031ad9aa14de69534862010e68c985d7eb34455daed19a34187","vectorPerformance","positive32","Quantile","4","-2","404175","4000","500","Complete","0.2597385","2.04E-5","0.18212","0.0775981","1.0","0.007","2332703","4000","8030.260361578566","7443.725542312934","10980.95587684255","1.0012073242374708","0.03162578897149504","0","109d1589a3cfa1856056d074588bf62a00242342be20aaa02c7f9fa0c3d02464",""
"1","0","1","current","c2329aa008622953f95ab0acb344552cf2f4c9f8","752b815b612ca031ad9aa14de69534862010e68c985d7eb34455daed19a34187","vectorPerformance","positive32","Quantile","4","-1","412094","4000","500","Complete","0.2565326","2.09E-5","0.1866646","0.0698471","1.03125","0.008","2332056","4000","7849.260320702932","7497.08911341319","10218.844461352033","1.000850226319869","0.023734462941020107","0","2e7ae8f39b7d995378c03be6210919257cb3c5da65a71f7499cfe9fc1c43ddaa",""
"1","0","1","current","c2329aa008622953f95ab0acb344552cf2f4c9f8","752b815b612ca031ad9aa14de69534862010e68c985d7eb34455daed19a34187","vectorPerformance","positive32","Quantile","4","0","420013","4000","500","Complete","0.26323","2.22E-5","0.1858704","0.0773374","1.3125","0.009","2331456","4000","8061.462008922536","7644.287188277893","10396.228328686206","1.000767355772193","0.026399068267307313","0","b1c80d02d980f561db28b8e8c75872a90bfe94527189f07f4dfe1c9226d272e5",""
"1","0","1","current","c2329aa008622953f95ab0acb344552cf2f4c9f8","752b815b612ca031ad9aa14de69534862010e68c985d7eb34455daed19a34187","vectorPerformance","positive32","Quantile","4","1","427932","4000","500","Complete","0.2586146","2.04E-5","0.1846122","0.073982","0.953125","0.006","2330866","4000","7748.716822064378","7364.471868294603","10702.763364386927","1.0006942215274883","0.030448865944532777","0","218737eae3e2da277e8b65fe3a76bd5f04046950597185a676bdc475001c1e46",""
"1","0","1","current","c2329aa008622953f95ab0acb344552cf2f4c9f8","752b815b612ca031ad9aa14de69534862010e68c985d7eb34455daed19a34187","vectorPerformance","positive32","Quantile","4","2","435851","4000","500","Complete","0.2618574","2.1E-5","0.1838825","0.0779539","1.359375","0.009","2331863","4000","7994.761109518766","7444.795092892279","10756.070846197807","1.0010742652566522","0.026722483101742966","0","fb50892c47662c7c9c7473b45775635e782a20ef09488c3bc7f407bd559adfe3",""
"1","0","1","current","c2329aa008622953f95ab0acb344552cf2f4c9f8","752b815b612ca031ad9aa14de69534862010e68c985d7eb34455daed19a34187","vectorPerformance","positive32","Quantile","4","3","443770","4000","500","Complete","0.260597","2.0E-5","0.1832493","0.0773277","0.953125","0.009","2331071","4000","8046.326204198977","7094.826103737033","10587.156707045673","1.0006492486922247","0.022192055198105076","0","ea829d033823c80e3ad79c2bf9f4c957103c19055e7f39ac840ae3dd8ecf7787",""
"1","0","1","current","c2329aa008622953f95ab0acb344552cf2f4c9f8","752b815b612ca031ad9aa14de69534862010e68c985d7eb34455daed19a34187","vectorPerformance","positive32","Quantile","4","4","451689","4000","500","Complete","0.2587424","1.91E-5","0.1816589","0.0770644","0.9375","0.009","2329615","4000","8049.572429524939","7585.9302215949265","10803.178568962107","1.001435614653514","0.019996657665890316","0","f2275fab90488b6e0703edb3fe7b6bef8718ce8c0b14a645dc9d2b61880d135c",""
"2","1","0","current","c2329aa008622953f95ab0acb344552cf2f4c9f8","752b815b612ca031ad9aa14de69534862010e68c985d7eb34455daed19a34187","vectorPerformance","correlated32","GPSS","1","-2","404175","4000","500","Complete","0.4506437","3.21E-5","0.2106627","0.2399489","0.4375","0.002","265461","4000","645.117038188815","619.6601510130125","111.82974658890811","1.4709232708798055","0.0221888479832677","32","34ba7e81aae421fabb6d7abc8b37fed811e4c6a3b11b225e03c34135c20e5fab",""
"2","1","0","current","c2329aa008622953f95ab0acb344552cf2f4c9f8","752b815b612ca031ad9aa14de69534862010e68c985d7eb34455daed19a34187","vectorPerformance","correlated32","GPSS","1","-1","412094","4000","500","Complete","0.4516385","4.99E-5","0.2066037","0.2449849","0.734375","0.007","260316","4000","564.5119782236644","553.9746471274595","68.93212740164371","1.6458772028336794","0.06977010736276656","32","0dd72e443f3b53513a682dd3fda3078d30eb3ca1e5546f164ad2b8797a0cc49f",""
"2","1","0","current","c2329aa008622953f95ab0acb344552cf2f4c9f8","752b815b612ca031ad9aa14de69534862010e68c985d7eb34455daed19a34187","vectorPerformance","correlated32","GPSS","1","0","420013","4000","500","Complete","0.4657652","3.22E-5","0.2143434","0.2513896","0.453125","0.006","271170","4000","550.788691510793","462.92862585511017","31.898583590051008","1.6153232296497368","0.02539427674995709","32","4e32fd58fd10390b4e797c6902eed30b34036ec3e48184af25c550e5ecd201e4",""
"2","1","0","current","c2329aa008622953f95ab0acb344552cf2f4c9f8","752b815b612ca031ad9aa14de69534862010e68c985d7eb34455daed19a34187","vectorPerformance","correlated32","GPSS","1","1","427932","4000","500","Complete","0.4401487","3.14E-5","0.1947905","0.2453268","0.453125","0.004","243643","4000","728.9168563232058","707.6422054588379","37.327199337196575","1.394679319897266","0.014786962883091226","32","6556bc9a5258d4cf10554a8f1be0f66bc02b8dd465a89ab0179fc4a9bce27863",""
"2","1","0","current","c2329aa008622953f95ab0acb344552cf2f4c9f8","752b815b612ca031ad9aa14de69534862010e68c985d7eb34455daed19a34187","vectorPerformance","correlated32","GPSS","1","2","435851","4000","500","Complete","0.4434048","2.31E-5","0.2004052","0.2429765","0.421875","0.004","252525","4000","851.515000276373","802.0414367077282","72.65826721585422","1.3443798021720257","0.05441559245735261","32","241b3dbb9e14d1912d29f4167a0d49b5aac92799d098cc4aea7fd189aea591d5",""
"2","1","0","current","c2329aa008622953f95ab0acb344552cf2f4c9f8","752b815b612ca031ad9aa14de69534862010e68c985d7eb34455daed19a34187","vectorPerformance","correlated32","GPSS","1","3","443770","4000","500","Complete","0.4540589","3.12E-5","0.2118414","0.2421863","0.453125","0.004","252476","4000","579.6107666912351","519.1606176358861","80.32525737492834","1.1037679615355824","0.05661873010414342","32","e379cb80ecf5804cc22ddf166b2fd12dfc52cf394467b1b6e6cab088cb4ce1a7",""
"2","1","0","current","c2329aa008622953f95ab0acb344552cf2f4c9f8","752b815b612ca031ad9aa14de69534862010e68c985d7eb34455daed19a34187","vectorPerformance","correlated32","GPSS","1","4","451689","4000","500","Complete","0.4560342","2.81E-5","0.216493","0.2395131","0.453125","0.002","276146","4000","745.841296773472","687.9271641953604","73.67496547194912","1.1447391912214941","0.06804485983194875","32","d07f89bf5cc41c4bd92db0f6611a71a2eba9eae89a88327e3e8eeccefa31029b",""
"2","1","0","current","c2329aa008622953f95ab0acb344552cf2f4c9f8","752b815b612ca031ad9aa14de69534862010e68c985d7eb34455daed19a34187","vectorPerformance","correlated32","GPSS","2","-2","404175","4000","500","Complete","0.2782492","4.12E-5","0.1503699","0.1278381","0.640625","0.005","265461","4000","645.117038188815","619.6601510130125","111.82974658890811","1.4709232708798055","0.0221888479832677","32","34ba7e81aae421fabb6d7abc8b37fed811e4c6a3b11b225e03c34135c20e5fab",""
"2","1","0","current","c2329aa008622953f95ab0acb344552cf2f4c9f8","752b815b612ca031ad9aa14de69534862010e68c985d7eb34455daed19a34187","vectorPerformance","correlated32","GPSS","2","-1","412094","4000","500","Complete","0.269571","2.89E-5","0.1412095","0.1283326","0.78125","0.003","260316","4000","564.5119782236644","553.9746471274595","68.93212740164371","1.6458772028336794","0.06977010736276656","32","0dd72e443f3b53513a682dd3fda3078d30eb3ca1e5546f164ad2b8797a0cc49f",""
"2","1","0","current","c2329aa008622953f95ab0acb344552cf2f4c9f8","752b815b612ca031ad9aa14de69534862010e68c985d7eb34455daed19a34187","vectorPerformance","correlated32","GPSS","2","0","420013","4000","500","Complete","0.2711359","3.92E-5","0.1434648","0.1276319","0.515625","0.002","271170","4000","550.788691510793","462.92862585511017","31.898583590051008","1.6153232296497368","0.02539427674995709","32","4e32fd58fd10390b4e797c6902eed30b34036ec3e48184af25c550e5ecd201e4",""
"2","1","0","current","c2329aa008622953f95ab0acb344552cf2f4c9f8","752b815b612ca031ad9aa14de69534862010e68c985d7eb34455daed19a34187","vectorPerformance","correlated32","GPSS","2","1","427932","4000","500","Complete","0.2646799","9.49E-5","0.1334425","0.1311425","0.515625","0.002","243643","4000","728.9168563232058","707.6422054588379","37.327199337196575","1.394679319897266","0.014786962883091226","32","6556bc9a5258d4cf10554a8f1be0f66bc02b8dd465a89ab0179fc4a9bce27863",""
"2","1","0","current","c2329aa008622953f95ab0acb344552cf2f4c9f8","752b815b612ca031ad9aa14de69534862010e68c985d7eb34455daed19a34187","vectorPerformance","correlated32","GPSS","2","2","435851","4000","500","Complete","0.2652808","2.22E-5","0.1341296","0.131129","0.515625","0.004","252525","4000","851.515000276373","802.0414367077282","72.65826721585422","1.3443798021720257","0.05441559245735261","32","241b3dbb9e14d1912d29f4167a0d49b5aac92799d098cc4aea7fd189aea591d5",""
"2","1","0","current","c2329aa008622953f95ab0acb344552cf2f4c9f8","752b815b612ca031ad9aa14de69534862010e68c985d7eb34455daed19a34187","vectorPerformance","correlated32","GPSS","2","3","443770","4000","500","Complete","0.2810692","3.96E-5","0.1454857","0.1355439","0.53125","0.004","252476","4000","579.6107666912351","519.1606176358861","80.32525737492834","1.1037679615355824","0.05661873010414342","32","e379cb80ecf5804cc22ddf166b2fd12dfc52cf394467b1b6e6cab088cb4ce1a7",""
"2","1","0","current","c2329aa008622953f95ab0acb344552cf2f4c9f8","752b815b612ca031ad9aa14de69534862010e68c985d7eb34455daed19a34187","vectorPerformance","correlated32","GPSS","2","4","451689","4000","500","Complete","0.276573","2.31E-5","0.1465999","0.12995","0.53125","0.005","276146","4000","745.841296773472","687.9271641953604","73.67496547194912","1.1447391912214941","0.06804485983194875","32","d07f89bf5cc41c4bd92db0f6611a71a2eba9eae89a88327e3e8eeccefa31029b",""
"2","1","0","current","c2329aa008622953f95ab0acb344552cf2f4c9f8","752b815b612ca031ad9aa14de69534862010e68c985d7eb34455daed19a34187","vectorPerformance","correlated32","GPSS","4","-2","404175","4000","500","Complete","0.2095196","3.14E-5","0.1331722","0.076316","0.84375","0.005","265461","4000","645.117038188815","619.6601510130125","111.82974658890811","1.4709232708798055","0.0221888479832677","32","34ba7e81aae421fabb6d7abc8b37fed811e4c6a3b11b225e03c34135c20e5fab",""
"2","1","0","current","c2329aa008622953f95ab0acb344552cf2f4c9f8","752b815b612ca031ad9aa14de69534862010e68c985d7eb34455daed19a34187","vectorPerformance","correlated32","GPSS","4","-1","412094","4000","500","Complete","0.2099118","3.21E-5","0.1320286","0.0778511","1.03125","0.005","260316","4000","564.5119782236644","553.9746471274595","68.93212740164371","1.6458772028336794","0.06977010736276656","32","0dd72e443f3b53513a682dd3fda3078d30eb3ca1e5546f164ad2b8797a0cc49f",""
"2","1","0","current","c2329aa008622953f95ab0acb344552cf2f4c9f8","752b815b612ca031ad9aa14de69534862010e68c985d7eb34455daed19a34187","vectorPerformance","correlated32","GPSS","4","0","420013","4000","500","Complete","0.2076569","2.82E-5","0.1354704","0.0721583","0.796875","0.004","271170","4000","550.788691510793","462.92862585511017","31.898583590051008","1.6153232296497368","0.02539427674995709","32","4e32fd58fd10390b4e797c6902eed30b34036ec3e48184af25c550e5ecd201e4",""
"2","1","0","current","c2329aa008622953f95ab0acb344552cf2f4c9f8","752b815b612ca031ad9aa14de69534862010e68c985d7eb34455daed19a34187","vectorPerformance","correlated32","GPSS","4","1","427932","4000","500","Complete","0.2032046","3.06E-5","0.1248062","0.0783678","0.765625","0.005","243643","4000","728.9168563232058","707.6422054588379","37.327199337196575","1.394679319897266","0.014786962883091226","32","6556bc9a5258d4cf10554a8f1be0f66bc02b8dd465a89ab0179fc4a9bce27863",""
"2","1","0","current","c2329aa008622953f95ab0acb344552cf2f4c9f8","752b815b612ca031ad9aa14de69534862010e68c985d7eb34455daed19a34187","vectorPerformance","correlated32","GPSS","4","2","435851","4000","500","Complete","0.2040125","4.85E-5","0.128611","0.075353","0.765625","0.004","252525","4000","851.515000276373","802.0414367077282","72.65826721585422","1.3443798021720257","0.05441559245735261","32","241b3dbb9e14d1912d29f4167a0d49b5aac92799d098cc4aea7fd189aea591d5",""
"2","1","0","current","c2329aa008622953f95ab0acb344552cf2f4c9f8","752b815b612ca031ad9aa14de69534862010e68c985d7eb34455daed19a34187","vectorPerformance","correlated32","GPSS","4","3","443770","4000","500","Complete","0.2004395","9.38E-5","0.128134","0.0722117","0.8125","0.002","252476","4000","579.6107666912351","519.1606176358861","80.32525737492834","1.1037679615355824","0.05661873010414342","32","e379cb80ecf5804cc22ddf166b2fd12dfc52cf394467b1b6e6cab088cb4ce1a7",""
"2","1","0","current","c2329aa008622953f95ab0acb344552cf2f4c9f8","752b815b612ca031ad9aa14de69534862010e68c985d7eb34455daed19a34187","vectorPerformance","correlated32","GPSS","4","4","451689","4000","500","Complete","0.2172722","2.55E-5","0.1426669","0.0745798","1.125","0.005","276146","4000","745.841296773472","687.9271641953604","73.67496547194912","1.1447391912214941","0.06804485983194875","32","d07f89bf5cc41c4bd92db0f6611a71a2eba9eae89a88327e3e8eeccefa31029b",""
"2","1","0","current","c2329aa008622953f95ab0acb344552cf2f4c9f8","752b815b612ca031ad9aa14de69534862010e68c985d7eb34455daed19a34187","vectorPerformance","correlated32","Quantile","1","-2","404175","4000","500","Complete","1.5038626","2.39E-5","1.2570946","0.2467441","1.84375","0.02","3282856","4000","23.797668269094697","23.991783455481954","49.25430937145106","1.1516283632440742","0.3728865535403717","32","a76e28f6e88c6be3891bdc833beb8d8d0a1740b95f0935a4806e8ab65d3c899c",""
"2","1","0","current","c2329aa008622953f95ab0acb344552cf2f4c9f8","752b815b612ca031ad9aa14de69534862010e68c985d7eb34455daed19a34187","vectorPerformance","correlated32","Quantile","1","-1","412094","4000","500","Complete","1.4763912","2.13E-5","1.2311401","0.2452298","2.15625","0.018","3230583","4000","31.726513907349148","31.532168002260388","97.16989966673968","1.0798839490509835","0.08306741567350584","32","f9ed8df14134bddcfbb2d40aa6e479cfbaad40e1882750767724d2bc52df3b34",""
"2","1","0","current","c2329aa008622953f95ab0acb344552cf2f4c9f8","752b815b612ca031ad9aa14de69534862010e68c985d7eb34455daed19a34187","vectorPerformance","correlated32","Quantile","1","0","420013","4000","500","Complete","1.481153","3.32E-5","1.2421475","0.2389723","2.171875","0.019","3251733","4000","36.23737925347603","37.074760300245536","94.41153342442881","1.094481746270784","0.006936160462634622","32","70f5117f96cd02d2870b347963ec61f489004b4e752f979286b6bbb78357a72b",""
"2","1","0","current","c2329aa008622953f95ab0acb344552cf2f4c9f8","752b815b612ca031ad9aa14de69534862010e68c985d7eb34455daed19a34187","vectorPerformance","correlated32","Quantile","1","1","427932","4000","500","Complete","1.4763355","1.86E-5","1.2342582","0.2420587","2.09375","0.019","3236479","4000","31.801672449893193","32.058114379350506","84.74388663935426","1.0852433257313874","0.03363458703623934","32","9361e774d845e114d77fdb68cfdc974ca4f240b9ee801485b53bd51fdc75e4ee",""
"2","1","0","current","c2329aa008622953f95ab0acb344552cf2f4c9f8","752b815b612ca031ad9aa14de69534862010e68c985d7eb34455daed19a34187","vectorPerformance","correlated32","Quantile","1","2","435851","4000","500","Complete","1.4824429","2.0E-5","1.2276884","0.2547345","1.78125","0.018","3213584","4000","18.827593772089372","19.418977153927276","144.36214774069362","1.1856715933721973","0.22462708158086309","32","be8072aea54a06faab2c2090774614aa1ad4df6564d26d325be8e1037fc3c851",""
"2","1","0","current","c2329aa008622953f95ab0acb344552cf2f4c9f8","752b815b612ca031ad9aa14de69534862010e68c985d7eb34455daed19a34187","vectorPerformance","correlated32","Quantile","1","3","443770","4000","500","Complete","1.5108886","2.03E-5","1.258466","0.2524023","1.875","0.018","3292746","4000","8.551688513959126","8.66542172384507","23.37880092498311","1.3883316083476982","0.08359316129464744","32","3ae74ba297dfc21cabfcf0707b44b409c98d3bd3f9dfc2b6af98aa1fde2b375a",""
"2","1","0","current","c2329aa008622953f95ab0acb344552cf2f4c9f8","752b815b612ca031ad9aa14de69534862010e68c985d7eb34455daed19a34187","vectorPerformance","correlated32","Quantile","1","4","451689","4000","500","Complete","1.483467","5.67E-5","1.2359894","0.2474209","1.484375","0.019","3210555","4000","32.00943946980557","33.91863557210035","93.00550074538009","1.0837128123690845","0.1407722816405288","32","6de2fd21c7960b9d9708ca419e8aba6e1a90d027a2db52b77e66a4a749ca160e",""
"2","1","0","current","c2329aa008622953f95ab0acb344552cf2f4c9f8","752b815b612ca031ad9aa14de69534862010e68c985d7eb34455daed19a34187","vectorPerformance","correlated32","Quantile","2","-2","404175","4000","500","Complete","1.0014568","2.06E-5","0.8636999","0.1377363","2.34375","0.019","3282856","4000","23.797668269094697","23.991783455481954","49.25430937145106","1.1516283632440742","0.3728865535403717","32","a76e28f6e88c6be3891bdc833beb8d8d0a1740b95f0935a4806e8ab65d3c899c",""
"2","1","0","current","c2329aa008622953f95ab0acb344552cf2f4c9f8","752b815b612ca031ad9aa14de69534862010e68c985d7eb34455daed19a34187","vectorPerformance","correlated32","Quantile","2","-1","412094","4000","500","Complete","0.9934002","1.99E-5","0.8584285","0.1349518","1.9375","0.018","3230583","4000","31.726513907349148","31.532168002260388","97.16989966673968","1.0798839490509835","0.08306741567350584","32","f9ed8df14134bddcfbb2d40aa6e479cfbaad40e1882750767724d2bc52df3b34",""
"2","1","0","current","c2329aa008622953f95ab0acb344552cf2f4c9f8","752b815b612ca031ad9aa14de69534862010e68c985d7eb34455daed19a34187","vectorPerformance","correlated32","Quantile","2","0","420013","4000","500","Complete","0.9845634","2.08E-5","0.8567946","0.127748","2.28125","0.018","3251733","4000","36.23737925347603","37.074760300245536","94.41153342442881","1.094481746270784","0.006936160462634622","32","70f5117f96cd02d2870b347963ec61f489004b4e752f979286b6bbb78357a72b",""
"2","1","0","current","c2329aa008622953f95ab0acb344552cf2f4c9f8","752b815b612ca031ad9aa14de69534862010e68c985d7eb34455daed19a34187","vectorPerformance","correlated32","Quantile","2","1","427932","4000","500","Complete","0.9897737","2.42E-5","0.8603272","0.1294223","2.609375","0.018","3236479","4000","31.801672449893193","32.058114379350506","84.74388663935426","1.0852433257313874","0.03363458703623934","32","9361e774d845e114d77fdb68cfdc974ca4f240b9ee801485b53bd51fdc75e4ee",""
"2","1","0","current","c2329aa008622953f95ab0acb344552cf2f4c9f8","752b815b612ca031ad9aa14de69534862010e68c985d7eb34455daed19a34187","vectorPerformance","correlated32","Quantile","2","2","435851","4000","500","Complete","0.9900934","1.96E-5","0.8575069","0.1325669","2.578125","0.019","3213584","4000","18.827593772089372","19.418977153927276","144.36214774069362","1.1856715933721973","0.22462708158086309","32","be8072aea54a06faab2c2090774614aa1ad4df6564d26d325be8e1037fc3c851",""
"2","1","0","current","c2329aa008622953f95ab0acb344552cf2f4c9f8","752b815b612ca031ad9aa14de69534862010e68c985d7eb34455daed19a34187","vectorPerformance","correlated32","Quantile","2","3","443770","4000","500","Complete","1.0121351","2.11E-5","0.870272","0.141842","2.3125","0.02","3292746","4000","8.551688513959126","8.66542172384507","23.37880092498311","1.3883316083476982","0.08359316129464744","32","3ae74ba297dfc21cabfcf0707b44b409c98d3bd3f9dfc2b6af98aa1fde2b375a",""
"2","1","0","current","c2329aa008622953f95ab0acb344552cf2f4c9f8","752b815b612ca031ad9aa14de69534862010e68c985d7eb34455daed19a34187","vectorPerformance","correlated32","Quantile","2","4","451689","4000","500","Complete","1.021715","2.04E-5","0.8806667","0.1410279","2.109375","0.019","3210555","4000","32.00943946980557","33.91863557210035","93.00550074538009","1.0837128123690845","0.1407722816405288","32","6de2fd21c7960b9d9708ca419e8aba6e1a90d027a2db52b77e66a4a749ca160e",""
"2","1","0","current","c2329aa008622953f95ab0acb344552cf2f4c9f8","752b815b612ca031ad9aa14de69534862010e68c985d7eb34455daed19a34187","vectorPerformance","correlated32","Quantile","4","-2","404175","4000","500","Complete","0.9321632","2.03E-5","0.8541275","0.0780154","3.96875","0.019","3282856","4000","23.797668269094697","23.991783455481954","49.25430937145106","1.1516283632440742","0.3728865535403717","32","a76e28f6e88c6be3891bdc833beb8d8d0a1740b95f0935a4806e8ab65d3c899c",""
"2","1","0","current","c2329aa008622953f95ab0acb344552cf2f4c9f8","752b815b612ca031ad9aa14de69534862010e68c985d7eb34455daed19a34187","vectorPerformance","correlated32","Quantile","4","-1","412094","4000","500","Complete","0.9081378","2.05E-5","0.8323731","0.0757442","3.859375","0.018","3230583","4000","31.726513907349148","31.532168002260388","97.16989966673968","1.0798839490509835","0.08306741567350584","32","f9ed8df14134bddcfbb2d40aa6e479cfbaad40e1882750767724d2bc52df3b34",""
"2","1","0","current","c2329aa008622953f95ab0acb344552cf2f4c9f8","752b815b612ca031ad9aa14de69534862010e68c985d7eb34455daed19a34187","vectorPerformance","correlated32","Quantile","4","0","420013","4000","500","Complete","0.8948976","2.12E-5","0.8223238","0.0725526","3.53125","0.018","3251733","4000","36.23737925347603","37.074760300245536","94.41153342442881","1.094481746270784","0.006936160462634622","32","70f5117f96cd02d2870b347963ec61f489004b4e752f979286b6bbb78357a72b",""
"2","1","0","current","c2329aa008622953f95ab0acb344552cf2f4c9f8","752b815b612ca031ad9aa14de69534862010e68c985d7eb34455daed19a34187","vectorPerformance","correlated32","Quantile","4","1","427932","4000","500","Complete","0.8973043","2.15E-5","0.8224443","0.0748385","3.5625","0.017","3236479","4000","31.801672449893193","32.058114379350506","84.74388663935426","1.0852433257313874","0.03363458703623934","32","9361e774d845e114d77fdb68cfdc974ca4f240b9ee801485b53bd51fdc75e4ee",""
"2","1","0","current","c2329aa008622953f95ab0acb344552cf2f4c9f8","752b815b612ca031ad9aa14de69534862010e68c985d7eb34455daed19a34187","vectorPerformance","correlated32","Quantile","4","2","435851","4000","500","Complete","0.9433073","2.13E-5","0.8675589","0.0757271","3.703125","0.019","3213584","4000","18.827593772089372","19.418977153927276","144.36214774069362","1.1856715933721973","0.22462708158086309","32","be8072aea54a06faab2c2090774614aa1ad4df6564d26d325be8e1037fc3c851",""
"2","1","0","current","c2329aa008622953f95ab0acb344552cf2f4c9f8","752b815b612ca031ad9aa14de69534862010e68c985d7eb34455daed19a34187","vectorPerformance","correlated32","Quantile","4","3","443770","4000","500","Complete","0.9315624","2.06E-5","0.8484565","0.0830853","4.15625","0.022","3292746","4000","8.551688513959126","8.66542172384507","23.37880092498311","1.3883316083476982","0.08359316129464744","32","3ae74ba297dfc21cabfcf0707b44b409c98d3bd3f9dfc2b6af98aa1fde2b375a",""
"2","1","0","current","c2329aa008622953f95ab0acb344552cf2f4c9f8","752b815b612ca031ad9aa14de69534862010e68c985d7eb34455daed19a34187","vectorPerformance","correlated32","Quantile","4","4","451689","4000","500","Complete","0.9755561","2.37E-5","0.8883745","0.0871579","4.15625","0.021","3210555","4000","32.00943946980557","33.91863557210035","93.00550074538009","1.0837128123690845","0.1407722816405288","32","6de2fd21c7960b9d9708ca419e8aba6e1a90d027a2db52b77e66a4a749ca160e",""
"2","1","0","current","c2329aa008622953f95ab0acb344552cf2f4c9f8","752b815b612ca031ad9aa14de69534862010e68c985d7eb34455daed19a34187","vectorPerformance","gaussian32","GPSS","1","-2","404175","4000","500","Complete","0.3539419","4.17E-5","0.0998504","0.2540498","0.375","0.002","139155","4000","14560.87743232489","14566.888663880416","9030.296419517286","1.0011086994050007","0.013020088729037094","0","f3ae7e88a3469d95a481057ff78725be41612c1e7bdf2f3d1a7c73f5a42981cf",""
"2","1","0","current","c2329aa008622953f95ab0acb344552cf2f4c9f8","752b815b612ca031ad9aa14de69534862010e68c985d7eb34455daed19a34187","vectorPerformance","gaussian32","GPSS","1","-1","412094","4000","500","Complete","0.3520304","4.56E-5","0.0989309","0.2530539","0.359375","0.002","138730","4000","14723.327722756223","14738.615855733822","8857.898575485036","1.0012097458367082","0.014860253936955947","0","6d85793e19e5639b0a7430ab942ac98e6519fa4be0fbcee8a8930a2af289299d",""
"2","1","0","current","c2329aa008622953f95ab0acb344552cf2f4c9f8","752b815b612ca031ad9aa14de69534862010e68c985d7eb34455daed19a34187","vectorPerformance","gaussian32","GPSS","1","0","420013","4000","500","Complete","0.373152","5.31E-5","0.1190798","0.2540191","0.375","0.005","138723","4000","14789.309502344258","14770.299991933614","8878.031772176253","1.0012114173589253","0.02042856356087519","0","fb030bc811389f4cc0c40b053f280c25c0c5e58babb6d5eb761947efb8511783",""
"2","1","0","current","c2329aa008622953f95ab0acb344552cf2f4c9f8","752b815b612ca031ad9aa14de69534862010e68c985d7eb34455daed19a34187","vectorPerformance","gaussian32","GPSS","1","1","427932","4000","500","Complete","0.3560944","4.8E-5","0.1005891","0.2554573","0.390625","0.002","138788","4000","15028.158264845573","15037.33690560915","9075.6220980371","1.0011653829278853","0.016607695975976222","0","3d0bccbf5e695e5e8a5d89fa29a1a353b231a8693474ffa5e1944f58eee51881",""
"2","1","0","current","c2329aa008622953f95ab0acb344552cf2f4c9f8","752b815b612ca031ad9aa14de69534862010e68c985d7eb34455daed19a34187","vectorPerformance","gaussian32","GPSS","1","2","435851","4000","500","Complete","0.3491101","3.54E-5","0.0955063","0.2535684","0.34375","0.001","138703","4000","14933.892470949851","14950.607747787408","8635.192267898514","1.001735370997425","0.021490044822388643","0","603bdfe20f551e62d9c5fbc68e896eb978d3c40134ec7e7cbc17b062760b5957",""
"2","1","0","current","c2329aa008622953f95ab0acb344552cf2f4c9f8","752b815b612ca031ad9aa14de69534862010e68c985d7eb34455daed19a34187","vectorPerformance","gaussian32","GPSS","1","3","443770","4000","500","Complete","0.350587","3.76E-5","0.0958131","0.2547363","0.359375","0.004","138777","4000","15223.671841621832","15221.605805391002","9210.378340418303","1.0015395267295784","0.016172276604625724","0","2ead94f9fc645301334f7309cfcc4f5b6e54cfdca48deed2f7e56fe38456b29a",""
"2","1","0","current","c2329aa008622953f95ab0acb344552cf2f4c9f8","752b815b612ca031ad9aa14de69534862010e68c985d7eb34455daed19a34187","vectorPerformance","gaussian32","GPSS","1","4","451689","4000","500","Complete","0.3499314","3.86E-5","0.0969208","0.252972","0.34375","0.001","138750","4000","14345.553258947568","14342.778169951296","8945.28266108745","1.0011866456042022","0.01864774016529802","0","d4278b864a0c0454d1730a6de2433aebfa0ebf5de90d82ef8563be3b95ce2d1a",""
"2","1","0","current","c2329aa008622953f95ab0acb344552cf2f4c9f8","752b815b612ca031ad9aa14de69534862010e68c985d7eb34455daed19a34187","vectorPerformance","gaussian32","GPSS","2","-2","404175","4000","500","Complete","0.2052016","9.96E-5","0.071573","0.133529","0.53125","0.003","139155","4000","14560.87743232489","14566.888663880416","9030.296419517286","1.0011086994050007","0.013020088729037094","0","f3ae7e88a3469d95a481057ff78725be41612c1e7bdf2f3d1a7c73f5a42981cf",""
"2","1","0","current","c2329aa008622953f95ab0acb344552cf2f4c9f8","752b815b612ca031ad9aa14de69534862010e68c985d7eb34455daed19a34187","vectorPerformance","gaussian32","GPSS","2","-1","412094","4000","500","Complete","0.2045758","9.23E-5","0.0672564","0.1372271","0.421875","0.005","138730","4000","14723.327722756223","14738.615855733822","8857.898575485036","1.0012097458367082","0.014860253936955947","0","6d85793e19e5639b0a7430ab942ac98e6519fa4be0fbcee8a8930a2af289299d",""
"2","1","0","current","c2329aa008622953f95ab0acb344552cf2f4c9f8","752b815b612ca031ad9aa14de69534862010e68c985d7eb34455daed19a34187","vectorPerformance","gaussian32","GPSS","2","0","420013","4000","500","Complete","0.2030139","4.18E-5","0.0666428","0.1363293","0.40625","0.004","138723","4000","14789.309502344258","14770.299991933614","8878.031772176253","1.0012114173589253","0.02042856356087519","0","fb030bc811389f4cc0c40b053f280c25c0c5e58babb6d5eb761947efb8511783",""
"2","1","0","current","c2329aa008622953f95ab0acb344552cf2f4c9f8","752b815b612ca031ad9aa14de69534862010e68c985d7eb34455daed19a34187","vectorPerformance","gaussian32","GPSS","2","1","427932","4000","500","Complete","0.1986701","3.8E-5","0.0638515","0.1347806","0.40625","0.003","138788","4000","15028.158264845573","15037.33690560915","9075.6220980371","1.0011653829278853","0.016607695975976222","0","3d0bccbf5e695e5e8a5d89fa29a1a353b231a8693474ffa5e1944f58eee51881",""
"2","1","0","current","c2329aa008622953f95ab0acb344552cf2f4c9f8","752b815b612ca031ad9aa14de69534862010e68c985d7eb34455daed19a34187","vectorPerformance","gaussian32","GPSS","2","2","435851","4000","500","Complete","0.2002784","3.57E-5","0.0622678","0.1379749","0.734375","0.004","138703","4000","14933.892470949851","14950.607747787408","8635.192267898514","1.001735370997425","0.021490044822388643","0","603bdfe20f551e62d9c5fbc68e896eb978d3c40134ec7e7cbc17b062760b5957",""
"2","1","0","current","c2329aa008622953f95ab0acb344552cf2f4c9f8","752b815b612ca031ad9aa14de69534862010e68c985d7eb34455daed19a34187","vectorPerformance","gaussian32","GPSS","2","3","443770","4000","500","Complete","0.2008484","3.71E-5","0.0660401","0.1347712","0.40625","0.002","138777","4000","15223.671841621832","15221.605805391002","9210.378340418303","1.0015395267295784","0.016172276604625724","0","2ead94f9fc645301334f7309cfcc4f5b6e54cfdca48deed2f7e56fe38456b29a",""
"2","1","0","current","c2329aa008622953f95ab0acb344552cf2f4c9f8","752b815b612ca031ad9aa14de69534862010e68c985d7eb34455daed19a34187","vectorPerformance","gaussian32","GPSS","2","4","451689","4000","500","Complete","0.1953843","4.51E-5","0.0615414","0.1337978","0.40625","0.002","138750","4000","14345.553258947568","14342.778169951296","8945.28266108745","1.0011866456042022","0.01864774016529802","0","d4278b864a0c0454d1730a6de2433aebfa0ebf5de90d82ef8563be3b95ce2d1a",""
"2","1","0","current","c2329aa008622953f95ab0acb344552cf2f4c9f8","752b815b612ca031ad9aa14de69534862010e68c985d7eb34455daed19a34187","vectorPerformance","gaussian32","GPSS","4","-2","404175","4000","500","Complete","0.143521","3.87E-5","0.063458","0.0800243","0.5625","0.005","139155","4000","14560.87743232489","14566.888663880416","9030.296419517286","1.0011086994050007","0.013020088729037094","0","f3ae7e88a3469d95a481057ff78725be41612c1e7bdf2f3d1a7c73f5a42981cf",""
"2","1","0","current","c2329aa008622953f95ab0acb344552cf2f4c9f8","752b815b612ca031ad9aa14de69534862010e68c985d7eb34455daed19a34187","vectorPerformance","gaussian32","GPSS","4","-1","412094","4000","500","Complete","0.1368328","6.78E-5","0.0592282","0.0775368","0.5625","0.004","138730","4000","14723.327722756223","14738.615855733822","8857.898575485036","1.0012097458367082","0.014860253936955947","0","6d85793e19e5639b0a7430ab942ac98e6519fa4be0fbcee8a8930a2af289299d",""
"2","1","0","current","c2329aa008622953f95ab0acb344552cf2f4c9f8","752b815b612ca031ad9aa14de69534862010e68c985d7eb34455daed19a34187","vectorPerformance","gaussian32","GPSS","4","0","420013","4000","500","Complete","0.136905","3.71E-5","0.0609088","0.0759591","0.5625","0.004","138723","4000","14789.309502344258","14770.299991933614","8878.031772176253","1.0012114173589253","0.02042856356087519","0","fb030bc811389f4cc0c40b053f280c25c0c5e58babb6d5eb761947efb8511783",""
"2","1","0","current","c2329aa008622953f95ab0acb344552cf2f4c9f8","752b815b612ca031ad9aa14de69534862010e68c985d7eb34455daed19a34187","vectorPerformance","gaussian32","GPSS","4","1","427932","4000","500","Complete","0.13915","3.65E-5","0.060039","0.0790745","0.546875","0.004","138788","4000","15028.158264845573","15037.33690560915","9075.6220980371","1.0011653829278853","0.016607695975976222","0","3d0bccbf5e695e5e8a5d89fa29a1a353b231a8693474ffa5e1944f58eee51881",""
"2","1","0","current","c2329aa008622953f95ab0acb344552cf2f4c9f8","752b815b612ca031ad9aa14de69534862010e68c985d7eb34455daed19a34187","vectorPerformance","gaussian32","GPSS","4","2","435851","4000","500","Complete","0.1366324","3.75E-5","0.0626846","0.0739103","0.5","0.003","138703","4000","14933.892470949851","14950.607747787408","8635.192267898514","1.001735370997425","0.021490044822388643","0","603bdfe20f551e62d9c5fbc68e896eb978d3c40134ec7e7cbc17b062760b5957",""
"2","1","0","current","c2329aa008622953f95ab0acb344552cf2f4c9f8","752b815b612ca031ad9aa14de69534862010e68c985d7eb34455daed19a34187","vectorPerformance","gaussian32","GPSS","4","3","443770","4000","500","Complete","0.1327072","4.04E-5","0.0614247","0.0712421","0.796875","0.003","138777","4000","15223.671841621832","15221.605805391002","9210.378340418303","1.0015395267295784","0.016172276604625724","0","2ead94f9fc645301334f7309cfcc4f5b6e54cfdca48deed2f7e56fe38456b29a",""
"2","1","0","current","c2329aa008622953f95ab0acb344552cf2f4c9f8","752b815b612ca031ad9aa14de69534862010e68c985d7eb34455daed19a34187","vectorPerformance","gaussian32","GPSS","4","4","451689","4000","500","Complete","0.1319632","3.77E-5","0.0594813","0.0724442","0.5","0.003","138750","4000","14345.553258947568","14342.778169951296","8945.28266108745","1.0011866456042022","0.01864774016529802","0","d4278b864a0c0454d1730a6de2433aebfa0ebf5de90d82ef8563be3b95ce2d1a",""
"2","1","0","current","c2329aa008622953f95ab0acb344552cf2f4c9f8","752b815b612ca031ad9aa14de69534862010e68c985d7eb34455daed19a34187","vectorPerformance","gaussian32","Quantile","1","-2","404175","4000","500","Complete","0.6794432","6.81E-5","0.423789","0.2555861","1.03125","0.011","1753214","4000","15219.008327321226","15213.744919585897","12194.607218487616","1.0007110848254097","0.01623649007724448","0","cecc6b4fda00565adaade6079bd9a81eec1cb5425a7364f3a4652f8f1fe688e7",""
"2","1","0","current","c2329aa008622953f95ab0acb344552cf2f4c9f8","752b815b612ca031ad9aa14de69534862010e68c985d7eb34455daed19a34187","vectorPerformance","gaussian32","Quantile","1","-1","412094","4000","500","Complete","0.6756426","2.88E-5","0.4203214","0.2552924","0.6875","0.013","1754500","4000","14374.340793710559","14390.679914776822","12593.727427588436","1.0005481375625007","0.020322296447435884","0","710b12b4b32c1d00e33cda313ee3aca4afb06968f65bf5b1d672fd6109f4f43f",""
"2","1","0","current","c2329aa008622953f95ab0acb344552cf2f4c9f8","752b815b612ca031ad9aa14de69534862010e68c985d7eb34455daed19a34187","vectorPerformance","gaussian32","Quantile","1","0","420013","4000","500","Complete","0.6690992","2.76E-5","0.418045","0.2510266","0.671875","0.011","1751135","4000","14804.415700401843","14796.384417892554","11674.348877600554","1.0004842070731996","0.017149474216242355","0","7163a65543816d08a23c844d2762c1967e2f734b4748129ec7bdf89e140df8b4",""
"2","1","0","current","c2329aa008622953f95ab0acb344552cf2f4c9f8","752b815b612ca031ad9aa14de69534862010e68c985d7eb34455daed19a34187","vectorPerformance","gaussian32","Quantile","1","1","427932","4000","500","Complete","0.662732","2.75E-5","0.4116818","0.2510227","0.65625","0.01","1751119","4000","15119.429112419593","15129.482098788952","12424.352542458728","1.000588248721186","0.024238503591598903","0","e468486f9c3bce272356b47328af805b6315b0ce0dcec0ba389ad1cc6e773090",""
"2","1","0","current","c2329aa008622953f95ab0acb344552cf2f4c9f8","752b815b612ca031ad9aa14de69534862010e68c985d7eb34455daed19a34187","vectorPerformance","gaussian32","Quantile","1","2","435851","4000","500","Complete","0.669082","4.7E-5","0.4186887","0.2503463","0.640625","0.008","1754043","4000","14654.09636813213","14648.796726473445","11630.775114295944","1.0006045524861327","0.019982935899345466","0","f17849dd0d6937ddb28ce5136301623e9a5b8e9dd4ad54fb96a198cfdc5f0c6a",""
"2","1","0","current","c2329aa008622953f95ab0acb344552cf2f4c9f8","752b815b612ca031ad9aa14de69534862010e68c985d7eb34455daed19a34187","vectorPerformance","gaussian32","Quantile","1","3","443770","4000","500","Complete","0.723565","2.89E-5","0.4674126","0.2561235","0.71875","0.012","1754067","4000","14670.955292689816","14672.094230083088","12113.52110906072","1.0003997605716526","0.012117200485737945","0","8d191d73493e7fb3ede8cea18ccac7e017f7700706ef9c9f8b699e07b2804d14",""
"2","1","0","current","c2329aa008622953f95ab0acb344552cf2f4c9f8","752b815b612ca031ad9aa14de69534862010e68c985d7eb34455daed19a34187","vectorPerformance","gaussian32","Quantile","1","4","451689","4000","500","Complete","0.7056724","2.77E-5","0.4485854","0.2570593","0.703125","0.012","1751661","4000","14424.859583462046","14417.997752939862","12128.296452895833","1.0007982696988702","0.02835365482901797","0","b8ea3b62393883b214271958061a644368686dc583e5f2e33e5eafdc7a65f17e",""
"2","1","0","current","c2329aa008622953f95ab0acb344552cf2f4c9f8","752b815b612ca031ad9aa14de69534862010e68c985d7eb34455daed19a34187","vectorPerformance","gaussian32","Quantile","2","-2","404175","4000","500","Complete","0.4721728","3.6E-5","0.3391604","0.1329764","1.25","0.012","1753214","4000","15219.008327321226","15213.744919585897","12194.607218487616","1.0007110848254097","0.01623649007724448","0","cecc6b4fda00565adaade6079bd9a81eec1cb5425a7364f3a4652f8f1fe688e7",""
"2","1","0","current","c2329aa008622953f95ab0acb344552cf2f4c9f8","752b815b612ca031ad9aa14de69534862010e68c985d7eb34455daed19a34187","vectorPerformance","gaussian32","Quantile","2","-1","412094","4000","500","Complete","0.4885652","2.72E-5","0.3555776","0.1329604","0.953125","0.013","1754500","4000","14374.340793710559","14390.679914776822","12593.727427588436","1.0005481375625007","0.020322296447435884","0","710b12b4b32c1d00e33cda313ee3aca4afb06968f65bf5b1d672fd6109f4f43f",""
"2","1","0","current","c2329aa008622953f95ab0acb344552cf2f4c9f8","752b815b612ca031ad9aa14de69534862010e68c985d7eb34455daed19a34187","vectorPerformance","gaussian32","Quantile","2","0","420013","4000","500","Complete","0.4468314","3.16E-5","0.3100706","0.1367292","0.90625","0.011","1751135","4000","14804.415700401843","14796.384417892554","11674.348877600554","1.0004842070731996","0.017149474216242355","0","7163a65543816d08a23c844d2762c1967e2f734b4748129ec7bdf89e140df8b4",""
"2","1","0","current","c2329aa008622953f95ab0acb344552cf2f4c9f8","752b815b612ca031ad9aa14de69534862010e68c985d7eb34455daed19a34187","vectorPerformance","gaussian32","Quantile","2","1","427932","4000","500","Complete","0.4477773","3.72E-5","0.3164763","0.1312638","1.5625","0.009","1751119","4000","15119.429112419593","15129.482098788952","12424.352542458728","1.000588248721186","0.024238503591598903","0","e468486f9c3bce272356b47328af805b6315b0ce0dcec0ba389ad1cc6e773090",""
"2","1","0","current","c2329aa008622953f95ab0acb344552cf2f4c9f8","752b815b612ca031ad9aa14de69534862010e68c985d7eb34455daed19a34187","vectorPerformance","gaussian32","Quantile","2","2","435851","4000","500","Complete","0.4464251","2.69E-5","0.3140396","0.1323586","1.234375","0.009","1754043","4000","14654.09636813213","14648.796726473445","11630.775114295944","1.0006045524861327","0.019982935899345466","0","f17849dd0d6937ddb28ce5136301623e9a5b8e9dd4ad54fb96a198cfdc5f0c6a",""
"2","1","0","current","c2329aa008622953f95ab0acb344552cf2f4c9f8","752b815b612ca031ad9aa14de69534862010e68c985d7eb34455daed19a34187","vectorPerformance","gaussian32","Quantile","2","3","443770","4000","500","Complete","0.4806372","2.91E-5","0.3471358","0.1334723","1.296875","0.01","1754067","4000","14670.955292689816","14672.094230083088","12113.52110906072","1.0003997605716526","0.012117200485737945","0","8d191d73493e7fb3ede8cea18ccac7e017f7700706ef9c9f8b699e07b2804d14",""
"2","1","0","current","c2329aa008622953f95ab0acb344552cf2f4c9f8","752b815b612ca031ad9aa14de69534862010e68c985d7eb34455daed19a34187","vectorPerformance","gaussian32","Quantile","2","4","451689","4000","500","Complete","0.4905482","5.03E-5","0.3479993","0.1424986","1.296875","0.013","1751661","4000","14424.859583462046","14417.997752939862","12128.296452895833","1.0007982696988702","0.02835365482901797","0","b8ea3b62393883b214271958061a644368686dc583e5f2e33e5eafdc7a65f17e",""
"2","1","0","current","c2329aa008622953f95ab0acb344552cf2f4c9f8","752b815b612ca031ad9aa14de69534862010e68c985d7eb34455daed19a34187","vectorPerformance","gaussian32","Quantile","4","-2","404175","4000","500","Complete","0.4082428","6.07E-5","0.3346739","0.0735082","1.921875","0.014","1753214","4000","15219.008327321226","15213.744919585897","12194.607218487616","1.0007110848254097","0.01623649007724448","0","cecc6b4fda00565adaade6079bd9a81eec1cb5425a7364f3a4652f8f1fe688e7",""
"2","1","0","current","c2329aa008622953f95ab0acb344552cf2f4c9f8","752b815b612ca031ad9aa14de69534862010e68c985d7eb34455daed19a34187","vectorPerformance","gaussian32","Quantile","4","-1","412094","4000","500","Complete","0.3939152","2.6E-5","0.3216127","0.0722765","1.6875","0.008","1754500","4000","14374.340793710559","14390.679914776822","12593.727427588436","1.0005481375625007","0.020322296447435884","0","710b12b4b32c1d00e33cda313ee3aca4afb06968f65bf5b1d672fd6109f4f43f",""
"2","1","0","current","c2329aa008622953f95ab0acb344552cf2f4c9f8","752b815b612ca031ad9aa14de69534862010e68c985d7eb34455daed19a34187","vectorPerformance","gaussian32","Quantile","4","0","420013","4000","500","Complete","0.3845627","2.88E-5","0.31159","0.0729439","1.546875","0.009","1751135","4000","14804.415700401843","14796.384417892554","11674.348877600554","1.0004842070731996","0.017149474216242355","0","7163a65543816d08a23c844d2762c1967e2f734b4748129ec7bdf89e140df8b4",""
"2","1","0","current","c2329aa008622953f95ab0acb344552cf2f4c9f8","752b815b612ca031ad9aa14de69534862010e68c985d7eb34455daed19a34187","vectorPerformance","gaussian32","Quantile","4","1","427932","4000","500","Complete","0.393442","4.54E-5","0.315394","0.0780026","1.578125","0.012","1751119","4000","15119.429112419593","15129.482098788952","12424.352542458728","1.000588248721186","0.024238503591598903","0","e468486f9c3bce272356b47328af805b6315b0ce0dcec0ba389ad1cc6e773090",""
"2","1","0","current","c2329aa008622953f95ab0acb344552cf2f4c9f8","752b815b612ca031ad9aa14de69534862010e68c985d7eb34455daed19a34187","vectorPerformance","gaussian32","Quantile","4","2","435851","4000","500","Complete","0.3979948","3.0E-5","0.3214184","0.0765464","1.5625","0.013","1754043","4000","14654.09636813213","14648.796726473445","11630.775114295944","1.0006045524861327","0.019982935899345466","0","f17849dd0d6937ddb28ce5136301623e9a5b8e9dd4ad54fb96a198cfdc5f0c6a",""
"2","1","0","current","c2329aa008622953f95ab0acb344552cf2f4c9f8","752b815b612ca031ad9aa14de69534862010e68c985d7eb34455daed19a34187","vectorPerformance","gaussian32","Quantile","4","3","443770","4000","500","Complete","0.4120017","2.7E-5","0.3326747","0.0793","1.5625","0.013","1754067","4000","14670.955292689816","14672.094230083088","12113.52110906072","1.0003997605716526","0.012117200485737945","0","8d191d73493e7fb3ede8cea18ccac7e017f7700706ef9c9f8b699e07b2804d14",""
"2","1","0","current","c2329aa008622953f95ab0acb344552cf2f4c9f8","752b815b612ca031ad9aa14de69534862010e68c985d7eb34455daed19a34187","vectorPerformance","gaussian32","Quantile","4","4","451689","4000","500","Complete","0.417634","3.21E-5","0.3462246","0.0713773","1.921875","0.01","1751661","4000","14424.859583462046","14417.997752939862","12128.296452895833","1.0007982696988702","0.02835365482901797","0","b8ea3b62393883b214271958061a644368686dc583e5f2e33e5eafdc7a65f17e",""
"2","1","0","current","c2329aa008622953f95ab0acb344552cf2f4c9f8","752b815b612ca031ad9aa14de69534862010e68c985d7eb34455daed19a34187","vectorPerformance","gaussian8","GPSS","1","-2","404175","4000","500","Complete","0.1107019","1.002E-4","0.0343528","0.0762489","0.15625","0.002","138018","4000","15549.340111147894","15536.369070524215","11710.881022750353","1.000693382204123","0.020280809809882006","0","e7f255a3304bc6df3dfbc4384cc42f0a14e097b21ea85d7dfdd0891304dccc86",""
"2","1","0","current","c2329aa008622953f95ab0acb344552cf2f4c9f8","752b815b612ca031ad9aa14de69534862010e68c985d7eb34455daed19a34187","vectorPerformance","gaussian8","GPSS","1","-1","412094","4000","500","Complete","0.1041131","4.8E-5","0.0353072","0.0687579","0.125","0.003","138132","4000","15263.81484653245","15291.911844531342","11216.22139798599","1.0004803178957116","0.014392603577789376","0","e114ddce1fe3e8b5caed48fc0365aca0d32bd35e94363aa001d7324d00935224",""
"2","1","0","current","c2329aa008622953f95ab0acb344552cf2f4c9f8","752b815b612ca031ad9aa14de69534862010e68c985d7eb34455daed19a34187","vectorPerformance","gaussian8","GPSS","1","0","420013","4000","500","Complete","0.0976656","5.58E-5","0.025923","0.0716868","0.109375","0.003","138323","4000","15080.473776226881","15096.77911576306","11062.432005908491","1.0006149641210862","0.012458863431772271","0","2a91e22981ec396c3eca9414af3d6ac63570dc29437cdd4bdc3eb6a8db475fa2",""
"2","1","0","current","c2329aa008622953f95ab0acb344552cf2f4c9f8","752b815b612ca031ad9aa14de69534862010e68c985d7eb34455daed19a34187","vectorPerformance","gaussian8","GPSS","1","1","427932","4000","500","Complete","0.0994197","4.19E-5","0.0258313","0.0735465","0.09375","0.002","138154","4000","15134.6012276361","15136.078376941558","11308.922646882544","1.0009404579967858","0.013454526579750548","0","045e36a427e6332b3973cb5a7bed2c41034d4baa3241673dfea554f81e693a14",""
"2","1","0","current","c2329aa008622953f95ab0acb344552cf2f4c9f8","752b815b612ca031ad9aa14de69534862010e68c985d7eb34455daed19a34187","vectorPerformance","gaussian8","GPSS","1","2","435851","4000","500","Complete","0.0945125","3.98E-5","0.0232988","0.0711739","0.4375","0.003","137988","4000","14363.080320209516","14344.664435137216","11161.859788330772","1.0004963309089212","0.01645570173683253","0","282eaef783cfb8138f0fbaa41141a7646474130935f10820d7fcdc9d6a1e24c0",""
"2","1","0","current","c2329aa008622953f95ab0acb344552cf2f4c9f8","752b815b612ca031ad9aa14de69534862010e68c985d7eb34455daed19a34187","vectorPerformance","gaussian8","GPSS","1","3","443770","4000","500","Complete","0.0974898","3.65E-5","0.0231365","0.0743168","0.109375","0.0","138055","4000","15045.50132933249","15019.431343943274","10767.592734371476","1.0010260647907836","0.018113200227977133","0","6f88cd3290902ed4688e28521e20205fca8afb18c6e4fe2e6e0de9c4e7e0a62c",""
"2","1","0","current","c2329aa008622953f95ab0acb344552cf2f4c9f8","752b815b612ca031ad9aa14de69534862010e68c985d7eb34455daed19a34187","vectorPerformance","gaussian8","GPSS","1","4","451689","4000","500","Complete","0.0923805","3.7E-5","0.0234597","0.0688838","0.140625","0.003","138188","4000","15603.053005275411","15621.61943123139","10677.483456214122","1.0007920020096437","0.014172913039023793","0","3703a943973521b658002c1d1edb8b4dcddac3550850573cac7499aba83dbaac",""
"2","1","0","current","c2329aa008622953f95ab0acb344552cf2f4c9f8","752b815b612ca031ad9aa14de69534862010e68c985d7eb34455daed19a34187","vectorPerformance","gaussian8","GPSS","2","-2","404175","4000","500","Complete","0.2498148","0.006315","0.0915519","0.1519479","1.421875","0.003","138018","4000","15549.340111147894","15536.369070524215","11710.881022750353","1.000693382204123","0.020280809809882006","0","e7f255a3304bc6df3dfbc4384cc42f0a14e097b21ea85d7dfdd0891304dccc86",""
"2","1","0","current","c2329aa008622953f95ab0acb344552cf2f4c9f8","752b815b612ca031ad9aa14de69534862010e68c985d7eb34455daed19a34187","vectorPerformance","gaussian8","GPSS","2","-1","412094","4000","500","Complete","0.061923","5.31E-5","0.0183176","0.0435523","0.171875","0.0","138132","4000","15263.81484653245","15291.911844531342","11216.22139798599","1.0004803178957116","0.014392603577789376","0","e114ddce1fe3e8b5caed48fc0365aca0d32bd35e94363aa001d7324d00935224",""
"2","1","0","current","c2329aa008622953f95ab0acb344552cf2f4c9f8","752b815b612ca031ad9aa14de69534862010e68c985d7eb34455daed19a34187","vectorPerformance","gaussian8","GPSS","2","0","420013","4000","500","Complete","0.0595504","5.87E-5","0.0193273","0.0401644","0.1875","0.0","138323","4000","15080.473776226881","15096.77911576306","11062.432005908491","1.0006149641210862","0.012458863431772271","0","2a91e22981ec396c3eca9414af3d6ac63570dc29437cdd4bdc3eb6a8db475fa2",""
"2","1","0","current","c2329aa008622953f95ab0acb344552cf2f4c9f8","752b815b612ca031ad9aa14de69534862010e68c985d7eb34455daed19a34187","vectorPerformance","gaussian8","GPSS","2","1","427932","4000","500","Complete","0.055034","3.8E-5","0.0190393","0.0359567","0.125","0.002","138154","4000","15134.6012276361","15136.078376941558","11308.922646882544","1.0009404579967858","0.013454526579750548","0","045e36a427e6332b3973cb5a7bed2c41034d4baa3241673dfea554f81e693a14",""
"2","1","0","current","c2329aa008622953f95ab0acb344552cf2f4c9f8","752b815b612ca031ad9aa14de69534862010e68c985d7eb34455daed19a34187","vectorPerformance","gaussian8","GPSS","2","2","435851","4000","500","Complete","0.0571146","4.1E-5","0.0181633","0.0389103","0.171875","0.0","137988","4000","14363.080320209516","14344.664435137216","11161.859788330772","1.0004963309089212","0.01645570173683253","0","282eaef783cfb8138f0fbaa41141a7646474130935f10820d7fcdc9d6a1e24c0",""
"2","1","0","current","c2329aa008622953f95ab0acb344552cf2f4c9f8","752b815b612ca031ad9aa14de69534862010e68c985d7eb34455daed19a34187","vectorPerformance","gaussian8","GPSS","2","3","443770","4000","500","Complete","0.0595852","4.02E-5","0.0200818","0.0394632","0.140625","0.002","138055","4000","15045.50132933249","15019.431343943274","10767.592734371476","1.0010260647907836","0.018113200227977133","0","6f88cd3290902ed4688e28521e20205fca8afb18c6e4fe2e6e0de9c4e7e0a62c",""
"2","1","0","current","c2329aa008622953f95ab0acb344552cf2f4c9f8","752b815b612ca031ad9aa14de69534862010e68c985d7eb34455daed19a34187","vectorPerformance","gaussian8","GPSS","2","4","451689","4000","500","Complete","0.0570225","3.61E-5","0.0201265","0.0368599","0.15625","0.002","138188","4000","15603.053005275411","15621.61943123139","10677.483456214122","1.0007920020096437","0.014172913039023793","0","3703a943973521b658002c1d1edb8b4dcddac3550850573cac7499aba83dbaac",""
"2","1","0","current","c2329aa008622953f95ab0acb344552cf2f4c9f8","752b815b612ca031ad9aa14de69534862010e68c985d7eb34455daed19a34187","vectorPerformance","gaussian8","GPSS","4","-2","404175","4000","500","Complete","0.0659881","1.167E-4","0.0248184","0.041053","0.578125","0.0","138018","4000","15549.340111147894","15536.369070524215","11710.881022750353","1.000693382204123","0.020280809809882006","0","e7f255a3304bc6df3dfbc4384cc42f0a14e097b21ea85d7dfdd0891304dccc86",""
"2","1","0","current","c2329aa008622953f95ab0acb344552cf2f4c9f8","752b815b612ca031ad9aa14de69534862010e68c985d7eb34455daed19a34187","vectorPerformance","gaussian8","GPSS","4","-1","412094","4000","500","Complete","0.0404558","1.522E-4","0.0171971","0.0231065","0.1875","0.0","138132","4000","15263.81484653245","15291.911844531342","11216.22139798599","1.0004803178957116","0.014392603577789376","0","e114ddce1fe3e8b5caed48fc0365aca0d32bd35e94363aa001d7324d00935224",""
"2","1","0","current","c2329aa008622953f95ab0acb344552cf2f4c9f8","752b815b612ca031ad9aa14de69534862010e68c985d7eb34455daed19a34187","vectorPerformance","gaussian8","GPSS","4","0","420013","4000","500","Complete","0.0419175","4.57E-5","0.0178435","0.0240283","0.125","0.0","138323","4000","15080.473776226881","15096.77911576306","11062.432005908491","1.0006149641210862","0.012458863431772271","0","2a91e22981ec396c3eca9414af3d6ac63570dc29437cdd4bdc3eb6a8db475fa2",""
"2","1","0","current","c2329aa008622953f95ab0acb344552cf2f4c9f8","752b815b612ca031ad9aa14de69534862010e68c985d7eb34455daed19a34187","vectorPerformance","gaussian8","GPSS","4","1","427932","4000","500","Complete","0.0417812","3.64E-5","0.0173475","0.0243973","0.234375","0.0","138154","4000","15134.6012276361","15136.078376941558","11308.922646882544","1.0009404579967858","0.013454526579750548","0","045e36a427e6332b3973cb5a7bed2c41034d4baa3241673dfea554f81e693a14",""
"2","1","0","current","c2329aa008622953f95ab0acb344552cf2f4c9f8","752b815b612ca031ad9aa14de69534862010e68c985d7eb34455daed19a34187","vectorPerformance","gaussian8","GPSS","4","2","435851","4000","500","Complete","0.0411879","3.52E-5","0.0178598","0.0232929","0.125","0.0","137988","4000","14363.080320209516","14344.664435137216","11161.859788330772","1.0004963309089212","0.01645570173683253","0","282eaef783cfb8138f0fbaa41141a7646474130935f10820d7fcdc9d6a1e24c0",""
"2","1","0","current","c2329aa008622953f95ab0acb344552cf2f4c9f8","752b815b612ca031ad9aa14de69534862010e68c985d7eb34455daed19a34187","vectorPerformance","gaussian8","GPSS","4","3","443770","4000","500","Complete","0.040632","3.42E-5","0.0172728","0.023325","0.125","0.0","138055","4000","15045.50132933249","15019.431343943274","10767.592734371476","1.0010260647907836","0.018113200227977133","0","6f88cd3290902ed4688e28521e20205fca8afb18c6e4fe2e6e0de9c4e7e0a62c",""
"2","1","0","current","c2329aa008622953f95ab0acb344552cf2f4c9f8","752b815b612ca031ad9aa14de69534862010e68c985d7eb34455daed19a34187","vectorPerformance","gaussian8","GPSS","4","4","451689","4000","500","Complete","0.0441512","4.09E-5","0.0203509","0.0237594","0.21875","0.0","138188","4000","15603.053005275411","15621.61943123139","10677.483456214122","1.0007920020096437","0.014172913039023793","0","3703a943973521b658002c1d1edb8b4dcddac3550850573cac7499aba83dbaac",""
"2","1","0","current","c2329aa008622953f95ab0acb344552cf2f4c9f8","752b815b612ca031ad9aa14de69534862010e68c985d7eb34455daed19a34187","vectorPerformance","gaussian8","Quantile","1","-2","404175","4000","500","Complete","0.1118053","3.01E-5","0.036897","0.0748782","0.125","0.0","439383","4000","15133.633311857895","15137.149661571859","12640.232874183323","1.0002765119712598","0.010865777388695763","0","0a652ec86caa4b0878042a2ca27e4843b8fff440045e84ffe9040bbf18fc5c1b",""
"2","1","0","current","c2329aa008622953f95ab0acb344552cf2f4c9f8","752b815b612ca031ad9aa14de69534862010e68c985d7eb34455daed19a34187","vectorPerformance","gaussian8","Quantile","1","-1","412094","4000","500","Complete","0.1081968","3.59E-5","0.0359879","0.072173","0.125","0.0","438543","4000","15213.490906399908","15228.10660758392","12891.868030399028","1.0002543220506444","0.014962146800250764","0","22193da6e1ed5c7fb6bc482596a8cb09c08425673712be65ab0ebf58ef73f382",""
"2","1","0","current","c2329aa008622953f95ab0acb344552cf2f4c9f8","752b815b612ca031ad9aa14de69534862010e68c985d7eb34455daed19a34187","vectorPerformance","gaussian8","Quantile","1","0","420013","4000","500","Complete","0.1088775","3.02E-5","0.0350657","0.0737816","0.109375","0.0","436956","4000","15387.214907747757","15383.41868425877","13280.050841973973","1.000488212672387","0.017862111392228958","0","1a2a7053039cbf9cd5227976b2ba660c8f0bbf84c10e94ae04c9c6d297fc0025",""
"2","1","0","current","c2329aa008622953f95ab0acb344552cf2f4c9f8","752b815b612ca031ad9aa14de69534862010e68c985d7eb34455daed19a34187","vectorPerformance","gaussian8","Quantile","1","1","427932","4000","500","Complete","0.1135064","3.66E-5","0.0395112","0.0739586","0.203125","0.003","437269","4000","15727.934748036001","15719.464590581323","12902.625514015059","1.0004649152576137","0.012810490325706247","0","850de3d767de404b10a6234afa6ecc9c5dfdee0c4338411a0af3e46894e42ce3",""
"2","1","0","current","c2329aa008622953f95ab0acb344552cf2f4c9f8","752b815b612ca031ad9aa14de69534862010e68c985d7eb34455daed19a34187","vectorPerformance","gaussian8","Quantile","1","2","435851","4000","500","Complete","0.1123221","3.04E-5","0.0370978","0.0751939","0.125","0.001","438008","4000","15126.989343371939","15133.471327879883","12471.355965872704","1.0004579804360567","0.01410791604282019","0","fd474ea7f77c91f336f3664000c5dec28946aab4fd9917ca2fd5c066ad7e03df",""
"2","1","0","current","c2329aa008622953f95ab0acb344552cf2f4c9f8","752b815b612ca031ad9aa14de69534862010e68c985d7eb34455daed19a34187","vectorPerformance","gaussian8","Quantile","1","3","443770","4000","500","Complete","0.1088379","3.06E-5","0.0356675","0.0731398","0.109375","0.0","438134","4000","14783.95134310092","14781.603964607304","13183.37761680062","1.0005441549460146","0.009381500096846795","0","f5d860d8f1c8c55386f06f23faad6b9f8df1541a619040c2f28698d0813a5f75",""
"2","1","0","current","c2329aa008622953f95ab0acb344552cf2f4c9f8","752b815b612ca031ad9aa14de69534862010e68c985d7eb34455daed19a34187","vectorPerformance","gaussian8","Quantile","1","4","451689","4000","500","Complete","0.1043023","3.36E-5","0.0382803","0.0659884","0.171875","0.003","437868","4000","14884.121074739518","14909.092385573675","12538.608584974128","1.0004648391967559","0.02587550455561438","0","f5667ee456b1d3d2b0c42c8460f2481029f27806732e9bf75dd56271a0628822",""
"2","1","0","current","c2329aa008622953f95ab0acb344552cf2f4c9f8","752b815b612ca031ad9aa14de69534862010e68c985d7eb34455daed19a34187","vectorPerformance","gaussian8","Quantile","2","-2","404175","4000","500","Complete","0.087077","3.08E-5","0.0451664","0.0418798","0.3125","0.0","439383","4000","15133.633311857895","15137.149661571859","12640.232874183323","1.0002765119712598","0.010865777388695763","0","0a652ec86caa4b0878042a2ca27e4843b8fff440045e84ffe9040bbf18fc5c1b",""
"2","1","0","current","c2329aa008622953f95ab0acb344552cf2f4c9f8","752b815b612ca031ad9aa14de69534862010e68c985d7eb34455daed19a34187","vectorPerformance","gaussian8","Quantile","2","-1","412094","4000","500","Complete","0.0619464","3.19E-5","0.0268155","0.035099","0.15625","0.003","438543","4000","15213.490906399908","15228.10660758392","12891.868030399028","1.0002543220506444","0.014962146800250764","0","22193da6e1ed5c7fb6bc482596a8cb09c08425673712be65ab0ebf58ef73f382",""
"2","1","0","current","c2329aa008622953f95ab0acb344552cf2f4c9f8","752b815b612ca031ad9aa14de69534862010e68c985d7eb34455daed19a34187","vectorPerformance","gaussian8","Quantile","2","0","420013","4000","500","Complete","0.0657","4.38E-5","0.0270295","0.0386267","0.203125","0.002","436956","4000","15387.214907747757","15383.41868425877","13280.050841973973","1.000488212672387","0.017862111392228958","0","1a2a7053039cbf9cd5227976b2ba660c8f0bbf84c10e94ae04c9c6d297fc0025",""
"2","1","0","current","c2329aa008622953f95ab0acb344552cf2f4c9f8","752b815b612ca031ad9aa14de69534862010e68c985d7eb34455daed19a34187","vectorPerformance","gaussian8","Quantile","2","1","427932","4000","500","Complete","0.0614264","3.17E-5","0.0234122","0.0379825","0.125","0.001","437269","4000","15727.934748036001","15719.464590581323","12902.625514015059","1.0004649152576137","0.012810490325706247","0","850de3d767de404b10a6234afa6ecc9c5dfdee0c4338411a0af3e46894e42ce3",""
"2","1","0","current","c2329aa008622953f95ab0acb344552cf2f4c9f8","752b815b612ca031ad9aa14de69534862010e68c985d7eb34455daed19a34187","vectorPerformance","gaussian8","Quantile","2","2","435851","4000","500","Complete","0.0648055","3.39E-5","0.0235823","0.0411893","0.125","0.002","438008","4000","15126.989343371939","15133.471327879883","12471.355965872704","1.0004579804360567","0.01410791604282019","0","fd474ea7f77c91f336f3664000c5dec28946aab4fd9917ca2fd5c066ad7e03df",""
"2","1","0","current","c2329aa008622953f95ab0acb344552cf2f4c9f8","752b815b612ca031ad9aa14de69534862010e68c985d7eb34455daed19a34187","vectorPerformance","gaussian8","Quantile","2","3","443770","4000","500","Complete","0.0664046","3.93E-5","0.0244963","0.041869","0.125","0.002","438134","4000","14783.95134310092","14781.603964607304","13183.37761680062","1.0005441549460146","0.009381500096846795","0","f5d860d8f1c8c55386f06f23faad6b9f8df1541a619040c2f28698d0813a5f75",""
"2","1","0","current","c2329aa008622953f95ab0acb344552cf2f4c9f8","752b815b612ca031ad9aa14de69534862010e68c985d7eb34455daed19a34187","vectorPerformance","gaussian8","Quantile","2","4","451689","4000","500","Complete","0.0636166","5.41E-5","0.024879","0.0386835","0.140625","0.002","437868","4000","14884.121074739518","14909.092385573675","12538.608584974128","1.0004648391967559","0.02587550455561438","0","f5667ee456b1d3d2b0c42c8460f2481029f27806732e9bf75dd56271a0628822",""
"2","1","0","current","c2329aa008622953f95ab0acb344552cf2f4c9f8","752b815b612ca031ad9aa14de69534862010e68c985d7eb34455daed19a34187","vectorPerformance","gaussian8","Quantile","4","-2","404175","4000","500","Complete","0.0482338","3.48E-5","0.0269351","0.0212639","0.1875","0.003","439383","4000","15133.633311857895","15137.149661571859","12640.232874183323","1.0002765119712598","0.010865777388695763","0","0a652ec86caa4b0878042a2ca27e4843b8fff440045e84ffe9040bbf18fc5c1b",""
"2","1","0","current","c2329aa008622953f95ab0acb344552cf2f4c9f8","752b815b612ca031ad9aa14de69534862010e68c985d7eb34455daed19a34187","vectorPerformance","gaussian8","Quantile","4","-1","412094","4000","500","Complete","0.0475592","3.07E-5","0.0252609","0.0222676","0.1875","0.003","438543","4000","15213.490906399908","15228.10660758392","12891.868030399028","1.0002543220506444","0.014962146800250764","0","22193da6e1ed5c7fb6bc482596a8cb09c08425673712be65ab0ebf58ef73f382",""
"2","1","0","current","c2329aa008622953f95ab0acb344552cf2f4c9f8","752b815b612ca031ad9aa14de69534862010e68c985d7eb34455daed19a34187","vectorPerformance","gaussian8","Quantile","4","0","420013","4000","500","Complete","0.049149","3.32E-5","0.0254932","0.0236226","0.234375","0.0","436956","4000","15387.214907747757","15383.41868425877","13280.050841973973","1.000488212672387","0.017862111392228958","0","1a2a7053039cbf9cd5227976b2ba660c8f0bbf84c10e94ae04c9c6d297fc0025",""
"2","1","0","current","c2329aa008622953f95ab0acb344552cf2f4c9f8","752b815b612ca031ad9aa14de69534862010e68c985d7eb34455daed19a34187","vectorPerformance","gaussian8","Quantile","4","1","427932","4000","500","Complete","0.0446365","3.77E-5","0.0222555","0.0223433","0.125","0.0","437269","4000","15727.934748036001","15719.464590581323","12902.625514015059","1.0004649152576137","0.012810490325706247","0","850de3d767de404b10a6234afa6ecc9c5dfdee0c4338411a0af3e46894e42ce3",""
"2","1","0","current","c2329aa008622953f95ab0acb344552cf2f4c9f8","752b815b612ca031ad9aa14de69534862010e68c985d7eb34455daed19a34187","vectorPerformance","gaussian8","Quantile","4","2","435851","4000","500","Complete","0.0462332","3.2E-5","0.0234889","0.0227123","0.1875","0.0","438008","4000","15126.989343371939","15133.471327879883","12471.355965872704","1.0004579804360567","0.01410791604282019","0","fd474ea7f77c91f336f3664000c5dec28946aab4fd9917ca2fd5c066ad7e03df",""
"2","1","0","current","c2329aa008622953f95ab0acb344552cf2f4c9f8","752b815b612ca031ad9aa14de69534862010e68c985d7eb34455daed19a34187","vectorPerformance","gaussian8","Quantile","4","3","443770","4000","500","Complete","0.047492","3.61E-5","0.0250388","0.0224171","0.1875","0.0","438134","4000","14783.95134310092","14781.603964607304","13183.37761680062","1.0005441549460146","0.009381500096846795","0","f5d860d8f1c8c55386f06f23faad6b9f8df1541a619040c2f28698d0813a5f75",""
"2","1","0","current","c2329aa008622953f95ab0acb344552cf2f4c9f8","752b815b612ca031ad9aa14de69534862010e68c985d7eb34455daed19a34187","vectorPerformance","gaussian8","Quantile","4","4","451689","4000","500","Complete","0.0470695","4.2E-5","0.0243214","0.0227061","0.1875","0.0","437868","4000","14884.121074739518","14909.092385573675","12538.608584974128","1.0004648391967559","0.02587550455561438","0","f5667ee456b1d3d2b0c42c8460f2481029f27806732e9bf75dd56271a0628822",""
"2","1","0","current","c2329aa008622953f95ab0acb344552cf2f4c9f8","752b815b612ca031ad9aa14de69534862010e68c985d7eb34455daed19a34187","vectorPerformance","likelihood8","GPSS","1","-2","404175","4000","500","Complete","0.1407673","1.318E-4","0.0762647","0.0643708","0.140625","0.002","113497","4000","15386.728000357793","15391.85127451405","11321.818924317045","1.000502564087113","0.005344596134197365","0","15875fc3ad457cd99d016931ae49e3b53ed50293a59b7331791ac43670de87bd",""
"2","1","0","current","c2329aa008622953f95ab0acb344552cf2f4c9f8","752b815b612ca031ad9aa14de69534862010e68c985d7eb34455daed19a34187","vectorPerformance","likelihood8","GPSS","1","-1","412094","4000","500","Complete","0.1376452","7.74E-5","0.0749986","0.0625692","0.1875","0.0","113672","4000","14515.066848005721","14590.130865412311","10903.103694208865","1.0008342935047612","0.005564436392907962","0","fc720f0e7fc6b705ca4b80ac8fe6515a0d286ae0520a978aef375e586c9db6bf",""
"2","1","0","current","c2329aa008622953f95ab0acb344552cf2f4c9f8","752b815b612ca031ad9aa14de69534862010e68c985d7eb34455daed19a34187","vectorPerformance","likelihood8","GPSS","1","0","420013","4000","500","Complete","0.1368007","5.82E-5","0.0753405","0.061402","0.140625","0.001","113054","4000","15068.277084944693","15070.85887531968","10694.846310168503","1.0005601541440654","0.004181248674558491","0","8d6dc2b369fc062d17f4e1721fe9d8a199bcba9f600d8572402455c6c30b60fa",""
"2","1","0","current","c2329aa008622953f95ab0acb344552cf2f4c9f8","752b815b612ca031ad9aa14de69534862010e68c985d7eb34455daed19a34187","vectorPerformance","likelihood8","GPSS","1","1","427932","4000","500","Complete","0.1367209","5.51E-5","0.0740952","0.0625706","0.140625","0.0","113472","4000","15069.243223748383","15055.059231076986","10322.707096463675","1.0013248567157627","0.005340326134526563","0","38e3adbbae621e7ad84a1cb5d7d2f248aeb925e3eea6b59badd3e9bb967ca792",""
"2","1","0","current","c2329aa008622953f95ab0acb344552cf2f4c9f8","752b815b612ca031ad9aa14de69534862010e68c985d7eb34455daed19a34187","vectorPerformance","likelihood8","GPSS","1","2","435851","4000","500","Complete","0.1384094","4.85E-5","0.0742566","0.0641043","0.140625","0.002","113322","4000","15018.1283976014","15019.886701809703","11132.174688571149","1.000533090102839","0.005175852109189194","0","a1c97633734bbb43a66c525a225905cb612f427cd2600d3cc731158cc0011283",""
"2","1","0","current","c2329aa008622953f95ab0acb344552cf2f4c9f8","752b815b612ca031ad9aa14de69534862010e68c985d7eb34455daed19a34187","vectorPerformance","likelihood8","GPSS","1","3","443770","4000","500","Complete","0.1414492","5.12E-5","0.0792597","0.0621383","0.15625","0.001","113541","4000","15504.177620932032","15516.176571089783","11070.759113858252","1.0005200177999494","0.0030179744349801974","0","10250d525acdf021423a78f0a10ef6caf57ce50e6525306305dda230dde4a3dd",""
"2","1","0","current","c2329aa008622953f95ab0acb344552cf2f4c9f8","752b815b612ca031ad9aa14de69534862010e68c985d7eb34455daed19a34187","vectorPerformance","likelihood8","GPSS","1","4","451689","4000","500","Complete","0.1378196","8.12E-5","0.0746246","0.0631138","0.15625","0.0","113652","4000","14785.194091889316","14779.730449941797","11297.287331686812","1.0008757668998252","0.004036703328069907","0","aeb7ca95e5af585230ca0add63518df7f82bcf74ed17b9d657a219f4e1b2d0f5",""
"2","1","0","current","c2329aa008622953f95ab0acb344552cf2f4c9f8","752b815b612ca031ad9aa14de69534862010e68c985d7eb34455daed19a34187","vectorPerformance","likelihood8","GPSS","2","-2","404175","4000","500","Complete","0.0895359","0.0027314","0.0526704","0.0341341","0.25","0.0","113497","4000","15386.728000357793","15391.85127451405","11321.818924317045","1.000502564087113","0.005344596134197365","0","15875fc3ad457cd99d016931ae49e3b53ed50293a59b7331791ac43670de87bd",""
"2","1","0","current","c2329aa008622953f95ab0acb344552cf2f4c9f8","752b815b612ca031ad9aa14de69534862010e68c985d7eb34455daed19a34187","vectorPerformance","likelihood8","GPSS","2","-1","412094","4000","500","Complete","0.0719928","8.06E-5","0.038924","0.0329882","0.171875","0.0","113672","4000","14515.066848005721","14590.130865412311","10903.103694208865","1.0008342935047612","0.005564436392907962","0","fc720f0e7fc6b705ca4b80ac8fe6515a0d286ae0520a978aef375e586c9db6bf",""
"2","1","0","current","c2329aa008622953f95ab0acb344552cf2f4c9f8","752b815b612ca031ad9aa14de69534862010e68c985d7eb34455daed19a34187","vectorPerformance","likelihood8","GPSS","2","0","420013","4000","500","Complete","0.0726336","8.98E-5","0.0393879","0.0331559","0.140625","0.0","113054","4000","15068.277084944693","15070.85887531968","10694.846310168503","1.0005601541440654","0.004181248674558491","0","8d6dc2b369fc062d17f4e1721fe9d8a199bcba9f600d8572402455c6c30b60fa",""
"2","1","0","current","c2329aa008622953f95ab0acb344552cf2f4c9f8","752b815b612ca031ad9aa14de69534862010e68c985d7eb34455daed19a34187","vectorPerformance","likelihood8","GPSS","2","1","427932","4000","500","Complete","0.0723204","4.95E-5","0.0390112","0.0332597","0.140625","0.0","113472","4000","15069.243223748383","15055.059231076986","10322.707096463675","1.0013248567157627","0.005340326134526563","0","38e3adbbae621e7ad84a1cb5d7d2f248aeb925e3eea6b59badd3e9bb967ca792",""
"2","1","0","current","c2329aa008622953f95ab0acb344552cf2f4c9f8","752b815b612ca031ad9aa14de69534862010e68c985d7eb34455daed19a34187","vectorPerformance","likelihood8","GPSS","2","2","435851","4000","500","Complete","0.0716187","5.11E-5","0.0387816","0.032786","0.15625","0.0","113322","4000","15018.1283976014","15019.886701809703","11132.174688571149","1.000533090102839","0.005175852109189194","0","a1c97633734bbb43a66c525a225905cb612f427cd2600d3cc731158cc0011283",""
"2","1","0","current","c2329aa008622953f95ab0acb344552cf2f4c9f8","752b815b612ca031ad9aa14de69534862010e68c985d7eb34455daed19a34187","vectorPerformance","likelihood8","GPSS","2","3","443770","4000","500","Complete","0.0735174","5.21E-5","0.0391711","0.0342942","0.1875","0.0","113541","4000","15504.177620932032","15516.176571089783","11070.759113858252","1.0005200177999494","0.0030179744349801974","0","10250d525acdf021423a78f0a10ef6caf57ce50e6525306305dda230dde4a3dd",""
"2","1","0","current","c2329aa008622953f95ab0acb344552cf2f4c9f8","752b815b612ca031ad9aa14de69534862010e68c985d7eb34455daed19a34187","vectorPerformance","likelihood8","GPSS","2","4","451689","4000","500","Complete","0.0718653","4.88E-5","0.0387525","0.033064","0.125","0.0","113652","4000","14785.194091889316","14779.730449941797","11297.287331686812","1.0008757668998252","0.004036703328069907","0","aeb7ca95e5af585230ca0add63518df7f82bcf74ed17b9d657a219f4e1b2d0f5",""
"2","1","0","current","c2329aa008622953f95ab0acb344552cf2f4c9f8","752b815b612ca031ad9aa14de69534862010e68c985d7eb34455daed19a34187","vectorPerformance","likelihood8","GPSS","4","-2","404175","4000","500","Complete","0.0422923","1.502E-4","0.022674","0.0194681","0.1875","0.0","113497","4000","15386.728000357793","15391.85127451405","11321.818924317045","1.000502564087113","0.005344596134197365","0","15875fc3ad457cd99d016931ae49e3b53ed50293a59b7331791ac43670de87bd",""
"2","1","0","current","c2329aa008622953f95ab0acb344552cf2f4c9f8","752b815b612ca031ad9aa14de69534862010e68c985d7eb34455daed19a34187","vectorPerformance","likelihood8","GPSS","4","-1","412094","4000","500","Complete","0.0415763","5.76E-5","0.0220512","0.0194675","0.1875","0.0","113672","4000","14515.066848005721","14590.130865412311","10903.103694208865","1.0008342935047612","0.005564436392907962","0","fc720f0e7fc6b705ca4b80ac8fe6515a0d286ae0520a978aef375e586c9db6bf",""
"2","1","0","current","c2329aa008622953f95ab0acb344552cf2f4c9f8","752b815b612ca031ad9aa14de69534862010e68c985d7eb34455daed19a34187","vectorPerformance","likelihood8","GPSS","4","0","420013","4000","500","Complete","0.0421165","9.32E-5","0.022606","0.0194173","0.171875","0.0","113054","4000","15068.277084944693","15070.85887531968","10694.846310168503","1.0005601541440654","0.004181248674558491","0","8d6dc2b369fc062d17f4e1721fe9d8a199bcba9f600d8572402455c6c30b60fa",""
"2","1","0","current","c2329aa008622953f95ab0acb344552cf2f4c9f8","752b815b612ca031ad9aa14de69534862010e68c985d7eb34455daed19a34187","vectorPerformance","likelihood8","GPSS","4","1","427932","4000","500","Complete","0.0416256","4.99E-5","0.0222335","0.0193422","0.125","0.001","113472","4000","15069.243223748383","15055.059231076986","10322.707096463675","1.0013248567157627","0.005340326134526563","0","38e3adbbae621e7ad84a1cb5d7d2f248aeb925e3eea6b59badd3e9bb967ca792",""
"2","1","0","current","c2329aa008622953f95ab0acb344552cf2f4c9f8","752b815b612ca031ad9aa14de69534862010e68c985d7eb34455daed19a34187","vectorPerformance","likelihood8","GPSS","4","2","435851","4000","500","Complete","0.0408842","5.14E-5","0.0217142","0.0191186","0.171875","0.0","113322","4000","15018.1283976014","15019.886701809703","11132.174688571149","1.000533090102839","0.005175852109189194","0","a1c97633734bbb43a66c525a225905cb612f427cd2600d3cc731158cc0011283",""
"2","1","0","current","c2329aa008622953f95ab0acb344552cf2f4c9f8","752b815b612ca031ad9aa14de69534862010e68c985d7eb34455daed19a34187","vectorPerformance","likelihood8","GPSS","4","3","443770","4000","500","Complete","0.0403648","4.89E-5","0.0214381","0.0188778","0.15625","0.0","113541","4000","15504.177620932032","15516.176571089783","11070.759113858252","1.0005200177999494","0.0030179744349801974","0","10250d525acdf021423a78f0a10ef6caf57ce50e6525306305dda230dde4a3dd",""
"2","1","0","current","c2329aa008622953f95ab0acb344552cf2f4c9f8","752b815b612ca031ad9aa14de69534862010e68c985d7eb34455daed19a34187","vectorPerformance","likelihood8","GPSS","4","4","451689","4000","500","Complete","0.0409932","5.06E-5","0.0225064","0.0184362","0.125","0.0","113652","4000","14785.194091889316","14779.730449941797","11297.287331686812","1.0008757668998252","0.004036703328069907","0","aeb7ca95e5af585230ca0add63518df7f82bcf74ed17b9d657a219f4e1b2d0f5",""
"2","1","0","current","c2329aa008622953f95ab0acb344552cf2f4c9f8","752b815b612ca031ad9aa14de69534862010e68c985d7eb34455daed19a34187","vectorPerformance","likelihood8","Quantile","1","-2","404175","4000","500","Complete","0.4199823","3.95E-5","0.3562643","0.0636785","0.421875","0.0","675623","4000","14553.603071888145","14560.448774995888","11253.189859649683","1.0007097070118298","0.003922918284137322","0","03828cdda4fc43583cac684014ff31176af4a34269763a886473aa7e641f0391",""
"2","1","0","current","c2329aa008622953f95ab0acb344552cf2f4c9f8","752b815b612ca031ad9aa14de69534862010e68c985d7eb34455daed19a34187","vectorPerformance","likelihood8","Quantile","1","-1","412094","4000","500","Complete","0.4197381","2.97E-5","0.3560002","0.0637082","0.421875","0.0","674660","4000","15209.136106969212","15217.30790335651","11240.432710958032","1.0004372157752155","0.0052684685777992235","0","e259b6e006096a76873934a7876a399ffc6054ce8626e6a9f54fe4dc9a2a077b",""
"2","1","0","current","c2329aa008622953f95ab0acb344552cf2f4c9f8","752b815b612ca031ad9aa14de69534862010e68c985d7eb34455daed19a34187","vectorPerformance","likelihood8","Quantile","1","0","420013","4000","500","Complete","0.4219933","3.05E-5","0.3580099","0.0639529","0.421875","0.0","673796","4000","15027.331818683551","15033.704474475824","10491.658637470435","1.0004326935079904","0.005338364077357494","0","a6b794bfac044c42b2225f202fe85edd749f09d343dadd0c6f9a8be5b72afda0",""
"2","1","0","current","c2329aa008622953f95ab0acb344552cf2f4c9f8","752b815b612ca031ad9aa14de69534862010e68c985d7eb34455daed19a34187","vectorPerformance","likelihood8","Quantile","1","1","427932","4000","500","Complete","0.4195644","5.54E-5","0.357422","0.062087","0.421875","0.002","673825","4000","15276.658872254206","15256.4622489339","11119.716918313663","1.000391617247902","0.006419580823759208","0","50e2cecd19fa21e7ea4301720423264b745a7096caa97d8e6935a59763285f0a",""
"2","1","0","current","c2329aa008622953f95ab0acb344552cf2f4c9f8","752b815b612ca031ad9aa14de69534862010e68c985d7eb34455daed19a34187","vectorPerformance","likelihood8","Quantile","1","2","435851","4000","500","Complete","0.4192604","3.12E-5","0.3565338","0.0626954","0.421875","0.002","674482","4000","15438.964336306639","15424.356228106937","11497.88972532256","1.0006283061980878","0.01024848436056533","0","d045bb5c2ae5192b21902085068a9b62aa6f41d66d4132dc6affda22bcc4912d",""
"2","1","0","current","c2329aa008622953f95ab0acb344552cf2f4c9f8","752b815b612ca031ad9aa14de69534862010e68c985d7eb34455daed19a34187","vectorPerformance","likelihood8","Quantile","1","3","443770","4000","500","Complete","0.4197894","2.95E-5","0.3566313","0.0631286","0.421875","0.002","674770","4000","15279.141041189421","15290.437507693725","11098.089526704722","1.00060311853599","0.008195113181772185","0","14c0d80a24194a44695934e9fba1972daa6dc8b7383da72f1cd5837c36c4722d",""
"2","1","0","current","c2329aa008622953f95ab0acb344552cf2f4c9f8","752b815b612ca031ad9aa14de69534862010e68c985d7eb34455daed19a34187","vectorPerformance","likelihood8","Quantile","1","4","451689","4000","500","Complete","0.4200195","2.92E-5","0.3560306","0.0639597","0.421875","0.0","675588","4000","15378.326224840608","15396.096164831599","11613.462866841413","1.000726442029433","0.005885612388259281","0","dffab805aa7e6a415f84c4666b5b3033cb9751a54880ba72e95a79dc87652086",""
"2","1","0","current","c2329aa008622953f95ab0acb344552cf2f4c9f8","752b815b612ca031ad9aa14de69534862010e68c985d7eb34455daed19a34187","vectorPerformance","likelihood8","Quantile","2","-2","404175","4000","500","Complete","0.2181272","5.78E-5","0.184182","0.0338874","0.4375","0.001","675623","4000","14553.603071888145","14560.448774995888","11253.189859649683","1.0007097070118298","0.003922918284137322","0","03828cdda4fc43583cac684014ff31176af4a34269763a886473aa7e641f0391",""
"2","1","0","current","c2329aa008622953f95ab0acb344552cf2f4c9f8","752b815b612ca031ad9aa14de69534862010e68c985d7eb34455daed19a34187","vectorPerformance","likelihood8","Quantile","2","-1","412094","4000","500","Complete","0.2186182","3.09E-5","0.1834957","0.0350916","0.421875","0.001","674660","4000","15209.136106969212","15217.30790335651","11240.432710958032","1.0004372157752155","0.0052684685777992235","0","e259b6e006096a76873934a7876a399ffc6054ce8626e6a9f54fe4dc9a2a077b",""
"2","1","0","current","c2329aa008622953f95ab0acb344552cf2f4c9f8","752b815b612ca031ad9aa14de69534862010e68c985d7eb34455daed19a34187","vectorPerformance","likelihood8","Quantile","2","0","420013","4000","500","Complete","0.2192237","3.34E-5","0.1860959","0.0330944","0.4375","0.001","673796","4000","15027.331818683551","15033.704474475824","10491.658637470435","1.0004326935079904","0.005338364077357494","0","a6b794bfac044c42b2225f202fe85edd749f09d343dadd0c6f9a8be5b72afda0",""
"2","1","0","current","c2329aa008622953f95ab0acb344552cf2f4c9f8","752b815b612ca031ad9aa14de69534862010e68c985d7eb34455daed19a34187","vectorPerformance","likelihood8","Quantile","2","1","427932","4000","500","Complete","0.2203682","5.31E-5","0.1873019","0.0330132","0.5","0.001","673825","4000","15276.658872254206","15256.4622489339","11119.716918313663","1.000391617247902","0.006419580823759208","0","50e2cecd19fa21e7ea4301720423264b745a7096caa97d8e6935a59763285f0a",""
"2","1","0","current","c2329aa008622953f95ab0acb344552cf2f4c9f8","752b815b612ca031ad9aa14de69534862010e68c985d7eb34455daed19a34187","vectorPerformance","likelihood8","Quantile","2","2","435851","4000","500","Complete","0.2196856","3.05E-5","0.1851362","0.0345189","0.4375","0.0","674482","4000","15438.964336306639","15424.356228106937","11497.88972532256","1.0006283061980878","0.01024848436056533","0","d045bb5c2ae5192b21902085068a9b62aa6f41d66d4132dc6affda22bcc4912d",""
"2","1","0","current","c2329aa008622953f95ab0acb344552cf2f4c9f8","752b815b612ca031ad9aa14de69534862010e68c985d7eb34455daed19a34187","vectorPerformance","likelihood8","Quantile","2","3","443770","4000","500","Complete","0.2196996","3.06E-5","0.1858234","0.0338456","0.4375","0.0","674770","4000","15279.141041189421","15290.437507693725","11098.089526704722","1.00060311853599","0.008195113181772185","0","14c0d80a24194a44695934e9fba1972daa6dc8b7383da72f1cd5837c36c4722d",""
"2","1","0","current","c2329aa008622953f95ab0acb344552cf2f4c9f8","752b815b612ca031ad9aa14de69534862010e68c985d7eb34455daed19a34187","vectorPerformance","likelihood8","Quantile","2","4","451689","4000","500","Complete","0.2195876","3.08E-5","0.1855568","0.034","0.46875","0.0","675588","4000","15378.326224840608","15396.096164831599","11613.462866841413","1.000726442029433","0.005885612388259281","0","dffab805aa7e6a415f84c4666b5b3033cb9751a54880ba72e95a79dc87652086",""
"2","1","0","current","c2329aa008622953f95ab0acb344552cf2f4c9f8","752b815b612ca031ad9aa14de69534862010e68c985d7eb34455daed19a34187","vectorPerformance","likelihood8","Quantile","4","-2","404175","4000","500","Complete","0.1156533","3.08E-5","0.0942487","0.0213738","0.4375","0.002","675623","4000","14553.603071888145","14560.448774995888","11253.189859649683","1.0007097070118298","0.003922918284137322","0","03828cdda4fc43583cac684014ff31176af4a34269763a886473aa7e641f0391",""
"2","1","0","current","c2329aa008622953f95ab0acb344552cf2f4c9f8","752b815b612ca031ad9aa14de69534862010e68c985d7eb34455daed19a34187","vectorPerformance","likelihood8","Quantile","4","-1","412094","4000","500","Complete","0.1150718","3.85E-5","0.0968627","0.0181706","0.453125","0.003","674660","4000","15209.136106969212","15217.30790335651","11240.432710958032","1.0004372157752155","0.0052684685777992235","0","e259b6e006096a76873934a7876a399ffc6054ce8626e6a9f54fe4dc9a2a077b",""
"2","1","0","current","c2329aa008622953f95ab0acb344552cf2f4c9f8","752b815b612ca031ad9aa14de69534862010e68c985d7eb34455daed19a34187","vectorPerformance","likelihood8","Quantile","4","0","420013","4000","500","Complete","0.1142249","2.92E-5","0.0940723","0.0201234","0.4375","0.0","673796","4000","15027.331818683551","15033.704474475824","10491.658637470435","1.0004326935079904","0.005338364077357494","0","a6b794bfac044c42b2225f202fe85edd749f09d343dadd0c6f9a8be5b72afda0",""
"2","1","0","current","c2329aa008622953f95ab0acb344552cf2f4c9f8","752b815b612ca031ad9aa14de69534862010e68c985d7eb34455daed19a34187","vectorPerformance","likelihood8","Quantile","4","1","427932","4000","500","Complete","0.1139207","9.04E-5","0.0940664","0.0197639","0.4375","0.0","673825","4000","15276.658872254206","15256.4622489339","11119.716918313663","1.000391617247902","0.006419580823759208","0","50e2cecd19fa21e7ea4301720423264b745a7096caa97d8e6935a59763285f0a",""
"2","1","0","current","c2329aa008622953f95ab0acb344552cf2f4c9f8","752b815b612ca031ad9aa14de69534862010e68c985d7eb34455daed19a34187","vectorPerformance","likelihood8","Quantile","4","2","435851","4000","500","Complete","0.1149457","2.9E-5","0.0956636","0.0192531","0.4375","0.0","674482","4000","15438.964336306639","15424.356228106937","11497.88972532256","1.0006283061980878","0.01024848436056533","0","d045bb5c2ae5192b21902085068a9b62aa6f41d66d4132dc6affda22bcc4912d",""
"2","1","0","current","c2329aa008622953f95ab0acb344552cf2f4c9f8","752b815b612ca031ad9aa14de69534862010e68c985d7eb34455daed19a34187","vectorPerformance","likelihood8","Quantile","4","3","443770","4000","500","Complete","0.116545","3.01E-5","0.0965749","0.01994","0.5","0.001","674770","4000","15279.141041189421","15290.437507693725","11098.089526704722","1.00060311853599","0.008195113181772185","0","14c0d80a24194a44695934e9fba1972daa6dc8b7383da72f1cd5837c36c4722d",""
"2","1","0","current","c2329aa008622953f95ab0acb344552cf2f4c9f8","752b815b612ca031ad9aa14de69534862010e68c985d7eb34455daed19a34187","vectorPerformance","likelihood8","Quantile","4","4","451689","4000","500","Complete","0.1148945","3.1E-5","0.0959667","0.0188968","0.453125","0.001","675588","4000","15378.326224840608","15396.096164831599","11613.462866841413","1.000726442029433","0.005885612388259281","0","dffab805aa7e6a415f84c4666b5b3033cb9751a54880ba72e95a79dc87652086",""
"2","1","0","current","c2329aa008622953f95ab0acb344552cf2f4c9f8","752b815b612ca031ad9aa14de69534862010e68c985d7eb34455daed19a34187","vectorPerformance","mixture8","GPSS","1","-2","404175","4000","500","Complete","0.1324707","1.66E-5","0.067772","0.0646821","0.125","0.0","229144","4000","14.257988816324646","29.19304971339808","41.12369705555653","1.0898522442939091","0.21935070608817098","8","3b6875e17ed27fe9805ded4d871f7b5f9d73e9def0157d2b9b3ca4e8933848aa",""
"2","1","0","current","c2329aa008622953f95ab0acb344552cf2f4c9f8","752b815b612ca031ad9aa14de69534862010e68c985d7eb34455daed19a34187","vectorPerformance","mixture8","GPSS","1","-1","412094","4000","500","Complete","0.131714","2.11E-5","0.0671363","0.0645566","0.125","0.0","229290","4000","18.720999899350527","39.028622707399215","46.96121523232878","1.0731938076004162","0.17813809720195017","8","abf27d85ad57f604af02f9ce976cde68729c5e5b0b9868c8021e26e9e57c9cbb",""
"2","1","0","current","c2329aa008622953f95ab0acb344552cf2f4c9f8","752b815b612ca031ad9aa14de69534862010e68c985d7eb34455daed19a34187","vectorPerformance","mixture8","GPSS","1","0","420013","4000","500","Complete","0.1320748","1.77E-5","0.0677992","0.0642579","0.140625","0.0","230860","4000","11.197660818981081","21.159126284650732","49.74480814386594","1.1308094060468774","0.5016290019944878","8","f1a24a91ced5488ebfe513313caafc39cdc36be309bd0944b0aca511830cdc9b",""
"2","1","0","current","c2329aa008622953f95ab0acb344552cf2f4c9f8","752b815b612ca031ad9aa14de69534862010e68c985d7eb34455daed19a34187","vectorPerformance","mixture8","GPSS","1","1","427932","4000","500","Complete","0.1291563","1.99E-5","0.067538","0.0615984","0.125","0.0","227656","4000","350.3365962359708","946.1959119121931","828.0407758236613","1.006187429279826","0.489472770444491","0","3048dd7a997ec08547ffedc643f4f8ad71fb08dfc61d73588f085fae9f3b2530",""
"2","1","0","current","c2329aa008622953f95ab0acb344552cf2f4c9f8","752b815b612ca031ad9aa14de69534862010e68c985d7eb34455daed19a34187","vectorPerformance","mixture8","GPSS","1","2","435851","4000","500","Complete","0.1312291","1.7E-5","0.0673933","0.0638188","0.125","0.0","230320","4000","11.885382937205895","20.922381229748733","74.65086869430434","1.127517255169642","0.6163845076767369","8","a8b0c5d28390a6bbe639426c5f3d044100be601426210b18a9d9a12faa0fdcbb",""
"2","1","0","current","c2329aa008622953f95ab0acb344552cf2f4c9f8","752b815b612ca031ad9aa14de69534862010e68c985d7eb34455daed19a34187","vectorPerformance","mixture8","GPSS","1","3","443770","4000","500","Complete","0.1294959","2.01E-5","0.0657774","0.0636984","0.125","0.0","228342","4000","32.15927038708645","138.24287084259578","31.951943081965528","1.0380332431121262","0.32314994313579937","8","fb914cb87efc1f88af4218573d1acfcb2cf7af7578bb3764f9313b6f1caf9c08",""
"2","1","0","current","c2329aa008622953f95ab0acb344552cf2f4c9f8","752b815b612ca031ad9aa14de69534862010e68c985d7eb34455daed19a34187","vectorPerformance","mixture8","GPSS","1","4","451689","4000","500","Complete","0.1317682","1.69E-5","0.0677414","0.0640099","0.140625","0.001","231161","4000","11.42981152723505","18.51428192120557","82.97173289489884","1.1478873533286111","0.944470980985646","8","8c304b54387b3cfcaea9ca546733eb569997eadee97f924c60d4475ce4148eb9",""
"2","1","0","current","c2329aa008622953f95ab0acb344552cf2f4c9f8","752b815b612ca031ad9aa14de69534862010e68c985d7eb34455daed19a34187","vectorPerformance","mixture8","GPSS","2","-2","404175","4000","500","Complete","0.0892671","1.73E-5","0.0527708","0.036479","0.25","0.001","229144","4000","14.257988816324646","29.19304971339808","41.12369705555653","1.0898522442939091","0.21935070608817098","8","3b6875e17ed27fe9805ded4d871f7b5f9d73e9def0157d2b9b3ca4e8933848aa",""
"2","1","0","current","c2329aa008622953f95ab0acb344552cf2f4c9f8","752b815b612ca031ad9aa14de69534862010e68c985d7eb34455daed19a34187","vectorPerformance","mixture8","GPSS","2","-1","412094","4000","500","Complete","0.0778475","1.62E-5","0.0410808","0.0367505","0.15625","0.002","229290","4000","18.720999899350527","39.028622707399215","46.96121523232878","1.0731938076004162","0.17813809720195017","8","abf27d85ad57f604af02f9ce976cde68729c5e5b0b9868c8021e26e9e57c9cbb",""
"2","1","0","current","c2329aa008622953f95ab0acb344552cf2f4c9f8","752b815b612ca031ad9aa14de69534862010e68c985d7eb34455daed19a34187","vectorPerformance","mixture8","GPSS","2","0","420013","4000","500","Complete","0.0774271","1.62E-5","0.0433462","0.0340647","0.15625","0.001","230860","4000","11.197660818981081","21.159126284650732","49.74480814386594","1.1308094060468774","0.5016290019944878","8","f1a24a91ced5488ebfe513313caafc39cdc36be309bd0944b0aca511830cdc9b",""
"2","1","0","current","c2329aa008622953f95ab0acb344552cf2f4c9f8","752b815b612ca031ad9aa14de69534862010e68c985d7eb34455daed19a34187","vectorPerformance","mixture8","GPSS","2","1","427932","4000","500","Complete","0.0766064","2.41E-5","0.044048","0.0325343","0.125","0.001","227656","4000","350.3365962359708","946.1959119121931","828.0407758236613","1.006187429279826","0.489472770444491","0","3048dd7a997ec08547ffedc643f4f8ad71fb08dfc61d73588f085fae9f3b2530",""
"2","1","0","current","c2329aa008622953f95ab0acb344552cf2f4c9f8","752b815b612ca031ad9aa14de69534862010e68c985d7eb34455daed19a34187","vectorPerformance","mixture8","GPSS","2","2","435851","4000","500","Complete","0.0780263","1.73E-5","0.0431593","0.0348497","0.15625","0.001","230320","4000","11.885382937205895","20.922381229748733","74.65086869430434","1.127517255169642","0.6163845076767369","8","a8b0c5d28390a6bbe639426c5f3d044100be601426210b18a9d9a12faa0fdcbb",""
"2","1","0","current","c2329aa008622953f95ab0acb344552cf2f4c9f8","752b815b612ca031ad9aa14de69534862010e68c985d7eb34455daed19a34187","vectorPerformance","mixture8","GPSS","2","3","443770","4000","500","Complete","0.0769367","1.72E-5","0.0440158","0.0329037","0.15625","0.001","228342","4000","32.15927038708645","138.24287084259578","31.951943081965528","1.0380332431121262","0.32314994313579937","8","fb914cb87efc1f88af4218573d1acfcb2cf7af7578bb3764f9313b6f1caf9c08",""
"2","1","0","current","c2329aa008622953f95ab0acb344552cf2f4c9f8","752b815b612ca031ad9aa14de69534862010e68c985d7eb34455daed19a34187","vectorPerformance","mixture8","GPSS","2","4","451689","4000","500","Complete","0.0769577","1.65E-5","0.0432598","0.0336814","0.15625","0.001","231161","4000","11.42981152723505","18.51428192120557","82.97173289489884","1.1478873533286111","0.944470980985646","8","8c304b54387b3cfcaea9ca546733eb569997eadee97f924c60d4475ce4148eb9",""
"2","1","0","current","c2329aa008622953f95ab0acb344552cf2f4c9f8","752b815b612ca031ad9aa14de69534862010e68c985d7eb34455daed19a34187","vectorPerformance","mixture8","GPSS","4","-2","404175","4000","500","Complete","0.0606839","2.16E-5","0.0403223","0.02034","0.25","0.0","229144","4000","14.257988816324646","29.19304971339808","41.12369705555653","1.0898522442939091","0.21935070608817098","8","3b6875e17ed27fe9805ded4d871f7b5f9d73e9def0157d2b9b3ca4e8933848aa",""
"2","1","0","current","c2329aa008622953f95ab0acb344552cf2f4c9f8","752b815b612ca031ad9aa14de69534862010e68c985d7eb34455daed19a34187","vectorPerformance","mixture8","GPSS","4","-1","412094","4000","500","Complete","0.0614972","1.66E-5","0.0411701","0.0203105","0.25","0.001","229290","4000","18.720999899350527","39.028622707399215","46.96121523232878","1.0731938076004162","0.17813809720195017","8","abf27d85ad57f604af02f9ce976cde68729c5e5b0b9868c8021e26e9e57c9cbb",""
"2","1","0","current","c2329aa008622953f95ab0acb344552cf2f4c9f8","752b815b612ca031ad9aa14de69534862010e68c985d7eb34455daed19a34187","vectorPerformance","mixture8","GPSS","4","0","420013","4000","500","Complete","0.0617383","1.68E-5","0.0412304","0.0204911","0.25","0.0","230860","4000","11.197660818981081","21.159126284650732","49.74480814386594","1.1308094060468774","0.5016290019944878","8","f1a24a91ced5488ebfe513313caafc39cdc36be309bd0944b0aca511830cdc9b",""
"2","1","0","current","c2329aa008622953f95ab0acb344552cf2f4c9f8","752b815b612ca031ad9aa14de69534862010e68c985d7eb34455daed19a34187","vectorPerformance","mixture8","GPSS","4","1","427932","4000","500","Complete","0.0579323","1.72E-5","0.0397799","0.0181352","0.1875","0.0","227656","4000","350.3365962359708","946.1959119121931","828.0407758236613","1.006187429279826","0.489472770444491","0","3048dd7a997ec08547ffedc643f4f8ad71fb08dfc61d73588f085fae9f3b2530",""
"2","1","0","current","c2329aa008622953f95ab0acb344552cf2f4c9f8","752b815b612ca031ad9aa14de69534862010e68c985d7eb34455daed19a34187","vectorPerformance","mixture8","GPSS","4","2","435851","4000","500","Complete","0.0636017","1.69E-5","0.0420266","0.0215582","0.25","0.002","230320","4000","11.885382937205895","20.922381229748733","74.65086869430434","1.127517255169642","0.6163845076767369","8","a8b0c5d28390a6bbe639426c5f3d044100be601426210b18a9d9a12faa0fdcbb",""
"2","1","0","current","c2329aa008622953f95ab0acb344552cf2f4c9f8","752b815b612ca031ad9aa14de69534862010e68c985d7eb34455daed19a34187","vectorPerformance","mixture8","GPSS","4","3","443770","4000","500","Complete","0.0603369","1.58E-5","0.0405181","0.019803","0.203125","0.0","228342","4000","32.15927038708645","138.24287084259578","31.951943081965528","1.0380332431121262","0.32314994313579937","8","fb914cb87efc1f88af4218573d1acfcb2cf7af7578bb3764f9313b6f1caf9c08",""
"2","1","0","current","c2329aa008622953f95ab0acb344552cf2f4c9f8","752b815b612ca031ad9aa14de69534862010e68c985d7eb34455daed19a34187","vectorPerformance","mixture8","GPSS","4","4","451689","4000","500","Complete","0.0620504","1.97E-5","0.0420549","0.0199758","0.28125","0.0","231161","4000","11.42981152723505","18.51428192120557","82.97173289489884","1.1478873533286111","0.944470980985646","8","8c304b54387b3cfcaea9ca546733eb569997eadee97f924c60d4475ce4148eb9",""
"2","1","0","current","c2329aa008622953f95ab0acb344552cf2f4c9f8","752b815b612ca031ad9aa14de69534862010e68c985d7eb34455daed19a34187","vectorPerformance","mixture8","Quantile","1","-2","404175","4000","500","Complete","0.2222432","3.45E-5","0.1566377","0.065571","0.21875","0.001","794544","4000","4.187636809868029","7.060337598855363","26.16378128764236","1.5288331364789502","3.256985326991021","8","08478ec37e7016f0a746f5541369d3f27e6780b3d77ac0dd3727aedc458b8a7f",""
"2","1","0","current","c2329aa008622953f95ab0acb344552cf2f4c9f8","752b815b612ca031ad9aa14de69534862010e68c985d7eb34455daed19a34187","vectorPerformance","mixture8","Quantile","1","-1","412094","4000","500","Complete","0.2231118","1.45E-5","0.161949","0.0611483","0.234375","0.002","816779","4000","13172.219750891138","13222.282432153374","9557.095877190202","1.0009523655339596","4.505381108384656","0","df0a2d121acaf8121fe4585bac661d116d56b94d4bbd87d7554b9b56bc69a16b",""
"2","1","0","current","c2329aa008622953f95ab0acb344552cf2f4c9f8","752b815b612ca031ad9aa14de69534862010e68c985d7eb34455daed19a34187","vectorPerformance","mixture8","Quantile","1","0","420013","4000","500","Complete","0.2272777","1.57E-5","0.1576703","0.0695917","0.234375","0.002","794198","4000","4.186058672517822","7.066033020998243","25.872565892706334","1.528293121197245","3.254959184947837","8","298edcccf4cb67bd1d71a2c67eaac49d9c2f065b01ce89b5a425470b4ac34246",""
"2","1","0","current","c2329aa008622953f95ab0acb344552cf2f4c9f8","752b815b612ca031ad9aa14de69534862010e68c985d7eb34455daed19a34187","vectorPerformance","mixture8","Quantile","1","1","427932","4000","500","Complete","0.2238551","1.45E-5","0.1575936","0.066247","0.21875","0.001","793428","4000","4.1830750512240416","7.063117190644894","25.56957561795727","1.5283657513611182","3.2567621870613133","8","273d5a969b71614959a723e90feee880f8890fbdd52ed734512ecdb8349192a1",""
"2","1","0","current","c2329aa008622953f95ab0acb344552cf2f4c9f8","752b815b612ca031ad9aa14de69534862010e68c985d7eb34455daed19a34187","vectorPerformance","mixture8","Quantile","1","2","435851","4000","500","Complete","0.2265898","3.17E-5","0.1633867","0.0631714","0.234375","0.001","819559","4000","13453.176078554361","13421.262962358194","9216.280792110578","1.0005674240480147","4.502788958677054","0","d8c678a9202d9a68411f907dc58204bfa1e84fa81561ad1055f777dd4b42c6f2",""
"2","1","0","current","c2329aa008622953f95ab0acb344552cf2f4c9f8","752b815b612ca031ad9aa14de69534862010e68c985d7eb34455daed19a34187","vectorPerformance","mixture8","Quantile","1","3","443770","4000","500","Complete","0.2233024","1.42E-5","0.1612749","0.0620133","0.234375","0.001","818525","4000","14133.815442025896","14200.524096105466","9050.625427824825","1.0007425189374404","4.512149086714977","0","1bb1a4f128a60c3df02103528fa01749d02171821dd07470e5dae7f5e8630625",""
"2","1","0","current","c2329aa008622953f95ab0acb344552cf2f4c9f8","752b815b612ca031ad9aa14de69534862010e68c985d7eb34455daed19a34187","vectorPerformance","mixture8","Quantile","1","4","451689","4000","500","Complete","0.2274612","1.88E-5","0.159644","0.0677984","0.21875","0.004","819229","4000","12826.818650755431","12819.884446949432","9099.649034826969","1.000430048273552","4.504000123365279","0","678212121ddd43756b45e7bd2e21e3caba79bf54b0c78a22985c55552046cf37",""
"2","1","0","current","c2329aa008622953f95ab0acb344552cf2f4c9f8","752b815b612ca031ad9aa14de69534862010e68c985d7eb34455daed19a34187","vectorPerformance","mixture8","Quantile","2","-2","404175","4000","500","Complete","0.1341634","1.58E-5","0.0979882","0.0361594","0.28125","0.001","794544","4000","4.187636809868029","7.060337598855363","26.16378128764236","1.5288331364789502","3.256985326991021","8","08478ec37e7016f0a746f5541369d3f27e6780b3d77ac0dd3727aedc458b8a7f",""
"2","1","0","current","c2329aa008622953f95ab0acb344552cf2f4c9f8","752b815b612ca031ad9aa14de69534862010e68c985d7eb34455daed19a34187","vectorPerformance","mixture8","Quantile","2","-1","412094","4000","500","Complete","0.1352036","2.21E-5","0.1026433","0.0325382","0.234375","0.002","816779","4000","13172.219750891138","13222.282432153374","9557.095877190202","1.0009523655339596","4.505381108384656","0","df0a2d121acaf8121fe4585bac661d116d56b94d4bbd87d7554b9b56bc69a16b",""
"2","1","0","current","c2329aa008622953f95ab0acb344552cf2f4c9f8","752b815b612ca031ad9aa14de69534862010e68c985d7eb34455daed19a34187","vectorPerformance","mixture8","Quantile","2","0","420013","4000","500","Complete","0.1320472","1.64E-5","0.0957539","0.0362769","0.25","0.0","794198","4000","4.186058672517822","7.066033020998243","25.872565892706334","1.528293121197245","3.254959184947837","8","298edcccf4cb67bd1d71a2c67eaac49d9c2f065b01ce89b5a425470b4ac34246",""
"2","1","0","current","c2329aa008622953f95ab0acb344552cf2f4c9f8","752b815b612ca031ad9aa14de69534862010e68c985d7eb34455daed19a34187","vectorPerformance","mixture8","Quantile","2","1","427932","4000","500","Complete","0.1333259","1.58E-5","0.0974759","0.0358342","0.28125","0.001","793428","4000","4.1830750512240416","7.063117190644894","25.56957561795727","1.5283657513611182","3.2567621870613133","8","273d5a969b71614959a723e90feee880f8890fbdd52ed734512ecdb8349192a1",""
"2","1","0","current","c2329aa008622953f95ab0acb344552cf2f4c9f8","752b815b612ca031ad9aa14de69534862010e68c985d7eb34455daed19a34187","vectorPerformance","mixture8","Quantile","2","2","435851","4000","500","Complete","0.1341173","1.73E-5","0.1003648","0.0337352","0.296875","0.002","819559","4000","13453.176078554361","13421.262962358194","9216.280792110578","1.0005674240480147","4.502788958677054","0","d8c678a9202d9a68411f907dc58204bfa1e84fa81561ad1055f777dd4b42c6f2",""
"2","1","0","current","c2329aa008622953f95ab0acb344552cf2f4c9f8","752b815b612ca031ad9aa14de69534862010e68c985d7eb34455daed19a34187","vectorPerformance","mixture8","Quantile","2","3","443770","4000","500","Complete","0.1325126","1.53E-5","0.0996732","0.0328241","0.25","0.002","818525","4000","14133.815442025896","14200.524096105466","9050.625427824825","1.0007425189374404","4.512149086714977","0","1bb1a4f128a60c3df02103528fa01749d02171821dd07470e5dae7f5e8630625",""
"2","1","0","current","c2329aa008622953f95ab0acb344552cf2f4c9f8","752b815b612ca031ad9aa14de69534862010e68c985d7eb34455daed19a34187","vectorPerformance","mixture8","Quantile","2","4","451689","4000","500","Complete","0.1329832","1.77E-5","0.1003082","0.0326573","0.25","0.002","819229","4000","12826.818650755431","12819.884446949432","9099.649034826969","1.000430048273552","4.504000123365279","0","678212121ddd43756b45e7bd2e21e3caba79bf54b0c78a22985c55552046cf37",""
"2","1","0","current","c2329aa008622953f95ab0acb344552cf2f4c9f8","752b815b612ca031ad9aa14de69534862010e68c985d7eb34455daed19a34187","vectorPerformance","mixture8","Quantile","4","-2","404175","4000","500","Complete","0.0978408","1.54E-5","0.0766584","0.021167","0.359375","0.002","794544","4000","4.187636809868029","7.060337598855363","26.16378128764236","1.5288331364789502","3.256985326991021","8","08478ec37e7016f0a746f5541369d3f27e6780b3d77ac0dd3727aedc458b8a7f",""
"2","1","0","current","c2329aa008622953f95ab0acb344552cf2f4c9f8","752b815b612ca031ad9aa14de69534862010e68c985d7eb34455daed19a34187","vectorPerformance","mixture8","Quantile","4","-1","412094","4000","500","Complete","0.0991562","1.55E-5","0.0769846","0.0221561","0.375","0.002","816779","4000","13172.219750891138","13222.282432153374","9557.095877190202","1.0009523655339596","4.505381108384656","0","df0a2d121acaf8121fe4585bac661d116d56b94d4bbd87d7554b9b56bc69a16b",""
"2","1","0","current","c2329aa008622953f95ab0acb344552cf2f4c9f8","752b815b612ca031ad9aa14de69534862010e68c985d7eb34455daed19a34187","vectorPerformance","mixture8","Quantile","4","0","420013","4000","500","Complete","0.1010164","1.7E-5","0.0793997","0.0215997","0.34375","0.0","794198","4000","4.186058672517822","7.066033020998243","25.872565892706334","1.528293121197245","3.254959184947837","8","298edcccf4cb67bd1d71a2c67eaac49d9c2f065b01ce89b5a425470b4ac34246",""
"2","1","0","current","c2329aa008622953f95ab0acb344552cf2f4c9f8","752b815b612ca031ad9aa14de69534862010e68c985d7eb34455daed19a34187","vectorPerformance","mixture8","Quantile","4","1","427932","4000","500","Complete","0.0966785","1.65E-5","0.0752899","0.0213721","0.421875","0.001","793428","4000","4.1830750512240416","7.063117190644894","25.56957561795727","1.5283657513611182","3.2567621870613133","8","273d5a969b71614959a723e90feee880f8890fbdd52ed734512ecdb8349192a1",""
"2","1","0","current","c2329aa008622953f95ab0acb344552cf2f4c9f8","752b815b612ca031ad9aa14de69534862010e68c985d7eb34455daed19a34187","vectorPerformance","mixture8","Quantile","4","2","435851","4000","500","Complete","0.0985595","1.59E-5","0.0791771","0.0193665","0.375","0.001","819559","4000","13453.176078554361","13421.262962358194","9216.280792110578","1.0005674240480147","4.502788958677054","0","d8c678a9202d9a68411f907dc58204bfa1e84fa81561ad1055f777dd4b42c6f2",""
"2","1","0","current","c2329aa008622953f95ab0acb344552cf2f4c9f8","752b815b612ca031ad9aa14de69534862010e68c985d7eb34455daed19a34187","vectorPerformance","mixture8","Quantile","4","3","443770","4000","500","Complete","0.0986549","1.54E-5","0.0791599","0.0194796","0.4375","0.001","818525","4000","14133.815442025896","14200.524096105466","9050.625427824825","1.0007425189374404","4.512149086714977","0","1bb1a4f128a60c3df02103528fa01749d02171821dd07470e5dae7f5e8630625",""
"2","1","0","current","c2329aa008622953f95ab0acb344552cf2f4c9f8","752b815b612ca031ad9aa14de69534862010e68c985d7eb34455daed19a34187","vectorPerformance","mixture8","Quantile","4","4","451689","4000","500","Complete","0.1077762","1.54E-5","0.0878638","0.019897","0.4375","0.002","819229","4000","12826.818650755431","12819.884446949432","9099.649034826969","1.000430048273552","4.504000123365279","0","678212121ddd43756b45e7bd2e21e3caba79bf54b0c78a22985c55552046cf37",""
"2","1","0","current","c2329aa008622953f95ab0acb344552cf2f4c9f8","752b815b612ca031ad9aa14de69534862010e68c985d7eb34455daed19a34187","vectorPerformance","positive32","GPSS","1","-2","404175","4000","500","Complete","0.4258637","2.41E-5","0.1784981","0.2473415","0.421875","0.002","312248","4000","6.507081555422677","8.267454120088496","11.239726363241573","1.4243493212370788","0.9111742118510904","32","e1f462be7160698fc96433c37d8e6460fa2b583d96e58a05af89904985ee97c5",""
"2","1","0","current","c2329aa008622953f95ab0acb344552cf2f4c9f8","752b815b612ca031ad9aa14de69534862010e68c985d7eb34455daed19a34187","vectorPerformance","positive32","GPSS","1","-1","412094","4000","500","Complete","0.4272926","2.32E-5","0.1789328","0.2483366","0.421875","0.002","312989","4000","5.495322761597328","8.012492423835413","12.29336507256984","1.4621066333934736","0.5327465027759886","32","047503de7ceb57f45f2c33ddf27b78c64d75cb6665a40538a8909c85da9d2c02",""
"2","1","0","current","c2329aa008622953f95ab0acb344552cf2f4c9f8","752b815b612ca031ad9aa14de69534862010e68c985d7eb34455daed19a34187","vectorPerformance","positive32","GPSS","1","0","420013","4000","500","Complete","0.4287088","2.27E-5","0.1802461","0.24844","0.421875","0.002","315080","4000","5.054210848500271","6.4086389980297715","11.498400167812514","1.682066869867944","1.124774421937512","32","9182bbb858877f9a625ab3c8ae05e7120fdc466f42d5a1dceccf9395da6065e9",""
"2","1","0","current","c2329aa008622953f95ab0acb344552cf2f4c9f8","752b815b612ca031ad9aa14de69534862010e68c985d7eb34455daed19a34187","vectorPerformance","positive32","GPSS","1","1","427932","4000","500","Complete","0.4275971","2.1E-5","0.1777832","0.2497929","0.4375","0.004","310499","4000","4.949526595516298","7.4253970060875725","11.370735805288119","1.496332455560683","0.5218258205642705","32","f0d7064a140efac0e8d7992843e936b5b1ea4f33b336f96c18ed34d07d4ff733",""
"2","1","0","current","c2329aa008622953f95ab0acb344552cf2f4c9f8","752b815b612ca031ad9aa14de69534862010e68c985d7eb34455daed19a34187","vectorPerformance","positive32","GPSS","1","2","435851","4000","500","Complete","0.4349531","2.25E-5","0.1790722","0.2558584","0.4375","0.007","312895","4000","6.595439608345559","8.875134343603566","10.947737821804315","1.3815878832703925","0.38311879002350624","32","0365e43fa384cead64ff9f89d32ea3ea9edfdb1f4523fadebe6c708ca213e343",""
"2","1","0","current","c2329aa008622953f95ab0acb344552cf2f4c9f8","752b815b612ca031ad9aa14de69534862010e68c985d7eb34455daed19a34187","vectorPerformance","positive32","GPSS","1","3","443770","4000","500","Complete","0.4360484","2.43E-5","0.1850812","0.2509429","0.4375","0.005","322378","4000","4.786571198089734","5.896539279571406","11.375709989448119","1.7909712039019074","1.5561805918696656","32","6ad6daee0ad4e8690da4c2f3a9ad5ab953ab95d6f3a80ac9994366367dae6f68",""
"2","1","0","current","c2329aa008622953f95ab0acb344552cf2f4c9f8","752b815b612ca031ad9aa14de69534862010e68c985d7eb34455daed19a34187","vectorPerformance","positive32","GPSS","1","4","451689","4000","500","Complete","0.4258437","2.48E-5","0.1808044","0.2450145","0.421875","0.003","312493","4000","7.11180708957874","8.71283262637544","16.641164170760746","1.408214647506748","0.6415784047018325","32","b56b7859597de05ce23273ba96ae874e4baee6fad0f20d955b87448e5465d676",""
"2","1","0","current","c2329aa008622953f95ab0acb344552cf2f4c9f8","752b815b612ca031ad9aa14de69534862010e68c985d7eb34455daed19a34187","vectorPerformance","positive32","GPSS","2","-2","404175","4000","500","Complete","0.2539895","2.29E-5","0.1250232","0.1289434","0.5625","0.002","312248","4000","6.507081555422677","8.267454120088496","11.239726363241573","1.4243493212370788","0.9111742118510904","32","e1f462be7160698fc96433c37d8e6460fa2b583d96e58a05af89904985ee97c5",""
"2","1","0","current","c2329aa008622953f95ab0acb344552cf2f4c9f8","752b815b612ca031ad9aa14de69534862010e68c985d7eb34455daed19a34187","vectorPerformance","positive32","GPSS","2","-1","412094","4000","500","Complete","0.2525467","2.39E-5","0.11406","0.1384628","0.59375","0.004","312989","4000","5.495322761597328","8.012492423835413","12.29336507256984","1.4621066333934736","0.5327465027759886","32","047503de7ceb57f45f2c33ddf27b78c64d75cb6665a40538a8909c85da9d2c02",""
"2","1","0","current","c2329aa008622953f95ab0acb344552cf2f4c9f8","752b815b612ca031ad9aa14de69534862010e68c985d7eb34455daed19a34187","vectorPerformance","positive32","GPSS","2","0","420013","4000","500","Complete","0.2484661","2.6E-5","0.1140765","0.1343636","0.796875","0.003","315080","4000","5.054210848500271","6.4086389980297715","11.498400167812514","1.682066869867944","1.124774421937512","32","9182bbb858877f9a625ab3c8ae05e7120fdc466f42d5a1dceccf9395da6065e9",""
"2","1","0","current","c2329aa008622953f95ab0acb344552cf2f4c9f8","752b815b612ca031ad9aa14de69534862010e68c985d7eb34455daed19a34187","vectorPerformance","positive32","GPSS","2","1","427932","4000","500","Complete","0.2494591","2.45E-5","0.1141187","0.1353159","0.5","0.004","310499","4000","4.949526595516298","7.4253970060875725","11.370735805288119","1.496332455560683","0.5218258205642705","32","f0d7064a140efac0e8d7992843e936b5b1ea4f33b336f96c18ed34d07d4ff733",""
"2","1","0","current","c2329aa008622953f95ab0acb344552cf2f4c9f8","752b815b612ca031ad9aa14de69534862010e68c985d7eb34455daed19a34187","vectorPerformance","positive32","GPSS","2","2","435851","4000","500","Complete","0.2455972","2.19E-5","0.1118297","0.1337456","0.5","0.002","312895","4000","6.595439608345559","8.875134343603566","10.947737821804315","1.3815878832703925","0.38311879002350624","32","0365e43fa384cead64ff9f89d32ea3ea9edfdb1f4523fadebe6c708ca213e343",""
"2","1","0","current","c2329aa008622953f95ab0acb344552cf2f4c9f8","752b815b612ca031ad9aa14de69534862010e68c985d7eb34455daed19a34187","vectorPerformance","positive32","GPSS","2","3","443770","4000","500","Complete","0.2463262","2.66E-5","0.1148432","0.1314564","0.5","0.002","322378","4000","4.786571198089734","5.896539279571406","11.375709989448119","1.7909712039019074","1.5561805918696656","32","6ad6daee0ad4e8690da4c2f3a9ad5ab953ab95d6f3a80ac9994366367dae6f68",""
"2","1","0","current","c2329aa008622953f95ab0acb344552cf2f4c9f8","752b815b612ca031ad9aa14de69534862010e68c985d7eb34455daed19a34187","vectorPerformance","positive32","GPSS","2","4","451689","4000","500","Complete","0.2454716","2.36E-5","0.1146409","0.1308071","0.484375","0.002","312493","4000","7.11180708957874","8.71283262637544","16.641164170760746","1.408214647506748","0.6415784047018325","32","b56b7859597de05ce23273ba96ae874e4baee6fad0f20d955b87448e5465d676",""
"2","1","0","current","c2329aa008622953f95ab0acb344552cf2f4c9f8","752b815b612ca031ad9aa14de69534862010e68c985d7eb34455daed19a34187","vectorPerformance","positive32","GPSS","4","-2","404175","4000","500","Complete","0.1731035","3.22E-5","0.0989379","0.0741334","0.671875","0.004","312248","4000","6.507081555422677","8.267454120088496","11.239726363241573","1.4243493212370788","0.9111742118510904","32","e1f462be7160698fc96433c37d8e6460fa2b583d96e58a05af89904985ee97c5",""
"2","1","0","current","c2329aa008622953f95ab0acb344552cf2f4c9f8","752b815b612ca031ad9aa14de69534862010e68c985d7eb34455daed19a34187","vectorPerformance","positive32","GPSS","4","-1","412094","4000","500","Complete","0.1741701","2.28E-5","0.0934659","0.0806814","0.984375","0.005","312989","4000","5.495322761597328","8.012492423835413","12.29336507256984","1.4621066333934736","0.5327465027759886","32","047503de7ceb57f45f2c33ddf27b78c64d75cb6665a40538a8909c85da9d2c02",""
"2","1","0","current","c2329aa008622953f95ab0acb344552cf2f4c9f8","752b815b612ca031ad9aa14de69534862010e68c985d7eb34455daed19a34187","vectorPerformance","positive32","GPSS","4","0","420013","4000","500","Complete","0.1775831","2.26E-5","0.100125","0.0774355","0.6875","0.002","315080","4000","5.054210848500271","6.4086389980297715","11.498400167812514","1.682066869867944","1.124774421937512","32","9182bbb858877f9a625ab3c8ae05e7120fdc466f42d5a1dceccf9395da6065e9",""
"2","1","0","current","c2329aa008622953f95ab0acb344552cf2f4c9f8","752b815b612ca031ad9aa14de69534862010e68c985d7eb34455daed19a34187","vectorPerformance","positive32","GPSS","4","1","427932","4000","500","Complete","0.1726569","2.18E-5","0.0980725","0.0745626","0.6875","0.003","310499","4000","4.949526595516298","7.4253970060875725","11.370735805288119","1.496332455560683","0.5218258205642705","32","f0d7064a140efac0e8d7992843e936b5b1ea4f33b336f96c18ed34d07d4ff733",""
"2","1","0","current","c2329aa008622953f95ab0acb344552cf2f4c9f8","752b815b612ca031ad9aa14de69534862010e68c985d7eb34455daed19a34187","vectorPerformance","positive32","GPSS","4","2","435851","4000","500","Complete","0.17347","2.12E-5","0.0988577","0.0745911","0.640625","0.003","312895","4000","6.595439608345559","8.875134343603566","10.947737821804315","1.3815878832703925","0.38311879002350624","32","0365e43fa384cead64ff9f89d32ea3ea9edfdb1f4523fadebe6c708ca213e343",""
"2","1","0","current","c2329aa008622953f95ab0acb344552cf2f4c9f8","752b815b612ca031ad9aa14de69534862010e68c985d7eb34455daed19a34187","vectorPerformance","positive32","GPSS","4","3","443770","4000","500","Complete","0.1788965","2.35E-5","0.0994849","0.0793881","0.6875","0.005","322378","4000","4.786571198089734","5.896539279571406","11.375709989448119","1.7909712039019074","1.5561805918696656","32","6ad6daee0ad4e8690da4c2f3a9ad5ab953ab95d6f3a80ac9994366367dae6f68",""
"2","1","0","current","c2329aa008622953f95ab0acb344552cf2f4c9f8","752b815b612ca031ad9aa14de69534862010e68c985d7eb34455daed19a34187","vectorPerformance","positive32","GPSS","4","4","451689","4000","500","Complete","0.1767065","2.24E-5","0.0973322","0.0793519","0.984375","0.005","312493","4000","7.11180708957874","8.71283262637544","16.641164170760746","1.408214647506748","0.6415784047018325","32","b56b7859597de05ce23273ba96ae874e4baee6fad0f20d955b87448e5465d676",""
"2","1","0","current","c2329aa008622953f95ab0acb344552cf2f4c9f8","752b815b612ca031ad9aa14de69534862010e68c985d7eb34455daed19a34187","vectorPerformance","positive32","Quantile","1","-2","404175","4000","500","Complete","0.6675117","2.49E-5","0.4201749","0.2473119","0.640625","0.007","2332703","4000","8030.260361578566","7443.725542312934","10980.95587684255","1.0012073242374708","0.03162578897149504","0","109d1589a3cfa1856056d074588bf62a00242342be20aaa02c7f9fa0c3d02464",""
"2","1","0","current","c2329aa008622953f95ab0acb344552cf2f4c9f8","752b815b612ca031ad9aa14de69534862010e68c985d7eb34455daed19a34187","vectorPerformance","positive32","Quantile","1","-1","412094","4000","500","Complete","0.6593759","2.17E-5","0.409085","0.2502692","0.65625","0.005","2332056","4000","7849.260320702932","7497.08911341319","10218.844461352033","1.000850226319869","0.023734462941020107","0","2e7ae8f39b7d995378c03be6210919257cb3c5da65a71f7499cfe9fc1c43ddaa",""
"2","1","0","current","c2329aa008622953f95ab0acb344552cf2f4c9f8","752b815b612ca031ad9aa14de69534862010e68c985d7eb34455daed19a34187","vectorPerformance","positive32","Quantile","1","0","420013","4000","500","Complete","0.6594967","3.31E-5","0.4121344","0.2473292","0.703125","0.007","2331456","4000","8061.462008922536","7644.287188277893","10396.228328686206","1.000767355772193","0.026399068267307313","0","b1c80d02d980f561db28b8e8c75872a90bfe94527189f07f4dfe1c9226d272e5",""
"2","1","0","current","c2329aa008622953f95ab0acb344552cf2f4c9f8","752b815b612ca031ad9aa14de69534862010e68c985d7eb34455daed19a34187","vectorPerformance","positive32","Quantile","1","1","427932","4000","500","Complete","0.6593541","2.1E-5","0.4042916","0.2550415","0.65625","0.009","2330866","4000","7748.716822064378","7364.471868294603","10702.763364386927","1.0006942215274883","0.030448865944532777","0","218737eae3e2da277e8b65fe3a76bd5f04046950597185a676bdc475001c1e46",""
"2","1","0","current","c2329aa008622953f95ab0acb344552cf2f4c9f8","752b815b612ca031ad9aa14de69534862010e68c985d7eb34455daed19a34187","vectorPerformance","positive32","Quantile","1","2","435851","4000","500","Complete","0.6644434","2.12E-5","0.4164864","0.2479358","0.671875","0.008","2331863","4000","7994.761109518766","7444.795092892279","10756.070846197807","1.0010742652566522","0.026722483101742966","0","fb50892c47662c7c9c7473b45775635e782a20ef09488c3bc7f407bd559adfe3",""
"2","1","0","current","c2329aa008622953f95ab0acb344552cf2f4c9f8","752b815b612ca031ad9aa14de69534862010e68c985d7eb34455daed19a34187","vectorPerformance","positive32","Quantile","1","3","443770","4000","500","Complete","0.6582494","4.8E-5","0.4112958","0.2469056","0.65625","0.007","2331071","4000","8046.326204198977","7094.826103737033","10587.156707045673","1.0006492486922247","0.022192055198105076","0","ea829d033823c80e3ad79c2bf9f4c957103c19055e7f39ac840ae3dd8ecf7787",""
"2","1","0","current","c2329aa008622953f95ab0acb344552cf2f4c9f8","752b815b612ca031ad9aa14de69534862010e68c985d7eb34455daed19a34187","vectorPerformance","positive32","Quantile","1","4","451689","4000","500","Complete","0.6664594","2.03E-5","0.4106759","0.2557632","0.671875","0.008","2329615","4000","8049.572429524939","7585.9302215949265","10803.178568962107","1.001435614653514","0.019996657665890316","0","f2275fab90488b6e0703edb3fe7b6bef8718ce8c0b14a645dc9d2b61880d135c",""
"2","1","0","current","c2329aa008622953f95ab0acb344552cf2f4c9f8","752b815b612ca031ad9aa14de69534862010e68c985d7eb34455daed19a34187","vectorPerformance","positive32","Quantile","2","-2","404175","4000","500","Complete","0.3670723","2.06E-5","0.2395512","0.1275005","0.828125","0.005","2332703","4000","8030.260361578566","7443.725542312934","10980.95587684255","1.0012073242374708","0.03162578897149504","0","109d1589a3cfa1856056d074588bf62a00242342be20aaa02c7f9fa0c3d02464",""
"2","1","0","current","c2329aa008622953f95ab0acb344552cf2f4c9f8","752b815b612ca031ad9aa14de69534862010e68c985d7eb34455daed19a34187","vectorPerformance","positive32","Quantile","2","-1","412094","4000","500","Complete","0.355111","1.97E-5","0.225394","0.1296973","0.71875","0.006","2332056","4000","7849.260320702932","7497.08911341319","10218.844461352033","1.000850226319869","0.023734462941020107","0","2e7ae8f39b7d995378c03be6210919257cb3c5da65a71f7499cfe9fc1c43ddaa",""
"2","1","0","current","c2329aa008622953f95ab0acb344552cf2f4c9f8","752b815b612ca031ad9aa14de69534862010e68c985d7eb34455daed19a34187","vectorPerformance","positive32","Quantile","2","0","420013","4000","500","Complete","0.3556046","1.97E-5","0.2242174","0.1313675","1.046875","0.006","2331456","4000","8061.462008922536","7644.287188277893","10396.228328686206","1.000767355772193","0.026399068267307313","0","b1c80d02d980f561db28b8e8c75872a90bfe94527189f07f4dfe1c9226d272e5",""
"2","1","0","current","c2329aa008622953f95ab0acb344552cf2f4c9f8","752b815b612ca031ad9aa14de69534862010e68c985d7eb34455daed19a34187","vectorPerformance","positive32","Quantile","2","1","427932","4000","500","Complete","0.3566701","2.18E-5","0.2250344","0.1316139","0.71875","0.005","2330866","4000","7748.716822064378","7364.471868294603","10702.763364386927","1.0006942215274883","0.030448865944532777","0","218737eae3e2da277e8b65fe3a76bd5f04046950597185a676bdc475001c1e46",""
"2","1","0","current","c2329aa008622953f95ab0acb344552cf2f4c9f8","752b815b612ca031ad9aa14de69534862010e68c985d7eb34455daed19a34187","vectorPerformance","positive32","Quantile","2","2","435851","4000","500","Complete","0.3577283","1.99E-5","0.2261517","0.1315567","1.03125","0.005","2331863","4000","7994.761109518766","7444.795092892279","10756.070846197807","1.0010742652566522","0.026722483101742966","0","fb50892c47662c7c9c7473b45775635e782a20ef09488c3bc7f407bd559adfe3",""
"2","1","0","current","c2329aa008622953f95ab0acb344552cf2f4c9f8","752b815b612ca031ad9aa14de69534862010e68c985d7eb34455daed19a34187","vectorPerformance","positive32","Quantile","2","3","443770","4000","500","Complete","0.3569604","3.14E-5","0.2212267","0.1357023","0.71875","0.008","2331071","4000","8046.326204198977","7094.826103737033","10587.156707045673","1.0006492486922247","0.022192055198105076","0","ea829d033823c80e3ad79c2bf9f4c957103c19055e7f39ac840ae3dd8ecf7787",""
"2","1","0","current","c2329aa008622953f95ab0acb344552cf2f4c9f8","752b815b612ca031ad9aa14de69534862010e68c985d7eb34455daed19a34187","vectorPerformance","positive32","Quantile","2","4","451689","4000","500","Complete","0.3540189","1.94E-5","0.2241721","0.1298274","0.71875","0.006","2329615","4000","8049.572429524939","7585.9302215949265","10803.178568962107","1.001435614653514","0.019996657665890316","0","f2275fab90488b6e0703edb3fe7b6bef8718ce8c0b14a645dc9d2b61880d135c",""
"2","1","0","current","c2329aa008622953f95ab0acb344552cf2f4c9f8","752b815b612ca031ad9aa14de69534862010e68c985d7eb34455daed19a34187","vectorPerformance","positive32","Quantile","4","-2","404175","4000","500","Complete","0.2571266","2.28E-5","0.1811972","0.0759066","1.296875","0.009","2332703","4000","8030.260361578566","7443.725542312934","10980.95587684255","1.0012073242374708","0.03162578897149504","0","109d1589a3cfa1856056d074588bf62a00242342be20aaa02c7f9fa0c3d02464",""
"2","1","0","current","c2329aa008622953f95ab0acb344552cf2f4c9f8","752b815b612ca031ad9aa14de69534862010e68c985d7eb34455daed19a34187","vectorPerformance","positive32","Quantile","4","-1","412094","4000","500","Complete","0.2683826","2.13E-5","0.1842202","0.0841411","1.359375","0.009","2332056","4000","7849.260320702932","7497.08911341319","10218.844461352033","1.000850226319869","0.023734462941020107","0","2e7ae8f39b7d995378c03be6210919257cb3c5da65a71f7499cfe9fc1c43ddaa",""
"2","1","0","current","c2329aa008622953f95ab0acb344552cf2f4c9f8","752b815b612ca031ad9aa14de69534862010e68c985d7eb34455daed19a34187","vectorPerformance","positive32","Quantile","4","0","420013","4000","500","Complete","0.2546108","2.07E-5","0.1818385","0.0727516","1.0625","0.005","2331456","4000","8061.462008922536","7644.287188277893","10396.228328686206","1.000767355772193","0.026399068267307313","0","b1c80d02d980f561db28b8e8c75872a90bfe94527189f07f4dfe1c9226d272e5",""
"2","1","0","current","c2329aa008622953f95ab0acb344552cf2f4c9f8","752b815b612ca031ad9aa14de69534862010e68c985d7eb34455daed19a34187","vectorPerformance","positive32","Quantile","4","1","427932","4000","500","Complete","0.2561431","1.97E-5","0.1847218","0.0714016","1.296875","0.006","2330866","4000","7748.716822064378","7364.471868294603","10702.763364386927","1.0006942215274883","0.030448865944532777","0","218737eae3e2da277e8b65fe3a76bd5f04046950597185a676bdc475001c1e46",""
"2","1","0","current","c2329aa008622953f95ab0acb344552cf2f4c9f8","752b815b612ca031ad9aa14de69534862010e68c985d7eb34455daed19a34187","vectorPerformance","positive32","Quantile","4","2","435851","4000","500","Complete","0.2584945","2.76E-5","0.1789407","0.0795262","1.015625","0.009","2331863","4000","7994.761109518766","7444.795092892279","10756.070846197807","1.0010742652566522","0.026722483101742966","0","fb50892c47662c7c9c7473b45775635e782a20ef09488c3bc7f407bd559adfe3",""
"2","1","0","current","c2329aa008622953f95ab0acb344552cf2f4c9f8","752b815b612ca031ad9aa14de69534862010e68c985d7eb34455daed19a34187","vectorPerformance","positive32","Quantile","4","3","443770","4000","500","Complete","0.2527074","2.0E-5","0.1787272","0.0739602","1.0","0.005","2331071","4000","8046.326204198977","7094.826103737033","10587.156707045673","1.0006492486922247","0.022192055198105076","0","ea829d033823c80e3ad79c2bf9f4c957103c19055e7f39ac840ae3dd8ecf7787",""
"2","1","0","current","c2329aa008622953f95ab0acb344552cf2f4c9f8","752b815b612ca031ad9aa14de69534862010e68c985d7eb34455daed19a34187","vectorPerformance","positive32","Quantile","4","4","451689","4000","500","Complete","0.2555302","2.1E-5","0.1823106","0.0731986","1.296875","0.005","2329615","4000","8049.572429524939","7585.9302215949265","10803.178568962107","1.001435614653514","0.019996657665890316","0","f2275fab90488b6e0703edb3fe7b6bef8718ce8c0b14a645dc9d2b61880d135c",""
"3","1","1","baseline","a144eb1a4a89d4ac0912b187b851d7845716c7d8","f56ea4902f385955a8d2438bb306087ba3274848dddfdc36602d269392ab08c1","vectorPerformance","correlated32","GPSS","1","-2","404175","4000","500","Complete","0.5236592","3.4E-5","0.2174266","0.3061986","0.6875","0.005","265461","4000","645.117038188815","619.6601510130125","111.82974658890811","1.4709232708798055","0.0221888479832677","32","34ba7e81aae421fabb6d7abc8b37fed811e4c6a3b11b225e03c34135c20e5fab",""
"3","1","1","baseline","a144eb1a4a89d4ac0912b187b851d7845716c7d8","f56ea4902f385955a8d2438bb306087ba3274848dddfdc36602d269392ab08c1","vectorPerformance","correlated32","GPSS","1","-1","412094","4000","500","Complete","0.5191606","3.05E-5","0.2070664","0.3120637","0.515625","0.006","260316","4000","564.5119782236644","553.9746471274595","68.93212740164371","1.6458772028336794","0.06977010736276656","32","0dd72e443f3b53513a682dd3fda3078d30eb3ca1e5546f164ad2b8797a0cc49f",""
"3","1","1","baseline","a144eb1a4a89d4ac0912b187b851d7845716c7d8","f56ea4902f385955a8d2438bb306087ba3274848dddfdc36602d269392ab08c1","vectorPerformance","correlated32","GPSS","1","0","420013","4000","500","Complete","0.5282075","3.1E-5","0.2134281","0.3147484","0.546875","0.004","271170","4000","550.788691510793","462.92862585511017","31.898583590051008","1.6153232296497368","0.02539427674995709","32","4e32fd58fd10390b4e797c6902eed30b34036ec3e48184af25c550e5ecd201e4",""
"3","1","1","baseline","a144eb1a4a89d4ac0912b187b851d7845716c7d8","f56ea4902f385955a8d2438bb306087ba3274848dddfdc36602d269392ab08c1","vectorPerformance","correlated32","GPSS","1","1","427932","4000","500","Complete","0.5116713","3.73E-5","0.1989618","0.3126722","0.515625","0.004","243643","4000","728.9168563232058","707.6422054588379","37.327199337196575","1.394679319897266","0.014786962883091226","32","6556bc9a5258d4cf10554a8f1be0f66bc02b8dd465a89ab0179fc4a9bce27863",""
"3","1","1","baseline","a144eb1a4a89d4ac0912b187b851d7845716c7d8","f56ea4902f385955a8d2438bb306087ba3274848dddfdc36602d269392ab08c1","vectorPerformance","correlated32","GPSS","1","2","435851","4000","500","Complete","0.5141025","2.4E-5","0.2036703","0.3104082","0.515625","0.002","252525","4000","851.515000276373","802.0414367077282","72.65826721585422","1.3443798021720257","0.05441559245735261","32","241b3dbb9e14d1912d29f4167a0d49b5aac92799d098cc4aea7fd189aea591d5",""
"3","1","1","baseline","a144eb1a4a89d4ac0912b187b851d7845716c7d8","f56ea4902f385955a8d2438bb306087ba3274848dddfdc36602d269392ab08c1","vectorPerformance","correlated32","GPSS","1","3","443770","4000","500","Complete","0.5280605","2.53E-5","0.203778","0.3242572","0.53125","0.008","252476","4000","579.6107666912351","519.1606176358861","80.32525737492834","1.1037679615355824","0.05661873010414342","32","e379cb80ecf5804cc22ddf166b2fd12dfc52cf394467b1b6e6cab088cb4ce1a7",""
"3","1","1","baseline","a144eb1a4a89d4ac0912b187b851d7845716c7d8","f56ea4902f385955a8d2438bb306087ba3274848dddfdc36602d269392ab08c1","vectorPerformance","correlated32","GPSS","1","4","451689","4000","500","Complete","0.5561515","3.32E-5","0.2425134","0.3136049","0.5625","0.005","276146","4000","745.841296773472","687.9271641953604","73.67496547194912","1.1447391912214941","0.06804485983194875","32","d07f89bf5cc41c4bd92db0f6611a71a2eba9eae89a88327e3e8eeccefa31029b",""
"3","1","1","baseline","a144eb1a4a89d4ac0912b187b851d7845716c7d8","f56ea4902f385955a8d2438bb306087ba3274848dddfdc36602d269392ab08c1","vectorPerformance","correlated32","GPSS","2","-2","404175","4000","500","Complete","0.3390767","4.09E-5","0.1580127","0.1810231","0.84375","0.004","265461","4000","645.117038188815","619.6601510130125","111.82974658890811","1.4709232708798055","0.0221888479832677","32","34ba7e81aae421fabb6d7abc8b37fed811e4c6a3b11b225e03c34135c20e5fab",""
"3","1","1","baseline","a144eb1a4a89d4ac0912b187b851d7845716c7d8","f56ea4902f385955a8d2438bb306087ba3274848dddfdc36602d269392ab08c1","vectorPerformance","correlated32","GPSS","2","-1","412094","4000","500","Complete","0.3166602","3.19E-5","0.1425159","0.1741124","0.65625","0.004","260316","4000","564.5119782236644","553.9746471274595","68.93212740164371","1.6458772028336794","0.06977010736276656","32","0dd72e443f3b53513a682dd3fda3078d30eb3ca1e5546f164ad2b8797a0cc49f",""
"3","1","1","baseline","a144eb1a4a89d4ac0912b187b851d7845716c7d8","f56ea4902f385955a8d2438bb306087ba3274848dddfdc36602d269392ab08c1","vectorPerformance","correlated32","GPSS","2","0","420013","4000","500","Complete","0.3054155","3.46E-5","0.1431095","0.1622714","0.625","0.002","271170","4000","550.788691510793","462.92862585511017","31.898583590051008","1.6153232296497368","0.02539427674995709","32","4e32fd58fd10390b4e797c6902eed30b34036ec3e48184af25c550e5ecd201e4",""
"3","1","1","baseline","a144eb1a4a89d4ac0912b187b851d7845716c7d8","f56ea4902f385955a8d2438bb306087ba3274848dddfdc36602d269392ab08c1","vectorPerformance","correlated32","GPSS","2","1","427932","4000","500","Complete","0.2996599","3.95E-5","0.1290819","0.1705385","0.921875","0.004","243643","4000","728.9168563232058","707.6422054588379","37.327199337196575","1.394679319897266","0.014786962883091226","32","6556bc9a5258d4cf10554a8f1be0f66bc02b8dd465a89ab0179fc4a9bce27863",""
"3","1","1","baseline","a144eb1a4a89d4ac0912b187b851d7845716c7d8","f56ea4902f385955a8d2438bb306087ba3274848dddfdc36602d269392ab08c1","vectorPerformance","correlated32","GPSS","2","2","435851","4000","500","Complete","0.3227393","2.49E-5","0.1595464","0.163168","0.625","0.004","252525","4000","851.515000276373","802.0414367077282","72.65826721585422","1.3443798021720257","0.05441559245735261","32","241b3dbb9e14d1912d29f4167a0d49b5aac92799d098cc4aea7fd189aea591d5",""
"3","1","1","baseline","a144eb1a4a89d4ac0912b187b851d7845716c7d8","f56ea4902f385955a8d2438bb306087ba3274848dddfdc36602d269392ab08c1","vectorPerformance","correlated32","GPSS","2","3","443770","4000","500","Complete","0.3041741","3.45E-5","0.1352668","0.1688728","0.921875","0.004","252476","4000","579.6107666912351","519.1606176358861","80.32525737492834","1.1037679615355824","0.05661873010414342","32","e379cb80ecf5804cc22ddf166b2fd12dfc52cf394467b1b6e6cab088cb4ce1a7",""
"3","1","1","baseline","a144eb1a4a89d4ac0912b187b851d7845716c7d8","f56ea4902f385955a8d2438bb306087ba3274848dddfdc36602d269392ab08c1","vectorPerformance","correlated32","GPSS","2","4","451689","4000","500","Complete","0.3345737","3.11E-5","0.1651652","0.1693774","0.65625","0.005","276146","4000","745.841296773472","687.9271641953604","73.67496547194912","1.1447391912214941","0.06804485983194875","32","d07f89bf5cc41c4bd92db0f6611a71a2eba9eae89a88327e3e8eeccefa31029b",""
"3","1","1","baseline","a144eb1a4a89d4ac0912b187b851d7845716c7d8","f56ea4902f385955a8d2438bb306087ba3274848dddfdc36602d269392ab08c1","vectorPerformance","correlated32","GPSS","4","-2","404175","4000","500","Complete","0.2268556","3.17E-5","0.1354143","0.0914096","0.890625","0.003","265461","4000","645.117038188815","619.6601510130125","111.82974658890811","1.4709232708798055","0.0221888479832677","32","34ba7e81aae421fabb6d7abc8b37fed811e4c6a3b11b225e03c34135c20e5fab",""
"3","1","1","baseline","a144eb1a4a89d4ac0912b187b851d7845716c7d8","f56ea4902f385955a8d2438bb306087ba3274848dddfdc36602d269392ab08c1","vectorPerformance","correlated32","GPSS","4","-1","412094","4000","500","Complete","0.2306904","3.02E-5","0.1315303","0.0991299","1.15625","0.006","260316","4000","564.5119782236644","553.9746471274595","68.93212740164371","1.6458772028336794","0.06977010736276656","32","0dd72e443f3b53513a682dd3fda3078d30eb3ca1e5546f164ad2b8797a0cc49f",""
"3","1","1","baseline","a144eb1a4a89d4ac0912b187b851d7845716c7d8","f56ea4902f385955a8d2438bb306087ba3274848dddfdc36602d269392ab08c1","vectorPerformance","correlated32","GPSS","4","0","420013","4000","500","Complete","0.2324233","3.05E-5","0.1401393","0.0922535","0.921875","0.003","271170","4000","550.788691510793","462.92862585511017","31.898583590051008","1.6153232296497368","0.02539427674995709","32","4e32fd58fd10390b4e797c6902eed30b34036ec3e48184af25c550e5ecd201e4",""
"3","1","1","baseline","a144eb1a4a89d4ac0912b187b851d7845716c7d8","f56ea4902f385955a8d2438bb306087ba3274848dddfdc36602d269392ab08c1","vectorPerformance","correlated32","GPSS","4","1","427932","4000","500","Complete","0.2193839","3.4E-5","0.1221777","0.0971722","0.828125","0.005","243643","4000","728.9168563232058","707.6422054588379","37.327199337196575","1.394679319897266","0.014786962883091226","32","6556bc9a5258d4cf10554a8f1be0f66bc02b8dd465a89ab0179fc4a9bce27863",""
"3","1","1","baseline","a144eb1a4a89d4ac0912b187b851d7845716c7d8","f56ea4902f385955a8d2438bb306087ba3274848dddfdc36602d269392ab08c1","vectorPerformance","correlated32","GPSS","4","2","435851","4000","500","Complete","0.2295737","5.1E-5","0.131664","0.0978587","0.84375","0.005","252525","4000","851.515000276373","802.0414367077282","72.65826721585422","1.3443798021720257","0.05441559245735261","32","241b3dbb9e14d1912d29f4167a0d49b5aac92799d098cc4aea7fd189aea591d5",""
"3","1","1","baseline","a144eb1a4a89d4ac0912b187b851d7845716c7d8","f56ea4902f385955a8d2438bb306087ba3274848dddfdc36602d269392ab08c1","vectorPerformance","correlated32","GPSS","4","3","443770","4000","500","Complete","0.2196742","5.94E-5","0.1314803","0.0881345","0.84375","0.005","252476","4000","579.6107666912351","519.1606176358861","80.32525737492834","1.1037679615355824","0.05661873010414342","32","e379cb80ecf5804cc22ddf166b2fd12dfc52cf394467b1b6e6cab088cb4ce1a7",""
"3","1","1","baseline","a144eb1a4a89d4ac0912b187b851d7845716c7d8","f56ea4902f385955a8d2438bb306087ba3274848dddfdc36602d269392ab08c1","vectorPerformance","correlated32","GPSS","4","4","451689","4000","500","Complete","0.2593356","2.35E-5","0.1571994","0.1021127","0.96875","0.006","276146","4000","745.841296773472","687.9271641953604","73.67496547194912","1.1447391912214941","0.06804485983194875","32","d07f89bf5cc41c4bd92db0f6611a71a2eba9eae89a88327e3e8eeccefa31029b",""
"3","1","1","baseline","a144eb1a4a89d4ac0912b187b851d7845716c7d8","f56ea4902f385955a8d2438bb306087ba3274848dddfdc36602d269392ab08c1","vectorPerformance","correlated32","Quantile","1","-2","404175","4000","500","Complete","1.5834992","1.99E-5","1.2665136","0.3169657","1.609375","0.021","3282856","4000","23.797668269094697","23.991783455481954","49.25430937145106","1.1516283632440742","0.3728865535403717","32","a76e28f6e88c6be3891bdc833beb8d8d0a1740b95f0935a4806e8ab65d3c899c",""
"3","1","1","baseline","a144eb1a4a89d4ac0912b187b851d7845716c7d8","f56ea4902f385955a8d2438bb306087ba3274848dddfdc36602d269392ab08c1","vectorPerformance","correlated32","Quantile","1","-1","412094","4000","500","Complete","1.5425898","2.13E-5","1.225433","0.3171355","1.546875","0.018","3230583","4000","31.726513907349148","31.532168002260388","97.16989966673968","1.0798839490509835","0.08306741567350584","32","f9ed8df14134bddcfbb2d40aa6e479cfbaad40e1882750767724d2bc52df3b34",""
"3","1","1","baseline","a144eb1a4a89d4ac0912b187b851d7845716c7d8","f56ea4902f385955a8d2438bb306087ba3274848dddfdc36602d269392ab08c1","vectorPerformance","correlated32","Quantile","1","0","420013","4000","500","Complete","1.5455787","2.73E-5","1.230567","0.3149844","2.234375","0.021","3251733","4000","36.23737925347603","37.074760300245536","94.41153342442881","1.094481746270784","0.006936160462634622","32","70f5117f96cd02d2870b347963ec61f489004b4e752f979286b6bbb78357a72b",""
"3","1","1","baseline","a144eb1a4a89d4ac0912b187b851d7845716c7d8","f56ea4902f385955a8d2438bb306087ba3274848dddfdc36602d269392ab08c1","vectorPerformance","correlated32","Quantile","1","1","427932","4000","500","Complete","1.536983","1.98E-5","1.2258832","0.31108","1.90625","0.018","3236479","4000","31.801672449893193","32.058114379350506","84.74388663935426","1.0852433257313874","0.03363458703623934","32","9361e774d845e114d77fdb68cfdc974ca4f240b9ee801485b53bd51fdc75e4ee",""
"3","1","1","baseline","a144eb1a4a89d4ac0912b187b851d7845716c7d8","f56ea4902f385955a8d2438bb306087ba3274848dddfdc36602d269392ab08c1","vectorPerformance","correlated32","Quantile","1","2","435851","4000","500","Complete","1.5426578","2.07E-5","1.2192711","0.323366","1.875","0.018","3213584","4000","18.827593772089372","19.418977153927276","144.36214774069362","1.1856715933721973","0.22462708158086309","32","be8072aea54a06faab2c2090774614aa1ad4df6564d26d325be8e1037fc3c851",""
"3","1","1","baseline","a144eb1a4a89d4ac0912b187b851d7845716c7d8","f56ea4902f385955a8d2438bb306087ba3274848dddfdc36602d269392ab08c1","vectorPerformance","correlated32","Quantile","1","3","443770","4000","500","Complete","1.5826771","1.99E-5","1.2579455","0.3247117","2.0625","0.019","3292746","4000","8.551688513959126","8.66542172384507","23.37880092498311","1.3883316083476982","0.08359316129464744","32","3ae74ba297dfc21cabfcf0707b44b409c98d3bd3f9dfc2b6af98aa1fde2b375a",""
"3","1","1","baseline","a144eb1a4a89d4ac0912b187b851d7845716c7d8","f56ea4902f385955a8d2438bb306087ba3274848dddfdc36602d269392ab08c1","vectorPerformance","correlated32","Quantile","1","4","451689","4000","500","Complete","1.5414045","2.31E-5","1.2176682","0.3237132","1.875","0.02","3210555","4000","32.00943946980557","33.91863557210035","93.00550074538009","1.0837128123690845","0.1407722816405288","32","6de2fd21c7960b9d9708ca419e8aba6e1a90d027a2db52b77e66a4a749ca160e",""
"3","1","1","baseline","a144eb1a4a89d4ac0912b187b851d7845716c7d8","f56ea4902f385955a8d2438bb306087ba3274848dddfdc36602d269392ab08c1","vectorPerformance","correlated32","Quantile","2","-2","404175","4000","500","Complete","1.070564","2.04E-5","0.9002678","0.1702758","2.421875","0.022","3282856","4000","23.797668269094697","23.991783455481954","49.25430937145106","1.1516283632440742","0.3728865535403717","32","a76e28f6e88c6be3891bdc833beb8d8d0a1740b95f0935a4806e8ab65d3c899c",""
"3","1","1","baseline","a144eb1a4a89d4ac0912b187b851d7845716c7d8","f56ea4902f385955a8d2438bb306087ba3274848dddfdc36602d269392ab08c1","vectorPerformance","correlated32","Quantile","2","-1","412094","4000","500","Complete","1.036121","2.01E-5","0.867456","0.1686449","2.046875","0.017","3230583","4000","31.726513907349148","31.532168002260388","97.16989966673968","1.0798839490509835","0.08306741567350584","32","f9ed8df14134bddcfbb2d40aa6e479cfbaad40e1882750767724d2bc52df3b34",""
"3","1","1","baseline","a144eb1a4a89d4ac0912b187b851d7845716c7d8","f56ea4902f385955a8d2438bb306087ba3274848dddfdc36602d269392ab08c1","vectorPerformance","correlated32","Quantile","2","0","420013","4000","500","Complete","1.0265973","2.34E-5","0.862023","0.1645509","2.0625","0.018","3251733","4000","36.23737925347603","37.074760300245536","94.41153342442881","1.094481746270784","0.006936160462634622","32","70f5117f96cd02d2870b347963ec61f489004b4e752f979286b6bbb78357a72b",""
"3","1","1","baseline","a144eb1a4a89d4ac0912b187b851d7845716c7d8","f56ea4902f385955a8d2438bb306087ba3274848dddfdc36602d269392ab08c1","vectorPerformance","correlated32","Quantile","2","1","427932","4000","500","Complete","1.0308447","2.7E-5","0.8654357","0.165382","2.4375","0.018","3236479","4000","31.801672449893193","32.058114379350506","84.74388663935426","1.0852433257313874","0.03363458703623934","32","9361e774d845e114d77fdb68cfdc974ca4f240b9ee801485b53bd51fdc75e4ee",""
"3","1","1","baseline","a144eb1a4a89d4ac0912b187b851d7845716c7d8","f56ea4902f385955a8d2438bb306087ba3274848dddfdc36602d269392ab08c1","vectorPerformance","correlated32","Quantile","2","2","435851","4000","500","Complete","1.0331281","2.13E-5","0.8648241","0.1682827","2.546875","0.018","3213584","4000","18.827593772089372","19.418977153927276","144.36214774069362","1.1856715933721973","0.22462708158086309","32","be8072aea54a06faab2c2090774614aa1ad4df6564d26d325be8e1037fc3c851",""
"3","1","1","baseline","a144eb1a4a89d4ac0912b187b851d7845716c7d8","f56ea4902f385955a8d2438bb306087ba3274848dddfdc36602d269392ab08c1","vectorPerformance","correlated32","Quantile","2","3","443770","4000","500","Complete","1.0461221","2.2E-5","0.8767442","0.1693559","2.75","0.018","3292746","4000","8.551688513959126","8.66542172384507","23.37880092498311","1.3883316083476982","0.08359316129464744","32","3ae74ba297dfc21cabfcf0707b44b409c98d3bd3f9dfc2b6af98aa1fde2b375a",""
"3","1","1","baseline","a144eb1a4a89d4ac0912b187b851d7845716c7d8","f56ea4902f385955a8d2438bb306087ba3274848dddfdc36602d269392ab08c1","vectorPerformance","correlated32","Quantile","2","4","451689","4000","500","Complete","1.0313694","2.13E-5","0.8597532","0.1715949","2.296875","0.021","3210555","4000","32.00943946980557","33.91863557210035","93.00550074538009","1.0837128123690845","0.1407722816405288","32","6de2fd21c7960b9d9708ca419e8aba6e1a90d027a2db52b77e66a4a749ca160e",""
"3","1","1","baseline","a144eb1a4a89d4ac0912b187b851d7845716c7d8","f56ea4902f385955a8d2438bb306087ba3274848dddfdc36602d269392ab08c1","vectorPerformance","correlated32","Quantile","4","-2","404175","4000","500","Complete","0.9632989","3.07E-5","0.8688406","0.0944276","4.46875","0.021","3282856","4000","23.797668269094697","23.991783455481954","49.25430937145106","1.1516283632440742","0.3728865535403717","32","a76e28f6e88c6be3891bdc833beb8d8d0a1740b95f0935a4806e8ab65d3c899c",""
"3","1","1","baseline","a144eb1a4a89d4ac0912b187b851d7845716c7d8","f56ea4902f385955a8d2438bb306087ba3274848dddfdc36602d269392ab08c1","vectorPerformance","correlated32","Quantile","4","-1","412094","4000","500","Complete","0.9015522","3.69E-5","0.8027603","0.098755","3.921875","0.019","3230583","4000","31.726513907349148","31.532168002260388","97.16989966673968","1.0798839490509835","0.08306741567350584","32","f9ed8df14134bddcfbb2d40aa6e479cfbaad40e1882750767724d2bc52df3b34",""
"3","1","1","baseline","a144eb1a4a89d4ac0912b187b851d7845716c7d8","f56ea4902f385955a8d2438bb306087ba3274848dddfdc36602d269392ab08c1","vectorPerformance","correlated32","Quantile","4","0","420013","4000","500","Complete","0.9206962","2.15E-5","0.8271953","0.0934794","3.9375","0.018","3251733","4000","36.23737925347603","37.074760300245536","94.41153342442881","1.094481746270784","0.006936160462634622","32","70f5117f96cd02d2870b347963ec61f489004b4e752f979286b6bbb78357a72b",""
"3","1","1","baseline","a144eb1a4a89d4ac0912b187b851d7845716c7d8","f56ea4902f385955a8d2438bb306087ba3274848dddfdc36602d269392ab08c1","vectorPerformance","correlated32","Quantile","4","1","427932","4000","500","Complete","0.9127863","1.95E-5","0.8153612","0.0974056","3.890625","0.017","3236479","4000","31.801672449893193","32.058114379350506","84.74388663935426","1.0852433257313874","0.03363458703623934","32","9361e774d845e114d77fdb68cfdc974ca4f240b9ee801485b53bd51fdc75e4ee",""
"3","1","1","baseline","a144eb1a4a89d4ac0912b187b851d7845716c7d8","f56ea4902f385955a8d2438bb306087ba3274848dddfdc36602d269392ab08c1","vectorPerformance","correlated32","Quantile","4","2","435851","4000","500","Complete","0.905023","1.98E-5","0.8107086","0.0942946","3.515625","0.017","3213584","4000","18.827593772089372","19.418977153927276","144.36214774069362","1.1856715933721973","0.22462708158086309","32","be8072aea54a06faab2c2090774614aa1ad4df6564d26d325be8e1037fc3c851",""
"3","1","1","baseline","a144eb1a4a89d4ac0912b187b851d7845716c7d8","f56ea4902f385955a8d2438bb306087ba3274848dddfdc36602d269392ab08c1","vectorPerformance","correlated32","Quantile","4","3","443770","4000","500","Complete","0.9359031","2.12E-5","0.833479","0.1024029","4.1875","0.02","3292746","4000","8.551688513959126","8.66542172384507","23.37880092498311","1.3883316083476982","0.08359316129464744","32","3ae74ba297dfc21cabfcf0707b44b409c98d3bd3f9dfc2b6af98aa1fde2b375a",""
"3","1","1","baseline","a144eb1a4a89d4ac0912b187b851d7845716c7d8","f56ea4902f385955a8d2438bb306087ba3274848dddfdc36602d269392ab08c1","vectorPerformance","correlated32","Quantile","4","4","451689","4000","500","Complete","0.9307759","2.07E-5","0.8298674","0.1008878","4.015625","0.019","3210555","4000","32.00943946980557","33.91863557210035","93.00550074538009","1.0837128123690845","0.1407722816405288","32","6de2fd21c7960b9d9708ca419e8aba6e1a90d027a2db52b77e66a4a749ca160e",""
"3","1","1","baseline","a144eb1a4a89d4ac0912b187b851d7845716c7d8","f56ea4902f385955a8d2438bb306087ba3274848dddfdc36602d269392ab08c1","vectorPerformance","gaussian32","GPSS","1","-2","404175","4000","500","Complete","0.4275226","6.04E-5","0.1003458","0.3271164","0.515625","0.003","139155","4000","14560.87743232489","14566.888663880416","9030.296419517286","1.0011086994050007","0.013020088729037094","0","f3ae7e88a3469d95a481057ff78725be41612c1e7bdf2f3d1a7c73f5a42981cf",""
"3","1","1","baseline","a144eb1a4a89d4ac0912b187b851d7845716c7d8","f56ea4902f385955a8d2438bb306087ba3274848dddfdc36602d269392ab08c1","vectorPerformance","gaussian32","GPSS","1","-1","412094","4000","500","Complete","0.4416397","4.74E-5","0.1020959","0.3394964","0.453125","0.004","138730","4000","14723.327722756223","14738.615855733822","8857.898575485036","1.0012097458367082","0.014860253936955947","0","6d85793e19e5639b0a7430ab942ac98e6519fa4be0fbcee8a8930a2af289299d",""
"3","1","1","baseline","a144eb1a4a89d4ac0912b187b851d7845716c7d8","f56ea4902f385955a8d2438bb306087ba3274848dddfdc36602d269392ab08c1","vectorPerformance","gaussian32","GPSS","1","0","420013","4000","500","Complete","0.4300452","5.24E-5","0.098923","0.3310698","0.421875","0.004","138723","4000","14789.309502344258","14770.299991933614","8878.031772176253","1.0012114173589253","0.02042856356087519","0","fb030bc811389f4cc0c40b053f280c25c0c5e58babb6d5eb761947efb8511783",""
"3","1","1","baseline","a144eb1a4a89d4ac0912b187b851d7845716c7d8","f56ea4902f385955a8d2438bb306087ba3274848dddfdc36602d269392ab08c1","vectorPerformance","gaussian32","GPSS","1","1","427932","4000","500","Complete","0.4271447","3.75E-5","0.1006744","0.3264328","0.46875","0.003","138788","4000","15028.158264845573","15037.33690560915","9075.6220980371","1.0011653829278853","0.016607695975976222","0","3d0bccbf5e695e5e8a5d89fa29a1a353b231a8693474ffa5e1944f58eee51881",""
"3","1","1","baseline","a144eb1a4a89d4ac0912b187b851d7845716c7d8","f56ea4902f385955a8d2438bb306087ba3274848dddfdc36602d269392ab08c1","vectorPerformance","gaussian32","GPSS","1","2","435851","4000","500","Complete","0.4287399","3.54E-5","0.0984587","0.3302458","0.4375","0.004","138703","4000","14933.892470949851","14950.607747787408","8635.192267898514","1.001735370997425","0.021490044822388643","0","603bdfe20f551e62d9c5fbc68e896eb978d3c40134ec7e7cbc17b062760b5957",""
"3","1","1","baseline","a144eb1a4a89d4ac0912b187b851d7845716c7d8","f56ea4902f385955a8d2438bb306087ba3274848dddfdc36602d269392ab08c1","vectorPerformance","gaussian32","GPSS","1","3","443770","4000","500","Complete","0.446625","4.22E-5","0.1049008","0.341682","0.515625","0.006","138777","4000","15223.671841621832","15221.605805391002","9210.378340418303","1.0015395267295784","0.016172276604625724","0","2ead94f9fc645301334f7309cfcc4f5b6e54cfdca48deed2f7e56fe38456b29a",""
"3","1","1","baseline","a144eb1a4a89d4ac0912b187b851d7845716c7d8","f56ea4902f385955a8d2438bb306087ba3274848dddfdc36602d269392ab08c1","vectorPerformance","gaussian32","GPSS","1","4","451689","4000","500","Complete","0.4324192","4.11E-5","0.0993967","0.3329814","0.4375","0.008","138750","4000","14345.553258947568","14342.778169951296","8945.28266108745","1.0011866456042022","0.01864774016529802","0","d4278b864a0c0454d1730a6de2433aebfa0ebf5de90d82ef8563be3b95ce2d1a",""
"3","1","1","baseline","a144eb1a4a89d4ac0912b187b851d7845716c7d8","f56ea4902f385955a8d2438bb306087ba3274848dddfdc36602d269392ab08c1","vectorPerformance","gaussian32","GPSS","2","-2","404175","4000","500","Complete","0.2437924","8.09E-5","0.0669521","0.1767594","0.53125","0.004","139155","4000","14560.87743232489","14566.888663880416","9030.296419517286","1.0011086994050007","0.013020088729037094","0","f3ae7e88a3469d95a481057ff78725be41612c1e7bdf2f3d1a7c73f5a42981cf",""
"3","1","1","baseline","a144eb1a4a89d4ac0912b187b851d7845716c7d8","f56ea4902f385955a8d2438bb306087ba3274848dddfdc36602d269392ab08c1","vectorPerformance","gaussian32","GPSS","2","-1","412094","4000","500","Complete","0.2405234","4.12E-5","0.0637497","0.1767325","0.53125","0.004","138730","4000","14723.327722756223","14738.615855733822","8857.898575485036","1.0012097458367082","0.014860253936955947","0","6d85793e19e5639b0a7430ab942ac98e6519fa4be0fbcee8a8930a2af289299d",""
"3","1","1","baseline","a144eb1a4a89d4ac0912b187b851d7845716c7d8","f56ea4902f385955a8d2438bb306087ba3274848dddfdc36602d269392ab08c1","vectorPerformance","gaussian32","GPSS","2","0","420013","4000","500","Complete","0.2409925","3.85E-5","0.0653181","0.1756359","0.5","0.004","138723","4000","14789.309502344258","14770.299991933614","8878.031772176253","1.0012114173589253","0.02042856356087519","0","fb030bc811389f4cc0c40b053f280c25c0c5e58babb6d5eb761947efb8511783",""
"3","1","1","baseline","a144eb1a4a89d4ac0912b187b851d7845716c7d8","f56ea4902f385955a8d2438bb306087ba3274848dddfdc36602d269392ab08c1","vectorPerformance","gaussian32","GPSS","2","1","427932","4000","500","Complete","0.2410423","3.56E-5","0.0654919","0.1755148","0.46875","0.004","138788","4000","15028.158264845573","15037.33690560915","9075.6220980371","1.0011653829278853","0.016607695975976222","0","3d0bccbf5e695e5e8a5d89fa29a1a353b231a8693474ffa5e1944f58eee51881",""
"3","1","1","baseline","a144eb1a4a89d4ac0912b187b851d7845716c7d8","f56ea4902f385955a8d2438bb306087ba3274848dddfdc36602d269392ab08c1","vectorPerformance","gaussian32","GPSS","2","2","435851","4000","500","Complete","0.236746","3.68E-5","0.0651863","0.1715229","0.46875","0.004","138703","4000","14933.892470949851","14950.607747787408","8635.192267898514","1.001735370997425","0.021490044822388643","0","603bdfe20f551e62d9c5fbc68e896eb978d3c40134ec7e7cbc17b062760b5957",""
"3","1","1","baseline","a144eb1a4a89d4ac0912b187b851d7845716c7d8","f56ea4902f385955a8d2438bb306087ba3274848dddfdc36602d269392ab08c1","vectorPerformance","gaussian32","GPSS","2","3","443770","4000","500","Complete","0.2389254","3.64E-5","0.0670219","0.1718671","0.46875","0.004","138777","4000","15223.671841621832","15221.605805391002","9210.378340418303","1.0015395267295784","0.016172276604625724","0","2ead94f9fc645301334f7309cfcc4f5b6e54cfdca48deed2f7e56fe38456b29a",""
"3","1","1","baseline","a144eb1a4a89d4ac0912b187b851d7845716c7d8","f56ea4902f385955a8d2438bb306087ba3274848dddfdc36602d269392ab08c1","vectorPerformance","gaussian32","GPSS","2","4","451689","4000","500","Complete","0.2444317","4.56E-5","0.0690035","0.1753826","0.46875","0.004","138750","4000","14345.553258947568","14342.778169951296","8945.28266108745","1.0011866456042022","0.01864774016529802","0","d4278b864a0c0454d1730a6de2433aebfa0ebf5de90d82ef8563be3b95ce2d1a",""
"3","1","1","baseline","a144eb1a4a89d4ac0912b187b851d7845716c7d8","f56ea4902f385955a8d2438bb306087ba3274848dddfdc36602d269392ab08c1","vectorPerformance","gaussian32","GPSS","4","-2","404175","4000","500","Complete","0.1596397","3.94E-5","0.0629539","0.0966464","0.921875","0.005","139155","4000","14560.87743232489","14566.888663880416","9030.296419517286","1.0011086994050007","0.013020088729037094","0","f3ae7e88a3469d95a481057ff78725be41612c1e7bdf2f3d1a7c73f5a42981cf",""
"3","1","1","baseline","a144eb1a4a89d4ac0912b187b851d7845716c7d8","f56ea4902f385955a8d2438bb306087ba3274848dddfdc36602d269392ab08c1","vectorPerformance","gaussian32","GPSS","4","-1","412094","4000","500","Complete","0.157701","5.35E-5","0.0622566","0.0953909","0.625","0.003","138730","4000","14723.327722756223","14738.615855733822","8857.898575485036","1.0012097458367082","0.014860253936955947","0","6d85793e19e5639b0a7430ab942ac98e6519fa4be0fbcee8a8930a2af289299d",""
"3","1","1","baseline","a144eb1a4a89d4ac0912b187b851d7845716c7d8","f56ea4902f385955a8d2438bb306087ba3274848dddfdc36602d269392ab08c1","vectorPerformance","gaussian32","GPSS","4","0","420013","4000","500","Complete","0.1578056","3.57E-5","0.0606893","0.0970806","0.9375","0.004","138723","4000","14789.309502344258","14770.299991933614","8878.031772176253","1.0012114173589253","0.02042856356087519","0","fb030bc811389f4cc0c40b053f280c25c0c5e58babb6d5eb761947efb8511783",""
"3","1","1","baseline","a144eb1a4a89d4ac0912b187b851d7845716c7d8","f56ea4902f385955a8d2438bb306087ba3274848dddfdc36602d269392ab08c1","vectorPerformance","gaussian32","GPSS","4","1","427932","4000","500","Complete","0.1605167","3.9E-5","0.0594144","0.1010633","0.609375","0.004","138788","4000","15028.158264845573","15037.33690560915","9075.6220980371","1.0011653829278853","0.016607695975976222","0","3d0bccbf5e695e5e8a5d89fa29a1a353b231a8693474ffa5e1944f58eee51881",""
"3","1","1","baseline","a144eb1a4a89d4ac0912b187b851d7845716c7d8","f56ea4902f385955a8d2438bb306087ba3274848dddfdc36602d269392ab08c1","vectorPerformance","gaussian32","GPSS","4","2","435851","4000","500","Complete","0.157852","3.9E-5","0.0634591","0.0943539","0.625","0.003","138703","4000","14933.892470949851","14950.607747787408","8635.192267898514","1.001735370997425","0.021490044822388643","0","603bdfe20f551e62d9c5fbc68e896eb978d3c40134ec7e7cbc17b062760b5957",""
"3","1","1","baseline","a144eb1a4a89d4ac0912b187b851d7845716c7d8","f56ea4902f385955a8d2438bb306087ba3274848dddfdc36602d269392ab08c1","vectorPerformance","gaussian32","GPSS","4","3","443770","4000","500","Complete","0.1555505","3.79E-5","0.0620859","0.0934267","0.65625","0.003","138777","4000","15223.671841621832","15221.605805391002","9210.378340418303","1.0015395267295784","0.016172276604625724","0","2ead94f9fc645301334f7309cfcc4f5b6e54cfdca48deed2f7e56fe38456b29a",""
"3","1","1","baseline","a144eb1a4a89d4ac0912b187b851d7845716c7d8","f56ea4902f385955a8d2438bb306087ba3274848dddfdc36602d269392ab08c1","vectorPerformance","gaussian32","GPSS","4","4","451689","4000","500","Complete","0.1561801","3.88E-5","0.0624302","0.0937111","0.578125","0.003","138750","4000","14345.553258947568","14342.778169951296","8945.28266108745","1.0011866456042022","0.01864774016529802","0","d4278b864a0c0454d1730a6de2433aebfa0ebf5de90d82ef8563be3b95ce2d1a",""
"3","1","1","baseline","a144eb1a4a89d4ac0912b187b851d7845716c7d8","f56ea4902f385955a8d2438bb306087ba3274848dddfdc36602d269392ab08c1","vectorPerformance","gaussian32","Quantile","1","-2","404175","4000","500","Complete","0.7414613","3.03E-5","0.4058876","0.3355434","0.875","0.013","1753214","4000","15219.008327321226","15213.744919585897","12194.607218487616","1.0007110848254097","0.01623649007724448","0","cecc6b4fda00565adaade6079bd9a81eec1cb5425a7364f3a4652f8f1fe688e7",""
"3","1","1","baseline","a144eb1a4a89d4ac0912b187b851d7845716c7d8","f56ea4902f385955a8d2438bb306087ba3274848dddfdc36602d269392ab08c1","vectorPerformance","gaussian32","Quantile","1","-1","412094","4000","500","Complete","0.7444521","2.73E-5","0.4138161","0.3306087","1.4375","0.012","1754500","4000","14374.340793710559","14390.679914776822","12593.727427588436","1.0005481375625007","0.020322296447435884","0","710b12b4b32c1d00e33cda313ee3aca4afb06968f65bf5b1d672fd6109f4f43f",""
"3","1","1","baseline","a144eb1a4a89d4ac0912b187b851d7845716c7d8","f56ea4902f385955a8d2438bb306087ba3274848dddfdc36602d269392ab08c1","vectorPerformance","gaussian32","Quantile","1","0","420013","4000","500","Complete","0.7498764","2.87E-5","0.418408","0.3314397","0.734375","0.009","1751135","4000","14804.415700401843","14796.384417892554","11674.348877600554","1.0004842070731996","0.017149474216242355","0","7163a65543816d08a23c844d2762c1967e2f734b4748129ec7bdf89e140df8b4",""
"3","1","1","baseline","a144eb1a4a89d4ac0912b187b851d7845716c7d8","f56ea4902f385955a8d2438bb306087ba3274848dddfdc36602d269392ab08c1","vectorPerformance","gaussian32","Quantile","1","1","427932","4000","500","Complete","0.7326979","3.03E-5","0.405943","0.3267246","1.40625","0.012","1751119","4000","15119.429112419593","15129.482098788952","12424.352542458728","1.000588248721186","0.024238503591598903","0","e468486f9c3bce272356b47328af805b6315b0ce0dcec0ba389ad1cc6e773090",""
"3","1","1","baseline","a144eb1a4a89d4ac0912b187b851d7845716c7d8","f56ea4902f385955a8d2438bb306087ba3274848dddfdc36602d269392ab08c1","vectorPerformance","gaussian32","Quantile","1","2","435851","4000","500","Complete","0.7349603","2.99E-5","0.4073617","0.3275687","0.75","0.009","1754043","4000","14654.09636813213","14648.796726473445","11630.775114295944","1.0006045524861327","0.019982935899345466","0","f17849dd0d6937ddb28ce5136301623e9a5b8e9dd4ad54fb96a198cfdc5f0c6a",""
"3","1","1","baseline","a144eb1a4a89d4ac0912b187b851d7845716c7d8","f56ea4902f385955a8d2438bb306087ba3274848dddfdc36602d269392ab08c1","vectorPerformance","gaussian32","Quantile","1","3","443770","4000","500","Complete","0.7424578","2.72E-5","0.4121348","0.3302958","1.4375","0.01","1754067","4000","14670.955292689816","14672.094230083088","12113.52110906072","1.0003997605716526","0.012117200485737945","0","8d191d73493e7fb3ede8cea18ccac7e017f7700706ef9c9f8b699e07b2804d14",""
"3","1","1","baseline","a144eb1a4a89d4ac0912b187b851d7845716c7d8","f56ea4902f385955a8d2438bb306087ba3274848dddfdc36602d269392ab08c1","vectorPerformance","gaussian32","Quantile","1","4","451689","4000","500","Complete","0.7372354","2.78E-5","0.4066712","0.3305364","0.734375","0.009","1751661","4000","14424.859583462046","14417.997752939862","12128.296452895833","1.0007982696988702","0.02835365482901797","0","b8ea3b62393883b214271958061a644368686dc583e5f2e33e5eafdc7a65f17e",""
"3","1","1","baseline","a144eb1a4a89d4ac0912b187b851d7845716c7d8","f56ea4902f385955a8d2438bb306087ba3274848dddfdc36602d269392ab08c1","vectorPerformance","gaussian32","Quantile","2","-2","404175","4000","500","Complete","0.5012916","3.85E-5","0.327824","0.1734291","0.984375","0.014","1753214","4000","15219.008327321226","15213.744919585897","12194.607218487616","1.0007110848254097","0.01623649007724448","0","cecc6b4fda00565adaade6079bd9a81eec1cb5425a7364f3a4652f8f1fe688e7",""
"3","1","1","baseline","a144eb1a4a89d4ac0912b187b851d7845716c7d8","f56ea4902f385955a8d2438bb306087ba3274848dddfdc36602d269392ab08c1","vectorPerformance","gaussian32","Quantile","2","-1","412094","4000","500","Complete","0.4966495","2.86E-5","0.3195952","0.1770257","1.328125","0.011","1754500","4000","14374.340793710559","14390.679914776822","12593.727427588436","1.0005481375625007","0.020322296447435884","0","710b12b4b32c1d00e33cda313ee3aca4afb06968f65bf5b1d672fd6109f4f43f",""
"3","1","1","baseline","a144eb1a4a89d4ac0912b187b851d7845716c7d8","f56ea4902f385955a8d2438bb306087ba3274848dddfdc36602d269392ab08c1","vectorPerformance","gaussian32","Quantile","2","0","420013","4000","500","Complete","0.4959696","2.88E-5","0.3190076","0.1769332","1.328125","0.013","1751135","4000","14804.415700401843","14796.384417892554","11674.348877600554","1.0004842070731996","0.017149474216242355","0","7163a65543816d08a23c844d2762c1967e2f734b4748129ec7bdf89e140df8b4",""
"3","1","1","baseline","a144eb1a4a89d4ac0912b187b851d7845716c7d8","f56ea4902f385955a8d2438bb306087ba3274848dddfdc36602d269392ab08c1","vectorPerformance","gaussian32","Quantile","2","1","427932","4000","500","Complete","0.49507","3.58E-5","0.3241301","0.1709041","1.28125","0.012","1751119","4000","15119.429112419593","15129.482098788952","12424.352542458728","1.000588248721186","0.024238503591598903","0","e468486f9c3bce272356b47328af805b6315b0ce0dcec0ba389ad1cc6e773090",""
"3","1","1","baseline","a144eb1a4a89d4ac0912b187b851d7845716c7d8","f56ea4902f385955a8d2438bb306087ba3274848dddfdc36602d269392ab08c1","vectorPerformance","gaussian32","Quantile","2","2","435851","4000","500","Complete","0.4981378","2.86E-5","0.3258936","0.1722156","1.34375","0.011","1754043","4000","14654.09636813213","14648.796726473445","11630.775114295944","1.0006045524861327","0.019982935899345466","0","f17849dd0d6937ddb28ce5136301623e9a5b8e9dd4ad54fb96a198cfdc5f0c6a",""
"3","1","1","baseline","a144eb1a4a89d4ac0912b187b851d7845716c7d8","f56ea4902f385955a8d2438bb306087ba3274848dddfdc36602d269392ab08c1","vectorPerformance","gaussian32","Quantile","2","3","443770","4000","500","Complete","0.4979896","2.75E-5","0.3219821","0.17598","0.984375","0.012","1754067","4000","14670.955292689816","14672.094230083088","12113.52110906072","1.0003997605716526","0.012117200485737945","0","8d191d73493e7fb3ede8cea18ccac7e017f7700706ef9c9f8b699e07b2804d14",""
"3","1","1","baseline","a144eb1a4a89d4ac0912b187b851d7845716c7d8","f56ea4902f385955a8d2438bb306087ba3274848dddfdc36602d269392ab08c1","vectorPerformance","gaussian32","Quantile","2","4","451689","4000","500","Complete","0.4873847","3.72E-5","0.3157621","0.1715854","0.953125","0.011","1751661","4000","14424.859583462046","14417.997752939862","12128.296452895833","1.0007982696988702","0.02835365482901797","0","b8ea3b62393883b214271958061a644368686dc583e5f2e33e5eafdc7a65f17e",""
"3","1","1","baseline","a144eb1a4a89d4ac0912b187b851d7845716c7d8","f56ea4902f385955a8d2438bb306087ba3274848dddfdc36602d269392ab08c1","vectorPerformance","gaussian32","Quantile","4","-2","404175","4000","500","Complete","0.4123798","5.65E-5","0.3202066","0.0921167","1.9375","0.012","1753214","4000","15219.008327321226","15213.744919585897","12194.607218487616","1.0007110848254097","0.01623649007724448","0","cecc6b4fda00565adaade6079bd9a81eec1cb5425a7364f3a4652f8f1fe688e7",""
"3","1","1","baseline","a144eb1a4a89d4ac0912b187b851d7845716c7d8","f56ea4902f385955a8d2438bb306087ba3274848dddfdc36602d269392ab08c1","vectorPerformance","gaussian32","Quantile","4","-1","412094","4000","500","Complete","0.4078694","2.97E-5","0.3120798","0.0957599","1.90625","0.01","1754500","4000","14374.340793710559","14390.679914776822","12593.727427588436","1.0005481375625007","0.020322296447435884","0","710b12b4b32c1d00e33cda313ee3aca4afb06968f65bf5b1d672fd6109f4f43f",""
"3","1","1","baseline","a144eb1a4a89d4ac0912b187b851d7845716c7d8","f56ea4902f385955a8d2438bb306087ba3274848dddfdc36602d269392ab08c1","vectorPerformance","gaussian32","Quantile","4","0","420013","4000","500","Complete","0.4177169","2.97E-5","0.3190631","0.0986241","1.6875","0.012","1751135","4000","14804.415700401843","14796.384417892554","11674.348877600554","1.0004842070731996","0.017149474216242355","0","7163a65543816d08a23c844d2762c1967e2f734b4748129ec7bdf89e140df8b4",""
"3","1","1","baseline","a144eb1a4a89d4ac0912b187b851d7845716c7d8","f56ea4902f385955a8d2438bb306087ba3274848dddfdc36602d269392ab08c1","vectorPerformance","gaussian32","Quantile","4","1","427932","4000","500","Complete","0.4113594","5.36E-5","0.3169497","0.0943561","1.921875","0.01","1751119","4000","15119.429112419593","15129.482098788952","12424.352542458728","1.000588248721186","0.024238503591598903","0","e468486f9c3bce272356b47328af805b6315b0ce0dcec0ba389ad1cc6e773090",""
"3","1","1","baseline","a144eb1a4a89d4ac0912b187b851d7845716c7d8","f56ea4902f385955a8d2438bb306087ba3274848dddfdc36602d269392ab08c1","vectorPerformance","gaussian32","Quantile","4","2","435851","4000","500","Complete","0.4173804","2.75E-5","0.3171172","0.1002357","1.578125","0.012","1754043","4000","14654.09636813213","14648.796726473445","11630.775114295944","1.0006045524861327","0.019982935899345466","0","f17849dd0d6937ddb28ce5136301623e9a5b8e9dd4ad54fb96a198cfdc5f0c6a",""
"3","1","1","baseline","a144eb1a4a89d4ac0912b187b851d7845716c7d8","f56ea4902f385955a8d2438bb306087ba3274848dddfdc36602d269392ab08c1","vectorPerformance","gaussian32","Quantile","4","3","443770","4000","500","Complete","0.415924","2.83E-5","0.317365","0.0985307","1.65625","0.012","1754067","4000","14670.955292689816","14672.094230083088","12113.52110906072","1.0003997605716526","0.012117200485737945","0","8d191d73493e7fb3ede8cea18ccac7e017f7700706ef9c9f8b699e07b2804d14",""
"3","1","1","baseline","a144eb1a4a89d4ac0912b187b851d7845716c7d8","f56ea4902f385955a8d2438bb306087ba3274848dddfdc36602d269392ab08c1","vectorPerformance","gaussian32","Quantile","4","4","451689","4000","500","Complete","0.4184071","2.99E-5","0.3172594","0.1011178","1.921875","0.012","1751661","4000","14424.859583462046","14417.997752939862","12128.296452895833","1.0007982696988702","0.02835365482901797","0","b8ea3b62393883b214271958061a644368686dc583e5f2e33e5eafdc7a65f17e",""
"3","1","1","baseline","a144eb1a4a89d4ac0912b187b851d7845716c7d8","f56ea4902f385955a8d2438bb306087ba3274848dddfdc36602d269392ab08c1","vectorPerformance","gaussian8","GPSS","1","-2","404175","4000","500","Complete","0.1522155","5.58E-5","0.0496344","0.1025253","0.328125","0.002","138018","4000","15549.340111147894","15536.369070524215","11710.881022750353","1.000693382204123","0.020280809809882006","0","e7f255a3304bc6df3dfbc4384cc42f0a14e097b21ea85d7dfdd0891304dccc86",""
"3","1","1","baseline","a144eb1a4a89d4ac0912b187b851d7845716c7d8","f56ea4902f385955a8d2438bb306087ba3274848dddfdc36602d269392ab08c1","vectorPerformance","gaussian8","GPSS","1","-1","412094","4000","500","Complete","0.1229579","6.03E-5","0.0342576","0.08864","0.15625","0.003","138132","4000","15263.81484653245","15291.911844531342","11216.22139798599","1.0004803178957116","0.014392603577789376","0","e114ddce1fe3e8b5caed48fc0365aca0d32bd35e94363aa001d7324d00935224",""
"3","1","1","baseline","a144eb1a4a89d4ac0912b187b851d7845716c7d8","f56ea4902f385955a8d2438bb306087ba3274848dddfdc36602d269392ab08c1","vectorPerformance","gaussian8","GPSS","1","0","420013","4000","500","Complete","0.113715","4.08E-5","0.028443","0.0852312","0.15625","0.002","138323","4000","15080.473776226881","15096.77911576306","11062.432005908491","1.0006149641210862","0.012458863431772271","0","2a91e22981ec396c3eca9414af3d6ac63570dc29437cdd4bdc3eb6a8db475fa2",""
"3","1","1","baseline","a144eb1a4a89d4ac0912b187b851d7845716c7d8","f56ea4902f385955a8d2438bb306087ba3274848dddfdc36602d269392ab08c1","vectorPerformance","gaussian8","GPSS","1","1","427932","4000","500","Complete","0.111341","3.43E-5","0.0252065","0.0861002","0.109375","0.0","138154","4000","15134.6012276361","15136.078376941558","11308.922646882544","1.0009404579967858","0.013454526579750548","0","045e36a427e6332b3973cb5a7bed2c41034d4baa3241673dfea554f81e693a14",""
"3","1","1","baseline","a144eb1a4a89d4ac0912b187b851d7845716c7d8","f56ea4902f385955a8d2438bb306087ba3274848dddfdc36602d269392ab08c1","vectorPerformance","gaussian8","GPSS","1","2","435851","4000","500","Complete","0.1143052","3.18E-5","0.0247444","0.089529","0.140625","0.0","137988","4000","14363.080320209516","14344.664435137216","11161.859788330772","1.0004963309089212","0.01645570173683253","0","282eaef783cfb8138f0fbaa41141a7646474130935f10820d7fcdc9d6a1e24c0",""
"3","1","1","baseline","a144eb1a4a89d4ac0912b187b851d7845716c7d8","f56ea4902f385955a8d2438bb306087ba3274848dddfdc36602d269392ab08c1","vectorPerformance","gaussian8","GPSS","1","3","443770","4000","500","Complete","0.1126356","3.32E-5","0.025216","0.0873864","0.15625","0.0","138055","4000","15045.50132933249","15019.431343943274","10767.592734371476","1.0010260647907836","0.018113200227977133","0","6f88cd3290902ed4688e28521e20205fca8afb18c6e4fe2e6e0de9c4e7e0a62c",""
"3","1","1","baseline","a144eb1a4a89d4ac0912b187b851d7845716c7d8","f56ea4902f385955a8d2438bb306087ba3274848dddfdc36602d269392ab08c1","vectorPerformance","gaussian8","GPSS","1","4","451689","4000","500","Complete","0.1145995","3.3E-5","0.0254217","0.0891448","0.125","0.003","138188","4000","15603.053005275411","15621.61943123139","10677.483456214122","1.0007920020096437","0.014172913039023793","0","3703a943973521b658002c1d1edb8b4dcddac3550850573cac7499aba83dbaac",""
"3","1","1","baseline","a144eb1a4a89d4ac0912b187b851d7845716c7d8","f56ea4902f385955a8d2438bb306087ba3274848dddfdc36602d269392ab08c1","vectorPerformance","gaussian8","GPSS","2","-2","404175","4000","500","Complete","0.2813499","0.0061676","0.0864123","0.18877","1.4375","0.003","138018","4000","15549.340111147894","15536.369070524215","11710.881022750353","1.000693382204123","0.020280809809882006","0","e7f255a3304bc6df3dfbc4384cc42f0a14e097b21ea85d7dfdd0891304dccc86",""
"3","1","1","baseline","a144eb1a4a89d4ac0912b187b851d7845716c7d8","f56ea4902f385955a8d2438bb306087ba3274848dddfdc36602d269392ab08c1","vectorPerformance","gaussian8","GPSS","2","-1","412094","4000","500","Complete","0.0750981","8.25E-5","0.019004","0.0560116","0.421875","0.0","138132","4000","15263.81484653245","15291.911844531342","11216.22139798599","1.0004803178957116","0.014392603577789376","0","e114ddce1fe3e8b5caed48fc0365aca0d32bd35e94363aa001d7324d00935224",""
"3","1","1","baseline","a144eb1a4a89d4ac0912b187b851d7845716c7d8","f56ea4902f385955a8d2438bb306087ba3274848dddfdc36602d269392ab08c1","vectorPerformance","gaussian8","GPSS","2","0","420013","4000","500","Complete","0.0639689","6.32E-5","0.0181396","0.0457661","0.15625","0.0","138323","4000","15080.473776226881","15096.77911576306","11062.432005908491","1.0006149641210862","0.012458863431772271","0","2a91e22981ec396c3eca9414af3d6ac63570dc29437cdd4bdc3eb6a8db475fa2",""
"3","1","1","baseline","a144eb1a4a89d4ac0912b187b851d7845716c7d8","f56ea4902f385955a8d2438bb306087ba3274848dddfdc36602d269392ab08c1","vectorPerformance","gaussian8","GPSS","2","1","427932","4000","500","Complete","0.0631396","3.51E-5","0.0178037","0.0453008","0.140625","0.0","138154","4000","15134.6012276361","15136.078376941558","11308.922646882544","1.0009404579967858","0.013454526579750548","0","045e36a427e6332b3973cb5a7bed2c41034d4baa3241673dfea554f81e693a14",""
"3","1","1","baseline","a144eb1a4a89d4ac0912b187b851d7845716c7d8","f56ea4902f385955a8d2438bb306087ba3274848dddfdc36602d269392ab08c1","vectorPerformance","gaussian8","GPSS","2","2","435851","4000","500","Complete","0.0656715","4.13E-5","0.0179197","0.0477105","0.171875","0.002","137988","4000","14363.080320209516","14344.664435137216","11161.859788330772","1.0004963309089212","0.01645570173683253","0","282eaef783cfb8138f0fbaa41141a7646474130935f10820d7fcdc9d6a1e24c0",""
"3","1","1","baseline","a144eb1a4a89d4ac0912b187b851d7845716c7d8","f56ea4902f385955a8d2438bb306087ba3274848dddfdc36602d269392ab08c1","vectorPerformance","gaussian8","GPSS","2","3","443770","4000","500","Complete","0.0658015","4.0E-5","0.0181527","0.0476088","0.1875","0.003","138055","4000","15045.50132933249","15019.431343943274","10767.592734371476","1.0010260647907836","0.018113200227977133","0","6f88cd3290902ed4688e28521e20205fca8afb18c6e4fe2e6e0de9c4e7e0a62c",""
"3","1","1","baseline","a144eb1a4a89d4ac0912b187b851d7845716c7d8","f56ea4902f385955a8d2438bb306087ba3274848dddfdc36602d269392ab08c1","vectorPerformance","gaussian8","GPSS","2","4","451689","4000","500","Complete","0.066455","3.44E-5","0.0180103","0.0484103","0.40625","0.002","138188","4000","15603.053005275411","15621.61943123139","10677.483456214122","1.0007920020096437","0.014172913039023793","0","3703a943973521b658002c1d1edb8b4dcddac3550850573cac7499aba83dbaac",""
"3","1","1","baseline","a144eb1a4a89d4ac0912b187b851d7845716c7d8","f56ea4902f385955a8d2438bb306087ba3274848dddfdc36602d269392ab08c1","vectorPerformance","gaussian8","GPSS","4","-2","404175","4000","500","Complete","0.0585863","1.191E-4","0.0231472","0.03532","0.28125","0.0","138018","4000","15549.340111147894","15536.369070524215","11710.881022750353","1.000693382204123","0.020280809809882006","0","e7f255a3304bc6df3dfbc4384cc42f0a14e097b21ea85d7dfdd0891304dccc86",""
"3","1","1","baseline","a144eb1a4a89d4ac0912b187b851d7845716c7d8","f56ea4902f385955a8d2438bb306087ba3274848dddfdc36602d269392ab08c1","vectorPerformance","gaussian8","GPSS","4","-1","412094","4000","500","Complete","0.0440262","8.29E-5","0.017858","0.0260853","0.203125","0.0","138132","4000","15263.81484653245","15291.911844531342","11216.22139798599","1.0004803178957116","0.014392603577789376","0","e114ddce1fe3e8b5caed48fc0365aca0d32bd35e94363aa001d7324d00935224",""
"3","1","1","baseline","a144eb1a4a89d4ac0912b187b851d7845716c7d8","f56ea4902f385955a8d2438bb306087ba3274848dddfdc36602d269392ab08c1","vectorPerformance","gaussian8","GPSS","4","0","420013","4000","500","Complete","0.0460223","4.4E-5","0.0193657","0.0266126","0.234375","0.002","138323","4000","15080.473776226881","15096.77911576306","11062.432005908491","1.0006149641210862","0.012458863431772271","0","2a91e22981ec396c3eca9414af3d6ac63570dc29437cdd4bdc3eb6a8db475fa2",""
"3","1","1","baseline","a144eb1a4a89d4ac0912b187b851d7845716c7d8","f56ea4902f385955a8d2438bb306087ba3274848dddfdc36602d269392ab08c1","vectorPerformance","gaussian8","GPSS","4","1","427932","4000","500","Complete","0.0482526","3.41E-5","0.0213058","0.0269127","0.21875","0.002","138154","4000","15134.6012276361","15136.078376941558","11308.922646882544","1.0009404579967858","0.013454526579750548","0","045e36a427e6332b3973cb5a7bed2c41034d4baa3241673dfea554f81e693a14",""
"3","1","1","baseline","a144eb1a4a89d4ac0912b187b851d7845716c7d8","f56ea4902f385955a8d2438bb306087ba3274848dddfdc36602d269392ab08c1","vectorPerformance","gaussian8","GPSS","4","2","435851","4000","500","Complete","0.0470704","3.88E-5","0.0204799","0.0265517","0.15625","0.003","137988","4000","14363.080320209516","14344.664435137216","11161.859788330772","1.0004963309089212","0.01645570173683253","0","282eaef783cfb8138f0fbaa41141a7646474130935f10820d7fcdc9d6a1e24c0",""
"3","1","1","baseline","a144eb1a4a89d4ac0912b187b851d7845716c7d8","f56ea4902f385955a8d2438bb306087ba3274848dddfdc36602d269392ab08c1","vectorPerformance","gaussian8","GPSS","4","3","443770","4000","500","Complete","0.0434984","3.22E-5","0.0172753","0.0261909","0.1875","0.0","138055","4000","15045.50132933249","15019.431343943274","10767.592734371476","1.0010260647907836","0.018113200227977133","0","6f88cd3290902ed4688e28521e20205fca8afb18c6e4fe2e6e0de9c4e7e0a62c",""
"3","1","1","baseline","a144eb1a4a89d4ac0912b187b851d7845716c7d8","f56ea4902f385955a8d2438bb306087ba3274848dddfdc36602d269392ab08c1","vectorPerformance","gaussian8","GPSS","4","4","451689","4000","500","Complete","0.0438786","3.74E-5","0.0182654","0.0255758","0.1875","0.0","138188","4000","15603.053005275411","15621.61943123139","10677.483456214122","1.0007920020096437","0.014172913039023793","0","3703a943973521b658002c1d1edb8b4dcddac3550850573cac7499aba83dbaac",""
"3","1","1","baseline","a144eb1a4a89d4ac0912b187b851d7845716c7d8","f56ea4902f385955a8d2438bb306087ba3274848dddfdc36602d269392ab08c1","vectorPerformance","gaussian8","Quantile","1","-2","404175","4000","500","Complete","0.1210028","2.94E-5","0.0364386","0.0845348","0.125","0.0","439383","4000","15133.633311857895","15137.149661571859","12640.232874183323","1.0002765119712598","0.010865777388695763","0","0a652ec86caa4b0878042a2ca27e4843b8fff440045e84ffe9040bbf18fc5c1b",""
"3","1","1","baseline","a144eb1a4a89d4ac0912b187b851d7845716c7d8","f56ea4902f385955a8d2438bb306087ba3274848dddfdc36602d269392ab08c1","vectorPerformance","gaussian8","Quantile","1","-1","412094","4000","500","Complete","0.1197056","3.31E-5","0.0360685","0.083604","0.140625","0.0","438543","4000","15213.490906399908","15228.10660758392","12891.868030399028","1.0002543220506444","0.014962146800250764","0","22193da6e1ed5c7fb6bc482596a8cb09c08425673712be65ab0ebf58ef73f382",""
"3","1","1","baseline","a144eb1a4a89d4ac0912b187b851d7845716c7d8","f56ea4902f385955a8d2438bb306087ba3274848dddfdc36602d269392ab08c1","vectorPerformance","gaussian8","Quantile","1","0","420013","4000","500","Complete","0.1201315","3.02E-5","0.0354835","0.0846178","0.125","0.0","436956","4000","15387.214907747757","15383.41868425877","13280.050841973973","1.000488212672387","0.017862111392228958","0","1a2a7053039cbf9cd5227976b2ba660c8f0bbf84c10e94ae04c9c6d297fc0025",""
"3","1","1","baseline","a144eb1a4a89d4ac0912b187b851d7845716c7d8","f56ea4902f385955a8d2438bb306087ba3274848dddfdc36602d269392ab08c1","vectorPerformance","gaussian8","Quantile","1","1","427932","4000","500","Complete","0.1225082","5.82E-5","0.0370965","0.0853535","0.171875","0.0","437269","4000","15727.934748036001","15719.464590581323","12902.625514015059","1.0004649152576137","0.012810490325706247","0","850de3d767de404b10a6234afa6ecc9c5dfdee0c4338411a0af3e46894e42ce3",""
"3","1","1","baseline","a144eb1a4a89d4ac0912b187b851d7845716c7d8","f56ea4902f385955a8d2438bb306087ba3274848dddfdc36602d269392ab08c1","vectorPerformance","gaussian8","Quantile","1","2","435851","4000","500","Complete","0.1205147","3.13E-5","0.035821","0.0846624","0.140625","0.0","438008","4000","15126.989343371939","15133.471327879883","12471.355965872704","1.0004579804360567","0.01410791604282019","0","fd474ea7f77c91f336f3664000c5dec28946aab4fd9917ca2fd5c066ad7e03df",""
"3","1","1","baseline","a144eb1a4a89d4ac0912b187b851d7845716c7d8","f56ea4902f385955a8d2438bb306087ba3274848dddfdc36602d269392ab08c1","vectorPerformance","gaussian8","Quantile","1","3","443770","4000","500","Complete","0.1199855","3.38E-5","0.0355913","0.0843604","0.125","0.0","438134","4000","14783.95134310092","14781.603964607304","13183.37761680062","1.0005441549460146","0.009381500096846795","0","f5d860d8f1c8c55386f06f23faad6b9f8df1541a619040c2f28698d0813a5f75",""
"3","1","1","baseline","a144eb1a4a89d4ac0912b187b851d7845716c7d8","f56ea4902f385955a8d2438bb306087ba3274848dddfdc36602d269392ab08c1","vectorPerformance","gaussian8","Quantile","1","4","451689","4000","500","Complete","0.1196281","3.49E-5","0.035624","0.0839692","0.109375","0.0","437868","4000","14884.121074739518","14909.092385573675","12538.608584974128","1.0004648391967559","0.02587550455561438","0","f5667ee456b1d3d2b0c42c8460f2481029f27806732e9bf75dd56271a0628822",""
"3","1","1","baseline","a144eb1a4a89d4ac0912b187b851d7845716c7d8","f56ea4902f385955a8d2438bb306087ba3274848dddfdc36602d269392ab08c1","vectorPerformance","gaussian8","Quantile","2","-2","404175","4000","500","Complete","0.0888108","2.99E-5","0.0429227","0.0458582","0.25","0.0","439383","4000","15133.633311857895","15137.149661571859","12640.232874183323","1.0002765119712598","0.010865777388695763","0","0a652ec86caa4b0878042a2ca27e4843b8fff440045e84ffe9040bbf18fc5c1b",""
"3","1","1","baseline","a144eb1a4a89d4ac0912b187b851d7845716c7d8","f56ea4902f385955a8d2438bb306087ba3274848dddfdc36602d269392ab08c1","vectorPerformance","gaussian8","Quantile","2","-1","412094","4000","500","Complete","0.0706969","3.33E-5","0.0264195","0.0442441","0.109375","0.003","438543","4000","15213.490906399908","15228.10660758392","12891.868030399028","1.0002543220506444","0.014962146800250764","0","22193da6e1ed5c7fb6bc482596a8cb09c08425673712be65ab0ebf58ef73f382",""
"3","1","1","baseline","a144eb1a4a89d4ac0912b187b851d7845716c7d8","f56ea4902f385955a8d2438bb306087ba3274848dddfdc36602d269392ab08c1","vectorPerformance","gaussian8","Quantile","2","0","420013","4000","500","Complete","0.0690692","4.63E-5","0.0249942","0.0440287","0.15625","0.003","436956","4000","15387.214907747757","15383.41868425877","13280.050841973973","1.000488212672387","0.017862111392228958","0","1a2a7053039cbf9cd5227976b2ba660c8f0bbf84c10e94ae04c9c6d297fc0025",""
"3","1","1","baseline","a144eb1a4a89d4ac0912b187b851d7845716c7d8","f56ea4902f385955a8d2438bb306087ba3274848dddfdc36602d269392ab08c1","vectorPerformance","gaussian8","Quantile","2","1","427932","4000","500","Complete","0.068008","3.89E-5","0.0228759","0.0450932","0.15625","0.0","437269","4000","15727.934748036001","15719.464590581323","12902.625514015059","1.0004649152576137","0.012810490325706247","0","850de3d767de404b10a6234afa6ecc9c5dfdee0c4338411a0af3e46894e42ce3",""
"3","1","1","baseline","a144eb1a4a89d4ac0912b187b851d7845716c7d8","f56ea4902f385955a8d2438bb306087ba3274848dddfdc36602d269392ab08c1","vectorPerformance","gaussian8","Quantile","2","2","435851","4000","500","Complete","0.0670722","3.52E-5","0.0233088","0.0437282","0.125","0.001","438008","4000","15126.989343371939","15133.471327879883","12471.355965872704","1.0004579804360567","0.01410791604282019","0","fd474ea7f77c91f336f3664000c5dec28946aab4fd9917ca2fd5c066ad7e03df",""
"3","1","1","baseline","a144eb1a4a89d4ac0912b187b851d7845716c7d8","f56ea4902f385955a8d2438bb306087ba3274848dddfdc36602d269392ab08c1","vectorPerformance","gaussian8","Quantile","2","3","443770","4000","500","Complete","0.0675149","3.19E-5","0.0233649","0.0441181","0.125","0.001","438134","4000","14783.95134310092","14781.603964607304","13183.37761680062","1.0005441549460146","0.009381500096846795","0","f5d860d8f1c8c55386f06f23faad6b9f8df1541a619040c2f28698d0813a5f75",""
"3","1","1","baseline","a144eb1a4a89d4ac0912b187b851d7845716c7d8","f56ea4902f385955a8d2438bb306087ba3274848dddfdc36602d269392ab08c1","vectorPerformance","gaussian8","Quantile","2","4","451689","4000","500","Complete","0.067412","5.06E-5","0.023075","0.0442864","0.125","0.0","437868","4000","14884.121074739518","14909.092385573675","12538.608584974128","1.0004648391967559","0.02587550455561438","0","f5667ee456b1d3d2b0c42c8460f2481029f27806732e9bf75dd56271a0628822",""
"3","1","1","baseline","a144eb1a4a89d4ac0912b187b851d7845716c7d8","f56ea4902f385955a8d2438bb306087ba3274848dddfdc36602d269392ab08c1","vectorPerformance","gaussian8","Quantile","4","-2","404175","4000","500","Complete","0.0511371","3.28E-5","0.0217153","0.029389","0.1875","0.003","439383","4000","15133.633311857895","15137.149661571859","12640.232874183323","1.0002765119712598","0.010865777388695763","0","0a652ec86caa4b0878042a2ca27e4843b8fff440045e84ffe9040bbf18fc5c1b",""
"3","1","1","baseline","a144eb1a4a89d4ac0912b187b851d7845716c7d8","f56ea4902f385955a8d2438bb306087ba3274848dddfdc36602d269392ab08c1","vectorPerformance","gaussian8","Quantile","4","-1","412094","4000","500","Complete","0.0497562","3.18E-5","0.0243081","0.0254163","0.1875","0.002","438543","4000","15213.490906399908","15228.10660758392","12891.868030399028","1.0002543220506444","0.014962146800250764","0","22193da6e1ed5c7fb6bc482596a8cb09c08425673712be65ab0ebf58ef73f382",""
"3","1","1","baseline","a144eb1a4a89d4ac0912b187b851d7845716c7d8","f56ea4902f385955a8d2438bb306087ba3274848dddfdc36602d269392ab08c1","vectorPerformance","gaussian8","Quantile","4","0","420013","4000","500","Complete","0.0543216","2.9E-5","0.0240168","0.0302758","0.25","0.003","436956","4000","15387.214907747757","15383.41868425877","13280.050841973973","1.000488212672387","0.017862111392228958","0","1a2a7053039cbf9cd5227976b2ba660c8f0bbf84c10e94ae04c9c6d297fc0025",""
"3","1","1","baseline","a144eb1a4a89d4ac0912b187b851d7845716c7d8","f56ea4902f385955a8d2438bb306087ba3274848dddfdc36602d269392ab08c1","vectorPerformance","gaussian8","Quantile","4","1","427932","4000","500","Complete","0.0518608","4.0E-5","0.0234069","0.0284139","0.1875","0.003","437269","4000","15727.934748036001","15719.464590581323","12902.625514015059","1.0004649152576137","0.012810490325706247","0","850de3d767de404b10a6234afa6ecc9c5dfdee0c4338411a0af3e46894e42ce3",""
"3","1","1","baseline","a144eb1a4a89d4ac0912b187b851d7845716c7d8","f56ea4902f385955a8d2438bb306087ba3274848dddfdc36602d269392ab08c1","vectorPerformance","gaussian8","Quantile","4","2","435851","4000","500","Complete","0.0495859","3.02E-5","0.0237414","0.0258143","0.1875","0.002","438008","4000","15126.989343371939","15133.471327879883","12471.355965872704","1.0004579804360567","0.01410791604282019","0","fd474ea7f77c91f336f3664000c5dec28946aab4fd9917ca2fd5c066ad7e03df",""
"3","1","1","baseline","a144eb1a4a89d4ac0912b187b851d7845716c7d8","f56ea4902f385955a8d2438bb306087ba3274848dddfdc36602d269392ab08c1","vectorPerformance","gaussian8","Quantile","4","3","443770","4000","500","Complete","0.0481324","3.16E-5","0.0225179","0.0255829","0.1875","0.0","438134","4000","14783.95134310092","14781.603964607304","13183.37761680062","1.0005441549460146","0.009381500096846795","0","f5d860d8f1c8c55386f06f23faad6b9f8df1541a619040c2f28698d0813a5f75",""
"3","1","1","baseline","a144eb1a4a89d4ac0912b187b851d7845716c7d8","f56ea4902f385955a8d2438bb306087ba3274848dddfdc36602d269392ab08c1","vectorPerformance","gaussian8","Quantile","4","4","451689","4000","500","Complete","0.05022","4.23E-5","0.0226111","0.0275666","0.234375","0.003","437868","4000","14884.121074739518","14909.092385573675","12538.608584974128","1.0004648391967559","0.02587550455561438","0","f5667ee456b1d3d2b0c42c8460f2481029f27806732e9bf75dd56271a0628822",""
"3","1","1","baseline","a144eb1a4a89d4ac0912b187b851d7845716c7d8","f56ea4902f385955a8d2438bb306087ba3274848dddfdc36602d269392ab08c1","vectorPerformance","likelihood8","GPSS","1","-2","404175","4000","500","Complete","0.161671","1.408E-4","0.0787351","0.0827951","0.15625","0.0","113497","4000","15386.728000357793","15391.85127451405","11321.818924317045","1.000502564087113","0.005344596134197365","0","15875fc3ad457cd99d016931ae49e3b53ed50293a59b7331791ac43670de87bd",""
"3","1","1","baseline","a144eb1a4a89d4ac0912b187b851d7845716c7d8","f56ea4902f385955a8d2438bb306087ba3274848dddfdc36602d269392ab08c1","vectorPerformance","likelihood8","GPSS","1","-1","412094","4000","500","Complete","0.1602992","5.97E-5","0.0783641","0.0818754","0.171875","0.0","113672","4000","14515.066848005721","14590.130865412311","10903.103694208865","1.0008342935047612","0.005564436392907962","0","fc720f0e7fc6b705ca4b80ac8fe6515a0d286ae0520a978aef375e586c9db6bf",""
"3","1","1","baseline","a144eb1a4a89d4ac0912b187b851d7845716c7d8","f56ea4902f385955a8d2438bb306087ba3274848dddfdc36602d269392ab08c1","vectorPerformance","likelihood8","GPSS","1","0","420013","4000","500","Complete","0.1611852","6.07E-5","0.0793904","0.0817341","0.15625","0.002","113054","4000","15068.277084944693","15070.85887531968","10694.846310168503","1.0005601541440654","0.004181248674558491","0","8d6dc2b369fc062d17f4e1721fe9d8a199bcba9f600d8572402455c6c30b60fa",""
"3","1","1","baseline","a144eb1a4a89d4ac0912b187b851d7845716c7d8","f56ea4902f385955a8d2438bb306087ba3274848dddfdc36602d269392ab08c1","vectorPerformance","likelihood8","GPSS","1","1","427932","4000","500","Complete","0.162202","5.55E-5","0.0780412","0.0841053","0.171875","0.001","113472","4000","15069.243223748383","15055.059231076986","10322.707096463675","1.0013248567157627","0.005340326134526563","0","38e3adbbae621e7ad84a1cb5d7d2f248aeb925e3eea6b59badd3e9bb967ca792",""
"3","1","1","baseline","a144eb1a4a89d4ac0912b187b851d7845716c7d8","f56ea4902f385955a8d2438bb306087ba3274848dddfdc36602d269392ab08c1","vectorPerformance","likelihood8","GPSS","1","2","435851","4000","500","Complete","0.1589211","5.08E-5","0.0767023","0.082168","0.15625","0.001","113322","4000","15018.1283976014","15019.886701809703","11132.174688571149","1.000533090102839","0.005175852109189194","0","a1c97633734bbb43a66c525a225905cb612f427cd2600d3cc731158cc0011283",""
"3","1","1","baseline","a144eb1a4a89d4ac0912b187b851d7845716c7d8","f56ea4902f385955a8d2438bb306087ba3274848dddfdc36602d269392ab08c1","vectorPerformance","likelihood8","GPSS","1","3","443770","4000","500","Complete","0.159909","5.56E-5","0.0778698","0.0819836","0.15625","0.0","113541","4000","15504.177620932032","15516.176571089783","11070.759113858252","1.0005200177999494","0.0030179744349801974","0","10250d525acdf021423a78f0a10ef6caf57ce50e6525306305dda230dde4a3dd",""
"3","1","1","baseline","a144eb1a4a89d4ac0912b187b851d7845716c7d8","f56ea4902f385955a8d2438bb306087ba3274848dddfdc36602d269392ab08c1","vectorPerformance","likelihood8","GPSS","1","4","451689","4000","500","Complete","0.1602183","1.192E-4","0.0773185","0.0827806","0.171875","0.0","113652","4000","14785.194091889316","14779.730449941797","11297.287331686812","1.0008757668998252","0.004036703328069907","0","aeb7ca95e5af585230ca0add63518df7f82bcf74ed17b9d657a219f4e1b2d0f5",""
"3","1","1","baseline","a144eb1a4a89d4ac0912b187b851d7845716c7d8","f56ea4902f385955a8d2438bb306087ba3274848dddfdc36602d269392ab08c1","vectorPerformance","likelihood8","GPSS","2","-2","404175","4000","500","Complete","0.1034906","0.0025128","0.0555111","0.0454667","0.359375","0.0","113497","4000","15386.728000357793","15391.85127451405","11321.818924317045","1.000502564087113","0.005344596134197365","0","15875fc3ad457cd99d016931ae49e3b53ed50293a59b7331791ac43670de87bd",""
"3","1","1","baseline","a144eb1a4a89d4ac0912b187b851d7845716c7d8","f56ea4902f385955a8d2438bb306087ba3274848dddfdc36602d269392ab08c1","vectorPerformance","likelihood8","GPSS","2","-1","412094","4000","500","Complete","0.0851745","6.52E-5","0.0410933","0.044016","0.15625","0.0","113672","4000","14515.066848005721","14590.130865412311","10903.103694208865","1.0008342935047612","0.005564436392907962","0","fc720f0e7fc6b705ca4b80ac8fe6515a0d286ae0520a978aef375e586c9db6bf",""
"3","1","1","baseline","a144eb1a4a89d4ac0912b187b851d7845716c7d8","f56ea4902f385955a8d2438bb306087ba3274848dddfdc36602d269392ab08c1","vectorPerformance","likelihood8","GPSS","2","0","420013","4000","500","Complete","0.0853661","8.72E-5","0.0414767","0.0438022","0.15625","0.0","113054","4000","15068.277084944693","15070.85887531968","10694.846310168503","1.0005601541440654","0.004181248674558491","0","8d6dc2b369fc062d17f4e1721fe9d8a199bcba9f600d8572402455c6c30b60fa",""
"3","1","1","baseline","a144eb1a4a89d4ac0912b187b851d7845716c7d8","f56ea4902f385955a8d2438bb306087ba3274848dddfdc36602d269392ab08c1","vectorPerformance","likelihood8","GPSS","2","1","427932","4000","500","Complete","0.0832456","5.08E-5","0.040295","0.0428998","0.1875","0.0","113472","4000","15069.243223748383","15055.059231076986","10322.707096463675","1.0013248567157627","0.005340326134526563","0","38e3adbbae621e7ad84a1cb5d7d2f248aeb925e3eea6b59badd3e9bb967ca792",""
"3","1","1","baseline","a144eb1a4a89d4ac0912b187b851d7845716c7d8","f56ea4902f385955a8d2438bb306087ba3274848dddfdc36602d269392ab08c1","vectorPerformance","likelihood8","GPSS","2","2","435851","4000","500","Complete","0.0840179","5.51E-5","0.0406309","0.0433319","0.1875","0.0","113322","4000","15018.1283976014","15019.886701809703","11132.174688571149","1.000533090102839","0.005175852109189194","0","a1c97633734bbb43a66c525a225905cb612f427cd2600d3cc731158cc0011283",""
"3","1","1","baseline","a144eb1a4a89d4ac0912b187b851d7845716c7d8","f56ea4902f385955a8d2438bb306087ba3274848dddfdc36602d269392ab08c1","vectorPerformance","likelihood8","GPSS","2","3","443770","4000","500","Complete","0.0861241","5.65E-5","0.041375","0.0446926","0.28125","0.001","113541","4000","15504.177620932032","15516.176571089783","11070.759113858252","1.0005200177999494","0.0030179744349801974","0","10250d525acdf021423a78f0a10ef6caf57ce50e6525306305dda230dde4a3dd",""
"3","1","1","baseline","a144eb1a4a89d4ac0912b187b851d7845716c7d8","f56ea4902f385955a8d2438bb306087ba3274848dddfdc36602d269392ab08c1","vectorPerformance","likelihood8","GPSS","2","4","451689","4000","500","Complete","0.0839526","4.86E-5","0.0401083","0.0437957","0.1875","0.0","113652","4000","14785.194091889316","14779.730449941797","11297.287331686812","1.0008757668998252","0.004036703328069907","0","aeb7ca95e5af585230ca0add63518df7f82bcf74ed17b9d657a219f4e1b2d0f5",""
"3","1","1","baseline","a144eb1a4a89d4ac0912b187b851d7845716c7d8","f56ea4902f385955a8d2438bb306087ba3274848dddfdc36602d269392ab08c1","vectorPerformance","likelihood8","GPSS","4","-2","404175","4000","500","Complete","0.0481775","1.348E-4","0.0233797","0.024663","0.1875","0.0","113497","4000","15386.728000357793","15391.85127451405","11321.818924317045","1.000502564087113","0.005344596134197365","0","15875fc3ad457cd99d016931ae49e3b53ed50293a59b7331791ac43670de87bd",""
"3","1","1","baseline","a144eb1a4a89d4ac0912b187b851d7845716c7d8","f56ea4902f385955a8d2438bb306087ba3274848dddfdc36602d269392ab08c1","vectorPerformance","likelihood8","GPSS","4","-1","412094","4000","500","Complete","0.0495951","6.89E-5","0.0244356","0.0250906","0.1875","0.0","113672","4000","14515.066848005721","14590.130865412311","10903.103694208865","1.0008342935047612","0.005564436392907962","0","fc720f0e7fc6b705ca4b80ac8fe6515a0d286ae0520a978aef375e586c9db6bf",""
"3","1","1","baseline","a144eb1a4a89d4ac0912b187b851d7845716c7d8","f56ea4902f385955a8d2438bb306087ba3274848dddfdc36602d269392ab08c1","vectorPerformance","likelihood8","GPSS","4","0","420013","4000","500","Complete","0.0480387","8.98E-5","0.0235634","0.0243855","0.203125","0.0","113054","4000","15068.277084944693","15070.85887531968","10694.846310168503","1.0005601541440654","0.004181248674558491","0","8d6dc2b369fc062d17f4e1721fe9d8a199bcba9f600d8572402455c6c30b60fa",""
"3","1","1","baseline","a144eb1a4a89d4ac0912b187b851d7845716c7d8","f56ea4902f385955a8d2438bb306087ba3274848dddfdc36602d269392ab08c1","vectorPerformance","likelihood8","GPSS","4","1","427932","4000","500","Complete","0.0474405","5.18E-5","0.0226134","0.0247753","0.15625","0.0","113472","4000","15069.243223748383","15055.059231076986","10322.707096463675","1.0013248567157627","0.005340326134526563","0","38e3adbbae621e7ad84a1cb5d7d2f248aeb925e3eea6b59badd3e9bb967ca792",""
"3","1","1","baseline","a144eb1a4a89d4ac0912b187b851d7845716c7d8","f56ea4902f385955a8d2438bb306087ba3274848dddfdc36602d269392ab08c1","vectorPerformance","likelihood8","GPSS","4","2","435851","4000","500","Complete","0.0481737","5.1E-5","0.0231918","0.0249309","0.1875","0.0","113322","4000","15018.1283976014","15019.886701809703","11132.174688571149","1.000533090102839","0.005175852109189194","0","a1c97633734bbb43a66c525a225905cb612f427cd2600d3cc731158cc0011283",""
"3","1","1","baseline","a144eb1a4a89d4ac0912b187b851d7845716c7d8","f56ea4902f385955a8d2438bb306087ba3274848dddfdc36602d269392ab08c1","vectorPerformance","likelihood8","GPSS","4","3","443770","4000","500","Complete","0.0472752","5.07E-5","0.0227022","0.0245223","0.1875","0.0","113541","4000","15504.177620932032","15516.176571089783","11070.759113858252","1.0005200177999494","0.0030179744349801974","0","10250d525acdf021423a78f0a10ef6caf57ce50e6525306305dda230dde4a3dd",""
"3","1","1","baseline","a144eb1a4a89d4ac0912b187b851d7845716c7d8","f56ea4902f385955a8d2438bb306087ba3274848dddfdc36602d269392ab08c1","vectorPerformance","likelihood8","GPSS","4","4","451689","4000","500","Complete","0.0489888","4.87E-5","0.0226982","0.0262419","0.1875","0.001","113652","4000","14785.194091889316","14779.730449941797","11297.287331686812","1.0008757668998252","0.004036703328069907","0","aeb7ca95e5af585230ca0add63518df7f82bcf74ed17b9d657a219f4e1b2d0f5",""
"3","1","1","baseline","a144eb1a4a89d4ac0912b187b851d7845716c7d8","f56ea4902f385955a8d2438bb306087ba3274848dddfdc36602d269392ab08c1","vectorPerformance","likelihood8","Quantile","1","-2","404175","4000","500","Complete","0.4404789","3.29E-5","0.3577279","0.0827181","0.4375","0.0","675623","4000","14553.603071888145","14560.448774995888","11253.189859649683","1.0007097070118298","0.003922918284137322","0","03828cdda4fc43583cac684014ff31176af4a34269763a886473aa7e641f0391",""
"3","1","1","baseline","a144eb1a4a89d4ac0912b187b851d7845716c7d8","f56ea4902f385955a8d2438bb306087ba3274848dddfdc36602d269392ab08c1","vectorPerformance","likelihood8","Quantile","1","-1","412094","4000","500","Complete","0.440554","3.03E-5","0.3559468","0.0845769","0.453125","0.002","674660","4000","15209.136106969212","15217.30790335651","11240.432710958032","1.0004372157752155","0.0052684685777992235","0","e259b6e006096a76873934a7876a399ffc6054ce8626e6a9f54fe4dc9a2a077b",""
"3","1","1","baseline","a144eb1a4a89d4ac0912b187b851d7845716c7d8","f56ea4902f385955a8d2438bb306087ba3274848dddfdc36602d269392ab08c1","vectorPerformance","likelihood8","Quantile","1","0","420013","4000","500","Complete","0.4594318","3.05E-5","0.3749913","0.08441","0.453125","0.002","673796","4000","15027.331818683551","15033.704474475824","10491.658637470435","1.0004326935079904","0.005338364077357494","0","a6b794bfac044c42b2225f202fe85edd749f09d343dadd0c6f9a8be5b72afda0",""
"3","1","1","baseline","a144eb1a4a89d4ac0912b187b851d7845716c7d8","f56ea4902f385955a8d2438bb306087ba3274848dddfdc36602d269392ab08c1","vectorPerformance","likelihood8","Quantile","1","1","427932","4000","500","Complete","0.4570084","2.93E-5","0.3746135","0.0823656","0.453125","0.0","673825","4000","15276.658872254206","15256.4622489339","11119.716918313663","1.000391617247902","0.006419580823759208","0","50e2cecd19fa21e7ea4301720423264b745a7096caa97d8e6935a59763285f0a",""
"3","1","1","baseline","a144eb1a4a89d4ac0912b187b851d7845716c7d8","f56ea4902f385955a8d2438bb306087ba3274848dddfdc36602d269392ab08c1","vectorPerformance","likelihood8","Quantile","1","2","435851","4000","500","Complete","0.4593367","4.66E-5","0.3757428","0.0835473","0.453125","0.0","674482","4000","15438.964336306639","15424.356228106937","11497.88972532256","1.0006283061980878","0.01024848436056533","0","d045bb5c2ae5192b21902085068a9b62aa6f41d66d4132dc6affda22bcc4912d",""
"3","1","1","baseline","a144eb1a4a89d4ac0912b187b851d7845716c7d8","f56ea4902f385955a8d2438bb306087ba3274848dddfdc36602d269392ab08c1","vectorPerformance","likelihood8","Quantile","1","3","443770","4000","500","Complete","0.4409115","2.94E-5","0.3585305","0.0823516","0.4375","0.0","674770","4000","15279.141041189421","15290.437507693725","11098.089526704722","1.00060311853599","0.008195113181772185","0","14c0d80a24194a44695934e9fba1972daa6dc8b7383da72f1cd5837c36c4722d",""
"3","1","1","baseline","a144eb1a4a89d4ac0912b187b851d7845716c7d8","f56ea4902f385955a8d2438bb306087ba3274848dddfdc36602d269392ab08c1","vectorPerformance","likelihood8","Quantile","1","4","451689","4000","500","Complete","0.4583875","3.18E-5","0.3755829","0.0827728","0.453125","0.0","675588","4000","15378.326224840608","15396.096164831599","11613.462866841413","1.000726442029433","0.005885612388259281","0","dffab805aa7e6a415f84c4666b5b3033cb9751a54880ba72e95a79dc87652086",""
"3","1","1","baseline","a144eb1a4a89d4ac0912b187b851d7845716c7d8","f56ea4902f385955a8d2438bb306087ba3274848dddfdc36602d269392ab08c1","vectorPerformance","likelihood8","Quantile","2","-2","404175","4000","500","Complete","0.2325889","5.4E-5","0.1887982","0.0437367","0.46875","0.0","675623","4000","14553.603071888145","14560.448774995888","11253.189859649683","1.0007097070118298","0.003922918284137322","0","03828cdda4fc43583cac684014ff31176af4a34269763a886473aa7e641f0391",""
"3","1","1","baseline","a144eb1a4a89d4ac0912b187b851d7845716c7d8","f56ea4902f385955a8d2438bb306087ba3274848dddfdc36602d269392ab08c1","vectorPerformance","likelihood8","Quantile","2","-1","412094","4000","500","Complete","0.232805","3.05E-5","0.1888139","0.0439606","0.46875","0.001","674660","4000","15209.136106969212","15217.30790335651","11240.432710958032","1.0004372157752155","0.0052684685777992235","0","e259b6e006096a76873934a7876a399ffc6054ce8626e6a9f54fe4dc9a2a077b",""
"3","1","1","baseline","a144eb1a4a89d4ac0912b187b851d7845716c7d8","f56ea4902f385955a8d2438bb306087ba3274848dddfdc36602d269392ab08c1","vectorPerformance","likelihood8","Quantile","2","0","420013","4000","500","Complete","0.2364162","3.4E-5","0.1920945","0.0442877","0.46875","0.0","673796","4000","15027.331818683551","15033.704474475824","10491.658637470435","1.0004326935079904","0.005338364077357494","0","a6b794bfac044c42b2225f202fe85edd749f09d343dadd0c6f9a8be5b72afda0",""
"3","1","1","baseline","a144eb1a4a89d4ac0912b187b851d7845716c7d8","f56ea4902f385955a8d2438bb306087ba3274848dddfdc36602d269392ab08c1","vectorPerformance","likelihood8","Quantile","2","1","427932","4000","500","Complete","0.2297869","5.81E-5","0.1856836","0.0440452","0.453125","0.0","673825","4000","15276.658872254206","15256.4622489339","11119.716918313663","1.000391617247902","0.006419580823759208","0","50e2cecd19fa21e7ea4301720423264b745a7096caa97d8e6935a59763285f0a",""
"3","1","1","baseline","a144eb1a4a89d4ac0912b187b851d7845716c7d8","f56ea4902f385955a8d2438bb306087ba3274848dddfdc36602d269392ab08c1","vectorPerformance","likelihood8","Quantile","2","2","435851","4000","500","Complete","0.23038","2.97E-5","0.1869461","0.0434042","0.4375","0.001","674482","4000","15438.964336306639","15424.356228106937","11497.88972532256","1.0006283061980878","0.01024848436056533","0","d045bb5c2ae5192b21902085068a9b62aa6f41d66d4132dc6affda22bcc4912d",""
"3","1","1","baseline","a144eb1a4a89d4ac0912b187b851d7845716c7d8","f56ea4902f385955a8d2438bb306087ba3274848dddfdc36602d269392ab08c1","vectorPerformance","likelihood8","Quantile","2","3","443770","4000","500","Complete","0.2460123","2.96E-5","0.2022626","0.0437201","0.484375","0.001","674770","4000","15279.141041189421","15290.437507693725","11098.089526704722","1.00060311853599","0.008195113181772185","0","14c0d80a24194a44695934e9fba1972daa6dc8b7383da72f1cd5837c36c4722d",""
"3","1","1","baseline","a144eb1a4a89d4ac0912b187b851d7845716c7d8","f56ea4902f385955a8d2438bb306087ba3274848dddfdc36602d269392ab08c1","vectorPerformance","likelihood8","Quantile","2","4","451689","4000","500","Complete","0.2337583","2.99E-5","0.1899376","0.0437908","0.484375","0.001","675588","4000","15378.326224840608","15396.096164831599","11613.462866841413","1.000726442029433","0.005885612388259281","0","dffab805aa7e6a415f84c4666b5b3033cb9751a54880ba72e95a79dc87652086",""
"3","1","1","baseline","a144eb1a4a89d4ac0912b187b851d7845716c7d8","f56ea4902f385955a8d2438bb306087ba3274848dddfdc36602d269392ab08c1","vectorPerformance","likelihood8","Quantile","4","-2","404175","4000","500","Complete","0.1211701","3.11E-5","0.0962536","0.0248854","0.796875","0.001","675623","4000","14553.603071888145","14560.448774995888","11253.189859649683","1.0007097070118298","0.003922918284137322","0","03828cdda4fc43583cac684014ff31176af4a34269763a886473aa7e641f0391",""
"3","1","1","baseline","a144eb1a4a89d4ac0912b187b851d7845716c7d8","f56ea4902f385955a8d2438bb306087ba3274848dddfdc36602d269392ab08c1","vectorPerformance","likelihood8","Quantile","4","-1","412094","4000","500","Complete","0.1205511","3.1E-5","0.0953448","0.0251753","0.484375","0.0","674660","4000","15209.136106969212","15217.30790335651","11240.432710958032","1.0004372157752155","0.0052684685777992235","0","e259b6e006096a76873934a7876a399ffc6054ce8626e6a9f54fe4dc9a2a077b",""
"3","1","1","baseline","a144eb1a4a89d4ac0912b187b851d7845716c7d8","f56ea4902f385955a8d2438bb306087ba3274848dddfdc36602d269392ab08c1","vectorPerformance","likelihood8","Quantile","4","0","420013","4000","500","Complete","0.1232039","3.07E-5","0.098837","0.0243362","0.515625","0.001","673796","4000","15027.331818683551","15033.704474475824","10491.658637470435","1.0004326935079904","0.005338364077357494","0","a6b794bfac044c42b2225f202fe85edd749f09d343dadd0c6f9a8be5b72afda0",""
"3","1","1","baseline","a144eb1a4a89d4ac0912b187b851d7845716c7d8","f56ea4902f385955a8d2438bb306087ba3274848dddfdc36602d269392ab08c1","vectorPerformance","likelihood8","Quantile","4","1","427932","4000","500","Complete","0.1229183","5.95E-5","0.0976502","0.0252086","0.515625","0.002","673825","4000","15276.658872254206","15256.4622489339","11119.716918313663","1.000391617247902","0.006419580823759208","0","50e2cecd19fa21e7ea4301720423264b745a7096caa97d8e6935a59763285f0a",""
"3","1","1","baseline","a144eb1a4a89d4ac0912b187b851d7845716c7d8","f56ea4902f385955a8d2438bb306087ba3274848dddfdc36602d269392ab08c1","vectorPerformance","likelihood8","Quantile","4","2","435851","4000","500","Complete","0.1225016","3.64E-5","0.097274","0.0251912","0.46875","0.001","674482","4000","15438.964336306639","15424.356228106937","11497.88972532256","1.0006283061980878","0.01024848436056533","0","d045bb5c2ae5192b21902085068a9b62aa6f41d66d4132dc6affda22bcc4912d",""
"3","1","1","baseline","a144eb1a4a89d4ac0912b187b851d7845716c7d8","f56ea4902f385955a8d2438bb306087ba3274848dddfdc36602d269392ab08c1","vectorPerformance","likelihood8","Quantile","4","3","443770","4000","500","Complete","0.1193437","3.58E-5","0.0943811","0.0249268","0.4375","0.0","674770","4000","15279.141041189421","15290.437507693725","11098.089526704722","1.00060311853599","0.008195113181772185","0","14c0d80a24194a44695934e9fba1972daa6dc8b7383da72f1cd5837c36c4722d",""
"3","1","1","baseline","a144eb1a4a89d4ac0912b187b851d7845716c7d8","f56ea4902f385955a8d2438bb306087ba3274848dddfdc36602d269392ab08c1","vectorPerformance","likelihood8","Quantile","4","4","451689","4000","500","Complete","0.1232195","3.27E-5","0.0954274","0.0277594","0.5","0.002","675588","4000","15378.326224840608","15396.096164831599","11613.462866841413","1.000726442029433","0.005885612388259281","0","dffab805aa7e6a415f84c4666b5b3033cb9751a54880ba72e95a79dc87652086",""
"3","1","1","baseline","a144eb1a4a89d4ac0912b187b851d7845716c7d8","f56ea4902f385955a8d2438bb306087ba3274848dddfdc36602d269392ab08c1","vectorPerformance","mixture8","GPSS","1","-2","404175","4000","500","Complete","0.1519066","1.72E-5","0.0706843","0.0812051","0.140625","0.001","229144","4000","14.257988816324646","29.19304971339808","41.12369705555653","1.0898522442939091","0.21935070608817098","8","3b6875e17ed27fe9805ded4d871f7b5f9d73e9def0157d2b9b3ca4e8933848aa",""
"3","1","1","baseline","a144eb1a4a89d4ac0912b187b851d7845716c7d8","f56ea4902f385955a8d2438bb306087ba3274848dddfdc36602d269392ab08c1","vectorPerformance","mixture8","GPSS","1","-1","412094","4000","500","Complete","0.1513484","1.65E-5","0.0698313","0.0815006","0.15625","0.0","229290","4000","18.720999899350527","39.028622707399215","46.96121523232878","1.0731938076004162","0.17813809720195017","8","abf27d85ad57f604af02f9ce976cde68729c5e5b0b9868c8021e26e9e57c9cbb",""
"3","1","1","baseline","a144eb1a4a89d4ac0912b187b851d7845716c7d8","f56ea4902f385955a8d2438bb306087ba3274848dddfdc36602d269392ab08c1","vectorPerformance","mixture8","GPSS","1","0","420013","4000","500","Complete","0.1512445","1.67E-5","0.0705953","0.0806325","0.140625","0.0","230860","4000","11.197660818981081","21.159126284650732","49.74480814386594","1.1308094060468774","0.5016290019944878","8","f1a24a91ced5488ebfe513313caafc39cdc36be309bd0944b0aca511830cdc9b",""
"3","1","1","baseline","a144eb1a4a89d4ac0912b187b851d7845716c7d8","f56ea4902f385955a8d2438bb306087ba3274848dddfdc36602d269392ab08c1","vectorPerformance","mixture8","GPSS","1","1","427932","4000","500","Complete","0.1561148","1.73E-5","0.0757983","0.0802992","0.15625","0.001","227656","4000","350.3365962359708","946.1959119121931","828.0407758236613","1.006187429279826","0.489472770444491","0","3048dd7a997ec08547ffedc643f4f8ad71fb08dfc61d73588f085fae9f3b2530",""
"3","1","1","baseline","a144eb1a4a89d4ac0912b187b851d7845716c7d8","f56ea4902f385955a8d2438bb306087ba3274848dddfdc36602d269392ab08c1","vectorPerformance","mixture8","GPSS","1","2","435851","4000","500","Complete","0.1508947","1.7E-5","0.0696733","0.0812044","0.140625","0.0","230320","4000","11.885382937205895","20.922381229748733","74.65086869430434","1.127517255169642","0.6163845076767369","8","a8b0c5d28390a6bbe639426c5f3d044100be601426210b18a9d9a12faa0fdcbb",""
"3","1","1","baseline","a144eb1a4a89d4ac0912b187b851d7845716c7d8","f56ea4902f385955a8d2438bb306087ba3274848dddfdc36602d269392ab08c1","vectorPerformance","mixture8","GPSS","1","3","443770","4000","500","Complete","0.1507287","1.63E-5","0.0695305","0.0811819","0.15625","0.0","228342","4000","32.15927038708645","138.24287084259578","31.951943081965528","1.0380332431121262","0.32314994313579937","8","fb914cb87efc1f88af4218573d1acfcb2cf7af7578bb3764f9313b6f1caf9c08",""
"3","1","1","baseline","a144eb1a4a89d4ac0912b187b851d7845716c7d8","f56ea4902f385955a8d2438bb306087ba3274848dddfdc36602d269392ab08c1","vectorPerformance","mixture8","GPSS","1","4","451689","4000","500","Complete","0.151148","1.69E-5","0.0703285","0.0808026","0.140625","0.0","231161","4000","11.42981152723505","18.51428192120557","82.97173289489884","1.1478873533286111","0.944470980985646","8","8c304b54387b3cfcaea9ca546733eb569997eadee97f924c60d4475ce4148eb9",""
"3","1","1","baseline","a144eb1a4a89d4ac0912b187b851d7845716c7d8","f56ea4902f385955a8d2438bb306087ba3274848dddfdc36602d269392ab08c1","vectorPerformance","mixture8","GPSS","2","-2","404175","4000","500","Complete","0.0998323","1.73E-5","0.055316","0.044499","0.25","0.002","229144","4000","14.257988816324646","29.19304971339808","41.12369705555653","1.0898522442939091","0.21935070608817098","8","3b6875e17ed27fe9805ded4d871f7b5f9d73e9def0157d2b9b3ca4e8933848aa",""
"3","1","1","baseline","a144eb1a4a89d4ac0912b187b851d7845716c7d8","f56ea4902f385955a8d2438bb306087ba3274848dddfdc36602d269392ab08c1","vectorPerformance","mixture8","GPSS","2","-1","412094","4000","500","Complete","0.08721","1.81E-5","0.0429072","0.0442847","0.171875","0.0","229290","4000","18.720999899350527","39.028622707399215","46.96121523232878","1.0731938076004162","0.17813809720195017","8","abf27d85ad57f604af02f9ce976cde68729c5e5b0b9868c8021e26e9e57c9cbb",""
"3","1","1","baseline","a144eb1a4a89d4ac0912b187b851d7845716c7d8","f56ea4902f385955a8d2438bb306087ba3274848dddfdc36602d269392ab08c1","vectorPerformance","mixture8","GPSS","2","0","420013","4000","500","Complete","0.0895939","1.63E-5","0.045059","0.0445186","0.171875","0.001","230860","4000","11.197660818981081","21.159126284650732","49.74480814386594","1.1308094060468774","0.5016290019944878","8","f1a24a91ced5488ebfe513313caafc39cdc36be309bd0944b0aca511830cdc9b",""
"3","1","1","baseline","a144eb1a4a89d4ac0912b187b851d7845716c7d8","f56ea4902f385955a8d2438bb306087ba3274848dddfdc36602d269392ab08c1","vectorPerformance","mixture8","GPSS","2","1","427932","4000","500","Complete","0.0892221","1.8E-5","0.0454326","0.0437715","0.203125","0.001","227656","4000","350.3365962359708","946.1959119121931","828.0407758236613","1.006187429279826","0.489472770444491","0","3048dd7a997ec08547ffedc643f4f8ad71fb08dfc61d73588f085fae9f3b2530",""
"3","1","1","baseline","a144eb1a4a89d4ac0912b187b851d7845716c7d8","f56ea4902f385955a8d2438bb306087ba3274848dddfdc36602d269392ab08c1","vectorPerformance","mixture8","GPSS","2","2","435851","4000","500","Complete","0.0934637","1.79E-5","0.0481109","0.0453349","0.1875","0.001","230320","4000","11.885382937205895","20.922381229748733","74.65086869430434","1.127517255169642","0.6163845076767369","8","a8b0c5d28390a6bbe639426c5f3d044100be601426210b18a9d9a12faa0fdcbb",""
"3","1","1","baseline","a144eb1a4a89d4ac0912b187b851d7845716c7d8","f56ea4902f385955a8d2438bb306087ba3274848dddfdc36602d269392ab08c1","vectorPerformance","mixture8","GPSS","2","3","443770","4000","500","Complete","0.087871","1.72E-5","0.0442211","0.0436327","0.1875","0.001","228342","4000","32.15927038708645","138.24287084259578","31.951943081965528","1.0380332431121262","0.32314994313579937","8","fb914cb87efc1f88af4218573d1acfcb2cf7af7578bb3764f9313b6f1caf9c08",""
"3","1","1","baseline","a144eb1a4a89d4ac0912b187b851d7845716c7d8","f56ea4902f385955a8d2438bb306087ba3274848dddfdc36602d269392ab08c1","vectorPerformance","mixture8","GPSS","2","4","451689","4000","500","Complete","0.0892303","1.7E-5","0.0457696","0.0434437","0.1875","0.001","231161","4000","11.42981152723505","18.51428192120557","82.97173289489884","1.1478873533286111","0.944470980985646","8","8c304b54387b3cfcaea9ca546733eb569997eadee97f924c60d4475ce4148eb9",""
"3","1","1","baseline","a144eb1a4a89d4ac0912b187b851d7845716c7d8","f56ea4902f385955a8d2438bb306087ba3274848dddfdc36602d269392ab08c1","vectorPerformance","mixture8","GPSS","4","-2","404175","4000","500","Complete","0.0661706","1.72E-5","0.0416283","0.0245251","0.25","0.0","229144","4000","14.257988816324646","29.19304971339808","41.12369705555653","1.0898522442939091","0.21935070608817098","8","3b6875e17ed27fe9805ded4d871f7b5f9d73e9def0157d2b9b3ca4e8933848aa",""
"3","1","1","baseline","a144eb1a4a89d4ac0912b187b851d7845716c7d8","f56ea4902f385955a8d2438bb306087ba3274848dddfdc36602d269392ab08c1","vectorPerformance","mixture8","GPSS","4","-1","412094","4000","500","Complete","0.0680366","1.69E-5","0.0414267","0.026593","0.3125","0.002","229290","4000","18.720999899350527","39.028622707399215","46.96121523232878","1.0731938076004162","0.17813809720195017","8","abf27d85ad57f604af02f9ce976cde68729c5e5b0b9868c8021e26e9e57c9cbb",""
"3","1","1","baseline","a144eb1a4a89d4ac0912b187b851d7845716c7d8","f56ea4902f385955a8d2438bb306087ba3274848dddfdc36602d269392ab08c1","vectorPerformance","mixture8","GPSS","4","0","420013","4000","500","Complete","0.067794","1.9E-5","0.042048","0.025727","0.3125","0.0","230860","4000","11.197660818981081","21.159126284650732","49.74480814386594","1.1308094060468774","0.5016290019944878","8","f1a24a91ced5488ebfe513313caafc39cdc36be309bd0944b0aca511830cdc9b",""
"3","1","1","baseline","a144eb1a4a89d4ac0912b187b851d7845716c7d8","f56ea4902f385955a8d2438bb306087ba3274848dddfdc36602d269392ab08c1","vectorPerformance","mixture8","GPSS","4","1","427932","4000","500","Complete","0.0634506","1.68E-5","0.0400946","0.0233392","0.25","0.0","227656","4000","350.3365962359708","946.1959119121931","828.0407758236613","1.006187429279826","0.489472770444491","0","3048dd7a997ec08547ffedc643f4f8ad71fb08dfc61d73588f085fae9f3b2530",""
"3","1","1","baseline","a144eb1a4a89d4ac0912b187b851d7845716c7d8","f56ea4902f385955a8d2438bb306087ba3274848dddfdc36602d269392ab08c1","vectorPerformance","mixture8","GPSS","4","2","435851","4000","500","Complete","0.0704582","1.66E-5","0.0437677","0.0266739","0.3125","0.001","230320","4000","11.885382937205895","20.922381229748733","74.65086869430434","1.127517255169642","0.6163845076767369","8","a8b0c5d28390a6bbe639426c5f3d044100be601426210b18a9d9a12faa0fdcbb",""
"3","1","1","baseline","a144eb1a4a89d4ac0912b187b851d7845716c7d8","f56ea4902f385955a8d2438bb306087ba3274848dddfdc36602d269392ab08c1","vectorPerformance","mixture8","GPSS","4","3","443770","4000","500","Complete","0.0663906","1.99E-5","0.041442","0.0249287","0.25","0.0","228342","4000","32.15927038708645","138.24287084259578","31.951943081965528","1.0380332431121262","0.32314994313579937","8","fb914cb87efc1f88af4218573d1acfcb2cf7af7578bb3764f9313b6f1caf9c08",""
"3","1","1","baseline","a144eb1a4a89d4ac0912b187b851d7845716c7d8","f56ea4902f385955a8d2438bb306087ba3274848dddfdc36602d269392ab08c1","vectorPerformance","mixture8","GPSS","4","4","451689","4000","500","Complete","0.0702138","1.76E-5","0.0421746","0.0280216","0.28125","0.002","231161","4000","11.42981152723505","18.51428192120557","82.97173289489884","1.1478873533286111","0.944470980985646","8","8c304b54387b3cfcaea9ca546733eb569997eadee97f924c60d4475ce4148eb9",""
"3","1","1","baseline","a144eb1a4a89d4ac0912b187b851d7845716c7d8","f56ea4902f385955a8d2438bb306087ba3274848dddfdc36602d269392ab08c1","vectorPerformance","mixture8","Quantile","1","-2","404175","4000","500","Complete","0.2451577","3.43E-5","0.1612431","0.0838803","0.25","0.001","794544","4000","4.187636809868029","7.060337598855363","26.16378128764236","1.5288331364789502","3.256985326991021","8","08478ec37e7016f0a746f5541369d3f27e6780b3d77ac0dd3727aedc458b8a7f",""
"3","1","1","baseline","a144eb1a4a89d4ac0912b187b851d7845716c7d8","f56ea4902f385955a8d2438bb306087ba3274848dddfdc36602d269392ab08c1","vectorPerformance","mixture8","Quantile","1","-1","412094","4000","500","Complete","0.2443617","1.63E-5","0.1618435","0.0825019","0.234375","0.001","816779","4000","13172.219750891138","13222.282432153374","9557.095877190202","1.0009523655339596","4.505381108384656","0","df0a2d121acaf8121fe4585bac661d116d56b94d4bbd87d7554b9b56bc69a16b",""
"3","1","1","baseline","a144eb1a4a89d4ac0912b187b851d7845716c7d8","f56ea4902f385955a8d2438bb306087ba3274848dddfdc36602d269392ab08c1","vectorPerformance","mixture8","Quantile","1","0","420013","4000","500","Complete","0.2408595","1.75E-5","0.1573954","0.0834466","0.21875","0.002","794198","4000","4.186058672517822","7.066033020998243","25.872565892706334","1.528293121197245","3.254959184947837","8","298edcccf4cb67bd1d71a2c67eaac49d9c2f065b01ce89b5a425470b4ac34246",""
"3","1","1","baseline","a144eb1a4a89d4ac0912b187b851d7845716c7d8","f56ea4902f385955a8d2438bb306087ba3274848dddfdc36602d269392ab08c1","vectorPerformance","mixture8","Quantile","1","1","427932","4000","500","Complete","0.2395373","1.73E-5","0.1571515","0.0823685","0.234375","0.001","793428","4000","4.1830750512240416","7.063117190644894","25.56957561795727","1.5283657513611182","3.2567621870613133","8","273d5a969b71614959a723e90feee880f8890fbdd52ed734512ecdb8349192a1",""
"3","1","1","baseline","a144eb1a4a89d4ac0912b187b851d7845716c7d8","f56ea4902f385955a8d2438bb306087ba3274848dddfdc36602d269392ab08c1","vectorPerformance","mixture8","Quantile","1","2","435851","4000","500","Complete","0.2465993","1.53E-5","0.1619809","0.0846031","0.25","0.002","819559","4000","13453.176078554361","13421.262962358194","9216.280792110578","1.0005674240480147","4.502788958677054","0","d8c678a9202d9a68411f907dc58204bfa1e84fa81561ad1055f777dd4b42c6f2",""
"3","1","1","baseline","a144eb1a4a89d4ac0912b187b851d7845716c7d8","f56ea4902f385955a8d2438bb306087ba3274848dddfdc36602d269392ab08c1","vectorPerformance","mixture8","Quantile","1","3","443770","4000","500","Complete","0.2431038","1.46E-5","0.1599566","0.0831326","0.25","0.001","818525","4000","14133.815442025896","14200.524096105466","9050.625427824825","1.0007425189374404","4.512149086714977","0","1bb1a4f128a60c3df02103528fa01749d02171821dd07470e5dae7f5e8630625",""
"3","1","1","baseline","a144eb1a4a89d4ac0912b187b851d7845716c7d8","f56ea4902f385955a8d2438bb306087ba3274848dddfdc36602d269392ab08c1","vectorPerformance","mixture8","Quantile","1","4","451689","4000","500","Complete","0.2480649","1.52E-5","0.165145","0.0829047","0.25","0.001","819229","4000","12826.818650755431","12819.884446949432","9099.649034826969","1.000430048273552","4.504000123365279","0","678212121ddd43756b45e7bd2e21e3caba79bf54b0c78a22985c55552046cf37",""
"3","1","1","baseline","a144eb1a4a89d4ac0912b187b851d7845716c7d8","f56ea4902f385955a8d2438bb306087ba3274848dddfdc36602d269392ab08c1","vectorPerformance","mixture8","Quantile","2","-2","404175","4000","500","Complete","0.143862","1.61E-5","0.0979556","0.0458903","0.296875","0.001","794544","4000","4.187636809868029","7.060337598855363","26.16378128764236","1.5288331364789502","3.256985326991021","8","08478ec37e7016f0a746f5541369d3f27e6780b3d77ac0dd3727aedc458b8a7f",""
"3","1","1","baseline","a144eb1a4a89d4ac0912b187b851d7845716c7d8","f56ea4902f385955a8d2438bb306087ba3274848dddfdc36602d269392ab08c1","vectorPerformance","mixture8","Quantile","2","-1","412094","4000","500","Complete","0.1469547","2.03E-5","0.1032122","0.0437222","0.296875","0.002","816779","4000","13172.219750891138","13222.282432153374","9557.095877190202","1.0009523655339596","4.505381108384656","0","df0a2d121acaf8121fe4585bac661d116d56b94d4bbd87d7554b9b56bc69a16b",""
"3","1","1","baseline","a144eb1a4a89d4ac0912b187b851d7845716c7d8","f56ea4902f385955a8d2438bb306087ba3274848dddfdc36602d269392ab08c1","vectorPerformance","mixture8","Quantile","2","0","420013","4000","500","Complete","0.14477","1.77E-5","0.0990967","0.0456556","0.296875","0.002","794198","4000","4.186058672517822","7.066033020998243","25.872565892706334","1.528293121197245","3.254959184947837","8","298edcccf4cb67bd1d71a2c67eaac49d9c2f065b01ce89b5a425470b4ac34246",""
"3","1","1","baseline","a144eb1a4a89d4ac0912b187b851d7845716c7d8","f56ea4902f385955a8d2438bb306087ba3274848dddfdc36602d269392ab08c1","vectorPerformance","mixture8","Quantile","2","1","427932","4000","500","Complete","0.1452843","1.54E-5","0.1011207","0.0441482","0.296875","0.002","793428","4000","4.1830750512240416","7.063117190644894","25.56957561795727","1.5283657513611182","3.2567621870613133","8","273d5a969b71614959a723e90feee880f8890fbdd52ed734512ecdb8349192a1",""
"3","1","1","baseline","a144eb1a4a89d4ac0912b187b851d7845716c7d8","f56ea4902f385955a8d2438bb306087ba3274848dddfdc36602d269392ab08c1","vectorPerformance","mixture8","Quantile","2","2","435851","4000","500","Complete","0.1444438","1.61E-5","0.0983465","0.0460812","0.3125","0.001","819559","4000","13453.176078554361","13421.262962358194","9216.280792110578","1.0005674240480147","4.502788958677054","0","d8c678a9202d9a68411f907dc58204bfa1e84fa81561ad1055f777dd4b42c6f2",""
"3","1","1","baseline","a144eb1a4a89d4ac0912b187b851d7845716c7d8","f56ea4902f385955a8d2438bb306087ba3274848dddfdc36602d269392ab08c1","vectorPerformance","mixture8","Quantile","2","3","443770","4000","500","Complete","0.1428167","1.47E-5","0.0982675","0.0445345","0.28125","0.001","818525","4000","14133.815442025896","14200.524096105466","9050.625427824825","1.0007425189374404","4.512149086714977","0","1bb1a4f128a60c3df02103528fa01749d02171821dd07470e5dae7f5e8630625",""
"3","1","1","baseline","a144eb1a4a89d4ac0912b187b851d7845716c7d8","f56ea4902f385955a8d2438bb306087ba3274848dddfdc36602d269392ab08c1","vectorPerformance","mixture8","Quantile","2","4","451689","4000","500","Complete","0.1450559","2.44E-5","0.1010913","0.0439402","0.3125","0.001","819229","4000","12826.818650755431","12819.884446949432","9099.649034826969","1.000430048273552","4.504000123365279","0","678212121ddd43756b45e7bd2e21e3caba79bf54b0c78a22985c55552046cf37",""
"3","1","1","baseline","a144eb1a4a89d4ac0912b187b851d7845716c7d8","f56ea4902f385955a8d2438bb306087ba3274848dddfdc36602d269392ab08c1","vectorPerformance","mixture8","Quantile","4","-2","404175","4000","500","Complete","0.1052111","1.48E-5","0.0781049","0.0270914","0.40625","0.001","794544","4000","4.187636809868029","7.060337598855363","26.16378128764236","1.5288331364789502","3.256985326991021","8","08478ec37e7016f0a746f5541369d3f27e6780b3d77ac0dd3727aedc458b8a7f",""
"3","1","1","baseline","a144eb1a4a89d4ac0912b187b851d7845716c7d8","f56ea4902f385955a8d2438bb306087ba3274848dddfdc36602d269392ab08c1","vectorPerformance","mixture8","Quantile","4","-1","412094","4000","500","Complete","0.1085394","1.7E-5","0.0840772","0.0244452","0.4375","0.001","816779","4000","13172.219750891138","13222.282432153374","9557.095877190202","1.0009523655339596","4.505381108384656","0","df0a2d121acaf8121fe4585bac661d116d56b94d4bbd87d7554b9b56bc69a16b",""
"3","1","1","baseline","a144eb1a4a89d4ac0912b187b851d7845716c7d8","f56ea4902f385955a8d2438bb306087ba3274848dddfdc36602d269392ab08c1","vectorPerformance","mixture8","Quantile","4","0","420013","4000","500","Complete","0.1076422","1.54E-5","0.0814315","0.0261953","0.4375","0.002","794198","4000","4.186058672517822","7.066033020998243","25.872565892706334","1.528293121197245","3.254959184947837","8","298edcccf4cb67bd1d71a2c67eaac49d9c2f065b01ce89b5a425470b4ac34246",""
"3","1","1","baseline","a144eb1a4a89d4ac0912b187b851d7845716c7d8","f56ea4902f385955a8d2438bb306087ba3274848dddfdc36602d269392ab08c1","vectorPerformance","mixture8","Quantile","4","1","427932","4000","500","Complete","0.1038796","1.61E-5","0.076657","0.0272065","0.375","0.002","793428","4000","4.1830750512240416","7.063117190644894","25.56957561795727","1.5283657513611182","3.2567621870613133","8","273d5a969b71614959a723e90feee880f8890fbdd52ed734512ecdb8349192a1",""
"3","1","1","baseline","a144eb1a4a89d4ac0912b187b851d7845716c7d8","f56ea4902f385955a8d2438bb306087ba3274848dddfdc36602d269392ab08c1","vectorPerformance","mixture8","Quantile","4","2","435851","4000","500","Complete","0.1024331","1.62E-5","0.0784492","0.0239677","0.375","0.002","819559","4000","13453.176078554361","13421.262962358194","9216.280792110578","1.0005674240480147","4.502788958677054","0","d8c678a9202d9a68411f907dc58204bfa1e84fa81561ad1055f777dd4b42c6f2",""
"3","1","1","baseline","a144eb1a4a89d4ac0912b187b851d7845716c7d8","f56ea4902f385955a8d2438bb306087ba3274848dddfdc36602d269392ab08c1","vectorPerformance","mixture8","Quantile","4","3","443770","4000","500","Complete","0.1028213","1.59E-5","0.0772048","0.0256006","0.375","0.0","818525","4000","14133.815442025896","14200.524096105466","9050.625427824825","1.0007425189374404","4.512149086714977","0","1bb1a4f128a60c3df02103528fa01749d02171821dd07470e5dae7f5e8630625",""
"3","1","1","baseline","a144eb1a4a89d4ac0912b187b851d7845716c7d8","f56ea4902f385955a8d2438bb306087ba3274848dddfdc36602d269392ab08c1","vectorPerformance","mixture8","Quantile","4","4","451689","4000","500","Complete","0.1063599","1.57E-5","0.0805472","0.025797","0.421875","0.001","819229","4000","12826.818650755431","12819.884446949432","9099.649034826969","1.000430048273552","4.504000123365279","0","678212121ddd43756b45e7bd2e21e3caba79bf54b0c78a22985c55552046cf37",""
"3","1","1","baseline","a144eb1a4a89d4ac0912b187b851d7845716c7d8","f56ea4902f385955a8d2438bb306087ba3274848dddfdc36602d269392ab08c1","vectorPerformance","positive32","GPSS","1","-2","404175","4000","500","Complete","0.5125915","2.45E-5","0.1912376","0.3213294","0.859375","0.002","312248","4000","6.507081555422677","8.267454120088496","11.239726363241573","1.4243493212370788","0.9111742118510904","32","e1f462be7160698fc96433c37d8e6460fa2b583d96e58a05af89904985ee97c5",""
"3","1","1","baseline","a144eb1a4a89d4ac0912b187b851d7845716c7d8","f56ea4902f385955a8d2438bb306087ba3274848dddfdc36602d269392ab08c1","vectorPerformance","positive32","GPSS","1","-1","412094","4000","500","Complete","0.5064888","2.25E-5","0.1880227","0.3184436","0.515625","0.002","312989","4000","5.495322761597328","8.012492423835413","12.29336507256984","1.4621066333934736","0.5327465027759886","32","047503de7ceb57f45f2c33ddf27b78c64d75cb6665a40538a8909c85da9d2c02",""
"3","1","1","baseline","a144eb1a4a89d4ac0912b187b851d7845716c7d8","f56ea4902f385955a8d2438bb306087ba3274848dddfdc36602d269392ab08c1","vectorPerformance","positive32","GPSS","1","0","420013","4000","500","Complete","0.5127171","2.52E-5","0.1909697","0.3217222","0.5625","0.004","315080","4000","5.054210848500271","6.4086389980297715","11.498400167812514","1.682066869867944","1.124774421937512","32","9182bbb858877f9a625ab3c8ae05e7120fdc466f42d5a1dceccf9395da6065e9",""
"3","1","1","baseline","a144eb1a4a89d4ac0912b187b851d7845716c7d8","f56ea4902f385955a8d2438bb306087ba3274848dddfdc36602d269392ab08c1","vectorPerformance","positive32","GPSS","1","1","427932","4000","500","Complete","0.5043939","2.33E-5","0.1877734","0.3165972","0.5","0.002","310499","4000","4.949526595516298","7.4253970060875725","11.370735805288119","1.496332455560683","0.5218258205642705","32","f0d7064a140efac0e8d7992843e936b5b1ea4f33b336f96c18ed34d07d4ff733",""
"3","1","1","baseline","a144eb1a4a89d4ac0912b187b851d7845716c7d8","f56ea4902f385955a8d2438bb306087ba3274848dddfdc36602d269392ab08c1","vectorPerformance","positive32","GPSS","1","2","435851","4000","500","Complete","0.5131621","2.24E-5","0.192076","0.3210637","0.515625","0.002","312895","4000","6.595439608345559","8.875134343603566","10.947737821804315","1.3815878832703925","0.38311879002350624","32","0365e43fa384cead64ff9f89d32ea3ea9edfdb1f4523fadebe6c708ca213e343",""
"3","1","1","baseline","a144eb1a4a89d4ac0912b187b851d7845716c7d8","f56ea4902f385955a8d2438bb306087ba3274848dddfdc36602d269392ab08c1","vectorPerformance","positive32","GPSS","1","3","443770","4000","500","Complete","0.5151316","3.45E-5","0.1933683","0.3217288","0.5","0.006","322378","4000","4.786571198089734","5.896539279571406","11.375709989448119","1.7909712039019074","1.5561805918696656","32","6ad6daee0ad4e8690da4c2f3a9ad5ab953ab95d6f3a80ac9994366367dae6f68",""
"3","1","1","baseline","a144eb1a4a89d4ac0912b187b851d7845716c7d8","f56ea4902f385955a8d2438bb306087ba3274848dddfdc36602d269392ab08c1","vectorPerformance","positive32","GPSS","1","4","451689","4000","500","Complete","0.5084524","2.28E-5","0.1887791","0.3196505","0.5","0.002","312493","4000","7.11180708957874","8.71283262637544","16.641164170760746","1.408214647506748","0.6415784047018325","32","b56b7859597de05ce23273ba96ae874e4baee6fad0f20d955b87448e5465d676",""
"3","1","1","baseline","a144eb1a4a89d4ac0912b187b851d7845716c7d8","f56ea4902f385955a8d2438bb306087ba3274848dddfdc36602d269392ab08c1","vectorPerformance","positive32","GPSS","2","-2","404175","4000","500","Complete","0.2928586","2.56E-5","0.1247803","0.1680527","1.0","0.002","312248","4000","6.507081555422677","8.267454120088496","11.239726363241573","1.4243493212370788","0.9111742118510904","32","e1f462be7160698fc96433c37d8e6460fa2b583d96e58a05af89904985ee97c5",""
"3","1","1","baseline","a144eb1a4a89d4ac0912b187b851d7845716c7d8","f56ea4902f385955a8d2438bb306087ba3274848dddfdc36602d269392ab08c1","vectorPerformance","positive32","GPSS","2","-1","412094","4000","500","Complete","0.2892546","2.3E-5","0.116172","0.1730596","0.578125","0.004","312989","4000","5.495322761597328","8.012492423835413","12.29336507256984","1.4621066333934736","0.5327465027759886","32","047503de7ceb57f45f2c33ddf27b78c64d75cb6665a40538a8909c85da9d2c02",""
"3","1","1","baseline","a144eb1a4a89d4ac0912b187b851d7845716c7d8","f56ea4902f385955a8d2438bb306087ba3274848dddfdc36602d269392ab08c1","vectorPerformance","positive32","GPSS","2","0","420013","4000","500","Complete","0.2818819","2.33E-5","0.1172217","0.1646369","0.5625","0.003","315080","4000","5.054210848500271","6.4086389980297715","11.498400167812514","1.682066869867944","1.124774421937512","32","9182bbb858877f9a625ab3c8ae05e7120fdc466f42d5a1dceccf9395da6065e9",""
"3","1","1","baseline","a144eb1a4a89d4ac0912b187b851d7845716c7d8","f56ea4902f385955a8d2438bb306087ba3274848dddfdc36602d269392ab08c1","vectorPerformance","positive32","GPSS","2","1","427932","4000","500","Complete","0.2846942","2.57E-5","0.1140929","0.1705756","0.609375","0.003","310499","4000","4.949526595516298","7.4253970060875725","11.370735805288119","1.496332455560683","0.5218258205642705","32","f0d7064a140efac0e8d7992843e936b5b1ea4f33b336f96c18ed34d07d4ff733",""
"3","1","1","baseline","a144eb1a4a89d4ac0912b187b851d7845716c7d8","f56ea4902f385955a8d2438bb306087ba3274848dddfdc36602d269392ab08c1","vectorPerformance","positive32","GPSS","2","2","435851","4000","500","Complete","0.2860328","2.4E-5","0.1145045","0.1715043","0.59375","0.004","312895","4000","6.595439608345559","8.875134343603566","10.947737821804315","1.3815878832703925","0.38311879002350624","32","0365e43fa384cead64ff9f89d32ea3ea9edfdb1f4523fadebe6c708ca213e343",""
"3","1","1","baseline","a144eb1a4a89d4ac0912b187b851d7845716c7d8","f56ea4902f385955a8d2438bb306087ba3274848dddfdc36602d269392ab08c1","vectorPerformance","positive32","GPSS","2","3","443770","4000","500","Complete","0.2856957","2.38E-5","0.1180393","0.1676326","0.9375","0.003","322378","4000","4.786571198089734","5.896539279571406","11.375709989448119","1.7909712039019074","1.5561805918696656","32","6ad6daee0ad4e8690da4c2f3a9ad5ab953ab95d6f3a80ac9994366367dae6f68",""
"3","1","1","baseline","a144eb1a4a89d4ac0912b187b851d7845716c7d8","f56ea4902f385955a8d2438bb306087ba3274848dddfdc36602d269392ab08c1","vectorPerformance","positive32","GPSS","2","4","451689","4000","500","Complete","0.2809989","2.83E-5","0.1159982","0.1649724","0.890625","0.002","312493","4000","7.11180708957874","8.71283262637544","16.641164170760746","1.408214647506748","0.6415784047018325","32","b56b7859597de05ce23273ba96ae874e4baee6fad0f20d955b87448e5465d676",""
"3","1","1","baseline","a144eb1a4a89d4ac0912b187b851d7845716c7d8","f56ea4902f385955a8d2438bb306087ba3274848dddfdc36602d269392ab08c1","vectorPerformance","positive32","GPSS","4","-2","404175","4000","500","Complete","0.1929486","2.89E-5","0.0946965","0.0982232","1.09375","0.005","312248","4000","6.507081555422677","8.267454120088496","11.239726363241573","1.4243493212370788","0.9111742118510904","32","e1f462be7160698fc96433c37d8e6460fa2b583d96e58a05af89904985ee97c5",""
"3","1","1","baseline","a144eb1a4a89d4ac0912b187b851d7845716c7d8","f56ea4902f385955a8d2438bb306087ba3274848dddfdc36602d269392ab08c1","vectorPerformance","positive32","GPSS","4","-1","412094","4000","500","Complete","0.1975716","2.78E-5","0.0967617","0.1007821","0.859375","0.004","312989","4000","5.495322761597328","8.012492423835413","12.29336507256984","1.4621066333934736","0.5327465027759886","32","047503de7ceb57f45f2c33ddf27b78c64d75cb6665a40538a8909c85da9d2c02",""
"3","1","1","baseline","a144eb1a4a89d4ac0912b187b851d7845716c7d8","f56ea4902f385955a8d2438bb306087ba3274848dddfdc36602d269392ab08c1","vectorPerformance","positive32","GPSS","4","0","420013","4000","500","Complete","0.1942978","2.29E-5","0.0961459","0.098129","0.75","0.005","315080","4000","5.054210848500271","6.4086389980297715","11.498400167812514","1.682066869867944","1.124774421937512","32","9182bbb858877f9a625ab3c8ae05e7120fdc466f42d5a1dceccf9395da6065e9",""
"3","1","1","baseline","a144eb1a4a89d4ac0912b187b851d7845716c7d8","f56ea4902f385955a8d2438bb306087ba3274848dddfdc36602d269392ab08c1","vectorPerformance","positive32","GPSS","4","1","427932","4000","500","Complete","0.199159","2.34E-5","0.0968756","0.10226","1.078125","0.005","310499","4000","4.949526595516298","7.4253970060875725","11.370735805288119","1.496332455560683","0.5218258205642705","32","f0d7064a140efac0e8d7992843e936b5b1ea4f33b336f96c18ed34d07d4ff733",""
"3","1","1","baseline","a144eb1a4a89d4ac0912b187b851d7845716c7d8","f56ea4902f385955a8d2438bb306087ba3274848dddfdc36602d269392ab08c1","vectorPerformance","positive32","GPSS","4","2","435851","4000","500","Complete","0.1980603","2.43E-5","0.0982276","0.0998084","0.8125","0.004","312895","4000","6.595439608345559","8.875134343603566","10.947737821804315","1.3815878832703925","0.38311879002350624","32","0365e43fa384cead64ff9f89d32ea3ea9edfdb1f4523fadebe6c708ca213e343",""
"3","1","1","baseline","a144eb1a4a89d4ac0912b187b851d7845716c7d8","f56ea4902f385955a8d2438bb306087ba3274848dddfdc36602d269392ab08c1","vectorPerformance","positive32","GPSS","4","3","443770","4000","500","Complete","0.1996532","2.53E-5","0.1024052","0.0972227","0.796875","0.005","322378","4000","4.786571198089734","5.896539279571406","11.375709989448119","1.7909712039019074","1.5561805918696656","32","6ad6daee0ad4e8690da4c2f3a9ad5ab953ab95d6f3a80ac9994366367dae6f68",""
"3","1","1","baseline","a144eb1a4a89d4ac0912b187b851d7845716c7d8","f56ea4902f385955a8d2438bb306087ba3274848dddfdc36602d269392ab08c1","vectorPerformance","positive32","GPSS","4","4","451689","4000","500","Complete","0.1966157","2.32E-5","0.0975374","0.0990551","0.75","0.005","312493","4000","7.11180708957874","8.71283262637544","16.641164170760746","1.408214647506748","0.6415784047018325","32","b56b7859597de05ce23273ba96ae874e4baee6fad0f20d955b87448e5465d676",""
"3","1","1","baseline","a144eb1a4a89d4ac0912b187b851d7845716c7d8","f56ea4902f385955a8d2438bb306087ba3274848dddfdc36602d269392ab08c1","vectorPerformance","positive32","Quantile","1","-2","404175","4000","500","Complete","0.7401902","2.21E-5","0.4113919","0.3287762","0.875","0.006","2332703","4000","8030.260361578566","7443.725542312934","10980.95587684255","1.0012073242374708","0.03162578897149504","0","109d1589a3cfa1856056d074588bf62a00242342be20aaa02c7f9fa0c3d02464",""
"3","1","1","baseline","a144eb1a4a89d4ac0912b187b851d7845716c7d8","f56ea4902f385955a8d2438bb306087ba3274848dddfdc36602d269392ab08c1","vectorPerformance","positive32","Quantile","1","-1","412094","4000","500","Complete","0.7429833","2.08E-5","0.4160546","0.3269079","0.75","0.007","2332056","4000","7849.260320702932","7497.08911341319","10218.844461352033","1.000850226319869","0.023734462941020107","0","2e7ae8f39b7d995378c03be6210919257cb3c5da65a71f7499cfe9fc1c43ddaa",""
"3","1","1","baseline","a144eb1a4a89d4ac0912b187b851d7845716c7d8","f56ea4902f385955a8d2438bb306087ba3274848dddfdc36602d269392ab08c1","vectorPerformance","positive32","Quantile","1","0","420013","4000","500","Complete","0.7401262","3.64E-5","0.4084292","0.3316606","0.765625","0.008","2331456","4000","8061.462008922536","7644.287188277893","10396.228328686206","1.000767355772193","0.026399068267307313","0","b1c80d02d980f561db28b8e8c75872a90bfe94527189f07f4dfe1c9226d272e5",""
"3","1","1","baseline","a144eb1a4a89d4ac0912b187b851d7845716c7d8","f56ea4902f385955a8d2438bb306087ba3274848dddfdc36602d269392ab08c1","vectorPerformance","positive32","Quantile","1","1","427932","4000","500","Complete","0.7471678","2.04E-5","0.4136946","0.3334528","0.75","0.009","2330866","4000","7748.716822064378","7364.471868294603","10702.763364386927","1.0006942215274883","0.030448865944532777","0","218737eae3e2da277e8b65fe3a76bd5f04046950597185a676bdc475001c1e46",""
"3","1","1","baseline","a144eb1a4a89d4ac0912b187b851d7845716c7d8","f56ea4902f385955a8d2438bb306087ba3274848dddfdc36602d269392ab08c1","vectorPerformance","positive32","Quantile","1","2","435851","4000","500","Complete","0.7434308","1.89E-5","0.4159088","0.3275031","0.734375","0.006","2331863","4000","7994.761109518766","7444.795092892279","10756.070846197807","1.0010742652566522","0.026722483101742966","0","fb50892c47662c7c9c7473b45775635e782a20ef09488c3bc7f407bd559adfe3",""
"3","1","1","baseline","a144eb1a4a89d4ac0912b187b851d7845716c7d8","f56ea4902f385955a8d2438bb306087ba3274848dddfdc36602d269392ab08c1","vectorPerformance","positive32","Quantile","1","3","443770","4000","500","Complete","0.7491068","4.65E-5","0.4089749","0.3400854","0.78125","0.015","2331071","4000","8046.326204198977","7094.826103737033","10587.156707045673","1.0006492486922247","0.022192055198105076","0","ea829d033823c80e3ad79c2bf9f4c957103c19055e7f39ac840ae3dd8ecf7787",""
"3","1","1","baseline","a144eb1a4a89d4ac0912b187b851d7845716c7d8","f56ea4902f385955a8d2438bb306087ba3274848dddfdc36602d269392ab08c1","vectorPerformance","positive32","Quantile","1","4","451689","4000","500","Complete","0.757479","1.89E-5","0.4182478","0.3392123","0.796875","0.013","2329615","4000","8049.572429524939","7585.9302215949265","10803.178568962107","1.001435614653514","0.019996657665890316","0","f2275fab90488b6e0703edb3fe7b6bef8718ce8c0b14a645dc9d2b61880d135c",""
"3","1","1","baseline","a144eb1a4a89d4ac0912b187b851d7845716c7d8","f56ea4902f385955a8d2438bb306087ba3274848dddfdc36602d269392ab08c1","vectorPerformance","positive32","Quantile","2","-2","404175","4000","500","Complete","0.425961","2.1E-5","0.2487117","0.1772283","0.875","0.009","2332703","4000","8030.260361578566","7443.725542312934","10980.95587684255","1.0012073242374708","0.03162578897149504","0","109d1589a3cfa1856056d074588bf62a00242342be20aaa02c7f9fa0c3d02464",""
"3","1","1","baseline","a144eb1a4a89d4ac0912b187b851d7845716c7d8","f56ea4902f385955a8d2438bb306087ba3274848dddfdc36602d269392ab08c1","vectorPerformance","positive32","Quantile","2","-1","412094","4000","500","Complete","0.3980038","2.11E-5","0.2244745","0.1735082","1.125","0.008","2332056","4000","7849.260320702932","7497.08911341319","10218.844461352033","1.000850226319869","0.023734462941020107","0","2e7ae8f39b7d995378c03be6210919257cb3c5da65a71f7499cfe9fc1c43ddaa",""
"3","1","1","baseline","a144eb1a4a89d4ac0912b187b851d7845716c7d8","f56ea4902f385955a8d2438bb306087ba3274848dddfdc36602d269392ab08c1","vectorPerformance","positive32","Quantile","2","0","420013","4000","500","Complete","0.4018347","2.05E-5","0.2299899","0.1718243","0.796875","0.006","2331456","4000","8061.462008922536","7644.287188277893","10396.228328686206","1.000767355772193","0.026399068267307313","0","b1c80d02d980f561db28b8e8c75872a90bfe94527189f07f4dfe1c9226d272e5",""
"3","1","1","baseline","a144eb1a4a89d4ac0912b187b851d7845716c7d8","f56ea4902f385955a8d2438bb306087ba3274848dddfdc36602d269392ab08c1","vectorPerformance","positive32","Quantile","2","1","427932","4000","500","Complete","0.4031581","2.14E-5","0.2312052","0.1719315","0.78125","0.005","2330866","4000","7748.716822064378","7364.471868294603","10702.763364386927","1.0006942215274883","0.030448865944532777","0","218737eae3e2da277e8b65fe3a76bd5f04046950597185a676bdc475001c1e46",""
"3","1","1","baseline","a144eb1a4a89d4ac0912b187b851d7845716c7d8","f56ea4902f385955a8d2438bb306087ba3274848dddfdc36602d269392ab08c1","vectorPerformance","positive32","Quantile","2","2","435851","4000","500","Complete","0.4031953","1.97E-5","0.2300318","0.1731438","0.828125","0.005","2331863","4000","7994.761109518766","7444.795092892279","10756.070846197807","1.0010742652566522","0.026722483101742966","0","fb50892c47662c7c9c7473b45775635e782a20ef09488c3bc7f407bd559adfe3",""
"3","1","1","baseline","a144eb1a4a89d4ac0912b187b851d7845716c7d8","f56ea4902f385955a8d2438bb306087ba3274848dddfdc36602d269392ab08c1","vectorPerformance","positive32","Quantile","2","3","443770","4000","500","Complete","0.3978028","2.82E-5","0.2301593","0.1676153","1.109375","0.006","2331071","4000","8046.326204198977","7094.826103737033","10587.156707045673","1.0006492486922247","0.022192055198105076","0","ea829d033823c80e3ad79c2bf9f4c957103c19055e7f39ac840ae3dd8ecf7787",""
"3","1","1","baseline","a144eb1a4a89d4ac0912b187b851d7845716c7d8","f56ea4902f385955a8d2438bb306087ba3274848dddfdc36602d269392ab08c1","vectorPerformance","positive32","Quantile","2","4","451689","4000","500","Complete","0.4000114","1.79E-5","0.2235557","0.1764378","0.78125","0.008","2329615","4000","8049.572429524939","7585.9302215949265","10803.178568962107","1.001435614653514","0.019996657665890316","0","f2275fab90488b6e0703edb3fe7b6bef8718ce8c0b14a645dc9d2b61880d135c",""
"3","1","1","baseline","a144eb1a4a89d4ac0912b187b851d7845716c7d8","f56ea4902f385955a8d2438bb306087ba3274848dddfdc36602d269392ab08c1","vectorPerformance","positive32","Quantile","4","-2","404175","4000","500","Complete","0.2899527","2.11E-5","0.1964517","0.0934799","1.140625","0.007","2332703","4000","8030.260361578566","7443.725542312934","10980.95587684255","1.0012073242374708","0.03162578897149504","0","109d1589a3cfa1856056d074588bf62a00242342be20aaa02c7f9fa0c3d02464",""
"3","1","1","baseline","a144eb1a4a89d4ac0912b187b851d7845716c7d8","f56ea4902f385955a8d2438bb306087ba3274848dddfdc36602d269392ab08c1","vectorPerformance","positive32","Quantile","4","-1","412094","4000","500","Complete","0.2856196","2.14E-5","0.1842187","0.1013795","1.375","0.005","2332056","4000","7849.260320702932","7497.08911341319","10218.844461352033","1.000850226319869","0.023734462941020107","0","2e7ae8f39b7d995378c03be6210919257cb3c5da65a71f7499cfe9fc1c43ddaa",""
"3","1","1","baseline","a144eb1a4a89d4ac0912b187b851d7845716c7d8","f56ea4902f385955a8d2438bb306087ba3274848dddfdc36602d269392ab08c1","vectorPerformance","positive32","Quantile","4","0","420013","4000","500","Complete","0.2852667","1.99E-5","0.1878977","0.0973491","1.421875","0.005","2331456","4000","8061.462008922536","7644.287188277893","10396.228328686206","1.000767355772193","0.026399068267307313","0","b1c80d02d980f561db28b8e8c75872a90bfe94527189f07f4dfe1c9226d272e5",""
"3","1","1","baseline","a144eb1a4a89d4ac0912b187b851d7845716c7d8","f56ea4902f385955a8d2438bb306087ba3274848dddfdc36602d269392ab08c1","vectorPerformance","positive32","Quantile","4","1","427932","4000","500","Complete","0.2756635","1.87E-5","0.1820266","0.0936182","1.71875","0.006","2330866","4000","7748.716822064378","7364.471868294603","10702.763364386927","1.0006942215274883","0.030448865944532777","0","218737eae3e2da277e8b65fe3a76bd5f04046950597185a676bdc475001c1e46",""
"3","1","1","baseline","a144eb1a4a89d4ac0912b187b851d7845716c7d8","f56ea4902f385955a8d2438bb306087ba3274848dddfdc36602d269392ab08c1","vectorPerformance","positive32","Quantile","4","2","435851","4000","500","Complete","0.2840255","1.99E-5","0.182734","0.1012716","1.390625","0.01","2331863","4000","7994.761109518766","7444.795092892279","10756.070846197807","1.0010742652566522","0.026722483101742966","0","fb50892c47662c7c9c7473b45775635e782a20ef09488c3bc7f407bd559adfe3",""
"3","1","1","baseline","a144eb1a4a89d4ac0912b187b851d7845716c7d8","f56ea4902f385955a8d2438bb306087ba3274848dddfdc36602d269392ab08c1","vectorPerformance","positive32","Quantile","4","3","443770","4000","500","Complete","0.2825683","2.14E-5","0.1838885","0.0986584","1.390625","0.009","2331071","4000","8046.326204198977","7094.826103737033","10587.156707045673","1.0006492486922247","0.022192055198105076","0","ea829d033823c80e3ad79c2bf9f4c957103c19055e7f39ac840ae3dd8ecf7787",""
"3","1","1","baseline","a144eb1a4a89d4ac0912b187b851d7845716c7d8","f56ea4902f385955a8d2438bb306087ba3274848dddfdc36602d269392ab08c1","vectorPerformance","positive32","Quantile","4","4","451689","4000","500","Complete","0.2783586","1.87E-5","0.1859428","0.0923971","1.09375","0.006","2329615","4000","8049.572429524939","7585.9302215949265","10803.178568962107","1.001435614653514","0.019996657665890316","0","f2275fab90488b6e0703edb3fe7b6bef8718ce8c0b14a645dc9d2b61880d135c",""
"4","2","0","baseline","a144eb1a4a89d4ac0912b187b851d7845716c7d8","f56ea4902f385955a8d2438bb306087ba3274848dddfdc36602d269392ab08c1","vectorPerformance","correlated32","GPSS","1","-2","404175","4000","500","Complete","0.5283311","3.12E-5","0.2187974","0.3095025","0.609375","0.002","265461","4000","645.117038188815","619.6601510130125","111.82974658890811","1.4709232708798055","0.0221888479832677","32","34ba7e81aae421fabb6d7abc8b37fed811e4c6a3b11b225e03c34135c20e5fab",""
"4","2","0","baseline","a144eb1a4a89d4ac0912b187b851d7845716c7d8","f56ea4902f385955a8d2438bb306087ba3274848dddfdc36602d269392ab08c1","vectorPerformance","correlated32","GPSS","1","-1","412094","4000","500","Complete","0.5268833","2.97E-5","0.216303","0.3105506","0.515625","0.004","260316","4000","564.5119782236644","553.9746471274595","68.93212740164371","1.6458772028336794","0.06977010736276656","32","0dd72e443f3b53513a682dd3fda3078d30eb3ca1e5546f164ad2b8797a0cc49f",""
"4","2","0","baseline","a144eb1a4a89d4ac0912b187b851d7845716c7d8","f56ea4902f385955a8d2438bb306087ba3274848dddfdc36602d269392ab08c1","vectorPerformance","correlated32","GPSS","1","0","420013","4000","500","Complete","0.5342502","3.09E-5","0.2192427","0.3149766","0.546875","0.004","271170","4000","550.788691510793","462.92862585511017","31.898583590051008","1.6153232296497368","0.02539427674995709","32","4e32fd58fd10390b4e797c6902eed30b34036ec3e48184af25c550e5ecd201e4",""
"4","2","0","baseline","a144eb1a4a89d4ac0912b187b851d7845716c7d8","f56ea4902f385955a8d2438bb306087ba3274848dddfdc36602d269392ab08c1","vectorPerformance","correlated32","GPSS","1","1","427932","4000","500","Complete","0.5156434","3.05E-5","0.2011112","0.3145017","0.515625","0.005","243643","4000","728.9168563232058","707.6422054588379","37.327199337196575","1.394679319897266","0.014786962883091226","32","6556bc9a5258d4cf10554a8f1be0f66bc02b8dd465a89ab0179fc4a9bce27863",""
"4","2","0","baseline","a144eb1a4a89d4ac0912b187b851d7845716c7d8","f56ea4902f385955a8d2438bb306087ba3274848dddfdc36602d269392ab08c1","vectorPerformance","correlated32","GPSS","1","2","435851","4000","500","Complete","0.5301824","2.44E-5","0.2141294","0.3160286","0.53125","0.005","252525","4000","851.515000276373","802.0414367077282","72.65826721585422","1.3443798021720257","0.05441559245735261","32","241b3dbb9e14d1912d29f4167a0d49b5aac92799d098cc4aea7fd189aea591d5",""
"4","2","0","baseline","a144eb1a4a89d4ac0912b187b851d7845716c7d8","f56ea4902f385955a8d2438bb306087ba3274848dddfdc36602d269392ab08c1","vectorPerformance","correlated32","GPSS","1","3","443770","4000","500","Complete","0.518053","2.64E-5","0.2107569","0.3072697","0.515625","0.003","252476","4000","579.6107666912351","519.1606176358861","80.32525737492834","1.1037679615355824","0.05661873010414342","32","e379cb80ecf5804cc22ddf166b2fd12dfc52cf394467b1b6e6cab088cb4ce1a7",""
"4","2","0","baseline","a144eb1a4a89d4ac0912b187b851d7845716c7d8","f56ea4902f385955a8d2438bb306087ba3274848dddfdc36602d269392ab08c1","vectorPerformance","correlated32","GPSS","1","4","451689","4000","500","Complete","0.5316045","2.46E-5","0.2221809","0.309399","0.53125","0.004","276146","4000","745.841296773472","687.9271641953604","73.67496547194912","1.1447391912214941","0.06804485983194875","32","d07f89bf5cc41c4bd92db0f6611a71a2eba9eae89a88327e3e8eeccefa31029b",""
"4","2","0","baseline","a144eb1a4a89d4ac0912b187b851d7845716c7d8","f56ea4902f385955a8d2438bb306087ba3274848dddfdc36602d269392ab08c1","vectorPerformance","correlated32","GPSS","2","-2","404175","4000","500","Complete","0.3437181","3.83E-5","0.1548017","0.1888781","0.875","0.004","265461","4000","645.117038188815","619.6601510130125","111.82974658890811","1.4709232708798055","0.0221888479832677","32","34ba7e81aae421fabb6d7abc8b37fed811e4c6a3b11b225e03c34135c20e5fab",""
"4","2","0","baseline","a144eb1a4a89d4ac0912b187b851d7845716c7d8","f56ea4902f385955a8d2438bb306087ba3274848dddfdc36602d269392ab08c1","vectorPerformance","correlated32","GPSS","2","-1","412094","4000","500","Complete","0.3137096","2.93E-5","0.1375083","0.176172","0.65625","0.003","260316","4000","564.5119782236644","553.9746471274595","68.93212740164371","1.6458772028336794","0.06977010736276656","32","0dd72e443f3b53513a682dd3fda3078d30eb3ca1e5546f164ad2b8797a0cc49f",""
"4","2","0","baseline","a144eb1a4a89d4ac0912b187b851d7845716c7d8","f56ea4902f385955a8d2438bb306087ba3274848dddfdc36602d269392ab08c1","vectorPerformance","correlated32","GPSS","2","0","420013","4000","500","Complete","0.3028238","3.48E-5","0.1404005","0.1623885","0.578125","0.004","271170","4000","550.788691510793","462.92862585511017","31.898583590051008","1.6153232296497368","0.02539427674995709","32","4e32fd58fd10390b4e797c6902eed30b34036ec3e48184af25c550e5ecd201e4",""
"4","2","0","baseline","a144eb1a4a89d4ac0912b187b851d7845716c7d8","f56ea4902f385955a8d2438bb306087ba3274848dddfdc36602d269392ab08c1","vectorPerformance","correlated32","GPSS","2","1","427932","4000","500","Complete","0.3101385","6.5E-5","0.1392342","0.1708393","0.609375","0.003","243643","4000","728.9168563232058","707.6422054588379","37.327199337196575","1.394679319897266","0.014786962883091226","32","6556bc9a5258d4cf10554a8f1be0f66bc02b8dd465a89ab0179fc4a9bce27863",""
"4","2","0","baseline","a144eb1a4a89d4ac0912b187b851d7845716c7d8","f56ea4902f385955a8d2438bb306087ba3274848dddfdc36602d269392ab08c1","vectorPerformance","correlated32","GPSS","2","2","435851","4000","500","Complete","0.3055876","2.35E-5","0.1365697","0.1689944","0.609375","0.004","252525","4000","851.515000276373","802.0414367077282","72.65826721585422","1.3443798021720257","0.05441559245735261","32","241b3dbb9e14d1912d29f4167a0d49b5aac92799d098cc4aea7fd189aea591d5",""
"4","2","0","baseline","a144eb1a4a89d4ac0912b187b851d7845716c7d8","f56ea4902f385955a8d2438bb306087ba3274848dddfdc36602d269392ab08c1","vectorPerformance","correlated32","GPSS","2","3","443770","4000","500","Complete","0.2947053","2.64E-5","0.136486","0.1581929","0.578125","0.003","252476","4000","579.6107666912351","519.1606176358861","80.32525737492834","1.1037679615355824","0.05661873010414342","32","e379cb80ecf5804cc22ddf166b2fd12dfc52cf394467b1b6e6cab088cb4ce1a7",""
"4","2","0","baseline","a144eb1a4a89d4ac0912b187b851d7845716c7d8","f56ea4902f385955a8d2438bb306087ba3274848dddfdc36602d269392ab08c1","vectorPerformance","correlated32","GPSS","2","4","451689","4000","500","Complete","0.308434","2.31E-5","0.14556","0.1628509","0.625","0.004","276146","4000","745.841296773472","687.9271641953604","73.67496547194912","1.1447391912214941","0.06804485983194875","32","d07f89bf5cc41c4bd92db0f6611a71a2eba9eae89a88327e3e8eeccefa31029b",""
"4","2","0","baseline","a144eb1a4a89d4ac0912b187b851d7845716c7d8","f56ea4902f385955a8d2438bb306087ba3274848dddfdc36602d269392ab08c1","vectorPerformance","correlated32","GPSS","4","-2","404175","4000","500","Complete","0.2251912","3.07E-5","0.129887","0.0952735","0.921875","0.006","265461","4000","645.117038188815","619.6601510130125","111.82974658890811","1.4709232708798055","0.0221888479832677","32","34ba7e81aae421fabb6d7abc8b37fed811e4c6a3b11b225e03c34135c20e5fab",""
"4","2","0","baseline","a144eb1a4a89d4ac0912b187b851d7845716c7d8","f56ea4902f385955a8d2438bb306087ba3274848dddfdc36602d269392ab08c1","vectorPerformance","correlated32","GPSS","4","-1","412094","4000","500","Complete","0.2278758","3.09E-5","0.1339811","0.0938638","0.84375","0.004","260316","4000","564.5119782236644","553.9746471274595","68.93212740164371","1.6458772028336794","0.06977010736276656","32","0dd72e443f3b53513a682dd3fda3078d30eb3ca1e5546f164ad2b8797a0cc49f",""
"4","2","0","baseline","a144eb1a4a89d4ac0912b187b851d7845716c7d8","f56ea4902f385955a8d2438bb306087ba3274848dddfdc36602d269392ab08c1","vectorPerformance","correlated32","GPSS","4","0","420013","4000","500","Complete","0.2386721","3.0E-5","0.1373441","0.101298","0.890625","0.004","271170","4000","550.788691510793","462.92862585511017","31.898583590051008","1.6153232296497368","0.02539427674995709","32","4e32fd58fd10390b4e797c6902eed30b34036ec3e48184af25c550e5ecd201e4",""
"4","2","0","baseline","a144eb1a4a89d4ac0912b187b851d7845716c7d8","f56ea4902f385955a8d2438bb306087ba3274848dddfdc36602d269392ab08c1","vectorPerformance","correlated32","GPSS","4","1","427932","4000","500","Complete","0.2276037","3.15E-5","0.1350928","0.0924794","0.859375","0.003","243643","4000","728.9168563232058","707.6422054588379","37.327199337196575","1.394679319897266","0.014786962883091226","32","6556bc9a5258d4cf10554a8f1be0f66bc02b8dd465a89ab0179fc4a9bce27863",""
"4","2","0","baseline","a144eb1a4a89d4ac0912b187b851d7845716c7d8","f56ea4902f385955a8d2438bb306087ba3274848dddfdc36602d269392ab08c1","vectorPerformance","correlated32","GPSS","4","2","435851","4000","500","Complete","0.2397981","4.93E-5","0.1412322","0.0985166","0.984375","0.004","252525","4000","851.515000276373","802.0414367077282","72.65826721585422","1.3443798021720257","0.05441559245735261","32","241b3dbb9e14d1912d29f4167a0d49b5aac92799d098cc4aea7fd189aea591d5",""
"4","2","0","baseline","a144eb1a4a89d4ac0912b187b851d7845716c7d8","f56ea4902f385955a8d2438bb306087ba3274848dddfdc36602d269392ab08c1","vectorPerformance","correlated32","GPSS","4","3","443770","4000","500","Complete","0.223","2.32E-5","0.1273067","0.0956701","0.875","0.005","252476","4000","579.6107666912351","519.1606176358861","80.32525737492834","1.1037679615355824","0.05661873010414342","32","e379cb80ecf5804cc22ddf166b2fd12dfc52cf394467b1b6e6cab088cb4ce1a7",""
"4","2","0","baseline","a144eb1a4a89d4ac0912b187b851d7845716c7d8","f56ea4902f385955a8d2438bb306087ba3274848dddfdc36602d269392ab08c1","vectorPerformance","correlated32","GPSS","4","4","451689","4000","500","Complete","0.2290786","2.29E-5","0.1397906","0.0892651","1.203125","0.005","276146","4000","745.841296773472","687.9271641953604","73.67496547194912","1.1447391912214941","0.06804485983194875","32","d07f89bf5cc41c4bd92db0f6611a71a2eba9eae89a88327e3e8eeccefa31029b",""
"4","2","0","baseline","a144eb1a4a89d4ac0912b187b851d7845716c7d8","f56ea4902f385955a8d2438bb306087ba3274848dddfdc36602d269392ab08c1","vectorPerformance","correlated32","Quantile","1","-2","404175","4000","500","Complete","1.6273532","2.53E-5","1.3086781","0.3186498","2.0","0.023","3282856","4000","23.797668269094697","23.991783455481954","49.25430937145106","1.1516283632440742","0.3728865535403717","32","a76e28f6e88c6be3891bdc833beb8d8d0a1740b95f0935a4806e8ab65d3c899c",""
"4","2","0","baseline","a144eb1a4a89d4ac0912b187b851d7845716c7d8","f56ea4902f385955a8d2438bb306087ba3274848dddfdc36602d269392ab08c1","vectorPerformance","correlated32","Quantile","1","-1","412094","4000","500","Complete","1.5410304","2.31E-5","1.2213797","0.3196276","1.859375","0.018","3230583","4000","31.726513907349148","31.532168002260388","97.16989966673968","1.0798839490509835","0.08306741567350584","32","f9ed8df14134bddcfbb2d40aa6e479cfbaad40e1882750767724d2bc52df3b34",""
"4","2","0","baseline","a144eb1a4a89d4ac0912b187b851d7845716c7d8","f56ea4902f385955a8d2438bb306087ba3274848dddfdc36602d269392ab08c1","vectorPerformance","correlated32","Quantile","1","0","420013","4000","500","Complete","1.5833551","3.13E-5","1.2651008","0.318223","1.5625","0.02","3251733","4000","36.23737925347603","37.074760300245536","94.41153342442881","1.094481746270784","0.006936160462634622","32","70f5117f96cd02d2870b347963ec61f489004b4e752f979286b6bbb78357a72b",""
"4","2","0","baseline","a144eb1a4a89d4ac0912b187b851d7845716c7d8","f56ea4902f385955a8d2438bb306087ba3274848dddfdc36602d269392ab08c1","vectorPerformance","correlated32","Quantile","1","1","427932","4000","500","Complete","1.5411421","2.11E-5","1.22857","0.312551","1.546875","0.018","3236479","4000","31.801672449893193","32.058114379350506","84.74388663935426","1.0852433257313874","0.03363458703623934","32","9361e774d845e114d77fdb68cfdc974ca4f240b9ee801485b53bd51fdc75e4ee",""
"4","2","0","baseline","a144eb1a4a89d4ac0912b187b851d7845716c7d8","f56ea4902f385955a8d2438bb306087ba3274848dddfdc36602d269392ab08c1","vectorPerformance","correlated32","Quantile","1","2","435851","4000","500","Complete","1.5536089","2.08E-5","1.2238346","0.3297535","1.578125","0.021","3213584","4000","18.827593772089372","19.418977153927276","144.36214774069362","1.1856715933721973","0.22462708158086309","32","be8072aea54a06faab2c2090774614aa1ad4df6564d26d325be8e1037fc3c851",""
"4","2","0","baseline","a144eb1a4a89d4ac0912b187b851d7845716c7d8","f56ea4902f385955a8d2438bb306087ba3274848dddfdc36602d269392ab08c1","vectorPerformance","correlated32","Quantile","1","3","443770","4000","500","Complete","1.5764796","2.18E-5","1.2435563","0.3329015","1.9375","0.019","3292746","4000","8.551688513959126","8.66542172384507","23.37880092498311","1.3883316083476982","0.08359316129464744","32","3ae74ba297dfc21cabfcf0707b44b409c98d3bd3f9dfc2b6af98aa1fde2b375a",""
"4","2","0","baseline","a144eb1a4a89d4ac0912b187b851d7845716c7d8","f56ea4902f385955a8d2438bb306087ba3274848dddfdc36602d269392ab08c1","vectorPerformance","correlated32","Quantile","1","4","451689","4000","500","Complete","1.5504801","2.19E-5","1.2304501","0.3200081","1.875","0.019","3210555","4000","32.00943946980557","33.91863557210035","93.00550074538009","1.0837128123690845","0.1407722816405288","32","6de2fd21c7960b9d9708ca419e8aba6e1a90d027a2db52b77e66a4a749ca160e",""
"4","2","0","baseline","a144eb1a4a89d4ac0912b187b851d7845716c7d8","f56ea4902f385955a8d2438bb306087ba3274848dddfdc36602d269392ab08c1","vectorPerformance","correlated32","Quantile","2","-2","404175","4000","500","Complete","1.0352169","2.03E-5","0.8665056","0.168691","2.734375","0.018","3282856","4000","23.797668269094697","23.991783455481954","49.25430937145106","1.1516283632440742","0.3728865535403717","32","a76e28f6e88c6be3891bdc833beb8d8d0a1740b95f0935a4806e8ab65d3c899c",""
"4","2","0","baseline","a144eb1a4a89d4ac0912b187b851d7845716c7d8","f56ea4902f385955a8d2438bb306087ba3274848dddfdc36602d269392ab08c1","vectorPerformance","correlated32","Quantile","2","-1","412094","4000","500","Complete","1.0278517","2.0E-5","0.8561575","0.1716742","2.171875","0.018","3230583","4000","31.726513907349148","31.532168002260388","97.16989966673968","1.0798839490509835","0.08306741567350584","32","f9ed8df14134bddcfbb2d40aa6e479cfbaad40e1882750767724d2bc52df3b34",""
"4","2","0","baseline","a144eb1a4a89d4ac0912b187b851d7845716c7d8","f56ea4902f385955a8d2438bb306087ba3274848dddfdc36602d269392ab08c1","vectorPerformance","correlated32","Quantile","2","0","420013","4000","500","Complete","1.093023","3.19E-5","0.9222519","0.1707392","2.5","0.019","3251733","4000","36.23737925347603","37.074760300245536","94.41153342442881","1.094481746270784","0.006936160462634622","32","70f5117f96cd02d2870b347963ec61f489004b4e752f979286b6bbb78357a72b",""
"4","2","0","baseline","a144eb1a4a89d4ac0912b187b851d7845716c7d8","f56ea4902f385955a8d2438bb306087ba3274848dddfdc36602d269392ab08c1","vectorPerformance","correlated32","Quantile","2","1","427932","4000","500","Complete","1.0398169","2.15E-5","0.8720711","0.1677243","2.578125","0.019","3236479","4000","31.801672449893193","32.058114379350506","84.74388663935426","1.0852433257313874","0.03363458703623934","32","9361e774d845e114d77fdb68cfdc974ca4f240b9ee801485b53bd51fdc75e4ee",""
"4","2","0","baseline","a144eb1a4a89d4ac0912b187b851d7845716c7d8","f56ea4902f385955a8d2438bb306087ba3274848dddfdc36602d269392ab08c1","vectorPerformance","correlated32","Quantile","2","2","435851","4000","500","Complete","1.0347023","2.14E-5","0.8608206","0.1738603","2.046875","0.018","3213584","4000","18.827593772089372","19.418977153927276","144.36214774069362","1.1856715933721973","0.22462708158086309","32","be8072aea54a06faab2c2090774614aa1ad4df6564d26d325be8e1037fc3c851",""
"4","2","0","baseline","a144eb1a4a89d4ac0912b187b851d7845716c7d8","f56ea4902f385955a8d2438bb306087ba3274848dddfdc36602d269392ab08c1","vectorPerformance","correlated32","Quantile","2","3","443770","4000","500","Complete","1.0425627","2.23E-5","0.8724512","0.1700892","2.125","0.02","3292746","4000","8.551688513959126","8.66542172384507","23.37880092498311","1.3883316083476982","0.08359316129464744","32","3ae74ba297dfc21cabfcf0707b44b409c98d3bd3f9dfc2b6af98aa1fde2b375a",""
"4","2","0","baseline","a144eb1a4a89d4ac0912b187b851d7845716c7d8","f56ea4902f385955a8d2438bb306087ba3274848dddfdc36602d269392ab08c1","vectorPerformance","correlated32","Quantile","2","4","451689","4000","500","Complete","1.0243268","2.31E-5","0.8480317","0.176272","2.03125","0.018","3210555","4000","32.00943946980557","33.91863557210035","93.00550074538009","1.0837128123690845","0.1407722816405288","32","6de2fd21c7960b9d9708ca419e8aba6e1a90d027a2db52b77e66a4a749ca160e",""
"4","2","0","baseline","a144eb1a4a89d4ac0912b187b851d7845716c7d8","f56ea4902f385955a8d2438bb306087ba3274848dddfdc36602d269392ab08c1","vectorPerformance","correlated32","Quantile","4","-2","404175","4000","500","Complete","0.9748266","2.2E-5","0.8784558","0.0963488","4.40625","0.019","3282856","4000","23.797668269094697","23.991783455481954","49.25430937145106","1.1516283632440742","0.3728865535403717","32","a76e28f6e88c6be3891bdc833beb8d8d0a1740b95f0935a4806e8ab65d3c899c",""
"4","2","0","baseline","a144eb1a4a89d4ac0912b187b851d7845716c7d8","f56ea4902f385955a8d2438bb306087ba3274848dddfdc36602d269392ab08c1","vectorPerformance","correlated32","Quantile","4","-1","412094","4000","500","Complete","0.9465133","2.07E-5","0.8457868","0.1007058","4.015625","0.023","3230583","4000","31.726513907349148","31.532168002260388","97.16989966673968","1.0798839490509835","0.08306741567350584","32","f9ed8df14134bddcfbb2d40aa6e479cfbaad40e1882750767724d2bc52df3b34",""
"4","2","0","baseline","a144eb1a4a89d4ac0912b187b851d7845716c7d8","f56ea4902f385955a8d2438bb306087ba3274848dddfdc36602d269392ab08c1","vectorPerformance","correlated32","Quantile","4","0","420013","4000","500","Complete","0.9276168","2.3E-5","0.83557","0.0920238","4.234375","0.018","3251733","4000","36.23737925347603","37.074760300245536","94.41153342442881","1.094481746270784","0.006936160462634622","32","70f5117f96cd02d2870b347963ec61f489004b4e752f979286b6bbb78357a72b",""
"4","2","0","baseline","a144eb1a4a89d4ac0912b187b851d7845716c7d8","f56ea4902f385955a8d2438bb306087ba3274848dddfdc36602d269392ab08c1","vectorPerformance","correlated32","Quantile","4","1","427932","4000","500","Complete","0.9260636","2.05E-5","0.8305762","0.0954669","4.859375","0.021","3236479","4000","31.801672449893193","32.058114379350506","84.74388663935426","1.0852433257313874","0.03363458703623934","32","9361e774d845e114d77fdb68cfdc974ca4f240b9ee801485b53bd51fdc75e4ee",""
"4","2","0","baseline","a144eb1a4a89d4ac0912b187b851d7845716c7d8","f56ea4902f385955a8d2438bb306087ba3274848dddfdc36602d269392ab08c1","vectorPerformance","correlated32","Quantile","4","2","435851","4000","500","Complete","0.9342239","2.12E-5","0.8347173","0.0994854","3.875","0.019","3213584","4000","18.827593772089372","19.418977153927276","144.36214774069362","1.1856715933721973","0.22462708158086309","32","be8072aea54a06faab2c2090774614aa1ad4df6564d26d325be8e1037fc3c851",""
"4","2","0","baseline","a144eb1a4a89d4ac0912b187b851d7845716c7d8","f56ea4902f385955a8d2438bb306087ba3274848dddfdc36602d269392ab08c1","vectorPerformance","correlated32","Quantile","4","3","443770","4000","500","Complete","0.9267368","2.27E-5","0.8305735","0.0961406","4.703125","0.018","3292746","4000","8.551688513959126","8.66542172384507","23.37880092498311","1.3883316083476982","0.08359316129464744","32","3ae74ba297dfc21cabfcf0707b44b409c98d3bd3f9dfc2b6af98aa1fde2b375a",""
"4","2","0","baseline","a144eb1a4a89d4ac0912b187b851d7845716c7d8","f56ea4902f385955a8d2438bb306087ba3274848dddfdc36602d269392ab08c1","vectorPerformance","correlated32","Quantile","4","4","451689","4000","500","Complete","0.9693491","2.12E-5","0.8740458","0.0952821","3.828125","0.02","3210555","4000","32.00943946980557","33.91863557210035","93.00550074538009","1.0837128123690845","0.1407722816405288","32","6de2fd21c7960b9d9708ca419e8aba6e1a90d027a2db52b77e66a4a749ca160e",""
"4","2","0","baseline","a144eb1a4a89d4ac0912b187b851d7845716c7d8","f56ea4902f385955a8d2438bb306087ba3274848dddfdc36602d269392ab08c1","vectorPerformance","gaussian32","GPSS","1","-2","404175","4000","500","Complete","0.4365642","3.75E-5","0.1045357","0.331991","0.453125","0.002","139155","4000","14560.87743232489","14566.888663880416","9030.296419517286","1.0011086994050007","0.013020088729037094","0","f3ae7e88a3469d95a481057ff78725be41612c1e7bdf2f3d1a7c73f5a42981cf",""
"4","2","0","baseline","a144eb1a4a89d4ac0912b187b851d7845716c7d8","f56ea4902f385955a8d2438bb306087ba3274848dddfdc36602d269392ab08c1","vectorPerformance","gaussian32","GPSS","1","-1","412094","4000","500","Complete","0.4363057","4.15E-5","0.1032557","0.3330085","0.4375","0.009","138730","4000","14723.327722756223","14738.615855733822","8857.898575485036","1.0012097458367082","0.014860253936955947","0","6d85793e19e5639b0a7430ab942ac98e6519fa4be0fbcee8a8930a2af289299d",""
"4","2","0","baseline","a144eb1a4a89d4ac0912b187b851d7845716c7d8","f56ea4902f385955a8d2438bb306087ba3274848dddfdc36602d269392ab08c1","vectorPerformance","gaussian32","GPSS","1","0","420013","4000","500","Complete","0.4405309","4.26E-5","0.1041714","0.3363169","0.4375","0.007","138723","4000","14789.309502344258","14770.299991933614","8878.031772176253","1.0012114173589253","0.02042856356087519","0","fb030bc811389f4cc0c40b053f280c25c0c5e58babb6d5eb761947efb8511783",""
"4","2","0","baseline","a144eb1a4a89d4ac0912b187b851d7845716c7d8","f56ea4902f385955a8d2438bb306087ba3274848dddfdc36602d269392ab08c1","vectorPerformance","gaussian32","GPSS","1","1","427932","4000","500","Complete","0.4368994","4.59E-5","0.1062142","0.3306393","0.46875","0.003","138788","4000","15028.158264845573","15037.33690560915","9075.6220980371","1.0011653829278853","0.016607695975976222","0","3d0bccbf5e695e5e8a5d89fa29a1a353b231a8693474ffa5e1944f58eee51881",""
"4","2","0","baseline","a144eb1a4a89d4ac0912b187b851d7845716c7d8","f56ea4902f385955a8d2438bb306087ba3274848dddfdc36602d269392ab08c1","vectorPerformance","gaussian32","GPSS","1","2","435851","4000","500","Complete","0.4511169","3.48E-5","0.1194892","0.3315929","0.453125","0.004","138703","4000","14933.892470949851","14950.607747787408","8635.192267898514","1.001735370997425","0.021490044822388643","0","603bdfe20f551e62d9c5fbc68e896eb978d3c40134ec7e7cbc17b062760b5957",""
"4","2","0","baseline","a144eb1a4a89d4ac0912b187b851d7845716c7d8","f56ea4902f385955a8d2438bb306087ba3274848dddfdc36602d269392ab08c1","vectorPerformance","gaussian32","GPSS","1","3","443770","4000","500","Complete","0.4324575","3.51E-5","0.1038123","0.3286101","0.453125","0.002","138777","4000","15223.671841621832","15221.605805391002","9210.378340418303","1.0015395267295784","0.016172276604625724","0","2ead94f9fc645301334f7309cfcc4f5b6e54cfdca48deed2f7e56fe38456b29a",""
"4","2","0","baseline","a144eb1a4a89d4ac0912b187b851d7845716c7d8","f56ea4902f385955a8d2438bb306087ba3274848dddfdc36602d269392ab08c1","vectorPerformance","gaussian32","GPSS","1","4","451689","4000","500","Complete","0.4344087","3.7E-5","0.1024871","0.3318846","0.4375","0.004","138750","4000","14345.553258947568","14342.778169951296","8945.28266108745","1.0011866456042022","0.01864774016529802","0","d4278b864a0c0454d1730a6de2433aebfa0ebf5de90d82ef8563be3b95ce2d1a",""
"4","2","0","baseline","a144eb1a4a89d4ac0912b187b851d7845716c7d8","f56ea4902f385955a8d2438bb306087ba3274848dddfdc36602d269392ab08c1","vectorPerformance","gaussian32","GPSS","2","-2","404175","4000","500","Complete","0.2454973","7.77E-5","0.0691977","0.1762219","0.5625","0.005","139155","4000","14560.87743232489","14566.888663880416","9030.296419517286","1.0011086994050007","0.013020088729037094","0","f3ae7e88a3469d95a481057ff78725be41612c1e7bdf2f3d1a7c73f5a42981cf",""
"4","2","0","baseline","a144eb1a4a89d4ac0912b187b851d7845716c7d8","f56ea4902f385955a8d2438bb306087ba3274848dddfdc36602d269392ab08c1","vectorPerformance","gaussian32","GPSS","2","-1","412094","4000","500","Complete","0.2421669","4.15E-5","0.0660857","0.1760397","0.8125","0.004","138730","4000","14723.327722756223","14738.615855733822","8857.898575485036","1.0012097458367082","0.014860253936955947","0","6d85793e19e5639b0a7430ab942ac98e6519fa4be0fbcee8a8930a2af289299d",""
"4","2","0","baseline","a144eb1a4a89d4ac0912b187b851d7845716c7d8","f56ea4902f385955a8d2438bb306087ba3274848dddfdc36602d269392ab08c1","vectorPerformance","gaussian32","GPSS","2","0","420013","4000","500","Complete","0.2414836","3.71E-5","0.0674591","0.1739874","0.796875","0.005","138723","4000","14789.309502344258","14770.299991933614","8878.031772176253","1.0012114173589253","0.02042856356087519","0","fb030bc811389f4cc0c40b053f280c25c0c5e58babb6d5eb761947efb8511783",""
"4","2","0","baseline","a144eb1a4a89d4ac0912b187b851d7845716c7d8","f56ea4902f385955a8d2438bb306087ba3274848dddfdc36602d269392ab08c1","vectorPerformance","gaussian32","GPSS","2","1","427932","4000","500","Complete","0.2446788","3.59E-5","0.0686765","0.1759664","0.5","0.005","138788","4000","15028.158264845573","15037.33690560915","9075.6220980371","1.0011653829278853","0.016607695975976222","0","3d0bccbf5e695e5e8a5d89fa29a1a353b231a8693474ffa5e1944f58eee51881",""
"4","2","0","baseline","a144eb1a4a89d4ac0912b187b851d7845716c7d8","f56ea4902f385955a8d2438bb306087ba3274848dddfdc36602d269392ab08c1","vectorPerformance","gaussian32","GPSS","2","2","435851","4000","500","Complete","0.2359668","3.44E-5","0.0674271","0.1685053","0.5","0.002","138703","4000","14933.892470949851","14950.607747787408","8635.192267898514","1.001735370997425","0.021490044822388643","0","603bdfe20f551e62d9c5fbc68e896eb978d3c40134ec7e7cbc17b062760b5957",""
"4","2","0","baseline","a144eb1a4a89d4ac0912b187b851d7845716c7d8","f56ea4902f385955a8d2438bb306087ba3274848dddfdc36602d269392ab08c1","vectorPerformance","gaussian32","GPSS","2","3","443770","4000","500","Complete","0.2350202","3.62E-5","0.0634493","0.1715347","0.46875","0.003","138777","4000","15223.671841621832","15221.605805391002","9210.378340418303","1.0015395267295784","0.016172276604625724","0","2ead94f9fc645301334f7309cfcc4f5b6e54cfdca48deed2f7e56fe38456b29a",""
"4","2","0","baseline","a144eb1a4a89d4ac0912b187b851d7845716c7d8","f56ea4902f385955a8d2438bb306087ba3274848dddfdc36602d269392ab08c1","vectorPerformance","gaussian32","GPSS","2","4","451689","4000","500","Complete","0.2392141","5.04E-5","0.0638303","0.1753334","0.484375","0.003","138750","4000","14345.553258947568","14342.778169951296","8945.28266108745","1.0011866456042022","0.01864774016529802","0","d4278b864a0c0454d1730a6de2433aebfa0ebf5de90d82ef8563be3b95ce2d1a",""
"4","2","0","baseline","a144eb1a4a89d4ac0912b187b851d7845716c7d8","f56ea4902f385955a8d2438bb306087ba3274848dddfdc36602d269392ab08c1","vectorPerformance","gaussian32","GPSS","4","-2","404175","4000","500","Complete","0.160104","3.74E-5","0.0618522","0.0982144","0.671875","0.005","139155","4000","14560.87743232489","14566.888663880416","9030.296419517286","1.0011086994050007","0.013020088729037094","0","f3ae7e88a3469d95a481057ff78725be41612c1e7bdf2f3d1a7c73f5a42981cf",""
"4","2","0","baseline","a144eb1a4a89d4ac0912b187b851d7845716c7d8","f56ea4902f385955a8d2438bb306087ba3274848dddfdc36602d269392ab08c1","vectorPerformance","gaussian32","GPSS","4","-1","412094","4000","500","Complete","0.1609653","4.86E-5","0.0641754","0.0967413","0.6875","0.002","138730","4000","14723.327722756223","14738.615855733822","8857.898575485036","1.0012097458367082","0.014860253936955947","0","6d85793e19e5639b0a7430ab942ac98e6519fa4be0fbcee8a8930a2af289299d",""
"4","2","0","baseline","a144eb1a4a89d4ac0912b187b851d7845716c7d8","f56ea4902f385955a8d2438bb306087ba3274848dddfdc36602d269392ab08c1","vectorPerformance","gaussian32","GPSS","4","0","420013","4000","500","Complete","0.1594953","3.78E-5","0.0646687","0.0947888","0.625","0.002","138723","4000","14789.309502344258","14770.299991933614","8878.031772176253","1.0012114173589253","0.02042856356087519","0","fb030bc811389f4cc0c40b053f280c25c0c5e58babb6d5eb761947efb8511783",""
"4","2","0","baseline","a144eb1a4a89d4ac0912b187b851d7845716c7d8","f56ea4902f385955a8d2438bb306087ba3274848dddfdc36602d269392ab08c1","vectorPerformance","gaussian32","GPSS","4","1","427932","4000","500","Complete","0.1594101","3.48E-5","0.0613927","0.0979826","0.640625","0.004","138788","4000","15028.158264845573","15037.33690560915","9075.6220980371","1.0011653829278853","0.016607695975976222","0","3d0bccbf5e695e5e8a5d89fa29a1a353b231a8693474ffa5e1944f58eee51881",""
"4","2","0","baseline","a144eb1a4a89d4ac0912b187b851d7845716c7d8","f56ea4902f385955a8d2438bb306087ba3274848dddfdc36602d269392ab08c1","vectorPerformance","gaussian32","GPSS","4","2","435851","4000","500","Complete","0.1582213","3.37E-5","0.0650408","0.0931468","0.625","0.003","138703","4000","14933.892470949851","14950.607747787408","8635.192267898514","1.001735370997425","0.021490044822388643","0","603bdfe20f551e62d9c5fbc68e896eb978d3c40134ec7e7cbc17b062760b5957",""
"4","2","0","baseline","a144eb1a4a89d4ac0912b187b851d7845716c7d8","f56ea4902f385955a8d2438bb306087ba3274848dddfdc36602d269392ab08c1","vectorPerformance","gaussian32","GPSS","4","3","443770","4000","500","Complete","0.1574148","3.89E-5","0.0612322","0.0961437","0.703125","0.004","138777","4000","15223.671841621832","15221.605805391002","9210.378340418303","1.0015395267295784","0.016172276604625724","0","2ead94f9fc645301334f7309cfcc4f5b6e54cfdca48deed2f7e56fe38456b29a",""
"4","2","0","baseline","a144eb1a4a89d4ac0912b187b851d7845716c7d8","f56ea4902f385955a8d2438bb306087ba3274848dddfdc36602d269392ab08c1","vectorPerformance","gaussian32","GPSS","4","4","451689","4000","500","Complete","0.1541635","3.63E-5","0.0622085","0.0919187","0.625","0.003","138750","4000","14345.553258947568","14342.778169951296","8945.28266108745","1.0011866456042022","0.01864774016529802","0","d4278b864a0c0454d1730a6de2433aebfa0ebf5de90d82ef8563be3b95ce2d1a",""
"4","2","0","baseline","a144eb1a4a89d4ac0912b187b851d7845716c7d8","f56ea4902f385955a8d2438bb306087ba3274848dddfdc36602d269392ab08c1","vectorPerformance","gaussian32","Quantile","1","-2","404175","4000","500","Complete","0.737584","2.97E-5","0.4065127","0.3310416","0.796875","0.01","1753214","4000","15219.008327321226","15213.744919585897","12194.607218487616","1.0007110848254097","0.01623649007724448","0","cecc6b4fda00565adaade6079bd9a81eec1cb5425a7364f3a4652f8f1fe688e7",""
"4","2","0","baseline","a144eb1a4a89d4ac0912b187b851d7845716c7d8","f56ea4902f385955a8d2438bb306087ba3274848dddfdc36602d269392ab08c1","vectorPerformance","gaussian32","Quantile","1","-1","412094","4000","500","Complete","0.7356425","3.12E-5","0.4080254","0.3275859","1.078125","0.009","1754500","4000","14374.340793710559","14390.679914776822","12593.727427588436","1.0005481375625007","0.020322296447435884","0","710b12b4b32c1d00e33cda313ee3aca4afb06968f65bf5b1d672fd6109f4f43f",""
"4","2","0","baseline","a144eb1a4a89d4ac0912b187b851d7845716c7d8","f56ea4902f385955a8d2438bb306087ba3274848dddfdc36602d269392ab08c1","vectorPerformance","gaussian32","Quantile","1","0","420013","4000","500","Complete","0.7299656","2.76E-5","0.3951939","0.3347441","1.078125","0.011","1751135","4000","14804.415700401843","14796.384417892554","11674.348877600554","1.0004842070731996","0.017149474216242355","0","7163a65543816d08a23c844d2762c1967e2f734b4748129ec7bdf89e140df8b4",""
"4","2","0","baseline","a144eb1a4a89d4ac0912b187b851d7845716c7d8","f56ea4902f385955a8d2438bb306087ba3274848dddfdc36602d269392ab08c1","vectorPerformance","gaussian32","Quantile","1","1","427932","4000","500","Complete","0.7373688","2.89E-5","0.4089082","0.3284317","1.5625","0.012","1751119","4000","15119.429112419593","15129.482098788952","12424.352542458728","1.000588248721186","0.024238503591598903","0","e468486f9c3bce272356b47328af805b6315b0ce0dcec0ba389ad1cc6e773090",""
"4","2","0","baseline","a144eb1a4a89d4ac0912b187b851d7845716c7d8","f56ea4902f385955a8d2438bb306087ba3274848dddfdc36602d269392ab08c1","vectorPerformance","gaussian32","Quantile","1","2","435851","4000","500","Complete","0.7294502","3.15E-5","0.399321","0.3300977","0.734375","0.011","1754043","4000","14654.09636813213","14648.796726473445","11630.775114295944","1.0006045524861327","0.019982935899345466","0","f17849dd0d6937ddb28ce5136301623e9a5b8e9dd4ad54fb96a198cfdc5f0c6a",""
"4","2","0","baseline","a144eb1a4a89d4ac0912b187b851d7845716c7d8","f56ea4902f385955a8d2438bb306087ba3274848dddfdc36602d269392ab08c1","vectorPerformance","gaussian32","Quantile","1","3","443770","4000","500","Complete","0.7328003","2.8E-5","0.4019133","0.330859","0.734375","0.012","1754067","4000","14670.955292689816","14672.094230083088","12113.52110906072","1.0003997605716526","0.012117200485737945","0","8d191d73493e7fb3ede8cea18ccac7e017f7700706ef9c9f8b699e07b2804d14",""
"4","2","0","baseline","a144eb1a4a89d4ac0912b187b851d7845716c7d8","f56ea4902f385955a8d2438bb306087ba3274848dddfdc36602d269392ab08c1","vectorPerformance","gaussian32","Quantile","1","4","451689","4000","500","Complete","0.7315587","2.72E-5","0.4026628","0.3288687","1.421875","0.012","1751661","4000","14424.859583462046","14417.997752939862","12128.296452895833","1.0007982696988702","0.02835365482901797","0","b8ea3b62393883b214271958061a644368686dc583e5f2e33e5eafdc7a65f17e",""
"4","2","0","baseline","a144eb1a4a89d4ac0912b187b851d7845716c7d8","f56ea4902f385955a8d2438bb306087ba3274848dddfdc36602d269392ab08c1","vectorPerformance","gaussian32","Quantile","2","-2","404175","4000","500","Complete","0.4938249","3.7E-5","0.3170752","0.1767127","1.28125","0.013","1753214","4000","15219.008327321226","15213.744919585897","12194.607218487616","1.0007110848254097","0.01623649007724448","0","cecc6b4fda00565adaade6079bd9a81eec1cb5425a7364f3a4652f8f1fe688e7",""
"4","2","0","baseline","a144eb1a4a89d4ac0912b187b851d7845716c7d8","f56ea4902f385955a8d2438bb306087ba3274848dddfdc36602d269392ab08c1","vectorPerformance","gaussian32","Quantile","2","-1","412094","4000","500","Complete","0.4932391","2.98E-5","0.3120073","0.181202","1.34375","0.012","1754500","4000","14374.340793710559","14390.679914776822","12593.727427588436","1.0005481375625007","0.020322296447435884","0","710b12b4b32c1d00e33cda313ee3aca4afb06968f65bf5b1d672fd6109f4f43f",""
"4","2","0","baseline","a144eb1a4a89d4ac0912b187b851d7845716c7d8","f56ea4902f385955a8d2438bb306087ba3274848dddfdc36602d269392ab08c1","vectorPerformance","gaussian32","Quantile","2","0","420013","4000","500","Complete","0.4991103","3.38E-5","0.324227","0.1748495","1.15625","0.011","1751135","4000","14804.415700401843","14796.384417892554","11674.348877600554","1.0004842070731996","0.017149474216242355","0","7163a65543816d08a23c844d2762c1967e2f734b4748129ec7bdf89e140df8b4",""
"4","2","0","baseline","a144eb1a4a89d4ac0912b187b851d7845716c7d8","f56ea4902f385955a8d2438bb306087ba3274848dddfdc36602d269392ab08c1","vectorPerformance","gaussian32","Quantile","2","1","427932","4000","500","Complete","0.4879368","4.2E-5","0.3206128","0.167282","0.96875","0.008","1751119","4000","15119.429112419593","15129.482098788952","12424.352542458728","1.000588248721186","0.024238503591598903","0","e468486f9c3bce272356b47328af805b6315b0ce0dcec0ba389ad1cc6e773090",""
"4","2","0","baseline","a144eb1a4a89d4ac0912b187b851d7845716c7d8","f56ea4902f385955a8d2438bb306087ba3274848dddfdc36602d269392ab08c1","vectorPerformance","gaussian32","Quantile","2","2","435851","4000","500","Complete","0.4957263","2.71E-5","0.320394","0.1753052","1.328125","0.012","1754043","4000","14654.09636813213","14648.796726473445","11630.775114295944","1.0006045524861327","0.019982935899345466","0","f17849dd0d6937ddb28ce5136301623e9a5b8e9dd4ad54fb96a198cfdc5f0c6a",""
"4","2","0","baseline","a144eb1a4a89d4ac0912b187b851d7845716c7d8","f56ea4902f385955a8d2438bb306087ba3274848dddfdc36602d269392ab08c1","vectorPerformance","gaussian32","Quantile","2","3","443770","4000","500","Complete","0.4819936","3.15E-5","0.3117089","0.1702532","0.984375","0.01","1754067","4000","14670.955292689816","14672.094230083088","12113.52110906072","1.0003997605716526","0.012117200485737945","0","8d191d73493e7fb3ede8cea18ccac7e017f7700706ef9c9f8b699e07b2804d14",""
"4","2","0","baseline","a144eb1a4a89d4ac0912b187b851d7845716c7d8","f56ea4902f385955a8d2438bb306087ba3274848dddfdc36602d269392ab08c1","vectorPerformance","gaussian32","Quantile","2","4","451689","4000","500","Complete","0.4851994","5.3E-5","0.3126498","0.1724966","0.96875","0.009","1751661","4000","14424.859583462046","14417.997752939862","12128.296452895833","1.0007982696988702","0.02835365482901797","0","b8ea3b62393883b214271958061a644368686dc583e5f2e33e5eafdc7a65f17e",""
"4","2","0","baseline","a144eb1a4a89d4ac0912b187b851d7845716c7d8","f56ea4902f385955a8d2438bb306087ba3274848dddfdc36602d269392ab08c1","vectorPerformance","gaussian32","Quantile","4","-2","404175","4000","500","Complete","0.4130347","5.71E-5","0.3196807","0.0932969","1.921875","0.012","1753214","4000","15219.008327321226","15213.744919585897","12194.607218487616","1.0007110848254097","0.01623649007724448","0","cecc6b4fda00565adaade6079bd9a81eec1cb5425a7364f3a4652f8f1fe688e7",""
"4","2","0","baseline","a144eb1a4a89d4ac0912b187b851d7845716c7d8","f56ea4902f385955a8d2438bb306087ba3274848dddfdc36602d269392ab08c1","vectorPerformance","gaussian32","Quantile","4","-1","412094","4000","500","Complete","0.4075364","2.85E-5","0.3145603","0.0929476","2.046875","0.011","1754500","4000","14374.340793710559","14390.679914776822","12593.727427588436","1.0005481375625007","0.020322296447435884","0","710b12b4b32c1d00e33cda313ee3aca4afb06968f65bf5b1d672fd6109f4f43f",""
"4","2","0","baseline","a144eb1a4a89d4ac0912b187b851d7845716c7d8","f56ea4902f385955a8d2438bb306087ba3274848dddfdc36602d269392ab08c1","vectorPerformance","gaussian32","Quantile","4","0","420013","4000","500","Complete","0.411237","3.15E-5","0.3144788","0.0967267","1.921875","0.01","1751135","4000","14804.415700401843","14796.384417892554","11674.348877600554","1.0004842070731996","0.017149474216242355","0","7163a65543816d08a23c844d2762c1967e2f734b4748129ec7bdf89e140df8b4",""
"4","2","0","baseline","a144eb1a4a89d4ac0912b187b851d7845716c7d8","f56ea4902f385955a8d2438bb306087ba3274848dddfdc36602d269392ab08c1","vectorPerformance","gaussian32","Quantile","4","1","427932","4000","500","Complete","0.4191626","4.84E-5","0.3174854","0.1016288","1.90625","0.012","1751119","4000","15119.429112419593","15129.482098788952","12424.352542458728","1.000588248721186","0.024238503591598903","0","e468486f9c3bce272356b47328af805b6315b0ce0dcec0ba389ad1cc6e773090",""
"4","2","0","baseline","a144eb1a4a89d4ac0912b187b851d7845716c7d8","f56ea4902f385955a8d2438bb306087ba3274848dddfdc36602d269392ab08c1","vectorPerformance","gaussian32","Quantile","4","2","435851","4000","500","Complete","0.4157128","2.92E-5","0.3220327","0.0936509","1.921875","0.012","1754043","4000","14654.09636813213","14648.796726473445","11630.775114295944","1.0006045524861327","0.019982935899345466","0","f17849dd0d6937ddb28ce5136301623e9a5b8e9dd4ad54fb96a198cfdc5f0c6a",""
"4","2","0","baseline","a144eb1a4a89d4ac0912b187b851d7845716c7d8","f56ea4902f385955a8d2438bb306087ba3274848dddfdc36602d269392ab08c1","vectorPerformance","gaussian32","Quantile","4","3","443770","4000","500","Complete","0.4035958","2.65E-5","0.3105281","0.0930412","1.625","0.009","1754067","4000","14670.955292689816","14672.094230083088","12113.52110906072","1.0003997605716526","0.012117200485737945","0","8d191d73493e7fb3ede8cea18ccac7e017f7700706ef9c9f8b699e07b2804d14",""
"4","2","0","baseline","a144eb1a4a89d4ac0912b187b851d7845716c7d8","f56ea4902f385955a8d2438bb306087ba3274848dddfdc36602d269392ab08c1","vectorPerformance","gaussian32","Quantile","4","4","451689","4000","500","Complete","0.4123683","2.73E-5","0.3202329","0.0921081","1.90625","0.011","1751661","4000","14424.859583462046","14417.997752939862","12128.296452895833","1.0007982696988702","0.02835365482901797","0","b8ea3b62393883b214271958061a644368686dc583e5f2e33e5eafdc7a65f17e",""
"4","2","0","baseline","a144eb1a4a89d4ac0912b187b851d7845716c7d8","f56ea4902f385955a8d2438bb306087ba3274848dddfdc36602d269392ab08c1","vectorPerformance","gaussian8","GPSS","1","-2","404175","4000","500","Complete","0.1570235","8.58E-5","0.0543542","0.1025835","0.53125","0.003","138018","4000","15549.340111147894","15536.369070524215","11710.881022750353","1.000693382204123","0.020280809809882006","0","e7f255a3304bc6df3dfbc4384cc42f0a14e097b21ea85d7dfdd0891304dccc86",""
"4","2","0","baseline","a144eb1a4a89d4ac0912b187b851d7845716c7d8","f56ea4902f385955a8d2438bb306087ba3274848dddfdc36602d269392ab08c1","vectorPerformance","gaussian8","GPSS","1","-1","412094","4000","500","Complete","0.1306565","5.01E-5","0.034889","0.0957174","0.203125","0.002","138132","4000","15263.81484653245","15291.911844531342","11216.22139798599","1.0004803178957116","0.014392603577789376","0","e114ddce1fe3e8b5caed48fc0365aca0d32bd35e94363aa001d7324d00935224",""
"4","2","0","baseline","a144eb1a4a89d4ac0912b187b851d7845716c7d8","f56ea4902f385955a8d2438bb306087ba3274848dddfdc36602d269392ab08c1","vectorPerformance","gaussian8","GPSS","1","0","420013","4000","500","Complete","0.120533","4.77E-5","0.0300933","0.090392","0.140625","0.002","138323","4000","15080.473776226881","15096.77911576306","11062.432005908491","1.0006149641210862","0.012458863431772271","0","2a91e22981ec396c3eca9414af3d6ac63570dc29437cdd4bdc3eb6a8db475fa2",""
"4","2","0","baseline","a144eb1a4a89d4ac0912b187b851d7845716c7d8","f56ea4902f385955a8d2438bb306087ba3274848dddfdc36602d269392ab08c1","vectorPerformance","gaussian8","GPSS","1","1","427932","4000","500","Complete","0.1178635","6.99E-5","0.0258513","0.0919423","0.15625","0.0","138154","4000","15134.6012276361","15136.078376941558","11308.922646882544","1.0009404579967858","0.013454526579750548","0","045e36a427e6332b3973cb5a7bed2c41034d4baa3241673dfea554f81e693a14",""
"4","2","0","baseline","a144eb1a4a89d4ac0912b187b851d7845716c7d8","f56ea4902f385955a8d2438bb306087ba3274848dddfdc36602d269392ab08c1","vectorPerformance","gaussian8","GPSS","1","2","435851","4000","500","Complete","0.1335415","4.45E-5","0.026663","0.106834","0.140625","0.0","137988","4000","14363.080320209516","14344.664435137216","11161.859788330772","1.0004963309089212","0.01645570173683253","0","282eaef783cfb8138f0fbaa41141a7646474130935f10820d7fcdc9d6a1e24c0",""
"4","2","0","baseline","a144eb1a4a89d4ac0912b187b851d7845716c7d8","f56ea4902f385955a8d2438bb306087ba3274848dddfdc36602d269392ab08c1","vectorPerformance","gaussian8","GPSS","1","3","443770","4000","500","Complete","0.1267612","7.19E-5","0.025735","0.1009543","0.15625","0.0","138055","4000","15045.50132933249","15019.431343943274","10767.592734371476","1.0010260647907836","0.018113200227977133","0","6f88cd3290902ed4688e28521e20205fca8afb18c6e4fe2e6e0de9c4e7e0a62c",""
"4","2","0","baseline","a144eb1a4a89d4ac0912b187b851d7845716c7d8","f56ea4902f385955a8d2438bb306087ba3274848dddfdc36602d269392ab08c1","vectorPerformance","gaussian8","GPSS","1","4","451689","4000","500","Complete","0.1263723","3.92E-5","0.0264697","0.0998634","0.203125","0.0","138188","4000","15603.053005275411","15621.61943123139","10677.483456214122","1.0007920020096437","0.014172913039023793","0","3703a943973521b658002c1d1edb8b4dcddac3550850573cac7499aba83dbaac",""
"4","2","0","baseline","a144eb1a4a89d4ac0912b187b851d7845716c7d8","f56ea4902f385955a8d2438bb306087ba3274848dddfdc36602d269392ab08c1","vectorPerformance","gaussian8","GPSS","2","-2","404175","4000","500","Complete","0.3003873","0.0062995","0.0928998","0.201188","1.5625","0.003","138018","4000","15549.340111147894","15536.369070524215","11710.881022750353","1.000693382204123","0.020280809809882006","0","e7f255a3304bc6df3dfbc4384cc42f0a14e097b21ea85d7dfdd0891304dccc86",""
"4","2","0","baseline","a144eb1a4a89d4ac0912b187b851d7845716c7d8","f56ea4902f385955a8d2438bb306087ba3274848dddfdc36602d269392ab08c1","vectorPerformance","gaussian8","GPSS","2","-1","412094","4000","500","Complete","0.074108","5.01E-5","0.0185995","0.0554584","0.1875","0.0","138132","4000","15263.81484653245","15291.911844531342","11216.22139798599","1.0004803178957116","0.014392603577789376","0","e114ddce1fe3e8b5caed48fc0365aca0d32bd35e94363aa001d7324d00935224",""
"4","2","0","baseline","a144eb1a4a89d4ac0912b187b851d7845716c7d8","f56ea4902f385955a8d2438bb306087ba3274848dddfdc36602d269392ab08c1","vectorPerformance","gaussian8","GPSS","2","0","420013","4000","500","Complete","0.0669548","5.18E-5","0.0184999","0.0484031","0.140625","0.0","138323","4000","15080.473776226881","15096.77911576306","11062.432005908491","1.0006149641210862","0.012458863431772271","0","2a91e22981ec396c3eca9414af3d6ac63570dc29437cdd4bdc3eb6a8db475fa2",""
"4","2","0","baseline","a144eb1a4a89d4ac0912b187b851d7845716c7d8","f56ea4902f385955a8d2438bb306087ba3274848dddfdc36602d269392ab08c1","vectorPerformance","gaussian8","GPSS","2","1","427932","4000","500","Complete","0.0745762","4.32E-5","0.0226327","0.0519003","0.15625","0.0","138154","4000","15134.6012276361","15136.078376941558","11308.922646882544","1.0009404579967858","0.013454526579750548","0","045e36a427e6332b3973cb5a7bed2c41034d4baa3241673dfea554f81e693a14",""
"4","2","0","baseline","a144eb1a4a89d4ac0912b187b851d7845716c7d8","f56ea4902f385955a8d2438bb306087ba3274848dddfdc36602d269392ab08c1","vectorPerformance","gaussian8","GPSS","2","2","435851","4000","500","Complete","0.0767332","5.93E-5","0.0203125","0.0563614","0.15625","0.002","137988","4000","14363.080320209516","14344.664435137216","11161.859788330772","1.0004963309089212","0.01645570173683253","0","282eaef783cfb8138f0fbaa41141a7646474130935f10820d7fcdc9d6a1e24c0",""
"4","2","0","baseline","a144eb1a4a89d4ac0912b187b851d7845716c7d8","f56ea4902f385955a8d2438bb306087ba3274848dddfdc36602d269392ab08c1","vectorPerformance","gaussian8","GPSS","2","3","443770","4000","500","Complete","0.0720248","1.298E-4","0.0188988","0.0529962","0.125","0.003","138055","4000","15045.50132933249","15019.431343943274","10767.592734371476","1.0010260647907836","0.018113200227977133","0","6f88cd3290902ed4688e28521e20205fca8afb18c6e4fe2e6e0de9c4e7e0a62c",""
"4","2","0","baseline","a144eb1a4a89d4ac0912b187b851d7845716c7d8","f56ea4902f385955a8d2438bb306087ba3274848dddfdc36602d269392ab08c1","vectorPerformance","gaussian8","GPSS","2","4","451689","4000","500","Complete","0.0785281","5.0E-5","0.0203519","0.0581262","0.171875","0.003","138188","4000","15603.053005275411","15621.61943123139","10677.483456214122","1.0007920020096437","0.014172913039023793","0","3703a943973521b658002c1d1edb8b4dcddac3550850573cac7499aba83dbaac",""
"4","2","0","baseline","a144eb1a4a89d4ac0912b187b851d7845716c7d8","f56ea4902f385955a8d2438bb306087ba3274848dddfdc36602d269392ab08c1","vectorPerformance","gaussian8","GPSS","4","-2","404175","4000","500","Complete","0.0604148","1.469E-4","0.0238949","0.036373","0.375","0.0","138018","4000","15549.340111147894","15536.369070524215","11710.881022750353","1.000693382204123","0.020280809809882006","0","e7f255a3304bc6df3dfbc4384cc42f0a14e097b21ea85d7dfdd0891304dccc86",""
"4","2","0","baseline","a144eb1a4a89d4ac0912b187b851d7845716c7d8","f56ea4902f385955a8d2438bb306087ba3274848dddfdc36602d269392ab08c1","vectorPerformance","gaussian8","GPSS","4","-1","412094","4000","500","Complete","0.0484791","5.51E-5","0.0194864","0.0289376","0.203125","0.0","138132","4000","15263.81484653245","15291.911844531342","11216.22139798599","1.0004803178957116","0.014392603577789376","0","e114ddce1fe3e8b5caed48fc0365aca0d32bd35e94363aa001d7324d00935224",""
"4","2","0","baseline","a144eb1a4a89d4ac0912b187b851d7845716c7d8","f56ea4902f385955a8d2438bb306087ba3274848dddfdc36602d269392ab08c1","vectorPerformance","gaussian8","GPSS","4","0","420013","4000","500","Complete","0.0499819","4.98E-5","0.0216304","0.0283017","0.25","0.003","138323","4000","15080.473776226881","15096.77911576306","11062.432005908491","1.0006149641210862","0.012458863431772271","0","2a91e22981ec396c3eca9414af3d6ac63570dc29437cdd4bdc3eb6a8db475fa2",""
"4","2","0","baseline","a144eb1a4a89d4ac0912b187b851d7845716c7d8","f56ea4902f385955a8d2438bb306087ba3274848dddfdc36602d269392ab08c1","vectorPerformance","gaussian8","GPSS","4","1","427932","4000","500","Complete","0.0498019","4.53E-5","0.0202667","0.0294899","0.25","0.002","138154","4000","15134.6012276361","15136.078376941558","11308.922646882544","1.0009404579967858","0.013454526579750548","0","045e36a427e6332b3973cb5a7bed2c41034d4baa3241673dfea554f81e693a14",""
"4","2","0","baseline","a144eb1a4a89d4ac0912b187b851d7845716c7d8","f56ea4902f385955a8d2438bb306087ba3274848dddfdc36602d269392ab08c1","vectorPerformance","gaussian8","GPSS","4","2","435851","4000","500","Complete","0.0526924","6.49E-5","0.0204635","0.032164","0.1875","0.003","137988","4000","14363.080320209516","14344.664435137216","11161.859788330772","1.0004963309089212","0.01645570173683253","0","282eaef783cfb8138f0fbaa41141a7646474130935f10820d7fcdc9d6a1e24c0",""
"4","2","0","baseline","a144eb1a4a89d4ac0912b187b851d7845716c7d8","f56ea4902f385955a8d2438bb306087ba3274848dddfdc36602d269392ab08c1","vectorPerformance","gaussian8","GPSS","4","3","443770","4000","500","Complete","0.0495213","3.94E-5","0.0199246","0.0295573","0.1875","0.0","138055","4000","15045.50132933249","15019.431343943274","10767.592734371476","1.0010260647907836","0.018113200227977133","0","6f88cd3290902ed4688e28521e20205fca8afb18c6e4fe2e6e0de9c4e7e0a62c",""
"4","2","0","baseline","a144eb1a4a89d4ac0912b187b851d7845716c7d8","f56ea4902f385955a8d2438bb306087ba3274848dddfdc36602d269392ab08c1","vectorPerformance","gaussian8","GPSS","4","4","451689","4000","500","Complete","0.050034","4.63E-5","0.0197528","0.0302349","0.21875","0.0","138188","4000","15603.053005275411","15621.61943123139","10677.483456214122","1.0007920020096437","0.014172913039023793","0","3703a943973521b658002c1d1edb8b4dcddac3550850573cac7499aba83dbaac",""
"4","2","0","baseline","a144eb1a4a89d4ac0912b187b851d7845716c7d8","f56ea4902f385955a8d2438bb306087ba3274848dddfdc36602d269392ab08c1","vectorPerformance","gaussian8","Quantile","1","-2","404175","4000","500","Complete","0.1225194","3.53E-5","0.0373962","0.0850879","0.15625","0.0","439383","4000","15133.633311857895","15137.149661571859","12640.232874183323","1.0002765119712598","0.010865777388695763","0","0a652ec86caa4b0878042a2ca27e4843b8fff440045e84ffe9040bbf18fc5c1b",""
"4","2","0","baseline","a144eb1a4a89d4ac0912b187b851d7845716c7d8","f56ea4902f385955a8d2438bb306087ba3274848dddfdc36602d269392ab08c1","vectorPerformance","gaussian8","Quantile","1","-1","412094","4000","500","Complete","0.1197962","3.28E-5","0.0355844","0.084179","0.140625","0.0","438543","4000","15213.490906399908","15228.10660758392","12891.868030399028","1.0002543220506444","0.014962146800250764","0","22193da6e1ed5c7fb6bc482596a8cb09c08425673712be65ab0ebf58ef73f382",""
"4","2","0","baseline","a144eb1a4a89d4ac0912b187b851d7845716c7d8","f56ea4902f385955a8d2438bb306087ba3274848dddfdc36602d269392ab08c1","vectorPerformance","gaussian8","Quantile","1","0","420013","4000","500","Complete","0.1208493","2.83E-5","0.035092","0.085729","0.125","0.0","436956","4000","15387.214907747757","15383.41868425877","13280.050841973973","1.000488212672387","0.017862111392228958","0","1a2a7053039cbf9cd5227976b2ba660c8f0bbf84c10e94ae04c9c6d297fc0025",""
"4","2","0","baseline","a144eb1a4a89d4ac0912b187b851d7845716c7d8","f56ea4902f385955a8d2438bb306087ba3274848dddfdc36602d269392ab08c1","vectorPerformance","gaussian8","Quantile","1","1","427932","4000","500","Complete","0.1234602","3.57E-5","0.0371159","0.0863086","0.25","0.001","437269","4000","15727.934748036001","15719.464590581323","12902.625514015059","1.0004649152576137","0.012810490325706247","0","850de3d767de404b10a6234afa6ecc9c5dfdee0c4338411a0af3e46894e42ce3",""
"4","2","0","baseline","a144eb1a4a89d4ac0912b187b851d7845716c7d8","f56ea4902f385955a8d2438bb306087ba3274848dddfdc36602d269392ab08c1","vectorPerformance","gaussian8","Quantile","1","2","435851","4000","500","Complete","0.1195262","3.33E-5","0.0351098","0.0843831","0.171875","0.0","438008","4000","15126.989343371939","15133.471327879883","12471.355965872704","1.0004579804360567","0.01410791604282019","0","fd474ea7f77c91f336f3664000c5dec28946aab4fd9917ca2fd5c066ad7e03df",""
"4","2","0","baseline","a144eb1a4a89d4ac0912b187b851d7845716c7d8","f56ea4902f385955a8d2438bb306087ba3274848dddfdc36602d269392ab08c1","vectorPerformance","gaussian8","Quantile","1","3","443770","4000","500","Complete","0.1197253","3.06E-5","0.0353382","0.0843565","0.109375","0.0","438134","4000","14783.95134310092","14781.603964607304","13183.37761680062","1.0005441549460146","0.009381500096846795","0","f5d860d8f1c8c55386f06f23faad6b9f8df1541a619040c2f28698d0813a5f75",""
"4","2","0","baseline","a144eb1a4a89d4ac0912b187b851d7845716c7d8","f56ea4902f385955a8d2438bb306087ba3274848dddfdc36602d269392ab08c1","vectorPerformance","gaussian8","Quantile","1","4","451689","4000","500","Complete","0.1207","2.92E-5","0.0354312","0.0852396","0.125","0.0","437868","4000","14884.121074739518","14909.092385573675","12538.608584974128","1.0004648391967559","0.02587550455561438","0","f5667ee456b1d3d2b0c42c8460f2481029f27806732e9bf75dd56271a0628822",""
"4","2","0","baseline","a144eb1a4a89d4ac0912b187b851d7845716c7d8","f56ea4902f385955a8d2438bb306087ba3274848dddfdc36602d269392ab08c1","vectorPerformance","gaussian8","Quantile","2","-2","404175","4000","500","Complete","0.0997673","3.34E-5","0.0482829","0.051451","0.296875","0.002","439383","4000","15133.633311857895","15137.149661571859","12640.232874183323","1.0002765119712598","0.010865777388695763","0","0a652ec86caa4b0878042a2ca27e4843b8fff440045e84ffe9040bbf18fc5c1b",""
"4","2","0","baseline","a144eb1a4a89d4ac0912b187b851d7845716c7d8","f56ea4902f385955a8d2438bb306087ba3274848dddfdc36602d269392ab08c1","vectorPerformance","gaussian8","Quantile","2","-1","412094","4000","500","Complete","0.0698973","3.33E-5","0.0257611","0.0441029","0.140625","0.003","438543","4000","15213.490906399908","15228.10660758392","12891.868030399028","1.0002543220506444","0.014962146800250764","0","22193da6e1ed5c7fb6bc482596a8cb09c08425673712be65ab0ebf58ef73f382",""
"4","2","0","baseline","a144eb1a4a89d4ac0912b187b851d7845716c7d8","f56ea4902f385955a8d2438bb306087ba3274848dddfdc36602d269392ab08c1","vectorPerformance","gaussian8","Quantile","2","0","420013","4000","500","Complete","0.0690499","3.57E-5","0.0248778","0.0441364","0.171875","0.003","436956","4000","15387.214907747757","15383.41868425877","13280.050841973973","1.000488212672387","0.017862111392228958","0","1a2a7053039cbf9cd5227976b2ba660c8f0bbf84c10e94ae04c9c6d297fc0025",""
"4","2","0","baseline","a144eb1a4a89d4ac0912b187b851d7845716c7d8","f56ea4902f385955a8d2438bb306087ba3274848dddfdc36602d269392ab08c1","vectorPerformance","gaussian8","Quantile","2","1","427932","4000","500","Complete","0.0669845","3.52E-5","0.0228083","0.044141","0.125","0.0","437269","4000","15727.934748036001","15719.464590581323","12902.625514015059","1.0004649152576137","0.012810490325706247","0","850de3d767de404b10a6234afa6ecc9c5dfdee0c4338411a0af3e46894e42ce3",""
"4","2","0","baseline","a144eb1a4a89d4ac0912b187b851d7845716c7d8","f56ea4902f385955a8d2438bb306087ba3274848dddfdc36602d269392ab08c1","vectorPerformance","gaussian8","Quantile","2","2","435851","4000","500","Complete","0.0679084","2.96E-5","0.0240226","0.0438562","0.125","0.002","438008","4000","15126.989343371939","15133.471327879883","12471.355965872704","1.0004579804360567","0.01410791604282019","0","fd474ea7f77c91f336f3664000c5dec28946aab4fd9917ca2fd5c066ad7e03df",""
"4","2","0","baseline","a144eb1a4a89d4ac0912b187b851d7845716c7d8","f56ea4902f385955a8d2438bb306087ba3274848dddfdc36602d269392ab08c1","vectorPerformance","gaussian8","Quantile","2","3","443770","4000","500","Complete","0.0672671","3.36E-5","0.0230638","0.0441697","0.15625","0.001","438134","4000","14783.95134310092","14781.603964607304","13183.37761680062","1.0005441549460146","0.009381500096846795","0","f5d860d8f1c8c55386f06f23faad6b9f8df1541a619040c2f28698d0813a5f75",""
"4","2","0","baseline","a144eb1a4a89d4ac0912b187b851d7845716c7d8","f56ea4902f385955a8d2438bb306087ba3274848dddfdc36602d269392ab08c1","vectorPerformance","gaussian8","Quantile","2","4","451689","4000","500","Complete","0.0674491","5.66E-5","0.0230967","0.0442958","0.125","0.001","437868","4000","14884.121074739518","14909.092385573675","12538.608584974128","1.0004648391967559","0.02587550455561438","0","f5667ee456b1d3d2b0c42c8460f2481029f27806732e9bf75dd56271a0628822",""
"4","2","0","baseline","a144eb1a4a89d4ac0912b187b851d7845716c7d8","f56ea4902f385955a8d2438bb306087ba3274848dddfdc36602d269392ab08c1","vectorPerformance","gaussian8","Quantile","4","-2","404175","4000","500","Complete","0.0555206","3.79E-5","0.0237452","0.0317375","0.234375","0.004","439383","4000","15133.633311857895","15137.149661571859","12640.232874183323","1.0002765119712598","0.010865777388695763","0","0a652ec86caa4b0878042a2ca27e4843b8fff440045e84ffe9040bbf18fc5c1b",""
"4","2","0","baseline","a144eb1a4a89d4ac0912b187b851d7845716c7d8","f56ea4902f385955a8d2438bb306087ba3274848dddfdc36602d269392ab08c1","vectorPerformance","gaussian8","Quantile","4","-1","412094","4000","500","Complete","0.0505883","3.26E-5","0.0253882","0.0251675","0.171875","0.002","438543","4000","15213.490906399908","15228.10660758392","12891.868030399028","1.0002543220506444","0.014962146800250764","0","22193da6e1ed5c7fb6bc482596a8cb09c08425673712be65ab0ebf58ef73f382",""
"4","2","0","baseline","a144eb1a4a89d4ac0912b187b851d7845716c7d8","f56ea4902f385955a8d2438bb306087ba3274848dddfdc36602d269392ab08c1","vectorPerformance","gaussian8","Quantile","4","0","420013","4000","500","Complete","0.0505756","3.18E-5","0.0230836","0.0274602","0.234375","0.0","436956","4000","15387.214907747757","15383.41868425877","13280.050841973973","1.000488212672387","0.017862111392228958","0","1a2a7053039cbf9cd5227976b2ba660c8f0bbf84c10e94ae04c9c6d297fc0025",""
"4","2","0","baseline","a144eb1a4a89d4ac0912b187b851d7845716c7d8","f56ea4902f385955a8d2438bb306087ba3274848dddfdc36602d269392ab08c1","vectorPerformance","gaussian8","Quantile","4","1","427932","4000","500","Complete","0.0525965","6.4E-5","0.0240917","0.0284408","0.3125","0.002","437269","4000","15727.934748036001","15719.464590581323","12902.625514015059","1.0004649152576137","0.012810490325706247","0","850de3d767de404b10a6234afa6ecc9c5dfdee0c4338411a0af3e46894e42ce3",""
"4","2","0","baseline","a144eb1a4a89d4ac0912b187b851d7845716c7d8","f56ea4902f385955a8d2438bb306087ba3274848dddfdc36602d269392ab08c1","vectorPerformance","gaussian8","Quantile","4","2","435851","4000","500","Complete","0.0503925","3.13E-5","0.025018","0.0253432","0.203125","0.002","438008","4000","15126.989343371939","15133.471327879883","12471.355965872704","1.0004579804360567","0.01410791604282019","0","fd474ea7f77c91f336f3664000c5dec28946aab4fd9917ca2fd5c066ad7e03df",""
"4","2","0","baseline","a144eb1a4a89d4ac0912b187b851d7845716c7d8","f56ea4902f385955a8d2438bb306087ba3274848dddfdc36602d269392ab08c1","vectorPerformance","gaussian8","Quantile","4","3","443770","4000","500","Complete","0.0487532","3.04E-5","0.0231034","0.0256194","0.1875","0.0","438134","4000","14783.95134310092","14781.603964607304","13183.37761680062","1.0005441549460146","0.009381500096846795","0","f5d860d8f1c8c55386f06f23faad6b9f8df1541a619040c2f28698d0813a5f75",""
"4","2","0","baseline","a144eb1a4a89d4ac0912b187b851d7845716c7d8","f56ea4902f385955a8d2438bb306087ba3274848dddfdc36602d269392ab08c1","vectorPerformance","gaussian8","Quantile","4","4","451689","4000","500","Complete","0.0508474","3.81E-5","0.0220341","0.0287752","0.1875","0.003","437868","4000","14884.121074739518","14909.092385573675","12538.608584974128","1.0004648391967559","0.02587550455561438","0","f5667ee456b1d3d2b0c42c8460f2481029f27806732e9bf75dd56271a0628822",""
"4","2","0","baseline","a144eb1a4a89d4ac0912b187b851d7845716c7d8","f56ea4902f385955a8d2438bb306087ba3274848dddfdc36602d269392ab08c1","vectorPerformance","likelihood8","GPSS","1","-2","404175","4000","500","Complete","0.163793499","1.41E-4","0.0807321","0.082920399","0.140625","0.0","113497","4000","15386.728000357793","15391.85127451405","11321.818924317045","1.000502564087113","0.005344596134197365","0","15875fc3ad457cd99d016931ae49e3b53ed50293a59b7331791ac43670de87bd",""
"4","2","0","baseline","a144eb1a4a89d4ac0912b187b851d7845716c7d8","f56ea4902f385955a8d2438bb306087ba3274848dddfdc36602d269392ab08c1","vectorPerformance","likelihood8","GPSS","1","-1","412094","4000","500","Complete","0.1663519","6.03E-5","0.0806768","0.0856148","0.234375","0.003","113672","4000","14515.066848005721","14590.130865412311","10903.103694208865","1.0008342935047612","0.005564436392907962","0","fc720f0e7fc6b705ca4b80ac8fe6515a0d286ae0520a978aef375e586c9db6bf",""
"4","2","0","baseline","a144eb1a4a89d4ac0912b187b851d7845716c7d8","f56ea4902f385955a8d2438bb306087ba3274848dddfdc36602d269392ab08c1","vectorPerformance","likelihood8","GPSS","1","0","420013","4000","500","Complete","0.1627895","5.8099E-5","0.080060301","0.0826711","0.171875","0.0","113054","4000","15068.277084944693","15070.85887531968","10694.846310168503","1.0005601541440654","0.004181248674558491","0","8d6dc2b369fc062d17f4e1721fe9d8a199bcba9f600d8572402455c6c30b60fa",""
"4","2","0","baseline","a144eb1a4a89d4ac0912b187b851d7845716c7d8","f56ea4902f385955a8d2438bb306087ba3274848dddfdc36602d269392ab08c1","vectorPerformance","likelihood8","GPSS","1","1","427932","4000","500","Complete","0.1637054","6.56E-5","0.080760399","0.082879401","0.171875","0.0","113472","4000","15069.243223748383","15055.059231076986","10322.707096463675","1.0013248567157627","0.005340326134526563","0","38e3adbbae621e7ad84a1cb5d7d2f248aeb925e3eea6b59badd3e9bb967ca792",""
"4","2","0","baseline","a144eb1a4a89d4ac0912b187b851d7845716c7d8","f56ea4902f385955a8d2438bb306087ba3274848dddfdc36602d269392ab08c1","vectorPerformance","likelihood8","GPSS","1","2","435851","4000","500","Complete","0.162658299","4.7899E-5","0.080370601","0.082239799","0.171875","0.0","113322","4000","15018.1283976014","15019.886701809703","11132.174688571149","1.000533090102839","0.005175852109189194","0","a1c97633734bbb43a66c525a225905cb612f427cd2600d3cc731158cc0011283",""
"4","2","0","baseline","a144eb1a4a89d4ac0912b187b851d7845716c7d8","f56ea4902f385955a8d2438bb306087ba3274848dddfdc36602d269392ab08c1","vectorPerformance","likelihood8","GPSS","1","3","443770","4000","500","Complete","0.164191201","4.72E-5","0.0815182","0.082625801","0.15625","0.0","113541","4000","15504.177620932032","15516.176571089783","11070.759113858252","1.0005200177999494","0.0030179744349801974","0","10250d525acdf021423a78f0a10ef6caf57ce50e6525306305dda230dde4a3dd",""
"4","2","0","baseline","a144eb1a4a89d4ac0912b187b851d7845716c7d8","f56ea4902f385955a8d2438bb306087ba3274848dddfdc36602d269392ab08c1","vectorPerformance","likelihood8","GPSS","1","4","451689","4000","500","Complete","0.163202201","7.9301E-5","0.080558","0.0825649","0.1875","0.0","113652","4000","14785.194091889316","14779.730449941797","11297.287331686812","1.0008757668998252","0.004036703328069907","0","aeb7ca95e5af585230ca0add63518df7f82bcf74ed17b9d657a219f4e1b2d0f5",""
"4","2","0","baseline","a144eb1a4a89d4ac0912b187b851d7845716c7d8","f56ea4902f385955a8d2438bb306087ba3274848dddfdc36602d269392ab08c1","vectorPerformance","likelihood8","GPSS","2","-2","404175","4000","500","Complete","0.1021131","0.002499501","0.0565179","0.043095699","0.296875","0.0","113497","4000","15386.728000357793","15391.85127451405","11321.818924317045","1.000502564087113","0.005344596134197365","0","15875fc3ad457cd99d016931ae49e3b53ed50293a59b7331791ac43670de87bd",""
"4","2","0","baseline","a144eb1a4a89d4ac0912b187b851d7845716c7d8","f56ea4902f385955a8d2438bb306087ba3274848dddfdc36602d269392ab08c1","vectorPerformance","likelihood8","GPSS","2","-1","412094","4000","500","Complete","0.0856833","7.53E-5","0.0419828","0.0436252","0.15625","0.0","113672","4000","14515.066848005721","14590.130865412311","10903.103694208865","1.0008342935047612","0.005564436392907962","0","fc720f0e7fc6b705ca4b80ac8fe6515a0d286ae0520a978aef375e586c9db6bf",""
"4","2","0","baseline","a144eb1a4a89d4ac0912b187b851d7845716c7d8","f56ea4902f385955a8d2438bb306087ba3274848dddfdc36602d269392ab08c1","vectorPerformance","likelihood8","GPSS","2","0","420013","4000","500","Complete","0.085925401","9.5401E-5","0.041853699","0.043976301","0.1875","0.0","113054","4000","15068.277084944693","15070.85887531968","10694.846310168503","1.0005601541440654","0.004181248674558491","0","8d6dc2b369fc062d17f4e1721fe9d8a199bcba9f600d8572402455c6c30b60fa",""
"4","2","0","baseline","a144eb1a4a89d4ac0912b187b851d7845716c7d8","f56ea4902f385955a8d2438bb306087ba3274848dddfdc36602d269392ab08c1","vectorPerformance","likelihood8","GPSS","2","1","427932","4000","500","Complete","0.0859605","4.89E-5","0.042997199","0.042914401","0.265625","0.001","113472","4000","15069.243223748383","15055.059231076986","10322.707096463675","1.0013248567157627","0.005340326134526563","0","38e3adbbae621e7ad84a1cb5d7d2f248aeb925e3eea6b59badd3e9bb967ca792",""
"4","2","0","baseline","a144eb1a4a89d4ac0912b187b851d7845716c7d8","f56ea4902f385955a8d2438bb306087ba3274848dddfdc36602d269392ab08c1","vectorPerformance","likelihood8","GPSS","2","2","435851","4000","500","Complete","0.087484201","4.8601E-5","0.0420285","0.0454071","0.15625","0.001","113322","4000","15018.1283976014","15019.886701809703","11132.174688571149","1.000533090102839","0.005175852109189194","0","a1c97633734bbb43a66c525a225905cb612f427cd2600d3cc731158cc0011283",""
"4","2","0","baseline","a144eb1a4a89d4ac0912b187b851d7845716c7d8","f56ea4902f385955a8d2438bb306087ba3274848dddfdc36602d269392ab08c1","vectorPerformance","likelihood8","GPSS","2","3","443770","4000","500","Complete","0.0861225","5.1899E-5","0.042448201","0.0436224","0.234375","0.0","113541","4000","15504.177620932032","15516.176571089783","11070.759113858252","1.0005200177999494","0.0030179744349801974","0","10250d525acdf021423a78f0a10ef6caf57ce50e6525306305dda230dde4a3dd",""
"4","2","0","baseline","a144eb1a4a89d4ac0912b187b851d7845716c7d8","f56ea4902f385955a8d2438bb306087ba3274848dddfdc36602d269392ab08c1","vectorPerformance","likelihood8","GPSS","2","4","451689","4000","500","Complete","0.0859669","4.74E-5","0.0429194","0.0430001","0.1875","0.001","113652","4000","14785.194091889316","14779.730449941797","11297.287331686812","1.0008757668998252","0.004036703328069907","0","aeb7ca95e5af585230ca0add63518df7f82bcf74ed17b9d657a219f4e1b2d0f5",""
"4","2","0","baseline","a144eb1a4a89d4ac0912b187b851d7845716c7d8","f56ea4902f385955a8d2438bb306087ba3274848dddfdc36602d269392ab08c1","vectorPerformance","likelihood8","GPSS","4","-2","404175","4000","500","Complete","0.049193099","1.30299E-4","0.024834901","0.024227899","0.1875","0.001","113497","4000","15386.728000357793","15391.85127451405","11321.818924317045","1.000502564087113","0.005344596134197365","0","15875fc3ad457cd99d016931ae49e3b53ed50293a59b7331791ac43670de87bd",""
"4","2","0","baseline","a144eb1a4a89d4ac0912b187b851d7845716c7d8","f56ea4902f385955a8d2438bb306087ba3274848dddfdc36602d269392ab08c1","vectorPerformance","likelihood8","GPSS","4","-1","412094","4000","500","Complete","0.0482014","5.49E-5","0.0236571","0.0244894","0.1875","0.0","113672","4000","14515.066848005721","14590.130865412311","10903.103694208865","1.0008342935047612","0.005564436392907962","0","fc720f0e7fc6b705ca4b80ac8fe6515a0d286ae0520a978aef375e586c9db6bf",""
"4","2","0","baseline","a144eb1a4a89d4ac0912b187b851d7845716c7d8","f56ea4902f385955a8d2438bb306087ba3274848dddfdc36602d269392ab08c1","vectorPerformance","likelihood8","GPSS","4","0","420013","4000","500","Complete","0.049363601","8.6901E-5","0.0245015","0.0247752","0.1875","0.001","113054","4000","15068.277084944693","15070.85887531968","10694.846310168503","1.0005601541440654","0.004181248674558491","0","8d6dc2b369fc062d17f4e1721fe9d8a199bcba9f600d8572402455c6c30b60fa",""
"4","2","0","baseline","a144eb1a4a89d4ac0912b187b851d7845716c7d8","f56ea4902f385955a8d2438bb306087ba3274848dddfdc36602d269392ab08c1","vectorPerformance","likelihood8","GPSS","4","1","427932","4000","500","Complete","0.0487404","5.03E-5","0.0241246","0.0245655","0.1875","0.0","113472","4000","15069.243223748383","15055.059231076986","10322.707096463675","1.0013248567157627","0.005340326134526563","0","38e3adbbae621e7ad84a1cb5d7d2f248aeb925e3eea6b59badd3e9bb967ca792",""
"4","2","0","baseline","a144eb1a4a89d4ac0912b187b851d7845716c7d8","f56ea4902f385955a8d2438bb306087ba3274848dddfdc36602d269392ab08c1","vectorPerformance","likelihood8","GPSS","4","2","435851","4000","500","Complete","0.0496435","4.9201E-5","0.02418","0.025414299","0.1875","0.0","113322","4000","15018.1283976014","15019.886701809703","11132.174688571149","1.000533090102839","0.005175852109189194","0","a1c97633734bbb43a66c525a225905cb612f427cd2600d3cc731158cc0011283",""
"4","2","0","baseline","a144eb1a4a89d4ac0912b187b851d7845716c7d8","f56ea4902f385955a8d2438bb306087ba3274848dddfdc36602d269392ab08c1","vectorPerformance","likelihood8","GPSS","4","3","443770","4000","500","Complete","0.049483001","4.9101E-5","0.0247051","0.0247288","0.234375","0.0","113541","4000","15504.177620932032","15516.176571089783","11070.759113858252","1.0005200177999494","0.0030179744349801974","0","10250d525acdf021423a78f0a10ef6caf57ce50e6525306305dda230dde4a3dd",""
"4","2","0","baseline","a144eb1a4a89d4ac0912b187b851d7845716c7d8","f56ea4902f385955a8d2438bb306087ba3274848dddfdc36602d269392ab08c1","vectorPerformance","likelihood8","GPSS","4","4","451689","4000","500","Complete","0.0489187","4.77E-5","0.02334","0.025531","0.1875","0.0","113652","4000","14785.194091889316","14779.730449941797","11297.287331686812","1.0008757668998252","0.004036703328069907","0","aeb7ca95e5af585230ca0add63518df7f82bcf74ed17b9d657a219f4e1b2d0f5",""
"4","2","0","baseline","a144eb1a4a89d4ac0912b187b851d7845716c7d8","f56ea4902f385955a8d2438bb306087ba3274848dddfdc36602d269392ab08c1","vectorPerformance","likelihood8","Quantile","1","-2","404175","4000","500","Complete","0.4586774","4.87E-5","0.3763659","0.0822628","0.46875","0.001","675623","4000","14553.603071888145","14560.448774995888","11253.189859649683","1.0007097070118298","0.003922918284137322","0","03828cdda4fc43583cac684014ff31176af4a34269763a886473aa7e641f0391",""
"4","2","0","baseline","a144eb1a4a89d4ac0912b187b851d7845716c7d8","f56ea4902f385955a8d2438bb306087ba3274848dddfdc36602d269392ab08c1","vectorPerformance","likelihood8","Quantile","1","-1","412094","4000","500","Complete","0.4576022","3.97E-5","0.373940499","0.083622001","0.453125","0.001","674660","4000","15209.136106969212","15217.30790335651","11240.432710958032","1.0004372157752155","0.0052684685777992235","0","e259b6e006096a76873934a7876a399ffc6054ce8626e6a9f54fe4dc9a2a077b",""
"4","2","0","baseline","a144eb1a4a89d4ac0912b187b851d7845716c7d8","f56ea4902f385955a8d2438bb306087ba3274848dddfdc36602d269392ab08c1","vectorPerformance","likelihood8","Quantile","1","0","420013","4000","500","Complete","0.4578798","3.76E-5","0.3752417","0.0826005","0.46875","0.0","673796","4000","15027.331818683551","15033.704474475824","10491.658637470435","1.0004326935079904","0.005338364077357494","0","a6b794bfac044c42b2225f202fe85edd749f09d343dadd0c6f9a8be5b72afda0",""
"4","2","0","baseline","a144eb1a4a89d4ac0912b187b851d7845716c7d8","f56ea4902f385955a8d2438bb306087ba3274848dddfdc36602d269392ab08c1","vectorPerformance","likelihood8","Quantile","1","1","427932","4000","500","Complete","0.4578785","3.2599E-5","0.376342401","0.0815035","0.453125","0.002","673825","4000","15276.658872254206","15256.4622489339","11119.716918313663","1.000391617247902","0.006419580823759208","0","50e2cecd19fa21e7ea4301720423264b745a7096caa97d8e6935a59763285f0a",""
"4","2","0","baseline","a144eb1a4a89d4ac0912b187b851d7845716c7d8","f56ea4902f385955a8d2438bb306087ba3274848dddfdc36602d269392ab08c1","vectorPerformance","likelihood8","Quantile","1","2","435851","4000","500","Complete","0.4591665","3.32E-5","0.3766219","0.0825114","0.453125","0.002","674482","4000","15438.964336306639","15424.356228106937","11497.88972532256","1.0006283061980878","0.01024848436056533","0","d045bb5c2ae5192b21902085068a9b62aa6f41d66d4132dc6affda22bcc4912d",""
"4","2","0","baseline","a144eb1a4a89d4ac0912b187b851d7845716c7d8","f56ea4902f385955a8d2438bb306087ba3274848dddfdc36602d269392ab08c1","vectorPerformance","likelihood8","Quantile","1","3","443770","4000","500","Complete","0.4582388","5.46E-5","0.3754577","0.0827265","0.46875","0.001","674770","4000","15279.141041189421","15290.437507693725","11098.089526704722","1.00060311853599","0.008195113181772185","0","14c0d80a24194a44695934e9fba1972daa6dc8b7383da72f1cd5837c36c4722d",""
"4","2","0","baseline","a144eb1a4a89d4ac0912b187b851d7845716c7d8","f56ea4902f385955a8d2438bb306087ba3274848dddfdc36602d269392ab08c1","vectorPerformance","likelihood8","Quantile","1","4","451689","4000","500","Complete","0.4625807","3.1E-5","0.375731299","0.086818401","0.46875","0.004","675588","4000","15378.326224840608","15396.096164831599","11613.462866841413","1.000726442029433","0.005885612388259281","0","dffab805aa7e6a415f84c4666b5b3033cb9751a54880ba72e95a79dc87652086",""
"4","2","0","baseline","a144eb1a4a89d4ac0912b187b851d7845716c7d8","f56ea4902f385955a8d2438bb306087ba3274848dddfdc36602d269392ab08c1","vectorPerformance","likelihood8","Quantile","2","-2","404175","4000","500","Complete","0.240252201","9.9101E-5","0.1964436","0.0437095","0.5","0.001","675623","4000","14553.603071888145","14560.448774995888","11253.189859649683","1.0007097070118298","0.003922918284137322","0","03828cdda4fc43583cac684014ff31176af4a34269763a886473aa7e641f0391",""
"4","2","0","baseline","a144eb1a4a89d4ac0912b187b851d7845716c7d8","f56ea4902f385955a8d2438bb306087ba3274848dddfdc36602d269392ab08c1","vectorPerformance","likelihood8","Quantile","2","-1","412094","4000","500","Complete","0.239385201","6.11E-5","0.195119701","0.0442044","0.484375","0.0","674660","4000","15209.136106969212","15217.30790335651","11240.432710958032","1.0004372157752155","0.0052684685777992235","0","e259b6e006096a76873934a7876a399ffc6054ce8626e6a9f54fe4dc9a2a077b",""
"4","2","0","baseline","a144eb1a4a89d4ac0912b187b851d7845716c7d8","f56ea4902f385955a8d2438bb306087ba3274848dddfdc36602d269392ab08c1","vectorPerformance","likelihood8","Quantile","2","0","420013","4000","500","Complete","0.2420204","3.21E-5","0.1967482","0.0452401","0.484375","0.001","673796","4000","15027.331818683551","15033.704474475824","10491.658637470435","1.0004326935079904","0.005338364077357494","0","a6b794bfac044c42b2225f202fe85edd749f09d343dadd0c6f9a8be5b72afda0",""
"4","2","0","baseline","a144eb1a4a89d4ac0912b187b851d7845716c7d8","f56ea4902f385955a8d2438bb306087ba3274848dddfdc36602d269392ab08c1","vectorPerformance","likelihood8","Quantile","2","1","427932","4000","500","Complete","0.239149799","1.15E-4","0.196133999","0.0429008","0.484375","0.001","673825","4000","15276.658872254206","15256.4622489339","11119.716918313663","1.000391617247902","0.006419580823759208","0","50e2cecd19fa21e7ea4301720423264b745a7096caa97d8e6935a59763285f0a",""
"4","2","0","baseline","a144eb1a4a89d4ac0912b187b851d7845716c7d8","f56ea4902f385955a8d2438bb306087ba3274848dddfdc36602d269392ab08c1","vectorPerformance","likelihood8","Quantile","2","2","435851","4000","500","Complete","0.2403372","3.04E-5","0.1965014","0.0438054","0.5","0.0","674482","4000","15438.964336306639","15424.356228106937","11497.88972532256","1.0006283061980878","0.01024848436056533","0","d045bb5c2ae5192b21902085068a9b62aa6f41d66d4132dc6affda22bcc4912d",""
"4","2","0","baseline","a144eb1a4a89d4ac0912b187b851d7845716c7d8","f56ea4902f385955a8d2438bb306087ba3274848dddfdc36602d269392ab08c1","vectorPerformance","likelihood8","Quantile","2","3","443770","4000","500","Complete","0.2388219","2.93E-5","0.1947969","0.0439957","0.484375","0.0","674770","4000","15279.141041189421","15290.437507693725","11098.089526704722","1.00060311853599","0.008195113181772185","0","14c0d80a24194a44695934e9fba1972daa6dc8b7383da72f1cd5837c36c4722d",""
"4","2","0","baseline","a144eb1a4a89d4ac0912b187b851d7845716c7d8","f56ea4902f385955a8d2438bb306087ba3274848dddfdc36602d269392ab08c1","vectorPerformance","likelihood8","Quantile","2","4","451689","4000","500","Complete","0.2384561","2.94E-5","0.1944439","0.0439828","0.46875","0.0","675588","4000","15378.326224840608","15396.096164831599","11613.462866841413","1.000726442029433","0.005885612388259281","0","dffab805aa7e6a415f84c4666b5b3033cb9751a54880ba72e95a79dc87652086",""
"4","2","0","baseline","a144eb1a4a89d4ac0912b187b851d7845716c7d8","f56ea4902f385955a8d2438bb306087ba3274848dddfdc36602d269392ab08c1","vectorPerformance","likelihood8","Quantile","4","-2","404175","4000","500","Complete","0.125998499","5.47E-5","0.1003734","0.025570399","0.5","0.0","675623","4000","14553.603071888145","14560.448774995888","11253.189859649683","1.0007097070118298","0.003922918284137322","0","03828cdda4fc43583cac684014ff31176af4a34269763a886473aa7e641f0391",""
"4","2","0","baseline","a144eb1a4a89d4ac0912b187b851d7845716c7d8","f56ea4902f385955a8d2438bb306087ba3274848dddfdc36602d269392ab08c1","vectorPerformance","likelihood8","Quantile","4","-1","412094","4000","500","Complete","0.1270402","3.79E-5","0.0993143","0.027688","0.484375","0.002","674660","4000","15209.136106969212","15217.30790335651","11240.432710958032","1.0004372157752155","0.0052684685777992235","0","e259b6e006096a76873934a7876a399ffc6054ce8626e6a9f54fe4dc9a2a077b",""
"4","2","0","baseline","a144eb1a4a89d4ac0912b187b851d7845716c7d8","f56ea4902f385955a8d2438bb306087ba3274848dddfdc36602d269392ab08c1","vectorPerformance","likelihood8","Quantile","4","0","420013","4000","500","Complete","0.1246693","3.43E-5","0.0996606","0.0249744","0.484375","0.0","673796","4000","15027.331818683551","15033.704474475824","10491.658637470435","1.0004326935079904","0.005338364077357494","0","a6b794bfac044c42b2225f202fe85edd749f09d343dadd0c6f9a8be5b72afda0",""
"4","2","0","baseline","a144eb1a4a89d4ac0912b187b851d7845716c7d8","f56ea4902f385955a8d2438bb306087ba3274848dddfdc36602d269392ab08c1","vectorPerformance","likelihood8","Quantile","4","1","427932","4000","500","Complete","0.124959","5.7699E-5","0.099320001","0.0255813","0.46875","0.0","673825","4000","15276.658872254206","15256.4622489339","11119.716918313663","1.000391617247902","0.006419580823759208","0","50e2cecd19fa21e7ea4301720423264b745a7096caa97d8e6935a59763285f0a",""
"4","2","0","baseline","a144eb1a4a89d4ac0912b187b851d7845716c7d8","f56ea4902f385955a8d2438bb306087ba3274848dddfdc36602d269392ab08c1","vectorPerformance","likelihood8","Quantile","4","2","435851","4000","500","Complete","0.1253284","2.92E-5","0.099882499","0.025416701","0.453125","0.0","674482","4000","15438.964336306639","15424.356228106937","11497.88972532256","1.0006283061980878","0.01024848436056533","0","d045bb5c2ae5192b21902085068a9b62aa6f41d66d4132dc6affda22bcc4912d",""
"4","2","0","baseline","a144eb1a4a89d4ac0912b187b851d7845716c7d8","f56ea4902f385955a8d2438bb306087ba3274848dddfdc36602d269392ab08c1","vectorPerformance","likelihood8","Quantile","4","3","443770","4000","500","Complete","0.125582","3.23E-5","0.1000773","0.0254724","0.46875","0.001","674770","4000","15279.141041189421","15290.437507693725","11098.089526704722","1.00060311853599","0.008195113181772185","0","14c0d80a24194a44695934e9fba1972daa6dc8b7383da72f1cd5837c36c4722d",""
"4","2","0","baseline","a144eb1a4a89d4ac0912b187b851d7845716c7d8","f56ea4902f385955a8d2438bb306087ba3274848dddfdc36602d269392ab08c1","vectorPerformance","likelihood8","Quantile","4","4","451689","4000","500","Complete","0.1266002","3.12E-5","0.1019142","0.0246548","0.515625","0.0","675588","4000","15378.326224840608","15396.096164831599","11613.462866841413","1.000726442029433","0.005885612388259281","0","dffab805aa7e6a415f84c4666b5b3033cb9751a54880ba72e95a79dc87652086",""
"4","2","0","baseline","a144eb1a4a89d4ac0912b187b851d7845716c7d8","f56ea4902f385955a8d2438bb306087ba3274848dddfdc36602d269392ab08c1","vectorPerformance","mixture8","GPSS","1","-2","404175","4000","500","Complete","0.1534189","1.72E-5","0.071448799","0.081952901","0.15625","0.0","229144","4000","14.257988816324646","29.19304971339808","41.12369705555653","1.0898522442939091","0.21935070608817098","8","3b6875e17ed27fe9805ded4d871f7b5f9d73e9def0157d2b9b3ca4e8933848aa",""
"4","2","0","baseline","a144eb1a4a89d4ac0912b187b851d7845716c7d8","f56ea4902f385955a8d2438bb306087ba3274848dddfdc36602d269392ab08c1","vectorPerformance","mixture8","GPSS","1","-1","412094","4000","500","Complete","0.1528377","1.6701E-5","0.0708028","0.082018199","0.140625","0.0","229290","4000","18.720999899350527","39.028622707399215","46.96121523232878","1.0731938076004162","0.17813809720195017","8","abf27d85ad57f604af02f9ce976cde68729c5e5b0b9868c8021e26e9e57c9cbb",""
"4","2","0","baseline","a144eb1a4a89d4ac0912b187b851d7845716c7d8","f56ea4902f385955a8d2438bb306087ba3274848dddfdc36602d269392ab08c1","vectorPerformance","mixture8","GPSS","1","0","420013","4000","500","Complete","0.1532123","1.75E-5","0.0714644","0.0817304","0.15625","0.001","230860","4000","11.197660818981081","21.159126284650732","49.74480814386594","1.1308094060468774","0.5016290019944878","8","f1a24a91ced5488ebfe513313caafc39cdc36be309bd0944b0aca511830cdc9b",""
"4","2","0","baseline","a144eb1a4a89d4ac0912b187b851d7845716c7d8","f56ea4902f385955a8d2438bb306087ba3274848dddfdc36602d269392ab08c1","vectorPerformance","mixture8","GPSS","1","1","427932","4000","500","Complete","0.1504058","1.67E-5","0.0696767","0.0807124","0.15625","0.0","227656","4000","350.3365962359708","946.1959119121931","828.0407758236613","1.006187429279826","0.489472770444491","0","3048dd7a997ec08547ffedc643f4f8ad71fb08dfc61d73588f085fae9f3b2530",""
"4","2","0","baseline","a144eb1a4a89d4ac0912b187b851d7845716c7d8","f56ea4902f385955a8d2438bb306087ba3274848dddfdc36602d269392ab08c1","vectorPerformance","mixture8","GPSS","1","2","435851","4000","500","Complete","0.1534699","1.67E-5","0.0723207","0.0811325","0.203125","0.001","230320","4000","11.885382937205895","20.922381229748733","74.65086869430434","1.127517255169642","0.6163845076767369","8","a8b0c5d28390a6bbe639426c5f3d044100be601426210b18a9d9a12faa0fdcbb",""
"4","2","0","baseline","a144eb1a4a89d4ac0912b187b851d7845716c7d8","f56ea4902f385955a8d2438bb306087ba3274848dddfdc36602d269392ab08c1","vectorPerformance","mixture8","GPSS","1","3","443770","4000","500","Complete","0.1518165","1.67E-5","0.0707883","0.0810115","0.15625","0.001","228342","4000","32.15927038708645","138.24287084259578","31.951943081965528","1.0380332431121262","0.32314994313579937","8","fb914cb87efc1f88af4218573d1acfcb2cf7af7578bb3764f9313b6f1caf9c08",""
"4","2","0","baseline","a144eb1a4a89d4ac0912b187b851d7845716c7d8","f56ea4902f385955a8d2438bb306087ba3274848dddfdc36602d269392ab08c1","vectorPerformance","mixture8","GPSS","1","4","451689","4000","500","Complete","0.1527139","1.56E-5","0.0725423","0.080156","0.15625","0.001","231161","4000","11.42981152723505","18.51428192120557","82.97173289489884","1.1478873533286111","0.944470980985646","8","8c304b54387b3cfcaea9ca546733eb569997eadee97f924c60d4475ce4148eb9",""
"4","2","0","baseline","a144eb1a4a89d4ac0912b187b851d7845716c7d8","f56ea4902f385955a8d2438bb306087ba3274848dddfdc36602d269392ab08c1","vectorPerformance","mixture8","GPSS","2","-2","404175","4000","500","Complete","0.098899","1.55E-5","0.0543002","0.0445833","0.25","0.0","229144","4000","14.257988816324646","29.19304971339808","41.12369705555653","1.0898522442939091","0.21935070608817098","8","3b6875e17ed27fe9805ded4d871f7b5f9d73e9def0157d2b9b3ca4e8933848aa",""
"4","2","0","baseline","a144eb1a4a89d4ac0912b187b851d7845716c7d8","f56ea4902f385955a8d2438bb306087ba3274848dddfdc36602d269392ab08c1","vectorPerformance","mixture8","GPSS","2","-1","412094","4000","500","Complete","0.0881782","1.9499E-5","0.044039101","0.0441196","0.1875","0.001","229290","4000","18.720999899350527","39.028622707399215","46.96121523232878","1.0731938076004162","0.17813809720195017","8","abf27d85ad57f604af02f9ce976cde68729c5e5b0b9868c8021e26e9e57c9cbb",""
"4","2","0","baseline","a144eb1a4a89d4ac0912b187b851d7845716c7d8","f56ea4902f385955a8d2438bb306087ba3274848dddfdc36602d269392ab08c1","vectorPerformance","mixture8","GPSS","2","0","420013","4000","500","Complete","0.0884353","1.79E-5","0.0440097","0.0444077","0.1875","0.0","230860","4000","11.197660818981081","21.159126284650732","49.74480814386594","1.1308094060468774","0.5016290019944878","8","f1a24a91ced5488ebfe513313caafc39cdc36be309bd0944b0aca511830cdc9b",""
"4","2","0","baseline","a144eb1a4a89d4ac0912b187b851d7845716c7d8","f56ea4902f385955a8d2438bb306087ba3274848dddfdc36602d269392ab08c1","vectorPerformance","mixture8","GPSS","2","1","427932","4000","500","Complete","0.085210801","2.0501E-5","0.042689","0.0425013","0.15625","0.0","227656","4000","350.3365962359708","946.1959119121931","828.0407758236613","1.006187429279826","0.489472770444491","0","3048dd7a997ec08547ffedc643f4f8ad71fb08dfc61d73588f085fae9f3b2530",""
"4","2","0","baseline","a144eb1a4a89d4ac0912b187b851d7845716c7d8","f56ea4902f385955a8d2438bb306087ba3274848dddfdc36602d269392ab08c1","vectorPerformance","mixture8","GPSS","2","2","435851","4000","500","Complete","0.0881714","2.0999E-5","0.043430101","0.0447203","0.1875","0.0","230320","4000","11.885382937205895","20.922381229748733","74.65086869430434","1.127517255169642","0.6163845076767369","8","a8b0c5d28390a6bbe639426c5f3d044100be601426210b18a9d9a12faa0fdcbb",""
"4","2","0","baseline","a144eb1a4a89d4ac0912b187b851d7845716c7d8","f56ea4902f385955a8d2438bb306087ba3274848dddfdc36602d269392ab08c1","vectorPerformance","mixture8","GPSS","2","3","443770","4000","500","Complete","0.087996","1.68E-5","0.043881699","0.044097501","0.1875","0.0","228342","4000","32.15927038708645","138.24287084259578","31.951943081965528","1.0380332431121262","0.32314994313579937","8","fb914cb87efc1f88af4218573d1acfcb2cf7af7578bb3764f9313b6f1caf9c08",""
"4","2","0","baseline","a144eb1a4a89d4ac0912b187b851d7845716c7d8","f56ea4902f385955a8d2438bb306087ba3274848dddfdc36602d269392ab08c1","vectorPerformance","mixture8","GPSS","2","4","451689","4000","500","Complete","0.088094","1.78E-5","0.0430995","0.0449767","0.15625","0.001","231161","4000","11.42981152723505","18.51428192120557","82.97173289489884","1.1478873533286111","0.944470980985646","8","8c304b54387b3cfcaea9ca546733eb569997eadee97f924c60d4475ce4148eb9",""
"4","2","0","baseline","a144eb1a4a89d4ac0912b187b851d7845716c7d8","f56ea4902f385955a8d2438bb306087ba3274848dddfdc36602d269392ab08c1","vectorPerformance","mixture8","GPSS","4","-2","404175","4000","500","Complete","0.067646301","2.0701E-5","0.0425059","0.0251197","0.3125","0.001","229144","4000","14.257988816324646","29.19304971339808","41.12369705555653","1.0898522442939091","0.21935070608817098","8","3b6875e17ed27fe9805ded4d871f7b5f9d73e9def0157d2b9b3ca4e8933848aa",""
"4","2","0","baseline","a144eb1a4a89d4ac0912b187b851d7845716c7d8","f56ea4902f385955a8d2438bb306087ba3274848dddfdc36602d269392ab08c1","vectorPerformance","mixture8","GPSS","4","-1","412094","4000","500","Complete","0.066770901","1.7201E-5","0.041459399","0.025294301","0.25","0.001","229290","4000","18.720999899350527","39.028622707399215","46.96121523232878","1.0731938076004162","0.17813809720195017","8","abf27d85ad57f604af02f9ce976cde68729c5e5b0b9868c8021e26e9e57c9cbb",""
"4","2","0","baseline","a144eb1a4a89d4ac0912b187b851d7845716c7d8","f56ea4902f385955a8d2438bb306087ba3274848dddfdc36602d269392ab08c1","vectorPerformance","mixture8","GPSS","4","0","420013","4000","500","Complete","0.0684791","1.87E-5","0.0429717","0.0254887","0.25","0.001","230860","4000","11.197660818981081","21.159126284650732","49.74480814386594","1.1308094060468774","0.5016290019944878","8","f1a24a91ced5488ebfe513313caafc39cdc36be309bd0944b0aca511830cdc9b",""
"4","2","0","baseline","a144eb1a4a89d4ac0912b187b851d7845716c7d8","f56ea4902f385955a8d2438bb306087ba3274848dddfdc36602d269392ab08c1","vectorPerformance","mixture8","GPSS","4","1","427932","4000","500","Complete","0.0667042","1.75E-5","0.043200299","0.023486401","0.3125","0.001","227656","4000","350.3365962359708","946.1959119121931","828.0407758236613","1.006187429279826","0.489472770444491","0","3048dd7a997ec08547ffedc643f4f8ad71fb08dfc61d73588f085fae9f3b2530",""
"4","2","0","baseline","a144eb1a4a89d4ac0912b187b851d7845716c7d8","f56ea4902f385955a8d2438bb306087ba3274848dddfdc36602d269392ab08c1","vectorPerformance","mixture8","GPSS","4","2","435851","4000","500","Complete","0.068042801","1.66E-5","0.042513501","0.0255127","0.3125","0.001","230320","4000","11.885382937205895","20.922381229748733","74.65086869430434","1.127517255169642","0.6163845076767369","8","a8b0c5d28390a6bbe639426c5f3d044100be601426210b18a9d9a12faa0fdcbb",""
"4","2","0","baseline","a144eb1a4a89d4ac0912b187b851d7845716c7d8","f56ea4902f385955a8d2438bb306087ba3274848dddfdc36602d269392ab08c1","vectorPerformance","mixture8","GPSS","4","3","443770","4000","500","Complete","0.065855899","1.73E-5","0.042003499","0.0238351","0.25","0.001","228342","4000","32.15927038708645","138.24287084259578","31.951943081965528","1.0380332431121262","0.32314994313579937","8","fb914cb87efc1f88af4218573d1acfcb2cf7af7578bb3764f9313b6f1caf9c08",""
"4","2","0","baseline","a144eb1a4a89d4ac0912b187b851d7845716c7d8","f56ea4902f385955a8d2438bb306087ba3274848dddfdc36602d269392ab08c1","vectorPerformance","mixture8","GPSS","4","4","451689","4000","500","Complete","0.070273601","1.7601E-5","0.044002","0.026254","0.265625","0.0","231161","4000","11.42981152723505","18.51428192120557","82.97173289489884","1.1478873533286111","0.944470980985646","8","8c304b54387b3cfcaea9ca546733eb569997eadee97f924c60d4475ce4148eb9",""
"4","2","0","baseline","a144eb1a4a89d4ac0912b187b851d7845716c7d8","f56ea4902f385955a8d2438bb306087ba3274848dddfdc36602d269392ab08c1","vectorPerformance","mixture8","Quantile","1","-2","404175","4000","500","Complete","0.2425528","3.21E-5","0.1554652","0.0870555","0.265625","0.002","794544","4000","4.187636809868029","7.060337598855363","26.16378128764236","1.5288331364789502","3.256985326991021","8","08478ec37e7016f0a746f5541369d3f27e6780b3d77ac0dd3727aedc458b8a7f",""
"4","2","0","baseline","a144eb1a4a89d4ac0912b187b851d7845716c7d8","f56ea4902f385955a8d2438bb306087ba3274848dddfdc36602d269392ab08c1","vectorPerformance","mixture8","Quantile","1","-1","412094","4000","500","Complete","0.2455054","1.53E-5","0.1621613","0.0833288","0.25","0.0","816779","4000","13172.219750891138","13222.282432153374","9557.095877190202","1.0009523655339596","4.505381108384656","0","df0a2d121acaf8121fe4585bac661d116d56b94d4bbd87d7554b9b56bc69a16b",""
"4","2","0","baseline","a144eb1a4a89d4ac0912b187b851d7845716c7d8","f56ea4902f385955a8d2438bb306087ba3274848dddfdc36602d269392ab08c1","vectorPerformance","mixture8","Quantile","1","0","420013","4000","500","Complete","0.2424677","1.54E-5","0.157136899","0.085315401","0.25","0.0","794198","4000","4.186058672517822","7.066033020998243","25.872565892706334","1.528293121197245","3.254959184947837","8","298edcccf4cb67bd1d71a2c67eaac49d9c2f065b01ce89b5a425470b4ac34246",""
"4","2","0","baseline","a144eb1a4a89d4ac0912b187b851d7845716c7d8","f56ea4902f385955a8d2438bb306087ba3274848dddfdc36602d269392ab08c1","vectorPerformance","mixture8","Quantile","1","1","427932","4000","500","Complete","0.242417","1.49E-5","0.158369999","0.084032101","0.25","0.001","793428","4000","4.1830750512240416","7.063117190644894","25.56957561795727","1.5283657513611182","3.2567621870613133","8","273d5a969b71614959a723e90feee880f8890fbdd52ed734512ecdb8349192a1",""
"4","2","0","baseline","a144eb1a4a89d4ac0912b187b851d7845716c7d8","f56ea4902f385955a8d2438bb306087ba3274848dddfdc36602d269392ab08c1","vectorPerformance","mixture8","Quantile","1","2","435851","4000","500","Complete","0.244412801","1.62E-5","0.161873701","0.0825229","0.234375","0.002","819559","4000","13453.176078554361","13421.262962358194","9216.280792110578","1.0005674240480147","4.502788958677054","0","d8c678a9202d9a68411f907dc58204bfa1e84fa81561ad1055f777dd4b42c6f2",""
"4","2","0","baseline","a144eb1a4a89d4ac0912b187b851d7845716c7d8","f56ea4902f385955a8d2438bb306087ba3274848dddfdc36602d269392ab08c1","vectorPerformance","mixture8","Quantile","1","3","443770","4000","500","Complete","0.2443261","1.59E-5","0.162419699","0.081890501","0.234375","0.001","818525","4000","14133.815442025896","14200.524096105466","9050.625427824825","1.0007425189374404","4.512149086714977","0","1bb1a4f128a60c3df02103528fa01749d02171821dd07470e5dae7f5e8630625",""
"4","2","0","baseline","a144eb1a4a89d4ac0912b187b851d7845716c7d8","f56ea4902f385955a8d2438bb306087ba3274848dddfdc36602d269392ab08c1","vectorPerformance","mixture8","Quantile","1","4","451689","4000","500","Complete","0.2453809","1.47E-5","0.164371301","0.080994899","0.25","0.002","819229","4000","12826.818650755431","12819.884446949432","9099.649034826969","1.000430048273552","4.504000123365279","0","678212121ddd43756b45e7bd2e21e3caba79bf54b0c78a22985c55552046cf37",""
"4","2","0","baseline","a144eb1a4a89d4ac0912b187b851d7845716c7d8","f56ea4902f385955a8d2438bb306087ba3274848dddfdc36602d269392ab08c1","vectorPerformance","mixture8","Quantile","2","-2","404175","4000","500","Complete","0.143778299","1.57E-5","0.09829","0.045472599","0.28125","0.003","794544","4000","4.187636809868029","7.060337598855363","26.16378128764236","1.5288331364789502","3.256985326991021","8","08478ec37e7016f0a746f5541369d3f27e6780b3d77ac0dd3727aedc458b8a7f",""
"4","2","0","baseline","a144eb1a4a89d4ac0912b187b851d7845716c7d8","f56ea4902f385955a8d2438bb306087ba3274848dddfdc36602d269392ab08c1","vectorPerformance","mixture8","Quantile","2","-1","412094","4000","500","Complete","0.1439538","2.26E-5","0.0972155","0.0467157","0.59375","0.002","816779","4000","13172.219750891138","13222.282432153374","9557.095877190202","1.0009523655339596","4.505381108384656","0","df0a2d121acaf8121fe4585bac661d116d56b94d4bbd87d7554b9b56bc69a16b",""
"4","2","0","baseline","a144eb1a4a89d4ac0912b187b851d7845716c7d8","f56ea4902f385955a8d2438bb306087ba3274848dddfdc36602d269392ab08c1","vectorPerformance","mixture8","Quantile","2","0","420013","4000","500","Complete","0.14417","1.7901E-5","0.0985456","0.045606499","0.296875","0.001","794198","4000","4.186058672517822","7.066033020998243","25.872565892706334","1.528293121197245","3.254959184947837","8","298edcccf4cb67bd1d71a2c67eaac49d9c2f065b01ce89b5a425470b4ac34246",""
"4","2","0","baseline","a144eb1a4a89d4ac0912b187b851d7845716c7d8","f56ea4902f385955a8d2438bb306087ba3274848dddfdc36602d269392ab08c1","vectorPerformance","mixture8","Quantile","2","1","427932","4000","500","Complete","0.142760801","1.56E-5","0.097237101","0.0455081","0.609375","0.001","793428","4000","4.1830750512240416","7.063117190644894","25.56957561795727","1.5283657513611182","3.2567621870613133","8","273d5a969b71614959a723e90feee880f8890fbdd52ed734512ecdb8349192a1",""
"4","2","0","baseline","a144eb1a4a89d4ac0912b187b851d7845716c7d8","f56ea4902f385955a8d2438bb306087ba3274848dddfdc36602d269392ab08c1","vectorPerformance","mixture8","Quantile","2","2","435851","4000","500","Complete","0.144592801","1.9101E-5","0.1007816","0.0437921","0.28125","0.001","819559","4000","13453.176078554361","13421.262962358194","9216.280792110578","1.0005674240480147","4.502788958677054","0","d8c678a9202d9a68411f907dc58204bfa1e84fa81561ad1055f777dd4b42c6f2",""
"4","2","0","baseline","a144eb1a4a89d4ac0912b187b851d7845716c7d8","f56ea4902f385955a8d2438bb306087ba3274848dddfdc36602d269392ab08c1","vectorPerformance","mixture8","Quantile","2","3","443770","4000","500","Complete","0.144899","1.53E-5","0.1010146","0.0438691","0.3125","0.002","818525","4000","14133.815442025896","14200.524096105466","9050.625427824825","1.0007425189374404","4.512149086714977","0","1bb1a4f128a60c3df02103528fa01749d02171821dd07470e5dae7f5e8630625",""
"4","2","0","baseline","a144eb1a4a89d4ac0912b187b851d7845716c7d8","f56ea4902f385955a8d2438bb306087ba3274848dddfdc36602d269392ab08c1","vectorPerformance","mixture8","Quantile","2","4","451689","4000","500","Complete","0.1446393","1.66E-5","0.1018076","0.0428151","0.28125","0.002","819229","4000","12826.818650755431","12819.884446949432","9099.649034826969","1.000430048273552","4.504000123365279","0","678212121ddd43756b45e7bd2e21e3caba79bf54b0c78a22985c55552046cf37",""
"4","2","0","baseline","a144eb1a4a89d4ac0912b187b851d7845716c7d8","f56ea4902f385955a8d2438bb306087ba3274848dddfdc36602d269392ab08c1","vectorPerformance","mixture8","Quantile","4","-2","404175","4000","500","Complete","0.106718199","1.47E-5","0.075812","0.030891499","0.390625","0.002","794544","4000","4.187636809868029","7.060337598855363","26.16378128764236","1.5288331364789502","3.256985326991021","8","08478ec37e7016f0a746f5541369d3f27e6780b3d77ac0dd3727aedc458b8a7f",""
"4","2","0","baseline","a144eb1a4a89d4ac0912b187b851d7845716c7d8","f56ea4902f385955a8d2438bb306087ba3274848dddfdc36602d269392ab08c1","vectorPerformance","mixture8","Quantile","4","-1","412094","4000","500","Complete","0.1023391","1.65E-5","0.0772351","0.0250875","0.375","0.001","816779","4000","13172.219750891138","13222.282432153374","9557.095877190202","1.0009523655339596","4.505381108384656","0","df0a2d121acaf8121fe4585bac661d116d56b94d4bbd87d7554b9b56bc69a16b",""
"4","2","0","baseline","a144eb1a4a89d4ac0912b187b851d7845716c7d8","f56ea4902f385955a8d2438bb306087ba3274848dddfdc36602d269392ab08c1","vectorPerformance","mixture8","Quantile","4","0","420013","4000","500","Complete","0.1040024","1.62E-5","0.0759074","0.0280788","0.4375","0.001","794198","4000","4.186058672517822","7.066033020998243","25.872565892706334","1.528293121197245","3.254959184947837","8","298edcccf4cb67bd1d71a2c67eaac49d9c2f065b01ce89b5a425470b4ac34246",""
"4","2","0","baseline","a144eb1a4a89d4ac0912b187b851d7845716c7d8","f56ea4902f385955a8d2438bb306087ba3274848dddfdc36602d269392ab08c1","vectorPerformance","mixture8","Quantile","4","1","427932","4000","500","Complete","0.1048571","1.52E-5","0.0777602","0.0270817","0.421875","0.001","793428","4000","4.1830750512240416","7.063117190644894","25.56957561795727","1.5283657513611182","3.2567621870613133","8","273d5a969b71614959a723e90feee880f8890fbdd52ed734512ecdb8349192a1",""
"4","2","0","baseline","a144eb1a4a89d4ac0912b187b851d7845716c7d8","f56ea4902f385955a8d2438bb306087ba3274848dddfdc36602d269392ab08c1","vectorPerformance","mixture8","Quantile","4","2","435851","4000","500","Complete","0.1057821","1.66E-5","0.0807639","0.0250016","0.375","0.001","819559","4000","13453.176078554361","13421.262962358194","9216.280792110578","1.0005674240480147","4.502788958677054","0","d8c678a9202d9a68411f907dc58204bfa1e84fa81561ad1055f777dd4b42c6f2",""
"4","2","0","baseline","a144eb1a4a89d4ac0912b187b851d7845716c7d8","f56ea4902f385955a8d2438bb306087ba3274848dddfdc36602d269392ab08c1","vectorPerformance","mixture8","Quantile","4","3","443770","4000","500","Complete","0.1064405","1.5199E-5","0.081004801","0.0254205","0.4375","0.001","818525","4000","14133.815442025896","14200.524096105466","9050.625427824825","1.0007425189374404","4.512149086714977","0","1bb1a4f128a60c3df02103528fa01749d02171821dd07470e5dae7f5e8630625",""
"4","2","0","baseline","a144eb1a4a89d4ac0912b187b851d7845716c7d8","f56ea4902f385955a8d2438bb306087ba3274848dddfdc36602d269392ab08c1","vectorPerformance","mixture8","Quantile","4","4","451689","4000","500","Complete","0.1058476","1.6E-5","0.0801045","0.0257271","0.390625","0.001","819229","4000","12826.818650755431","12819.884446949432","9099.649034826969","1.000430048273552","4.504000123365279","0","678212121ddd43756b45e7bd2e21e3caba79bf54b0c78a22985c55552046cf37",""
"4","2","0","baseline","a144eb1a4a89d4ac0912b187b851d7845716c7d8","f56ea4902f385955a8d2438bb306087ba3274848dddfdc36602d269392ab08c1","vectorPerformance","positive32","GPSS","1","-2","404175","4000","500","Complete","0.5169458","2.36E-5","0.1917347","0.3251875","0.515625","0.004","312248","4000","6.507081555422677","8.267454120088496","11.239726363241573","1.4243493212370788","0.9111742118510904","32","e1f462be7160698fc96433c37d8e6460fa2b583d96e58a05af89904985ee97c5",""
"4","2","0","baseline","a144eb1a4a89d4ac0912b187b851d7845716c7d8","f56ea4902f385955a8d2438bb306087ba3274848dddfdc36602d269392ab08c1","vectorPerformance","positive32","GPSS","1","-1","412094","4000","500","Complete","0.5262561","2.39E-5","0.19151","0.3347222","0.546875","0.007","312989","4000","5.495322761597328","8.012492423835413","12.29336507256984","1.4621066333934736","0.5327465027759886","32","047503de7ceb57f45f2c33ddf27b78c64d75cb6665a40538a8909c85da9d2c02",""
"4","2","0","baseline","a144eb1a4a89d4ac0912b187b851d7845716c7d8","f56ea4902f385955a8d2438bb306087ba3274848dddfdc36602d269392ab08c1","vectorPerformance","positive32","GPSS","1","0","420013","4000","500","Complete","0.5110363","2.33E-5","0.1923463","0.3186667","0.515625","0.006","315080","4000","5.054210848500271","6.4086389980297715","11.498400167812514","1.682066869867944","1.124774421937512","32","9182bbb858877f9a625ab3c8ae05e7120fdc466f42d5a1dceccf9395da6065e9",""
"4","2","0","baseline","a144eb1a4a89d4ac0912b187b851d7845716c7d8","f56ea4902f385955a8d2438bb306087ba3274848dddfdc36602d269392ab08c1","vectorPerformance","positive32","GPSS","1","1","427932","4000","500","Complete","0.5292727","2.37E-5","0.1959429","0.3333061","0.578125","0.008","310499","4000","4.949526595516298","7.4253970060875725","11.370735805288119","1.496332455560683","0.5218258205642705","32","f0d7064a140efac0e8d7992843e936b5b1ea4f33b336f96c18ed34d07d4ff733",""
"4","2","0","baseline","a144eb1a4a89d4ac0912b187b851d7845716c7d8","f56ea4902f385955a8d2438bb306087ba3274848dddfdc36602d269392ab08c1","vectorPerformance","positive32","GPSS","1","2","435851","4000","500","Complete","0.5159923","2.47E-5","0.1925616","0.323406","0.546875","0.007","312895","4000","6.595439608345559","8.875134343603566","10.947737821804315","1.3815878832703925","0.38311879002350624","32","0365e43fa384cead64ff9f89d32ea3ea9edfdb1f4523fadebe6c708ca213e343",""
"4","2","0","baseline","a144eb1a4a89d4ac0912b187b851d7845716c7d8","f56ea4902f385955a8d2438bb306087ba3274848dddfdc36602d269392ab08c1","vectorPerformance","positive32","GPSS","1","3","443770","4000","500","Complete","0.5122855","2.35E-5","0.1973841","0.3148779","0.515625","0.003","322378","4000","4.786571198089734","5.896539279571406","11.375709989448119","1.7909712039019074","1.5561805918696656","32","6ad6daee0ad4e8690da4c2f3a9ad5ab953ab95d6f3a80ac9994366367dae6f68",""
"4","2","0","baseline","a144eb1a4a89d4ac0912b187b851d7845716c7d8","f56ea4902f385955a8d2438bb306087ba3274848dddfdc36602d269392ab08c1","vectorPerformance","positive32","GPSS","1","4","451689","4000","500","Complete","0.5193354","2.42E-5","0.1919406","0.3273706","0.546875","0.006","312493","4000","7.11180708957874","8.71283262637544","16.641164170760746","1.408214647506748","0.6415784047018325","32","b56b7859597de05ce23273ba96ae874e4baee6fad0f20d955b87448e5465d676",""
"4","2","0","baseline","a144eb1a4a89d4ac0912b187b851d7845716c7d8","f56ea4902f385955a8d2438bb306087ba3274848dddfdc36602d269392ab08c1","vectorPerformance","positive32","GPSS","2","-2","404175","4000","500","Complete","0.2950922","2.31E-5","0.1264145","0.1686546","0.625","0.004","312248","4000","6.507081555422677","8.267454120088496","11.239726363241573","1.4243493212370788","0.9111742118510904","32","e1f462be7160698fc96433c37d8e6460fa2b583d96e58a05af89904985ee97c5",""
"4","2","0","baseline","a144eb1a4a89d4ac0912b187b851d7845716c7d8","f56ea4902f385955a8d2438bb306087ba3274848dddfdc36602d269392ab08c1","vectorPerformance","positive32","GPSS","2","-1","412094","4000","500","Complete","0.2909617","2.5E-5","0.1216424","0.1692943","0.59375","0.003","312989","4000","5.495322761597328","8.012492423835413","12.29336507256984","1.4621066333934736","0.5327465027759886","32","047503de7ceb57f45f2c33ddf27b78c64d75cb6665a40538a8909c85da9d2c02",""
"4","2","0","baseline","a144eb1a4a89d4ac0912b187b851d7845716c7d8","f56ea4902f385955a8d2438bb306087ba3274848dddfdc36602d269392ab08c1","vectorPerformance","positive32","GPSS","2","0","420013","4000","500","Complete","0.2943539","2.13E-5","0.1173945","0.1769381","0.59375","0.004","315080","4000","5.054210848500271","6.4086389980297715","11.498400167812514","1.682066869867944","1.124774421937512","32","9182bbb858877f9a625ab3c8ae05e7120fdc466f42d5a1dceccf9395da6065e9",""
"4","2","0","baseline","a144eb1a4a89d4ac0912b187b851d7845716c7d8","f56ea4902f385955a8d2438bb306087ba3274848dddfdc36602d269392ab08c1","vectorPerformance","positive32","GPSS","2","1","427932","4000","500","Complete","0.3122354","2.8E-5","0.139317","0.1728904","0.59375","0.005","310499","4000","4.949526595516298","7.4253970060875725","11.370735805288119","1.496332455560683","0.5218258205642705","32","f0d7064a140efac0e8d7992843e936b5b1ea4f33b336f96c18ed34d07d4ff733",""
"4","2","0","baseline","a144eb1a4a89d4ac0912b187b851d7845716c7d8","f56ea4902f385955a8d2438bb306087ba3274848dddfdc36602d269392ab08c1","vectorPerformance","positive32","GPSS","2","2","435851","4000","500","Complete","0.2937699","2.28E-5","0.1187167","0.1750304","0.59375","0.002","312895","4000","6.595439608345559","8.875134343603566","10.947737821804315","1.3815878832703925","0.38311879002350624","32","0365e43fa384cead64ff9f89d32ea3ea9edfdb1f4523fadebe6c708ca213e343",""
"4","2","0","baseline","a144eb1a4a89d4ac0912b187b851d7845716c7d8","f56ea4902f385955a8d2438bb306087ba3274848dddfdc36602d269392ab08c1","vectorPerformance","positive32","GPSS","2","3","443770","4000","500","Complete","0.2919417","2.32E-5","0.120352","0.1715665","0.609375","0.005","322378","4000","4.786571198089734","5.896539279571406","11.375709989448119","1.7909712039019074","1.5561805918696656","32","6ad6daee0ad4e8690da4c2f3a9ad5ab953ab95d6f3a80ac9994366367dae6f68",""
"4","2","0","baseline","a144eb1a4a89d4ac0912b187b851d7845716c7d8","f56ea4902f385955a8d2438bb306087ba3274848dddfdc36602d269392ab08c1","vectorPerformance","positive32","GPSS","2","4","451689","4000","500","Complete","0.2902844","2.27E-5","0.117636","0.1726257","0.5625","0.004","312493","4000","7.11180708957874","8.71283262637544","16.641164170760746","1.408214647506748","0.6415784047018325","32","b56b7859597de05ce23273ba96ae874e4baee6fad0f20d955b87448e5465d676",""
"4","2","0","baseline","a144eb1a4a89d4ac0912b187b851d7845716c7d8","f56ea4902f385955a8d2438bb306087ba3274848dddfdc36602d269392ab08c1","vectorPerformance","positive32","GPSS","4","-2","404175","4000","500","Complete","0.1946461","3.37E-5","0.102976","0.0916364","0.765625","0.003","312248","4000","6.507081555422677","8.267454120088496","11.239726363241573","1.4243493212370788","0.9111742118510904","32","e1f462be7160698fc96433c37d8e6460fa2b583d96e58a05af89904985ee97c5",""
"4","2","0","baseline","a144eb1a4a89d4ac0912b187b851d7845716c7d8","f56ea4902f385955a8d2438bb306087ba3274848dddfdc36602d269392ab08c1","vectorPerformance","positive32","GPSS","4","-1","412094","4000","500","Complete","0.1952101","2.36E-5","0.0984876","0.0966989","0.796875","0.002","312989","4000","5.495322761597328","8.012492423835413","12.29336507256984","1.4621066333934736","0.5327465027759886","32","047503de7ceb57f45f2c33ddf27b78c64d75cb6665a40538a8909c85da9d2c02",""
"4","2","0","baseline","a144eb1a4a89d4ac0912b187b851d7845716c7d8","f56ea4902f385955a8d2438bb306087ba3274848dddfdc36602d269392ab08c1","vectorPerformance","positive32","GPSS","4","0","420013","4000","500","Complete","0.195444","2.39E-5","0.1014105","0.0940096","0.765625","0.004","315080","4000","5.054210848500271","6.4086389980297715","11.498400167812514","1.682066869867944","1.124774421937512","32","9182bbb858877f9a625ab3c8ae05e7120fdc466f42d5a1dceccf9395da6065e9",""
"4","2","0","baseline","a144eb1a4a89d4ac0912b187b851d7845716c7d8","f56ea4902f385955a8d2438bb306087ba3274848dddfdc36602d269392ab08c1","vectorPerformance","positive32","GPSS","4","1","427932","4000","500","Complete","0.2109371","2.59E-5","0.1103513","0.1005599","0.796875","0.003","310499","4000","4.949526595516298","7.4253970060875725","11.370735805288119","1.496332455560683","0.5218258205642705","32","f0d7064a140efac0e8d7992843e936b5b1ea4f33b336f96c18ed34d07d4ff733",""
"4","2","0","baseline","a144eb1a4a89d4ac0912b187b851d7845716c7d8","f56ea4902f385955a8d2438bb306087ba3274848dddfdc36602d269392ab08c1","vectorPerformance","positive32","GPSS","4","2","435851","4000","500","Complete","0.1926385","2.43E-5","0.0989453","0.0936689","0.75","0.002","312895","4000","6.595439608345559","8.875134343603566","10.947737821804315","1.3815878832703925","0.38311879002350624","32","0365e43fa384cead64ff9f89d32ea3ea9edfdb1f4523fadebe6c708ca213e343",""
"4","2","0","baseline","a144eb1a4a89d4ac0912b187b851d7845716c7d8","f56ea4902f385955a8d2438bb306087ba3274848dddfdc36602d269392ab08c1","vectorPerformance","positive32","GPSS","4","3","443770","4000","500","Complete","0.196455","3.21E-5","0.1019678","0.0944551","0.796875","0.004","322378","4000","4.786571198089734","5.896539279571406","11.375709989448119","1.7909712039019074","1.5561805918696656","32","6ad6daee0ad4e8690da4c2f3a9ad5ab953ab95d6f3a80ac9994366367dae6f68",""
"4","2","0","baseline","a144eb1a4a89d4ac0912b187b851d7845716c7d8","f56ea4902f385955a8d2438bb306087ba3274848dddfdc36602d269392ab08c1","vectorPerformance","positive32","GPSS","4","4","451689","4000","500","Complete","0.1889952","2.3E-5","0.0966117","0.0923605","0.75","0.002","312493","4000","7.11180708957874","8.71283262637544","16.641164170760746","1.408214647506748","0.6415784047018325","32","b56b7859597de05ce23273ba96ae874e4baee6fad0f20d955b87448e5465d676",""
"4","2","0","baseline","a144eb1a4a89d4ac0912b187b851d7845716c7d8","f56ea4902f385955a8d2438bb306087ba3274848dddfdc36602d269392ab08c1","vectorPerformance","positive32","Quantile","1","-2","404175","4000","500","Complete","0.747793","4.08E-5","0.4096228","0.3381294","1.140625","0.009","2332703","4000","8030.260361578566","7443.725542312934","10980.95587684255","1.0012073242374708","0.03162578897149504","0","109d1589a3cfa1856056d074588bf62a00242342be20aaa02c7f9fa0c3d02464",""
"4","2","0","baseline","a144eb1a4a89d4ac0912b187b851d7845716c7d8","f56ea4902f385955a8d2438bb306087ba3274848dddfdc36602d269392ab08c1","vectorPerformance","positive32","Quantile","1","-1","412094","4000","500","Complete","0.7397912","2.3E-5","0.4057097","0.3340585","0.734375","0.009","2332056","4000","7849.260320702932","7497.08911341319","10218.844461352033","1.000850226319869","0.023734462941020107","0","2e7ae8f39b7d995378c03be6210919257cb3c5da65a71f7499cfe9fc1c43ddaa",""
"4","2","0","baseline","a144eb1a4a89d4ac0912b187b851d7845716c7d8","f56ea4902f385955a8d2438bb306087ba3274848dddfdc36602d269392ab08c1","vectorPerformance","positive32","Quantile","1","0","420013","4000","500","Complete","0.7417004","3.33E-5","0.412871","0.3287961","0.75","0.006","2331456","4000","8061.462008922536","7644.287188277893","10396.228328686206","1.000767355772193","0.026399068267307313","0","b1c80d02d980f561db28b8e8c75872a90bfe94527189f07f4dfe1c9226d272e5",""
"4","2","0","baseline","a144eb1a4a89d4ac0912b187b851d7845716c7d8","f56ea4902f385955a8d2438bb306087ba3274848dddfdc36602d269392ab08c1","vectorPerformance","positive32","Quantile","1","1","427932","4000","500","Complete","0.7379209","3.4E-5","0.4077332","0.3301537","0.734375","0.006","2330866","4000","7748.716822064378","7364.471868294603","10702.763364386927","1.0006942215274883","0.030448865944532777","0","218737eae3e2da277e8b65fe3a76bd5f04046950597185a676bdc475001c1e46",""
"4","2","0","baseline","a144eb1a4a89d4ac0912b187b851d7845716c7d8","f56ea4902f385955a8d2438bb306087ba3274848dddfdc36602d269392ab08c1","vectorPerformance","positive32","Quantile","1","2","435851","4000","500","Complete","0.7458888","2.38E-5","0.4088791","0.3369859","0.75","0.009","2331863","4000","7994.761109518766","7444.795092892279","10756.070846197807","1.0010742652566522","0.026722483101742966","0","fb50892c47662c7c9c7473b45775635e782a20ef09488c3bc7f407bd559adfe3",""
"4","2","0","baseline","a144eb1a4a89d4ac0912b187b851d7845716c7d8","f56ea4902f385955a8d2438bb306087ba3274848dddfdc36602d269392ab08c1","vectorPerformance","positive32","Quantile","1","3","443770","4000","500","Complete","0.7404055","5.18E-5","0.4125801","0.3277736","1.109375","0.007","2331071","4000","8046.326204198977","7094.826103737033","10587.156707045673","1.0006492486922247","0.022192055198105076","0","ea829d033823c80e3ad79c2bf9f4c957103c19055e7f39ac840ae3dd8ecf7787",""
"4","2","0","baseline","a144eb1a4a89d4ac0912b187b851d7845716c7d8","f56ea4902f385955a8d2438bb306087ba3274848dddfdc36602d269392ab08c1","vectorPerformance","positive32","Quantile","1","4","451689","4000","500","Complete","0.7397723","2.03E-5","0.411395099","0.328356901","0.734375","0.008","2329615","4000","8049.572429524939","7585.9302215949265","10803.178568962107","1.001435614653514","0.019996657665890316","0","f2275fab90488b6e0703edb3fe7b6bef8718ce8c0b14a645dc9d2b61880d135c",""
"4","2","0","baseline","a144eb1a4a89d4ac0912b187b851d7845716c7d8","f56ea4902f385955a8d2438bb306087ba3274848dddfdc36602d269392ab08c1","vectorPerformance","positive32","Quantile","2","-2","404175","4000","500","Complete","0.4349855","2.61E-5","0.2547943","0.1801651","0.921875","0.007","2332703","4000","8030.260361578566","7443.725542312934","10980.95587684255","1.0012073242374708","0.03162578897149504","0","109d1589a3cfa1856056d074588bf62a00242342be20aaa02c7f9fa0c3d02464",""
"4","2","0","baseline","a144eb1a4a89d4ac0912b187b851d7845716c7d8","f56ea4902f385955a8d2438bb306087ba3274848dddfdc36602d269392ab08c1","vectorPerformance","positive32","Quantile","2","-1","412094","4000","500","Complete","0.400583","2.06E-5","0.2269448","0.1736176","0.75","0.007","2332056","4000","7849.260320702932","7497.08911341319","10218.844461352033","1.000850226319869","0.023734462941020107","0","2e7ae8f39b7d995378c03be6210919257cb3c5da65a71f7499cfe9fc1c43ddaa",""
"4","2","0","baseline","a144eb1a4a89d4ac0912b187b851d7845716c7d8","f56ea4902f385955a8d2438bb306087ba3274848dddfdc36602d269392ab08c1","vectorPerformance","positive32","Quantile","2","0","420013","4000","500","Complete","0.3993692","2.05E-5","0.2250249","0.1743238","0.8125","0.009","2331456","4000","8061.462008922536","7644.287188277893","10396.228328686206","1.000767355772193","0.026399068267307313","0","b1c80d02d980f561db28b8e8c75872a90bfe94527189f07f4dfe1c9226d272e5",""
"4","2","0","baseline","a144eb1a4a89d4ac0912b187b851d7845716c7d8","f56ea4902f385955a8d2438bb306087ba3274848dddfdc36602d269392ab08c1","vectorPerformance","positive32","Quantile","2","1","427932","4000","500","Complete","0.4024756","2.33E-5","0.2306483","0.171804","1.15625","0.007","2330866","4000","7748.716822064378","7364.471868294603","10702.763364386927","1.0006942215274883","0.030448865944532777","0","218737eae3e2da277e8b65fe3a76bd5f04046950597185a676bdc475001c1e46",""
"4","2","0","baseline","a144eb1a4a89d4ac0912b187b851d7845716c7d8","f56ea4902f385955a8d2438bb306087ba3274848dddfdc36602d269392ab08c1","vectorPerformance","positive32","Quantile","2","2","435851","4000","500","Complete","0.3976209","2.02E-5","0.2247509","0.1728498","0.8125","0.006","2331863","4000","7994.761109518766","7444.795092892279","10756.070846197807","1.0010742652566522","0.026722483101742966","0","fb50892c47662c7c9c7473b45775635e782a20ef09488c3bc7f407bd559adfe3",""
"4","2","0","baseline","a144eb1a4a89d4ac0912b187b851d7845716c7d8","f56ea4902f385955a8d2438bb306087ba3274848dddfdc36602d269392ab08c1","vectorPerformance","positive32","Quantile","2","3","443770","4000","500","Complete","0.4078841","3.98E-5","0.2291958","0.1786485","1.15625","0.008","2331071","4000","8046.326204198977","7094.826103737033","10587.156707045673","1.0006492486922247","0.022192055198105076","0","ea829d033823c80e3ad79c2bf9f4c957103c19055e7f39ac840ae3dd8ecf7787",""
"4","2","0","baseline","a144eb1a4a89d4ac0912b187b851d7845716c7d8","f56ea4902f385955a8d2438bb306087ba3274848dddfdc36602d269392ab08c1","vectorPerformance","positive32","Quantile","2","4","451689","4000","500","Complete","0.3957989","2.01E-5","0.2230958","0.172683","0.765625","0.006","2329615","4000","8049.572429524939","7585.9302215949265","10803.178568962107","1.001435614653514","0.019996657665890316","0","f2275fab90488b6e0703edb3fe7b6bef8718ce8c0b14a645dc9d2b61880d135c",""
"4","2","0","baseline","a144eb1a4a89d4ac0912b187b851d7845716c7d8","f56ea4902f385955a8d2438bb306087ba3274848dddfdc36602d269392ab08c1","vectorPerformance","positive32","Quantile","4","-2","404175","4000","500","Complete","0.3110821","2.58E-5","0.2013626","0.1096937","1.25","0.011","2332703","4000","8030.260361578566","7443.725542312934","10980.95587684255","1.0012073242374708","0.03162578897149504","0","109d1589a3cfa1856056d074588bf62a00242342be20aaa02c7f9fa0c3d02464",""
"4","2","0","baseline","a144eb1a4a89d4ac0912b187b851d7845716c7d8","f56ea4902f385955a8d2438bb306087ba3274848dddfdc36602d269392ab08c1","vectorPerformance","positive32","Quantile","4","-1","412094","4000","500","Complete","0.2814502","2.21E-5","0.1824084","0.0990197","1.421875","0.007","2332056","4000","7849.260320702932","7497.08911341319","10218.844461352033","1.000850226319869","0.023734462941020107","0","2e7ae8f39b7d995378c03be6210919257cb3c5da65a71f7499cfe9fc1c43ddaa",""
"4","2","0","baseline","a144eb1a4a89d4ac0912b187b851d7845716c7d8","f56ea4902f385955a8d2438bb306087ba3274848dddfdc36602d269392ab08c1","vectorPerformance","positive32","Quantile","4","0","420013","4000","500","Complete","0.2776821","2.11E-5","0.1866411","0.0910199","1.71875","0.007","2331456","4000","8061.462008922536","7644.287188277893","10396.228328686206","1.000767355772193","0.026399068267307313","0","b1c80d02d980f561db28b8e8c75872a90bfe94527189f07f4dfe1c9226d272e5",""
"4","2","0","baseline","a144eb1a4a89d4ac0912b187b851d7845716c7d8","f56ea4902f385955a8d2438bb306087ba3274848dddfdc36602d269392ab08c1","vectorPerformance","positive32","Quantile","4","1","427932","4000","500","Complete","0.2819144","2.37E-5","0.181592","0.1002987","1.125","0.009","2330866","4000","7748.716822064378","7364.471868294603","10702.763364386927","1.0006942215274883","0.030448865944532777","0","218737eae3e2da277e8b65fe3a76bd5f04046950597185a676bdc475001c1e46",""
"4","2","0","baseline","a144eb1a4a89d4ac0912b187b851d7845716c7d8","f56ea4902f385955a8d2438bb306087ba3274848dddfdc36602d269392ab08c1","vectorPerformance","positive32","Quantile","4","2","435851","4000","500","Complete","0.2839677","1.97E-5","0.1901915","0.0937565","1.125","0.006","2331863","4000","7994.761109518766","7444.795092892279","10756.070846197807","1.0010742652566522","0.026722483101742966","0","fb50892c47662c7c9c7473b45775635e782a20ef09488c3bc7f407bd559adfe3",""
"4","2","0","baseline","a144eb1a4a89d4ac0912b187b851d7845716c7d8","f56ea4902f385955a8d2438bb306087ba3274848dddfdc36602d269392ab08c1","vectorPerformance","positive32","Quantile","4","3","443770","4000","500","Complete","0.2795471","2.04E-5","0.184212","0.0953147","1.125","0.006","2331071","4000","8046.326204198977","7094.826103737033","10587.156707045673","1.0006492486922247","0.022192055198105076","0","ea829d033823c80e3ad79c2bf9f4c957103c19055e7f39ac840ae3dd8ecf7787",""
"4","2","0","baseline","a144eb1a4a89d4ac0912b187b851d7845716c7d8","f56ea4902f385955a8d2438bb306087ba3274848dddfdc36602d269392ab08c1","vectorPerformance","positive32","Quantile","4","4","451689","4000","500","Complete","0.278914201","2.0201E-5","0.1802202","0.0986738","1.078125","0.008","2329615","4000","8049.572429524939","7585.9302215949265","10803.178568962107","1.001435614653514","0.019996657665890316","0","f2275fab90488b6e0703edb3fe7b6bef8718ce8c0b14a645dc9d2b61880d135c",""
"5","2","1","current","c2329aa008622953f95ab0acb344552cf2f4c9f8","752b815b612ca031ad9aa14de69534862010e68c985d7eb34455daed19a34187","vectorPerformance","correlated32","GPSS","1","-2","404175","4000","500","Complete","0.4348595","3.38E-5","0.2020736","0.2327521","0.453125","0.002","265461","4000","645.117038188815","619.6601510130125","111.82974658890811","1.4709232708798055","0.0221888479832677","32","34ba7e81aae421fabb6d7abc8b37fed811e4c6a3b11b225e03c34135c20e5fab",""
"5","2","1","current","c2329aa008622953f95ab0acb344552cf2f4c9f8","752b815b612ca031ad9aa14de69534862010e68c985d7eb34455daed19a34187","vectorPerformance","correlated32","GPSS","1","-1","412094","4000","500","Complete","0.4360602","2.96E-5","0.2018749","0.2341557","0.453125","0.004","260316","4000","564.5119782236644","553.9746471274595","68.93212740164371","1.6458772028336794","0.06977010736276656","32","0dd72e443f3b53513a682dd3fda3078d30eb3ca1e5546f164ad2b8797a0cc49f",""
"5","2","1","current","c2329aa008622953f95ab0acb344552cf2f4c9f8","752b815b612ca031ad9aa14de69534862010e68c985d7eb34455daed19a34187","vectorPerformance","correlated32","GPSS","1","0","420013","4000","500","Complete","0.445686901","3.03E-5","0.205993601","0.239663","0.453125","0.006","271170","4000","550.788691510793","462.92862585511017","31.898583590051008","1.6153232296497368","0.02539427674995709","32","4e32fd58fd10390b4e797c6902eed30b34036ec3e48184af25c550e5ecd201e4",""
"5","2","1","current","c2329aa008622953f95ab0acb344552cf2f4c9f8","752b815b612ca031ad9aa14de69534862010e68c985d7eb34455daed19a34187","vectorPerformance","correlated32","GPSS","1","1","427932","4000","500","Complete","0.423990801","3.09E-5","0.187872801","0.2360871","0.765625","0.004","243643","4000","728.9168563232058","707.6422054588379","37.327199337196575","1.394679319897266","0.014786962883091226","32","6556bc9a5258d4cf10554a8f1be0f66bc02b8dd465a89ab0179fc4a9bce27863",""
"5","2","1","current","c2329aa008622953f95ab0acb344552cf2f4c9f8","752b815b612ca031ad9aa14de69534862010e68c985d7eb34455daed19a34187","vectorPerformance","correlated32","GPSS","1","2","435851","4000","500","Complete","0.430551","2.3E-5","0.194452","0.236076","0.421875","0.004","252525","4000","851.515000276373","802.0414367077282","72.65826721585422","1.3443798021720257","0.05441559245735261","32","241b3dbb9e14d1912d29f4167a0d49b5aac92799d098cc4aea7fd189aea591d5",""
"5","2","1","current","c2329aa008622953f95ab0acb344552cf2f4c9f8","752b815b612ca031ad9aa14de69534862010e68c985d7eb34455daed19a34187","vectorPerformance","correlated32","GPSS","1","3","443770","4000","500","Complete","0.431426","2.27E-5","0.1968632","0.2345401","0.453125","0.004","252476","4000","579.6107666912351","519.1606176358861","80.32525737492834","1.1037679615355824","0.05661873010414342","32","e379cb80ecf5804cc22ddf166b2fd12dfc52cf394467b1b6e6cab088cb4ce1a7",""
"5","2","1","current","c2329aa008622953f95ab0acb344552cf2f4c9f8","752b815b612ca031ad9aa14de69534862010e68c985d7eb34455daed19a34187","vectorPerformance","correlated32","GPSS","1","4","451689","4000","500","Complete","0.4462503","2.33E-5","0.2091556","0.2370714","0.796875","0.005","276146","4000","745.841296773472","687.9271641953604","73.67496547194912","1.1447391912214941","0.06804485983194875","32","d07f89bf5cc41c4bd92db0f6611a71a2eba9eae89a88327e3e8eeccefa31029b",""
"5","2","1","current","c2329aa008622953f95ab0acb344552cf2f4c9f8","752b815b612ca031ad9aa14de69534862010e68c985d7eb34455daed19a34187","vectorPerformance","correlated32","GPSS","2","-2","404175","4000","500","Complete","0.2711884","4.08E-5","0.1468219","0.1243257","0.65625","0.005","265461","4000","645.117038188815","619.6601510130125","111.82974658890811","1.4709232708798055","0.0221888479832677","32","34ba7e81aae421fabb6d7abc8b37fed811e4c6a3b11b225e03c34135c20e5fab",""
"5","2","1","current","c2329aa008622953f95ab0acb344552cf2f4c9f8","752b815b612ca031ad9aa14de69534862010e68c985d7eb34455daed19a34187","vectorPerformance","correlated32","GPSS","2","-1","412094","4000","500","Complete","0.2743802","3.3499E-5","0.143267401","0.1310793","0.515625","0.003","260316","4000","564.5119782236644","553.9746471274595","68.93212740164371","1.6458772028336794","0.06977010736276656","32","0dd72e443f3b53513a682dd3fda3078d30eb3ca1e5546f164ad2b8797a0cc49f",""
"5","2","1","current","c2329aa008622953f95ab0acb344552cf2f4c9f8","752b815b612ca031ad9aa14de69534862010e68c985d7eb34455daed19a34187","vectorPerformance","correlated32","GPSS","2","0","420013","4000","500","Complete","0.2706389","3.03E-5","0.140054601","0.130553999","0.515625","0.005","271170","4000","550.788691510793","462.92862585511017","31.898583590051008","1.6153232296497368","0.02539427674995709","32","4e32fd58fd10390b4e797c6902eed30b34036ec3e48184af25c550e5ecd201e4",""
"5","2","1","current","c2329aa008622953f95ab0acb344552cf2f4c9f8","752b815b612ca031ad9aa14de69534862010e68c985d7eb34455daed19a34187","vectorPerformance","correlated32","GPSS","2","1","427932","4000","500","Complete","0.260728601","4.3101E-5","0.1279818","0.1327037","0.8125","0.004","243643","4000","728.9168563232058","707.6422054588379","37.327199337196575","1.394679319897266","0.014786962883091226","32","6556bc9a5258d4cf10554a8f1be0f66bc02b8dd465a89ab0179fc4a9bce27863",""
"5","2","1","current","c2329aa008622953f95ab0acb344552cf2f4c9f8","752b815b612ca031ad9aa14de69534862010e68c985d7eb34455daed19a34187","vectorPerformance","correlated32","GPSS","2","2","435851","4000","500","Complete","0.261251","2.3E-5","0.130085299","0.131142701","0.515625","0.004","252525","4000","851.515000276373","802.0414367077282","72.65826721585422","1.3443798021720257","0.05441559245735261","32","241b3dbb9e14d1912d29f4167a0d49b5aac92799d098cc4aea7fd189aea591d5",""
"5","2","1","current","c2329aa008622953f95ab0acb344552cf2f4c9f8","752b815b612ca031ad9aa14de69534862010e68c985d7eb34455daed19a34187","vectorPerformance","correlated32","GPSS","2","3","443770","4000","500","Complete","0.253493499","2.3799E-5","0.130216701","0.123252999","0.5","0.002","252476","4000","579.6107666912351","519.1606176358861","80.32525737492834","1.1037679615355824","0.05661873010414342","32","e379cb80ecf5804cc22ddf166b2fd12dfc52cf394467b1b6e6cab088cb4ce1a7",""
"5","2","1","current","c2329aa008622953f95ab0acb344552cf2f4c9f8","752b815b612ca031ad9aa14de69534862010e68c985d7eb34455daed19a34187","vectorPerformance","correlated32","GPSS","2","4","451689","4000","500","Complete","0.265797099","2.27E-5","0.1374392","0.128335199","0.53125","0.004","276146","4000","745.841296773472","687.9271641953604","73.67496547194912","1.1447391912214941","0.06804485983194875","32","d07f89bf5cc41c4bd92db0f6611a71a2eba9eae89a88327e3e8eeccefa31029b",""
"5","2","1","current","c2329aa008622953f95ab0acb344552cf2f4c9f8","752b815b612ca031ad9aa14de69534862010e68c985d7eb34455daed19a34187","vectorPerformance","correlated32","GPSS","4","-2","404175","4000","500","Complete","0.2037684","3.42E-5","0.1308381","0.0728961","0.828125","0.005","265461","4000","645.117038188815","619.6601510130125","111.82974658890811","1.4709232708798055","0.0221888479832677","32","34ba7e81aae421fabb6d7abc8b37fed811e4c6a3b11b225e03c34135c20e5fab",""
"5","2","1","current","c2329aa008622953f95ab0acb344552cf2f4c9f8","752b815b612ca031ad9aa14de69534862010e68c985d7eb34455daed19a34187","vectorPerformance","correlated32","GPSS","4","-1","412094","4000","500","Complete","0.2029235","3.02E-5","0.1267339","0.0761594","0.765625","0.005","260316","4000","564.5119782236644","553.9746471274595","68.93212740164371","1.6458772028336794","0.06977010736276656","32","0dd72e443f3b53513a682dd3fda3078d30eb3ca1e5546f164ad2b8797a0cc49f",""
"5","2","1","current","c2329aa008622953f95ab0acb344552cf2f4c9f8","752b815b612ca031ad9aa14de69534862010e68c985d7eb34455daed19a34187","vectorPerformance","correlated32","GPSS","4","0","420013","4000","500","Complete","0.204568999","3.37E-5","0.1330652","0.071470099","0.765625","0.002","271170","4000","550.788691510793","462.92862585511017","31.898583590051008","1.6153232296497368","0.02539427674995709","32","4e32fd58fd10390b4e797c6902eed30b34036ec3e48184af25c550e5ecd201e4",""
"5","2","1","current","c2329aa008622953f95ab0acb344552cf2f4c9f8","752b815b612ca031ad9aa14de69534862010e68c985d7eb34455daed19a34187","vectorPerformance","correlated32","GPSS","4","1","427932","4000","500","Complete","0.196602499","3.17E-5","0.1184858","0.078084999","0.734375","0.005","243643","4000","728.9168563232058","707.6422054588379","37.327199337196575","1.394679319897266","0.014786962883091226","32","6556bc9a5258d4cf10554a8f1be0f66bc02b8dd465a89ab0179fc4a9bce27863",""
"5","2","1","current","c2329aa008622953f95ab0acb344552cf2f4c9f8","752b815b612ca031ad9aa14de69534862010e68c985d7eb34455daed19a34187","vectorPerformance","correlated32","GPSS","4","2","435851","4000","500","Complete","0.2009716","4.69E-5","0.1257983","0.0751264","0.78125","0.003","252525","4000","851.515000276373","802.0414367077282","72.65826721585422","1.3443798021720257","0.05441559245735261","32","241b3dbb9e14d1912d29f4167a0d49b5aac92799d098cc4aea7fd189aea591d5",""
"5","2","1","current","c2329aa008622953f95ab0acb344552cf2f4c9f8","752b815b612ca031ad9aa14de69534862010e68c985d7eb34455daed19a34187","vectorPerformance","correlated32","GPSS","4","3","443770","4000","500","Complete","0.1938543","2.21E-5","0.1214139","0.0724183","1.03125","0.005","252476","4000","579.6107666912351","519.1606176358861","80.32525737492834","1.1037679615355824","0.05661873010414342","32","e379cb80ecf5804cc22ddf166b2fd12dfc52cf394467b1b6e6cab088cb4ce1a7",""
"5","2","1","current","c2329aa008622953f95ab0acb344552cf2f4c9f8","752b815b612ca031ad9aa14de69534862010e68c985d7eb34455daed19a34187","vectorPerformance","correlated32","GPSS","4","4","451689","4000","500","Complete","0.207868501","2.3101E-5","0.133349","0.0744964","0.8125","0.005","276146","4000","745.841296773472","687.9271641953604","73.67496547194912","1.1447391912214941","0.06804485983194875","32","d07f89bf5cc41c4bd92db0f6611a71a2eba9eae89a88327e3e8eeccefa31029b",""
"5","2","1","current","c2329aa008622953f95ab0acb344552cf2f4c9f8","752b815b612ca031ad9aa14de69534862010e68c985d7eb34455daed19a34187","vectorPerformance","correlated32","Quantile","1","-2","404175","4000","500","Complete","1.4624968","2.19E-5","1.2187324","0.2437425","1.453125","0.018","3282856","4000","23.797668269094697","23.991783455481954","49.25430937145106","1.1516283632440742","0.3728865535403717","32","a76e28f6e88c6be3891bdc833beb8d8d0a1740b95f0935a4806e8ab65d3c899c",""
"5","2","1","current","c2329aa008622953f95ab0acb344552cf2f4c9f8","752b815b612ca031ad9aa14de69534862010e68c985d7eb34455daed19a34187","vectorPerformance","correlated32","Quantile","1","-1","412094","4000","500","Complete","1.438646099","2.09E-5","1.1960015","0.242623699","1.4375","0.017","3230583","4000","31.726513907349148","31.532168002260388","97.16989966673968","1.0798839490509835","0.08306741567350584","32","f9ed8df14134bddcfbb2d40aa6e479cfbaad40e1882750767724d2bc52df3b34",""
"5","2","1","current","c2329aa008622953f95ab0acb344552cf2f4c9f8","752b815b612ca031ad9aa14de69534862010e68c985d7eb34455daed19a34187","vectorPerformance","correlated32","Quantile","1","0","420013","4000","500","Complete","1.441559399","2.3899E-5","1.195085701","0.246449799","1.609375","0.018","3251733","4000","36.23737925347603","37.074760300245536","94.41153342442881","1.094481746270784","0.006936160462634622","32","70f5117f96cd02d2870b347963ec61f489004b4e752f979286b6bbb78357a72b",""
"5","2","1","current","c2329aa008622953f95ab0acb344552cf2f4c9f8","752b815b612ca031ad9aa14de69534862010e68c985d7eb34455daed19a34187","vectorPerformance","correlated32","Quantile","1","1","427932","4000","500","Complete","1.4892241","2.81E-5","1.2402816","0.2489144","2.171875","0.018","3236479","4000","31.801672449893193","32.058114379350506","84.74388663935426","1.0852433257313874","0.03363458703623934","32","9361e774d845e114d77fdb68cfdc974ca4f240b9ee801485b53bd51fdc75e4ee",""
"5","2","1","current","c2329aa008622953f95ab0acb344552cf2f4c9f8","752b815b612ca031ad9aa14de69534862010e68c985d7eb34455daed19a34187","vectorPerformance","correlated32","Quantile","1","2","435851","4000","500","Complete","1.5498398","2.14E-5","1.2743099","0.2755085","1.8125","0.02","3213584","4000","18.827593772089372","19.418977153927276","144.36214774069362","1.1856715933721973","0.22462708158086309","32","be8072aea54a06faab2c2090774614aa1ad4df6564d26d325be8e1037fc3c851",""
"5","2","1","current","c2329aa008622953f95ab0acb344552cf2f4c9f8","752b815b612ca031ad9aa14de69534862010e68c985d7eb34455daed19a34187","vectorPerformance","correlated32","Quantile","1","3","443770","4000","500","Complete","1.4811077","2.3999E-5","1.23135","0.249733701","2.15625","0.018","3292746","4000","8.551688513959126","8.66542172384507","23.37880092498311","1.3883316083476982","0.08359316129464744","32","3ae74ba297dfc21cabfcf0707b44b409c98d3bd3f9dfc2b6af98aa1fde2b375a",""
"5","2","1","current","c2329aa008622953f95ab0acb344552cf2f4c9f8","752b815b612ca031ad9aa14de69534862010e68c985d7eb34455daed19a34187","vectorPerformance","correlated32","Quantile","1","4","451689","4000","500","Complete","1.5231343","2.29E-5","1.2700655","0.2530459","1.875","0.022","3210555","4000","32.00943946980557","33.91863557210035","93.00550074538009","1.0837128123690845","0.1407722816405288","32","6de2fd21c7960b9d9708ca419e8aba6e1a90d027a2db52b77e66a4a749ca160e",""
"5","2","1","current","c2329aa008622953f95ab0acb344552cf2f4c9f8","752b815b612ca031ad9aa14de69534862010e68c985d7eb34455daed19a34187","vectorPerformance","correlated32","Quantile","2","-2","404175","4000","500","Complete","0.974905","2.02E-5","0.8386308","0.136254","2.296875","0.018","3282856","4000","23.797668269094697","23.991783455481954","49.25430937145106","1.1516283632440742","0.3728865535403717","32","a76e28f6e88c6be3891bdc833beb8d8d0a1740b95f0935a4806e8ab65d3c899c",""
"5","2","1","current","c2329aa008622953f95ab0acb344552cf2f4c9f8","752b815b612ca031ad9aa14de69534862010e68c985d7eb34455daed19a34187","vectorPerformance","correlated32","Quantile","2","-1","412094","4000","500","Complete","0.9742718","1.87E-5","0.8386506","0.1356025","2.25","0.018","3230583","4000","31.726513907349148","31.532168002260388","97.16989966673968","1.0798839490509835","0.08306741567350584","32","f9ed8df14134bddcfbb2d40aa6e479cfbaad40e1882750767724d2bc52df3b34",""
"5","2","1","current","c2329aa008622953f95ab0acb344552cf2f4c9f8","752b815b612ca031ad9aa14de69534862010e68c985d7eb34455daed19a34187","vectorPerformance","correlated32","Quantile","2","0","420013","4000","500","Complete","1.2142704","2.4301E-5","1.0845421","0.129703999","3.09375","0.02","3251733","4000","36.23737925347603","37.074760300245536","94.41153342442881","1.094481746270784","0.006936160462634622","32","70f5117f96cd02d2870b347963ec61f489004b4e752f979286b6bbb78357a72b",""
"5","2","1","current","c2329aa008622953f95ab0acb344552cf2f4c9f8","752b815b612ca031ad9aa14de69534862010e68c985d7eb34455daed19a34187","vectorPerformance","correlated32","Quantile","2","1","427932","4000","500","Complete","0.9804601","2.6401E-5","0.8543858","0.126047899","2.296875","0.017","3236479","4000","31.801672449893193","32.058114379350506","84.74388663935426","1.0852433257313874","0.03363458703623934","32","9361e774d845e114d77fdb68cfdc974ca4f240b9ee801485b53bd51fdc75e4ee",""
"5","2","1","current","c2329aa008622953f95ab0acb344552cf2f4c9f8","752b815b612ca031ad9aa14de69534862010e68c985d7eb34455daed19a34187","vectorPerformance","correlated32","Quantile","2","2","435851","4000","500","Complete","1.046313301","2.5101E-5","0.9162318","0.1300564","2.6875","0.018","3213584","4000","18.827593772089372","19.418977153927276","144.36214774069362","1.1856715933721973","0.22462708158086309","32","be8072aea54a06faab2c2090774614aa1ad4df6564d26d325be8e1037fc3c851",""
"5","2","1","current","c2329aa008622953f95ab0acb344552cf2f4c9f8","752b815b612ca031ad9aa14de69534862010e68c985d7eb34455daed19a34187","vectorPerformance","correlated32","Quantile","2","3","443770","4000","500","Complete","1.0144139","2.17E-5","0.874237599","0.140154601","2.671875","0.02","3292746","4000","8.551688513959126","8.66542172384507","23.37880092498311","1.3883316083476982","0.08359316129464744","32","3ae74ba297dfc21cabfcf0707b44b409c98d3bd3f9dfc2b6af98aa1fde2b375a",""
"5","2","1","current","c2329aa008622953f95ab0acb344552cf2f4c9f8","752b815b612ca031ad9aa14de69534862010e68c985d7eb34455daed19a34187","vectorPerformance","correlated32","Quantile","2","4","451689","4000","500","Complete","0.976571899","1.99E-5","0.8353227","0.141229299","2.59375","0.018","3210555","4000","32.00943946980557","33.91863557210035","93.00550074538009","1.0837128123690845","0.1407722816405288","32","6de2fd21c7960b9d9708ca419e8aba6e1a90d027a2db52b77e66a4a749ca160e",""
"5","2","1","current","c2329aa008622953f95ab0acb344552cf2f4c9f8","752b815b612ca031ad9aa14de69534862010e68c985d7eb34455daed19a34187","vectorPerformance","correlated32","Quantile","4","-2","404175","4000","500","Complete","0.897299201","2.1801E-5","0.8217859","0.0754915","3.453125","0.018","3282856","4000","23.797668269094697","23.991783455481954","49.25430937145106","1.1516283632440742","0.3728865535403717","32","a76e28f6e88c6be3891bdc833beb8d8d0a1740b95f0935a4806e8ab65d3c899c",""
"5","2","1","current","c2329aa008622953f95ab0acb344552cf2f4c9f8","752b815b612ca031ad9aa14de69534862010e68c985d7eb34455daed19a34187","vectorPerformance","correlated32","Quantile","4","-1","412094","4000","500","Complete","0.8738825","2.7899E-5","0.798756101","0.0750985","3.5","0.017","3230583","4000","31.726513907349148","31.532168002260388","97.16989966673968","1.0798839490509835","0.08306741567350584","32","f9ed8df14134bddcfbb2d40aa6e479cfbaad40e1882750767724d2bc52df3b34",""
"5","2","1","current","c2329aa008622953f95ab0acb344552cf2f4c9f8","752b815b612ca031ad9aa14de69534862010e68c985d7eb34455daed19a34187","vectorPerformance","correlated32","Quantile","4","0","420013","4000","500","Complete","0.9445794","2.27E-5","0.872712299","0.071844401","3.796875","0.018","3251733","4000","36.23737925347603","37.074760300245536","94.41153342442881","1.094481746270784","0.006936160462634622","32","70f5117f96cd02d2870b347963ec61f489004b4e752f979286b6bbb78357a72b",""
"5","2","1","current","c2329aa008622953f95ab0acb344552cf2f4c9f8","752b815b612ca031ad9aa14de69534862010e68c985d7eb34455daed19a34187","vectorPerformance","correlated32","Quantile","4","1","427932","4000","500","Complete","0.9064143","2.2999E-5","0.830900301","0.075491","3.578125","0.017","3236479","4000","31.801672449893193","32.058114379350506","84.74388663935426","1.0852433257313874","0.03363458703623934","32","9361e774d845e114d77fdb68cfdc974ca4f240b9ee801485b53bd51fdc75e4ee",""
"5","2","1","current","c2329aa008622953f95ab0acb344552cf2f4c9f8","752b815b612ca031ad9aa14de69534862010e68c985d7eb34455daed19a34187","vectorPerformance","correlated32","Quantile","4","2","435851","4000","500","Complete","0.896535101","2.1901E-5","0.8174143","0.0790989","3.5625","0.018","3213584","4000","18.827593772089372","19.418977153927276","144.36214774069362","1.1856715933721973","0.22462708158086309","32","be8072aea54a06faab2c2090774614aa1ad4df6564d26d325be8e1037fc3c851",""
"5","2","1","current","c2329aa008622953f95ab0acb344552cf2f4c9f8","752b815b612ca031ad9aa14de69534862010e68c985d7eb34455daed19a34187","vectorPerformance","correlated32","Quantile","4","3","443770","4000","500","Complete","0.9194293","2.29E-5","0.8375478","0.0818586","3.921875","0.02","3292746","4000","8.551688513959126","8.66542172384507","23.37880092498311","1.3883316083476982","0.08359316129464744","32","3ae74ba297dfc21cabfcf0707b44b409c98d3bd3f9dfc2b6af98aa1fde2b375a",""
"5","2","1","current","c2329aa008622953f95ab0acb344552cf2f4c9f8","752b815b612ca031ad9aa14de69534862010e68c985d7eb34455daed19a34187","vectorPerformance","correlated32","Quantile","4","4","451689","4000","500","Complete","0.9693171","2.68E-5","0.8851871","0.0841032","4.109375","0.02","3210555","4000","32.00943946980557","33.91863557210035","93.00550074538009","1.0837128123690845","0.1407722816405288","32","6de2fd21c7960b9d9708ca419e8aba6e1a90d027a2db52b77e66a4a749ca160e",""
"5","2","1","current","c2329aa008622953f95ab0acb344552cf2f4c9f8","752b815b612ca031ad9aa14de69534862010e68c985d7eb34455daed19a34187","vectorPerformance","gaussian32","GPSS","1","-2","404175","4000","500","Complete","0.350928799","4.21E-5","0.0982769","0.252609799","0.375","0.002","139155","4000","14560.87743232489","14566.888663880416","9030.296419517286","1.0011086994050007","0.013020088729037094","0","f3ae7e88a3469d95a481057ff78725be41612c1e7bdf2f3d1a7c73f5a42981cf",""
"5","2","1","current","c2329aa008622953f95ab0acb344552cf2f4c9f8","752b815b612ca031ad9aa14de69534862010e68c985d7eb34455daed19a34187","vectorPerformance","gaussian32","GPSS","1","-1","412094","4000","500","Complete","0.356846299","4.39E-5","0.1012562","0.255546199","0.375","0.008","138730","4000","14723.327722756223","14738.615855733822","8857.898575485036","1.0012097458367082","0.014860253936955947","0","6d85793e19e5639b0a7430ab942ac98e6519fa4be0fbcee8a8930a2af289299d",""
"5","2","1","current","c2329aa008622953f95ab0acb344552cf2f4c9f8","752b815b612ca031ad9aa14de69534862010e68c985d7eb34455daed19a34187","vectorPerformance","gaussian32","GPSS","1","0","420013","4000","500","Complete","0.357719701","4.59E-5","0.098446301","0.2592275","0.359375","0.009","138723","4000","14789.309502344258","14770.299991933614","8878.031772176253","1.0012114173589253","0.02042856356087519","0","fb030bc811389f4cc0c40b053f280c25c0c5e58babb6d5eb761947efb8511783",""
"5","2","1","current","c2329aa008622953f95ab0acb344552cf2f4c9f8","752b815b612ca031ad9aa14de69534862010e68c985d7eb34455daed19a34187","vectorPerformance","gaussian32","GPSS","1","1","427932","4000","500","Complete","0.3649642","3.9E-5","0.1136447","0.2512805","0.40625","0.003","138788","4000","15028.158264845573","15037.33690560915","9075.6220980371","1.0011653829278853","0.016607695975976222","0","3d0bccbf5e695e5e8a5d89fa29a1a353b231a8693474ffa5e1944f58eee51881",""
"5","2","1","current","c2329aa008622953f95ab0acb344552cf2f4c9f8","752b815b612ca031ad9aa14de69534862010e68c985d7eb34455daed19a34187","vectorPerformance","gaussian32","GPSS","1","2","435851","4000","500","Complete","0.345341999","3.4599E-5","0.098413901","0.246893499","0.34375","0.002","138703","4000","14933.892470949851","14950.607747787408","8635.192267898514","1.001735370997425","0.021490044822388643","0","603bdfe20f551e62d9c5fbc68e896eb978d3c40134ec7e7cbc17b062760b5957",""
"5","2","1","current","c2329aa008622953f95ab0acb344552cf2f4c9f8","752b815b612ca031ad9aa14de69534862010e68c985d7eb34455daed19a34187","vectorPerformance","gaussian32","GPSS","1","3","443770","4000","500","Complete","0.354172399","3.56E-5","0.0982717","0.255865099","0.359375","0.005","138777","4000","15223.671841621832","15221.605805391002","9210.378340418303","1.0015395267295784","0.016172276604625724","0","2ead94f9fc645301334f7309cfcc4f5b6e54cfdca48deed2f7e56fe38456b29a",""
"5","2","1","current","c2329aa008622953f95ab0acb344552cf2f4c9f8","752b815b612ca031ad9aa14de69534862010e68c985d7eb34455daed19a34187","vectorPerformance","gaussian32","GPSS","1","4","451689","4000","500","Complete","0.352814199","3.92E-5","0.1008447","0.251930299","0.6875","0.001","138750","4000","14345.553258947568","14342.778169951296","8945.28266108745","1.0011866456042022","0.01864774016529802","0","d4278b864a0c0454d1730a6de2433aebfa0ebf5de90d82ef8563be3b95ce2d1a",""
"5","2","1","current","c2329aa008622953f95ab0acb344552cf2f4c9f8","752b815b612ca031ad9aa14de69534862010e68c985d7eb34455daed19a34187","vectorPerformance","gaussian32","GPSS","2","-2","404175","4000","500","Complete","0.198993601","8.8601E-5","0.0684134","0.1304916","0.421875","0.002","139155","4000","14560.87743232489","14566.888663880416","9030.296419517286","1.0011086994050007","0.013020088729037094","0","f3ae7e88a3469d95a481057ff78725be41612c1e7bdf2f3d1a7c73f5a42981cf",""
"5","2","1","current","c2329aa008622953f95ab0acb344552cf2f4c9f8","752b815b612ca031ad9aa14de69534862010e68c985d7eb34455daed19a34187","vectorPerformance","gaussian32","GPSS","2","-1","412094","4000","500","Complete","0.208071401","4.0601E-5","0.0702688","0.137762","0.40625","0.004","138730","4000","14723.327722756223","14738.615855733822","8857.898575485036","1.0012097458367082","0.014860253936955947","0","6d85793e19e5639b0a7430ab942ac98e6519fa4be0fbcee8a8930a2af289299d",""
"5","2","1","current","c2329aa008622953f95ab0acb344552cf2f4c9f8","752b815b612ca031ad9aa14de69534862010e68c985d7eb34455daed19a34187","vectorPerformance","gaussian32","GPSS","2","0","420013","4000","500","Complete","0.197874901","3.7501E-5","0.0668426","0.1309948","0.734375","0.002","138723","4000","14789.309502344258","14770.299991933614","8878.031772176253","1.0012114173589253","0.02042856356087519","0","fb030bc811389f4cc0c40b053f280c25c0c5e58babb6d5eb761947efb8511783",""
"5","2","1","current","c2329aa008622953f95ab0acb344552cf2f4c9f8","752b815b612ca031ad9aa14de69534862010e68c985d7eb34455daed19a34187","vectorPerformance","gaussian32","GPSS","2","1","427932","4000","500","Complete","0.2017719","3.62E-5","0.064409699","0.137326001","0.40625","0.003","138788","4000","15028.158264845573","15037.33690560915","9075.6220980371","1.0011653829278853","0.016607695975976222","0","3d0bccbf5e695e5e8a5d89fa29a1a353b231a8693474ffa5e1944f58eee51881",""
"5","2","1","current","c2329aa008622953f95ab0acb344552cf2f4c9f8","752b815b612ca031ad9aa14de69534862010e68c985d7eb34455daed19a34187","vectorPerformance","gaussian32","GPSS","2","2","435851","4000","500","Complete","0.198627699","3.73E-5","0.0649571","0.133633299","0.40625","0.003","138703","4000","14933.892470949851","14950.607747787408","8635.192267898514","1.001735370997425","0.021490044822388643","0","603bdfe20f551e62d9c5fbc68e896eb978d3c40134ec7e7cbc17b062760b5957",""
"5","2","1","current","c2329aa008622953f95ab0acb344552cf2f4c9f8","752b815b612ca031ad9aa14de69534862010e68c985d7eb34455daed19a34187","vectorPerformance","gaussian32","GPSS","2","3","443770","4000","500","Complete","0.1981497","3.79E-5","0.0645101","0.1336017","0.40625","0.002","138777","4000","15223.671841621832","15221.605805391002","9210.378340418303","1.0015395267295784","0.016172276604625724","0","2ead94f9fc645301334f7309cfcc4f5b6e54cfdca48deed2f7e56fe38456b29a",""
"5","2","1","current","c2329aa008622953f95ab0acb344552cf2f4c9f8","752b815b612ca031ad9aa14de69534862010e68c985d7eb34455daed19a34187","vectorPerformance","gaussian32","GPSS","2","4","451689","4000","500","Complete","0.198237699","4.57E-5","0.0628991","0.135292899","0.40625","0.004","138750","4000","14345.553258947568","14342.778169951296","8945.28266108745","1.0011866456042022","0.01864774016529802","0","d4278b864a0c0454d1730a6de2433aebfa0ebf5de90d82ef8563be3b95ce2d1a",""
"5","2","1","current","c2329aa008622953f95ab0acb344552cf2f4c9f8","752b815b612ca031ad9aa14de69534862010e68c985d7eb34455daed19a34187","vectorPerformance","gaussian32","GPSS","4","-2","404175","4000","500","Complete","0.1379647","3.88E-5","0.059156","0.0787699","0.546875","0.004","139155","4000","14560.87743232489","14566.888663880416","9030.296419517286","1.0011086994050007","0.013020088729037094","0","f3ae7e88a3469d95a481057ff78725be41612c1e7bdf2f3d1a7c73f5a42981cf",""
"5","2","1","current","c2329aa008622953f95ab0acb344552cf2f4c9f8","752b815b612ca031ad9aa14de69534862010e68c985d7eb34455daed19a34187","vectorPerformance","gaussian32","GPSS","4","-1","412094","4000","500","Complete","0.132534099","5.4E-5","0.060410299","0.0720698","0.8125","0.002","138730","4000","14723.327722756223","14738.615855733822","8857.898575485036","1.0012097458367082","0.014860253936955947","0","6d85793e19e5639b0a7430ab942ac98e6519fa4be0fbcee8a8930a2af289299d",""
"5","2","1","current","c2329aa008622953f95ab0acb344552cf2f4c9f8","752b815b612ca031ad9aa14de69534862010e68c985d7eb34455daed19a34187","vectorPerformance","gaussian32","GPSS","4","0","420013","4000","500","Complete","0.1359194","4.14E-5","0.059544899","0.076333101","0.5625","0.004","138723","4000","14789.309502344258","14770.299991933614","8878.031772176253","1.0012114173589253","0.02042856356087519","0","fb030bc811389f4cc0c40b053f280c25c0c5e58babb6d5eb761947efb8511783",""
"5","2","1","current","c2329aa008622953f95ab0acb344552cf2f4c9f8","752b815b612ca031ad9aa14de69534862010e68c985d7eb34455daed19a34187","vectorPerformance","gaussian32","GPSS","4","1","427932","4000","500","Complete","0.1377477","3.6201E-5","0.060965599","0.0767459","0.5625","0.004","138788","4000","15028.158264845573","15037.33690560915","9075.6220980371","1.0011653829278853","0.016607695975976222","0","3d0bccbf5e695e5e8a5d89fa29a1a353b231a8693474ffa5e1944f58eee51881",""
"5","2","1","current","c2329aa008622953f95ab0acb344552cf2f4c9f8","752b815b612ca031ad9aa14de69534862010e68c985d7eb34455daed19a34187","vectorPerformance","gaussian32","GPSS","4","2","435851","4000","500","Complete","0.132833199","3.5799E-5","0.060785401","0.072011999","0.515625","0.003","138703","4000","14933.892470949851","14950.607747787408","8635.192267898514","1.001735370997425","0.021490044822388643","0","603bdfe20f551e62d9c5fbc68e896eb978d3c40134ec7e7cbc17b062760b5957",""
"5","2","1","current","c2329aa008622953f95ab0acb344552cf2f4c9f8","752b815b612ca031ad9aa14de69534862010e68c985d7eb34455daed19a34187","vectorPerformance","gaussian32","GPSS","4","3","443770","4000","500","Complete","0.1324473","3.8299E-5","0.061347001","0.071062","0.53125","0.004","138777","4000","15223.671841621832","15221.605805391002","9210.378340418303","1.0015395267295784","0.016172276604625724","0","2ead94f9fc645301334f7309cfcc4f5b6e54cfdca48deed2f7e56fe38456b29a",""
"5","2","1","current","c2329aa008622953f95ab0acb344552cf2f4c9f8","752b815b612ca031ad9aa14de69534862010e68c985d7eb34455daed19a34187","vectorPerformance","gaussian32","GPSS","4","4","451689","4000","500","Complete","0.1313271","3.7899E-5","0.0585725","0.072716701","0.5","0.002","138750","4000","14345.553258947568","14342.778169951296","8945.28266108745","1.0011866456042022","0.01864774016529802","0","d4278b864a0c0454d1730a6de2433aebfa0ebf5de90d82ef8563be3b95ce2d1a",""
"5","2","1","current","c2329aa008622953f95ab0acb344552cf2f4c9f8","752b815b612ca031ad9aa14de69534862010e68c985d7eb34455daed19a34187","vectorPerformance","gaussian32","Quantile","1","-2","404175","4000","500","Complete","0.6534757","3.85E-5","0.4060193","0.2474179","1.71875","0.012","1753214","4000","15219.008327321226","15213.744919585897","12194.607218487616","1.0007110848254097","0.01623649007724448","0","cecc6b4fda00565adaade6079bd9a81eec1cb5425a7364f3a4652f8f1fe688e7",""
"5","2","1","current","c2329aa008622953f95ab0acb344552cf2f4c9f8","752b815b612ca031ad9aa14de69534862010e68c985d7eb34455daed19a34187","vectorPerformance","gaussian32","Quantile","1","-1","412094","4000","500","Complete","0.6682521","3.01E-5","0.415963201","0.252258799","0.65625","0.012","1754500","4000","14374.340793710559","14390.679914776822","12593.727427588436","1.0005481375625007","0.020322296447435884","0","710b12b4b32c1d00e33cda313ee3aca4afb06968f65bf5b1d672fd6109f4f43f",""
"5","2","1","current","c2329aa008622953f95ab0acb344552cf2f4c9f8","752b815b612ca031ad9aa14de69534862010e68c985d7eb34455daed19a34187","vectorPerformance","gaussian32","Quantile","1","0","420013","4000","500","Complete","0.651505301","2.9701E-5","0.4025114","0.2489642","0.640625","0.011","1751135","4000","14804.415700401843","14796.384417892554","11674.348877600554","1.0004842070731996","0.017149474216242355","0","7163a65543816d08a23c844d2762c1967e2f734b4748129ec7bdf89e140df8b4",""
"5","2","1","current","c2329aa008622953f95ab0acb344552cf2f4c9f8","752b815b612ca031ad9aa14de69534862010e68c985d7eb34455daed19a34187","vectorPerformance","gaussian32","Quantile","1","1","427932","4000","500","Complete","0.653338999","2.89E-5","0.399945","0.253365099","1.296875","0.011","1751119","4000","15119.429112419593","15129.482098788952","12424.352542458728","1.000588248721186","0.024238503591598903","0","e468486f9c3bce272356b47328af805b6315b0ce0dcec0ba389ad1cc6e773090",""
"5","2","1","current","c2329aa008622953f95ab0acb344552cf2f4c9f8","752b815b612ca031ad9aa14de69534862010e68c985d7eb34455daed19a34187","vectorPerformance","gaussian32","Quantile","1","2","435851","4000","500","Complete","0.673672099","3.44E-5","0.4162319","0.257405799","0.671875","0.014","1754043","4000","14654.09636813213","14648.796726473445","11630.775114295944","1.0006045524861327","0.019982935899345466","0","f17849dd0d6937ddb28ce5136301623e9a5b8e9dd4ad54fb96a198cfdc5f0c6a",""
"5","2","1","current","c2329aa008622953f95ab0acb344552cf2f4c9f8","752b815b612ca031ad9aa14de69534862010e68c985d7eb34455daed19a34187","vectorPerformance","gaussian32","Quantile","1","3","443770","4000","500","Complete","0.662811499","2.87E-5","0.4125936","0.250189199","0.65625","0.01","1754067","4000","14670.955292689816","14672.094230083088","12113.52110906072","1.0003997605716526","0.012117200485737945","0","8d191d73493e7fb3ede8cea18ccac7e017f7700706ef9c9f8b699e07b2804d14",""
"5","2","1","current","c2329aa008622953f95ab0acb344552cf2f4c9f8","752b815b612ca031ad9aa14de69534862010e68c985d7eb34455daed19a34187","vectorPerformance","gaussian32","Quantile","1","4","451689","4000","500","Complete","0.652619201","2.8301E-5","0.4039316","0.2486593","0.625","0.011","1751661","4000","14424.859583462046","14417.997752939862","12128.296452895833","1.0007982696988702","0.02835365482901797","0","b8ea3b62393883b214271958061a644368686dc583e5f2e33e5eafdc7a65f17e",""
"5","2","1","current","c2329aa008622953f95ab0acb344552cf2f4c9f8","752b815b612ca031ad9aa14de69534862010e68c985d7eb34455daed19a34187","vectorPerformance","gaussian32","Quantile","2","-2","404175","4000","500","Complete","0.4454672","3.6601E-5","0.3139795","0.131451099","1.046875","0.012","1753214","4000","15219.008327321226","15213.744919585897","12194.607218487616","1.0007110848254097","0.01623649007724448","0","cecc6b4fda00565adaade6079bd9a81eec1cb5425a7364f3a4652f8f1fe688e7",""
"5","2","1","current","c2329aa008622953f95ab0acb344552cf2f4c9f8","752b815b612ca031ad9aa14de69534862010e68c985d7eb34455daed19a34187","vectorPerformance","gaussian32","Quantile","2","-1","412094","4000","500","Complete","0.463908699","2.92E-5","0.3355813","0.128298199","1.234375","0.011","1754500","4000","14374.340793710559","14390.679914776822","12593.727427588436","1.0005481375625007","0.020322296447435884","0","710b12b4b32c1d00e33cda313ee3aca4afb06968f65bf5b1d672fd6109f4f43f",""
"5","2","1","current","c2329aa008622953f95ab0acb344552cf2f4c9f8","752b815b612ca031ad9aa14de69534862010e68c985d7eb34455daed19a34187","vectorPerformance","gaussian32","Quantile","2","0","420013","4000","500","Complete","0.465955","3.04E-5","0.3310083","0.1349163","1.21875","0.012","1751135","4000","14804.415700401843","14796.384417892554","11674.348877600554","1.0004842070731996","0.017149474216242355","0","7163a65543816d08a23c844d2762c1967e2f734b4748129ec7bdf89e140df8b4",""
"5","2","1","current","c2329aa008622953f95ab0acb344552cf2f4c9f8","752b815b612ca031ad9aa14de69534862010e68c985d7eb34455daed19a34187","vectorPerformance","gaussian32","Quantile","2","1","427932","4000","500","Complete","0.476063401","4.3001E-5","0.3442708","0.1317496","1.234375","0.01","1751119","4000","15119.429112419593","15129.482098788952","12424.352542458728","1.000588248721186","0.024238503591598903","0","e468486f9c3bce272356b47328af805b6315b0ce0dcec0ba389ad1cc6e773090",""
"5","2","1","current","c2329aa008622953f95ab0acb344552cf2f4c9f8","752b815b612ca031ad9aa14de69534862010e68c985d7eb34455daed19a34187","vectorPerformance","gaussian32","Quantile","2","2","435851","4000","500","Complete","0.4583125","2.64E-5","0.330517699","0.127768401","1.203125","0.01","1754043","4000","14654.09636813213","14648.796726473445","11630.775114295944","1.0006045524861327","0.019982935899345466","0","f17849dd0d6937ddb28ce5136301623e9a5b8e9dd4ad54fb96a198cfdc5f0c6a",""
"5","2","1","current","c2329aa008622953f95ab0acb344552cf2f4c9f8","752b815b612ca031ad9aa14de69534862010e68c985d7eb34455daed19a34187","vectorPerformance","gaussian32","Quantile","2","3","443770","4000","500","Complete","0.480366699","3.26E-5","0.3472505","0.133083599","0.9375","0.012","1754067","4000","14670.955292689816","14672.094230083088","12113.52110906072","1.0003997605716526","0.012117200485737945","0","8d191d73493e7fb3ede8cea18ccac7e017f7700706ef9c9f8b699e07b2804d14",""
"5","2","1","current","c2329aa008622953f95ab0acb344552cf2f4c9f8","752b815b612ca031ad9aa14de69534862010e68c985d7eb34455daed19a34187","vectorPerformance","gaussian32","Quantile","2","4","451689","4000","500","Complete","0.461950999","4.66E-5","0.3227687","0.139135699","0.921875","0.011","1751661","4000","14424.859583462046","14417.997752939862","12128.296452895833","1.0007982696988702","0.02835365482901797","0","b8ea3b62393883b214271958061a644368686dc583e5f2e33e5eafdc7a65f17e",""
"5","2","1","current","c2329aa008622953f95ab0acb344552cf2f4c9f8","752b815b612ca031ad9aa14de69534862010e68c985d7eb34455daed19a34187","vectorPerformance","gaussian32","Quantile","4","-2","404175","4000","500","Complete","0.3921302","5.99E-5","0.3160928","0.0759775","2.15625","0.014","1753214","4000","15219.008327321226","15213.744919585897","12194.607218487616","1.0007110848254097","0.01623649007724448","0","cecc6b4fda00565adaade6079bd9a81eec1cb5425a7364f3a4652f8f1fe688e7",""
"5","2","1","current","c2329aa008622953f95ab0acb344552cf2f4c9f8","752b815b612ca031ad9aa14de69534862010e68c985d7eb34455daed19a34187","vectorPerformance","gaussian32","Quantile","4","-1","412094","4000","500","Complete","0.3913599","2.97E-5","0.3183418","0.0729884","1.546875","0.009","1754500","4000","14374.340793710559","14390.679914776822","12593.727427588436","1.0005481375625007","0.020322296447435884","0","710b12b4b32c1d00e33cda313ee3aca4afb06968f65bf5b1d672fd6109f4f43f",""
"5","2","1","current","c2329aa008622953f95ab0acb344552cf2f4c9f8","752b815b612ca031ad9aa14de69534862010e68c985d7eb34455daed19a34187","vectorPerformance","gaussian32","Quantile","4","0","420013","4000","500","Complete","0.375600401","2.8901E-5","0.3040751","0.0714964","1.484375","0.009","1751135","4000","14804.415700401843","14796.384417892554","11674.348877600554","1.0004842070731996","0.017149474216242355","0","7163a65543816d08a23c844d2762c1967e2f734b4748129ec7bdf89e140df8b4",""
"5","2","1","current","c2329aa008622953f95ab0acb344552cf2f4c9f8","752b815b612ca031ad9aa14de69534862010e68c985d7eb34455daed19a34187","vectorPerformance","gaussian32","Quantile","4","1","427932","4000","500","Complete","0.4183085","5.1699E-5","0.336997701","0.0812591","1.640625","0.013","1751119","4000","15119.429112419593","15129.482098788952","12424.352542458728","1.000588248721186","0.024238503591598903","0","e468486f9c3bce272356b47328af805b6315b0ce0dcec0ba389ad1cc6e773090",""
"5","2","1","current","c2329aa008622953f95ab0acb344552cf2f4c9f8","752b815b612ca031ad9aa14de69534862010e68c985d7eb34455daed19a34187","vectorPerformance","gaussian32","Quantile","4","2","435851","4000","500","Complete","0.381188001","2.94E-5","0.310303001","0.0708556","1.5","0.011","1754043","4000","14654.09636813213","14648.796726473445","11630.775114295944","1.0006045524861327","0.019982935899345466","0","f17849dd0d6937ddb28ce5136301623e9a5b8e9dd4ad54fb96a198cfdc5f0c6a",""
"5","2","1","current","c2329aa008622953f95ab0acb344552cf2f4c9f8","752b815b612ca031ad9aa14de69534862010e68c985d7eb34455daed19a34187","vectorPerformance","gaussian32","Quantile","4","3","443770","4000","500","Complete","0.3999151","2.77E-5","0.325134399","0.074753001","1.671875","0.012","1754067","4000","14670.955292689816","14672.094230083088","12113.52110906072","1.0003997605716526","0.012117200485737945","0","8d191d73493e7fb3ede8cea18ccac7e017f7700706ef9c9f8b699e07b2804d14",""
"5","2","1","current","c2329aa008622953f95ab0acb344552cf2f4c9f8","752b815b612ca031ad9aa14de69534862010e68c985d7eb34455daed19a34187","vectorPerformance","gaussian32","Quantile","4","4","451689","4000","500","Complete","0.4260736","3.02E-5","0.351074","0.0749694","1.953125","0.011","1751661","4000","14424.859583462046","14417.997752939862","12128.296452895833","1.0007982696988702","0.02835365482901797","0","b8ea3b62393883b214271958061a644368686dc583e5f2e33e5eafdc7a65f17e",""
"5","2","1","current","c2329aa008622953f95ab0acb344552cf2f4c9f8","752b815b612ca031ad9aa14de69534862010e68c985d7eb34455daed19a34187","vectorPerformance","gaussian8","GPSS","1","-2","404175","4000","500","Complete","0.120788501","4.4801E-5","0.0453728","0.0753709","0.265625","0.0","138018","4000","15549.340111147894","15536.369070524215","11710.881022750353","1.000693382204123","0.020280809809882006","0","e7f255a3304bc6df3dfbc4384cc42f0a14e097b21ea85d7dfdd0891304dccc86",""
"5","2","1","current","c2329aa008622953f95ab0acb344552cf2f4c9f8","752b815b612ca031ad9aa14de69534862010e68c985d7eb34455daed19a34187","vectorPerformance","gaussian8","GPSS","1","-1","412094","4000","500","Complete","0.106461801","5.81E-5","0.032562601","0.0738411","0.109375","0.003","138132","4000","15263.81484653245","15291.911844531342","11216.22139798599","1.0004803178957116","0.014392603577789376","0","e114ddce1fe3e8b5caed48fc0365aca0d32bd35e94363aa001d7324d00935224",""
"5","2","1","current","c2329aa008622953f95ab0acb344552cf2f4c9f8","752b815b612ca031ad9aa14de69534862010e68c985d7eb34455daed19a34187","vectorPerformance","gaussian8","GPSS","1","0","420013","4000","500","Complete","0.0944796","1.032E-4","0.0270144","0.067362","0.09375","0.002","138323","4000","15080.473776226881","15096.77911576306","11062.432005908491","1.0006149641210862","0.012458863431772271","0","2a91e22981ec396c3eca9414af3d6ac63570dc29437cdd4bdc3eb6a8db475fa2",""
"5","2","1","current","c2329aa008622953f95ab0acb344552cf2f4c9f8","752b815b612ca031ad9aa14de69534862010e68c985d7eb34455daed19a34187","vectorPerformance","gaussian8","GPSS","1","1","427932","4000","500","Complete","0.0973736","3.58E-5","0.0251957","0.0721421","0.109375","0.0","138154","4000","15134.6012276361","15136.078376941558","11308.922646882544","1.0009404579967858","0.013454526579750548","0","045e36a427e6332b3973cb5a7bed2c41034d4baa3241673dfea554f81e693a14",""
"5","2","1","current","c2329aa008622953f95ab0acb344552cf2f4c9f8","752b815b612ca031ad9aa14de69534862010e68c985d7eb34455daed19a34187","vectorPerformance","gaussian8","GPSS","1","2","435851","4000","500","Complete","0.0918365","3.46E-5","0.025568999","0.066232901","0.109375","0.002","137988","4000","14363.080320209516","14344.664435137216","11161.859788330772","1.0004963309089212","0.01645570173683253","0","282eaef783cfb8138f0fbaa41141a7646474130935f10820d7fcdc9d6a1e24c0",""
"5","2","1","current","c2329aa008622953f95ab0acb344552cf2f4c9f8","752b815b612ca031ad9aa14de69534862010e68c985d7eb34455daed19a34187","vectorPerformance","gaussian8","GPSS","1","3","443770","4000","500","Complete","0.098588599","3.7499E-5","0.023322501","0.075228599","0.109375","0.0","138055","4000","15045.50132933249","15019.431343943274","10767.592734371476","1.0010260647907836","0.018113200227977133","0","6f88cd3290902ed4688e28521e20205fca8afb18c6e4fe2e6e0de9c4e7e0a62c",""
"5","2","1","current","c2329aa008622953f95ab0acb344552cf2f4c9f8","752b815b612ca031ad9aa14de69534862010e68c985d7eb34455daed19a34187","vectorPerformance","gaussian8","GPSS","1","4","451689","4000","500","Complete","0.0986953","3.7E-5","0.0268639","0.0717944","0.5","0.003","138188","4000","15603.053005275411","15621.61943123139","10677.483456214122","1.0007920020096437","0.014172913039023793","0","3703a943973521b658002c1d1edb8b4dcddac3550850573cac7499aba83dbaac",""
"5","2","1","current","c2329aa008622953f95ab0acb344552cf2f4c9f8","752b815b612ca031ad9aa14de69534862010e68c985d7eb34455daed19a34187","vectorPerformance","gaussian8","GPSS","2","-2","404175","4000","500","Complete","0.242917699","0.0061365","0.0889","0.147881199","1.328125","0.003","138018","4000","15549.340111147894","15536.369070524215","11710.881022750353","1.000693382204123","0.020280809809882006","0","e7f255a3304bc6df3dfbc4384cc42f0a14e097b21ea85d7dfdd0891304dccc86",""
"5","2","1","current","c2329aa008622953f95ab0acb344552cf2f4c9f8","752b815b612ca031ad9aa14de69534862010e68c985d7eb34455daed19a34187","vectorPerformance","gaussian8","GPSS","2","-1","412094","4000","500","Complete","0.0617718","4.28E-5","0.017513","0.044216","0.125","0.0","138132","4000","15263.81484653245","15291.911844531342","11216.22139798599","1.0004803178957116","0.014392603577789376","0","e114ddce1fe3e8b5caed48fc0365aca0d32bd35e94363aa001d7324d00935224",""
"5","2","1","current","c2329aa008622953f95ab0acb344552cf2f4c9f8","752b815b612ca031ad9aa14de69534862010e68c985d7eb34455daed19a34187","vectorPerformance","gaussian8","GPSS","2","0","420013","4000","500","Complete","0.054780899","1.484E-4","0.0170627","0.037569799","0.125","0.0","138323","4000","15080.473776226881","15096.77911576306","11062.432005908491","1.0006149641210862","0.012458863431772271","0","2a91e22981ec396c3eca9414af3d6ac63570dc29437cdd4bdc3eb6a8db475fa2",""
"5","2","1","current","c2329aa008622953f95ab0acb344552cf2f4c9f8","752b815b612ca031ad9aa14de69534862010e68c985d7eb34455daed19a34187","vectorPerformance","gaussian8","GPSS","2","1","427932","4000","500","Complete","0.0563355","3.9199E-5","0.019140301","0.037156","0.125","0.002","138154","4000","15134.6012276361","15136.078376941558","11308.922646882544","1.0009404579967858","0.013454526579750548","0","045e36a427e6332b3973cb5a7bed2c41034d4baa3241673dfea554f81e693a14",""
"5","2","1","current","c2329aa008622953f95ab0acb344552cf2f4c9f8","752b815b612ca031ad9aa14de69534862010e68c985d7eb34455daed19a34187","vectorPerformance","gaussian8","GPSS","2","2","435851","4000","500","Complete","0.0534628","4.28E-5","0.016461499","0.036958501","0.09375","0.0","137988","4000","14363.080320209516","14344.664435137216","11161.859788330772","1.0004963309089212","0.01645570173683253","0","282eaef783cfb8138f0fbaa41141a7646474130935f10820d7fcdc9d6a1e24c0",""
"5","2","1","current","c2329aa008622953f95ab0acb344552cf2f4c9f8","752b815b612ca031ad9aa14de69534862010e68c985d7eb34455daed19a34187","vectorPerformance","gaussian8","GPSS","2","3","443770","4000","500","Complete","0.0587027","4.36E-5","0.0167982","0.0418609","0.125","0.0","138055","4000","15045.50132933249","15019.431343943274","10767.592734371476","1.0010260647907836","0.018113200227977133","0","6f88cd3290902ed4688e28521e20205fca8afb18c6e4fe2e6e0de9c4e7e0a62c",""
"5","2","1","current","c2329aa008622953f95ab0acb344552cf2f4c9f8","752b815b612ca031ad9aa14de69534862010e68c985d7eb34455daed19a34187","vectorPerformance","gaussian8","GPSS","2","4","451689","4000","500","Complete","0.0583698","4.07E-5","0.0193119","0.0390172","0.109375","0.002","138188","4000","15603.053005275411","15621.61943123139","10677.483456214122","1.0007920020096437","0.014172913039023793","0","3703a943973521b658002c1d1edb8b4dcddac3550850573cac7499aba83dbaac",""
"5","2","1","current","c2329aa008622953f95ab0acb344552cf2f4c9f8","752b815b612ca031ad9aa14de69534862010e68c985d7eb34455daed19a34187","vectorPerformance","gaussian8","GPSS","4","-2","404175","4000","500","Complete","0.0564017","1.288E-4","0.0257159","0.030557","0.4375","0.004","138018","4000","15549.340111147894","15536.369070524215","11710.881022750353","1.000693382204123","0.020280809809882006","0","e7f255a3304bc6df3dfbc4384cc42f0a14e097b21ea85d7dfdd0891304dccc86",""
"5","2","1","current","c2329aa008622953f95ab0acb344552cf2f4c9f8","752b815b612ca031ad9aa14de69534862010e68c985d7eb34455daed19a34187","vectorPerformance","gaussian8","GPSS","4","-1","412094","4000","500","Complete","0.041896201","1.46101E-4","0.0175146","0.0242355","0.15625","0.0","138132","4000","15263.81484653245","15291.911844531342","11216.22139798599","1.0004803178957116","0.014392603577789376","0","e114ddce1fe3e8b5caed48fc0365aca0d32bd35e94363aa001d7324d00935224",""
"5","2","1","current","c2329aa008622953f95ab0acb344552cf2f4c9f8","752b815b612ca031ad9aa14de69534862010e68c985d7eb34455daed19a34187","vectorPerformance","gaussian8","GPSS","4","0","420013","4000","500","Complete","0.042816201","8.1701E-5","0.0173521","0.0253824","0.171875","0.003","138323","4000","15080.473776226881","15096.77911576306","11062.432005908491","1.0006149641210862","0.012458863431772271","0","2a91e22981ec396c3eca9414af3d6ac63570dc29437cdd4bdc3eb6a8db475fa2",""
"5","2","1","current","c2329aa008622953f95ab0acb344552cf2f4c9f8","752b815b612ca031ad9aa14de69534862010e68c985d7eb34455daed19a34187","vectorPerformance","gaussian8","GPSS","4","1","427932","4000","500","Complete","0.040780499","3.4699E-5","0.016975701","0.023770099","0.21875","0.0","138154","4000","15134.6012276361","15136.078376941558","11308.922646882544","1.0009404579967858","0.013454526579750548","0","045e36a427e6332b3973cb5a7bed2c41034d4baa3241673dfea554f81e693a14",""
"5","2","1","current","c2329aa008622953f95ab0acb344552cf2f4c9f8","752b815b612ca031ad9aa14de69534862010e68c985d7eb34455daed19a34187","vectorPerformance","gaussian8","GPSS","4","2","435851","4000","500","Complete","0.0406455","3.7199E-5","0.0173218","0.023286501","0.140625","0.0","137988","4000","14363.080320209516","14344.664435137216","11161.859788330772","1.0004963309089212","0.01645570173683253","0","282eaef783cfb8138f0fbaa41141a7646474130935f10820d7fcdc9d6a1e24c0",""
"5","2","1","current","c2329aa008622953f95ab0acb344552cf2f4c9f8","752b815b612ca031ad9aa14de69534862010e68c985d7eb34455daed19a34187","vectorPerformance","gaussian8","GPSS","4","3","443770","4000","500","Complete","0.040939701","3.34E-5","0.016446201","0.0244601","0.171875","0.002","138055","4000","15045.50132933249","15019.431343943274","10767.592734371476","1.0010260647907836","0.018113200227977133","0","6f88cd3290902ed4688e28521e20205fca8afb18c6e4fe2e6e0de9c4e7e0a62c",""
"5","2","1","current","c2329aa008622953f95ab0acb344552cf2f4c9f8","752b815b612ca031ad9aa14de69534862010e68c985d7eb34455daed19a34187","vectorPerformance","gaussian8","GPSS","4","4","451689","4000","500","Complete","0.041817399","5.75E-5","0.018261799","0.0234981","0.125","0.0","138188","4000","15603.053005275411","15621.61943123139","10677.483456214122","1.0007920020096437","0.014172913039023793","0","3703a943973521b658002c1d1edb8b4dcddac3550850573cac7499aba83dbaac",""
"5","2","1","current","c2329aa008622953f95ab0acb344552cf2f4c9f8","752b815b612ca031ad9aa14de69534862010e68c985d7eb34455daed19a34187","vectorPerformance","gaussian8","Quantile","1","-2","404175","4000","500","Complete","0.1097552","3.3E-5","0.0382281","0.0714941","0.171875","0.0","439383","4000","15133.633311857895","15137.149661571859","12640.232874183323","1.0002765119712598","0.010865777388695763","0","0a652ec86caa4b0878042a2ca27e4843b8fff440045e84ffe9040bbf18fc5c1b",""
"5","2","1","current","c2329aa008622953f95ab0acb344552cf2f4c9f8","752b815b612ca031ad9aa14de69534862010e68c985d7eb34455daed19a34187","vectorPerformance","gaussian8","Quantile","1","-1","412094","4000","500","Complete","0.1015211","3.32E-5","0.035892999","0.065594901","0.09375","0.0","438543","4000","15213.490906399908","15228.10660758392","12891.868030399028","1.0002543220506444","0.014962146800250764","0","22193da6e1ed5c7fb6bc482596a8cb09c08425673712be65ab0ebf58ef73f382",""
"5","2","1","current","c2329aa008622953f95ab0acb344552cf2f4c9f8","752b815b612ca031ad9aa14de69534862010e68c985d7eb34455daed19a34187","vectorPerformance","gaussian8","Quantile","1","0","420013","4000","500","Complete","0.1026917","3.09E-5","0.0378367","0.0648241","0.09375","0.0","436956","4000","15387.214907747757","15383.41868425877","13280.050841973973","1.000488212672387","0.017862111392228958","0","1a2a7053039cbf9cd5227976b2ba660c8f0bbf84c10e94ae04c9c6d297fc0025",""
"5","2","1","current","c2329aa008622953f95ab0acb344552cf2f4c9f8","752b815b612ca031ad9aa14de69534862010e68c985d7eb34455daed19a34187","vectorPerformance","gaussian8","Quantile","1","1","427932","4000","500","Complete","0.1038626","3.51E-5","0.0373522","0.0664753","0.21875","0.0","437269","4000","15727.934748036001","15719.464590581323","12902.625514015059","1.0004649152576137","0.012810490325706247","0","850de3d767de404b10a6234afa6ecc9c5dfdee0c4338411a0af3e46894e42ce3",""
"5","2","1","current","c2329aa008622953f95ab0acb344552cf2f4c9f8","752b815b612ca031ad9aa14de69534862010e68c985d7eb34455daed19a34187","vectorPerformance","gaussian8","Quantile","1","2","435851","4000","500","Complete","0.106874999","5.9E-5","0.037742399","0.0690736","0.109375","0.0","438008","4000","15126.989343371939","15133.471327879883","12471.355965872704","1.0004579804360567","0.01410791604282019","0","fd474ea7f77c91f336f3664000c5dec28946aab4fd9917ca2fd5c066ad7e03df",""
"5","2","1","current","c2329aa008622953f95ab0acb344552cf2f4c9f8","752b815b612ca031ad9aa14de69534862010e68c985d7eb34455daed19a34187","vectorPerformance","gaussian8","Quantile","1","3","443770","4000","500","Complete","0.104754601","3.6001E-5","0.0380276","0.066691","0.125","0.0","438134","4000","14783.95134310092","14781.603964607304","13183.37761680062","1.0005441549460146","0.009381500096846795","0","f5d860d8f1c8c55386f06f23faad6b9f8df1541a619040c2f28698d0813a5f75",""
"5","2","1","current","c2329aa008622953f95ab0acb344552cf2f4c9f8","752b815b612ca031ad9aa14de69534862010e68c985d7eb34455daed19a34187","vectorPerformance","gaussian8","Quantile","1","4","451689","4000","500","Complete","0.1018523","5.15E-5","0.0388814","0.0629194","0.09375","0.002","437868","4000","14884.121074739518","14909.092385573675","12538.608584974128","1.0004648391967559","0.02587550455561438","0","f5667ee456b1d3d2b0c42c8460f2481029f27806732e9bf75dd56271a0628822",""
"5","2","1","current","c2329aa008622953f95ab0acb344552cf2f4c9f8","752b815b612ca031ad9aa14de69534862010e68c985d7eb34455daed19a34187","vectorPerformance","gaussian8","Quantile","2","-2","404175","4000","500","Complete","0.0913838","3.32E-5","0.0511336","0.040217","0.328125","0.0","439383","4000","15133.633311857895","15137.149661571859","12640.232874183323","1.0002765119712598","0.010865777388695763","0","0a652ec86caa4b0878042a2ca27e4843b8fff440045e84ffe9040bbf18fc5c1b",""
"5","2","1","current","c2329aa008622953f95ab0acb344552cf2f4c9f8","752b815b612ca031ad9aa14de69534862010e68c985d7eb34455daed19a34187","vectorPerformance","gaussian8","Quantile","2","-1","412094","4000","500","Complete","0.0615341","3.44E-5","0.0260589","0.0354408","0.140625","0.002","438543","4000","15213.490906399908","15228.10660758392","12891.868030399028","1.0002543220506444","0.014962146800250764","0","22193da6e1ed5c7fb6bc482596a8cb09c08425673712be65ab0ebf58ef73f382",""
"5","2","1","current","c2329aa008622953f95ab0acb344552cf2f4c9f8","752b815b612ca031ad9aa14de69534862010e68c985d7eb34455daed19a34187","vectorPerformance","gaussian8","Quantile","2","0","420013","4000","500","Complete","0.0604344","3.13E-5","0.025591","0.0348121","0.09375","0.002","436956","4000","15387.214907747757","15383.41868425877","13280.050841973973","1.000488212672387","0.017862111392228958","0","1a2a7053039cbf9cd5227976b2ba660c8f0bbf84c10e94ae04c9c6d297fc0025",""
"5","2","1","current","c2329aa008622953f95ab0acb344552cf2f4c9f8","752b815b612ca031ad9aa14de69534862010e68c985d7eb34455daed19a34187","vectorPerformance","gaussian8","Quantile","2","1","427932","4000","500","Complete","0.0589003","3.07E-5","0.0225406","0.036329","0.09375","0.0","437269","4000","15727.934748036001","15719.464590581323","12902.625514015059","1.0004649152576137","0.012810490325706247","0","850de3d767de404b10a6234afa6ecc9c5dfdee0c4338411a0af3e46894e42ce3",""
"5","2","1","current","c2329aa008622953f95ab0acb344552cf2f4c9f8","752b815b612ca031ad9aa14de69534862010e68c985d7eb34455daed19a34187","vectorPerformance","gaussian8","Quantile","2","2","435851","4000","500","Complete","0.062842899","3.46E-5","0.027429799","0.0353785","0.125","0.003","438008","4000","15126.989343371939","15133.471327879883","12471.355965872704","1.0004579804360567","0.01410791604282019","0","fd474ea7f77c91f336f3664000c5dec28946aab4fd9917ca2fd5c066ad7e03df",""
"5","2","1","current","c2329aa008622953f95ab0acb344552cf2f4c9f8","752b815b612ca031ad9aa14de69534862010e68c985d7eb34455daed19a34187","vectorPerformance","gaussian8","Quantile","2","3","443770","4000","500","Complete","0.0661896","3.1299E-5","0.0296441","0.036514201","0.125","0.002","438134","4000","14783.95134310092","14781.603964607304","13183.37761680062","1.0005441549460146","0.009381500096846795","0","f5d860d8f1c8c55386f06f23faad6b9f8df1541a619040c2f28698d0813a5f75",""
"5","2","1","current","c2329aa008622953f95ab0acb344552cf2f4c9f8","752b815b612ca031ad9aa14de69534862010e68c985d7eb34455daed19a34187","vectorPerformance","gaussian8","Quantile","2","4","451689","4000","500","Complete","0.0607105","6.52E-5","0.0270257","0.0336196","0.125","0.001","437868","4000","14884.121074739518","14909.092385573675","12538.608584974128","1.0004648391967559","0.02587550455561438","0","f5667ee456b1d3d2b0c42c8460f2481029f27806732e9bf75dd56271a0628822",""
"5","2","1","current","c2329aa008622953f95ab0acb344552cf2f4c9f8","752b815b612ca031ad9aa14de69534862010e68c985d7eb34455daed19a34187","vectorPerformance","gaussian8","Quantile","4","-2","404175","4000","500","Complete","0.048201201","3.4501E-5","0.0265092","0.0216575","0.21875","0.003","439383","4000","15133.633311857895","15137.149661571859","12640.232874183323","1.0002765119712598","0.010865777388695763","0","0a652ec86caa4b0878042a2ca27e4843b8fff440045e84ffe9040bbf18fc5c1b",""
"5","2","1","current","c2329aa008622953f95ab0acb344552cf2f4c9f8","752b815b612ca031ad9aa14de69534862010e68c985d7eb34455daed19a34187","vectorPerformance","gaussian8","Quantile","4","-1","412094","4000","500","Complete","0.044264","3.51E-5","0.0241429","0.020086","0.234375","0.003","438543","4000","15213.490906399908","15228.10660758392","12891.868030399028","1.0002543220506444","0.014962146800250764","0","22193da6e1ed5c7fb6bc482596a8cb09c08425673712be65ab0ebf58ef73f382",""
"5","2","1","current","c2329aa008622953f95ab0acb344552cf2f4c9f8","752b815b612ca031ad9aa14de69534862010e68c985d7eb34455daed19a34187","vectorPerformance","gaussian8","Quantile","4","0","420013","4000","500","Complete","0.047669201","3.14E-5","0.022770201","0.0248676","0.234375","0.003","436956","4000","15387.214907747757","15383.41868425877","13280.050841973973","1.000488212672387","0.017862111392228958","0","1a2a7053039cbf9cd5227976b2ba660c8f0bbf84c10e94ae04c9c6d297fc0025",""
"5","2","1","current","c2329aa008622953f95ab0acb344552cf2f4c9f8","752b815b612ca031ad9aa14de69534862010e68c985d7eb34455daed19a34187","vectorPerformance","gaussian8","Quantile","4","1","427932","4000","500","Complete","0.0461412","5.67E-5","0.0234564","0.0226281","0.21875","0.003","437269","4000","15727.934748036001","15719.464590581323","12902.625514015059","1.0004649152576137","0.012810490325706247","0","850de3d767de404b10a6234afa6ecc9c5dfdee0c4338411a0af3e46894e42ce3",""
"5","2","1","current","c2329aa008622953f95ab0acb344552cf2f4c9f8","752b815b612ca031ad9aa14de69534862010e68c985d7eb34455daed19a34187","vectorPerformance","gaussian8","Quantile","4","2","435851","4000","500","Complete","0.050505101","3.8001E-5","0.0269697","0.0234974","0.171875","0.002","438008","4000","15126.989343371939","15133.471327879883","12471.355965872704","1.0004579804360567","0.01410791604282019","0","fd474ea7f77c91f336f3664000c5dec28946aab4fd9917ca2fd5c066ad7e03df",""
"5","2","1","current","c2329aa008622953f95ab0acb344552cf2f4c9f8","752b815b612ca031ad9aa14de69534862010e68c985d7eb34455daed19a34187","vectorPerformance","gaussian8","Quantile","4","3","443770","4000","500","Complete","0.042791301","3.12E-5","0.022609601","0.0201505","0.1875","0.0","438134","4000","14783.95134310092","14781.603964607304","13183.37761680062","1.0005441549460146","0.009381500096846795","0","f5d860d8f1c8c55386f06f23faad6b9f8df1541a619040c2f28698d0813a5f75",""
"5","2","1","current","c2329aa008622953f95ab0acb344552cf2f4c9f8","752b815b612ca031ad9aa14de69534862010e68c985d7eb34455daed19a34187","vectorPerformance","gaussian8","Quantile","4","4","451689","4000","500","Complete","0.04148","3.55E-5","0.021603499","0.019841001","0.125","0.0","437868","4000","14884.121074739518","14909.092385573675","12538.608584974128","1.0004648391967559","0.02587550455561438","0","f5667ee456b1d3d2b0c42c8460f2481029f27806732e9bf75dd56271a0628822",""
"5","2","1","current","c2329aa008622953f95ab0acb344552cf2f4c9f8","752b815b612ca031ad9aa14de69534862010e68c985d7eb34455daed19a34187","vectorPerformance","likelihood8","GPSS","1","-2","404175","4000","500","Complete","0.1401369","1.41699E-4","0.078863001","0.0611322","0.140625","0.0","113497","4000","15386.728000357793","15391.85127451405","11321.818924317045","1.000502564087113","0.005344596134197365","0","15875fc3ad457cd99d016931ae49e3b53ed50293a59b7331791ac43670de87bd",""
"5","2","1","current","c2329aa008622953f95ab0acb344552cf2f4c9f8","752b815b612ca031ad9aa14de69534862010e68c985d7eb34455daed19a34187","vectorPerformance","likelihood8","GPSS","1","-1","412094","4000","500","Complete","0.138736399","6.34E-5","0.077832","0.060840999","0.140625","0.0","113672","4000","14515.066848005721","14590.130865412311","10903.103694208865","1.0008342935047612","0.005564436392907962","0","fc720f0e7fc6b705ca4b80ac8fe6515a0d286ae0520a978aef375e586c9db6bf",""
"5","2","1","current","c2329aa008622953f95ab0acb344552cf2f4c9f8","752b815b612ca031ad9aa14de69534862010e68c985d7eb34455daed19a34187","vectorPerformance","likelihood8","GPSS","1","0","420013","4000","500","Complete","0.139227399","9.65E-5","0.07748","0.061650899","0.140625","0.0","113054","4000","15068.277084944693","15070.85887531968","10694.846310168503","1.0005601541440654","0.004181248674558491","0","8d6dc2b369fc062d17f4e1721fe9d8a199bcba9f600d8572402455c6c30b60fa",""
"5","2","1","current","c2329aa008622953f95ab0acb344552cf2f4c9f8","752b815b612ca031ad9aa14de69534862010e68c985d7eb34455daed19a34187","vectorPerformance","likelihood8","GPSS","1","1","427932","4000","500","Complete","0.140048299","5.4E-5","0.0789483","0.061045999","0.140625","0.001","113472","4000","15069.243223748383","15055.059231076986","10322.707096463675","1.0013248567157627","0.005340326134526563","0","38e3adbbae621e7ad84a1cb5d7d2f248aeb925e3eea6b59badd3e9bb967ca792",""
"5","2","1","current","c2329aa008622953f95ab0acb344552cf2f4c9f8","752b815b612ca031ad9aa14de69534862010e68c985d7eb34455daed19a34187","vectorPerformance","likelihood8","GPSS","1","2","435851","4000","500","Complete","0.1401014","4.72E-5","0.0781298","0.0619244","0.140625","0.001","113322","4000","15018.1283976014","15019.886701809703","11132.174688571149","1.000533090102839","0.005175852109189194","0","a1c97633734bbb43a66c525a225905cb612f427cd2600d3cc731158cc0011283",""
"5","2","1","current","c2329aa008622953f95ab0acb344552cf2f4c9f8","752b815b612ca031ad9aa14de69534862010e68c985d7eb34455daed19a34187","vectorPerformance","likelihood8","GPSS","1","3","443770","4000","500","Complete","0.139048499","4.77E-5","0.0775487","0.061452099","0.140625","0.0","113541","4000","15504.177620932032","15516.176571089783","11070.759113858252","1.0005200177999494","0.0030179744349801974","0","10250d525acdf021423a78f0a10ef6caf57ce50e6525306305dda230dde4a3dd",""
"5","2","1","current","c2329aa008622953f95ab0acb344552cf2f4c9f8","752b815b612ca031ad9aa14de69534862010e68c985d7eb34455daed19a34187","vectorPerformance","likelihood8","GPSS","1","4","451689","4000","500","Complete","0.1401918","8.11E-5","0.0791859","0.0609248","0.171875","0.001","113652","4000","14785.194091889316","14779.730449941797","11297.287331686812","1.0008757668998252","0.004036703328069907","0","aeb7ca95e5af585230ca0add63518df7f82bcf74ed17b9d657a219f4e1b2d0f5",""
"5","2","1","current","c2329aa008622953f95ab0acb344552cf2f4c9f8","752b815b612ca031ad9aa14de69534862010e68c985d7eb34455daed19a34187","vectorPerformance","likelihood8","GPSS","2","-2","404175","4000","500","Complete","0.0926419","0.0029493","0.056558599","0.033134001","0.3125","0.0","113497","4000","15386.728000357793","15391.85127451405","11321.818924317045","1.000502564087113","0.005344596134197365","0","15875fc3ad457cd99d016931ae49e3b53ed50293a59b7331791ac43670de87bd",""
"5","2","1","current","c2329aa008622953f95ab0acb344552cf2f4c9f8","752b815b612ca031ad9aa14de69534862010e68c985d7eb34455daed19a34187","vectorPerformance","likelihood8","GPSS","2","-1","412094","4000","500","Complete","0.073092599","7.46E-5","0.0403555","0.032662499","0.140625","0.0","113672","4000","14515.066848005721","14590.130865412311","10903.103694208865","1.0008342935047612","0.005564436392907962","0","fc720f0e7fc6b705ca4b80ac8fe6515a0d286ae0520a978aef375e586c9db6bf",""
"5","2","1","current","c2329aa008622953f95ab0acb344552cf2f4c9f8","752b815b612ca031ad9aa14de69534862010e68c985d7eb34455daed19a34187","vectorPerformance","likelihood8","GPSS","2","0","420013","4000","500","Complete","0.0725034","9.36E-5","0.0402823","0.0321275","0.125","0.0","113054","4000","15068.277084944693","15070.85887531968","10694.846310168503","1.0005601541440654","0.004181248674558491","0","8d6dc2b369fc062d17f4e1721fe9d8a199bcba9f600d8572402455c6c30b60fa",""
"5","2","1","current","c2329aa008622953f95ab0acb344552cf2f4c9f8","752b815b612ca031ad9aa14de69534862010e68c985d7eb34455daed19a34187","vectorPerformance","likelihood8","GPSS","2","1","427932","4000","500","Complete","0.073988099","5.59E-5","0.041109299","0.0328229","0.203125","0.0","113472","4000","15069.243223748383","15055.059231076986","10322.707096463675","1.0013248567157627","0.005340326134526563","0","38e3adbbae621e7ad84a1cb5d7d2f248aeb925e3eea6b59badd3e9bb967ca792",""
"5","2","1","current","c2329aa008622953f95ab0acb344552cf2f4c9f8","752b815b612ca031ad9aa14de69534862010e68c985d7eb34455daed19a34187","vectorPerformance","likelihood8","GPSS","2","2","435851","4000","500","Complete","0.0738457","6.03E-5","0.0407285","0.0330569","0.15625","0.0","113322","4000","15018.1283976014","15019.886701809703","11132.174688571149","1.000533090102839","0.005175852109189194","0","a1c97633734bbb43a66c525a225905cb612f427cd2600d3cc731158cc0011283",""
"5","2","1","current","c2329aa008622953f95ab0acb344552cf2f4c9f8","752b815b612ca031ad9aa14de69534862010e68c985d7eb34455daed19a34187","vectorPerformance","likelihood8","GPSS","2","3","443770","4000","500","Complete","0.0758304","5.0299E-5","0.0407743","0.035005801","0.203125","0.001","113541","4000","15504.177620932032","15516.176571089783","11070.759113858252","1.0005200177999494","0.0030179744349801974","0","10250d525acdf021423a78f0a10ef6caf57ce50e6525306305dda230dde4a3dd",""
"5","2","1","current","c2329aa008622953f95ab0acb344552cf2f4c9f8","752b815b612ca031ad9aa14de69534862010e68c985d7eb34455daed19a34187","vectorPerformance","likelihood8","GPSS","2","4","451689","4000","500","Complete","0.0731545","4.87E-5","0.0406814","0.0324244","0.125","0.0","113652","4000","14785.194091889316","14779.730449941797","11297.287331686812","1.0008757668998252","0.004036703328069907","0","aeb7ca95e5af585230ca0add63518df7f82bcf74ed17b9d657a219f4e1b2d0f5",""
"5","2","1","current","c2329aa008622953f95ab0acb344552cf2f4c9f8","752b815b612ca031ad9aa14de69534862010e68c985d7eb34455daed19a34187","vectorPerformance","likelihood8","GPSS","4","-2","404175","4000","500","Complete","0.0413871","1.316E-4","0.022117599","0.019137901","0.1875","0.0","113497","4000","15386.728000357793","15391.85127451405","11321.818924317045","1.000502564087113","0.005344596134197365","0","15875fc3ad457cd99d016931ae49e3b53ed50293a59b7331791ac43670de87bd",""
"5","2","1","current","c2329aa008622953f95ab0acb344552cf2f4c9f8","752b815b612ca031ad9aa14de69534862010e68c985d7eb34455daed19a34187","vectorPerformance","likelihood8","GPSS","4","-1","412094","4000","500","Complete","0.043935399","5.6899E-5","0.0234226","0.0204559","0.1875","0.002","113672","4000","14515.066848005721","14590.130865412311","10903.103694208865","1.0008342935047612","0.005564436392907962","0","fc720f0e7fc6b705ca4b80ac8fe6515a0d286ae0520a978aef375e586c9db6bf",""
"5","2","1","current","c2329aa008622953f95ab0acb344552cf2f4c9f8","752b815b612ca031ad9aa14de69534862010e68c985d7eb34455daed19a34187","vectorPerformance","likelihood8","GPSS","4","0","420013","4000","500","Complete","0.041651701","9.0E-5","0.0228751","0.018686601","0.125","0.0","113054","4000","15068.277084944693","15070.85887531968","10694.846310168503","1.0005601541440654","0.004181248674558491","0","8d6dc2b369fc062d17f4e1721fe9d8a199bcba9f600d8572402455c6c30b60fa",""
"5","2","1","current","c2329aa008622953f95ab0acb344552cf2f4c9f8","752b815b612ca031ad9aa14de69534862010e68c985d7eb34455daed19a34187","vectorPerformance","likelihood8","GPSS","4","1","427932","4000","500","Complete","0.0415464","4.58E-5","0.022387999","0.019112601","0.1875","0.0","113472","4000","15069.243223748383","15055.059231076986","10322.707096463675","1.0013248567157627","0.005340326134526563","0","38e3adbbae621e7ad84a1cb5d7d2f248aeb925e3eea6b59badd3e9bb967ca792",""
"5","2","1","current","c2329aa008622953f95ab0acb344552cf2f4c9f8","752b815b612ca031ad9aa14de69534862010e68c985d7eb34455daed19a34187","vectorPerformance","likelihood8","GPSS","4","2","435851","4000","500","Complete","0.041708","4.9301E-5","0.0229952","0.018663499","0.1875","0.0","113322","4000","15018.1283976014","15019.886701809703","11132.174688571149","1.000533090102839","0.005175852109189194","0","a1c97633734bbb43a66c525a225905cb612f427cd2600d3cc731158cc0011283",""
"5","2","1","current","c2329aa008622953f95ab0acb344552cf2f4c9f8","752b815b612ca031ad9aa14de69534862010e68c985d7eb34455daed19a34187","vectorPerformance","likelihood8","GPSS","4","3","443770","4000","500","Complete","0.041524999","4.8099E-5","0.023298001","0.018178899","0.15625","0.0","113541","4000","15504.177620932032","15516.176571089783","11070.759113858252","1.0005200177999494","0.0030179744349801974","0","10250d525acdf021423a78f0a10ef6caf57ce50e6525306305dda230dde4a3dd",""
"5","2","1","current","c2329aa008622953f95ab0acb344552cf2f4c9f8","752b815b612ca031ad9aa14de69534862010e68c985d7eb34455daed19a34187","vectorPerformance","likelihood8","GPSS","4","4","451689","4000","500","Complete","0.0419407","5.05E-5","0.022819699","0.019070501","0.125","0.0","113652","4000","14785.194091889316","14779.730449941797","11297.287331686812","1.0008757668998252","0.004036703328069907","0","aeb7ca95e5af585230ca0add63518df7f82bcf74ed17b9d657a219f4e1b2d0f5",""
"5","2","1","current","c2329aa008622953f95ab0acb344552cf2f4c9f8","752b815b612ca031ad9aa14de69534862010e68c985d7eb34455daed19a34187","vectorPerformance","likelihood8","Quantile","1","-2","404175","4000","500","Complete","0.4375489","3.14E-5","0.374644999","0.062872501","0.4375","0.0","675623","4000","14553.603071888145","14560.448774995888","11253.189859649683","1.0007097070118298","0.003922918284137322","0","03828cdda4fc43583cac684014ff31176af4a34269763a886473aa7e641f0391",""
"5","2","1","current","c2329aa008622953f95ab0acb344552cf2f4c9f8","752b815b612ca031ad9aa14de69534862010e68c985d7eb34455daed19a34187","vectorPerformance","likelihood8","Quantile","1","-1","412094","4000","500","Complete","0.438103201","3.6001E-5","0.3752046","0.0628626","0.4375","0.0","674660","4000","15209.136106969212","15217.30790335651","11240.432710958032","1.0004372157752155","0.0052684685777992235","0","e259b6e006096a76873934a7876a399ffc6054ce8626e6a9f54fe4dc9a2a077b",""
"5","2","1","current","c2329aa008622953f95ab0acb344552cf2f4c9f8","752b815b612ca031ad9aa14de69534862010e68c985d7eb34455daed19a34187","vectorPerformance","likelihood8","Quantile","1","0","420013","4000","500","Complete","0.4368208","2.95E-5","0.3737958","0.0629955","0.4375","0.0","673796","4000","15027.331818683551","15033.704474475824","10491.658637470435","1.0004326935079904","0.005338364077357494","0","a6b794bfac044c42b2225f202fe85edd749f09d343dadd0c6f9a8be5b72afda0",""
"5","2","1","current","c2329aa008622953f95ab0acb344552cf2f4c9f8","752b815b612ca031ad9aa14de69534862010e68c985d7eb34455daed19a34187","vectorPerformance","likelihood8","Quantile","1","1","427932","4000","500","Complete","0.437972001","2.8601E-5","0.3754864","0.062457","0.4375","0.001","673825","4000","15276.658872254206","15256.4622489339","11119.716918313663","1.000391617247902","0.006419580823759208","0","50e2cecd19fa21e7ea4301720423264b745a7096caa97d8e6935a59763285f0a",""
"5","2","1","current","c2329aa008622953f95ab0acb344552cf2f4c9f8","752b815b612ca031ad9aa14de69534862010e68c985d7eb34455daed19a34187","vectorPerformance","likelihood8","Quantile","1","2","435851","4000","500","Complete","0.437325401","2.9401E-5","0.3746455","0.0626505","0.4375","0.001","674482","4000","15438.964336306639","15424.356228106937","11497.88972532256","1.0006283061980878","0.01024848436056533","0","d045bb5c2ae5192b21902085068a9b62aa6f41d66d4132dc6affda22bcc4912d",""
"5","2","1","current","c2329aa008622953f95ab0acb344552cf2f4c9f8","752b815b612ca031ad9aa14de69534862010e68c985d7eb34455daed19a34187","vectorPerformance","likelihood8","Quantile","1","3","443770","4000","500","Complete","0.43446","3.05E-5","0.3722796","0.0621499","0.4375","0.001","674770","4000","15279.141041189421","15290.437507693725","11098.089526704722","1.00060311853599","0.008195113181772185","0","14c0d80a24194a44695934e9fba1972daa6dc8b7383da72f1cd5837c36c4722d",""
"5","2","1","current","c2329aa008622953f95ab0acb344552cf2f4c9f8","752b815b612ca031ad9aa14de69534862010e68c985d7eb34455daed19a34187","vectorPerformance","likelihood8","Quantile","1","4","451689","4000","500","Complete","0.4377549","2.92E-5","0.373266899","0.064458801","0.484375","0.002","675588","4000","15378.326224840608","15396.096164831599","11613.462866841413","1.000726442029433","0.005885612388259281","0","dffab805aa7e6a415f84c4666b5b3033cb9751a54880ba72e95a79dc87652086",""
"5","2","1","current","c2329aa008622953f95ab0acb344552cf2f4c9f8","752b815b612ca031ad9aa14de69534862010e68c985d7eb34455daed19a34187","vectorPerformance","likelihood8","Quantile","2","-2","404175","4000","500","Complete","0.228129301","5.4901E-5","0.194697","0.0333774","0.4375","0.0","675623","4000","14553.603071888145","14560.448774995888","11253.189859649683","1.0007097070118298","0.003922918284137322","0","03828cdda4fc43583cac684014ff31176af4a34269763a886473aa7e641f0391",""
"5","2","1","current","c2329aa008622953f95ab0acb344552cf2f4c9f8","752b815b612ca031ad9aa14de69534862010e68c985d7eb34455daed19a34187","vectorPerformance","likelihood8","Quantile","2","-1","412094","4000","500","Complete","0.2275758","2.92E-5","0.1948664","0.0326802","0.46875","0.001","674660","4000","15209.136106969212","15217.30790335651","11240.432710958032","1.0004372157752155","0.0052684685777992235","0","e259b6e006096a76873934a7876a399ffc6054ce8626e6a9f54fe4dc9a2a077b",""
"5","2","1","current","c2329aa008622953f95ab0acb344552cf2f4c9f8","752b815b612ca031ad9aa14de69534862010e68c985d7eb34455daed19a34187","vectorPerformance","likelihood8","Quantile","2","0","420013","4000","500","Complete","0.2318056","3.26E-5","0.1980057","0.0337673","0.453125","0.001","673796","4000","15027.331818683551","15033.704474475824","10491.658637470435","1.0004326935079904","0.005338364077357494","0","a6b794bfac044c42b2225f202fe85edd749f09d343dadd0c6f9a8be5b72afda0",""
"5","2","1","current","c2329aa008622953f95ab0acb344552cf2f4c9f8","752b815b612ca031ad9aa14de69534862010e68c985d7eb34455daed19a34187","vectorPerformance","likelihood8","Quantile","2","1","427932","4000","500","Complete","0.2280898","4.77E-5","0.1943577","0.0336844","0.453125","0.001","673825","4000","15276.658872254206","15256.4622489339","11119.716918313663","1.000391617247902","0.006419580823759208","0","50e2cecd19fa21e7ea4301720423264b745a7096caa97d8e6935a59763285f0a",""
"5","2","1","current","c2329aa008622953f95ab0acb344552cf2f4c9f8","752b815b612ca031ad9aa14de69534862010e68c985d7eb34455daed19a34187","vectorPerformance","likelihood8","Quantile","2","2","435851","4000","500","Complete","0.2294123","3.09E-5","0.1963123","0.0330691","0.46875","0.0","674482","4000","15438.964336306639","15424.356228106937","11497.88972532256","1.0006283061980878","0.01024848436056533","0","d045bb5c2ae5192b21902085068a9b62aa6f41d66d4132dc6affda22bcc4912d",""
"5","2","1","current","c2329aa008622953f95ab0acb344552cf2f4c9f8","752b815b612ca031ad9aa14de69534862010e68c985d7eb34455daed19a34187","vectorPerformance","likelihood8","Quantile","2","3","443770","4000","500","Complete","0.226432699","2.93E-5","0.1932212","0.033182199","0.4375","0.0","674770","4000","15279.141041189421","15290.437507693725","11098.089526704722","1.00060311853599","0.008195113181772185","0","14c0d80a24194a44695934e9fba1972daa6dc8b7383da72f1cd5837c36c4722d",""
"5","2","1","current","c2329aa008622953f95ab0acb344552cf2f4c9f8","752b815b612ca031ad9aa14de69534862010e68c985d7eb34455daed19a34187","vectorPerformance","likelihood8","Quantile","2","4","451689","4000","500","Complete","0.2266926","2.8799E-5","0.193824201","0.0328396","0.4375","0.0","675588","4000","15378.326224840608","15396.096164831599","11613.462866841413","1.000726442029433","0.005885612388259281","0","dffab805aa7e6a415f84c4666b5b3033cb9751a54880ba72e95a79dc87652086",""
"5","2","1","current","c2329aa008622953f95ab0acb344552cf2f4c9f8","752b815b612ca031ad9aa14de69534862010e68c985d7eb34455daed19a34187","vectorPerformance","likelihood8","Quantile","4","-2","404175","4000","500","Complete","0.1224443","3.2901E-5","0.1033109","0.019100499","0.4375","0.002","675623","4000","14553.603071888145","14560.448774995888","11253.189859649683","1.0007097070118298","0.003922918284137322","0","03828cdda4fc43583cac684014ff31176af4a34269763a886473aa7e641f0391",""
"5","2","1","current","c2329aa008622953f95ab0acb344552cf2f4c9f8","752b815b612ca031ad9aa14de69534862010e68c985d7eb34455daed19a34187","vectorPerformance","likelihood8","Quantile","4","-1","412094","4000","500","Complete","0.119911601","3.6501E-5","0.100974999","0.018900101","0.515625","0.002","674660","4000","15209.136106969212","15217.30790335651","11240.432710958032","1.0004372157752155","0.0052684685777992235","0","e259b6e006096a76873934a7876a399ffc6054ce8626e6a9f54fe4dc9a2a077b",""
"5","2","1","current","c2329aa008622953f95ab0acb344552cf2f4c9f8","752b815b612ca031ad9aa14de69534862010e68c985d7eb34455daed19a34187","vectorPerformance","likelihood8","Quantile","4","0","420013","4000","500","Complete","0.120145399","3.32E-5","0.099945899","0.0201663","0.4375","0.0","673796","4000","15027.331818683551","15033.704474475824","10491.658637470435","1.0004326935079904","0.005338364077357494","0","a6b794bfac044c42b2225f202fe85edd749f09d343dadd0c6f9a8be5b72afda0",""
"5","2","1","current","c2329aa008622953f95ab0acb344552cf2f4c9f8","752b815b612ca031ad9aa14de69534862010e68c985d7eb34455daed19a34187","vectorPerformance","likelihood8","Quantile","4","1","427932","4000","500","Complete","0.1182488","5.86E-5","0.099159099","0.019031101","0.5","0.0","673825","4000","15276.658872254206","15256.4622489339","11119.716918313663","1.000391617247902","0.006419580823759208","0","50e2cecd19fa21e7ea4301720423264b745a7096caa97d8e6935a59763285f0a",""
"5","2","1","current","c2329aa008622953f95ab0acb344552cf2f4c9f8","752b815b612ca031ad9aa14de69534862010e68c985d7eb34455daed19a34187","vectorPerformance","likelihood8","Quantile","4","2","435851","4000","500","Complete","0.119075101","2.8801E-5","0.0996607","0.0193856","0.5","0.0","674482","4000","15438.964336306639","15424.356228106937","11497.88972532256","1.0006283061980878","0.01024848436056533","0","d045bb5c2ae5192b21902085068a9b62aa6f41d66d4132dc6affda22bcc4912d",""
"5","2","1","current","c2329aa008622953f95ab0acb344552cf2f4c9f8","752b815b612ca031ad9aa14de69534862010e68c985d7eb34455daed19a34187","vectorPerformance","likelihood8","Quantile","4","3","443770","4000","500","Complete","0.1215466","3.04E-5","0.101961","0.0195552","0.5","0.001","674770","4000","15279.141041189421","15290.437507693725","11098.089526704722","1.00060311853599","0.008195113181772185","0","14c0d80a24194a44695934e9fba1972daa6dc8b7383da72f1cd5837c36c4722d",""
"5","2","1","current","c2329aa008622953f95ab0acb344552cf2f4c9f8","752b815b612ca031ad9aa14de69534862010e68c985d7eb34455daed19a34187","vectorPerformance","likelihood8","Quantile","4","4","451689","4000","500","Complete","0.120975699","3.51E-5","0.1015446","0.019395999","0.515625","0.001","675588","4000","15378.326224840608","15396.096164831599","11613.462866841413","1.000726442029433","0.005885612388259281","0","dffab805aa7e6a415f84c4666b5b3033cb9751a54880ba72e95a79dc87652086",""
"5","2","1","current","c2329aa008622953f95ab0acb344552cf2f4c9f8","752b815b612ca031ad9aa14de69534862010e68c985d7eb34455daed19a34187","vectorPerformance","mixture8","GPSS","1","-2","404175","4000","500","Complete","0.129436601","1.5901E-5","0.0662177","0.063203","0.140625","0.0","229144","4000","14.257988816324646","29.19304971339808","41.12369705555653","1.0898522442939091","0.21935070608817098","8","3b6875e17ed27fe9805ded4d871f7b5f9d73e9def0157d2b9b3ca4e8933848aa",""
"5","2","1","current","c2329aa008622953f95ab0acb344552cf2f4c9f8","752b815b612ca031ad9aa14de69534862010e68c985d7eb34455daed19a34187","vectorPerformance","mixture8","GPSS","1","-1","412094","4000","500","Complete","0.1306882","1.61E-5","0.066953701","0.063718399","0.125","0.0","229290","4000","18.720999899350527","39.028622707399215","46.96121523232878","1.0731938076004162","0.17813809720195017","8","abf27d85ad57f604af02f9ce976cde68729c5e5b0b9868c8021e26e9e57c9cbb",""
"5","2","1","current","c2329aa008622953f95ab0acb344552cf2f4c9f8","752b815b612ca031ad9aa14de69534862010e68c985d7eb34455daed19a34187","vectorPerformance","mixture8","GPSS","1","0","420013","4000","500","Complete","0.1292078","1.56E-5","0.0665988","0.0625934","0.140625","0.0","230860","4000","11.197660818981081","21.159126284650732","49.74480814386594","1.1308094060468774","0.5016290019944878","8","f1a24a91ced5488ebfe513313caafc39cdc36be309bd0944b0aca511830cdc9b",""
"5","2","1","current","c2329aa008622953f95ab0acb344552cf2f4c9f8","752b815b612ca031ad9aa14de69534862010e68c985d7eb34455daed19a34187","vectorPerformance","mixture8","GPSS","1","1","427932","4000","500","Complete","0.1270952","2.19E-5","0.0662723","0.060801","0.125","0.0","227656","4000","350.3365962359708","946.1959119121931","828.0407758236613","1.006187429279826","0.489472770444491","0","3048dd7a997ec08547ffedc643f4f8ad71fb08dfc61d73588f085fae9f3b2530",""
"5","2","1","current","c2329aa008622953f95ab0acb344552cf2f4c9f8","752b815b612ca031ad9aa14de69534862010e68c985d7eb34455daed19a34187","vectorPerformance","mixture8","GPSS","1","2","435851","4000","500","Complete","0.1301914","2.17E-5","0.0670666","0.0631031","0.140625","0.0","230320","4000","11.885382937205895","20.922381229748733","74.65086869430434","1.127517255169642","0.6163845076767369","8","a8b0c5d28390a6bbe639426c5f3d044100be601426210b18a9d9a12faa0fdcbb",""
"5","2","1","current","c2329aa008622953f95ab0acb344552cf2f4c9f8","752b815b612ca031ad9aa14de69534862010e68c985d7eb34455daed19a34187","vectorPerformance","mixture8","GPSS","1","3","443770","4000","500","Complete","0.1286699","1.7599E-5","0.066401901","0.0622504","0.140625","0.0","228342","4000","32.15927038708645","138.24287084259578","31.951943081965528","1.0380332431121262","0.32314994313579937","8","fb914cb87efc1f88af4218573d1acfcb2cf7af7578bb3764f9313b6f1caf9c08",""
"5","2","1","current","c2329aa008622953f95ab0acb344552cf2f4c9f8","752b815b612ca031ad9aa14de69534862010e68c985d7eb34455daed19a34187","vectorPerformance","mixture8","GPSS","1","4","451689","4000","500","Complete","0.1296843","1.54E-5","0.067497099","0.062171801","0.140625","0.0","231161","4000","11.42981152723505","18.51428192120557","82.97173289489884","1.1478873533286111","0.944470980985646","8","8c304b54387b3cfcaea9ca546733eb569997eadee97f924c60d4475ce4148eb9",""
"5","2","1","current","c2329aa008622953f95ab0acb344552cf2f4c9f8","752b815b612ca031ad9aa14de69534862010e68c985d7eb34455daed19a34187","vectorPerformance","mixture8","GPSS","2","-2","404175","4000","500","Complete","0.084983099","1.7E-5","0.0509846","0.033981499","0.21875","0.0","229144","4000","14.257988816324646","29.19304971339808","41.12369705555653","1.0898522442939091","0.21935070608817098","8","3b6875e17ed27fe9805ded4d871f7b5f9d73e9def0157d2b9b3ca4e8933848aa",""
"5","2","1","current","c2329aa008622953f95ab0acb344552cf2f4c9f8","752b815b612ca031ad9aa14de69534862010e68c985d7eb34455daed19a34187","vectorPerformance","mixture8","GPSS","2","-1","412094","4000","500","Complete","0.0766998","1.57E-5","0.0424388","0.0342453","0.15625","0.001","229290","4000","18.720999899350527","39.028622707399215","46.96121523232878","1.0731938076004162","0.17813809720195017","8","abf27d85ad57f604af02f9ce976cde68729c5e5b0b9868c8021e26e9e57c9cbb",""
"5","2","1","current","c2329aa008622953f95ab0acb344552cf2f4c9f8","752b815b612ca031ad9aa14de69534862010e68c985d7eb34455daed19a34187","vectorPerformance","mixture8","GPSS","2","0","420013","4000","500","Complete","0.0761947","1.73E-5","0.041750799","0.034426601","0.15625","0.001","230860","4000","11.197660818981081","21.159126284650732","49.74480814386594","1.1308094060468774","0.5016290019944878","8","f1a24a91ced5488ebfe513313caafc39cdc36be309bd0944b0aca511830cdc9b",""
"5","2","1","current","c2329aa008622953f95ab0acb344552cf2f4c9f8","752b815b612ca031ad9aa14de69534862010e68c985d7eb34455daed19a34187","vectorPerformance","mixture8","GPSS","2","1","427932","4000","500","Complete","0.0754604","1.85E-5","0.042415199","0.033026701","0.15625","0.0","227656","4000","350.3365962359708","946.1959119121931","828.0407758236613","1.006187429279826","0.489472770444491","0","3048dd7a997ec08547ffedc643f4f8ad71fb08dfc61d73588f085fae9f3b2530",""
"5","2","1","current","c2329aa008622953f95ab0acb344552cf2f4c9f8","752b815b612ca031ad9aa14de69534862010e68c985d7eb34455daed19a34187","vectorPerformance","mixture8","GPSS","2","2","435851","4000","500","Complete","0.076555601","1.8301E-5","0.0425111","0.0340262","0.15625","0.001","230320","4000","11.885382937205895","20.922381229748733","74.65086869430434","1.127517255169642","0.6163845076767369","8","a8b0c5d28390a6bbe639426c5f3d044100be601426210b18a9d9a12faa0fdcbb",""
"5","2","1","current","c2329aa008622953f95ab0acb344552cf2f4c9f8","752b815b612ca031ad9aa14de69534862010e68c985d7eb34455daed19a34187","vectorPerformance","mixture8","GPSS","2","3","443770","4000","500","Complete","0.074376599","1.57E-5","0.041318","0.033042899","0.125","0.001","228342","4000","32.15927038708645","138.24287084259578","31.951943081965528","1.0380332431121262","0.32314994313579937","8","fb914cb87efc1f88af4218573d1acfcb2cf7af7578bb3764f9313b6f1caf9c08",""
"5","2","1","current","c2329aa008622953f95ab0acb344552cf2f4c9f8","752b815b612ca031ad9aa14de69534862010e68c985d7eb34455daed19a34187","vectorPerformance","mixture8","GPSS","2","4","451689","4000","500","Complete","0.0772736","1.83E-5","0.0424986","0.0347567","0.15625","0.001","231161","4000","11.42981152723505","18.51428192120557","82.97173289489884","1.1478873533286111","0.944470980985646","8","8c304b54387b3cfcaea9ca546733eb569997eadee97f924c60d4475ce4148eb9",""
"5","2","1","current","c2329aa008622953f95ab0acb344552cf2f4c9f8","752b815b612ca031ad9aa14de69534862010e68c985d7eb34455daed19a34187","vectorPerformance","mixture8","GPSS","4","-2","404175","4000","500","Complete","0.060706199","1.63E-5","0.0405063","0.020183599","0.25","0.001","229144","4000","14.257988816324646","29.19304971339808","41.12369705555653","1.0898522442939091","0.21935070608817098","8","3b6875e17ed27fe9805ded4d871f7b5f9d73e9def0157d2b9b3ca4e8933848aa",""
"5","2","1","current","c2329aa008622953f95ab0acb344552cf2f4c9f8","752b815b612ca031ad9aa14de69534862010e68c985d7eb34455daed19a34187","vectorPerformance","mixture8","GPSS","4","-1","412094","4000","500","Complete","0.0596783","1.64E-5","0.0406259","0.019036","0.203125","0.001","229290","4000","18.720999899350527","39.028622707399215","46.96121523232878","1.0731938076004162","0.17813809720195017","8","abf27d85ad57f604af02f9ce976cde68729c5e5b0b9868c8021e26e9e57c9cbb",""
"5","2","1","current","c2329aa008622953f95ab0acb344552cf2f4c9f8","752b815b612ca031ad9aa14de69534862010e68c985d7eb34455daed19a34187","vectorPerformance","mixture8","GPSS","4","0","420013","4000","500","Complete","0.060809799","1.79E-5","0.0394145","0.021377399","0.25","0.001","230860","4000","11.197660818981081","21.159126284650732","49.74480814386594","1.1308094060468774","0.5016290019944878","8","f1a24a91ced5488ebfe513313caafc39cdc36be309bd0944b0aca511830cdc9b",""
"5","2","1","current","c2329aa008622953f95ab0acb344552cf2f4c9f8","752b815b612ca031ad9aa14de69534862010e68c985d7eb34455daed19a34187","vectorPerformance","mixture8","GPSS","4","1","427932","4000","500","Complete","0.0599308","1.63E-5","0.041224899","0.018689601","0.25","0.002","227656","4000","350.3365962359708","946.1959119121931","828.0407758236613","1.006187429279826","0.489472770444491","0","3048dd7a997ec08547ffedc643f4f8ad71fb08dfc61d73588f085fae9f3b2530",""
"5","2","1","current","c2329aa008622953f95ab0acb344552cf2f4c9f8","752b815b612ca031ad9aa14de69534862010e68c985d7eb34455daed19a34187","vectorPerformance","mixture8","GPSS","4","2","435851","4000","500","Complete","0.0609742","1.91E-5","0.0411511","0.019804","0.25","0.001","230320","4000","11.885382937205895","20.922381229748733","74.65086869430434","1.127517255169642","0.6163845076767369","8","a8b0c5d28390a6bbe639426c5f3d044100be601426210b18a9d9a12faa0fdcbb",""
"5","2","1","current","c2329aa008622953f95ab0acb344552cf2f4c9f8","752b815b612ca031ad9aa14de69534862010e68c985d7eb34455daed19a34187","vectorPerformance","mixture8","GPSS","4","3","443770","4000","500","Complete","0.057848401","1.61E-5","0.038810401","0.0190219","0.1875","0.0","228342","4000","32.15927038708645","138.24287084259578","31.951943081965528","1.0380332431121262","0.32314994313579937","8","fb914cb87efc1f88af4218573d1acfcb2cf7af7578bb3764f9313b6f1caf9c08",""
"5","2","1","current","c2329aa008622953f95ab0acb344552cf2f4c9f8","752b815b612ca031ad9aa14de69534862010e68c985d7eb34455daed19a34187","vectorPerformance","mixture8","GPSS","4","4","451689","4000","500","Complete","0.0624555","1.7199E-5","0.040811201","0.0216271","0.28125","0.001","231161","4000","11.42981152723505","18.51428192120557","82.97173289489884","1.1478873533286111","0.944470980985646","8","8c304b54387b3cfcaea9ca546733eb569997eadee97f924c60d4475ce4148eb9",""
"5","2","1","current","c2329aa008622953f95ab0acb344552cf2f4c9f8","752b815b612ca031ad9aa14de69534862010e68c985d7eb34455daed19a34187","vectorPerformance","mixture8","Quantile","1","-2","404175","4000","500","Complete","0.2255126","3.38E-5","0.1604189","0.0650599","0.21875","0.002","794544","4000","4.187636809868029","7.060337598855363","26.16378128764236","1.5288331364789502","3.256985326991021","8","08478ec37e7016f0a746f5541369d3f27e6780b3d77ac0dd3727aedc458b8a7f",""
"5","2","1","current","c2329aa008622953f95ab0acb344552cf2f4c9f8","752b815b612ca031ad9aa14de69534862010e68c985d7eb34455daed19a34187","vectorPerformance","mixture8","Quantile","1","-1","412094","4000","500","Complete","0.2237944","1.6001E-5","0.1626322","0.061146199","0.234375","0.002","816779","4000","13172.219750891138","13222.282432153374","9557.095877190202","1.0009523655339596","4.505381108384656","0","df0a2d121acaf8121fe4585bac661d116d56b94d4bbd87d7554b9b56bc69a16b",""
"5","2","1","current","c2329aa008622953f95ab0acb344552cf2f4c9f8","752b815b612ca031ad9aa14de69534862010e68c985d7eb34455daed19a34187","vectorPerformance","mixture8","Quantile","1","0","420013","4000","500","Complete","0.222054","1.64E-5","0.1589937","0.0630439","0.234375","0.002","794198","4000","4.186058672517822","7.066033020998243","25.872565892706334","1.528293121197245","3.254959184947837","8","298edcccf4cb67bd1d71a2c67eaac49d9c2f065b01ce89b5a425470b4ac34246",""
"5","2","1","current","c2329aa008622953f95ab0acb344552cf2f4c9f8","752b815b612ca031ad9aa14de69534862010e68c985d7eb34455daed19a34187","vectorPerformance","mixture8","Quantile","1","1","427932","4000","500","Complete","0.2243767","1.39E-5","0.1563536","0.0680092","0.21875","0.002","793428","4000","4.1830750512240416","7.063117190644894","25.56957561795727","1.5283657513611182","3.2567621870613133","8","273d5a969b71614959a723e90feee880f8890fbdd52ed734512ecdb8349192a1",""
"5","2","1","current","c2329aa008622953f95ab0acb344552cf2f4c9f8","752b815b612ca031ad9aa14de69534862010e68c985d7eb34455daed19a34187","vectorPerformance","mixture8","Quantile","1","2","435851","4000","500","Complete","0.2241045","1.55E-5","0.1617272","0.0623618","0.21875","0.001","819559","4000","13453.176078554361","13421.262962358194","9216.280792110578","1.0005674240480147","4.502788958677054","0","d8c678a9202d9a68411f907dc58204bfa1e84fa81561ad1055f777dd4b42c6f2",""
"5","2","1","current","c2329aa008622953f95ab0acb344552cf2f4c9f8","752b815b612ca031ad9aa14de69534862010e68c985d7eb34455daed19a34187","vectorPerformance","mixture8","Quantile","1","3","443770","4000","500","Complete","0.2263509","1.52E-5","0.1649789","0.0613568","0.21875","0.002","818525","4000","14133.815442025896","14200.524096105466","9050.625427824825","1.0007425189374404","4.512149086714977","0","1bb1a4f128a60c3df02103528fa01749d02171821dd07470e5dae7f5e8630625",""
"5","2","1","current","c2329aa008622953f95ab0acb344552cf2f4c9f8","752b815b612ca031ad9aa14de69534862010e68c985d7eb34455daed19a34187","vectorPerformance","mixture8","Quantile","1","4","451689","4000","500","Complete","0.2242644","1.53E-5","0.1630239","0.0612252","0.25","0.002","819229","4000","12826.818650755431","12819.884446949432","9099.649034826969","1.000430048273552","4.504000123365279","0","678212121ddd43756b45e7bd2e21e3caba79bf54b0c78a22985c55552046cf37",""
"5","2","1","current","c2329aa008622953f95ab0acb344552cf2f4c9f8","752b815b612ca031ad9aa14de69534862010e68c985d7eb34455daed19a34187","vectorPerformance","mixture8","Quantile","2","-2","404175","4000","500","Complete","0.1326099","1.58E-5","0.098212","0.0343821","0.25","0.001","794544","4000","4.187636809868029","7.060337598855363","26.16378128764236","1.5288331364789502","3.256985326991021","8","08478ec37e7016f0a746f5541369d3f27e6780b3d77ac0dd3727aedc458b8a7f",""
"5","2","1","current","c2329aa008622953f95ab0acb344552cf2f4c9f8","752b815b612ca031ad9aa14de69534862010e68c985d7eb34455daed19a34187","vectorPerformance","mixture8","Quantile","2","-1","412094","4000","500","Complete","0.132141801","2.2001E-5","0.099093399","0.033026401","0.25","0.001","816779","4000","13172.219750891138","13222.282432153374","9557.095877190202","1.0009523655339596","4.505381108384656","0","df0a2d121acaf8121fe4585bac661d116d56b94d4bbd87d7554b9b56bc69a16b",""
"5","2","1","current","c2329aa008622953f95ab0acb344552cf2f4c9f8","752b815b612ca031ad9aa14de69534862010e68c985d7eb34455daed19a34187","vectorPerformance","mixture8","Quantile","2","0","420013","4000","500","Complete","0.1348449","1.56E-5","0.098294399","0.036534901","0.234375","0.001","794198","4000","4.186058672517822","7.066033020998243","25.872565892706334","1.528293121197245","3.254959184947837","8","298edcccf4cb67bd1d71a2c67eaac49d9c2f065b01ce89b5a425470b4ac34246",""
"5","2","1","current","c2329aa008622953f95ab0acb344552cf2f4c9f8","752b815b612ca031ad9aa14de69534862010e68c985d7eb34455daed19a34187","vectorPerformance","mixture8","Quantile","2","1","427932","4000","500","Complete","0.1381775","1.55E-5","0.1028596","0.0353024","0.265625","0.001","793428","4000","4.1830750512240416","7.063117190644894","25.56957561795727","1.5283657513611182","3.2567621870613133","8","273d5a969b71614959a723e90feee880f8890fbdd52ed734512ecdb8349192a1",""
"5","2","1","current","c2329aa008622953f95ab0acb344552cf2f4c9f8","752b815b612ca031ad9aa14de69534862010e68c985d7eb34455daed19a34187","vectorPerformance","mixture8","Quantile","2","2","435851","4000","500","Complete","0.13257","1.59E-5","0.0994284","0.0331257","0.25","0.001","819559","4000","13453.176078554361","13421.262962358194","9216.280792110578","1.0005674240480147","4.502788958677054","0","d8c678a9202d9a68411f907dc58204bfa1e84fa81561ad1055f777dd4b42c6f2",""
"5","2","1","current","c2329aa008622953f95ab0acb344552cf2f4c9f8","752b815b612ca031ad9aa14de69534862010e68c985d7eb34455daed19a34187","vectorPerformance","mixture8","Quantile","2","3","443770","4000","500","Complete","0.1325891","1.44E-5","0.0994503","0.0331244","0.28125","0.001","818525","4000","14133.815442025896","14200.524096105466","9050.625427824825","1.0007425189374404","4.512149086714977","0","1bb1a4f128a60c3df02103528fa01749d02171821dd07470e5dae7f5e8630625",""
"5","2","1","current","c2329aa008622953f95ab0acb344552cf2f4c9f8","752b815b612ca031ad9aa14de69534862010e68c985d7eb34455daed19a34187","vectorPerformance","mixture8","Quantile","2","4","451689","4000","500","Complete","0.1352516","1.54E-5","0.1027063","0.0325299","0.265625","0.002","819229","4000","12826.818650755431","12819.884446949432","9099.649034826969","1.000430048273552","4.504000123365279","0","678212121ddd43756b45e7bd2e21e3caba79bf54b0c78a22985c55552046cf37",""
"5","2","1","current","c2329aa008622953f95ab0acb344552cf2f4c9f8","752b815b612ca031ad9aa14de69534862010e68c985d7eb34455daed19a34187","vectorPerformance","mixture8","Quantile","4","-2","404175","4000","500","Complete","0.095765501","1.51E-5","0.074063801","0.0216866","0.390625","0.001","794544","4000","4.187636809868029","7.060337598855363","26.16378128764236","1.5288331364789502","3.256985326991021","8","08478ec37e7016f0a746f5541369d3f27e6780b3d77ac0dd3727aedc458b8a7f",""
"5","2","1","current","c2329aa008622953f95ab0acb344552cf2f4c9f8","752b815b612ca031ad9aa14de69534862010e68c985d7eb34455daed19a34187","vectorPerformance","mixture8","Quantile","4","-1","412094","4000","500","Complete","0.098957401","1.47E-5","0.079463701","0.019479","0.375","0.002","816779","4000","13172.219750891138","13222.282432153374","9557.095877190202","1.0009523655339596","4.505381108384656","0","df0a2d121acaf8121fe4585bac661d116d56b94d4bbd87d7554b9b56bc69a16b",""
"5","2","1","current","c2329aa008622953f95ab0acb344552cf2f4c9f8","752b815b612ca031ad9aa14de69534862010e68c985d7eb34455daed19a34187","vectorPerformance","mixture8","Quantile","4","0","420013","4000","500","Complete","0.100343701","1.55E-5","0.076569101","0.0237591","0.4375","0.003","794198","4000","4.186058672517822","7.066033020998243","25.872565892706334","1.528293121197245","3.254959184947837","8","298edcccf4cb67bd1d71a2c67eaac49d9c2f065b01ce89b5a425470b4ac34246",""
"5","2","1","current","c2329aa008622953f95ab0acb344552cf2f4c9f8","752b815b612ca031ad9aa14de69534862010e68c985d7eb34455daed19a34187","vectorPerformance","mixture8","Quantile","4","1","427932","4000","500","Complete","0.0965448","1.48E-5","0.0749328","0.0215972","0.421875","0.0","793428","4000","4.1830750512240416","7.063117190644894","25.56957561795727","1.5283657513611182","3.2567621870613133","8","273d5a969b71614959a723e90feee880f8890fbdd52ed734512ecdb8349192a1",""
"5","2","1","current","c2329aa008622953f95ab0acb344552cf2f4c9f8","752b815b612ca031ad9aa14de69534862010e68c985d7eb34455daed19a34187","vectorPerformance","mixture8","Quantile","4","2","435851","4000","500","Complete","0.098308699","1.7699E-5","0.078547001","0.019743999","0.421875","0.0","819559","4000","13453.176078554361","13421.262962358194","9216.280792110578","1.0005674240480147","4.502788958677054","0","d8c678a9202d9a68411f907dc58204bfa1e84fa81561ad1055f777dd4b42c6f2",""
"5","2","1","current","c2329aa008622953f95ab0acb344552cf2f4c9f8","752b815b612ca031ad9aa14de69534862010e68c985d7eb34455daed19a34187","vectorPerformance","mixture8","Quantile","4","3","443770","4000","500","Complete","0.0977898","1.52E-5","0.078427699","0.019346901","0.375","0.001","818525","4000","14133.815442025896","14200.524096105466","9050.625427824825","1.0007425189374404","4.512149086714977","0","1bb1a4f128a60c3df02103528fa01749d02171821dd07470e5dae7f5e8630625",""
"5","2","1","current","c2329aa008622953f95ab0acb344552cf2f4c9f8","752b815b612ca031ad9aa14de69534862010e68c985d7eb34455daed19a34187","vectorPerformance","mixture8","Quantile","4","4","451689","4000","500","Complete","0.096222999","1.49E-5","0.0770953","0.019112799","0.40625","0.001","819229","4000","12826.818650755431","12819.884446949432","9099.649034826969","1.000430048273552","4.504000123365279","0","678212121ddd43756b45e7bd2e21e3caba79bf54b0c78a22985c55552046cf37",""
"5","2","1","current","c2329aa008622953f95ab0acb344552cf2f4c9f8","752b815b612ca031ad9aa14de69534862010e68c985d7eb34455daed19a34187","vectorPerformance","positive32","GPSS","1","-2","404175","4000","500","Complete","0.439789001","2.4901E-5","0.187930999","0.251833101","0.671875","0.005","312248","4000","6.507081555422677","8.267454120088496","11.239726363241573","1.4243493212370788","0.9111742118510904","32","e1f462be7160698fc96433c37d8e6460fa2b583d96e58a05af89904985ee97c5",""
"5","2","1","current","c2329aa008622953f95ab0acb344552cf2f4c9f8","752b815b612ca031ad9aa14de69534862010e68c985d7eb34455daed19a34187","vectorPerformance","positive32","GPSS","1","-1","412094","4000","500","Complete","0.4496705","2.51E-5","0.1824772","0.2671682","0.453125","0.007","312989","4000","5.495322761597328","8.012492423835413","12.29336507256984","1.4621066333934736","0.5327465027759886","32","047503de7ceb57f45f2c33ddf27b78c64d75cb6665a40538a8909c85da9d2c02",""
"5","2","1","current","c2329aa008622953f95ab0acb344552cf2f4c9f8","752b815b612ca031ad9aa14de69534862010e68c985d7eb34455daed19a34187","vectorPerformance","positive32","GPSS","1","0","420013","4000","500","Complete","0.434020799","2.4099E-5","0.1794122","0.2545845","0.78125","0.005","315080","4000","5.054210848500271","6.4086389980297715","11.498400167812514","1.682066869867944","1.124774421937512","32","9182bbb858877f9a625ab3c8ae05e7120fdc466f42d5a1dceccf9395da6065e9",""
"5","2","1","current","c2329aa008622953f95ab0acb344552cf2f4c9f8","752b815b612ca031ad9aa14de69534862010e68c985d7eb34455daed19a34187","vectorPerformance","positive32","GPSS","1","1","427932","4000","500","Complete","0.4313614","2.3299E-5","0.183018101","0.24832","0.796875","0.004","310499","4000","4.949526595516298","7.4253970060875725","11.370735805288119","1.496332455560683","0.5218258205642705","32","f0d7064a140efac0e8d7992843e936b5b1ea4f33b336f96c18ed34d07d4ff733",""
"5","2","1","current","c2329aa008622953f95ab0acb344552cf2f4c9f8","752b815b612ca031ad9aa14de69534862010e68c985d7eb34455daed19a34187","vectorPerformance","positive32","GPSS","1","2","435851","4000","500","Complete","0.432605999","3.1E-5","0.179685699","0.2528893","0.421875","0.007","312895","4000","6.595439608345559","8.875134343603566","10.947737821804315","1.3815878832703925","0.38311879002350624","32","0365e43fa384cead64ff9f89d32ea3ea9edfdb1f4523fadebe6c708ca213e343",""
"5","2","1","current","c2329aa008622953f95ab0acb344552cf2f4c9f8","752b815b612ca031ad9aa14de69534862010e68c985d7eb34455daed19a34187","vectorPerformance","positive32","GPSS","1","3","443770","4000","500","Complete","0.423734099","2.3499E-5","0.1784953","0.2452153","0.78125","0.004","322378","4000","4.786571198089734","5.896539279571406","11.375709989448119","1.7909712039019074","1.5561805918696656","32","6ad6daee0ad4e8690da4c2f3a9ad5ab953ab95d6f3a80ac9994366367dae6f68",""
"5","2","1","current","c2329aa008622953f95ab0acb344552cf2f4c9f8","752b815b612ca031ad9aa14de69534862010e68c985d7eb34455daed19a34187","vectorPerformance","positive32","GPSS","1","4","451689","4000","500","Complete","0.425054001","2.6301E-5","0.180641499","0.244386201","0.421875","0.003","312493","4000","7.11180708957874","8.71283262637544","16.641164170760746","1.408214647506748","0.6415784047018325","32","b56b7859597de05ce23273ba96ae874e4baee6fad0f20d955b87448e5465d676",""
"5","2","1","current","c2329aa008622953f95ab0acb344552cf2f4c9f8","752b815b612ca031ad9aa14de69534862010e68c985d7eb34455daed19a34187","vectorPerformance","positive32","GPSS","2","-2","404175","4000","500","Complete","0.2614929","2.44E-5","0.1247417","0.1367268","0.65625","0.005","312248","4000","6.507081555422677","8.267454120088496","11.239726363241573","1.4243493212370788","0.9111742118510904","32","e1f462be7160698fc96433c37d8e6460fa2b583d96e58a05af89904985ee97c5",""
"5","2","1","current","c2329aa008622953f95ab0acb344552cf2f4c9f8","752b815b612ca031ad9aa14de69534862010e68c985d7eb34455daed19a34187","vectorPerformance","positive32","GPSS","2","-1","412094","4000","500","Complete","0.249017899","2.4E-5","0.1149371","0.134056799","0.515625","0.003","312989","4000","5.495322761597328","8.012492423835413","12.29336507256984","1.4621066333934736","0.5327465027759886","32","047503de7ceb57f45f2c33ddf27b78c64d75cb6665a40538a8909c85da9d2c02",""
"5","2","1","current","c2329aa008622953f95ab0acb344552cf2f4c9f8","752b815b612ca031ad9aa14de69534862010e68c985d7eb34455daed19a34187","vectorPerformance","positive32","GPSS","2","0","420013","4000","500","Complete","0.257764","2.45E-5","0.1205113","0.1372282","0.53125","0.004","315080","4000","5.054210848500271","6.4086389980297715","11.498400167812514","1.682066869867944","1.124774421937512","32","9182bbb858877f9a625ab3c8ae05e7120fdc466f42d5a1dceccf9395da6065e9",""
"5","2","1","current","c2329aa008622953f95ab0acb344552cf2f4c9f8","752b815b612ca031ad9aa14de69534862010e68c985d7eb34455daed19a34187","vectorPerformance","positive32","GPSS","2","1","427932","4000","500","Complete","0.2682421","2.4299E-5","0.124517101","0.1437007","0.890625","0.005","310499","4000","4.949526595516298","7.4253970060875725","11.370735805288119","1.496332455560683","0.5218258205642705","32","f0d7064a140efac0e8d7992843e936b5b1ea4f33b336f96c18ed34d07d4ff733",""
"5","2","1","current","c2329aa008622953f95ab0acb344552cf2f4c9f8","752b815b612ca031ad9aa14de69534862010e68c985d7eb34455daed19a34187","vectorPerformance","positive32","GPSS","2","2","435851","4000","500","Complete","0.2430061","2.29E-5","0.110421","0.1325622","0.46875","0.002","312895","4000","6.595439608345559","8.875134343603566","10.947737821804315","1.3815878832703925","0.38311879002350624","32","0365e43fa384cead64ff9f89d32ea3ea9edfdb1f4523fadebe6c708ca213e343",""
"5","2","1","current","c2329aa008622953f95ab0acb344552cf2f4c9f8","752b815b612ca031ad9aa14de69534862010e68c985d7eb34455daed19a34187","vectorPerformance","positive32","GPSS","2","3","443770","4000","500","Complete","0.2432489","2.4199E-5","0.111581301","0.1316434","0.46875","0.003","322378","4000","4.786571198089734","5.896539279571406","11.375709989448119","1.7909712039019074","1.5561805918696656","32","6ad6daee0ad4e8690da4c2f3a9ad5ab953ab95d6f3a80ac9994366367dae6f68",""
"5","2","1","current","c2329aa008622953f95ab0acb344552cf2f4c9f8","752b815b612ca031ad9aa14de69534862010e68c985d7eb34455daed19a34187","vectorPerformance","positive32","GPSS","2","4","451689","4000","500","Complete","0.2430911","2.67E-5","0.1107035","0.1323609","0.5","0.002","312493","4000","7.11180708957874","8.71283262637544","16.641164170760746","1.408214647506748","0.6415784047018325","32","b56b7859597de05ce23273ba96ae874e4baee6fad0f20d955b87448e5465d676",""
"5","2","1","current","c2329aa008622953f95ab0acb344552cf2f4c9f8","752b815b612ca031ad9aa14de69534862010e68c985d7eb34455daed19a34187","vectorPerformance","positive32","GPSS","4","-2","404175","4000","500","Complete","0.1852631","3.35E-5","0.105865599","0.079364001","0.75","0.003","312248","4000","6.507081555422677","8.267454120088496","11.239726363241573","1.4243493212370788","0.9111742118510904","32","e1f462be7160698fc96433c37d8e6460fa2b583d96e58a05af89904985ee97c5",""
"5","2","1","current","c2329aa008622953f95ab0acb344552cf2f4c9f8","752b815b612ca031ad9aa14de69534862010e68c985d7eb34455daed19a34187","vectorPerformance","positive32","GPSS","4","-1","412094","4000","500","Complete","0.1834675","2.6299E-5","0.102185501","0.0812557","0.75","0.003","312989","4000","5.495322761597328","8.012492423835413","12.29336507256984","1.4621066333934736","0.5327465027759886","32","047503de7ceb57f45f2c33ddf27b78c64d75cb6665a40538a8909c85da9d2c02",""
"5","2","1","current","c2329aa008622953f95ab0acb344552cf2f4c9f8","752b815b612ca031ad9aa14de69534862010e68c985d7eb34455daed19a34187","vectorPerformance","positive32","GPSS","4","0","420013","4000","500","Complete","0.1848545","2.49E-5","0.106756999","0.078072601","0.75","0.005","315080","4000","5.054210848500271","6.4086389980297715","11.498400167812514","1.682066869867944","1.124774421937512","32","9182bbb858877f9a625ab3c8ae05e7120fdc466f42d5a1dceccf9395da6065e9",""
"5","2","1","current","c2329aa008622953f95ab0acb344552cf2f4c9f8","752b815b612ca031ad9aa14de69534862010e68c985d7eb34455daed19a34187","vectorPerformance","positive32","GPSS","4","1","427932","4000","500","Complete","0.183840801","2.3501E-5","0.105055499","0.078761801","1.046875","0.002","310499","4000","4.949526595516298","7.4253970060875725","11.370735805288119","1.496332455560683","0.5218258205642705","32","f0d7064a140efac0e8d7992843e936b5b1ea4f33b336f96c18ed34d07d4ff733",""
"5","2","1","current","c2329aa008622953f95ab0acb344552cf2f4c9f8","752b815b612ca031ad9aa14de69534862010e68c985d7eb34455daed19a34187","vectorPerformance","positive32","GPSS","4","2","435851","4000","500","Complete","0.193581199","2.48E-5","0.113194","0.080362399","0.75","0.002","312895","4000","6.595439608345559","8.875134343603566","10.947737821804315","1.3815878832703925","0.38311879002350624","32","0365e43fa384cead64ff9f89d32ea3ea9edfdb1f4523fadebe6c708ca213e343",""
"5","2","1","current","c2329aa008622953f95ab0acb344552cf2f4c9f8","752b815b612ca031ad9aa14de69534862010e68c985d7eb34455daed19a34187","vectorPerformance","positive32","GPSS","4","3","443770","4000","500","Complete","0.177528401","2.5201E-5","0.0971408","0.0803624","0.875","0.004","322378","4000","4.786571198089734","5.896539279571406","11.375709989448119","1.7909712039019074","1.5561805918696656","32","6ad6daee0ad4e8690da4c2f3a9ad5ab953ab95d6f3a80ac9994366367dae6f68",""
"5","2","1","current","c2329aa008622953f95ab0acb344552cf2f4c9f8","752b815b612ca031ad9aa14de69534862010e68c985d7eb34455daed19a34187","vectorPerformance","positive32","GPSS","4","4","451689","4000","500","Complete","0.1778592","2.3399E-5","0.094595701","0.0832401","0.6875","0.005","312493","4000","7.11180708957874","8.71283262637544","16.641164170760746","1.408214647506748","0.6415784047018325","32","b56b7859597de05ce23273ba96ae874e4baee6fad0f20d955b87448e5465d676",""
"5","2","1","current","c2329aa008622953f95ab0acb344552cf2f4c9f8","752b815b612ca031ad9aa14de69534862010e68c985d7eb34455daed19a34187","vectorPerformance","positive32","Quantile","1","-2","404175","4000","500","Complete","0.6548859","2.1E-5","0.4111418","0.2437231","1.0","0.006","2332703","4000","8030.260361578566","7443.725542312934","10980.95587684255","1.0012073242374708","0.03162578897149504","0","109d1589a3cfa1856056d074588bf62a00242342be20aaa02c7f9fa0c3d02464",""
"5","2","1","current","c2329aa008622953f95ab0acb344552cf2f4c9f8","752b815b612ca031ad9aa14de69534862010e68c985d7eb34455daed19a34187","vectorPerformance","positive32","Quantile","1","-1","412094","4000","500","Complete","0.656623","2.1099E-5","0.405811101","0.2507908","0.65625","0.009","2332056","4000","7849.260320702932","7497.08911341319","10218.844461352033","1.000850226319869","0.023734462941020107","0","2e7ae8f39b7d995378c03be6210919257cb3c5da65a71f7499cfe9fc1c43ddaa",""
"5","2","1","current","c2329aa008622953f95ab0acb344552cf2f4c9f8","752b815b612ca031ad9aa14de69534862010e68c985d7eb34455daed19a34187","vectorPerformance","positive32","Quantile","1","0","420013","4000","500","Complete","0.6566663","4.96E-5","0.4125158","0.2441009","0.671875","0.007","2331456","4000","8061.462008922536","7644.287188277893","10396.228328686206","1.000767355772193","0.026399068267307313","0","b1c80d02d980f561db28b8e8c75872a90bfe94527189f07f4dfe1c9226d272e5",""
"5","2","1","current","c2329aa008622953f95ab0acb344552cf2f4c9f8","752b815b612ca031ad9aa14de69534862010e68c985d7eb34455daed19a34187","vectorPerformance","positive32","Quantile","1","1","427932","4000","500","Complete","0.6617385","1.97E-5","0.4117899","0.2499289","0.65625","0.007","2330866","4000","7748.716822064378","7364.471868294603","10702.763364386927","1.0006942215274883","0.030448865944532777","0","218737eae3e2da277e8b65fe3a76bd5f04046950597185a676bdc475001c1e46",""
"5","2","1","current","c2329aa008622953f95ab0acb344552cf2f4c9f8","752b815b612ca031ad9aa14de69534862010e68c985d7eb34455daed19a34187","vectorPerformance","positive32","Quantile","1","2","435851","4000","500","Complete","0.6607745","2.0899E-5","0.4165691","0.244184501","1.0","0.006","2331863","4000","7994.761109518766","7444.795092892279","10756.070846197807","1.0010742652566522","0.026722483101742966","0","fb50892c47662c7c9c7473b45775635e782a20ef09488c3bc7f407bd559adfe3",""
"5","2","1","current","c2329aa008622953f95ab0acb344552cf2f4c9f8","752b815b612ca031ad9aa14de69534862010e68c985d7eb34455daed19a34187","vectorPerformance","positive32","Quantile","1","3","443770","4000","500","Complete","0.6543117","4.93E-5","0.409433399","0.244829001","0.65625","0.006","2331071","4000","8046.326204198977","7094.826103737033","10587.156707045673","1.0006492486922247","0.022192055198105076","0","ea829d033823c80e3ad79c2bf9f4c957103c19055e7f39ac840ae3dd8ecf7787",""
"5","2","1","current","c2329aa008622953f95ab0acb344552cf2f4c9f8","752b815b612ca031ad9aa14de69534862010e68c985d7eb34455daed19a34187","vectorPerformance","positive32","Quantile","1","4","451689","4000","500","Complete","0.654839499","2.05E-5","0.4109059","0.243913099","0.65625","0.007","2329615","4000","8049.572429524939","7585.9302215949265","10803.178568962107","1.001435614653514","0.019996657665890316","0","f2275fab90488b6e0703edb3fe7b6bef8718ce8c0b14a645dc9d2b61880d135c",""
"5","2","1","current","c2329aa008622953f95ab0acb344552cf2f4c9f8","752b815b612ca031ad9aa14de69534862010e68c985d7eb34455daed19a34187","vectorPerformance","positive32","Quantile","2","-2","404175","4000","500","Complete","0.3703039","2.1101E-5","0.235784","0.134498799","0.75","0.01","2332703","4000","8030.260361578566","7443.725542312934","10980.95587684255","1.0012073242374708","0.03162578897149504","0","109d1589a3cfa1856056d074588bf62a00242342be20aaa02c7f9fa0c3d02464",""
"5","2","1","current","c2329aa008622953f95ab0acb344552cf2f4c9f8","752b815b612ca031ad9aa14de69534862010e68c985d7eb34455daed19a34187","vectorPerformance","positive32","Quantile","2","-1","412094","4000","500","Complete","0.3499735","2.08E-5","0.2234557","0.126497","0.6875","0.007","2332056","4000","7849.260320702932","7497.08911341319","10218.844461352033","1.000850226319869","0.023734462941020107","0","2e7ae8f39b7d995378c03be6210919257cb3c5da65a71f7499cfe9fc1c43ddaa",""
"5","2","1","current","c2329aa008622953f95ab0acb344552cf2f4c9f8","752b815b612ca031ad9aa14de69534862010e68c985d7eb34455daed19a34187","vectorPerformance","positive32","Quantile","2","0","420013","4000","500","Complete","0.3510543","2.07E-5","0.2206981","0.1303355","0.71875","0.005","2331456","4000","8061.462008922536","7644.287188277893","10396.228328686206","1.000767355772193","0.026399068267307313","0","b1c80d02d980f561db28b8e8c75872a90bfe94527189f07f4dfe1c9226d272e5",""
"5","2","1","current","c2329aa008622953f95ab0acb344552cf2f4c9f8","752b815b612ca031ad9aa14de69534862010e68c985d7eb34455daed19a34187","vectorPerformance","positive32","Quantile","2","1","427932","4000","500","Complete","0.3495184","2.02E-5","0.2227064","0.1267918","0.828125","0.004","2330866","4000","7748.716822064378","7364.471868294603","10702.763364386927","1.0006942215274883","0.030448865944532777","0","218737eae3e2da277e8b65fe3a76bd5f04046950597185a676bdc475001c1e46",""
"5","2","1","current","c2329aa008622953f95ab0acb344552cf2f4c9f8","752b815b612ca031ad9aa14de69534862010e68c985d7eb34455daed19a34187","vectorPerformance","positive32","Quantile","2","2","435851","4000","500","Complete","0.355663701","2.0501E-5","0.227614099","0.128029101","0.71875","0.006","2331863","4000","7994.761109518766","7444.795092892279","10756.070846197807","1.0010742652566522","0.026722483101742966","0","fb50892c47662c7c9c7473b45775635e782a20ef09488c3bc7f407bd559adfe3",""
"5","2","1","current","c2329aa008622953f95ab0acb344552cf2f4c9f8","752b815b612ca031ad9aa14de69534862010e68c985d7eb34455daed19a34187","vectorPerformance","positive32","Quantile","2","3","443770","4000","500","Complete","0.3527517","3.09E-5","0.2221943","0.1305265","0.71875","0.007","2331071","4000","8046.326204198977","7094.826103737033","10587.156707045673","1.0006492486922247","0.022192055198105076","0","ea829d033823c80e3ad79c2bf9f4c957103c19055e7f39ac840ae3dd8ecf7787",""
"5","2","1","current","c2329aa008622953f95ab0acb344552cf2f4c9f8","752b815b612ca031ad9aa14de69534862010e68c985d7eb34455daed19a34187","vectorPerformance","positive32","Quantile","2","4","451689","4000","500","Complete","0.3542768","2.18E-5","0.223440099","0.130814901","0.71875","0.006","2329615","4000","8049.572429524939","7585.9302215949265","10803.178568962107","1.001435614653514","0.019996657665890316","0","f2275fab90488b6e0703edb3fe7b6bef8718ce8c0b14a645dc9d2b61880d135c",""
"5","2","1","current","c2329aa008622953f95ab0acb344552cf2f4c9f8","752b815b612ca031ad9aa14de69534862010e68c985d7eb34455daed19a34187","vectorPerformance","positive32","Quantile","4","-2","404175","4000","500","Complete","0.2546631","2.17E-5","0.178014","0.0766274","1.0","0.008","2332703","4000","8030.260361578566","7443.725542312934","10980.95587684255","1.0012073242374708","0.03162578897149504","0","109d1589a3cfa1856056d074588bf62a00242342be20aaa02c7f9fa0c3d02464",""
"5","2","1","current","c2329aa008622953f95ab0acb344552cf2f4c9f8","752b815b612ca031ad9aa14de69534862010e68c985d7eb34455daed19a34187","vectorPerformance","positive32","Quantile","4","-1","412094","4000","500","Complete","0.251084","2.19E-5","0.181050599","0.070011501","1.234375","0.007","2332056","4000","7849.260320702932","7497.08911341319","10218.844461352033","1.000850226319869","0.023734462941020107","0","2e7ae8f39b7d995378c03be6210919257cb3c5da65a71f7499cfe9fc1c43ddaa",""
"5","2","1","current","c2329aa008622953f95ab0acb344552cf2f4c9f8","752b815b612ca031ad9aa14de69534862010e68c985d7eb34455daed19a34187","vectorPerformance","positive32","Quantile","4","0","420013","4000","500","Complete","0.2519531","2.02E-5","0.175076099","0.076856801","1.0","0.008","2331456","4000","8061.462008922536","7644.287188277893","10396.228328686206","1.000767355772193","0.026399068267307313","0","b1c80d02d980f561db28b8e8c75872a90bfe94527189f07f4dfe1c9226d272e5",""
"5","2","1","current","c2329aa008622953f95ab0acb344552cf2f4c9f8","752b815b612ca031ad9aa14de69534862010e68c985d7eb34455daed19a34187","vectorPerformance","positive32","Quantile","4","1","427932","4000","500","Complete","0.2526741","2.05E-5","0.1787933","0.0738603","1.0625","0.006","2330866","4000","7748.716822064378","7364.471868294603","10702.763364386927","1.0006942215274883","0.030448865944532777","0","218737eae3e2da277e8b65fe3a76bd5f04046950597185a676bdc475001c1e46",""
"5","2","1","current","c2329aa008622953f95ab0acb344552cf2f4c9f8","752b815b612ca031ad9aa14de69534862010e68c985d7eb34455daed19a34187","vectorPerformance","positive32","Quantile","4","2","435851","4000","500","Complete","0.257839001","2.0601E-5","0.1802276","0.0775908","1.265625","0.009","2331863","4000","7994.761109518766","7444.795092892279","10756.070846197807","1.0010742652566522","0.026722483101742966","0","fb50892c47662c7c9c7473b45775635e782a20ef09488c3bc7f407bd559adfe3",""
"5","2","1","current","c2329aa008622953f95ab0acb344552cf2f4c9f8","752b815b612ca031ad9aa14de69534862010e68c985d7eb34455daed19a34187","vectorPerformance","positive32","Quantile","4","3","443770","4000","500","Complete","0.2561154","2.0701E-5","0.1775973","0.078497399","1.34375","0.009","2331071","4000","8046.326204198977","7094.826103737033","10587.156707045673","1.0006492486922247","0.022192055198105076","0","ea829d033823c80e3ad79c2bf9f4c957103c19055e7f39ac840ae3dd8ecf7787",""
"5","2","1","current","c2329aa008622953f95ab0acb344552cf2f4c9f8","752b815b612ca031ad9aa14de69534862010e68c985d7eb34455daed19a34187","vectorPerformance","positive32","Quantile","4","4","451689","4000","500","Complete","0.261310199","1.89E-5","0.183155","0.078136299","1.0","0.009","2329615","4000","8049.572429524939","7585.9302215949265","10803.178568962107","1.001435614653514","0.019996657665890316","0","f2275fab90488b6e0703edb3fe7b6bef8718ce8c0b14a645dc9d2b61880d135c",""
"6","3","0","current","c2329aa008622953f95ab0acb344552cf2f4c9f8","752b815b612ca031ad9aa14de69534862010e68c985d7eb34455daed19a34187","vectorPerformance","correlated32","GPSS","1","-2","404175","4000","500","Complete","0.4569613","2.86E-5","0.2098699","0.2470628","0.453125","0.003","265461","4000","645.117038188815","619.6601510130125","111.82974658890811","1.4709232708798055","0.0221888479832677","32","34ba7e81aae421fabb6d7abc8b37fed811e4c6a3b11b225e03c34135c20e5fab",""
"6","3","0","current","c2329aa008622953f95ab0acb344552cf2f4c9f8","752b815b612ca031ad9aa14de69534862010e68c985d7eb34455daed19a34187","vectorPerformance","correlated32","GPSS","1","-1","412094","4000","500","Complete","0.4591521","3.07E-5","0.2058193","0.2533021","0.484375","0.006","260316","4000","564.5119782236644","553.9746471274595","68.93212740164371","1.6458772028336794","0.06977010736276656","32","0dd72e443f3b53513a682dd3fda3078d30eb3ca1e5546f164ad2b8797a0cc49f",""
"6","3","0","current","c2329aa008622953f95ab0acb344552cf2f4c9f8","752b815b612ca031ad9aa14de69534862010e68c985d7eb34455daed19a34187","vectorPerformance","correlated32","GPSS","1","0","420013","4000","500","Complete","0.447418901","3.31E-5","0.211232101","0.2361537","0.421875","0.002","271170","4000","550.788691510793","462.92862585511017","31.898583590051008","1.6153232296497368","0.02539427674995709","32","4e32fd58fd10390b4e797c6902eed30b34036ec3e48184af25c550e5ecd201e4",""
"6","3","0","current","c2329aa008622953f95ab0acb344552cf2f4c9f8","752b815b612ca031ad9aa14de69534862010e68c985d7eb34455daed19a34187","vectorPerformance","correlated32","GPSS","1","1","427932","4000","500","Complete","0.4358165","2.97E-5","0.192445201","0.243341599","0.5","0.007","243643","4000","728.9168563232058","707.6422054588379","37.327199337196575","1.394679319897266","0.014786962883091226","32","6556bc9a5258d4cf10554a8f1be0f66bc02b8dd465a89ab0179fc4a9bce27863",""
"6","3","0","current","c2329aa008622953f95ab0acb344552cf2f4c9f8","752b815b612ca031ad9aa14de69534862010e68c985d7eb34455daed19a34187","vectorPerformance","correlated32","GPSS","1","2","435851","4000","500","Complete","0.4426446","2.47E-5","0.2027426","0.2398773","0.4375","0.004","252525","4000","851.515000276373","802.0414367077282","72.65826721585422","1.3443798021720257","0.05441559245735261","32","241b3dbb9e14d1912d29f4167a0d49b5aac92799d098cc4aea7fd189aea591d5",""
"6","3","0","current","c2329aa008622953f95ab0acb344552cf2f4c9f8","752b815b612ca031ad9aa14de69534862010e68c985d7eb34455daed19a34187","vectorPerformance","correlated32","GPSS","1","3","443770","4000","500","Complete","0.4379769","2.8199E-5","0.1975284","0.240420301","0.453125","0.005","252476","4000","579.6107666912351","519.1606176358861","80.32525737492834","1.1037679615355824","0.05661873010414342","32","e379cb80ecf5804cc22ddf166b2fd12dfc52cf394467b1b6e6cab088cb4ce1a7",""
"6","3","0","current","c2329aa008622953f95ab0acb344552cf2f4c9f8","752b815b612ca031ad9aa14de69534862010e68c985d7eb34455daed19a34187","vectorPerformance","correlated32","GPSS","1","4","451689","4000","500","Complete","0.453195399","2.4499E-5","0.217530201","0.235640699","0.453125","0.002","276146","4000","745.841296773472","687.9271641953604","73.67496547194912","1.1447391912214941","0.06804485983194875","32","d07f89bf5cc41c4bd92db0f6611a71a2eba9eae89a88327e3e8eeccefa31029b",""
"6","3","0","current","c2329aa008622953f95ab0acb344552cf2f4c9f8","752b815b612ca031ad9aa14de69534862010e68c985d7eb34455daed19a34187","vectorPerformance","correlated32","GPSS","2","-2","404175","4000","500","Complete","0.268617501","3.6501E-5","0.1412481","0.1273329","0.640625","0.004","265461","4000","645.117038188815","619.6601510130125","111.82974658890811","1.4709232708798055","0.0221888479832677","32","34ba7e81aae421fabb6d7abc8b37fed811e4c6a3b11b225e03c34135c20e5fab",""
"6","3","0","current","c2329aa008622953f95ab0acb344552cf2f4c9f8","752b815b612ca031ad9aa14de69534862010e68c985d7eb34455daed19a34187","vectorPerformance","correlated32","GPSS","2","-1","412094","4000","500","Complete","0.272646999","2.75E-5","0.143413099","0.1292064","0.53125","0.004","260316","4000","564.5119782236644","553.9746471274595","68.93212740164371","1.6458772028336794","0.06977010736276656","32","0dd72e443f3b53513a682dd3fda3078d30eb3ca1e5546f164ad2b8797a0cc49f",""
"6","3","0","current","c2329aa008622953f95ab0acb344552cf2f4c9f8","752b815b612ca031ad9aa14de69534862010e68c985d7eb34455daed19a34187","vectorPerformance","correlated32","GPSS","2","0","420013","4000","500","Complete","0.2709643","3.01E-5","0.1455128","0.1254214","0.53125","0.003","271170","4000","550.788691510793","462.92862585511017","31.898583590051008","1.6153232296497368","0.02539427674995709","32","4e32fd58fd10390b4e797c6902eed30b34036ec3e48184af25c550e5ecd201e4",""
"6","3","0","current","c2329aa008622953f95ab0acb344552cf2f4c9f8","752b815b612ca031ad9aa14de69534862010e68c985d7eb34455daed19a34187","vectorPerformance","correlated32","GPSS","2","1","427932","4000","500","Complete","0.2532642","7.1599E-5","0.1286372","0.124555401","0.5","0.002","243643","4000","728.9168563232058","707.6422054588379","37.327199337196575","1.394679319897266","0.014786962883091226","32","6556bc9a5258d4cf10554a8f1be0f66bc02b8dd465a89ab0179fc4a9bce27863",""
"6","3","0","current","c2329aa008622953f95ab0acb344552cf2f4c9f8","752b815b612ca031ad9aa14de69534862010e68c985d7eb34455daed19a34187","vectorPerformance","correlated32","GPSS","2","2","435851","4000","500","Complete","0.269101501","2.3301E-5","0.1372414","0.1318368","0.84375","0.005","252525","4000","851.515000276373","802.0414367077282","72.65826721585422","1.3443798021720257","0.05441559245735261","32","241b3dbb9e14d1912d29f4167a0d49b5aac92799d098cc4aea7fd189aea591d5",""
"6","3","0","current","c2329aa008622953f95ab0acb344552cf2f4c9f8","752b815b612ca031ad9aa14de69534862010e68c985d7eb34455daed19a34187","vectorPerformance","correlated32","GPSS","2","3","443770","4000","500","Complete","0.2607789","2.3499E-5","0.1364794","0.124276001","0.5","0.004","252476","4000","579.6107666912351","519.1606176358861","80.32525737492834","1.1037679615355824","0.05661873010414342","32","e379cb80ecf5804cc22ddf166b2fd12dfc52cf394467b1b6e6cab088cb4ce1a7",""
"6","3","0","current","c2329aa008622953f95ab0acb344552cf2f4c9f8","752b815b612ca031ad9aa14de69534862010e68c985d7eb34455daed19a34187","vectorPerformance","correlated32","GPSS","2","4","451689","4000","500","Complete","0.273762299","2.23E-5","0.1412681","0.132471899","0.5625","0.004","276146","4000","745.841296773472","687.9271641953604","73.67496547194912","1.1447391912214941","0.06804485983194875","32","d07f89bf5cc41c4bd92db0f6611a71a2eba9eae89a88327e3e8eeccefa31029b",""
"6","3","0","current","c2329aa008622953f95ab0acb344552cf2f4c9f8","752b815b612ca031ad9aa14de69534862010e68c985d7eb34455daed19a34187","vectorPerformance","correlated32","GPSS","4","-2","404175","4000","500","Complete","0.2012433","3.03E-5","0.1293761","0.0718369","0.765625","0.002","265461","4000","645.117038188815","619.6601510130125","111.82974658890811","1.4709232708798055","0.0221888479832677","32","34ba7e81aae421fabb6d7abc8b37fed811e4c6a3b11b225e03c34135c20e5fab",""
"6","3","0","current","c2329aa008622953f95ab0acb344552cf2f4c9f8","752b815b612ca031ad9aa14de69534862010e68c985d7eb34455daed19a34187","vectorPerformance","correlated32","GPSS","4","-1","412094","4000","500","Complete","0.2067273","2.88E-5","0.1294724","0.0772261","0.8125","0.005","260316","4000","564.5119782236644","553.9746471274595","68.93212740164371","1.6458772028336794","0.06977010736276656","32","0dd72e443f3b53513a682dd3fda3078d30eb3ca1e5546f164ad2b8797a0cc49f",""
"6","3","0","current","c2329aa008622953f95ab0acb344552cf2f4c9f8","752b815b612ca031ad9aa14de69534862010e68c985d7eb34455daed19a34187","vectorPerformance","correlated32","GPSS","4","0","420013","4000","500","Complete","0.2053091","3.15E-5","0.1328007","0.0724769","0.796875","0.004","271170","4000","550.788691510793","462.92862585511017","31.898583590051008","1.6153232296497368","0.02539427674995709","32","4e32fd58fd10390b4e797c6902eed30b34036ec3e48184af25c550e5ecd201e4",""
"6","3","0","current","c2329aa008622953f95ab0acb344552cf2f4c9f8","752b815b612ca031ad9aa14de69534862010e68c985d7eb34455daed19a34187","vectorPerformance","correlated32","GPSS","4","1","427932","4000","500","Complete","0.200607401","3.06E-5","0.122290601","0.0782862","0.828125","0.005","243643","4000","728.9168563232058","707.6422054588379","37.327199337196575","1.394679319897266","0.014786962883091226","32","6556bc9a5258d4cf10554a8f1be0f66bc02b8dd465a89ab0179fc4a9bce27863",""
"6","3","0","current","c2329aa008622953f95ab0acb344552cf2f4c9f8","752b815b612ca031ad9aa14de69534862010e68c985d7eb34455daed19a34187","vectorPerformance","correlated32","GPSS","4","2","435851","4000","500","Complete","0.201783699","4.9599E-5","0.1299401","0.071794","1.0625","0.004","252525","4000","851.515000276373","802.0414367077282","72.65826721585422","1.3443798021720257","0.05441559245735261","32","241b3dbb9e14d1912d29f4167a0d49b5aac92799d098cc4aea7fd189aea591d5",""
"6","3","0","current","c2329aa008622953f95ab0acb344552cf2f4c9f8","752b815b612ca031ad9aa14de69534862010e68c985d7eb34455daed19a34187","vectorPerformance","correlated32","GPSS","4","3","443770","4000","500","Complete","0.1965983","2.6199E-5","0.123988701","0.0725834","0.734375","0.002","252476","4000","579.6107666912351","519.1606176358861","80.32525737492834","1.1037679615355824","0.05661873010414342","32","e379cb80ecf5804cc22ddf166b2fd12dfc52cf394467b1b6e6cab088cb4ce1a7",""
"6","3","0","current","c2329aa008622953f95ab0acb344552cf2f4c9f8","752b815b612ca031ad9aa14de69534862010e68c985d7eb34455daed19a34187","vectorPerformance","correlated32","GPSS","4","4","451689","4000","500","Complete","0.2071184","2.4599E-5","0.1334543","0.073639501","0.828125","0.005","276146","4000","745.841296773472","687.9271641953604","73.67496547194912","1.1447391912214941","0.06804485983194875","32","d07f89bf5cc41c4bd92db0f6611a71a2eba9eae89a88327e3e8eeccefa31029b",""
"6","3","0","current","c2329aa008622953f95ab0acb344552cf2f4c9f8","752b815b612ca031ad9aa14de69534862010e68c985d7eb34455daed19a34187","vectorPerformance","correlated32","Quantile","1","-2","404175","4000","500","Complete","1.4527667","2.07E-5","1.2032633","0.2494827","1.453125","0.02","3282856","4000","23.797668269094697","23.991783455481954","49.25430937145106","1.1516283632440742","0.3728865535403717","32","a76e28f6e88c6be3891bdc833beb8d8d0a1740b95f0935a4806e8ab65d3c899c",""
"6","3","0","current","c2329aa008622953f95ab0acb344552cf2f4c9f8","752b815b612ca031ad9aa14de69534862010e68c985d7eb34455daed19a34187","vectorPerformance","correlated32","Quantile","1","-1","412094","4000","500","Complete","1.4296678","2.2499E-5","1.187141701","0.2425036","1.4375","0.02","3230583","4000","31.726513907349148","31.532168002260388","97.16989966673968","1.0798839490509835","0.08306741567350584","32","f9ed8df14134bddcfbb2d40aa6e479cfbaad40e1882750767724d2bc52df3b34",""
"6","3","0","current","c2329aa008622953f95ab0acb344552cf2f4c9f8","752b815b612ca031ad9aa14de69534862010e68c985d7eb34455daed19a34187","vectorPerformance","correlated32","Quantile","1","0","420013","4000","500","Complete","1.440722299","2.31E-5","1.2017922","0.238906999","1.53125","0.018","3251733","4000","36.23737925347603","37.074760300245536","94.41153342442881","1.094481746270784","0.006936160462634622","32","70f5117f96cd02d2870b347963ec61f489004b4e752f979286b6bbb78357a72b",""
"6","3","0","current","c2329aa008622953f95ab0acb344552cf2f4c9f8","752b815b612ca031ad9aa14de69534862010e68c985d7eb34455daed19a34187","vectorPerformance","correlated32","Quantile","1","1","427932","4000","500","Complete","1.4312777","2.0399E-5","1.192871901","0.2383854","1.4375","0.018","3236479","4000","31.801672449893193","32.058114379350506","84.74388663935426","1.0852433257313874","0.03363458703623934","32","9361e774d845e114d77fdb68cfdc974ca4f240b9ee801485b53bd51fdc75e4ee",""
"6","3","0","current","c2329aa008622953f95ab0acb344552cf2f4c9f8","752b815b612ca031ad9aa14de69534862010e68c985d7eb34455daed19a34187","vectorPerformance","correlated32","Quantile","1","2","435851","4000","500","Complete","1.427739599","2.06E-5","1.1821638","0.245555199","1.40625","0.019","3213584","4000","18.827593772089372","19.418977153927276","144.36214774069362","1.1856715933721973","0.22462708158086309","32","be8072aea54a06faab2c2090774614aa1ad4df6564d26d325be8e1037fc3c851",""
"6","3","0","current","c2329aa008622953f95ab0acb344552cf2f4c9f8","752b815b612ca031ad9aa14de69534862010e68c985d7eb34455daed19a34187","vectorPerformance","correlated32","Quantile","1","3","443770","4000","500","Complete","1.4535282","2.23E-5","1.1994867","0.2540192","1.828125","0.021","3292746","4000","8.551688513959126","8.66542172384507","23.37880092498311","1.3883316083476982","0.08359316129464744","32","3ae74ba297dfc21cabfcf0707b44b409c98d3bd3f9dfc2b6af98aa1fde2b375a",""
"6","3","0","current","c2329aa008622953f95ab0acb344552cf2f4c9f8","752b815b612ca031ad9aa14de69534862010e68c985d7eb34455daed19a34187","vectorPerformance","correlated32","Quantile","1","4","451689","4000","500","Complete","1.4234691","2.1E-5","1.1814605","0.2419876","2.015625","0.019","3210555","4000","32.00943946980557","33.91863557210035","93.00550074538009","1.0837128123690845","0.1407722816405288","32","6de2fd21c7960b9d9708ca419e8aba6e1a90d027a2db52b77e66a4a749ca160e",""
"6","3","0","current","c2329aa008622953f95ab0acb344552cf2f4c9f8","752b815b612ca031ad9aa14de69534862010e68c985d7eb34455daed19a34187","vectorPerformance","correlated32","Quantile","2","-2","404175","4000","500","Complete","0.971160001","2.0601E-5","0.8339582","0.1371812","1.90625","0.019","3282856","4000","23.797668269094697","23.991783455481954","49.25430937145106","1.1516283632440742","0.3728865535403717","32","a76e28f6e88c6be3891bdc833beb8d8d0a1740b95f0935a4806e8ab65d3c899c",""
"6","3","0","current","c2329aa008622953f95ab0acb344552cf2f4c9f8","752b815b612ca031ad9aa14de69534862010e68c985d7eb34455daed19a34187","vectorPerformance","correlated32","Quantile","2","-1","412094","4000","500","Complete","0.957931801","2.2801E-5","0.826302","0.131607","2.203125","0.017","3230583","4000","31.726513907349148","31.532168002260388","97.16989966673968","1.0798839490509835","0.08306741567350584","32","f9ed8df14134bddcfbb2d40aa6e479cfbaad40e1882750767724d2bc52df3b34",""
"6","3","0","current","c2329aa008622953f95ab0acb344552cf2f4c9f8","752b815b612ca031ad9aa14de69534862010e68c985d7eb34455daed19a34187","vectorPerformance","correlated32","Quantile","2","0","420013","4000","500","Complete","0.9623656","2.11E-5","0.8350583","0.1272862","2.25","0.018","3251733","4000","36.23737925347603","37.074760300245536","94.41153342442881","1.094481746270784","0.006936160462634622","32","70f5117f96cd02d2870b347963ec61f489004b4e752f979286b6bbb78357a72b",""
"6","3","0","current","c2329aa008622953f95ab0acb344552cf2f4c9f8","752b815b612ca031ad9aa14de69534862010e68c985d7eb34455daed19a34187","vectorPerformance","correlated32","Quantile","2","1","427932","4000","500","Complete","0.9600681","2.1901E-5","0.8377281","0.122318099","1.890625","0.018","3236479","4000","31.801672449893193","32.058114379350506","84.74388663935426","1.0852433257313874","0.03363458703623934","32","9361e774d845e114d77fdb68cfdc974ca4f240b9ee801485b53bd51fdc75e4ee",""
"6","3","0","current","c2329aa008622953f95ab0acb344552cf2f4c9f8","752b815b612ca031ad9aa14de69534862010e68c985d7eb34455daed19a34187","vectorPerformance","correlated32","Quantile","2","2","435851","4000","500","Complete","0.972563001","1.9701E-5","0.8425266","0.1300167","2.578125","0.018","3213584","4000","18.827593772089372","19.418977153927276","144.36214774069362","1.1856715933721973","0.22462708158086309","32","be8072aea54a06faab2c2090774614aa1ad4df6564d26d325be8e1037fc3c851",""
"6","3","0","current","c2329aa008622953f95ab0acb344552cf2f4c9f8","752b815b612ca031ad9aa14de69534862010e68c985d7eb34455daed19a34187","vectorPerformance","correlated32","Quantile","2","3","443770","4000","500","Complete","0.984612501","2.0901E-5","0.844417599","0.140174001","1.953125","0.019","3292746","4000","8.551688513959126","8.66542172384507","23.37880092498311","1.3883316083476982","0.08359316129464744","32","3ae74ba297dfc21cabfcf0707b44b409c98d3bd3f9dfc2b6af98aa1fde2b375a",""
"6","3","0","current","c2329aa008622953f95ab0acb344552cf2f4c9f8","752b815b612ca031ad9aa14de69534862010e68c985d7eb34455daed19a34187","vectorPerformance","correlated32","Quantile","2","4","451689","4000","500","Complete","0.948224899","1.99E-5","0.8178008","0.130404199","2.015625","0.018","3210555","4000","32.00943946980557","33.91863557210035","93.00550074538009","1.0837128123690845","0.1407722816405288","32","6de2fd21c7960b9d9708ca419e8aba6e1a90d027a2db52b77e66a4a749ca160e",""
"6","3","0","current","c2329aa008622953f95ab0acb344552cf2f4c9f8","752b815b612ca031ad9aa14de69534862010e68c985d7eb34455daed19a34187","vectorPerformance","correlated32","Quantile","4","-2","404175","4000","500","Complete","0.908989199","2.11E-5","0.8274084","0.081559699","3.578125","0.019","3282856","4000","23.797668269094697","23.991783455481954","49.25430937145106","1.1516283632440742","0.3728865535403717","32","a76e28f6e88c6be3891bdc833beb8d8d0a1740b95f0935a4806e8ab65d3c899c",""
"6","3","0","current","c2329aa008622953f95ab0acb344552cf2f4c9f8","752b815b612ca031ad9aa14de69534862010e68c985d7eb34455daed19a34187","vectorPerformance","correlated32","Quantile","4","-1","412094","4000","500","Complete","0.876380999","3.4099E-5","0.800310801","0.076036099","3.453125","0.017","3230583","4000","31.726513907349148","31.532168002260388","97.16989966673968","1.0798839490509835","0.08306741567350584","32","f9ed8df14134bddcfbb2d40aa6e479cfbaad40e1882750767724d2bc52df3b34",""
"6","3","0","current","c2329aa008622953f95ab0acb344552cf2f4c9f8","752b815b612ca031ad9aa14de69534862010e68c985d7eb34455daed19a34187","vectorPerformance","correlated32","Quantile","4","0","420013","4000","500","Complete","0.881009801","2.2501E-5","0.8085552","0.0724321","3.953125","0.019","3251733","4000","36.23737925347603","37.074760300245536","94.41153342442881","1.094481746270784","0.006936160462634622","32","70f5117f96cd02d2870b347963ec61f489004b4e752f979286b6bbb78357a72b",""
"6","3","0","current","c2329aa008622953f95ab0acb344552cf2f4c9f8","752b815b612ca031ad9aa14de69534862010e68c985d7eb34455daed19a34187","vectorPerformance","correlated32","Quantile","4","1","427932","4000","500","Complete","0.880318601","2.1101E-5","0.8027291","0.0775684","3.5","0.017","3236479","4000","31.801672449893193","32.058114379350506","84.74388663935426","1.0852433257313874","0.03363458703623934","32","9361e774d845e114d77fdb68cfdc974ca4f240b9ee801485b53bd51fdc75e4ee",""
"6","3","0","current","c2329aa008622953f95ab0acb344552cf2f4c9f8","752b815b612ca031ad9aa14de69534862010e68c985d7eb34455daed19a34187","vectorPerformance","correlated32","Quantile","4","2","435851","4000","500","Complete","0.898491499","2.0699E-5","0.822358601","0.076112199","3.84375","0.019","3213584","4000","18.827593772089372","19.418977153927276","144.36214774069362","1.1856715933721973","0.22462708158086309","32","be8072aea54a06faab2c2090774614aa1ad4df6564d26d325be8e1037fc3c851",""
"6","3","0","current","c2329aa008622953f95ab0acb344552cf2f4c9f8","752b815b612ca031ad9aa14de69534862010e68c985d7eb34455daed19a34187","vectorPerformance","correlated32","Quantile","4","3","443770","4000","500","Complete","0.9250569","2.07E-5","0.8486863","0.0763499","3.765625","0.019","3292746","4000","8.551688513959126","8.66542172384507","23.37880092498311","1.3883316083476982","0.08359316129464744","32","3ae74ba297dfc21cabfcf0707b44b409c98d3bd3f9dfc2b6af98aa1fde2b375a",""
"6","3","0","current","c2329aa008622953f95ab0acb344552cf2f4c9f8","752b815b612ca031ad9aa14de69534862010e68c985d7eb34455daed19a34187","vectorPerformance","correlated32","Quantile","4","4","451689","4000","500","Complete","0.8648129","2.1E-5","0.7920872","0.0727047","3.46875","0.017","3210555","4000","32.00943946980557","33.91863557210035","93.00550074538009","1.0837128123690845","0.1407722816405288","32","6de2fd21c7960b9d9708ca419e8aba6e1a90d027a2db52b77e66a4a749ca160e",""
"6","3","0","current","c2329aa008622953f95ab0acb344552cf2f4c9f8","752b815b612ca031ad9aa14de69534862010e68c985d7eb34455daed19a34187","vectorPerformance","gaussian32","GPSS","1","-2","404175","4000","500","Complete","0.3477099","5.9401E-5","0.0947655","0.252884999","0.359375","0.008","139155","4000","14560.87743232489","14566.888663880416","9030.296419517286","1.0011086994050007","0.013020088729037094","0","f3ae7e88a3469d95a481057ff78725be41612c1e7bdf2f3d1a7c73f5a42981cf",""
"6","3","0","current","c2329aa008622953f95ab0acb344552cf2f4c9f8","752b815b612ca031ad9aa14de69534862010e68c985d7eb34455daed19a34187","vectorPerformance","gaussian32","GPSS","1","-1","412094","4000","500","Complete","0.3470237","4.13E-5","0.094043699","0.252938701","0.4375","0.005","138730","4000","14723.327722756223","14738.615855733822","8857.898575485036","1.0012097458367082","0.014860253936955947","0","6d85793e19e5639b0a7430ab942ac98e6519fa4be0fbcee8a8930a2af289299d",""
"6","3","0","current","c2329aa008622953f95ab0acb344552cf2f4c9f8","752b815b612ca031ad9aa14de69534862010e68c985d7eb34455daed19a34187","vectorPerformance","gaussian32","GPSS","1","0","420013","4000","500","Complete","0.345755699","4.33E-5","0.093634599","0.2520778","0.40625","0.009","138723","4000","14789.309502344258","14770.299991933614","8878.031772176253","1.0012114173589253","0.02042856356087519","0","fb030bc811389f4cc0c40b053f280c25c0c5e58babb6d5eb761947efb8511783",""
"6","3","0","current","c2329aa008622953f95ab0acb344552cf2f4c9f8","752b815b612ca031ad9aa14de69534862010e68c985d7eb34455daed19a34187","vectorPerformance","gaussian32","GPSS","1","1","427932","4000","500","Complete","0.344446699","4.0299E-5","0.095632601","0.248773799","0.40625","0.004","138788","4000","15028.158264845573","15037.33690560915","9075.6220980371","1.0011653829278853","0.016607695975976222","0","3d0bccbf5e695e5e8a5d89fa29a1a353b231a8693474ffa5e1944f58eee51881",""
"6","3","0","current","c2329aa008622953f95ab0acb344552cf2f4c9f8","752b815b612ca031ad9aa14de69534862010e68c985d7eb34455daed19a34187","vectorPerformance","gaussian32","GPSS","1","2","435851","4000","500","Complete","0.350851199","3.5E-5","0.0937369","0.257079299","0.421875","0.009","138703","4000","14933.892470949851","14950.607747787408","8635.192267898514","1.001735370997425","0.021490044822388643","0","603bdfe20f551e62d9c5fbc68e896eb978d3c40134ec7e7cbc17b062760b5957",""
"6","3","0","current","c2329aa008622953f95ab0acb344552cf2f4c9f8","752b815b612ca031ad9aa14de69534862010e68c985d7eb34455daed19a34187","vectorPerformance","gaussian32","GPSS","1","3","443770","4000","500","Complete","0.3459731","3.71E-5","0.0964817","0.2494543","0.671875","0.003","138777","4000","15223.671841621832","15221.605805391002","9210.378340418303","1.0015395267295784","0.016172276604625724","0","2ead94f9fc645301334f7309cfcc4f5b6e54cfdca48deed2f7e56fe38456b29a",""
"6","3","0","current","c2329aa008622953f95ab0acb344552cf2f4c9f8","752b815b612ca031ad9aa14de69534862010e68c985d7eb34455daed19a34187","vectorPerformance","gaussian32","GPSS","1","4","451689","4000","500","Complete","0.3456095","3.5899E-5","0.092804601","0.252769","0.34375","0.007","138750","4000","14345.553258947568","14342.778169951296","8945.28266108745","1.0011866456042022","0.01864774016529802","0","d4278b864a0c0454d1730a6de2433aebfa0ebf5de90d82ef8563be3b95ce2d1a",""
"6","3","0","current","c2329aa008622953f95ab0acb344552cf2f4c9f8","752b815b612ca031ad9aa14de69534862010e68c985d7eb34455daed19a34187","vectorPerformance","gaussian32","GPSS","2","-2","404175","4000","500","Complete","0.1957323","1.811E-4","0.0652466","0.1303046","0.453125","0.003","139155","4000","14560.87743232489","14566.888663880416","9030.296419517286","1.0011086994050007","0.013020088729037094","0","f3ae7e88a3469d95a481057ff78725be41612c1e7bdf2f3d1a7c73f5a42981cf",""
"6","3","0","current","c2329aa008622953f95ab0acb344552cf2f4c9f8","752b815b612ca031ad9aa14de69534862010e68c985d7eb34455daed19a34187","vectorPerformance","gaussian32","GPSS","2","-1","412094","4000","500","Complete","0.190397199","3.8499E-5","0.065006701","0.125351999","0.703125","0.003","138730","4000","14723.327722756223","14738.615855733822","8857.898575485036","1.0012097458367082","0.014860253936955947","0","6d85793e19e5639b0a7430ab942ac98e6519fa4be0fbcee8a8930a2af289299d",""
"6","3","0","current","c2329aa008622953f95ab0acb344552cf2f4c9f8","752b815b612ca031ad9aa14de69534862010e68c985d7eb34455daed19a34187","vectorPerformance","gaussian32","GPSS","2","0","420013","4000","500","Complete","0.1912973","3.74E-5","0.065903499","0.125356401","0.390625","0.002","138723","4000","14789.309502344258","14770.299991933614","8878.031772176253","1.0012114173589253","0.02042856356087519","0","fb030bc811389f4cc0c40b053f280c25c0c5e58babb6d5eb761947efb8511783",""
"6","3","0","current","c2329aa008622953f95ab0acb344552cf2f4c9f8","752b815b612ca031ad9aa14de69534862010e68c985d7eb34455daed19a34187","vectorPerformance","gaussian32","GPSS","2","1","427932","4000","500","Complete","0.196449801","3.5501E-5","0.0626372","0.1337771","0.40625","0.004","138788","4000","15028.158264845573","15037.33690560915","9075.6220980371","1.0011653829278853","0.016607695975976222","0","3d0bccbf5e695e5e8a5d89fa29a1a353b231a8693474ffa5e1944f58eee51881",""
"6","3","0","current","c2329aa008622953f95ab0acb344552cf2f4c9f8","752b815b612ca031ad9aa14de69534862010e68c985d7eb34455daed19a34187","vectorPerformance","gaussian32","GPSS","2","2","435851","4000","500","Complete","0.1995335","3.52E-5","0.0629035","0.1365948","0.40625","0.005","138703","4000","14933.892470949851","14950.607747787408","8635.192267898514","1.001735370997425","0.021490044822388643","0","603bdfe20f551e62d9c5fbc68e896eb978d3c40134ec7e7cbc17b062760b5957",""
"6","3","0","current","c2329aa008622953f95ab0acb344552cf2f4c9f8","752b815b612ca031ad9aa14de69534862010e68c985d7eb34455daed19a34187","vectorPerformance","gaussian32","GPSS","2","3","443770","4000","500","Complete","0.200444001","3.6401E-5","0.0649165","0.1354911","0.515625","0.004","138777","4000","15223.671841621832","15221.605805391002","9210.378340418303","1.0015395267295784","0.016172276604625724","0","2ead94f9fc645301334f7309cfcc4f5b6e54cfdca48deed2f7e56fe38456b29a",""
"6","3","0","current","c2329aa008622953f95ab0acb344552cf2f4c9f8","752b815b612ca031ad9aa14de69534862010e68c985d7eb34455daed19a34187","vectorPerformance","gaussian32","GPSS","2","4","451689","4000","500","Complete","0.1969947","4.91E-5","0.063638099","0.133307501","0.390625","0.003","138750","4000","14345.553258947568","14342.778169951296","8945.28266108745","1.0011866456042022","0.01864774016529802","0","d4278b864a0c0454d1730a6de2433aebfa0ebf5de90d82ef8563be3b95ce2d1a",""
"6","3","0","current","c2329aa008622953f95ab0acb344552cf2f4c9f8","752b815b612ca031ad9aa14de69534862010e68c985d7eb34455daed19a34187","vectorPerformance","gaussian32","GPSS","4","-2","404175","4000","500","Complete","0.134500699","4.94E-5","0.0582403","0.076210999","0.578125","0.004","139155","4000","14560.87743232489","14566.888663880416","9030.296419517286","1.0011086994050007","0.013020088729037094","0","f3ae7e88a3469d95a481057ff78725be41612c1e7bdf2f3d1a7c73f5a42981cf",""
"6","3","0","current","c2329aa008622953f95ab0acb344552cf2f4c9f8","752b815b612ca031ad9aa14de69534862010e68c985d7eb34455daed19a34187","vectorPerformance","gaussian32","GPSS","4","-1","412094","4000","500","Complete","0.1299811","5.93E-5","0.0587365","0.0711853","0.46875","0.002","138730","4000","14723.327722756223","14738.615855733822","8857.898575485036","1.0012097458367082","0.014860253936955947","0","6d85793e19e5639b0a7430ab942ac98e6519fa4be0fbcee8a8930a2af289299d",""
"6","3","0","current","c2329aa008622953f95ab0acb344552cf2f4c9f8","752b815b612ca031ad9aa14de69534862010e68c985d7eb34455daed19a34187","vectorPerformance","gaussian32","GPSS","4","0","420013","4000","500","Complete","0.1320897","3.83E-5","0.0581151","0.0739363","0.5","0.003","138723","4000","14789.309502344258","14770.299991933614","8878.031772176253","1.0012114173589253","0.02042856356087519","0","fb030bc811389f4cc0c40b053f280c25c0c5e58babb6d5eb761947efb8511783",""
"6","3","0","current","c2329aa008622953f95ab0acb344552cf2f4c9f8","752b815b612ca031ad9aa14de69534862010e68c985d7eb34455daed19a34187","vectorPerformance","gaussian32","GPSS","4","1","427932","4000","500","Complete","0.1318502","3.4701E-5","0.0608337","0.070981799","0.515625","0.003","138788","4000","15028.158264845573","15037.33690560915","9075.6220980371","1.0011653829278853","0.016607695975976222","0","3d0bccbf5e695e5e8a5d89fa29a1a353b231a8693474ffa5e1944f58eee51881",""
"6","3","0","current","c2329aa008622953f95ab0acb344552cf2f4c9f8","752b815b612ca031ad9aa14de69534862010e68c985d7eb34455daed19a34187","vectorPerformance","gaussian32","GPSS","4","2","435851","4000","500","Complete","0.1287027","3.38E-5","0.058984799","0.069684101","0.515625","0.003","138703","4000","14933.892470949851","14950.607747787408","8635.192267898514","1.001735370997425","0.021490044822388643","0","603bdfe20f551e62d9c5fbc68e896eb978d3c40134ec7e7cbc17b062760b5957",""
"6","3","0","current","c2329aa008622953f95ab0acb344552cf2f4c9f8","752b815b612ca031ad9aa14de69534862010e68c985d7eb34455daed19a34187","vectorPerformance","gaussian32","GPSS","4","3","443770","4000","500","Complete","0.1539141","4.64E-5","0.0733473","0.0805204","0.640625","0.003","138777","4000","15223.671841621832","15221.605805391002","9210.378340418303","1.0015395267295784","0.016172276604625724","0","2ead94f9fc645301334f7309cfcc4f5b6e54cfdca48deed2f7e56fe38456b29a",""
"6","3","0","current","c2329aa008622953f95ab0acb344552cf2f4c9f8","752b815b612ca031ad9aa14de69534862010e68c985d7eb34455daed19a34187","vectorPerformance","gaussian32","GPSS","4","4","451689","4000","500","Complete","0.1325223","4.1E-5","0.0597374","0.0727439","0.5625","0.002","138750","4000","14345.553258947568","14342.778169951296","8945.28266108745","1.0011866456042022","0.01864774016529802","0","d4278b864a0c0454d1730a6de2433aebfa0ebf5de90d82ef8563be3b95ce2d1a",""
"6","3","0","current","c2329aa008622953f95ab0acb344552cf2f4c9f8","752b815b612ca031ad9aa14de69534862010e68c985d7eb34455daed19a34187","vectorPerformance","gaussian32","Quantile","1","-2","404175","4000","500","Complete","0.6347033","2.94E-5","0.3889253","0.2457486","0.671875","0.013","1753214","4000","15219.008327321226","15213.744919585897","12194.607218487616","1.0007110848254097","0.01623649007724448","0","cecc6b4fda00565adaade6079bd9a81eec1cb5425a7364f3a4652f8f1fe688e7",""
"6","3","0","current","c2329aa008622953f95ab0acb344552cf2f4c9f8","752b815b612ca031ad9aa14de69534862010e68c985d7eb34455daed19a34187","vectorPerformance","gaussian32","Quantile","1","-1","412094","4000","500","Complete","0.6407881","3.01E-5","0.3868281","0.2539299","0.671875","0.013","1754500","4000","14374.340793710559","14390.679914776822","12593.727427588436","1.0005481375625007","0.020322296447435884","0","710b12b4b32c1d00e33cda313ee3aca4afb06968f65bf5b1d672fd6109f4f43f",""
"6","3","0","current","c2329aa008622953f95ab0acb344552cf2f4c9f8","752b815b612ca031ad9aa14de69534862010e68c985d7eb34455daed19a34187","vectorPerformance","gaussian32","Quantile","1","0","420013","4000","500","Complete","0.6945159","2.84E-5","0.4384434","0.2560441","0.703125","0.013","1751135","4000","14804.415700401843","14796.384417892554","11674.348877600554","1.0004842070731996","0.017149474216242355","0","7163a65543816d08a23c844d2762c1967e2f734b4748129ec7bdf89e140df8b4",""
"6","3","0","current","c2329aa008622953f95ab0acb344552cf2f4c9f8","752b815b612ca031ad9aa14de69534862010e68c985d7eb34455daed19a34187","vectorPerformance","gaussian32","Quantile","1","1","427932","4000","500","Complete","0.638448401","3.15E-5","0.388630401","0.2497865","1.328125","0.013","1751119","4000","15119.429112419593","15129.482098788952","12424.352542458728","1.000588248721186","0.024238503591598903","0","e468486f9c3bce272356b47328af805b6315b0ce0dcec0ba389ad1cc6e773090",""
"6","3","0","current","c2329aa008622953f95ab0acb344552cf2f4c9f8","752b815b612ca031ad9aa14de69534862010e68c985d7eb34455daed19a34187","vectorPerformance","gaussian32","Quantile","1","2","435851","4000","500","Complete","0.6494134","3.7399E-5","0.398293401","0.2510826","0.65625","0.009","1754043","4000","14654.09636813213","14648.796726473445","11630.775114295944","1.0006045524861327","0.019982935899345466","0","f17849dd0d6937ddb28ce5136301623e9a5b8e9dd4ad54fb96a198cfdc5f0c6a",""
"6","3","0","current","c2329aa008622953f95ab0acb344552cf2f4c9f8","752b815b612ca031ad9aa14de69534862010e68c985d7eb34455daed19a34187","vectorPerformance","gaussian32","Quantile","1","3","443770","4000","500","Complete","0.6245202","2.68E-5","0.380518","0.2439754","0.625","0.01","1754067","4000","14670.955292689816","14672.094230083088","12113.52110906072","1.0003997605716526","0.012117200485737945","0","8d191d73493e7fb3ede8cea18ccac7e017f7700706ef9c9f8b699e07b2804d14",""
"6","3","0","current","c2329aa008622953f95ab0acb344552cf2f4c9f8","752b815b612ca031ad9aa14de69534862010e68c985d7eb34455daed19a34187","vectorPerformance","gaussian32","Quantile","1","4","451689","4000","500","Complete","0.627119301","2.6301E-5","0.3819703","0.2451227","0.96875","0.012","1751661","4000","14424.859583462046","14417.997752939862","12128.296452895833","1.0007982696988702","0.02835365482901797","0","b8ea3b62393883b214271958061a644368686dc583e5f2e33e5eafdc7a65f17e",""
"6","3","0","current","c2329aa008622953f95ab0acb344552cf2f4c9f8","752b815b612ca031ad9aa14de69534862010e68c985d7eb34455daed19a34187","vectorPerformance","gaussian32","Quantile","2","-2","404175","4000","500","Complete","0.4823226","4.04E-5","0.349748","0.1325342","1.59375","0.013","1753214","4000","15219.008327321226","15213.744919585897","12194.607218487616","1.0007110848254097","0.01623649007724448","0","cecc6b4fda00565adaade6079bd9a81eec1cb5425a7364f3a4652f8f1fe688e7",""
"6","3","0","current","c2329aa008622953f95ab0acb344552cf2f4c9f8","752b815b612ca031ad9aa14de69534862010e68c985d7eb34455daed19a34187","vectorPerformance","gaussian32","Quantile","2","-1","412094","4000","500","Complete","0.442359101","2.7401E-5","0.3140371","0.1282946","1.25","0.011","1754500","4000","14374.340793710559","14390.679914776822","12593.727427588436","1.0005481375625007","0.020322296447435884","0","710b12b4b32c1d00e33cda313ee3aca4afb06968f65bf5b1d672fd6109f4f43f",""
"6","3","0","current","c2329aa008622953f95ab0acb344552cf2f4c9f8","752b815b612ca031ad9aa14de69534862010e68c985d7eb34455daed19a34187","vectorPerformance","gaussian32","Quantile","2","0","420013","4000","500","Complete","0.457401599","2.86E-5","0.322019599","0.1353534","0.890625","0.014","1751135","4000","14804.415700401843","14796.384417892554","11674.348877600554","1.0004842070731996","0.017149474216242355","0","7163a65543816d08a23c844d2762c1967e2f734b4748129ec7bdf89e140df8b4",""
"6","3","0","current","c2329aa008622953f95ab0acb344552cf2f4c9f8","752b815b612ca031ad9aa14de69534862010e68c985d7eb34455daed19a34187","vectorPerformance","gaussian32","Quantile","2","1","427932","4000","500","Complete","0.501580401","4.7301E-5","0.3686113","0.1329218","1.3125","0.012","1751119","4000","15119.429112419593","15129.482098788952","12424.352542458728","1.000588248721186","0.024238503591598903","0","e468486f9c3bce272356b47328af805b6315b0ce0dcec0ba389ad1cc6e773090",""
"6","3","0","current","c2329aa008622953f95ab0acb344552cf2f4c9f8","752b815b612ca031ad9aa14de69534862010e68c985d7eb34455daed19a34187","vectorPerformance","gaussian32","Quantile","2","2","435851","4000","500","Complete","0.453940199","5.82E-5","0.3265934","0.127288599","1.3125","0.012","1754043","4000","14654.09636813213","14648.796726473445","11630.775114295944","1.0006045524861327","0.019982935899345466","0","f17849dd0d6937ddb28ce5136301623e9a5b8e9dd4ad54fb96a198cfdc5f0c6a",""
"6","3","0","current","c2329aa008622953f95ab0acb344552cf2f4c9f8","752b815b612ca031ad9aa14de69534862010e68c985d7eb34455daed19a34187","vectorPerformance","gaussian32","Quantile","2","3","443770","4000","500","Complete","0.438665299","2.73E-5","0.3077479","0.130890099","0.90625","0.009","1754067","4000","14670.955292689816","14672.094230083088","12113.52110906072","1.0003997605716526","0.012117200485737945","0","8d191d73493e7fb3ede8cea18ccac7e017f7700706ef9c9f8b699e07b2804d14",""
"6","3","0","current","c2329aa008622953f95ab0acb344552cf2f4c9f8","752b815b612ca031ad9aa14de69534862010e68c985d7eb34455daed19a34187","vectorPerformance","gaussian32","Quantile","2","4","451689","4000","500","Complete","0.435766401","4.78E-5","0.305232801","0.1304858","1.859375","0.012","1751661","4000","14424.859583462046","14417.997752939862","12128.296452895833","1.0007982696988702","0.02835365482901797","0","b8ea3b62393883b214271958061a644368686dc583e5f2e33e5eafdc7a65f17e",""
"6","3","0","current","c2329aa008622953f95ab0acb344552cf2f4c9f8","752b815b612ca031ad9aa14de69534862010e68c985d7eb34455daed19a34187","vectorPerformance","gaussian32","Quantile","4","-2","404175","4000","500","Complete","0.409053201","5.6201E-5","0.332562","0.076435","1.890625","0.014","1753214","4000","15219.008327321226","15213.744919585897","12194.607218487616","1.0007110848254097","0.01623649007724448","0","cecc6b4fda00565adaade6079bd9a81eec1cb5425a7364f3a4652f8f1fe688e7",""
"6","3","0","current","c2329aa008622953f95ab0acb344552cf2f4c9f8","752b815b612ca031ad9aa14de69534862010e68c985d7eb34455daed19a34187","vectorPerformance","gaussian32","Quantile","4","-1","412094","4000","500","Complete","0.4517539","2.9099E-5","0.377358201","0.0743666","1.78125","0.011","1754500","4000","14374.340793710559","14390.679914776822","12593.727427588436","1.0005481375625007","0.020322296447435884","0","710b12b4b32c1d00e33cda313ee3aca4afb06968f65bf5b1d672fd6109f4f43f",""
"6","3","0","current","c2329aa008622953f95ab0acb344552cf2f4c9f8","752b815b612ca031ad9aa14de69534862010e68c985d7eb34455daed19a34187","vectorPerformance","gaussian32","Quantile","4","0","420013","4000","500","Complete","0.510845101","2.98E-5","0.427581801","0.0832335","2.53125","0.012","1751135","4000","14804.415700401843","14796.384417892554","11674.348877600554","1.0004842070731996","0.017149474216242355","0","7163a65543816d08a23c844d2762c1967e2f734b4748129ec7bdf89e140df8b4",""
"6","3","0","current","c2329aa008622953f95ab0acb344552cf2f4c9f8","752b815b612ca031ad9aa14de69534862010e68c985d7eb34455daed19a34187","vectorPerformance","gaussian32","Quantile","4","1","427932","4000","500","Complete","0.4401753","5.6499E-5","0.359858901","0.0802599","2.0625","0.01","1751119","4000","15119.429112419593","15129.482098788952","12424.352542458728","1.000588248721186","0.024238503591598903","0","e468486f9c3bce272356b47328af805b6315b0ce0dcec0ba389ad1cc6e773090",""
"6","3","0","current","c2329aa008622953f95ab0acb344552cf2f4c9f8","752b815b612ca031ad9aa14de69534862010e68c985d7eb34455daed19a34187","vectorPerformance","gaussian32","Quantile","4","2","435851","4000","500","Complete","0.432071699","3.12E-5","0.351300699","0.0807398","1.984375","0.013","1754043","4000","14654.09636813213","14648.796726473445","11630.775114295944","1.0006045524861327","0.019982935899345466","0","f17849dd0d6937ddb28ce5136301623e9a5b8e9dd4ad54fb96a198cfdc5f0c6a",""
"6","3","0","current","c2329aa008622953f95ab0acb344552cf2f4c9f8","752b815b612ca031ad9aa14de69534862010e68c985d7eb34455daed19a34187","vectorPerformance","gaussian32","Quantile","4","3","443770","4000","500","Complete","0.383804099","2.6799E-5","0.306879701","0.076897599","1.484375","0.012","1754067","4000","14670.955292689816","14672.094230083088","12113.52110906072","1.0003997605716526","0.012117200485737945","0","8d191d73493e7fb3ede8cea18ccac7e017f7700706ef9c9f8b699e07b2804d14",""
"6","3","0","current","c2329aa008622953f95ab0acb344552cf2f4c9f8","752b815b612ca031ad9aa14de69534862010e68c985d7eb34455daed19a34187","vectorPerformance","gaussian32","Quantile","4","4","451689","4000","500","Complete","0.3801831","3.22E-5","0.3084039","0.071747","1.515625","0.009","1751661","4000","14424.859583462046","14417.997752939862","12128.296452895833","1.0007982696988702","0.02835365482901797","0","b8ea3b62393883b214271958061a644368686dc583e5f2e33e5eafdc7a65f17e",""
"6","3","0","current","c2329aa008622953f95ab0acb344552cf2f4c9f8","752b815b612ca031ad9aa14de69534862010e68c985d7eb34455daed19a34187","vectorPerformance","gaussian8","GPSS","1","-2","404175","4000","500","Complete","0.113085001","6.3101E-5","0.043292999","0.069728901","0.125","0.002","138018","4000","15549.340111147894","15536.369070524215","11710.881022750353","1.000693382204123","0.020280809809882006","0","e7f255a3304bc6df3dfbc4384cc42f0a14e097b21ea85d7dfdd0891304dccc86",""
"6","3","0","current","c2329aa008622953f95ab0acb344552cf2f4c9f8","752b815b612ca031ad9aa14de69534862010e68c985d7eb34455daed19a34187","vectorPerformance","gaussian8","GPSS","1","-1","412094","4000","500","Complete","0.1016816","9.29E-5","0.034069699","0.067519001","0.125","0.003","138132","4000","15263.81484653245","15291.911844531342","11216.22139798599","1.0004803178957116","0.014392603577789376","0","e114ddce1fe3e8b5caed48fc0365aca0d32bd35e94363aa001d7324d00935224",""
"6","3","0","current","c2329aa008622953f95ab0acb344552cf2f4c9f8","752b815b612ca031ad9aa14de69534862010e68c985d7eb34455daed19a34187","vectorPerformance","gaussian8","GPSS","1","0","420013","4000","500","Complete","0.0941987","6.2199E-5","0.025323101","0.0688134","0.109375","0.002","138323","4000","15080.473776226881","15096.77911576306","11062.432005908491","1.0006149641210862","0.012458863431772271","0","2a91e22981ec396c3eca9414af3d6ac63570dc29437cdd4bdc3eb6a8db475fa2",""
"6","3","0","current","c2329aa008622953f95ab0acb344552cf2f4c9f8","752b815b612ca031ad9aa14de69534862010e68c985d7eb34455daed19a34187","vectorPerformance","gaussian8","GPSS","1","1","427932","4000","500","Complete","0.092696601","5.1501E-5","0.025316","0.0673291","0.09375","0.002","138154","4000","15134.6012276361","15136.078376941558","11308.922646882544","1.0009404579967858","0.013454526579750548","0","045e36a427e6332b3973cb5a7bed2c41034d4baa3241673dfea554f81e693a14",""
"6","3","0","current","c2329aa008622953f95ab0acb344552cf2f4c9f8","752b815b612ca031ad9aa14de69534862010e68c985d7eb34455daed19a34187","vectorPerformance","gaussian8","GPSS","1","2","435851","4000","500","Complete","0.090182201","3.3701E-5","0.0257663","0.0643822","0.140625","0.002","137988","4000","14363.080320209516","14344.664435137216","11161.859788330772","1.0004963309089212","0.01645570173683253","0","282eaef783cfb8138f0fbaa41141a7646474130935f10820d7fcdc9d6a1e24c0",""
"6","3","0","current","c2329aa008622953f95ab0acb344552cf2f4c9f8","752b815b612ca031ad9aa14de69534862010e68c985d7eb34455daed19a34187","vectorPerformance","gaussian8","GPSS","1","3","443770","4000","500","Complete","0.092290599","3.35E-5","0.024405299","0.0678518","0.109375","0.0","138055","4000","15045.50132933249","15019.431343943274","10767.592734371476","1.0010260647907836","0.018113200227977133","0","6f88cd3290902ed4688e28521e20205fca8afb18c6e4fe2e6e0de9c4e7e0a62c",""
"6","3","0","current","c2329aa008622953f95ab0acb344552cf2f4c9f8","752b815b612ca031ad9aa14de69534862010e68c985d7eb34455daed19a34187","vectorPerformance","gaussian8","GPSS","1","4","451689","4000","500","Complete","0.0930475","3.29E-5","0.0257832","0.0672314","0.140625","0.002","138188","4000","15603.053005275411","15621.61943123139","10677.483456214122","1.0007920020096437","0.014172913039023793","0","3703a943973521b658002c1d1edb8b4dcddac3550850573cac7499aba83dbaac",""
"6","3","0","current","c2329aa008622953f95ab0acb344552cf2f4c9f8","752b815b612ca031ad9aa14de69534862010e68c985d7eb34455daed19a34187","vectorPerformance","gaussian8","GPSS","2","-2","404175","4000","500","Complete","0.239623199","0.0059882","0.0816786","0.151956399","1.5","0.003","138018","4000","15549.340111147894","15536.369070524215","11710.881022750353","1.000693382204123","0.020280809809882006","0","e7f255a3304bc6df3dfbc4384cc42f0a14e097b21ea85d7dfdd0891304dccc86",""
"6","3","0","current","c2329aa008622953f95ab0acb344552cf2f4c9f8","752b815b612ca031ad9aa14de69534862010e68c985d7eb34455daed19a34187","vectorPerformance","gaussian8","GPSS","2","-1","412094","4000","500","Complete","0.0563906","4.8899E-5","0.0170767","0.039265001","0.1875","0.0","138132","4000","15263.81484653245","15291.911844531342","11216.22139798599","1.0004803178957116","0.014392603577789376","0","e114ddce1fe3e8b5caed48fc0365aca0d32bd35e94363aa001d7324d00935224",""
"6","3","0","current","c2329aa008622953f95ab0acb344552cf2f4c9f8","752b815b612ca031ad9aa14de69534862010e68c985d7eb34455daed19a34187","vectorPerformance","gaussian8","GPSS","2","0","420013","4000","500","Complete","0.0535719","5.48E-5","0.0166022","0.0369149","0.09375","0.0","138323","4000","15080.473776226881","15096.77911576306","11062.432005908491","1.0006149641210862","0.012458863431772271","0","2a91e22981ec396c3eca9414af3d6ac63570dc29437cdd4bdc3eb6a8db475fa2",""
"6","3","0","current","c2329aa008622953f95ab0acb344552cf2f4c9f8","752b815b612ca031ad9aa14de69534862010e68c985d7eb34455daed19a34187","vectorPerformance","gaussian8","GPSS","2","1","427932","4000","500","Complete","0.0545411","3.54E-5","0.018368699","0.036137001","0.15625","0.002","138154","4000","15134.6012276361","15136.078376941558","11308.922646882544","1.0009404579967858","0.013454526579750548","0","045e36a427e6332b3973cb5a7bed2c41034d4baa3241673dfea554f81e693a14",""
"6","3","0","current","c2329aa008622953f95ab0acb344552cf2f4c9f8","752b815b612ca031ad9aa14de69534862010e68c985d7eb34455daed19a34187","vectorPerformance","gaussian8","GPSS","2","2","435851","4000","500","Complete","0.053226599","4.12E-5","0.016064999","0.0371204","0.140625","0.0","137988","4000","14363.080320209516","14344.664435137216","11161.859788330772","1.0004963309089212","0.01645570173683253","0","282eaef783cfb8138f0fbaa41141a7646474130935f10820d7fcdc9d6a1e24c0",""
"6","3","0","current","c2329aa008622953f95ab0acb344552cf2f4c9f8","752b815b612ca031ad9aa14de69534862010e68c985d7eb34455daed19a34187","vectorPerformance","gaussian8","GPSS","2","3","443770","4000","500","Complete","0.053245","3.49E-5","0.016421999","0.036788101","0.125","0.0","138055","4000","15045.50132933249","15019.431343943274","10767.592734371476","1.0010260647907836","0.018113200227977133","0","6f88cd3290902ed4688e28521e20205fca8afb18c6e4fe2e6e0de9c4e7e0a62c",""
"6","3","0","current","c2329aa008622953f95ab0acb344552cf2f4c9f8","752b815b612ca031ad9aa14de69534862010e68c985d7eb34455daed19a34187","vectorPerformance","gaussian8","GPSS","2","4","451689","4000","500","Complete","0.055105601","3.6401E-5","0.018767699","0.036301501","0.421875","0.002","138188","4000","15603.053005275411","15621.61943123139","10677.483456214122","1.0007920020096437","0.014172913039023793","0","3703a943973521b658002c1d1edb8b4dcddac3550850573cac7499aba83dbaac",""
"6","3","0","current","c2329aa008622953f95ab0acb344552cf2f4c9f8","752b815b612ca031ad9aa14de69534862010e68c985d7eb34455daed19a34187","vectorPerformance","gaussian8","GPSS","4","-2","404175","4000","500","Complete","0.049041699","1.248E-4","0.0228266","0.026090299","0.28125","0.0","138018","4000","15549.340111147894","15536.369070524215","11710.881022750353","1.000693382204123","0.020280809809882006","0","e7f255a3304bc6df3dfbc4384cc42f0a14e097b21ea85d7dfdd0891304dccc86",""
"6","3","0","current","c2329aa008622953f95ab0acb344552cf2f4c9f8","752b815b612ca031ad9aa14de69534862010e68c985d7eb34455daed19a34187","vectorPerformance","gaussian8","GPSS","4","-1","412094","4000","500","Complete","0.0402179","6.33E-5","0.017035599","0.023119001","0.140625","0.0","138132","4000","15263.81484653245","15291.911844531342","11216.22139798599","1.0004803178957116","0.014392603577789376","0","e114ddce1fe3e8b5caed48fc0365aca0d32bd35e94363aa001d7324d00935224",""
"6","3","0","current","c2329aa008622953f95ab0acb344552cf2f4c9f8","752b815b612ca031ad9aa14de69534862010e68c985d7eb34455daed19a34187","vectorPerformance","gaussian8","GPSS","4","0","420013","4000","500","Complete","0.0389962","4.52E-5","0.016607299","0.022343701","0.3125","0.0","138323","4000","15080.473776226881","15096.77911576306","11062.432005908491","1.0006149641210862","0.012458863431772271","0","2a91e22981ec396c3eca9414af3d6ac63570dc29437cdd4bdc3eb6a8db475fa2",""
"6","3","0","current","c2329aa008622953f95ab0acb344552cf2f4c9f8","752b815b612ca031ad9aa14de69534862010e68c985d7eb34455daed19a34187","vectorPerformance","gaussian8","GPSS","4","1","427932","4000","500","Complete","0.039209099","3.9799E-5","0.016187601","0.022981699","0.171875","0.0","138154","4000","15134.6012276361","15136.078376941558","11308.922646882544","1.0009404579967858","0.013454526579750548","0","045e36a427e6332b3973cb5a7bed2c41034d4baa3241673dfea554f81e693a14",""
"6","3","0","current","c2329aa008622953f95ab0acb344552cf2f4c9f8","752b815b612ca031ad9aa14de69534862010e68c985d7eb34455daed19a34187","vectorPerformance","gaussian8","GPSS","4","2","435851","4000","500","Complete","0.0387319","3.96E-5","0.0168508","0.0218415","0.125","0.0","137988","4000","14363.080320209516","14344.664435137216","11161.859788330772","1.0004963309089212","0.01645570173683253","0","282eaef783cfb8138f0fbaa41141a7646474130935f10820d7fcdc9d6a1e24c0",""
"6","3","0","current","c2329aa008622953f95ab0acb344552cf2f4c9f8","752b815b612ca031ad9aa14de69534862010e68c985d7eb34455daed19a34187","vectorPerformance","gaussian8","GPSS","4","3","443770","4000","500","Complete","0.0415281","3.53E-5","0.0165699","0.0249229","0.140625","0.003","138055","4000","15045.50132933249","15019.431343943274","10767.592734371476","1.0010260647907836","0.018113200227977133","0","6f88cd3290902ed4688e28521e20205fca8afb18c6e4fe2e6e0de9c4e7e0a62c",""
"6","3","0","current","c2329aa008622953f95ab0acb344552cf2f4c9f8","752b815b612ca031ad9aa14de69534862010e68c985d7eb34455daed19a34187","vectorPerformance","gaussian8","GPSS","4","4","451689","4000","500","Complete","0.0399042","4.44E-5","0.0172666","0.0225932","0.234375","0.0","138188","4000","15603.053005275411","15621.61943123139","10677.483456214122","1.0007920020096437","0.014172913039023793","0","3703a943973521b658002c1d1edb8b4dcddac3550850573cac7499aba83dbaac",""
"6","3","0","current","c2329aa008622953f95ab0acb344552cf2f4c9f8","752b815b612ca031ad9aa14de69534862010e68c985d7eb34455daed19a34187","vectorPerformance","gaussian8","Quantile","1","-2","404175","4000","500","Complete","0.104938499","3.1E-5","0.0361667","0.068740799","0.140625","0.0","439383","4000","15133.633311857895","15137.149661571859","12640.232874183323","1.0002765119712598","0.010865777388695763","0","0a652ec86caa4b0878042a2ca27e4843b8fff440045e84ffe9040bbf18fc5c1b",""
"6","3","0","current","c2329aa008622953f95ab0acb344552cf2f4c9f8","752b815b612ca031ad9aa14de69534862010e68c985d7eb34455daed19a34187","vectorPerformance","gaussian8","Quantile","1","-1","412094","4000","500","Complete","0.098145","3.47E-5","0.035328","0.0627823","0.09375","0.0","438543","4000","15213.490906399908","15228.10660758392","12891.868030399028","1.0002543220506444","0.014962146800250764","0","22193da6e1ed5c7fb6bc482596a8cb09c08425673712be65ab0ebf58ef73f382",""
"6","3","0","current","c2329aa008622953f95ab0acb344552cf2f4c9f8","752b815b612ca031ad9aa14de69534862010e68c985d7eb34455daed19a34187","vectorPerformance","gaussian8","Quantile","1","0","420013","4000","500","Complete","0.0974595","2.91E-5","0.034434999","0.062995401","0.09375","0.0","436956","4000","15387.214907747757","15383.41868425877","13280.050841973973","1.000488212672387","0.017862111392228958","0","1a2a7053039cbf9cd5227976b2ba660c8f0bbf84c10e94ae04c9c6d297fc0025",""
"6","3","0","current","c2329aa008622953f95ab0acb344552cf2f4c9f8","752b815b612ca031ad9aa14de69534862010e68c985d7eb34455daed19a34187","vectorPerformance","gaussian8","Quantile","1","1","427932","4000","500","Complete","0.1045325","3.2E-5","0.0384018","0.0660987","0.1875","0.002","437269","4000","15727.934748036001","15719.464590581323","12902.625514015059","1.0004649152576137","0.012810490325706247","0","850de3d767de404b10a6234afa6ecc9c5dfdee0c4338411a0af3e46894e42ce3",""
"6","3","0","current","c2329aa008622953f95ab0acb344552cf2f4c9f8","752b815b612ca031ad9aa14de69534862010e68c985d7eb34455daed19a34187","vectorPerformance","gaussian8","Quantile","1","2","435851","4000","500","Complete","0.0992681","3.0E-5","0.0356931","0.063545","0.125","0.0","438008","4000","15126.989343371939","15133.471327879883","12471.355965872704","1.0004579804360567","0.01410791604282019","0","fd474ea7f77c91f336f3664000c5dec28946aab4fd9917ca2fd5c066ad7e03df",""
"6","3","0","current","c2329aa008622953f95ab0acb344552cf2f4c9f8","752b815b612ca031ad9aa14de69534862010e68c985d7eb34455daed19a34187","vectorPerformance","gaussian8","Quantile","1","3","443770","4000","500","Complete","0.0986543","3.04E-5","0.0353964","0.0632275","0.09375","0.0","438134","4000","14783.95134310092","14781.603964607304","13183.37761680062","1.0005441549460146","0.009381500096846795","0","f5d860d8f1c8c55386f06f23faad6b9f8df1541a619040c2f28698d0813a5f75",""
"6","3","0","current","c2329aa008622953f95ab0acb344552cf2f4c9f8","752b815b612ca031ad9aa14de69534862010e68c985d7eb34455daed19a34187","vectorPerformance","gaussian8","Quantile","1","4","451689","4000","500","Complete","0.099633801","3.11E-5","0.038309501","0.0612932","0.109375","0.001","437868","4000","14884.121074739518","14909.092385573675","12538.608584974128","1.0004648391967559","0.02587550455561438","0","f5667ee456b1d3d2b0c42c8460f2481029f27806732e9bf75dd56271a0628822",""
"6","3","0","current","c2329aa008622953f95ab0acb344552cf2f4c9f8","752b815b612ca031ad9aa14de69534862010e68c985d7eb34455daed19a34187","vectorPerformance","gaussian8","Quantile","2","-2","404175","4000","500","Complete","0.0841169","2.72E-5","0.045093099","0.038996601","0.28125","0.0","439383","4000","15133.633311857895","15137.149661571859","12640.232874183323","1.0002765119712598","0.010865777388695763","0","0a652ec86caa4b0878042a2ca27e4843b8fff440045e84ffe9040bbf18fc5c1b",""
"6","3","0","current","c2329aa008622953f95ab0acb344552cf2f4c9f8","752b815b612ca031ad9aa14de69534862010e68c985d7eb34455daed19a34187","vectorPerformance","gaussian8","Quantile","2","-1","412094","4000","500","Complete","0.058633799","2.98E-5","0.0251201","0.033483899","0.140625","0.003","438543","4000","15213.490906399908","15228.10660758392","12891.868030399028","1.0002543220506444","0.014962146800250764","0","22193da6e1ed5c7fb6bc482596a8cb09c08425673712be65ab0ebf58ef73f382",""
"6","3","0","current","c2329aa008622953f95ab0acb344552cf2f4c9f8","752b815b612ca031ad9aa14de69534862010e68c985d7eb34455daed19a34187","vectorPerformance","gaussian8","Quantile","2","0","420013","4000","500","Complete","0.057656399","3.56E-5","0.0235306","0.034090199","0.140625","0.002","436956","4000","15387.214907747757","15383.41868425877","13280.050841973973","1.000488212672387","0.017862111392228958","0","1a2a7053039cbf9cd5227976b2ba660c8f0bbf84c10e94ae04c9c6d297fc0025",""
"6","3","0","current","c2329aa008622953f95ab0acb344552cf2f4c9f8","752b815b612ca031ad9aa14de69534862010e68c985d7eb34455daed19a34187","vectorPerformance","gaussian8","Quantile","2","1","427932","4000","500","Complete","0.0551602","3.5099E-5","0.0218785","0.033246601","0.109375","0.0","437269","4000","15727.934748036001","15719.464590581323","12902.625514015059","1.0004649152576137","0.012810490325706247","0","850de3d767de404b10a6234afa6ecc9c5dfdee0c4338411a0af3e46894e42ce3",""
"6","3","0","current","c2329aa008622953f95ab0acb344552cf2f4c9f8","752b815b612ca031ad9aa14de69534862010e68c985d7eb34455daed19a34187","vectorPerformance","gaussian8","Quantile","2","2","435851","4000","500","Complete","0.056626401","2.9301E-5","0.0244076","0.0321895","0.125","0.002","438008","4000","15126.989343371939","15133.471327879883","12471.355965872704","1.0004579804360567","0.01410791604282019","0","fd474ea7f77c91f336f3664000c5dec28946aab4fd9917ca2fd5c066ad7e03df",""
"6","3","0","current","c2329aa008622953f95ab0acb344552cf2f4c9f8","752b815b612ca031ad9aa14de69534862010e68c985d7eb34455daed19a34187","vectorPerformance","gaussian8","Quantile","2","3","443770","4000","500","Complete","0.055719401","3.2101E-5","0.0229395","0.0327478","0.125","0.001","438134","4000","14783.95134310092","14781.603964607304","13183.37761680062","1.0005441549460146","0.009381500096846795","0","f5d860d8f1c8c55386f06f23faad6b9f8df1541a619040c2f28698d0813a5f75",""
"6","3","0","current","c2329aa008622953f95ab0acb344552cf2f4c9f8","752b815b612ca031ad9aa14de69534862010e68c985d7eb34455daed19a34187","vectorPerformance","gaussian8","Quantile","2","4","451689","4000","500","Complete","0.056686501","4.7501E-5","0.0232177","0.0334213","0.109375","0.002","437868","4000","14884.121074739518","14909.092385573675","12538.608584974128","1.0004648391967559","0.02587550455561438","0","f5667ee456b1d3d2b0c42c8460f2481029f27806732e9bf75dd56271a0628822",""
"6","3","0","current","c2329aa008622953f95ab0acb344552cf2f4c9f8","752b815b612ca031ad9aa14de69534862010e68c985d7eb34455daed19a34187","vectorPerformance","gaussian8","Quantile","4","-2","404175","4000","500","Complete","0.045213901","3.12E-5","0.023448201","0.0217345","0.5","0.002","439383","4000","15133.633311857895","15137.149661571859","12640.232874183323","1.0002765119712598","0.010865777388695763","0","0a652ec86caa4b0878042a2ca27e4843b8fff440045e84ffe9040bbf18fc5c1b",""
"6","3","0","current","c2329aa008622953f95ab0acb344552cf2f4c9f8","752b815b612ca031ad9aa14de69534862010e68c985d7eb34455daed19a34187","vectorPerformance","gaussian8","Quantile","4","-1","412094","4000","500","Complete","0.0422454","3.6799E-5","0.022511901","0.0196967","0.125","0.002","438543","4000","15213.490906399908","15228.10660758392","12891.868030399028","1.0002543220506444","0.014962146800250764","0","22193da6e1ed5c7fb6bc482596a8cb09c08425673712be65ab0ebf58ef73f382",""
"6","3","0","current","c2329aa008622953f95ab0acb344552cf2f4c9f8","752b815b612ca031ad9aa14de69534862010e68c985d7eb34455daed19a34187","vectorPerformance","gaussian8","Quantile","4","0","420013","4000","500","Complete","0.041638101","2.8601E-5","0.021680399","0.019929101","0.1875","0.0","436956","4000","15387.214907747757","15383.41868425877","13280.050841973973","1.000488212672387","0.017862111392228958","0","1a2a7053039cbf9cd5227976b2ba660c8f0bbf84c10e94ae04c9c6d297fc0025",""
"6","3","0","current","c2329aa008622953f95ab0acb344552cf2f4c9f8","752b815b612ca031ad9aa14de69534862010e68c985d7eb34455daed19a34187","vectorPerformance","gaussian8","Quantile","4","1","427932","4000","500","Complete","0.043807001","3.8001E-5","0.021366399","0.022402601","0.203125","0.003","437269","4000","15727.934748036001","15719.464590581323","12902.625514015059","1.0004649152576137","0.012810490325706247","0","850de3d767de404b10a6234afa6ecc9c5dfdee0c4338411a0af3e46894e42ce3",""
"6","3","0","current","c2329aa008622953f95ab0acb344552cf2f4c9f8","752b815b612ca031ad9aa14de69534862010e68c985d7eb34455daed19a34187","vectorPerformance","gaussian8","Quantile","4","2","435851","4000","500","Complete","0.043790901","2.96E-5","0.021613501","0.0221478","0.125","0.002","438008","4000","15126.989343371939","15133.471327879883","12471.355965872704","1.0004579804360567","0.01410791604282019","0","fd474ea7f77c91f336f3664000c5dec28946aab4fd9917ca2fd5c066ad7e03df",""
"6","3","0","current","c2329aa008622953f95ab0acb344552cf2f4c9f8","752b815b612ca031ad9aa14de69534862010e68c985d7eb34455daed19a34187","vectorPerformance","gaussian8","Quantile","4","3","443770","4000","500","Complete","0.040901401","4.2001E-5","0.021134699","0.019724701","0.1875","0.0","438134","4000","14783.95134310092","14781.603964607304","13183.37761680062","1.0005441549460146","0.009381500096846795","0","f5d860d8f1c8c55386f06f23faad6b9f8df1541a619040c2f28698d0813a5f75",""
"6","3","0","current","c2329aa008622953f95ab0acb344552cf2f4c9f8","752b815b612ca031ad9aa14de69534862010e68c985d7eb34455daed19a34187","vectorPerformance","gaussian8","Quantile","4","4","451689","4000","500","Complete","0.040664401","3.8901E-5","0.0208344","0.0197911","0.1875","0.0","437868","4000","14884.121074739518","14909.092385573675","12538.608584974128","1.0004648391967559","0.02587550455561438","0","f5667ee456b1d3d2b0c42c8460f2481029f27806732e9bf75dd56271a0628822",""
"6","3","0","current","c2329aa008622953f95ab0acb344552cf2f4c9f8","752b815b612ca031ad9aa14de69534862010e68c985d7eb34455daed19a34187","vectorPerformance","likelihood8","GPSS","1","-2","404175","4000","500","Complete","0.143400199","1.47E-4","0.0786949","0.064558299","0.171875","0.002","113497","4000","15386.728000357793","15391.85127451405","11321.818924317045","1.000502564087113","0.005344596134197365","0","15875fc3ad457cd99d016931ae49e3b53ed50293a59b7331791ac43670de87bd",""
"6","3","0","current","c2329aa008622953f95ab0acb344552cf2f4c9f8","752b815b612ca031ad9aa14de69534862010e68c985d7eb34455daed19a34187","vectorPerformance","likelihood8","GPSS","1","-1","412094","4000","500","Complete","0.1396469","5.9801E-5","0.0779998","0.061587299","0.171875","0.0","113672","4000","14515.066848005721","14590.130865412311","10903.103694208865","1.0008342935047612","0.005564436392907962","0","fc720f0e7fc6b705ca4b80ac8fe6515a0d286ae0520a978aef375e586c9db6bf",""
"6","3","0","current","c2329aa008622953f95ab0acb344552cf2f4c9f8","752b815b612ca031ad9aa14de69534862010e68c985d7eb34455daed19a34187","vectorPerformance","likelihood8","GPSS","1","0","420013","4000","500","Complete","0.1402679","9.82E-5","0.0790891","0.0610806","0.140625","0.002","113054","4000","15068.277084944693","15070.85887531968","10694.846310168503","1.0005601541440654","0.004181248674558491","0","8d6dc2b369fc062d17f4e1721fe9d8a199bcba9f600d8572402455c6c30b60fa",""
"6","3","0","current","c2329aa008622953f95ab0acb344552cf2f4c9f8","752b815b612ca031ad9aa14de69534862010e68c985d7eb34455daed19a34187","vectorPerformance","likelihood8","GPSS","1","1","427932","4000","500","Complete","0.140042501","5.7501E-5","0.077879","0.062106","0.140625","0.0","113472","4000","15069.243223748383","15055.059231076986","10322.707096463675","1.0013248567157627","0.005340326134526563","0","38e3adbbae621e7ad84a1cb5d7d2f248aeb925e3eea6b59badd3e9bb967ca792",""
"6","3","0","current","c2329aa008622953f95ab0acb344552cf2f4c9f8","752b815b612ca031ad9aa14de69534862010e68c985d7eb34455daed19a34187","vectorPerformance","likelihood8","GPSS","1","2","435851","4000","500","Complete","0.141720101","5.0901E-5","0.0780408","0.0636284","0.140625","0.002","113322","4000","15018.1283976014","15019.886701809703","11132.174688571149","1.000533090102839","0.005175852109189194","0","a1c97633734bbb43a66c525a225905cb612f427cd2600d3cc731158cc0011283",""
"6","3","0","current","c2329aa008622953f95ab0acb344552cf2f4c9f8","752b815b612ca031ad9aa14de69534862010e68c985d7eb34455daed19a34187","vectorPerformance","likelihood8","GPSS","1","3","443770","4000","500","Complete","0.1404112","5.2299E-5","0.078915701","0.0614432","0.140625","0.001","113541","4000","15504.177620932032","15516.176571089783","11070.759113858252","1.0005200177999494","0.0030179744349801974","0","10250d525acdf021423a78f0a10ef6caf57ce50e6525306305dda230dde4a3dd",""
"6","3","0","current","c2329aa008622953f95ab0acb344552cf2f4c9f8","752b815b612ca031ad9aa14de69534862010e68c985d7eb34455daed19a34187","vectorPerformance","likelihood8","GPSS","1","4","451689","4000","500","Complete","0.1419541","7.84E-5","0.0789981","0.0628776","0.15625","0.0","113652","4000","14785.194091889316","14779.730449941797","11297.287331686812","1.0008757668998252","0.004036703328069907","0","aeb7ca95e5af585230ca0add63518df7f82bcf74ed17b9d657a219f4e1b2d0f5",""
"6","3","0","current","c2329aa008622953f95ab0acb344552cf2f4c9f8","752b815b612ca031ad9aa14de69534862010e68c985d7eb34455daed19a34187","vectorPerformance","likelihood8","GPSS","2","-2","404175","4000","500","Complete","0.094321299","0.0030903","0.0578384","0.033392599","0.265625","0.0","113497","4000","15386.728000357793","15391.85127451405","11321.818924317045","1.000502564087113","0.005344596134197365","0","15875fc3ad457cd99d016931ae49e3b53ed50293a59b7331791ac43670de87bd",""
"6","3","0","current","c2329aa008622953f95ab0acb344552cf2f4c9f8","752b815b612ca031ad9aa14de69534862010e68c985d7eb34455daed19a34187","vectorPerformance","likelihood8","GPSS","2","-1","412094","4000","500","Complete","0.0733206","6.43E-5","0.0405176","0.0327387","0.125","0.0","113672","4000","14515.066848005721","14590.130865412311","10903.103694208865","1.0008342935047612","0.005564436392907962","0","fc720f0e7fc6b705ca4b80ac8fe6515a0d286ae0520a978aef375e586c9db6bf",""
"6","3","0","current","c2329aa008622953f95ab0acb344552cf2f4c9f8","752b815b612ca031ad9aa14de69534862010e68c985d7eb34455daed19a34187","vectorPerformance","likelihood8","GPSS","2","0","420013","4000","500","Complete","0.0745886","8.64E-5","0.041229599","0.033272601","0.125","0.0","113054","4000","15068.277084944693","15070.85887531968","10694.846310168503","1.0005601541440654","0.004181248674558491","0","8d6dc2b369fc062d17f4e1721fe9d8a199bcba9f600d8572402455c6c30b60fa",""
"6","3","0","current","c2329aa008622953f95ab0acb344552cf2f4c9f8","752b815b612ca031ad9aa14de69534862010e68c985d7eb34455daed19a34187","vectorPerformance","likelihood8","GPSS","2","1","427932","4000","500","Complete","0.0746774","4.8799E-5","0.041067501","0.0335611","0.140625","0.0","113472","4000","15069.243223748383","15055.059231076986","10322.707096463675","1.0013248567157627","0.005340326134526563","0","38e3adbbae621e7ad84a1cb5d7d2f248aeb925e3eea6b59badd3e9bb967ca792",""
"6","3","0","current","c2329aa008622953f95ab0acb344552cf2f4c9f8","752b815b612ca031ad9aa14de69534862010e68c985d7eb34455daed19a34187","vectorPerformance","likelihood8","GPSS","2","2","435851","4000","500","Complete","0.0735949","4.83E-5","0.0402327","0.0333139","0.140625","0.0","113322","4000","15018.1283976014","15019.886701809703","11132.174688571149","1.000533090102839","0.005175852109189194","0","a1c97633734bbb43a66c525a225905cb612f427cd2600d3cc731158cc0011283",""
"6","3","0","current","c2329aa008622953f95ab0acb344552cf2f4c9f8","752b815b612ca031ad9aa14de69534862010e68c985d7eb34455daed19a34187","vectorPerformance","likelihood8","GPSS","2","3","443770","4000","500","Complete","0.0741411","5.11E-5","0.0410902","0.0329998","0.203125","0.0","113541","4000","15504.177620932032","15516.176571089783","11070.759113858252","1.0005200177999494","0.0030179744349801974","0","10250d525acdf021423a78f0a10ef6caf57ce50e6525306305dda230dde4a3dd",""
"6","3","0","current","c2329aa008622953f95ab0acb344552cf2f4c9f8","752b815b612ca031ad9aa14de69534862010e68c985d7eb34455daed19a34187","vectorPerformance","likelihood8","GPSS","2","4","451689","4000","500","Complete","0.074154699","5.23E-5","0.0410187","0.033083699","0.15625","0.0","113652","4000","14785.194091889316","14779.730449941797","11297.287331686812","1.0008757668998252","0.004036703328069907","0","aeb7ca95e5af585230ca0add63518df7f82bcf74ed17b9d657a219f4e1b2d0f5",""
"6","3","0","current","c2329aa008622953f95ab0acb344552cf2f4c9f8","752b815b612ca031ad9aa14de69534862010e68c985d7eb34455daed19a34187","vectorPerformance","likelihood8","GPSS","4","-2","404175","4000","500","Complete","0.0411284","1.391E-4","0.0220788","0.0189105","0.125","0.0","113497","4000","15386.728000357793","15391.85127451405","11321.818924317045","1.000502564087113","0.005344596134197365","0","15875fc3ad457cd99d016931ae49e3b53ed50293a59b7331791ac43670de87bd",""
"6","3","0","current","c2329aa008622953f95ab0acb344552cf2f4c9f8","752b815b612ca031ad9aa14de69534862010e68c985d7eb34455daed19a34187","vectorPerformance","likelihood8","GPSS","4","-1","412094","4000","500","Complete","0.0399654","5.9599E-5","0.021683401","0.0182224","0.125","0.0","113672","4000","14515.066848005721","14590.130865412311","10903.103694208865","1.0008342935047612","0.005564436392907962","0","fc720f0e7fc6b705ca4b80ac8fe6515a0d286ae0520a978aef375e586c9db6bf",""
"6","3","0","current","c2329aa008622953f95ab0acb344552cf2f4c9f8","752b815b612ca031ad9aa14de69534862010e68c985d7eb34455daed19a34187","vectorPerformance","likelihood8","GPSS","4","0","420013","4000","500","Complete","0.041164099","9.1E-5","0.021912","0.019161099","0.125","0.0","113054","4000","15068.277084944693","15070.85887531968","10694.846310168503","1.0005601541440654","0.004181248674558491","0","8d6dc2b369fc062d17f4e1721fe9d8a199bcba9f600d8572402455c6c30b60fa",""
"6","3","0","current","c2329aa008622953f95ab0acb344552cf2f4c9f8","752b815b612ca031ad9aa14de69534862010e68c985d7eb34455daed19a34187","vectorPerformance","likelihood8","GPSS","4","1","427932","4000","500","Complete","0.042912099","5.37E-5","0.023026899","0.0198315","0.15625","0.001","113472","4000","15069.243223748383","15055.059231076986","10322.707096463675","1.0013248567157627","0.005340326134526563","0","38e3adbbae621e7ad84a1cb5d7d2f248aeb925e3eea6b59badd3e9bb967ca792",""
"6","3","0","current","c2329aa008622953f95ab0acb344552cf2f4c9f8","752b815b612ca031ad9aa14de69534862010e68c985d7eb34455daed19a34187","vectorPerformance","likelihood8","GPSS","4","2","435851","4000","500","Complete","0.0404545","5.1101E-5","0.0220626","0.018340799","0.125","0.0","113322","4000","15018.1283976014","15019.886701809703","11132.174688571149","1.000533090102839","0.005175852109189194","0","a1c97633734bbb43a66c525a225905cb612f427cd2600d3cc731158cc0011283",""
"6","3","0","current","c2329aa008622953f95ab0acb344552cf2f4c9f8","752b815b612ca031ad9aa14de69534862010e68c985d7eb34455daed19a34187","vectorPerformance","likelihood8","GPSS","4","3","443770","4000","500","Complete","0.040508699","4.9E-5","0.0219588","0.018500899","0.1875","0.0","113541","4000","15504.177620932032","15516.176571089783","11070.759113858252","1.0005200177999494","0.0030179744349801974","0","10250d525acdf021423a78f0a10ef6caf57ce50e6525306305dda230dde4a3dd",""
"6","3","0","current","c2329aa008622953f95ab0acb344552cf2f4c9f8","752b815b612ca031ad9aa14de69534862010e68c985d7eb34455daed19a34187","vectorPerformance","likelihood8","GPSS","4","4","451689","4000","500","Complete","0.0423516","5.0601E-5","0.0233514","0.018949599","0.1875","0.0","113652","4000","14785.194091889316","14779.730449941797","11297.287331686812","1.0008757668998252","0.004036703328069907","0","aeb7ca95e5af585230ca0add63518df7f82bcf74ed17b9d657a219f4e1b2d0f5",""
"6","3","0","current","c2329aa008622953f95ab0acb344552cf2f4c9f8","752b815b612ca031ad9aa14de69534862010e68c985d7eb34455daed19a34187","vectorPerformance","likelihood8","Quantile","1","-2","404175","4000","500","Complete","0.445868899","3.26E-5","0.3814752","0.064361099","0.453125","0.0","675623","4000","14553.603071888145","14560.448774995888","11253.189859649683","1.0007097070118298","0.003922918284137322","0","03828cdda4fc43583cac684014ff31176af4a34269763a886473aa7e641f0391",""
"6","3","0","current","c2329aa008622953f95ab0acb344552cf2f4c9f8","752b815b612ca031ad9aa14de69534862010e68c985d7eb34455daed19a34187","vectorPerformance","likelihood8","Quantile","1","-1","412094","4000","500","Complete","0.4410065","2.91E-5","0.3773414","0.063636","0.453125","0.0","674660","4000","15209.136106969212","15217.30790335651","11240.432710958032","1.0004372157752155","0.0052684685777992235","0","e259b6e006096a76873934a7876a399ffc6054ce8626e6a9f54fe4dc9a2a077b",""
"6","3","0","current","c2329aa008622953f95ab0acb344552cf2f4c9f8","752b815b612ca031ad9aa14de69534862010e68c985d7eb34455daed19a34187","vectorPerformance","likelihood8","Quantile","1","0","420013","4000","500","Complete","0.4393541","3.07E-5","0.374992799","0.064330601","0.4375","0.0","673796","4000","15027.331818683551","15033.704474475824","10491.658637470435","1.0004326935079904","0.005338364077357494","0","a6b794bfac044c42b2225f202fe85edd749f09d343dadd0c6f9a8be5b72afda0",""
"6","3","0","current","c2329aa008622953f95ab0acb344552cf2f4c9f8","752b815b612ca031ad9aa14de69534862010e68c985d7eb34455daed19a34187","vectorPerformance","likelihood8","Quantile","1","1","427932","4000","500","Complete","0.4427619","3.2E-5","0.3806796","0.0620503","0.4375","0.002","673825","4000","15276.658872254206","15256.4622489339","11119.716918313663","1.000391617247902","0.006419580823759208","0","50e2cecd19fa21e7ea4301720423264b745a7096caa97d8e6935a59763285f0a",""
"6","3","0","current","c2329aa008622953f95ab0acb344552cf2f4c9f8","752b815b612ca031ad9aa14de69534862010e68c985d7eb34455daed19a34187","vectorPerformance","likelihood8","Quantile","1","2","435851","4000","500","Complete","0.440473499","3.06E-5","0.3784859","0.061956999","0.4375","0.001","674482","4000","15438.964336306639","15424.356228106937","11497.88972532256","1.0006283061980878","0.01024848436056533","0","d045bb5c2ae5192b21902085068a9b62aa6f41d66d4132dc6affda22bcc4912d",""
"6","3","0","current","c2329aa008622953f95ab0acb344552cf2f4c9f8","752b815b612ca031ad9aa14de69534862010e68c985d7eb34455daed19a34187","vectorPerformance","likelihood8","Quantile","1","3","443770","4000","500","Complete","0.4362297","2.94E-5","0.3748148","0.0613855","0.4375","0.001","674770","4000","15279.141041189421","15290.437507693725","11098.089526704722","1.00060311853599","0.008195113181772185","0","14c0d80a24194a44695934e9fba1972daa6dc8b7383da72f1cd5837c36c4722d",""
"6","3","0","current","c2329aa008622953f95ab0acb344552cf2f4c9f8","752b815b612ca031ad9aa14de69534862010e68c985d7eb34455daed19a34187","vectorPerformance","likelihood8","Quantile","1","4","451689","4000","500","Complete","0.4397861","2.89E-5","0.377972999","0.061784201","0.421875","0.0","675588","4000","15378.326224840608","15396.096164831599","11613.462866841413","1.000726442029433","0.005885612388259281","0","dffab805aa7e6a415f84c4666b5b3033cb9751a54880ba72e95a79dc87652086",""
"6","3","0","current","c2329aa008622953f95ab0acb344552cf2f4c9f8","752b815b612ca031ad9aa14de69534862010e68c985d7eb34455daed19a34187","vectorPerformance","likelihood8","Quantile","2","-2","404175","4000","500","Complete","0.228248199","5.55E-5","0.1944588","0.033733899","0.46875","0.001","675623","4000","14553.603071888145","14560.448774995888","11253.189859649683","1.0007097070118298","0.003922918284137322","0","03828cdda4fc43583cac684014ff31176af4a34269763a886473aa7e641f0391",""
"6","3","0","current","c2329aa008622953f95ab0acb344552cf2f4c9f8","752b815b612ca031ad9aa14de69534862010e68c985d7eb34455daed19a34187","vectorPerformance","likelihood8","Quantile","2","-1","412094","4000","500","Complete","0.2339734","2.9899E-5","0.198113001","0.0358305","0.46875","0.002","674660","4000","15209.136106969212","15217.30790335651","11240.432710958032","1.0004372157752155","0.0052684685777992235","0","e259b6e006096a76873934a7876a399ffc6054ce8626e6a9f54fe4dc9a2a077b",""
"6","3","0","current","c2329aa008622953f95ab0acb344552cf2f4c9f8","752b815b612ca031ad9aa14de69534862010e68c985d7eb34455daed19a34187","vectorPerformance","likelihood8","Quantile","2","0","420013","4000","500","Complete","0.2322673","3.45E-5","0.19944","0.0327928","0.46875","0.002","673796","4000","15027.331818683551","15033.704474475824","10491.658637470435","1.0004326935079904","0.005338364077357494","0","a6b794bfac044c42b2225f202fe85edd749f09d343dadd0c6f9a8be5b72afda0",""
"6","3","0","current","c2329aa008622953f95ab0acb344552cf2f4c9f8","752b815b612ca031ad9aa14de69534862010e68c985d7eb34455daed19a34187","vectorPerformance","likelihood8","Quantile","2","1","427932","4000","500","Complete","0.231767301","5.8201E-5","0.1983988","0.0333103","0.5","0.002","673825","4000","15276.658872254206","15256.4622489339","11119.716918313663","1.000391617247902","0.006419580823759208","0","50e2cecd19fa21e7ea4301720423264b745a7096caa97d8e6935a59763285f0a",""
"6","3","0","current","c2329aa008622953f95ab0acb344552cf2f4c9f8","752b815b612ca031ad9aa14de69534862010e68c985d7eb34455daed19a34187","vectorPerformance","likelihood8","Quantile","2","2","435851","4000","500","Complete","0.2287668","3.03E-5","0.195508699","0.033227801","0.453125","0.0","674482","4000","15438.964336306639","15424.356228106937","11497.88972532256","1.0006283061980878","0.01024848436056533","0","d045bb5c2ae5192b21902085068a9b62aa6f41d66d4132dc6affda22bcc4912d",""
"6","3","0","current","c2329aa008622953f95ab0acb344552cf2f4c9f8","752b815b612ca031ad9aa14de69534862010e68c985d7eb34455daed19a34187","vectorPerformance","likelihood8","Quantile","2","3","443770","4000","500","Complete","0.2286262","3.02E-5","0.194927399","0.033668601","0.453125","0.0","674770","4000","15279.141041189421","15290.437507693725","11098.089526704722","1.00060311853599","0.008195113181772185","0","14c0d80a24194a44695934e9fba1972daa6dc8b7383da72f1cd5837c36c4722d",""
"6","3","0","current","c2329aa008622953f95ab0acb344552cf2f4c9f8","752b815b612ca031ad9aa14de69534862010e68c985d7eb34455daed19a34187","vectorPerformance","likelihood8","Quantile","2","4","451689","4000","500","Complete","0.229504899","2.9E-5","0.196153","0.033322899","0.46875","0.0","675588","4000","15378.326224840608","15396.096164831599","11613.462866841413","1.000726442029433","0.005885612388259281","0","dffab805aa7e6a415f84c4666b5b3033cb9751a54880ba72e95a79dc87652086",""
"6","3","0","current","c2329aa008622953f95ab0acb344552cf2f4c9f8","752b815b612ca031ad9aa14de69534862010e68c985d7eb34455daed19a34187","vectorPerformance","likelihood8","Quantile","4","-2","404175","4000","500","Complete","0.122225899","3.07E-5","0.1000326","0.022162599","0.515625","0.002","675623","4000","14553.603071888145","14560.448774995888","11253.189859649683","1.0007097070118298","0.003922918284137322","0","03828cdda4fc43583cac684014ff31176af4a34269763a886473aa7e641f0391",""
"6","3","0","current","c2329aa008622953f95ab0acb344552cf2f4c9f8","752b815b612ca031ad9aa14de69534862010e68c985d7eb34455daed19a34187","vectorPerformance","likelihood8","Quantile","4","-1","412094","4000","500","Complete","0.1231733","3.78E-5","0.1016749","0.0214606","0.46875","0.002","674660","4000","15209.136106969212","15217.30790335651","11240.432710958032","1.0004372157752155","0.0052684685777992235","0","e259b6e006096a76873934a7876a399ffc6054ce8626e6a9f54fe4dc9a2a077b",""
"6","3","0","current","c2329aa008622953f95ab0acb344552cf2f4c9f8","752b815b612ca031ad9aa14de69534862010e68c985d7eb34455daed19a34187","vectorPerformance","likelihood8","Quantile","4","0","420013","4000","500","Complete","0.120191999","3.01E-5","0.099967499","0.0201944","0.4375","0.0","673796","4000","15027.331818683551","15033.704474475824","10491.658637470435","1.0004326935079904","0.005338364077357494","0","a6b794bfac044c42b2225f202fe85edd749f09d343dadd0c6f9a8be5b72afda0",""
"6","3","0","current","c2329aa008622953f95ab0acb344552cf2f4c9f8","752b815b612ca031ad9aa14de69534862010e68c985d7eb34455daed19a34187","vectorPerformance","likelihood8","Quantile","4","1","427932","4000","500","Complete","0.119612301","5.8401E-5","0.0998866","0.0196673","0.515625","0.0","673825","4000","15276.658872254206","15256.4622489339","11119.716918313663","1.000391617247902","0.006419580823759208","0","50e2cecd19fa21e7ea4301720423264b745a7096caa97d8e6935a59763285f0a",""
"6","3","0","current","c2329aa008622953f95ab0acb344552cf2f4c9f8","752b815b612ca031ad9aa14de69534862010e68c985d7eb34455daed19a34187","vectorPerformance","likelihood8","Quantile","4","2","435851","4000","500","Complete","0.123128","3.1E-5","0.103818","0.019279","0.5","0.0","674482","4000","15438.964336306639","15424.356228106937","11497.88972532256","1.0006283061980878","0.01024848436056533","0","d045bb5c2ae5192b21902085068a9b62aa6f41d66d4132dc6affda22bcc4912d",""
"6","3","0","current","c2329aa008622953f95ab0acb344552cf2f4c9f8","752b815b612ca031ad9aa14de69534862010e68c985d7eb34455daed19a34187","vectorPerformance","likelihood8","Quantile","4","3","443770","4000","500","Complete","0.121504301","2.9601E-5","0.102536","0.0189387","0.5","0.002","674770","4000","15279.141041189421","15290.437507693725","11098.089526704722","1.00060311853599","0.008195113181772185","0","14c0d80a24194a44695934e9fba1972daa6dc8b7383da72f1cd5837c36c4722d",""
"6","3","0","current","c2329aa008622953f95ab0acb344552cf2f4c9f8","752b815b612ca031ad9aa14de69534862010e68c985d7eb34455daed19a34187","vectorPerformance","likelihood8","Quantile","4","4","451689","4000","500","Complete","0.1200947","3.05E-5","0.1015208","0.0185434","0.515625","0.002","675588","4000","15378.326224840608","15396.096164831599","11613.462866841413","1.000726442029433","0.005885612388259281","0","dffab805aa7e6a415f84c4666b5b3033cb9751a54880ba72e95a79dc87652086",""
"6","3","0","current","c2329aa008622953f95ab0acb344552cf2f4c9f8","752b815b612ca031ad9aa14de69534862010e68c985d7eb34455daed19a34187","vectorPerformance","mixture8","GPSS","1","-2","404175","4000","500","Complete","0.1324967","1.75E-5","0.0699431","0.0625361","0.125","0.0","229144","4000","14.257988816324646","29.19304971339808","41.12369705555653","1.0898522442939091","0.21935070608817098","8","3b6875e17ed27fe9805ded4d871f7b5f9d73e9def0157d2b9b3ca4e8933848aa",""
"6","3","0","current","c2329aa008622953f95ab0acb344552cf2f4c9f8","752b815b612ca031ad9aa14de69534862010e68c985d7eb34455daed19a34187","vectorPerformance","mixture8","GPSS","1","-1","412094","4000","500","Complete","0.132417999","1.63E-5","0.0692935","0.063108199","0.125","0.0","229290","4000","18.720999899350527","39.028622707399215","46.96121523232878","1.0731938076004162","0.17813809720195017","8","abf27d85ad57f604af02f9ce976cde68729c5e5b0b9868c8021e26e9e57c9cbb",""
"6","3","0","current","c2329aa008622953f95ab0acb344552cf2f4c9f8","752b815b612ca031ad9aa14de69534862010e68c985d7eb34455daed19a34187","vectorPerformance","mixture8","GPSS","1","0","420013","4000","500","Complete","0.132007601","1.7001E-5","0.0695346","0.062456","0.140625","0.0","230860","4000","11.197660818981081","21.159126284650732","49.74480814386594","1.1308094060468774","0.5016290019944878","8","f1a24a91ced5488ebfe513313caafc39cdc36be309bd0944b0aca511830cdc9b",""
"6","3","0","current","c2329aa008622953f95ab0acb344552cf2f4c9f8","752b815b612ca031ad9aa14de69534862010e68c985d7eb34455daed19a34187","vectorPerformance","mixture8","GPSS","1","1","427932","4000","500","Complete","0.1294092","1.8E-5","0.0696604","0.0597308","0.125","0.0","227656","4000","350.3365962359708","946.1959119121931","828.0407758236613","1.006187429279826","0.489472770444491","0","3048dd7a997ec08547ffedc643f4f8ad71fb08dfc61d73588f085fae9f3b2530",""
"6","3","0","current","c2329aa008622953f95ab0acb344552cf2f4c9f8","752b815b612ca031ad9aa14de69534862010e68c985d7eb34455daed19a34187","vectorPerformance","mixture8","GPSS","1","2","435851","4000","500","Complete","0.132196","1.76E-5","0.0697755","0.0624029","0.125","0.0","230320","4000","11.885382937205895","20.922381229748733","74.65086869430434","1.127517255169642","0.6163845076767369","8","a8b0c5d28390a6bbe639426c5f3d044100be601426210b18a9d9a12faa0fdcbb",""
"6","3","0","current","c2329aa008622953f95ab0acb344552cf2f4c9f8","752b815b612ca031ad9aa14de69534862010e68c985d7eb34455daed19a34187","vectorPerformance","mixture8","GPSS","1","3","443770","4000","500","Complete","0.129986401","1.8501E-5","0.0677673","0.0622006","0.125","0.0","228342","4000","32.15927038708645","138.24287084259578","31.951943081965528","1.0380332431121262","0.32314994313579937","8","fb914cb87efc1f88af4218573d1acfcb2cf7af7578bb3764f9313b6f1caf9c08",""
"6","3","0","current","c2329aa008622953f95ab0acb344552cf2f4c9f8","752b815b612ca031ad9aa14de69534862010e68c985d7eb34455daed19a34187","vectorPerformance","mixture8","GPSS","1","4","451689","4000","500","Complete","0.1356573","1.6899E-5","0.071329101","0.0643113","0.484375","0.001","231161","4000","11.42981152723505","18.51428192120557","82.97173289489884","1.1478873533286111","0.944470980985646","8","8c304b54387b3cfcaea9ca546733eb569997eadee97f924c60d4475ce4148eb9",""
"6","3","0","current","c2329aa008622953f95ab0acb344552cf2f4c9f8","752b815b612ca031ad9aa14de69534862010e68c985d7eb34455daed19a34187","vectorPerformance","mixture8","GPSS","2","-2","404175","4000","500","Complete","0.086933299","1.7399E-5","0.052866501","0.034049399","0.21875","0.001","229144","4000","14.257988816324646","29.19304971339808","41.12369705555653","1.0898522442939091","0.21935070608817098","8","3b6875e17ed27fe9805ded4d871f7b5f9d73e9def0157d2b9b3ca4e8933848aa",""
"6","3","0","current","c2329aa008622953f95ab0acb344552cf2f4c9f8","752b815b612ca031ad9aa14de69534862010e68c985d7eb34455daed19a34187","vectorPerformance","mixture8","GPSS","2","-1","412094","4000","500","Complete","0.082430599","1.67E-5","0.0454177","0.036996199","0.1875","0.002","229290","4000","18.720999899350527","39.028622707399215","46.96121523232878","1.0731938076004162","0.17813809720195017","8","abf27d85ad57f604af02f9ce976cde68729c5e5b0b9868c8021e26e9e57c9cbb",""
"6","3","0","current","c2329aa008622953f95ab0acb344552cf2f4c9f8","752b815b612ca031ad9aa14de69534862010e68c985d7eb34455daed19a34187","vectorPerformance","mixture8","GPSS","2","0","420013","4000","500","Complete","0.0768395","1.53E-5","0.0429516","0.0338726","0.140625","0.001","230860","4000","11.197660818981081","21.159126284650732","49.74480814386594","1.1308094060468774","0.5016290019944878","8","f1a24a91ced5488ebfe513313caafc39cdc36be309bd0944b0aca511830cdc9b",""
"6","3","0","current","c2329aa008622953f95ab0acb344552cf2f4c9f8","752b815b612ca031ad9aa14de69534862010e68c985d7eb34455daed19a34187","vectorPerformance","mixture8","GPSS","2","1","427932","4000","500","Complete","0.0739149","1.6499E-5","0.041291201","0.0326072","0.15625","0.001","227656","4000","350.3365962359708","946.1959119121931","828.0407758236613","1.006187429279826","0.489472770444491","0","3048dd7a997ec08547ffedc643f4f8ad71fb08dfc61d73588f085fae9f3b2530",""
"6","3","0","current","c2329aa008622953f95ab0acb344552cf2f4c9f8","752b815b612ca031ad9aa14de69534862010e68c985d7eb34455daed19a34187","vectorPerformance","mixture8","GPSS","2","2","435851","4000","500","Complete","0.075813","1.72E-5","0.0423197","0.0334761","0.15625","0.002","230320","4000","11.885382937205895","20.922381229748733","74.65086869430434","1.127517255169642","0.6163845076767369","8","a8b0c5d28390a6bbe639426c5f3d044100be601426210b18a9d9a12faa0fdcbb",""
"6","3","0","current","c2329aa008622953f95ab0acb344552cf2f4c9f8","752b815b612ca031ad9aa14de69534862010e68c985d7eb34455daed19a34187","vectorPerformance","mixture8","GPSS","2","3","443770","4000","500","Complete","0.0785419","1.73E-5","0.045801","0.0327236","0.1875","0.001","228342","4000","32.15927038708645","138.24287084259578","31.951943081965528","1.0380332431121262","0.32314994313579937","8","fb914cb87efc1f88af4218573d1acfcb2cf7af7578bb3764f9313b6f1caf9c08",""
"6","3","0","current","c2329aa008622953f95ab0acb344552cf2f4c9f8","752b815b612ca031ad9aa14de69534862010e68c985d7eb34455daed19a34187","vectorPerformance","mixture8","GPSS","2","4","451689","4000","500","Complete","0.0772689","1.66E-5","0.043117699","0.034134601","0.15625","0.001","231161","4000","11.42981152723505","18.51428192120557","82.97173289489884","1.1478873533286111","0.944470980985646","8","8c304b54387b3cfcaea9ca546733eb569997eadee97f924c60d4475ce4148eb9",""
"6","3","0","current","c2329aa008622953f95ab0acb344552cf2f4c9f8","752b815b612ca031ad9aa14de69534862010e68c985d7eb34455daed19a34187","vectorPerformance","mixture8","GPSS","4","-2","404175","4000","500","Complete","0.0623369","1.62E-5","0.0416216","0.0206991","0.234375","0.0","229144","4000","14.257988816324646","29.19304971339808","41.12369705555653","1.0898522442939091","0.21935070608817098","8","3b6875e17ed27fe9805ded4d871f7b5f9d73e9def0157d2b9b3ca4e8933848aa",""
"6","3","0","current","c2329aa008622953f95ab0acb344552cf2f4c9f8","752b815b612ca031ad9aa14de69534862010e68c985d7eb34455daed19a34187","vectorPerformance","mixture8","GPSS","4","-1","412094","4000","500","Complete","0.0596063","1.64E-5","0.0406502","0.0189397","0.234375","0.001","229290","4000","18.720999899350527","39.028622707399215","46.96121523232878","1.0731938076004162","0.17813809720195017","8","abf27d85ad57f604af02f9ce976cde68729c5e5b0b9868c8021e26e9e57c9cbb",""
"6","3","0","current","c2329aa008622953f95ab0acb344552cf2f4c9f8","752b815b612ca031ad9aa14de69534862010e68c985d7eb34455daed19a34187","vectorPerformance","mixture8","GPSS","4","0","420013","4000","500","Complete","0.0608497","1.89E-5","0.039954199","0.020876601","0.25","0.0","230860","4000","11.197660818981081","21.159126284650732","49.74480814386594","1.1308094060468774","0.5016290019944878","8","f1a24a91ced5488ebfe513313caafc39cdc36be309bd0944b0aca511830cdc9b",""
"6","3","0","current","c2329aa008622953f95ab0acb344552cf2f4c9f8","752b815b612ca031ad9aa14de69534862010e68c985d7eb34455daed19a34187","vectorPerformance","mixture8","GPSS","4","1","427932","4000","500","Complete","0.057863401","1.79E-5","0.040195801","0.0176497","0.234375","0.0","227656","4000","350.3365962359708","946.1959119121931","828.0407758236613","1.006187429279826","0.489472770444491","0","3048dd7a997ec08547ffedc643f4f8ad71fb08dfc61d73588f085fae9f3b2530",""
"6","3","0","current","c2329aa008622953f95ab0acb344552cf2f4c9f8","752b815b612ca031ad9aa14de69534862010e68c985d7eb34455daed19a34187","vectorPerformance","mixture8","GPSS","4","2","435851","4000","500","Complete","0.0596259","1.92E-5","0.0388895","0.0207172","0.25","0.001","230320","4000","11.885382937205895","20.922381229748733","74.65086869430434","1.127517255169642","0.6163845076767369","8","a8b0c5d28390a6bbe639426c5f3d044100be601426210b18a9d9a12faa0fdcbb",""
"6","3","0","current","c2329aa008622953f95ab0acb344552cf2f4c9f8","752b815b612ca031ad9aa14de69534862010e68c985d7eb34455daed19a34187","vectorPerformance","mixture8","GPSS","4","3","443770","4000","500","Complete","0.057858801","1.7101E-5","0.0389772","0.0188645","0.1875","0.0","228342","4000","32.15927038708645","138.24287084259578","31.951943081965528","1.0380332431121262","0.32314994313579937","8","fb914cb87efc1f88af4218573d1acfcb2cf7af7578bb3764f9313b6f1caf9c08",""
"6","3","0","current","c2329aa008622953f95ab0acb344552cf2f4c9f8","752b815b612ca031ad9aa14de69534862010e68c985d7eb34455daed19a34187","vectorPerformance","mixture8","GPSS","4","4","451689","4000","500","Complete","0.0617908","1.8199E-5","0.0421823","0.019590301","0.28125","0.0","231161","4000","11.42981152723505","18.51428192120557","82.97173289489884","1.1478873533286111","0.944470980985646","8","8c304b54387b3cfcaea9ca546733eb569997eadee97f924c60d4475ce4148eb9",""
"6","3","0","current","c2329aa008622953f95ab0acb344552cf2f4c9f8","752b815b612ca031ad9aa14de69534862010e68c985d7eb34455daed19a34187","vectorPerformance","mixture8","Quantile","1","-2","404175","4000","500","Complete","0.2256626","3.16E-5","0.1585924","0.0670386","0.234375","0.002","794544","4000","4.187636809868029","7.060337598855363","26.16378128764236","1.5288331364789502","3.256985326991021","8","08478ec37e7016f0a746f5541369d3f27e6780b3d77ac0dd3727aedc458b8a7f",""
"6","3","0","current","c2329aa008622953f95ab0acb344552cf2f4c9f8","752b815b612ca031ad9aa14de69534862010e68c985d7eb34455daed19a34187","vectorPerformance","mixture8","Quantile","1","-1","412094","4000","500","Complete","0.2238708","1.78E-5","0.1633581","0.0604949","0.21875","0.002","816779","4000","13172.219750891138","13222.282432153374","9557.095877190202","1.0009523655339596","4.505381108384656","0","df0a2d121acaf8121fe4585bac661d116d56b94d4bbd87d7554b9b56bc69a16b",""
"6","3","0","current","c2329aa008622953f95ab0acb344552cf2f4c9f8","752b815b612ca031ad9aa14de69534862010e68c985d7eb34455daed19a34187","vectorPerformance","mixture8","Quantile","1","0","420013","4000","500","Complete","0.2286916","1.61E-5","0.1595956","0.0690799","0.234375","0.0","794198","4000","4.186058672517822","7.066033020998243","25.872565892706334","1.528293121197245","3.254959184947837","8","298edcccf4cb67bd1d71a2c67eaac49d9c2f065b01ce89b5a425470b4ac34246",""
"6","3","0","current","c2329aa008622953f95ab0acb344552cf2f4c9f8","752b815b612ca031ad9aa14de69534862010e68c985d7eb34455daed19a34187","vectorPerformance","mixture8","Quantile","1","1","427932","4000","500","Complete","0.219381899","1.56E-5","0.154466299","0.0649","0.25","0.001","793428","4000","4.1830750512240416","7.063117190644894","25.56957561795727","1.5283657513611182","3.2567621870613133","8","273d5a969b71614959a723e90feee880f8890fbdd52ed734512ecdb8349192a1",""
"6","3","0","current","c2329aa008622953f95ab0acb344552cf2f4c9f8","752b815b612ca031ad9aa14de69534862010e68c985d7eb34455daed19a34187","vectorPerformance","mixture8","Quantile","1","2","435851","4000","500","Complete","0.2248739","1.48E-5","0.1623019","0.0625572","0.21875","0.002","819559","4000","13453.176078554361","13421.262962358194","9216.280792110578","1.0005674240480147","4.502788958677054","0","d8c678a9202d9a68411f907dc58204bfa1e84fa81561ad1055f777dd4b42c6f2",""
"6","3","0","current","c2329aa008622953f95ab0acb344552cf2f4c9f8","752b815b612ca031ad9aa14de69534862010e68c985d7eb34455daed19a34187","vectorPerformance","mixture8","Quantile","1","3","443770","4000","500","Complete","0.223537199","1.46E-5","0.1624845","0.061038099","0.234375","0.002","818525","4000","14133.815442025896","14200.524096105466","9050.625427824825","1.0007425189374404","4.512149086714977","0","1bb1a4f128a60c3df02103528fa01749d02171821dd07470e5dae7f5e8630625",""
"6","3","0","current","c2329aa008622953f95ab0acb344552cf2f4c9f8","752b815b612ca031ad9aa14de69534862010e68c985d7eb34455daed19a34187","vectorPerformance","mixture8","Quantile","1","4","451689","4000","500","Complete","0.2243709","1.63E-5","0.159385","0.0649696","0.21875","0.001","819229","4000","12826.818650755431","12819.884446949432","9099.649034826969","1.000430048273552","4.504000123365279","0","678212121ddd43756b45e7bd2e21e3caba79bf54b0c78a22985c55552046cf37",""
"6","3","0","current","c2329aa008622953f95ab0acb344552cf2f4c9f8","752b815b612ca031ad9aa14de69534862010e68c985d7eb34455daed19a34187","vectorPerformance","mixture8","Quantile","2","-2","404175","4000","500","Complete","0.1314713","1.68E-5","0.096839","0.0346155","0.28125","0.001","794544","4000","4.187636809868029","7.060337598855363","26.16378128764236","1.5288331364789502","3.256985326991021","8","08478ec37e7016f0a746f5541369d3f27e6780b3d77ac0dd3727aedc458b8a7f",""
"6","3","0","current","c2329aa008622953f95ab0acb344552cf2f4c9f8","752b815b612ca031ad9aa14de69534862010e68c985d7eb34455daed19a34187","vectorPerformance","mixture8","Quantile","2","-1","412094","4000","500","Complete","0.137058699","2.36E-5","0.1031593","0.033875799","0.28125","0.002","816779","4000","13172.219750891138","13222.282432153374","9557.095877190202","1.0009523655339596","4.505381108384656","0","df0a2d121acaf8121fe4585bac661d116d56b94d4bbd87d7554b9b56bc69a16b",""
"6","3","0","current","c2329aa008622953f95ab0acb344552cf2f4c9f8","752b815b612ca031ad9aa14de69534862010e68c985d7eb34455daed19a34187","vectorPerformance","mixture8","Quantile","2","0","420013","4000","500","Complete","0.1334457","1.63E-5","0.0968002","0.0366292","0.265625","0.0","794198","4000","4.186058672517822","7.066033020998243","25.872565892706334","1.528293121197245","3.254959184947837","8","298edcccf4cb67bd1d71a2c67eaac49d9c2f065b01ce89b5a425470b4ac34246",""
"6","3","0","current","c2329aa008622953f95ab0acb344552cf2f4c9f8","752b815b612ca031ad9aa14de69534862010e68c985d7eb34455daed19a34187","vectorPerformance","mixture8","Quantile","2","1","427932","4000","500","Complete","0.1347073","1.72E-5","0.0991863","0.0355038","0.25","0.001","793428","4000","4.1830750512240416","7.063117190644894","25.56957561795727","1.5283657513611182","3.2567621870613133","8","273d5a969b71614959a723e90feee880f8890fbdd52ed734512ecdb8349192a1",""
"6","3","0","current","c2329aa008622953f95ab0acb344552cf2f4c9f8","752b815b612ca031ad9aa14de69534862010e68c985d7eb34455daed19a34187","vectorPerformance","mixture8","Quantile","2","2","435851","4000","500","Complete","0.1320283","1.66E-5","0.0990692","0.0329425","0.25","0.001","819559","4000","13453.176078554361","13421.262962358194","9216.280792110578","1.0005674240480147","4.502788958677054","0","d8c678a9202d9a68411f907dc58204bfa1e84fa81561ad1055f777dd4b42c6f2",""
"6","3","0","current","c2329aa008622953f95ab0acb344552cf2f4c9f8","752b815b612ca031ad9aa14de69534862010e68c985d7eb34455daed19a34187","vectorPerformance","mixture8","Quantile","2","3","443770","4000","500","Complete","0.130772101","1.57E-5","0.0987336","0.032022801","0.25","0.001","818525","4000","14133.815442025896","14200.524096105466","9050.625427824825","1.0007425189374404","4.512149086714977","0","1bb1a4f128a60c3df02103528fa01749d02171821dd07470e5dae7f5e8630625",""
"6","3","0","current","c2329aa008622953f95ab0acb344552cf2f4c9f8","752b815b612ca031ad9aa14de69534862010e68c985d7eb34455daed19a34187","vectorPerformance","mixture8","Quantile","2","4","451689","4000","500","Complete","0.134329899","1.47E-5","0.102093","0.032222199","0.25","0.002","819229","4000","12826.818650755431","12819.884446949432","9099.649034826969","1.000430048273552","4.504000123365279","0","678212121ddd43756b45e7bd2e21e3caba79bf54b0c78a22985c55552046cf37",""
"6","3","0","current","c2329aa008622953f95ab0acb344552cf2f4c9f8","752b815b612ca031ad9aa14de69534862010e68c985d7eb34455daed19a34187","vectorPerformance","mixture8","Quantile","4","-2","404175","4000","500","Complete","0.098808399","1.54E-5","0.0772471","0.021545899","0.65625","0.002","794544","4000","4.187636809868029","7.060337598855363","26.16378128764236","1.5288331364789502","3.256985326991021","8","08478ec37e7016f0a746f5541369d3f27e6780b3d77ac0dd3727aedc458b8a7f",""
"6","3","0","current","c2329aa008622953f95ab0acb344552cf2f4c9f8","752b815b612ca031ad9aa14de69534862010e68c985d7eb34455daed19a34187","vectorPerformance","mixture8","Quantile","4","-1","412094","4000","500","Complete","0.105374901","1.61E-5","0.0826937","0.022665101","0.59375","0.003","816779","4000","13172.219750891138","13222.282432153374","9557.095877190202","1.0009523655339596","4.505381108384656","0","df0a2d121acaf8121fe4585bac661d116d56b94d4bbd87d7554b9b56bc69a16b",""
"6","3","0","current","c2329aa008622953f95ab0acb344552cf2f4c9f8","752b815b612ca031ad9aa14de69534862010e68c985d7eb34455daed19a34187","vectorPerformance","mixture8","Quantile","4","0","420013","4000","500","Complete","0.1010423","1.64E-5","0.0785287","0.0224972","0.359375","0.001","794198","4000","4.186058672517822","7.066033020998243","25.872565892706334","1.528293121197245","3.254959184947837","8","298edcccf4cb67bd1d71a2c67eaac49d9c2f065b01ce89b5a425470b4ac34246",""
"6","3","0","current","c2329aa008622953f95ab0acb344552cf2f4c9f8","752b815b612ca031ad9aa14de69534862010e68c985d7eb34455daed19a34187","vectorPerformance","mixture8","Quantile","4","1","427932","4000","500","Complete","0.097636399","1.5599E-5","0.075791601","0.021829199","0.359375","0.0","793428","4000","4.1830750512240416","7.063117190644894","25.56957561795727","1.5283657513611182","3.2567621870613133","8","273d5a969b71614959a723e90feee880f8890fbdd52ed734512ecdb8349192a1",""
"6","3","0","current","c2329aa008622953f95ab0acb344552cf2f4c9f8","752b815b612ca031ad9aa14de69534862010e68c985d7eb34455daed19a34187","vectorPerformance","mixture8","Quantile","4","2","435851","4000","500","Complete","0.095626699","1.57E-5","0.0760193","0.019591699","0.4375","0.001","819559","4000","13453.176078554361","13421.262962358194","9216.280792110578","1.0005674240480147","4.502788958677054","0","d8c678a9202d9a68411f907dc58204bfa1e84fa81561ad1055f777dd4b42c6f2",""
"6","3","0","current","c2329aa008622953f95ab0acb344552cf2f4c9f8","752b815b612ca031ad9aa14de69534862010e68c985d7eb34455daed19a34187","vectorPerformance","mixture8","Quantile","4","3","443770","4000","500","Complete","0.097283199","1.48E-5","0.0781108","0.019157599","0.4375","0.002","818525","4000","14133.815442025896","14200.524096105466","9050.625427824825","1.0007425189374404","4.512149086714977","0","1bb1a4f128a60c3df02103528fa01749d02171821dd07470e5dae7f5e8630625",""
"6","3","0","current","c2329aa008622953f95ab0acb344552cf2f4c9f8","752b815b612ca031ad9aa14de69534862010e68c985d7eb34455daed19a34187","vectorPerformance","mixture8","Quantile","4","4","451689","4000","500","Complete","0.0943813","1.55E-5","0.0742094","0.0201564","0.5625","0.002","819229","4000","12826.818650755431","12819.884446949432","9099.649034826969","1.000430048273552","4.504000123365279","0","678212121ddd43756b45e7bd2e21e3caba79bf54b0c78a22985c55552046cf37",""
"6","3","0","current","c2329aa008622953f95ab0acb344552cf2f4c9f8","752b815b612ca031ad9aa14de69534862010e68c985d7eb34455daed19a34187","vectorPerformance","positive32","GPSS","1","-2","404175","4000","500","Complete","0.419474","2.3499E-5","0.177063001","0.2423875","0.40625","0.002","312248","4000","6.507081555422677","8.267454120088496","11.239726363241573","1.4243493212370788","0.9111742118510904","32","e1f462be7160698fc96433c37d8e6460fa2b583d96e58a05af89904985ee97c5",""
"6","3","0","current","c2329aa008622953f95ab0acb344552cf2f4c9f8","752b815b612ca031ad9aa14de69534862010e68c985d7eb34455daed19a34187","vectorPerformance","positive32","GPSS","1","-1","412094","4000","500","Complete","0.4223645","2.31E-5","0.1767657","0.2455757","0.4375","0.003","312989","4000","5.495322761597328","8.012492423835413","12.29336507256984","1.4621066333934736","0.5327465027759886","32","047503de7ceb57f45f2c33ddf27b78c64d75cb6665a40538a8909c85da9d2c02",""
"6","3","0","current","c2329aa008622953f95ab0acb344552cf2f4c9f8","752b815b612ca031ad9aa14de69534862010e68c985d7eb34455daed19a34187","vectorPerformance","positive32","GPSS","1","0","420013","4000","500","Complete","0.4210229","2.4E-5","0.1802625","0.2407364","0.421875","0.003","315080","4000","5.054210848500271","6.4086389980297715","11.498400167812514","1.682066869867944","1.124774421937512","32","9182bbb858877f9a625ab3c8ae05e7120fdc466f42d5a1dceccf9395da6065e9",""
"6","3","0","current","c2329aa008622953f95ab0acb344552cf2f4c9f8","752b815b612ca031ad9aa14de69534862010e68c985d7eb34455daed19a34187","vectorPerformance","positive32","GPSS","1","1","427932","4000","500","Complete","0.4221035","2.37E-5","0.1764555","0.2456243","0.4375","0.004","310499","4000","4.949526595516298","7.4253970060875725","11.370735805288119","1.496332455560683","0.5218258205642705","32","f0d7064a140efac0e8d7992843e936b5b1ea4f33b336f96c18ed34d07d4ff733",""
"6","3","0","current","c2329aa008622953f95ab0acb344552cf2f4c9f8","752b815b612ca031ad9aa14de69534862010e68c985d7eb34455daed19a34187","vectorPerformance","positive32","GPSS","1","2","435851","4000","500","Complete","0.4286251","2.33E-5","0.181113999","0.247487801","0.421875","0.004","312895","4000","6.595439608345559","8.875134343603566","10.947737821804315","1.3815878832703925","0.38311879002350624","32","0365e43fa384cead64ff9f89d32ea3ea9edfdb1f4523fadebe6c708ca213e343",""
"6","3","0","current","c2329aa008622953f95ab0acb344552cf2f4c9f8","752b815b612ca031ad9aa14de69534862010e68c985d7eb34455daed19a34187","vectorPerformance","positive32","GPSS","1","3","443770","4000","500","Complete","0.4300407","2.3401E-5","0.1820232","0.247994099","0.4375","0.006","322378","4000","4.786571198089734","5.896539279571406","11.375709989448119","1.7909712039019074","1.5561805918696656","32","6ad6daee0ad4e8690da4c2f3a9ad5ab953ab95d6f3a80ac9994366367dae6f68",""
"6","3","0","current","c2329aa008622953f95ab0acb344552cf2f4c9f8","752b815b612ca031ad9aa14de69534862010e68c985d7eb34455daed19a34187","vectorPerformance","positive32","GPSS","1","4","451689","4000","500","Complete","0.4205746","2.43E-5","0.178568699","0.241981601","0.421875","0.003","312493","4000","7.11180708957874","8.71283262637544","16.641164170760746","1.408214647506748","0.6415784047018325","32","b56b7859597de05ce23273ba96ae874e4baee6fad0f20d955b87448e5465d676",""
"6","3","0","current","c2329aa008622953f95ab0acb344552cf2f4c9f8","752b815b612ca031ad9aa14de69534862010e68c985d7eb34455daed19a34187","vectorPerformance","positive32","GPSS","2","-2","404175","4000","500","Complete","0.2500749","2.3199E-5","0.119321901","0.1307298","0.578125","0.002","312248","4000","6.507081555422677","8.267454120088496","11.239726363241573","1.4243493212370788","0.9111742118510904","32","e1f462be7160698fc96433c37d8e6460fa2b583d96e58a05af89904985ee97c5",""
"6","3","0","current","c2329aa008622953f95ab0acb344552cf2f4c9f8","752b815b612ca031ad9aa14de69534862010e68c985d7eb34455daed19a34187","vectorPerformance","positive32","GPSS","2","-1","412094","4000","500","Complete","0.2405126","2.36E-5","0.1056291","0.1348599","0.4375","0.004","312989","4000","5.495322761597328","8.012492423835413","12.29336507256984","1.4621066333934736","0.5327465027759886","32","047503de7ceb57f45f2c33ddf27b78c64d75cb6665a40538a8909c85da9d2c02",""
"6","3","0","current","c2329aa008622953f95ab0acb344552cf2f4c9f8","752b815b612ca031ad9aa14de69534862010e68c985d7eb34455daed19a34187","vectorPerformance","positive32","GPSS","2","0","420013","4000","500","Complete","0.237901799","2.4099E-5","0.105333301","0.132544399","0.46875","0.003","315080","4000","5.054210848500271","6.4086389980297715","11.498400167812514","1.682066869867944","1.124774421937512","32","9182bbb858877f9a625ab3c8ae05e7120fdc466f42d5a1dceccf9395da6065e9",""
"6","3","0","current","c2329aa008622953f95ab0acb344552cf2f4c9f8","752b815b612ca031ad9aa14de69534862010e68c985d7eb34455daed19a34187","vectorPerformance","positive32","GPSS","2","1","427932","4000","500","Complete","0.238211","2.5301E-5","0.105374499","0.1328112","0.46875","0.004","310499","4000","4.949526595516298","7.4253970060875725","11.370735805288119","1.496332455560683","0.5218258205642705","32","f0d7064a140efac0e8d7992843e936b5b1ea4f33b336f96c18ed34d07d4ff733",""
"6","3","0","current","c2329aa008622953f95ab0acb344552cf2f4c9f8","752b815b612ca031ad9aa14de69534862010e68c985d7eb34455daed19a34187","vectorPerformance","positive32","GPSS","2","2","435851","4000","500","Complete","0.2456209","2.2E-5","0.113308999","0.132289901","0.515625","0.003","312895","4000","6.595439608345559","8.875134343603566","10.947737821804315","1.3815878832703925","0.38311879002350624","32","0365e43fa384cead64ff9f89d32ea3ea9edfdb1f4523fadebe6c708ca213e343",""
"6","3","0","current","c2329aa008622953f95ab0acb344552cf2f4c9f8","752b815b612ca031ad9aa14de69534862010e68c985d7eb34455daed19a34187","vectorPerformance","positive32","GPSS","2","3","443770","4000","500","Complete","0.2415037","2.5099E-5","0.111734101","0.1297445","0.5","0.003","322378","4000","4.786571198089734","5.896539279571406","11.375709989448119","1.7909712039019074","1.5561805918696656","32","6ad6daee0ad4e8690da4c2f3a9ad5ab953ab95d6f3a80ac9994366367dae6f68",""
"6","3","0","current","c2329aa008622953f95ab0acb344552cf2f4c9f8","752b815b612ca031ad9aa14de69534862010e68c985d7eb34455daed19a34187","vectorPerformance","positive32","GPSS","2","4","451689","4000","500","Complete","0.2371858","2.18E-5","0.1081405","0.1290235","0.46875","0.003","312493","4000","7.11180708957874","8.71283262637544","16.641164170760746","1.408214647506748","0.6415784047018325","32","b56b7859597de05ce23273ba96ae874e4baee6fad0f20d955b87448e5465d676",""
"6","3","0","current","c2329aa008622953f95ab0acb344552cf2f4c9f8","752b815b612ca031ad9aa14de69534862010e68c985d7eb34455daed19a34187","vectorPerformance","positive32","GPSS","4","-2","404175","4000","500","Complete","0.176071301","3.3001E-5","0.0983397","0.0776986","0.6875","0.004","312248","4000","6.507081555422677","8.267454120088496","11.239726363241573","1.4243493212370788","0.9111742118510904","32","e1f462be7160698fc96433c37d8e6460fa2b583d96e58a05af89904985ee97c5",""
"6","3","0","current","c2329aa008622953f95ab0acb344552cf2f4c9f8","752b815b612ca031ad9aa14de69534862010e68c985d7eb34455daed19a34187","vectorPerformance","positive32","GPSS","4","-1","412094","4000","500","Complete","0.169173499","2.53E-5","0.09004","0.079108199","0.984375","0.004","312989","4000","5.495322761597328","8.012492423835413","12.29336507256984","1.4621066333934736","0.5327465027759886","32","047503de7ceb57f45f2c33ddf27b78c64d75cb6665a40538a8909c85da9d2c02",""
"6","3","0","current","c2329aa008622953f95ab0acb344552cf2f4c9f8","752b815b612ca031ad9aa14de69534862010e68c985d7eb34455daed19a34187","vectorPerformance","positive32","GPSS","4","0","420013","4000","500","Complete","0.166746","2.31E-5","0.093287499","0.073435401","0.6875","0.003","315080","4000","5.054210848500271","6.4086389980297715","11.498400167812514","1.682066869867944","1.124774421937512","32","9182bbb858877f9a625ab3c8ae05e7120fdc466f42d5a1dceccf9395da6065e9",""
"6","3","0","current","c2329aa008622953f95ab0acb344552cf2f4c9f8","752b815b612ca031ad9aa14de69534862010e68c985d7eb34455daed19a34187","vectorPerformance","positive32","GPSS","4","1","427932","4000","500","Complete","0.166946801","2.2401E-5","0.0923716","0.0745528","0.609375","0.003","310499","4000","4.949526595516298","7.4253970060875725","11.370735805288119","1.496332455560683","0.5218258205642705","32","f0d7064a140efac0e8d7992843e936b5b1ea4f33b336f96c18ed34d07d4ff733",""
"6","3","0","current","c2329aa008622953f95ab0acb344552cf2f4c9f8","752b815b612ca031ad9aa14de69534862010e68c985d7eb34455daed19a34187","vectorPerformance","positive32","GPSS","4","2","435851","4000","500","Complete","0.1697781","2.3901E-5","0.0954034","0.074350799","0.6875","0.003","312895","4000","6.595439608345559","8.875134343603566","10.947737821804315","1.3815878832703925","0.38311879002350624","32","0365e43fa384cead64ff9f89d32ea3ea9edfdb1f4523fadebe6c708ca213e343",""
"6","3","0","current","c2329aa008622953f95ab0acb344552cf2f4c9f8","752b815b612ca031ad9aa14de69534862010e68c985d7eb34455daed19a34187","vectorPerformance","positive32","GPSS","4","3","443770","4000","500","Complete","0.179450801","2.4101E-5","0.100513299","0.078913401","0.78125","0.004","322378","4000","4.786571198089734","5.896539279571406","11.375709989448119","1.7909712039019074","1.5561805918696656","32","6ad6daee0ad4e8690da4c2f3a9ad5ab953ab95d6f3a80ac9994366367dae6f68",""
"6","3","0","current","c2329aa008622953f95ab0acb344552cf2f4c9f8","752b815b612ca031ad9aa14de69534862010e68c985d7eb34455daed19a34187","vectorPerformance","positive32","GPSS","4","4","451689","4000","500","Complete","0.169559101","2.4601E-5","0.094135999","0.075398501","0.5625","0.004","312493","4000","7.11180708957874","8.71283262637544","16.641164170760746","1.408214647506748","0.6415784047018325","32","b56b7859597de05ce23273ba96ae874e4baee6fad0f20d955b87448e5465d676",""
"6","3","0","current","c2329aa008622953f95ab0acb344552cf2f4c9f8","752b815b612ca031ad9aa14de69534862010e68c985d7eb34455daed19a34187","vectorPerformance","positive32","Quantile","1","-2","404175","4000","500","Complete","0.6470879","2.6E-5","0.404087399","0.242974501","0.640625","0.007","2332703","4000","8030.260361578566","7443.725542312934","10980.95587684255","1.0012073242374708","0.03162578897149504","0","109d1589a3cfa1856056d074588bf62a00242342be20aaa02c7f9fa0c3d02464",""
"6","3","0","current","c2329aa008622953f95ab0acb344552cf2f4c9f8","752b815b612ca031ad9aa14de69534862010e68c985d7eb34455daed19a34187","vectorPerformance","positive32","Quantile","1","-1","412094","4000","500","Complete","0.6730535","2.1599E-5","0.403108001","0.2699239","0.671875","0.006","2332056","4000","7849.260320702932","7497.08911341319","10218.844461352033","1.000850226319869","0.023734462941020107","0","2e7ae8f39b7d995378c03be6210919257cb3c5da65a71f7499cfe9fc1c43ddaa",""
"6","3","0","current","c2329aa008622953f95ab0acb344552cf2f4c9f8","752b815b612ca031ad9aa14de69534862010e68c985d7eb34455daed19a34187","vectorPerformance","positive32","Quantile","1","0","420013","4000","500","Complete","0.6575309","1.084E-4","0.4143803","0.2430422","0.6875","0.007","2331456","4000","8061.462008922536","7644.287188277893","10396.228328686206","1.000767355772193","0.026399068267307313","0","b1c80d02d980f561db28b8e8c75872a90bfe94527189f07f4dfe1c9226d272e5",""
"6","3","0","current","c2329aa008622953f95ab0acb344552cf2f4c9f8","752b815b612ca031ad9aa14de69534862010e68c985d7eb34455daed19a34187","vectorPerformance","positive32","Quantile","1","1","427932","4000","500","Complete","0.650057199","1.99E-5","0.3997516","0.250285699","0.703125","0.009","2330866","4000","7748.716822064378","7364.471868294603","10702.763364386927","1.0006942215274883","0.030448865944532777","0","218737eae3e2da277e8b65fe3a76bd5f04046950597185a676bdc475001c1e46",""
"6","3","0","current","c2329aa008622953f95ab0acb344552cf2f4c9f8","752b815b612ca031ad9aa14de69534862010e68c985d7eb34455daed19a34187","vectorPerformance","positive32","Quantile","1","2","435851","4000","500","Complete","0.6525608","1.99E-5","0.400385899","0.252155001","0.6875","0.012","2331863","4000","7994.761109518766","7444.795092892279","10756.070846197807","1.0010742652566522","0.026722483101742966","0","fb50892c47662c7c9c7473b45775635e782a20ef09488c3bc7f407bd559adfe3",""
"6","3","0","current","c2329aa008622953f95ab0acb344552cf2f4c9f8","752b815b612ca031ad9aa14de69534862010e68c985d7eb34455daed19a34187","vectorPerformance","positive32","Quantile","1","3","443770","4000","500","Complete","0.651368199","5.02E-5","0.407006499","0.2443115","1.0","0.007","2331071","4000","8046.326204198977","7094.826103737033","10587.156707045673","1.0006492486922247","0.022192055198105076","0","ea829d033823c80e3ad79c2bf9f4c957103c19055e7f39ac840ae3dd8ecf7787",""
"6","3","0","current","c2329aa008622953f95ab0acb344552cf2f4c9f8","752b815b612ca031ad9aa14de69534862010e68c985d7eb34455daed19a34187","vectorPerformance","positive32","Quantile","1","4","451689","4000","500","Complete","0.6601334","7.36E-5","0.406826199","0.253233601","0.640625","0.01","2329615","4000","8049.572429524939","7585.9302215949265","10803.178568962107","1.001435614653514","0.019996657665890316","0","f2275fab90488b6e0703edb3fe7b6bef8718ce8c0b14a645dc9d2b61880d135c",""
"6","3","0","current","c2329aa008622953f95ab0acb344552cf2f4c9f8","752b815b612ca031ad9aa14de69534862010e68c985d7eb34455daed19a34187","vectorPerformance","positive32","Quantile","2","-2","404175","4000","500","Complete","0.3647802","2.01E-5","0.238378599","0.126381501","1.078125","0.006","2332703","4000","8030.260361578566","7443.725542312934","10980.95587684255","1.0012073242374708","0.03162578897149504","0","109d1589a3cfa1856056d074588bf62a00242342be20aaa02c7f9fa0c3d02464",""
"6","3","0","current","c2329aa008622953f95ab0acb344552cf2f4c9f8","752b815b612ca031ad9aa14de69534862010e68c985d7eb34455daed19a34187","vectorPerformance","positive32","Quantile","2","-1","412094","4000","500","Complete","0.345455001","2.1401E-5","0.2194851","0.1259485","1.0","0.006","2332056","4000","7849.260320702932","7497.08911341319","10218.844461352033","1.000850226319869","0.023734462941020107","0","2e7ae8f39b7d995378c03be6210919257cb3c5da65a71f7499cfe9fc1c43ddaa",""
"6","3","0","current","c2329aa008622953f95ab0acb344552cf2f4c9f8","752b815b612ca031ad9aa14de69534862010e68c985d7eb34455daed19a34187","vectorPerformance","positive32","Quantile","2","0","420013","4000","500","Complete","0.350539499","2.02E-5","0.2246689","0.125850399","1.015625","0.006","2331456","4000","8061.462008922536","7644.287188277893","10396.228328686206","1.000767355772193","0.026399068267307313","0","b1c80d02d980f561db28b8e8c75872a90bfe94527189f07f4dfe1c9226d272e5",""
"6","3","0","current","c2329aa008622953f95ab0acb344552cf2f4c9f8","752b815b612ca031ad9aa14de69534862010e68c985d7eb34455daed19a34187","vectorPerformance","positive32","Quantile","2","1","427932","4000","500","Complete","0.3455079","2.2399E-5","0.219671701","0.1258138","0.703125","0.005","2330866","4000","7748.716822064378","7364.471868294603","10702.763364386927","1.0006942215274883","0.030448865944532777","0","218737eae3e2da277e8b65fe3a76bd5f04046950597185a676bdc475001c1e46",""
"6","3","0","current","c2329aa008622953f95ab0acb344552cf2f4c9f8","752b815b612ca031ad9aa14de69534862010e68c985d7eb34455daed19a34187","vectorPerformance","positive32","Quantile","2","2","435851","4000","500","Complete","0.3533676","1.95E-5","0.2220076","0.1313405","0.71875","0.007","2331863","4000","7994.761109518766","7444.795092892279","10756.070846197807","1.0010742652566522","0.026722483101742966","0","fb50892c47662c7c9c7473b45775635e782a20ef09488c3bc7f407bd559adfe3",""
"6","3","0","current","c2329aa008622953f95ab0acb344552cf2f4c9f8","752b815b612ca031ad9aa14de69534862010e68c985d7eb34455daed19a34187","vectorPerformance","positive32","Quantile","2","3","443770","4000","500","Complete","0.355485799","3.23E-5","0.220685299","0.1347682","1.046875","0.008","2331071","4000","8046.326204198977","7094.826103737033","10587.156707045673","1.0006492486922247","0.022192055198105076","0","ea829d033823c80e3ad79c2bf9f4c957103c19055e7f39ac840ae3dd8ecf7787",""
"6","3","0","current","c2329aa008622953f95ab0acb344552cf2f4c9f8","752b815b612ca031ad9aa14de69534862010e68c985d7eb34455daed19a34187","vectorPerformance","positive32","Quantile","2","4","451689","4000","500","Complete","0.3612822","1.94E-5","0.220051699","0.141211101","0.71875","0.007","2329615","4000","8049.572429524939","7585.9302215949265","10803.178568962107","1.001435614653514","0.019996657665890316","0","f2275fab90488b6e0703edb3fe7b6bef8718ce8c0b14a645dc9d2b61880d135c",""
"6","3","0","current","c2329aa008622953f95ab0acb344552cf2f4c9f8","752b815b612ca031ad9aa14de69534862010e68c985d7eb34455daed19a34187","vectorPerformance","positive32","Quantile","4","-2","404175","4000","500","Complete","0.2585139","2.15E-5","0.1810882","0.0774042","1.015625","0.009","2332703","4000","8030.260361578566","7443.725542312934","10980.95587684255","1.0012073242374708","0.03162578897149504","0","109d1589a3cfa1856056d074588bf62a00242342be20aaa02c7f9fa0c3d02464",""
"6","3","0","current","c2329aa008622953f95ab0acb344552cf2f4c9f8","752b815b612ca031ad9aa14de69534862010e68c985d7eb34455daed19a34187","vectorPerformance","positive32","Quantile","4","-1","412094","4000","500","Complete","0.270341699","2.2399E-5","0.177286201","0.093033099","1.609375","0.009","2332056","4000","7849.260320702932","7497.08911341319","10218.844461352033","1.000850226319869","0.023734462941020107","0","2e7ae8f39b7d995378c03be6210919257cb3c5da65a71f7499cfe9fc1c43ddaa",""
"6","3","0","current","c2329aa008622953f95ab0acb344552cf2f4c9f8","752b815b612ca031ad9aa14de69534862010e68c985d7eb34455daed19a34187","vectorPerformance","positive32","Quantile","4","0","420013","4000","500","Complete","0.2535504","2.21E-5","0.179136","0.0743923","0.953125","0.005","2331456","4000","8061.462008922536","7644.287188277893","10396.228328686206","1.000767355772193","0.026399068267307313","0","b1c80d02d980f561db28b8e8c75872a90bfe94527189f07f4dfe1c9226d272e5",""
"6","3","0","current","c2329aa008622953f95ab0acb344552cf2f4c9f8","752b815b612ca031ad9aa14de69534862010e68c985d7eb34455daed19a34187","vectorPerformance","positive32","Quantile","4","1","427932","4000","500","Complete","0.252208499","1.9E-5","0.1814219","0.070767599","1.015625","0.007","2330866","4000","7748.716822064378","7364.471868294603","10702.763364386927","1.0006942215274883","0.030448865944532777","0","218737eae3e2da277e8b65fe3a76bd5f04046950597185a676bdc475001c1e46",""
"6","3","0","current","c2329aa008622953f95ab0acb344552cf2f4c9f8","752b815b612ca031ad9aa14de69534862010e68c985d7eb34455daed19a34187","vectorPerformance","positive32","Quantile","4","2","435851","4000","500","Complete","0.254660201","1.9601E-5","0.1793815","0.0752591","1.21875","0.009","2331863","4000","7994.761109518766","7444.795092892279","10756.070846197807","1.0010742652566522","0.026722483101742966","0","fb50892c47662c7c9c7473b45775635e782a20ef09488c3bc7f407bd559adfe3",""
"6","3","0","current","c2329aa008622953f95ab0acb344552cf2f4c9f8","752b815b612ca031ad9aa14de69534862010e68c985d7eb34455daed19a34187","vectorPerformance","positive32","Quantile","4","3","443770","4000","500","Complete","0.254839401","2.0001E-5","0.179546199","0.075273201","1.203125","0.006","2331071","4000","8046.326204198977","7094.826103737033","10587.156707045673","1.0006492486922247","0.022192055198105076","0","ea829d033823c80e3ad79c2bf9f4c957103c19055e7f39ac840ae3dd8ecf7787",""
"6","3","0","current","c2329aa008622953f95ab0acb344552cf2f4c9f8","752b815b612ca031ad9aa14de69534862010e68c985d7eb34455daed19a34187","vectorPerformance","positive32","Quantile","4","4","451689","4000","500","Complete","0.307780099","2.1099E-5","0.205742601","0.102016399","1.25","0.006","2329615","4000","8049.572429524939","7585.9302215949265","10803.178568962107","1.001435614653514","0.019996657665890316","0","f2275fab90488b6e0703edb3fe7b6bef8718ce8c0b14a645dc9d2b61880d135c",""
"7","3","1","baseline","a144eb1a4a89d4ac0912b187b851d7845716c7d8","f56ea4902f385955a8d2438bb306087ba3274848dddfdc36602d269392ab08c1","vectorPerformance","correlated32","GPSS","1","-2","404175","4000","500","Complete","0.501004199","3.07E-5","0.1985446","0.302428899","0.515625","0.005","265461","4000","645.117038188815","619.6601510130125","111.82974658890811","1.4709232708798055","0.0221888479832677","32","34ba7e81aae421fabb6d7abc8b37fed811e4c6a3b11b225e03c34135c20e5fab",""
"7","3","1","baseline","a144eb1a4a89d4ac0912b187b851d7845716c7d8","f56ea4902f385955a8d2438bb306087ba3274848dddfdc36602d269392ab08c1","vectorPerformance","correlated32","GPSS","1","-1","412094","4000","500","Complete","0.499059599","3.06E-5","0.1935503","0.305478699","0.796875","0.004","260316","4000","564.5119782236644","553.9746471274595","68.93212740164371","1.6458772028336794","0.06977010736276656","32","0dd72e443f3b53513a682dd3fda3078d30eb3ca1e5546f164ad2b8797a0cc49f",""
"7","3","1","baseline","a144eb1a4a89d4ac0912b187b851d7845716c7d8","f56ea4902f385955a8d2438bb306087ba3274848dddfdc36602d269392ab08c1","vectorPerformance","correlated32","GPSS","1","0","420013","4000","500","Complete","0.504503601","3.2301E-5","0.2000525","0.3044188","0.515625","0.003","271170","4000","550.788691510793","462.92862585511017","31.898583590051008","1.6153232296497368","0.02539427674995709","32","4e32fd58fd10390b4e797c6902eed30b34036ec3e48184af25c550e5ecd201e4",""
"7","3","1","baseline","a144eb1a4a89d4ac0912b187b851d7845716c7d8","f56ea4902f385955a8d2438bb306087ba3274848dddfdc36602d269392ab08c1","vectorPerformance","correlated32","GPSS","1","1","427932","4000","500","Complete","0.490794801","3.09E-5","0.183192001","0.3075719","0.484375","0.004","243643","4000","728.9168563232058","707.6422054588379","37.327199337196575","1.394679319897266","0.014786962883091226","32","6556bc9a5258d4cf10554a8f1be0f66bc02b8dd465a89ab0179fc4a9bce27863",""
"7","3","1","baseline","a144eb1a4a89d4ac0912b187b851d7845716c7d8","f56ea4902f385955a8d2438bb306087ba3274848dddfdc36602d269392ab08c1","vectorPerformance","correlated32","GPSS","1","2","435851","4000","500","Complete","0.5001735","2.39E-5","0.193552","0.3065976","0.5","0.004","252525","4000","851.515000276373","802.0414367077282","72.65826721585422","1.3443798021720257","0.05441559245735261","32","241b3dbb9e14d1912d29f4167a0d49b5aac92799d098cc4aea7fd189aea591d5",""
"7","3","1","baseline","a144eb1a4a89d4ac0912b187b851d7845716c7d8","f56ea4902f385955a8d2438bb306087ba3274848dddfdc36602d269392ab08c1","vectorPerformance","correlated32","GPSS","1","3","443770","4000","500","Complete","0.4914444","2.28E-5","0.1886912","0.3027304","0.484375","0.002","252476","4000","579.6107666912351","519.1606176358861","80.32525737492834","1.1037679615355824","0.05661873010414342","32","e379cb80ecf5804cc22ddf166b2fd12dfc52cf394467b1b6e6cab088cb4ce1a7",""
"7","3","1","baseline","a144eb1a4a89d4ac0912b187b851d7845716c7d8","f56ea4902f385955a8d2438bb306087ba3274848dddfdc36602d269392ab08c1","vectorPerformance","correlated32","GPSS","1","4","451689","4000","500","Complete","0.507446501","2.3101E-5","0.2056758","0.3017476","0.5","0.004","276146","4000","745.841296773472","687.9271641953604","73.67496547194912","1.1447391912214941","0.06804485983194875","32","d07f89bf5cc41c4bd92db0f6611a71a2eba9eae89a88327e3e8eeccefa31029b",""
"7","3","1","baseline","a144eb1a4a89d4ac0912b187b851d7845716c7d8","f56ea4902f385955a8d2438bb306087ba3274848dddfdc36602d269392ab08c1","vectorPerformance","correlated32","GPSS","2","-2","404175","4000","500","Complete","0.331249201","3.8101E-5","0.148340399","0.182870701","0.859375","0.004","265461","4000","645.117038188815","619.6601510130125","111.82974658890811","1.4709232708798055","0.0221888479832677","32","34ba7e81aae421fabb6d7abc8b37fed811e4c6a3b11b225e03c34135c20e5fab",""
"7","3","1","baseline","a144eb1a4a89d4ac0912b187b851d7845716c7d8","f56ea4902f385955a8d2438bb306087ba3274848dddfdc36602d269392ab08c1","vectorPerformance","correlated32","GPSS","2","-1","412094","4000","500","Complete","0.308116699","2.94E-5","0.1333341","0.174753199","0.640625","0.005","260316","4000","564.5119782236644","553.9746471274595","68.93212740164371","1.6458772028336794","0.06977010736276656","32","0dd72e443f3b53513a682dd3fda3078d30eb3ca1e5546f164ad2b8797a0cc49f",""
"7","3","1","baseline","a144eb1a4a89d4ac0912b187b851d7845716c7d8","f56ea4902f385955a8d2438bb306087ba3274848dddfdc36602d269392ab08c1","vectorPerformance","correlated32","GPSS","2","0","420013","4000","500","Complete","0.297869","3.2399E-5","0.1400455","0.157791101","0.921875","0.004","271170","4000","550.788691510793","462.92862585511017","31.898583590051008","1.6153232296497368","0.02539427674995709","32","4e32fd58fd10390b4e797c6902eed30b34036ec3e48184af25c550e5ecd201e4",""
"7","3","1","baseline","a144eb1a4a89d4ac0912b187b851d7845716c7d8","f56ea4902f385955a8d2438bb306087ba3274848dddfdc36602d269392ab08c1","vectorPerformance","correlated32","GPSS","2","1","427932","4000","500","Complete","0.287825799","6.88E-5","0.124138099","0.1636189","0.578125","0.004","243643","4000","728.9168563232058","707.6422054588379","37.327199337196575","1.394679319897266","0.014786962883091226","32","6556bc9a5258d4cf10554a8f1be0f66bc02b8dd465a89ab0179fc4a9bce27863",""
"7","3","1","baseline","a144eb1a4a89d4ac0912b187b851d7845716c7d8","f56ea4902f385955a8d2438bb306087ba3274848dddfdc36602d269392ab08c1","vectorPerformance","correlated32","GPSS","2","2","435851","4000","500","Complete","0.297831001","2.3801E-5","0.1338664","0.1639408","0.875","0.004","252525","4000","851.515000276373","802.0414367077282","72.65826721585422","1.3443798021720257","0.05441559245735261","32","241b3dbb9e14d1912d29f4167a0d49b5aac92799d098cc4aea7fd189aea591d5",""
"7","3","1","baseline","a144eb1a4a89d4ac0912b187b851d7845716c7d8","f56ea4902f385955a8d2438bb306087ba3274848dddfdc36602d269392ab08c1","vectorPerformance","correlated32","GPSS","2","3","443770","4000","500","Complete","0.291695299","3.73E-5","0.1284885","0.163169499","0.59375","0.005","252476","4000","579.6107666912351","519.1606176358861","80.32525737492834","1.1037679615355824","0.05661873010414342","32","e379cb80ecf5804cc22ddf166b2fd12dfc52cf394467b1b6e6cab088cb4ce1a7",""
"7","3","1","baseline","a144eb1a4a89d4ac0912b187b851d7845716c7d8","f56ea4902f385955a8d2438bb306087ba3274848dddfdc36602d269392ab08c1","vectorPerformance","correlated32","GPSS","2","4","451689","4000","500","Complete","0.297345301","2.2201E-5","0.137683899","0.159639201","0.578125","0.003","276146","4000","745.841296773472","687.9271641953604","73.67496547194912","1.1447391912214941","0.06804485983194875","32","d07f89bf5cc41c4bd92db0f6611a71a2eba9eae89a88327e3e8eeccefa31029b",""
"7","3","1","baseline","a144eb1a4a89d4ac0912b187b851d7845716c7d8","f56ea4902f385955a8d2438bb306087ba3274848dddfdc36602d269392ab08c1","vectorPerformance","correlated32","GPSS","4","-2","404175","4000","500","Complete","0.2171818","3.16E-5","0.1262306","0.0909196","0.875","0.004","265461","4000","645.117038188815","619.6601510130125","111.82974658890811","1.4709232708798055","0.0221888479832677","32","34ba7e81aae421fabb6d7abc8b37fed811e4c6a3b11b225e03c34135c20e5fab",""
"7","3","1","baseline","a144eb1a4a89d4ac0912b187b851d7845716c7d8","f56ea4902f385955a8d2438bb306087ba3274848dddfdc36602d269392ab08c1","vectorPerformance","correlated32","GPSS","4","-1","412094","4000","500","Complete","0.219846201","2.92E-5","0.1257793","0.094037701","0.859375","0.002","260316","4000","564.5119782236644","553.9746471274595","68.93212740164371","1.6458772028336794","0.06977010736276656","32","0dd72e443f3b53513a682dd3fda3078d30eb3ca1e5546f164ad2b8797a0cc49f",""
"7","3","1","baseline","a144eb1a4a89d4ac0912b187b851d7845716c7d8","f56ea4902f385955a8d2438bb306087ba3274848dddfdc36602d269392ab08c1","vectorPerformance","correlated32","GPSS","4","0","420013","4000","500","Complete","0.2185623","3.25E-5","0.1304245","0.0881053","0.859375","0.004","271170","4000","550.788691510793","462.92862585511017","31.898583590051008","1.6153232296497368","0.02539427674995709","32","4e32fd58fd10390b4e797c6902eed30b34036ec3e48184af25c550e5ecd201e4",""
"7","3","1","baseline","a144eb1a4a89d4ac0912b187b851d7845716c7d8","f56ea4902f385955a8d2438bb306087ba3274848dddfdc36602d269392ab08c1","vectorPerformance","correlated32","GPSS","4","1","427932","4000","500","Complete","0.2140385","3.02E-5","0.118536399","0.095471901","0.828125","0.005","243643","4000","728.9168563232058","707.6422054588379","37.327199337196575","1.394679319897266","0.014786962883091226","32","6556bc9a5258d4cf10554a8f1be0f66bc02b8dd465a89ab0179fc4a9bce27863",""
"7","3","1","baseline","a144eb1a4a89d4ac0912b187b851d7845716c7d8","f56ea4902f385955a8d2438bb306087ba3274848dddfdc36602d269392ab08c1","vectorPerformance","correlated32","GPSS","4","2","435851","4000","500","Complete","0.215807699","5.02E-5","0.1251891","0.090568399","0.84375","0.003","252525","4000","851.515000276373","802.0414367077282","72.65826721585422","1.3443798021720257","0.05441559245735261","32","241b3dbb9e14d1912d29f4167a0d49b5aac92799d098cc4aea7fd189aea591d5",""
"7","3","1","baseline","a144eb1a4a89d4ac0912b187b851d7845716c7d8","f56ea4902f385955a8d2438bb306087ba3274848dddfdc36602d269392ab08c1","vectorPerformance","correlated32","GPSS","4","3","443770","4000","500","Complete","0.213687301","4.3701E-5","0.1210982","0.0925454","1.15625","0.004","252476","4000","579.6107666912351","519.1606176358861","80.32525737492834","1.1037679615355824","0.05661873010414342","32","e379cb80ecf5804cc22ddf166b2fd12dfc52cf394467b1b6e6cab088cb4ce1a7",""
"7","3","1","baseline","a144eb1a4a89d4ac0912b187b851d7845716c7d8","f56ea4902f385955a8d2438bb306087ba3274848dddfdc36602d269392ab08c1","vectorPerformance","correlated32","GPSS","4","4","451689","4000","500","Complete","0.225647699","2.38E-5","0.1362696","0.089354299","0.9375","0.003","276146","4000","745.841296773472","687.9271641953604","73.67496547194912","1.1447391912214941","0.06804485983194875","32","d07f89bf5cc41c4bd92db0f6611a71a2eba9eae89a88327e3e8eeccefa31029b",""
"7","3","1","baseline","a144eb1a4a89d4ac0912b187b851d7845716c7d8","f56ea4902f385955a8d2438bb306087ba3274848dddfdc36602d269392ab08c1","vectorPerformance","correlated32","Quantile","1","-2","404175","4000","500","Complete","1.535007499","2.39E-5","1.2222657","0.312717899","1.53125","0.019","3282856","4000","23.797668269094697","23.991783455481954","49.25430937145106","1.1516283632440742","0.3728865535403717","32","a76e28f6e88c6be3891bdc833beb8d8d0a1740b95f0935a4806e8ab65d3c899c",""
"7","3","1","baseline","a144eb1a4a89d4ac0912b187b851d7845716c7d8","f56ea4902f385955a8d2438bb306087ba3274848dddfdc36602d269392ab08c1","vectorPerformance","correlated32","Quantile","1","-1","412094","4000","500","Complete","1.511049799","2.35E-5","1.2004735","0.310552799","1.5","0.018","3230583","4000","31.726513907349148","31.532168002260388","97.16989966673968","1.0798839490509835","0.08306741567350584","32","f9ed8df14134bddcfbb2d40aa6e479cfbaad40e1882750767724d2bc52df3b34",""
"7","3","1","baseline","a144eb1a4a89d4ac0912b187b851d7845716c7d8","f56ea4902f385955a8d2438bb306087ba3274848dddfdc36602d269392ab08c1","vectorPerformance","correlated32","Quantile","1","0","420013","4000","500","Complete","1.5155248","2.23E-5","1.2114567","0.3040458","1.515625","0.017","3251733","4000","36.23737925347603","37.074760300245536","94.41153342442881","1.094481746270784","0.006936160462634622","32","70f5117f96cd02d2870b347963ec61f489004b4e752f979286b6bbb78357a72b",""
"7","3","1","baseline","a144eb1a4a89d4ac0912b187b851d7845716c7d8","f56ea4902f385955a8d2438bb306087ba3274848dddfdc36602d269392ab08c1","vectorPerformance","correlated32","Quantile","1","1","427932","4000","500","Complete","1.523873399","2.0E-5","1.212192199","0.3116612","1.5625","0.02","3236479","4000","31.801672449893193","32.058114379350506","84.74388663935426","1.0852433257313874","0.03363458703623934","32","9361e774d845e114d77fdb68cfdc974ca4f240b9ee801485b53bd51fdc75e4ee",""
"7","3","1","baseline","a144eb1a4a89d4ac0912b187b851d7845716c7d8","f56ea4902f385955a8d2438bb306087ba3274848dddfdc36602d269392ab08c1","vectorPerformance","correlated32","Quantile","1","2","435851","4000","500","Complete","1.5098611","2.3E-5","1.1923142","0.3175239","1.515625","0.018","3213584","4000","18.827593772089372","19.418977153927276","144.36214774069362","1.1856715933721973","0.22462708158086309","32","be8072aea54a06faab2c2090774614aa1ad4df6564d26d325be8e1037fc3c851",""
"7","3","1","baseline","a144eb1a4a89d4ac0912b187b851d7845716c7d8","f56ea4902f385955a8d2438bb306087ba3274848dddfdc36602d269392ab08c1","vectorPerformance","correlated32","Quantile","1","3","443770","4000","500","Complete","1.5574358","2.0799E-5","1.237062701","0.3203523","2.09375","0.019","3292746","4000","8.551688513959126","8.66542172384507","23.37880092498311","1.3883316083476982","0.08359316129464744","32","3ae74ba297dfc21cabfcf0707b44b409c98d3bd3f9dfc2b6af98aa1fde2b375a",""
"7","3","1","baseline","a144eb1a4a89d4ac0912b187b851d7845716c7d8","f56ea4902f385955a8d2438bb306087ba3274848dddfdc36602d269392ab08c1","vectorPerformance","correlated32","Quantile","1","4","451689","4000","500","Complete","1.5085858","2.05E-5","1.1950637","0.3135016","1.515625","0.017","3210555","4000","32.00943946980557","33.91863557210035","93.00550074538009","1.0837128123690845","0.1407722816405288","32","6de2fd21c7960b9d9708ca419e8aba6e1a90d027a2db52b77e66a4a749ca160e",""
"7","3","1","baseline","a144eb1a4a89d4ac0912b187b851d7845716c7d8","f56ea4902f385955a8d2438bb306087ba3274848dddfdc36602d269392ab08c1","vectorPerformance","correlated32","Quantile","2","-2","404175","4000","500","Complete","1.0046247","1.95E-5","0.8389749","0.1656303","2.28125","0.017","3282856","4000","23.797668269094697","23.991783455481954","49.25430937145106","1.1516283632440742","0.3728865535403717","32","a76e28f6e88c6be3891bdc833beb8d8d0a1740b95f0935a4806e8ab65d3c899c",""
"7","3","1","baseline","a144eb1a4a89d4ac0912b187b851d7845716c7d8","f56ea4902f385955a8d2438bb306087ba3274848dddfdc36602d269392ab08c1","vectorPerformance","correlated32","Quantile","2","-1","412094","4000","500","Complete","0.992762","1.9499E-5","0.831706701","0.1610358","1.9375","0.017","3230583","4000","31.726513907349148","31.532168002260388","97.16989966673968","1.0798839490509835","0.08306741567350584","32","f9ed8df14134bddcfbb2d40aa6e479cfbaad40e1882750767724d2bc52df3b34",""
"7","3","1","baseline","a144eb1a4a89d4ac0912b187b851d7845716c7d8","f56ea4902f385955a8d2438bb306087ba3274848dddfdc36602d269392ab08c1","vectorPerformance","correlated32","Quantile","2","0","420013","4000","500","Complete","0.9917852","1.9599E-5","0.832592101","0.1591735","2.265625","0.019","3251733","4000","36.23737925347603","37.074760300245536","94.41153342442881","1.094481746270784","0.006936160462634622","32","70f5117f96cd02d2870b347963ec61f489004b4e752f979286b6bbb78357a72b",""
"7","3","1","baseline","a144eb1a4a89d4ac0912b187b851d7845716c7d8","f56ea4902f385955a8d2438bb306087ba3274848dddfdc36602d269392ab08c1","vectorPerformance","correlated32","Quantile","2","1","427932","4000","500","Complete","1.0180946","2.26E-5","0.8496746","0.1683974","2.109375","0.019","3236479","4000","31.801672449893193","32.058114379350506","84.74388663935426","1.0852433257313874","0.03363458703623934","32","9361e774d845e114d77fdb68cfdc974ca4f240b9ee801485b53bd51fdc75e4ee",""
"7","3","1","baseline","a144eb1a4a89d4ac0912b187b851d7845716c7d8","f56ea4902f385955a8d2438bb306087ba3274848dddfdc36602d269392ab08c1","vectorPerformance","correlated32","Quantile","2","2","435851","4000","500","Complete","0.9869189","2.14E-5","0.821600399","0.165297101","2.375","0.017","3213584","4000","18.827593772089372","19.418977153927276","144.36214774069362","1.1856715933721973","0.22462708158086309","32","be8072aea54a06faab2c2090774614aa1ad4df6564d26d325be8e1037fc3c851",""
"7","3","1","baseline","a144eb1a4a89d4ac0912b187b851d7845716c7d8","f56ea4902f385955a8d2438bb306087ba3274848dddfdc36602d269392ab08c1","vectorPerformance","correlated32","Quantile","2","3","443770","4000","500","Complete","1.017227001","2.1801E-5","0.845082","0.1721232","2.28125","0.018","3292746","4000","8.551688513959126","8.66542172384507","23.37880092498311","1.3883316083476982","0.08359316129464744","32","3ae74ba297dfc21cabfcf0707b44b409c98d3bd3f9dfc2b6af98aa1fde2b375a",""
"7","3","1","baseline","a144eb1a4a89d4ac0912b187b851d7845716c7d8","f56ea4902f385955a8d2438bb306087ba3274848dddfdc36602d269392ab08c1","vectorPerformance","correlated32","Quantile","2","4","451689","4000","500","Complete","0.989917499","1.98E-5","0.8236412","0.166256499","2.015625","0.017","3210555","4000","32.00943946980557","33.91863557210035","93.00550074538009","1.0837128123690845","0.1407722816405288","32","6de2fd21c7960b9d9708ca419e8aba6e1a90d027a2db52b77e66a4a749ca160e",""
"7","3","1","baseline","a144eb1a4a89d4ac0912b187b851d7845716c7d8","f56ea4902f385955a8d2438bb306087ba3274848dddfdc36602d269392ab08c1","vectorPerformance","correlated32","Quantile","4","-2","404175","4000","500","Complete","0.9091095","2.26E-5","0.811083399","0.098003501","3.5","0.019","3282856","4000","23.797668269094697","23.991783455481954","49.25430937145106","1.1516283632440742","0.3728865535403717","32","a76e28f6e88c6be3891bdc833beb8d8d0a1740b95f0935a4806e8ab65d3c899c",""
"7","3","1","baseline","a144eb1a4a89d4ac0912b187b851d7845716c7d8","f56ea4902f385955a8d2438bb306087ba3274848dddfdc36602d269392ab08c1","vectorPerformance","correlated32","Quantile","4","-1","412094","4000","500","Complete","0.895078401","2.5501E-5","0.800326","0.0947269","4.015625","0.016","3230583","4000","31.726513907349148","31.532168002260388","97.16989966673968","1.0798839490509835","0.08306741567350584","32","f9ed8df14134bddcfbb2d40aa6e479cfbaad40e1882750767724d2bc52df3b34",""
"7","3","1","baseline","a144eb1a4a89d4ac0912b187b851d7845716c7d8","f56ea4902f385955a8d2438bb306087ba3274848dddfdc36602d269392ab08c1","vectorPerformance","correlated32","Quantile","4","0","420013","4000","500","Complete","0.8962099","1.99E-5","0.8026777","0.0935123","3.5","0.019","3251733","4000","36.23737925347603","37.074760300245536","94.41153342442881","1.094481746270784","0.006936160462634622","32","70f5117f96cd02d2870b347963ec61f489004b4e752f979286b6bbb78357a72b",""
"7","3","1","baseline","a144eb1a4a89d4ac0912b187b851d7845716c7d8","f56ea4902f385955a8d2438bb306087ba3274848dddfdc36602d269392ab08c1","vectorPerformance","correlated32","Quantile","4","1","427932","4000","500","Complete","0.8972403","1.99E-5","0.8038912","0.0933292","3.625","0.019","3236479","4000","31.801672449893193","32.058114379350506","84.74388663935426","1.0852433257313874","0.03363458703623934","32","9361e774d845e114d77fdb68cfdc974ca4f240b9ee801485b53bd51fdc75e4ee",""
"7","3","1","baseline","a144eb1a4a89d4ac0912b187b851d7845716c7d8","f56ea4902f385955a8d2438bb306087ba3274848dddfdc36602d269392ab08c1","vectorPerformance","correlated32","Quantile","4","2","435851","4000","500","Complete","0.8935698","2.0099E-5","0.795182701","0.098367","3.84375","0.018","3213584","4000","18.827593772089372","19.418977153927276","144.36214774069362","1.1856715933721973","0.22462708158086309","32","be8072aea54a06faab2c2090774614aa1ad4df6564d26d325be8e1037fc3c851",""
"7","3","1","baseline","a144eb1a4a89d4ac0912b187b851d7845716c7d8","f56ea4902f385955a8d2438bb306087ba3274848dddfdc36602d269392ab08c1","vectorPerformance","correlated32","Quantile","4","3","443770","4000","500","Complete","0.920486401","1.9401E-5","0.818030199","0.102436801","3.53125","0.02","3292746","4000","8.551688513959126","8.66542172384507","23.37880092498311","1.3883316083476982","0.08359316129464744","32","3ae74ba297dfc21cabfcf0707b44b409c98d3bd3f9dfc2b6af98aa1fde2b375a",""
"7","3","1","baseline","a144eb1a4a89d4ac0912b187b851d7845716c7d8","f56ea4902f385955a8d2438bb306087ba3274848dddfdc36602d269392ab08c1","vectorPerformance","correlated32","Quantile","4","4","451689","4000","500","Complete","0.889733999","2.34E-5","0.7962","0.093510599","3.5625","0.017","3210555","4000","32.00943946980557","33.91863557210035","93.00550074538009","1.0837128123690845","0.1407722816405288","32","6de2fd21c7960b9d9708ca419e8aba6e1a90d027a2db52b77e66a4a749ca160e",""
"7","3","1","baseline","a144eb1a4a89d4ac0912b187b851d7845716c7d8","f56ea4902f385955a8d2438bb306087ba3274848dddfdc36602d269392ab08c1","vectorPerformance","gaussian32","GPSS","1","-2","404175","4000","500","Complete","0.4318293","4.0299E-5","0.100590101","0.3311989","0.46875","0.009","139155","4000","14560.87743232489","14566.888663880416","9030.296419517286","1.0011086994050007","0.013020088729037094","0","f3ae7e88a3469d95a481057ff78725be41612c1e7bdf2f3d1a7c73f5a42981cf",""
"7","3","1","baseline","a144eb1a4a89d4ac0912b187b851d7845716c7d8","f56ea4902f385955a8d2438bb306087ba3274848dddfdc36602d269392ab08c1","vectorPerformance","gaussian32","GPSS","1","-1","412094","4000","500","Complete","0.4212803","4.1501E-5","0.1012105","0.320028299","0.421875","0.003","138730","4000","14723.327722756223","14738.615855733822","8857.898575485036","1.0012097458367082","0.014860253936955947","0","6d85793e19e5639b0a7430ab942ac98e6519fa4be0fbcee8a8930a2af289299d",""
"7","3","1","baseline","a144eb1a4a89d4ac0912b187b851d7845716c7d8","f56ea4902f385955a8d2438bb306087ba3274848dddfdc36602d269392ab08c1","vectorPerformance","gaussian32","GPSS","1","0","420013","4000","500","Complete","0.4235074","4.4E-5","0.099005899","0.324457501","0.421875","0.004","138723","4000","14789.309502344258","14770.299991933614","8878.031772176253","1.0012114173589253","0.02042856356087519","0","fb030bc811389f4cc0c40b053f280c25c0c5e58babb6d5eb761947efb8511783",""
"7","3","1","baseline","a144eb1a4a89d4ac0912b187b851d7845716c7d8","f56ea4902f385955a8d2438bb306087ba3274848dddfdc36602d269392ab08c1","vectorPerformance","gaussian32","GPSS","1","1","427932","4000","500","Complete","0.4230987","3.73E-5","0.099617199","0.323444201","0.4375","0.004","138788","4000","15028.158264845573","15037.33690560915","9075.6220980371","1.0011653829278853","0.016607695975976222","0","3d0bccbf5e695e5e8a5d89fa29a1a353b231a8693474ffa5e1944f58eee51881",""
"7","3","1","baseline","a144eb1a4a89d4ac0912b187b851d7845716c7d8","f56ea4902f385955a8d2438bb306087ba3274848dddfdc36602d269392ab08c1","vectorPerformance","gaussian32","GPSS","1","2","435851","4000","500","Complete","0.4255254","3.61E-5","0.1001363","0.325353","0.4375","0.004","138703","4000","14933.892470949851","14950.607747787408","8635.192267898514","1.001735370997425","0.021490044822388643","0","603bdfe20f551e62d9c5fbc68e896eb978d3c40134ec7e7cbc17b062760b5957",""
"7","3","1","baseline","a144eb1a4a89d4ac0912b187b851d7845716c7d8","f56ea4902f385955a8d2438bb306087ba3274848dddfdc36602d269392ab08c1","vectorPerformance","gaussian32","GPSS","1","3","443770","4000","500","Complete","0.425443499","3.75E-5","0.0996104","0.325795599","0.421875","0.005","138777","4000","15223.671841621832","15221.605805391002","9210.378340418303","1.0015395267295784","0.016172276604625724","0","2ead94f9fc645301334f7309cfcc4f5b6e54cfdca48deed2f7e56fe38456b29a",""
"7","3","1","baseline","a144eb1a4a89d4ac0912b187b851d7845716c7d8","f56ea4902f385955a8d2438bb306087ba3274848dddfdc36602d269392ab08c1","vectorPerformance","gaussian32","GPSS","1","4","451689","4000","500","Complete","0.426119799","4.0199E-5","0.100561201","0.325518399","0.90625","0.004","138750","4000","14345.553258947568","14342.778169951296","8945.28266108745","1.0011866456042022","0.01864774016529802","0","d4278b864a0c0454d1730a6de2433aebfa0ebf5de90d82ef8563be3b95ce2d1a",""
"7","3","1","baseline","a144eb1a4a89d4ac0912b187b851d7845716c7d8","f56ea4902f385955a8d2438bb306087ba3274848dddfdc36602d269392ab08c1","vectorPerformance","gaussian32","GPSS","2","-2","404175","4000","500","Complete","0.2393612","1.03699E-4","0.065897401","0.1733601","0.5","0.005","139155","4000","14560.87743232489","14566.888663880416","9030.296419517286","1.0011086994050007","0.013020088729037094","0","f3ae7e88a3469d95a481057ff78725be41612c1e7bdf2f3d1a7c73f5a42981cf",""
"7","3","1","baseline","a144eb1a4a89d4ac0912b187b851d7845716c7d8","f56ea4902f385955a8d2438bb306087ba3274848dddfdc36602d269392ab08c1","vectorPerformance","gaussian32","GPSS","2","-1","412094","4000","500","Complete","0.2384951","3.99E-5","0.067833","0.1706222","0.53125","0.004","138730","4000","14723.327722756223","14738.615855733822","8857.898575485036","1.0012097458367082","0.014860253936955947","0","6d85793e19e5639b0a7430ab942ac98e6519fa4be0fbcee8a8930a2af289299d",""
"7","3","1","baseline","a144eb1a4a89d4ac0912b187b851d7845716c7d8","f56ea4902f385955a8d2438bb306087ba3274848dddfdc36602d269392ab08c1","vectorPerformance","gaussian32","GPSS","2","0","420013","4000","500","Complete","0.239676499","3.7E-5","0.067610399","0.1720291","0.453125","0.005","138723","4000","14789.309502344258","14770.299991933614","8878.031772176253","1.0012114173589253","0.02042856356087519","0","fb030bc811389f4cc0c40b053f280c25c0c5e58babb6d5eb761947efb8511783",""
"7","3","1","baseline","a144eb1a4a89d4ac0912b187b851d7845716c7d8","f56ea4902f385955a8d2438bb306087ba3274848dddfdc36602d269392ab08c1","vectorPerformance","gaussian32","GPSS","2","1","427932","4000","500","Complete","0.232558499","3.57E-5","0.067632699","0.1648901","0.46875","0.002","138788","4000","15028.158264845573","15037.33690560915","9075.6220980371","1.0011653829278853","0.016607695975976222","0","3d0bccbf5e695e5e8a5d89fa29a1a353b231a8693474ffa5e1944f58eee51881",""
"7","3","1","baseline","a144eb1a4a89d4ac0912b187b851d7845716c7d8","f56ea4902f385955a8d2438bb306087ba3274848dddfdc36602d269392ab08c1","vectorPerformance","gaussian32","GPSS","2","2","435851","4000","500","Complete","0.2361638","3.8599E-5","0.0672254","0.168899801","0.46875","0.002","138703","4000","14933.892470949851","14950.607747787408","8635.192267898514","1.001735370997425","0.021490044822388643","0","603bdfe20f551e62d9c5fbc68e896eb978d3c40134ec7e7cbc17b062760b5957",""
"7","3","1","baseline","a144eb1a4a89d4ac0912b187b851d7845716c7d8","f56ea4902f385955a8d2438bb306087ba3274848dddfdc36602d269392ab08c1","vectorPerformance","gaussian32","GPSS","2","3","443770","4000","500","Complete","0.2446966","3.7201E-5","0.0654493","0.179210099","0.8125","0.004","138777","4000","15223.671841621832","15221.605805391002","9210.378340418303","1.0015395267295784","0.016172276604625724","0","2ead94f9fc645301334f7309cfcc4f5b6e54cfdca48deed2f7e56fe38456b29a",""
"7","3","1","baseline","a144eb1a4a89d4ac0912b187b851d7845716c7d8","f56ea4902f385955a8d2438bb306087ba3274848dddfdc36602d269392ab08c1","vectorPerformance","gaussian32","GPSS","2","4","451689","4000","500","Complete","0.239052201","4.6E-5","0.068196801","0.1708094","0.46875","0.003","138750","4000","14345.553258947568","14342.778169951296","8945.28266108745","1.0011866456042022","0.01864774016529802","0","d4278b864a0c0454d1730a6de2433aebfa0ebf5de90d82ef8563be3b95ce2d1a",""
"7","3","1","baseline","a144eb1a4a89d4ac0912b187b851d7845716c7d8","f56ea4902f385955a8d2438bb306087ba3274848dddfdc36602d269392ab08c1","vectorPerformance","gaussian32","GPSS","4","-2","404175","4000","500","Complete","0.1521559","3.8001E-5","0.0590953","0.093022599","0.640625","0.002","139155","4000","14560.87743232489","14566.888663880416","9030.296419517286","1.0011086994050007","0.013020088729037094","0","f3ae7e88a3469d95a481057ff78725be41612c1e7bdf2f3d1a7c73f5a42981cf",""
"7","3","1","baseline","a144eb1a4a89d4ac0912b187b851d7845716c7d8","f56ea4902f385955a8d2438bb306087ba3274848dddfdc36602d269392ab08c1","vectorPerformance","gaussian32","GPSS","4","-1","412094","4000","500","Complete","0.152607799","5.58E-5","0.0567156","0.095836399","0.6875","0.003","138730","4000","14723.327722756223","14738.615855733822","8857.898575485036","1.0012097458367082","0.014860253936955947","0","6d85793e19e5639b0a7430ab942ac98e6519fa4be0fbcee8a8930a2af289299d",""
"7","3","1","baseline","a144eb1a4a89d4ac0912b187b851d7845716c7d8","f56ea4902f385955a8d2438bb306087ba3274848dddfdc36602d269392ab08c1","vectorPerformance","gaussian32","GPSS","4","0","420013","4000","500","Complete","0.1519011","3.3899E-5","0.0597933","0.092073901","0.5625","0.003","138723","4000","14789.309502344258","14770.299991933614","8878.031772176253","1.0012114173589253","0.02042856356087519","0","fb030bc811389f4cc0c40b053f280c25c0c5e58babb6d5eb761947efb8511783",""
"7","3","1","baseline","a144eb1a4a89d4ac0912b187b851d7845716c7d8","f56ea4902f385955a8d2438bb306087ba3274848dddfdc36602d269392ab08c1","vectorPerformance","gaussian32","GPSS","4","1","427932","4000","500","Complete","0.157478899","3.4799E-5","0.059981101","0.097462999","0.578125","0.004","138788","4000","15028.158264845573","15037.33690560915","9075.6220980371","1.0011653829278853","0.016607695975976222","0","3d0bccbf5e695e5e8a5d89fa29a1a353b231a8693474ffa5e1944f58eee51881",""
"7","3","1","baseline","a144eb1a4a89d4ac0912b187b851d7845716c7d8","f56ea4902f385955a8d2438bb306087ba3274848dddfdc36602d269392ab08c1","vectorPerformance","gaussian32","GPSS","4","2","435851","4000","500","Complete","0.153349101","3.7101E-5","0.0568891","0.0964229","0.578125","0.004","138703","4000","14933.892470949851","14950.607747787408","8635.192267898514","1.001735370997425","0.021490044822388643","0","603bdfe20f551e62d9c5fbc68e896eb978d3c40134ec7e7cbc17b062760b5957",""
"7","3","1","baseline","a144eb1a4a89d4ac0912b187b851d7845716c7d8","f56ea4902f385955a8d2438bb306087ba3274848dddfdc36602d269392ab08c1","vectorPerformance","gaussian32","GPSS","4","3","443770","4000","500","Complete","0.154562801","3.7801E-5","0.0573694","0.0971556","0.59375","0.003","138777","4000","15223.671841621832","15221.605805391002","9210.378340418303","1.0015395267295784","0.016172276604625724","0","2ead94f9fc645301334f7309cfcc4f5b6e54cfdca48deed2f7e56fe38456b29a",""
"7","3","1","baseline","a144eb1a4a89d4ac0912b187b851d7845716c7d8","f56ea4902f385955a8d2438bb306087ba3274848dddfdc36602d269392ab08c1","vectorPerformance","gaussian32","GPSS","4","4","451689","4000","500","Complete","0.154051001","3.7401E-5","0.056717","0.0972966","0.640625","0.004","138750","4000","14345.553258947568","14342.778169951296","8945.28266108745","1.0011866456042022","0.01864774016529802","0","d4278b864a0c0454d1730a6de2433aebfa0ebf5de90d82ef8563be3b95ce2d1a",""
"7","3","1","baseline","a144eb1a4a89d4ac0912b187b851d7845716c7d8","f56ea4902f385955a8d2438bb306087ba3274848dddfdc36602d269392ab08c1","vectorPerformance","gaussian32","Quantile","1","-2","404175","4000","500","Complete","0.7278477","3.2E-5","0.3991618","0.3286539","0.796875","0.009","1753214","4000","15219.008327321226","15213.744919585897","12194.607218487616","1.0007110848254097","0.01623649007724448","0","cecc6b4fda00565adaade6079bd9a81eec1cb5425a7364f3a4652f8f1fe688e7",""
"7","3","1","baseline","a144eb1a4a89d4ac0912b187b851d7845716c7d8","f56ea4902f385955a8d2438bb306087ba3274848dddfdc36602d269392ab08c1","vectorPerformance","gaussian32","Quantile","1","-1","412094","4000","500","Complete","0.7152773","2.95E-5","0.3887284","0.3265194","1.046875","0.01","1754500","4000","14374.340793710559","14390.679914776822","12593.727427588436","1.0005481375625007","0.020322296447435884","0","710b12b4b32c1d00e33cda313ee3aca4afb06968f65bf5b1d672fd6109f4f43f",""
"7","3","1","baseline","a144eb1a4a89d4ac0912b187b851d7845716c7d8","f56ea4902f385955a8d2438bb306087ba3274848dddfdc36602d269392ab08c1","vectorPerformance","gaussian32","Quantile","1","0","420013","4000","500","Complete","0.7182678","2.69E-5","0.3943153","0.3239256","1.046875","0.008","1751135","4000","14804.415700401843","14796.384417892554","11674.348877600554","1.0004842070731996","0.017149474216242355","0","7163a65543816d08a23c844d2762c1967e2f734b4748129ec7bdf89e140df8b4",""
"7","3","1","baseline","a144eb1a4a89d4ac0912b187b851d7845716c7d8","f56ea4902f385955a8d2438bb306087ba3274848dddfdc36602d269392ab08c1","vectorPerformance","gaussian32","Quantile","1","1","427932","4000","500","Complete","0.710566599","2.7299E-5","0.388076201","0.322463099","1.046875","0.01","1751119","4000","15119.429112419593","15129.482098788952","12424.352542458728","1.000588248721186","0.024238503591598903","0","e468486f9c3bce272356b47328af805b6315b0ce0dcec0ba389ad1cc6e773090",""
"7","3","1","baseline","a144eb1a4a89d4ac0912b187b851d7845716c7d8","f56ea4902f385955a8d2438bb306087ba3274848dddfdc36602d269392ab08c1","vectorPerformance","gaussian32","Quantile","1","2","435851","4000","500","Complete","0.7116874","3.13E-5","0.3875424","0.3241137","1.046875","0.008","1754043","4000","14654.09636813213","14648.796726473445","11630.775114295944","1.0006045524861327","0.019982935899345466","0","f17849dd0d6937ddb28ce5136301623e9a5b8e9dd4ad54fb96a198cfdc5f0c6a",""
"7","3","1","baseline","a144eb1a4a89d4ac0912b187b851d7845716c7d8","f56ea4902f385955a8d2438bb306087ba3274848dddfdc36602d269392ab08c1","vectorPerformance","gaussian32","Quantile","1","3","443770","4000","500","Complete","0.7134446","2.89E-5","0.3898651","0.3235506","0.921875","0.01","1754067","4000","14670.955292689816","14672.094230083088","12113.52110906072","1.0003997605716526","0.012117200485737945","0","8d191d73493e7fb3ede8cea18ccac7e017f7700706ef9c9f8b699e07b2804d14",""
"7","3","1","baseline","a144eb1a4a89d4ac0912b187b851d7845716c7d8","f56ea4902f385955a8d2438bb306087ba3274848dddfdc36602d269392ab08c1","vectorPerformance","gaussian32","Quantile","1","4","451689","4000","500","Complete","0.7132131","2.74E-5","0.388888","0.3242977","0.71875","0.009","1751661","4000","14424.859583462046","14417.997752939862","12128.296452895833","1.0007982696988702","0.02835365482901797","0","b8ea3b62393883b214271958061a644368686dc583e5f2e33e5eafdc7a65f17e",""
"7","3","1","baseline","a144eb1a4a89d4ac0912b187b851d7845716c7d8","f56ea4902f385955a8d2438bb306087ba3274848dddfdc36602d269392ab08c1","vectorPerformance","gaussian32","Quantile","2","-2","404175","4000","500","Complete","0.4796595","3.97E-5","0.303129999","0.176489801","1.265625","0.013","1753214","4000","15219.008327321226","15213.744919585897","12194.607218487616","1.0007110848254097","0.01623649007724448","0","cecc6b4fda00565adaade6079bd9a81eec1cb5425a7364f3a4652f8f1fe688e7",""
"7","3","1","baseline","a144eb1a4a89d4ac0912b187b851d7845716c7d8","f56ea4902f385955a8d2438bb306087ba3274848dddfdc36602d269392ab08c1","vectorPerformance","gaussian32","Quantile","2","-1","412094","4000","500","Complete","0.486583101","2.7301E-5","0.3114262","0.1751296","0.984375","0.012","1754500","4000","14374.340793710559","14390.679914776822","12593.727427588436","1.0005481375625007","0.020322296447435884","0","710b12b4b32c1d00e33cda313ee3aca4afb06968f65bf5b1d672fd6109f4f43f",""
"7","3","1","baseline","a144eb1a4a89d4ac0912b187b851d7845716c7d8","f56ea4902f385955a8d2438bb306087ba3274848dddfdc36602d269392ab08c1","vectorPerformance","gaussian32","Quantile","2","0","420013","4000","500","Complete","0.471281701","2.76E-5","0.300215601","0.1710385","0.921875","0.012","1751135","4000","14804.415700401843","14796.384417892554","11674.348877600554","1.0004842070731996","0.017149474216242355","0","7163a65543816d08a23c844d2762c1967e2f734b4748129ec7bdf89e140df8b4",""
"7","3","1","baseline","a144eb1a4a89d4ac0912b187b851d7845716c7d8","f56ea4902f385955a8d2438bb306087ba3274848dddfdc36602d269392ab08c1","vectorPerformance","gaussian32","Quantile","2","1","427932","4000","500","Complete","0.471098799","3.46E-5","0.3013994","0.169664799","1.265625","0.009","1751119","4000","15119.429112419593","15129.482098788952","12424.352542458728","1.000588248721186","0.024238503591598903","0","e468486f9c3bce272356b47328af805b6315b0ce0dcec0ba389ad1cc6e773090",""
"7","3","1","baseline","a144eb1a4a89d4ac0912b187b851d7845716c7d8","f56ea4902f385955a8d2438bb306087ba3274848dddfdc36602d269392ab08c1","vectorPerformance","gaussian32","Quantile","2","2","435851","4000","500","Complete","0.491475099","2.79E-5","0.3234668","0.167980399","0.96875","0.011","1754043","4000","14654.09636813213","14648.796726473445","11630.775114295944","1.0006045524861327","0.019982935899345466","0","f17849dd0d6937ddb28ce5136301623e9a5b8e9dd4ad54fb96a198cfdc5f0c6a",""
"7","3","1","baseline","a144eb1a4a89d4ac0912b187b851d7845716c7d8","f56ea4902f385955a8d2438bb306087ba3274848dddfdc36602d269392ab08c1","vectorPerformance","gaussian32","Quantile","2","3","443770","4000","500","Complete","0.475201","2.89E-5","0.3053826","0.1697895","0.96875","0.009","1754067","4000","14670.955292689816","14672.094230083088","12113.52110906072","1.0003997605716526","0.012117200485737945","0","8d191d73493e7fb3ede8cea18ccac7e017f7700706ef9c9f8b699e07b2804d14",""
"7","3","1","baseline","a144eb1a4a89d4ac0912b187b851d7845716c7d8","f56ea4902f385955a8d2438bb306087ba3274848dddfdc36602d269392ab08c1","vectorPerformance","gaussian32","Quantile","2","4","451689","4000","500","Complete","0.4760257","4.6601E-5","0.3039105","0.172068599","0.953125","0.011","1751661","4000","14424.859583462046","14417.997752939862","12128.296452895833","1.0007982696988702","0.02835365482901797","0","b8ea3b62393883b214271958061a644368686dc583e5f2e33e5eafdc7a65f17e",""
"7","3","1","baseline","a144eb1a4a89d4ac0912b187b851d7845716c7d8","f56ea4902f385955a8d2438bb306087ba3274848dddfdc36602d269392ab08c1","vectorPerformance","gaussian32","Quantile","4","-2","404175","4000","500","Complete","0.4056546","7.13E-5","0.3076434","0.0979399","2.1875","0.014","1753214","4000","15219.008327321226","15213.744919585897","12194.607218487616","1.0007110848254097","0.01623649007724448","0","cecc6b4fda00565adaade6079bd9a81eec1cb5425a7364f3a4652f8f1fe688e7",""
"7","3","1","baseline","a144eb1a4a89d4ac0912b187b851d7845716c7d8","f56ea4902f385955a8d2438bb306087ba3274848dddfdc36602d269392ab08c1","vectorPerformance","gaussian32","Quantile","4","-1","412094","4000","500","Complete","0.396316699","2.9E-5","0.3048597","0.091427999","1.859375","0.011","1754500","4000","14374.340793710559","14390.679914776822","12593.727427588436","1.0005481375625007","0.020322296447435884","0","710b12b4b32c1d00e33cda313ee3aca4afb06968f65bf5b1d672fd6109f4f43f",""
"7","3","1","baseline","a144eb1a4a89d4ac0912b187b851d7845716c7d8","f56ea4902f385955a8d2438bb306087ba3274848dddfdc36602d269392ab08c1","vectorPerformance","gaussian32","Quantile","4","0","420013","4000","500","Complete","0.403644","3.13E-5","0.3065517","0.097061","1.59375","0.011","1751135","4000","14804.415700401843","14796.384417892554","11674.348877600554","1.0004842070731996","0.017149474216242355","0","7163a65543816d08a23c844d2762c1967e2f734b4748129ec7bdf89e140df8b4",""
"7","3","1","baseline","a144eb1a4a89d4ac0912b187b851d7845716c7d8","f56ea4902f385955a8d2438bb306087ba3274848dddfdc36602d269392ab08c1","vectorPerformance","gaussian32","Quantile","4","1","427932","4000","500","Complete","0.402456399","5.05E-5","0.310032099","0.0923738","1.875","0.01","1751119","4000","15119.429112419593","15129.482098788952","12424.352542458728","1.000588248721186","0.024238503591598903","0","e468486f9c3bce272356b47328af805b6315b0ce0dcec0ba389ad1cc6e773090",""
"7","3","1","baseline","a144eb1a4a89d4ac0912b187b851d7845716c7d8","f56ea4902f385955a8d2438bb306087ba3274848dddfdc36602d269392ab08c1","vectorPerformance","gaussian32","Quantile","4","2","435851","4000","500","Complete","0.402511","2.81E-5","0.3070719","0.095411","1.625","0.014","1754043","4000","14654.09636813213","14648.796726473445","11630.775114295944","1.0006045524861327","0.019982935899345466","0","f17849dd0d6937ddb28ce5136301623e9a5b8e9dd4ad54fb96a198cfdc5f0c6a",""
"7","3","1","baseline","a144eb1a4a89d4ac0912b187b851d7845716c7d8","f56ea4902f385955a8d2438bb306087ba3274848dddfdc36602d269392ab08c1","vectorPerformance","gaussian32","Quantile","4","3","443770","4000","500","Complete","0.403154499","2.69E-5","0.3079346","0.095192999","1.90625","0.012","1754067","4000","14670.955292689816","14672.094230083088","12113.52110906072","1.0003997605716526","0.012117200485737945","0","8d191d73493e7fb3ede8cea18ccac7e017f7700706ef9c9f8b699e07b2804d14",""
"7","3","1","baseline","a144eb1a4a89d4ac0912b187b851d7845716c7d8","f56ea4902f385955a8d2438bb306087ba3274848dddfdc36602d269392ab08c1","vectorPerformance","gaussian32","Quantile","4","4","451689","4000","500","Complete","0.4035489","2.98E-5","0.3071726","0.0963465","1.609375","0.013","1751661","4000","14424.859583462046","14417.997752939862","12128.296452895833","1.0007982696988702","0.02835365482901797","0","b8ea3b62393883b214271958061a644368686dc583e5f2e33e5eafdc7a65f17e",""
"7","3","1","baseline","a144eb1a4a89d4ac0912b187b851d7845716c7d8","f56ea4902f385955a8d2438bb306087ba3274848dddfdc36602d269392ab08c1","vectorPerformance","gaussian8","GPSS","1","-2","404175","4000","500","Complete","0.149340999","4.7799E-5","0.0522724","0.0970208","0.609375","0.002","138018","4000","15549.340111147894","15536.369070524215","11710.881022750353","1.000693382204123","0.020280809809882006","0","e7f255a3304bc6df3dfbc4384cc42f0a14e097b21ea85d7dfdd0891304dccc86",""
"7","3","1","baseline","a144eb1a4a89d4ac0912b187b851d7845716c7d8","f56ea4902f385955a8d2438bb306087ba3274848dddfdc36602d269392ab08c1","vectorPerformance","gaussian8","GPSS","1","-1","412094","4000","500","Complete","0.1194638","5.1E-5","0.0323035","0.0871093","0.5","0.003","138132","4000","15263.81484653245","15291.911844531342","11216.22139798599","1.0004803178957116","0.014392603577789376","0","e114ddce1fe3e8b5caed48fc0365aca0d32bd35e94363aa001d7324d00935224",""
"7","3","1","baseline","a144eb1a4a89d4ac0912b187b851d7845716c7d8","f56ea4902f385955a8d2438bb306087ba3274848dddfdc36602d269392ab08c1","vectorPerformance","gaussian8","GPSS","1","0","420013","4000","500","Complete","0.112333201","3.6601E-5","0.027269199","0.085027401","0.125","0.002","138323","4000","15080.473776226881","15096.77911576306","11062.432005908491","1.0006149641210862","0.012458863431772271","0","2a91e22981ec396c3eca9414af3d6ac63570dc29437cdd4bdc3eb6a8db475fa2",""
"7","3","1","baseline","a144eb1a4a89d4ac0912b187b851d7845716c7d8","f56ea4902f385955a8d2438bb306087ba3274848dddfdc36602d269392ab08c1","vectorPerformance","gaussian8","GPSS","1","1","427932","4000","500","Complete","0.111037701","4.0101E-5","0.0234773","0.0875203","0.125","0.0","138154","4000","15134.6012276361","15136.078376941558","11308.922646882544","1.0009404579967858","0.013454526579750548","0","045e36a427e6332b3973cb5a7bed2c41034d4baa3241673dfea554f81e693a14",""
"7","3","1","baseline","a144eb1a4a89d4ac0912b187b851d7845716c7d8","f56ea4902f385955a8d2438bb306087ba3274848dddfdc36602d269392ab08c1","vectorPerformance","gaussian8","GPSS","1","2","435851","4000","500","Complete","0.111953","3.0E-5","0.023715799","0.088207201","0.109375","0.0","137988","4000","14363.080320209516","14344.664435137216","11161.859788330772","1.0004963309089212","0.01645570173683253","0","282eaef783cfb8138f0fbaa41141a7646474130935f10820d7fcdc9d6a1e24c0",""
"7","3","1","baseline","a144eb1a4a89d4ac0912b187b851d7845716c7d8","f56ea4902f385955a8d2438bb306087ba3274848dddfdc36602d269392ab08c1","vectorPerformance","gaussian8","GPSS","1","3","443770","4000","500","Complete","0.1108496","3.36E-5","0.023311299","0.087504701","0.125","0.0","138055","4000","15045.50132933249","15019.431343943274","10767.592734371476","1.0010260647907836","0.018113200227977133","0","6f88cd3290902ed4688e28521e20205fca8afb18c6e4fe2e6e0de9c4e7e0a62c",""
"7","3","1","baseline","a144eb1a4a89d4ac0912b187b851d7845716c7d8","f56ea4902f385955a8d2438bb306087ba3274848dddfdc36602d269392ab08c1","vectorPerformance","gaussian8","GPSS","1","4","451689","4000","500","Complete","0.1143868","3.1E-5","0.023523399","0.090832401","0.21875","0.0","138188","4000","15603.053005275411","15621.61943123139","10677.483456214122","1.0007920020096437","0.014172913039023793","0","3703a943973521b658002c1d1edb8b4dcddac3550850573cac7499aba83dbaac",""
"7","3","1","baseline","a144eb1a4a89d4ac0912b187b851d7845716c7d8","f56ea4902f385955a8d2438bb306087ba3274848dddfdc36602d269392ab08c1","vectorPerformance","gaussian8","GPSS","2","-2","404175","4000","500","Complete","0.2826385","0.006134299","0.080597901","0.1959063","1.375","0.003","138018","4000","15549.340111147894","15536.369070524215","11710.881022750353","1.000693382204123","0.020280809809882006","0","e7f255a3304bc6df3dfbc4384cc42f0a14e097b21ea85d7dfdd0891304dccc86",""
"7","3","1","baseline","a144eb1a4a89d4ac0912b187b851d7845716c7d8","f56ea4902f385955a8d2438bb306087ba3274848dddfdc36602d269392ab08c1","vectorPerformance","gaussian8","GPSS","2","-1","412094","4000","500","Complete","0.0713469","6.26E-5","0.017605","0.0536793","0.1875","0.0","138132","4000","15263.81484653245","15291.911844531342","11216.22139798599","1.0004803178957116","0.014392603577789376","0","e114ddce1fe3e8b5caed48fc0365aca0d32bd35e94363aa001d7324d00935224",""
"7","3","1","baseline","a144eb1a4a89d4ac0912b187b851d7845716c7d8","f56ea4902f385955a8d2438bb306087ba3274848dddfdc36602d269392ab08c1","vectorPerformance","gaussian8","GPSS","2","0","420013","4000","500","Complete","0.065008799","7.7499E-5","0.018140101","0.046791199","0.125","0.0","138323","4000","15080.473776226881","15096.77911576306","11062.432005908491","1.0006149641210862","0.012458863431772271","0","2a91e22981ec396c3eca9414af3d6ac63570dc29437cdd4bdc3eb6a8db475fa2",""
"7","3","1","baseline","a144eb1a4a89d4ac0912b187b851d7845716c7d8","f56ea4902f385955a8d2438bb306087ba3274848dddfdc36602d269392ab08c1","vectorPerformance","gaussian8","GPSS","2","1","427932","4000","500","Complete","0.0651511","3.4599E-5","0.016196401","0.0489201","0.125","0.0","138154","4000","15134.6012276361","15136.078376941558","11308.922646882544","1.0009404579967858","0.013454526579750548","0","045e36a427e6332b3973cb5a7bed2c41034d4baa3241673dfea554f81e693a14",""
"7","3","1","baseline","a144eb1a4a89d4ac0912b187b851d7845716c7d8","f56ea4902f385955a8d2438bb306087ba3274848dddfdc36602d269392ab08c1","vectorPerformance","gaussian8","GPSS","2","2","435851","4000","500","Complete","0.066052","4.01E-5","0.0167747","0.0492372","0.125","0.002","137988","4000","14363.080320209516","14344.664435137216","11161.859788330772","1.0004963309089212","0.01645570173683253","0","282eaef783cfb8138f0fbaa41141a7646474130935f10820d7fcdc9d6a1e24c0",""
"7","3","1","baseline","a144eb1a4a89d4ac0912b187b851d7845716c7d8","f56ea4902f385955a8d2438bb306087ba3274848dddfdc36602d269392ab08c1","vectorPerformance","gaussian8","GPSS","2","3","443770","4000","500","Complete","0.0666252","8.3099E-5","0.016262401","0.0502797","0.140625","0.003","138055","4000","15045.50132933249","15019.431343943274","10767.592734371476","1.0010260647907836","0.018113200227977133","0","6f88cd3290902ed4688e28521e20205fca8afb18c6e4fe2e6e0de9c4e7e0a62c",""
"7","3","1","baseline","a144eb1a4a89d4ac0912b187b851d7845716c7d8","f56ea4902f385955a8d2438bb306087ba3274848dddfdc36602d269392ab08c1","vectorPerformance","gaussian8","GPSS","2","4","451689","4000","500","Complete","0.0635486","3.26E-5","0.0166129","0.0469031","0.140625","0.0","138188","4000","15603.053005275411","15621.61943123139","10677.483456214122","1.0007920020096437","0.014172913039023793","0","3703a943973521b658002c1d1edb8b4dcddac3550850573cac7499aba83dbaac",""
"7","3","1","baseline","a144eb1a4a89d4ac0912b187b851d7845716c7d8","f56ea4902f385955a8d2438bb306087ba3274848dddfdc36602d269392ab08c1","vectorPerformance","gaussian8","GPSS","4","-2","404175","4000","500","Complete","0.057450501","1.27901E-4","0.0219523","0.0353703","0.28125","0.0","138018","4000","15549.340111147894","15536.369070524215","11710.881022750353","1.000693382204123","0.020280809809882006","0","e7f255a3304bc6df3dfbc4384cc42f0a14e097b21ea85d7dfdd0891304dccc86",""
"7","3","1","baseline","a144eb1a4a89d4ac0912b187b851d7845716c7d8","f56ea4902f385955a8d2438bb306087ba3274848dddfdc36602d269392ab08c1","vectorPerformance","gaussian8","GPSS","4","-1","412094","4000","500","Complete","0.0468002","6.5E-5","0.019026899","0.027708301","0.171875","0.0","138132","4000","15263.81484653245","15291.911844531342","11216.22139798599","1.0004803178957116","0.014392603577789376","0","e114ddce1fe3e8b5caed48fc0365aca0d32bd35e94363aa001d7324d00935224",""
"7","3","1","baseline","a144eb1a4a89d4ac0912b187b851d7845716c7d8","f56ea4902f385955a8d2438bb306087ba3274848dddfdc36602d269392ab08c1","vectorPerformance","gaussian8","GPSS","4","0","420013","4000","500","Complete","0.0466925","4.2999E-5","0.019861","0.026788501","0.1875","0.002","138323","4000","15080.473776226881","15096.77911576306","11062.432005908491","1.0006149641210862","0.012458863431772271","0","2a91e22981ec396c3eca9414af3d6ac63570dc29437cdd4bdc3eb6a8db475fa2",""
"7","3","1","baseline","a144eb1a4a89d4ac0912b187b851d7845716c7d8","f56ea4902f385955a8d2438bb306087ba3274848dddfdc36602d269392ab08c1","vectorPerformance","gaussian8","GPSS","4","1","427932","4000","500","Complete","0.045200201","3.1901E-5","0.016532","0.0286363","0.203125","0.002","138154","4000","15134.6012276361","15136.078376941558","11308.922646882544","1.0009404579967858","0.013454526579750548","0","045e36a427e6332b3973cb5a7bed2c41034d4baa3241673dfea554f81e693a14",""
"7","3","1","baseline","a144eb1a4a89d4ac0912b187b851d7845716c7d8","f56ea4902f385955a8d2438bb306087ba3274848dddfdc36602d269392ab08c1","vectorPerformance","gaussian8","GPSS","4","2","435851","4000","500","Complete","0.0480432","3.73E-5","0.016418099","0.031587801","0.1875","0.003","137988","4000","14363.080320209516","14344.664435137216","11161.859788330772","1.0004963309089212","0.01645570173683253","0","282eaef783cfb8138f0fbaa41141a7646474130935f10820d7fcdc9d6a1e24c0",""
"7","3","1","baseline","a144eb1a4a89d4ac0912b187b851d7845716c7d8","f56ea4902f385955a8d2438bb306087ba3274848dddfdc36602d269392ab08c1","vectorPerformance","gaussian8","GPSS","4","3","443770","4000","500","Complete","0.0451423","3.4E-5","0.0171154","0.0279929","0.1875","0.0","138055","4000","15045.50132933249","15019.431343943274","10767.592734371476","1.0010260647907836","0.018113200227977133","0","6f88cd3290902ed4688e28521e20205fca8afb18c6e4fe2e6e0de9c4e7e0a62c",""
"7","3","1","baseline","a144eb1a4a89d4ac0912b187b851d7845716c7d8","f56ea4902f385955a8d2438bb306087ba3274848dddfdc36602d269392ab08c1","vectorPerformance","gaussian8","GPSS","4","4","451689","4000","500","Complete","0.0462578","4.02E-5","0.0185406","0.027677","0.5","0.002","138188","4000","15603.053005275411","15621.61943123139","10677.483456214122","1.0007920020096437","0.014172913039023793","0","3703a943973521b658002c1d1edb8b4dcddac3550850573cac7499aba83dbaac",""
"7","3","1","baseline","a144eb1a4a89d4ac0912b187b851d7845716c7d8","f56ea4902f385955a8d2438bb306087ba3274848dddfdc36602d269392ab08c1","vectorPerformance","gaussian8","Quantile","1","-2","404175","4000","500","Complete","0.1273822","3.04E-5","0.0380015","0.0893503","0.140625","0.001","439383","4000","15133.633311857895","15137.149661571859","12640.232874183323","1.0002765119712598","0.010865777388695763","0","0a652ec86caa4b0878042a2ca27e4843b8fff440045e84ffe9040bbf18fc5c1b",""
"7","3","1","baseline","a144eb1a4a89d4ac0912b187b851d7845716c7d8","f56ea4902f385955a8d2438bb306087ba3274848dddfdc36602d269392ab08c1","vectorPerformance","gaussian8","Quantile","1","-1","412094","4000","500","Complete","0.1275708","2.8399E-5","0.0350265","0.092515901","0.125","0.0","438543","4000","15213.490906399908","15228.10660758392","12891.868030399028","1.0002543220506444","0.014962146800250764","0","22193da6e1ed5c7fb6bc482596a8cb09c08425673712be65ab0ebf58ef73f382",""
"7","3","1","baseline","a144eb1a4a89d4ac0912b187b851d7845716c7d8","f56ea4902f385955a8d2438bb306087ba3274848dddfdc36602d269392ab08c1","vectorPerformance","gaussian8","Quantile","1","0","420013","4000","500","Complete","0.1236074","2.85E-5","0.0349462","0.0886327","0.125","0.0","436956","4000","15387.214907747757","15383.41868425877","13280.050841973973","1.000488212672387","0.017862111392228958","0","1a2a7053039cbf9cd5227976b2ba660c8f0bbf84c10e94ae04c9c6d297fc0025",""
"7","3","1","baseline","a144eb1a4a89d4ac0912b187b851d7845716c7d8","f56ea4902f385955a8d2438bb306087ba3274848dddfdc36602d269392ab08c1","vectorPerformance","gaussian8","Quantile","1","1","427932","4000","500","Complete","0.125930401","3.09E-5","0.0387418","0.087157701","0.171875","0.001","437269","4000","15727.934748036001","15719.464590581323","12902.625514015059","1.0004649152576137","0.012810490325706247","0","850de3d767de404b10a6234afa6ecc9c5dfdee0c4338411a0af3e46894e42ce3",""
"7","3","1","baseline","a144eb1a4a89d4ac0912b187b851d7845716c7d8","f56ea4902f385955a8d2438bb306087ba3274848dddfdc36602d269392ab08c1","vectorPerformance","gaussian8","Quantile","1","2","435851","4000","500","Complete","0.1239117","3.08E-5","0.0350035","0.0888774","0.125","0.0","438008","4000","15126.989343371939","15133.471327879883","12471.355965872704","1.0004579804360567","0.01410791604282019","0","fd474ea7f77c91f336f3664000c5dec28946aab4fd9917ca2fd5c066ad7e03df",""
"7","3","1","baseline","a144eb1a4a89d4ac0912b187b851d7845716c7d8","f56ea4902f385955a8d2438bb306087ba3274848dddfdc36602d269392ab08c1","vectorPerformance","gaussian8","Quantile","1","3","443770","4000","500","Complete","0.125570301","3.9901E-5","0.0359421","0.0895883","0.125","0.0","438134","4000","14783.95134310092","14781.603964607304","13183.37761680062","1.0005441549460146","0.009381500096846795","0","f5d860d8f1c8c55386f06f23faad6b9f8df1541a619040c2f28698d0813a5f75",""
"7","3","1","baseline","a144eb1a4a89d4ac0912b187b851d7845716c7d8","f56ea4902f385955a8d2438bb306087ba3274848dddfdc36602d269392ab08c1","vectorPerformance","gaussian8","Quantile","1","4","451689","4000","500","Complete","0.1228753","3.14E-5","0.037216601","0.085627299","0.15625","0.001","437868","4000","14884.121074739518","14909.092385573675","12538.608584974128","1.0004648391967559","0.02587550455561438","0","f5667ee456b1d3d2b0c42c8460f2481029f27806732e9bf75dd56271a0628822",""
"7","3","1","baseline","a144eb1a4a89d4ac0912b187b851d7845716c7d8","f56ea4902f385955a8d2438bb306087ba3274848dddfdc36602d269392ab08c1","vectorPerformance","gaussian8","Quantile","2","-2","404175","4000","500","Complete","0.091938599","4.16E-5","0.0448031","0.047093899","0.25","0.002","439383","4000","15133.633311857895","15137.149661571859","12640.232874183323","1.0002765119712598","0.010865777388695763","0","0a652ec86caa4b0878042a2ca27e4843b8fff440045e84ffe9040bbf18fc5c1b",""
"7","3","1","baseline","a144eb1a4a89d4ac0912b187b851d7845716c7d8","f56ea4902f385955a8d2438bb306087ba3274848dddfdc36602d269392ab08c1","vectorPerformance","gaussian8","Quantile","2","-1","412094","4000","500","Complete","0.070609501","2.9E-5","0.021255801","0.0493247","0.15625","0.003","438543","4000","15213.490906399908","15228.10660758392","12891.868030399028","1.0002543220506444","0.014962146800250764","0","22193da6e1ed5c7fb6bc482596a8cb09c08425673712be65ab0ebf58ef73f382",""
"7","3","1","baseline","a144eb1a4a89d4ac0912b187b851d7845716c7d8","f56ea4902f385955a8d2438bb306087ba3274848dddfdc36602d269392ab08c1","vectorPerformance","gaussian8","Quantile","2","0","420013","4000","500","Complete","0.0708659","3.03E-5","0.0253792","0.0454564","0.234375","0.003","436956","4000","15387.214907747757","15383.41868425877","13280.050841973973","1.000488212672387","0.017862111392228958","0","1a2a7053039cbf9cd5227976b2ba660c8f0bbf84c10e94ae04c9c6d297fc0025",""
"7","3","1","baseline","a144eb1a4a89d4ac0912b187b851d7845716c7d8","f56ea4902f385955a8d2438bb306087ba3274848dddfdc36602d269392ab08c1","vectorPerformance","gaussian8","Quantile","2","1","427932","4000","500","Complete","0.0693378","2.94E-5","0.0223368","0.0469716","0.140625","0.001","437269","4000","15727.934748036001","15719.464590581323","12902.625514015059","1.0004649152576137","0.012810490325706247","0","850de3d767de404b10a6234afa6ecc9c5dfdee0c4338411a0af3e46894e42ce3",""
"7","3","1","baseline","a144eb1a4a89d4ac0912b187b851d7845716c7d8","f56ea4902f385955a8d2438bb306087ba3274848dddfdc36602d269392ab08c1","vectorPerformance","gaussian8","Quantile","2","2","435851","4000","500","Complete","0.066897799","2.9E-5","0.0244341","0.042434699","0.125","0.002","438008","4000","15126.989343371939","15133.471327879883","12471.355965872704","1.0004579804360567","0.01410791604282019","0","fd474ea7f77c91f336f3664000c5dec28946aab4fd9917ca2fd5c066ad7e03df",""
"7","3","1","baseline","a144eb1a4a89d4ac0912b187b851d7845716c7d8","f56ea4902f385955a8d2438bb306087ba3274848dddfdc36602d269392ab08c1","vectorPerformance","gaussian8","Quantile","2","3","443770","4000","500","Complete","0.0692813","3.05E-5","0.0237258","0.045525","0.15625","0.002","438134","4000","14783.95134310092","14781.603964607304","13183.37761680062","1.0005441549460146","0.009381500096846795","0","f5d860d8f1c8c55386f06f23faad6b9f8df1541a619040c2f28698d0813a5f75",""
"7","3","1","baseline","a144eb1a4a89d4ac0912b187b851d7845716c7d8","f56ea4902f385955a8d2438bb306087ba3274848dddfdc36602d269392ab08c1","vectorPerformance","gaussian8","Quantile","2","4","451689","4000","500","Complete","0.0679254","5.35E-5","0.022440699","0.045431201","0.125","0.001","437868","4000","14884.121074739518","14909.092385573675","12538.608584974128","1.0004648391967559","0.02587550455561438","0","f5667ee456b1d3d2b0c42c8460f2481029f27806732e9bf75dd56271a0628822",""
"7","3","1","baseline","a144eb1a4a89d4ac0912b187b851d7845716c7d8","f56ea4902f385955a8d2438bb306087ba3274848dddfdc36602d269392ab08c1","vectorPerformance","gaussian8","Quantile","4","-2","404175","4000","500","Complete","0.0480979","3.04E-5","0.0214006","0.0266669","0.1875","0.0","439383","4000","15133.633311857895","15137.149661571859","12640.232874183323","1.0002765119712598","0.010865777388695763","0","0a652ec86caa4b0878042a2ca27e4843b8fff440045e84ffe9040bbf18fc5c1b",""
"7","3","1","baseline","a144eb1a4a89d4ac0912b187b851d7845716c7d8","f56ea4902f385955a8d2438bb306087ba3274848dddfdc36602d269392ab08c1","vectorPerformance","gaussian8","Quantile","4","-1","412094","4000","500","Complete","0.048995801","3.6801E-5","0.0236198","0.0253392","0.25","0.003","438543","4000","15213.490906399908","15228.10660758392","12891.868030399028","1.0002543220506444","0.014962146800250764","0","22193da6e1ed5c7fb6bc482596a8cb09c08425673712be65ab0ebf58ef73f382",""
"7","3","1","baseline","a144eb1a4a89d4ac0912b187b851d7845716c7d8","f56ea4902f385955a8d2438bb306087ba3274848dddfdc36602d269392ab08c1","vectorPerformance","gaussian8","Quantile","4","0","420013","4000","500","Complete","0.0515944","3.3599E-5","0.021827501","0.0297333","0.25","0.0","436956","4000","15387.214907747757","15383.41868425877","13280.050841973973","1.000488212672387","0.017862111392228958","0","1a2a7053039cbf9cd5227976b2ba660c8f0bbf84c10e94ae04c9c6d297fc0025",""
"7","3","1","baseline","a144eb1a4a89d4ac0912b187b851d7845716c7d8","f56ea4902f385955a8d2438bb306087ba3274848dddfdc36602d269392ab08c1","vectorPerformance","gaussian8","Quantile","4","1","427932","4000","500","Complete","0.0485441","3.54E-5","0.021355","0.0271537","0.1875","0.0","437269","4000","15727.934748036001","15719.464590581323","12902.625514015059","1.0004649152576137","0.012810490325706247","0","850de3d767de404b10a6234afa6ecc9c5dfdee0c4338411a0af3e46894e42ce3",""
"7","3","1","baseline","a144eb1a4a89d4ac0912b187b851d7845716c7d8","f56ea4902f385955a8d2438bb306087ba3274848dddfdc36602d269392ab08c1","vectorPerformance","gaussian8","Quantile","4","2","435851","4000","500","Complete","0.051359901","3.11E-5","0.021186701","0.0301421","0.265625","0.002","438008","4000","15126.989343371939","15133.471327879883","12471.355965872704","1.0004579804360567","0.01410791604282019","0","fd474ea7f77c91f336f3664000c5dec28946aab4fd9917ca2fd5c066ad7e03df",""
"7","3","1","baseline","a144eb1a4a89d4ac0912b187b851d7845716c7d8","f56ea4902f385955a8d2438bb306087ba3274848dddfdc36602d269392ab08c1","vectorPerformance","gaussian8","Quantile","4","3","443770","4000","500","Complete","0.0484846","4.2299E-5","0.021207001","0.0272353","0.1875","0.0","438134","4000","14783.95134310092","14781.603964607304","13183.37761680062","1.0005441549460146","0.009381500096846795","0","f5d860d8f1c8c55386f06f23faad6b9f8df1541a619040c2f28698d0813a5f75",""
"7","3","1","baseline","a144eb1a4a89d4ac0912b187b851d7845716c7d8","f56ea4902f385955a8d2438bb306087ba3274848dddfdc36602d269392ab08c1","vectorPerformance","gaussian8","Quantile","4","4","451689","4000","500","Complete","0.0505544","3.93E-5","0.022379699","0.028135401","0.21875","0.0","437868","4000","14884.121074739518","14909.092385573675","12538.608584974128","1.0004648391967559","0.02587550455561438","0","f5667ee456b1d3d2b0c42c8460f2481029f27806732e9bf75dd56271a0628822",""
"7","3","1","baseline","a144eb1a4a89d4ac0912b187b851d7845716c7d8","f56ea4902f385955a8d2438bb306087ba3274848dddfdc36602d269392ab08c1","vectorPerformance","likelihood8","GPSS","1","-2","404175","4000","500","Complete","0.1568481","1.509E-4","0.0754046","0.0812926","0.15625","0.0","113497","4000","15386.728000357793","15391.85127451405","11321.818924317045","1.000502564087113","0.005344596134197365","0","15875fc3ad457cd99d016931ae49e3b53ed50293a59b7331791ac43670de87bd",""
"7","3","1","baseline","a144eb1a4a89d4ac0912b187b851d7845716c7d8","f56ea4902f385955a8d2438bb306087ba3274848dddfdc36602d269392ab08c1","vectorPerformance","likelihood8","GPSS","1","-1","412094","4000","500","Complete","0.159777501","5.7701E-5","0.076356299","0.083363501","0.15625","0.003","113672","4000","14515.066848005721","14590.130865412311","10903.103694208865","1.0008342935047612","0.005564436392907962","0","fc720f0e7fc6b705ca4b80ac8fe6515a0d286ae0520a978aef375e586c9db6bf",""
"7","3","1","baseline","a144eb1a4a89d4ac0912b187b851d7845716c7d8","f56ea4902f385955a8d2438bb306087ba3274848dddfdc36602d269392ab08c1","vectorPerformance","likelihood8","GPSS","1","0","420013","4000","500","Complete","0.1567106","5.8499E-5","0.0756462","0.081005901","0.15625","0.0","113054","4000","15068.277084944693","15070.85887531968","10694.846310168503","1.0005601541440654","0.004181248674558491","0","8d6dc2b369fc062d17f4e1721fe9d8a199bcba9f600d8572402455c6c30b60fa",""
"7","3","1","baseline","a144eb1a4a89d4ac0912b187b851d7845716c7d8","f56ea4902f385955a8d2438bb306087ba3274848dddfdc36602d269392ab08c1","vectorPerformance","likelihood8","GPSS","1","1","427932","4000","500","Complete","0.1562297","5.26E-5","0.0752352","0.0809419","0.15625","0.0","113472","4000","15069.243223748383","15055.059231076986","10322.707096463675","1.0013248567157627","0.005340326134526563","0","38e3adbbae621e7ad84a1cb5d7d2f248aeb925e3eea6b59badd3e9bb967ca792",""
"7","3","1","baseline","a144eb1a4a89d4ac0912b187b851d7845716c7d8","f56ea4902f385955a8d2438bb306087ba3274848dddfdc36602d269392ab08c1","vectorPerformance","likelihood8","GPSS","1","2","435851","4000","500","Complete","0.156567599","8.7399E-5","0.075441201","0.081038999","0.15625","0.0","113322","4000","15018.1283976014","15019.886701809703","11132.174688571149","1.000533090102839","0.005175852109189194","0","a1c97633734bbb43a66c525a225905cb612f427cd2600d3cc731158cc0011283",""
"7","3","1","baseline","a144eb1a4a89d4ac0912b187b851d7845716c7d8","f56ea4902f385955a8d2438bb306087ba3274848dddfdc36602d269392ab08c1","vectorPerformance","likelihood8","GPSS","1","3","443770","4000","500","Complete","0.1568674","5.08E-5","0.075604","0.0812126","0.15625","0.0","113541","4000","15504.177620932032","15516.176571089783","11070.759113858252","1.0005200177999494","0.0030179744349801974","0","10250d525acdf021423a78f0a10ef6caf57ce50e6525306305dda230dde4a3dd",""
"7","3","1","baseline","a144eb1a4a89d4ac0912b187b851d7845716c7d8","f56ea4902f385955a8d2438bb306087ba3274848dddfdc36602d269392ab08c1","vectorPerformance","likelihood8","GPSS","1","4","451689","4000","500","Complete","0.156473001","5.1201E-5","0.075367","0.0810548","0.15625","0.0","113652","4000","14785.194091889316","14779.730449941797","11297.287331686812","1.0008757668998252","0.004036703328069907","0","aeb7ca95e5af585230ca0add63518df7f82bcf74ed17b9d657a219f4e1b2d0f5",""
"7","3","1","baseline","a144eb1a4a89d4ac0912b187b851d7845716c7d8","f56ea4902f385955a8d2438bb306087ba3274848dddfdc36602d269392ab08c1","vectorPerformance","likelihood8","GPSS","2","-2","404175","4000","500","Complete","0.10103","0.0025941","0.0544405","0.0439954","0.359375","0.0","113497","4000","15386.728000357793","15391.85127451405","11321.818924317045","1.000502564087113","0.005344596134197365","0","15875fc3ad457cd99d016931ae49e3b53ed50293a59b7331791ac43670de87bd",""
"7","3","1","baseline","a144eb1a4a89d4ac0912b187b851d7845716c7d8","f56ea4902f385955a8d2438bb306087ba3274848dddfdc36602d269392ab08c1","vectorPerformance","likelihood8","GPSS","2","-1","412094","4000","500","Complete","0.082046799","6.93E-5","0.0392233","0.042754199","0.15625","0.0","113672","4000","14515.066848005721","14590.130865412311","10903.103694208865","1.0008342935047612","0.005564436392907962","0","fc720f0e7fc6b705ca4b80ac8fe6515a0d286ae0520a978aef375e586c9db6bf",""
"7","3","1","baseline","a144eb1a4a89d4ac0912b187b851d7845716c7d8","f56ea4902f385955a8d2438bb306087ba3274848dddfdc36602d269392ab08c1","vectorPerformance","likelihood8","GPSS","2","0","420013","4000","500","Complete","0.0828335","9.72E-5","0.0400801","0.0426562","0.171875","0.0","113054","4000","15068.277084944693","15070.85887531968","10694.846310168503","1.0005601541440654","0.004181248674558491","0","8d6dc2b369fc062d17f4e1721fe9d8a199bcba9f600d8572402455c6c30b60fa",""
"7","3","1","baseline","a144eb1a4a89d4ac0912b187b851d7845716c7d8","f56ea4902f385955a8d2438bb306087ba3274848dddfdc36602d269392ab08c1","vectorPerformance","likelihood8","GPSS","2","1","427932","4000","500","Complete","0.084659501","5.5901E-5","0.0407138","0.0438898","0.234375","0.002","113472","4000","15069.243223748383","15055.059231076986","10322.707096463675","1.0013248567157627","0.005340326134526563","0","38e3adbbae621e7ad84a1cb5d7d2f248aeb925e3eea6b59badd3e9bb967ca792",""
"7","3","1","baseline","a144eb1a4a89d4ac0912b187b851d7845716c7d8","f56ea4902f385955a8d2438bb306087ba3274848dddfdc36602d269392ab08c1","vectorPerformance","likelihood8","GPSS","2","2","435851","4000","500","Complete","0.0845135","4.74E-5","0.039631","0.0448351","0.140625","0.001","113322","4000","15018.1283976014","15019.886701809703","11132.174688571149","1.000533090102839","0.005175852109189194","0","a1c97633734bbb43a66c525a225905cb612f427cd2600d3cc731158cc0011283",""
"7","3","1","baseline","a144eb1a4a89d4ac0912b187b851d7845716c7d8","f56ea4902f385955a8d2438bb306087ba3274848dddfdc36602d269392ab08c1","vectorPerformance","likelihood8","GPSS","2","3","443770","4000","500","Complete","0.0840868","4.8301E-5","0.0402605","0.043777999","0.203125","0.0","113541","4000","15504.177620932032","15516.176571089783","11070.759113858252","1.0005200177999494","0.0030179744349801974","0","10250d525acdf021423a78f0a10ef6caf57ce50e6525306305dda230dde4a3dd",""
"7","3","1","baseline","a144eb1a4a89d4ac0912b187b851d7845716c7d8","f56ea4902f385955a8d2438bb306087ba3274848dddfdc36602d269392ab08c1","vectorPerformance","likelihood8","GPSS","2","4","451689","4000","500","Complete","0.0835454","5.23E-5","0.040412199","0.043080901","0.1875","0.001","113652","4000","14785.194091889316","14779.730449941797","11297.287331686812","1.0008757668998252","0.004036703328069907","0","aeb7ca95e5af585230ca0add63518df7f82bcf74ed17b9d657a219f4e1b2d0f5",""
"7","3","1","baseline","a144eb1a4a89d4ac0912b187b851d7845716c7d8","f56ea4902f385955a8d2438bb306087ba3274848dddfdc36602d269392ab08c1","vectorPerformance","likelihood8","GPSS","4","-2","404175","4000","500","Complete","0.047231601","2.48801E-4","0.0224585","0.0245243","0.1875","0.001","113497","4000","15386.728000357793","15391.85127451405","11321.818924317045","1.000502564087113","0.005344596134197365","0","15875fc3ad457cd99d016931ae49e3b53ed50293a59b7331791ac43670de87bd",""
"7","3","1","baseline","a144eb1a4a89d4ac0912b187b851d7845716c7d8","f56ea4902f385955a8d2438bb306087ba3274848dddfdc36602d269392ab08c1","vectorPerformance","likelihood8","GPSS","4","-1","412094","4000","500","Complete","0.0469828","6.09E-5","0.0222777","0.0246442","0.1875","0.0","113672","4000","14515.066848005721","14590.130865412311","10903.103694208865","1.0008342935047612","0.005564436392907962","0","fc720f0e7fc6b705ca4b80ac8fe6515a0d286ae0520a978aef375e586c9db6bf",""
"7","3","1","baseline","a144eb1a4a89d4ac0912b187b851d7845716c7d8","f56ea4902f385955a8d2438bb306087ba3274848dddfdc36602d269392ab08c1","vectorPerformance","likelihood8","GPSS","4","0","420013","4000","500","Complete","0.0460137","8.61E-5","0.0216693","0.0242583","0.1875","0.0","113054","4000","15068.277084944693","15070.85887531968","10694.846310168503","1.0005601541440654","0.004181248674558491","0","8d6dc2b369fc062d17f4e1721fe9d8a199bcba9f600d8572402455c6c30b60fa",""
"7","3","1","baseline","a144eb1a4a89d4ac0912b187b851d7845716c7d8","f56ea4902f385955a8d2438bb306087ba3274848dddfdc36602d269392ab08c1","vectorPerformance","likelihood8","GPSS","4","1","427932","4000","500","Complete","0.0474385","4.74E-5","0.0226642","0.0247269","0.1875","0.0","113472","4000","15069.243223748383","15055.059231076986","10322.707096463675","1.0013248567157627","0.005340326134526563","0","38e3adbbae621e7ad84a1cb5d7d2f248aeb925e3eea6b59badd3e9bb967ca792",""
"7","3","1","baseline","a144eb1a4a89d4ac0912b187b851d7845716c7d8","f56ea4902f385955a8d2438bb306087ba3274848dddfdc36602d269392ab08c1","vectorPerformance","likelihood8","GPSS","4","2","435851","4000","500","Complete","0.045959099","8.22E-5","0.0216969","0.024179999","0.1875","0.0","113322","4000","15018.1283976014","15019.886701809703","11132.174688571149","1.000533090102839","0.005175852109189194","0","a1c97633734bbb43a66c525a225905cb612f427cd2600d3cc731158cc0011283",""
"7","3","1","baseline","a144eb1a4a89d4ac0912b187b851d7845716c7d8","f56ea4902f385955a8d2438bb306087ba3274848dddfdc36602d269392ab08c1","vectorPerformance","likelihood8","GPSS","4","3","443770","4000","500","Complete","0.046291499","4.83E-5","0.0223076","0.023935599","0.171875","0.0","113541","4000","15504.177620932032","15516.176571089783","11070.759113858252","1.0005200177999494","0.0030179744349801974","0","10250d525acdf021423a78f0a10ef6caf57ce50e6525306305dda230dde4a3dd",""
"7","3","1","baseline","a144eb1a4a89d4ac0912b187b851d7845716c7d8","f56ea4902f385955a8d2438bb306087ba3274848dddfdc36602d269392ab08c1","vectorPerformance","likelihood8","GPSS","4","4","451689","4000","500","Complete","0.0465565","4.4499E-5","0.022086701","0.0244253","0.1875","0.0","113652","4000","14785.194091889316","14779.730449941797","11297.287331686812","1.0008757668998252","0.004036703328069907","0","aeb7ca95e5af585230ca0add63518df7f82bcf74ed17b9d657a219f4e1b2d0f5",""
"7","3","1","baseline","a144eb1a4a89d4ac0912b187b851d7845716c7d8","f56ea4902f385955a8d2438bb306087ba3274848dddfdc36602d269392ab08c1","vectorPerformance","likelihood8","Quantile","1","-2","404175","4000","500","Complete","0.443359299","4.65E-5","0.3618286","0.081484199","0.453125","0.001","675623","4000","14553.603071888145","14560.448774995888","11253.189859649683","1.0007097070118298","0.003922918284137322","0","03828cdda4fc43583cac684014ff31176af4a34269763a886473aa7e641f0391",""
"7","3","1","baseline","a144eb1a4a89d4ac0912b187b851d7845716c7d8","f56ea4902f385955a8d2438bb306087ba3274848dddfdc36602d269392ab08c1","vectorPerformance","likelihood8","Quantile","1","-1","412094","4000","500","Complete","0.439754","7.93E-5","0.358352","0.0813227","0.453125","0.001","674660","4000","15209.136106969212","15217.30790335651","11240.432710958032","1.0004372157752155","0.0052684685777992235","0","e259b6e006096a76873934a7876a399ffc6054ce8626e6a9f54fe4dc9a2a077b",""
"7","3","1","baseline","a144eb1a4a89d4ac0912b187b851d7845716c7d8","f56ea4902f385955a8d2438bb306087ba3274848dddfdc36602d269392ab08c1","vectorPerformance","likelihood8","Quantile","1","0","420013","4000","500","Complete","0.4397267","3.04E-5","0.3582666","0.0814297","0.4375","0.0","673796","4000","15027.331818683551","15033.704474475824","10491.658637470435","1.0004326935079904","0.005338364077357494","0","a6b794bfac044c42b2225f202fe85edd749f09d343dadd0c6f9a8be5b72afda0",""
"7","3","1","baseline","a144eb1a4a89d4ac0912b187b851d7845716c7d8","f56ea4902f385955a8d2438bb306087ba3274848dddfdc36602d269392ab08c1","vectorPerformance","likelihood8","Quantile","1","1","427932","4000","500","Complete","0.439721501","3.09E-5","0.358298201","0.0813924","0.4375","0.002","673825","4000","15276.658872254206","15256.4622489339","11119.716918313663","1.000391617247902","0.006419580823759208","0","50e2cecd19fa21e7ea4301720423264b745a7096caa97d8e6935a59763285f0a",""
"7","3","1","baseline","a144eb1a4a89d4ac0912b187b851d7845716c7d8","f56ea4902f385955a8d2438bb306087ba3274848dddfdc36602d269392ab08c1","vectorPerformance","likelihood8","Quantile","1","2","435851","4000","500","Complete","0.4528197","3.04E-5","0.3709952","0.0817941","0.453125","0.001","674482","4000","15438.964336306639","15424.356228106937","11497.88972532256","1.0006283061980878","0.01024848436056533","0","d045bb5c2ae5192b21902085068a9b62aa6f41d66d4132dc6affda22bcc4912d",""
"7","3","1","baseline","a144eb1a4a89d4ac0912b187b851d7845716c7d8","f56ea4902f385955a8d2438bb306087ba3274848dddfdc36602d269392ab08c1","vectorPerformance","likelihood8","Quantile","1","3","443770","4000","500","Complete","0.442293201","3.33E-5","0.360559601","0.0817003","0.453125","0.001","674770","4000","15279.141041189421","15290.437507693725","11098.089526704722","1.00060311853599","0.008195113181772185","0","14c0d80a24194a44695934e9fba1972daa6dc8b7383da72f1cd5837c36c4722d",""
"7","3","1","baseline","a144eb1a4a89d4ac0912b187b851d7845716c7d8","f56ea4902f385955a8d2438bb306087ba3274848dddfdc36602d269392ab08c1","vectorPerformance","likelihood8","Quantile","1","4","451689","4000","500","Complete","0.4665705","3.0199E-5","0.384336801","0.0822035","0.46875","0.0","675588","4000","15378.326224840608","15396.096164831599","11613.462866841413","1.000726442029433","0.005885612388259281","0","dffab805aa7e6a415f84c4666b5b3033cb9751a54880ba72e95a79dc87652086",""
"7","3","1","baseline","a144eb1a4a89d4ac0912b187b851d7845716c7d8","f56ea4902f385955a8d2438bb306087ba3274848dddfdc36602d269392ab08c1","vectorPerformance","likelihood8","Quantile","2","-2","404175","4000","500","Complete","0.230924","7.09E-5","0.1872313","0.0436218","0.46875","0.001","675623","4000","14553.603071888145","14560.448774995888","11253.189859649683","1.0007097070118298","0.003922918284137322","0","03828cdda4fc43583cac684014ff31176af4a34269763a886473aa7e641f0391",""
"7","3","1","baseline","a144eb1a4a89d4ac0912b187b851d7845716c7d8","f56ea4902f385955a8d2438bb306087ba3274848dddfdc36602d269392ab08c1","vectorPerformance","likelihood8","Quantile","2","-1","412094","4000","500","Complete","0.2312109","4.5E-5","0.186821","0.0443449","0.46875","0.0","674660","4000","15209.136106969212","15217.30790335651","11240.432710958032","1.0004372157752155","0.0052684685777992235","0","e259b6e006096a76873934a7876a399ffc6054ce8626e6a9f54fe4dc9a2a077b",""
"7","3","1","baseline","a144eb1a4a89d4ac0912b187b851d7845716c7d8","f56ea4902f385955a8d2438bb306087ba3274848dddfdc36602d269392ab08c1","vectorPerformance","likelihood8","Quantile","2","0","420013","4000","500","Complete","0.231095299","3.12E-5","0.1856168","0.045447299","0.46875","0.002","673796","4000","15027.331818683551","15033.704474475824","10491.658637470435","1.0004326935079904","0.005338364077357494","0","a6b794bfac044c42b2225f202fe85edd749f09d343dadd0c6f9a8be5b72afda0",""
"7","3","1","baseline","a144eb1a4a89d4ac0912b187b851d7845716c7d8","f56ea4902f385955a8d2438bb306087ba3274848dddfdc36602d269392ab08c1","vectorPerformance","likelihood8","Quantile","2","1","427932","4000","500","Complete","0.2304516","4.8099E-5","0.1881263","0.042277201","0.4375","0.002","673825","4000","15276.658872254206","15256.4622489339","11119.716918313663","1.000391617247902","0.006419580823759208","0","50e2cecd19fa21e7ea4301720423264b745a7096caa97d8e6935a59763285f0a",""
"7","3","1","baseline","a144eb1a4a89d4ac0912b187b851d7845716c7d8","f56ea4902f385955a8d2438bb306087ba3274848dddfdc36602d269392ab08c1","vectorPerformance","likelihood8","Quantile","2","2","435851","4000","500","Complete","0.2299723","2.83E-5","0.186173","0.043771","0.46875","0.0","674482","4000","15438.964336306639","15424.356228106937","11497.88972532256","1.0006283061980878","0.01024848436056533","0","d045bb5c2ae5192b21902085068a9b62aa6f41d66d4132dc6affda22bcc4912d",""
"7","3","1","baseline","a144eb1a4a89d4ac0912b187b851d7845716c7d8","f56ea4902f385955a8d2438bb306087ba3274848dddfdc36602d269392ab08c1","vectorPerformance","likelihood8","Quantile","2","3","443770","4000","500","Complete","0.250425","3.08E-5","0.200721","0.0496732","0.5","0.0","674770","4000","15279.141041189421","15290.437507693725","11098.089526704722","1.00060311853599","0.008195113181772185","0","14c0d80a24194a44695934e9fba1972daa6dc8b7383da72f1cd5837c36c4722d",""
"7","3","1","baseline","a144eb1a4a89d4ac0912b187b851d7845716c7d8","f56ea4902f385955a8d2438bb306087ba3274848dddfdc36602d269392ab08c1","vectorPerformance","likelihood8","Quantile","2","4","451689","4000","500","Complete","0.230358801","3.07E-5","0.186778501","0.0435496","0.46875","0.0","675588","4000","15378.326224840608","15396.096164831599","11613.462866841413","1.000726442029433","0.005885612388259281","0","dffab805aa7e6a415f84c4666b5b3033cb9751a54880ba72e95a79dc87652086",""
"7","3","1","baseline","a144eb1a4a89d4ac0912b187b851d7845716c7d8","f56ea4902f385955a8d2438bb306087ba3274848dddfdc36602d269392ab08c1","vectorPerformance","likelihood8","Quantile","4","-2","404175","4000","500","Complete","0.1211617","9.33E-5","0.0959203","0.0251481","0.5","0.0","675623","4000","14553.603071888145","14560.448774995888","11253.189859649683","1.0007097070118298","0.003922918284137322","0","03828cdda4fc43583cac684014ff31176af4a34269763a886473aa7e641f0391",""
"7","3","1","baseline","a144eb1a4a89d4ac0912b187b851d7845716c7d8","f56ea4902f385955a8d2438bb306087ba3274848dddfdc36602d269392ab08c1","vectorPerformance","likelihood8","Quantile","4","-1","412094","4000","500","Complete","0.120067499","4.9999E-5","0.094403601","0.025613899","0.453125","0.0","674660","4000","15209.136106969212","15217.30790335651","11240.432710958032","1.0004372157752155","0.0052684685777992235","0","e259b6e006096a76873934a7876a399ffc6054ce8626e6a9f54fe4dc9a2a077b",""
"7","3","1","baseline","a144eb1a4a89d4ac0912b187b851d7845716c7d8","f56ea4902f385955a8d2438bb306087ba3274848dddfdc36602d269392ab08c1","vectorPerformance","likelihood8","Quantile","4","0","420013","4000","500","Complete","0.119776999","3.19E-5","0.0950058","0.024739299","0.484375","0.0","673796","4000","15027.331818683551","15033.704474475824","10491.658637470435","1.0004326935079904","0.005338364077357494","0","a6b794bfac044c42b2225f202fe85edd749f09d343dadd0c6f9a8be5b72afda0",""
"7","3","1","baseline","a144eb1a4a89d4ac0912b187b851d7845716c7d8","f56ea4902f385955a8d2438bb306087ba3274848dddfdc36602d269392ab08c1","vectorPerformance","likelihood8","Quantile","4","1","427932","4000","500","Complete","0.1197059","6.02E-5","0.0945919","0.0250538","0.453125","0.0","673825","4000","15276.658872254206","15256.4622489339","11119.716918313663","1.000391617247902","0.006419580823759208","0","50e2cecd19fa21e7ea4301720423264b745a7096caa97d8e6935a59763285f0a",""
"7","3","1","baseline","a144eb1a4a89d4ac0912b187b851d7845716c7d8","f56ea4902f385955a8d2438bb306087ba3274848dddfdc36602d269392ab08c1","vectorPerformance","likelihood8","Quantile","4","2","435851","4000","500","Complete","0.1210582","3.08E-5","0.095613099","0.025414301","0.453125","0.0","674482","4000","15438.964336306639","15424.356228106937","11497.88972532256","1.0006283061980878","0.01024848436056533","0","d045bb5c2ae5192b21902085068a9b62aa6f41d66d4132dc6affda22bcc4912d",""
"7","3","1","baseline","a144eb1a4a89d4ac0912b187b851d7845716c7d8","f56ea4902f385955a8d2438bb306087ba3274848dddfdc36602d269392ab08c1","vectorPerformance","likelihood8","Quantile","4","3","443770","4000","500","Complete","0.122471899","3.05E-5","0.0974373","0.025004099","0.484375","0.002","674770","4000","15279.141041189421","15290.437507693725","11098.089526704722","1.00060311853599","0.008195113181772185","0","14c0d80a24194a44695934e9fba1972daa6dc8b7383da72f1cd5837c36c4722d",""
"7","3","1","baseline","a144eb1a4a89d4ac0912b187b851d7845716c7d8","f56ea4902f385955a8d2438bb306087ba3274848dddfdc36602d269392ab08c1","vectorPerformance","likelihood8","Quantile","4","4","451689","4000","500","Complete","0.1210235","3.4701E-5","0.0956902","0.025298599","0.515625","0.0","675588","4000","15378.326224840608","15396.096164831599","11613.462866841413","1.000726442029433","0.005885612388259281","0","dffab805aa7e6a415f84c4666b5b3033cb9751a54880ba72e95a79dc87652086",""
"7","3","1","baseline","a144eb1a4a89d4ac0912b187b851d7845716c7d8","f56ea4902f385955a8d2438bb306087ba3274848dddfdc36602d269392ab08c1","vectorPerformance","mixture8","GPSS","1","-2","404175","4000","500","Complete","0.1477798","1.8501E-5","0.066913999","0.0808473","0.15625","0.0","229144","4000","14.257988816324646","29.19304971339808","41.12369705555653","1.0898522442939091","0.21935070608817098","8","3b6875e17ed27fe9805ded4d871f7b5f9d73e9def0157d2b9b3ca4e8933848aa",""
"7","3","1","baseline","a144eb1a4a89d4ac0912b187b851d7845716c7d8","f56ea4902f385955a8d2438bb306087ba3274848dddfdc36602d269392ab08c1","vectorPerformance","mixture8","GPSS","1","-1","412094","4000","500","Complete","0.1476419","1.59E-5","0.0670032","0.0806228","0.15625","0.0","229290","4000","18.720999899350527","39.028622707399215","46.96121523232878","1.0731938076004162","0.17813809720195017","8","abf27d85ad57f604af02f9ce976cde68729c5e5b0b9868c8021e26e9e57c9cbb",""
"7","3","1","baseline","a144eb1a4a89d4ac0912b187b851d7845716c7d8","f56ea4902f385955a8d2438bb306087ba3274848dddfdc36602d269392ab08c1","vectorPerformance","mixture8","GPSS","1","0","420013","4000","500","Complete","0.147797","1.63E-5","0.066985","0.0807957","0.15625","0.002","230860","4000","11.197660818981081","21.159126284650732","49.74480814386594","1.1308094060468774","0.5016290019944878","8","f1a24a91ced5488ebfe513313caafc39cdc36be309bd0944b0aca511830cdc9b",""
"7","3","1","baseline","a144eb1a4a89d4ac0912b187b851d7845716c7d8","f56ea4902f385955a8d2438bb306087ba3274848dddfdc36602d269392ab08c1","vectorPerformance","mixture8","GPSS","1","1","427932","4000","500","Complete","0.156260799","1.97E-5","0.072611999","0.0836291","0.15625","0.0","227656","4000","350.3365962359708","946.1959119121931","828.0407758236613","1.006187429279826","0.489472770444491","0","3048dd7a997ec08547ffedc643f4f8ad71fb08dfc61d73588f085fae9f3b2530",""
"7","3","1","baseline","a144eb1a4a89d4ac0912b187b851d7845716c7d8","f56ea4902f385955a8d2438bb306087ba3274848dddfdc36602d269392ab08c1","vectorPerformance","mixture8","GPSS","1","2","435851","4000","500","Complete","0.1483345","1.89E-5","0.067967599","0.080348001","0.140625","0.0","230320","4000","11.885382937205895","20.922381229748733","74.65086869430434","1.127517255169642","0.6163845076767369","8","a8b0c5d28390a6bbe639426c5f3d044100be601426210b18a9d9a12faa0fdcbb",""
"7","3","1","baseline","a144eb1a4a89d4ac0912b187b851d7845716c7d8","f56ea4902f385955a8d2438bb306087ba3274848dddfdc36602d269392ab08c1","vectorPerformance","mixture8","GPSS","1","3","443770","4000","500","Complete","0.1467104","1.72E-5","0.0672237","0.0794695","0.140625","0.002","228342","4000","32.15927038708645","138.24287084259578","31.951943081965528","1.0380332431121262","0.32314994313579937","8","fb914cb87efc1f88af4218573d1acfcb2cf7af7578bb3764f9313b6f1caf9c08",""
"7","3","1","baseline","a144eb1a4a89d4ac0912b187b851d7845716c7d8","f56ea4902f385955a8d2438bb306087ba3274848dddfdc36602d269392ab08c1","vectorPerformance","mixture8","GPSS","1","4","451689","4000","500","Complete","0.153935801","1.56E-5","0.069988301","0.0839319","0.15625","0.0","231161","4000","11.42981152723505","18.51428192120557","82.97173289489884","1.1478873533286111","0.944470980985646","8","8c304b54387b3cfcaea9ca546733eb569997eadee97f924c60d4475ce4148eb9",""
"7","3","1","baseline","a144eb1a4a89d4ac0912b187b851d7845716c7d8","f56ea4902f385955a8d2438bb306087ba3274848dddfdc36602d269392ab08c1","vectorPerformance","mixture8","GPSS","2","-2","404175","4000","500","Complete","0.095697199","1.71E-5","0.05213","0.043550099","0.25","0.001","229144","4000","14.257988816324646","29.19304971339808","41.12369705555653","1.0898522442939091","0.21935070608817098","8","3b6875e17ed27fe9805ded4d871f7b5f9d73e9def0157d2b9b3ca4e8933848aa",""
"7","3","1","baseline","a144eb1a4a89d4ac0912b187b851d7845716c7d8","f56ea4902f385955a8d2438bb306087ba3274848dddfdc36602d269392ab08c1","vectorPerformance","mixture8","GPSS","2","-1","412094","4000","500","Complete","0.0829322","1.61E-5","0.0405933","0.0423228","0.15625","0.0","229290","4000","18.720999899350527","39.028622707399215","46.96121523232878","1.0731938076004162","0.17813809720195017","8","abf27d85ad57f604af02f9ce976cde68729c5e5b0b9868c8021e26e9e57c9cbb",""
"7","3","1","baseline","a144eb1a4a89d4ac0912b187b851d7845716c7d8","f56ea4902f385955a8d2438bb306087ba3274848dddfdc36602d269392ab08c1","vectorPerformance","mixture8","GPSS","2","0","420013","4000","500","Complete","0.0821931","1.6E-5","0.0401463","0.0420308","0.15625","0.0","230860","4000","11.197660818981081","21.159126284650732","49.74480814386594","1.1308094060468774","0.5016290019944878","8","f1a24a91ced5488ebfe513313caafc39cdc36be309bd0944b0aca511830cdc9b",""
"7","3","1","baseline","a144eb1a4a89d4ac0912b187b851d7845716c7d8","f56ea4902f385955a8d2438bb306087ba3274848dddfdc36602d269392ab08c1","vectorPerformance","mixture8","GPSS","2","1","427932","4000","500","Complete","0.0819855","1.73E-5","0.0393046","0.0426636","0.15625","0.0","227656","4000","350.3365962359708","946.1959119121931","828.0407758236613","1.006187429279826","0.489472770444491","0","3048dd7a997ec08547ffedc643f4f8ad71fb08dfc61d73588f085fae9f3b2530",""
"7","3","1","baseline","a144eb1a4a89d4ac0912b187b851d7845716c7d8","f56ea4902f385955a8d2438bb306087ba3274848dddfdc36602d269392ab08c1","vectorPerformance","mixture8","GPSS","2","2","435851","4000","500","Complete","0.0834296","1.7901E-5","0.0406713","0.042740399","0.1875","0.0","230320","4000","11.885382937205895","20.922381229748733","74.65086869430434","1.127517255169642","0.6163845076767369","8","a8b0c5d28390a6bbe639426c5f3d044100be601426210b18a9d9a12faa0fdcbb",""
"7","3","1","baseline","a144eb1a4a89d4ac0912b187b851d7845716c7d8","f56ea4902f385955a8d2438bb306087ba3274848dddfdc36602d269392ab08c1","vectorPerformance","mixture8","GPSS","2","3","443770","4000","500","Complete","0.083943401","1.6001E-5","0.0404493","0.0434781","0.15625","0.0","228342","4000","32.15927038708645","138.24287084259578","31.951943081965528","1.0380332431121262","0.32314994313579937","8","fb914cb87efc1f88af4218573d1acfcb2cf7af7578bb3764f9313b6f1caf9c08",""
"7","3","1","baseline","a144eb1a4a89d4ac0912b187b851d7845716c7d8","f56ea4902f385955a8d2438bb306087ba3274848dddfdc36602d269392ab08c1","vectorPerformance","mixture8","GPSS","2","4","451689","4000","500","Complete","0.0830353","1.57E-5","0.0398963","0.0431233","0.15625","0.0","231161","4000","11.42981152723505","18.51428192120557","82.97173289489884","1.1478873533286111","0.944470980985646","8","8c304b54387b3cfcaea9ca546733eb569997eadee97f924c60d4475ce4148eb9",""
"7","3","1","baseline","a144eb1a4a89d4ac0912b187b851d7845716c7d8","f56ea4902f385955a8d2438bb306087ba3274848dddfdc36602d269392ab08c1","vectorPerformance","mixture8","GPSS","4","-2","404175","4000","500","Complete","0.0657573","1.57E-5","0.0392774","0.0264642","0.25","0.002","229144","4000","14.257988816324646","29.19304971339808","41.12369705555653","1.0898522442939091","0.21935070608817098","8","3b6875e17ed27fe9805ded4d871f7b5f9d73e9def0157d2b9b3ca4e8933848aa",""
"7","3","1","baseline","a144eb1a4a89d4ac0912b187b851d7845716c7d8","f56ea4902f385955a8d2438bb306087ba3274848dddfdc36602d269392ab08c1","vectorPerformance","mixture8","GPSS","4","-1","412094","4000","500","Complete","0.0655954","1.62E-5","0.0410032","0.024576","0.25","0.001","229290","4000","18.720999899350527","39.028622707399215","46.96121523232878","1.0731938076004162","0.17813809720195017","8","abf27d85ad57f604af02f9ce976cde68729c5e5b0b9868c8021e26e9e57c9cbb",""
"7","3","1","baseline","a144eb1a4a89d4ac0912b187b851d7845716c7d8","f56ea4902f385955a8d2438bb306087ba3274848dddfdc36602d269392ab08c1","vectorPerformance","mixture8","GPSS","4","0","420013","4000","500","Complete","0.0656117","1.77E-5","0.0407324","0.0248616","0.546875","0.001","230860","4000","11.197660818981081","21.159126284650732","49.74480814386594","1.1308094060468774","0.5016290019944878","8","f1a24a91ced5488ebfe513313caafc39cdc36be309bd0944b0aca511830cdc9b",""
"7","3","1","baseline","a144eb1a4a89d4ac0912b187b851d7845716c7d8","f56ea4902f385955a8d2438bb306087ba3274848dddfdc36602d269392ab08c1","vectorPerformance","mixture8","GPSS","4","1","427932","4000","500","Complete","0.063345101","1.8901E-5","0.0402112","0.023115","0.234375","0.001","227656","4000","350.3365962359708","946.1959119121931","828.0407758236613","1.006187429279826","0.489472770444491","0","3048dd7a997ec08547ffedc643f4f8ad71fb08dfc61d73588f085fae9f3b2530",""
"7","3","1","baseline","a144eb1a4a89d4ac0912b187b851d7845716c7d8","f56ea4902f385955a8d2438bb306087ba3274848dddfdc36602d269392ab08c1","vectorPerformance","mixture8","GPSS","4","2","435851","4000","500","Complete","0.0649837","1.67E-5","0.0403965","0.0245705","0.25","0.001","230320","4000","11.885382937205895","20.922381229748733","74.65086869430434","1.127517255169642","0.6163845076767369","8","a8b0c5d28390a6bbe639426c5f3d044100be601426210b18a9d9a12faa0fdcbb",""
"7","3","1","baseline","a144eb1a4a89d4ac0912b187b851d7845716c7d8","f56ea4902f385955a8d2438bb306087ba3274848dddfdc36602d269392ab08c1","vectorPerformance","mixture8","GPSS","4","3","443770","4000","500","Complete","0.064865001","1.6701E-5","0.0389245","0.0259238","0.25","0.001","228342","4000","32.15927038708645","138.24287084259578","31.951943081965528","1.0380332431121262","0.32314994313579937","8","fb914cb87efc1f88af4218573d1acfcb2cf7af7578bb3764f9313b6f1caf9c08",""
"7","3","1","baseline","a144eb1a4a89d4ac0912b187b851d7845716c7d8","f56ea4902f385955a8d2438bb306087ba3274848dddfdc36602d269392ab08c1","vectorPerformance","mixture8","GPSS","4","4","451689","4000","500","Complete","0.0675345","1.78E-5","0.0424378","0.0250789","0.296875","0.0","231161","4000","11.42981152723505","18.51428192120557","82.97173289489884","1.1478873533286111","0.944470980985646","8","8c304b54387b3cfcaea9ca546733eb569997eadee97f924c60d4475ce4148eb9",""
"7","3","1","baseline","a144eb1a4a89d4ac0912b187b851d7845716c7d8","f56ea4902f385955a8d2438bb306087ba3274848dddfdc36602d269392ab08c1","vectorPerformance","mixture8","Quantile","1","-2","404175","4000","500","Complete","0.240790699","2.9E-5","0.157408899","0.0833528","0.234375","0.0","794544","4000","4.187636809868029","7.060337598855363","26.16378128764236","1.5288331364789502","3.256985326991021","8","08478ec37e7016f0a746f5541369d3f27e6780b3d77ac0dd3727aedc458b8a7f",""
"7","3","1","baseline","a144eb1a4a89d4ac0912b187b851d7845716c7d8","f56ea4902f385955a8d2438bb306087ba3274848dddfdc36602d269392ab08c1","vectorPerformance","mixture8","Quantile","1","-1","412094","4000","500","Complete","0.2435619","1.6099E-5","0.161813601","0.0817322","0.359375","0.001","816779","4000","13172.219750891138","13222.282432153374","9557.095877190202","1.0009523655339596","4.505381108384656","0","df0a2d121acaf8121fe4585bac661d116d56b94d4bbd87d7554b9b56bc69a16b",""
"7","3","1","baseline","a144eb1a4a89d4ac0912b187b851d7845716c7d8","f56ea4902f385955a8d2438bb306087ba3274848dddfdc36602d269392ab08c1","vectorPerformance","mixture8","Quantile","1","0","420013","4000","500","Complete","0.2419795","1.48E-5","0.1591767","0.082788","0.25","0.001","794198","4000","4.186058672517822","7.066033020998243","25.872565892706334","1.528293121197245","3.254959184947837","8","298edcccf4cb67bd1d71a2c67eaac49d9c2f065b01ce89b5a425470b4ac34246",""
"7","3","1","baseline","a144eb1a4a89d4ac0912b187b851d7845716c7d8","f56ea4902f385955a8d2438bb306087ba3274848dddfdc36602d269392ab08c1","vectorPerformance","mixture8","Quantile","1","1","427932","4000","500","Complete","0.239449001","1.67E-5","0.1573503","0.082082001","0.265625","0.002","793428","4000","4.1830750512240416","7.063117190644894","25.56957561795727","1.5283657513611182","3.2567621870613133","8","273d5a969b71614959a723e90feee880f8890fbdd52ed734512ecdb8349192a1",""
"7","3","1","baseline","a144eb1a4a89d4ac0912b187b851d7845716c7d8","f56ea4902f385955a8d2438bb306087ba3274848dddfdc36602d269392ab08c1","vectorPerformance","mixture8","Quantile","1","2","435851","4000","500","Complete","0.2440711","1.5201E-5","0.1626497","0.081406199","0.234375","0.001","819559","4000","13453.176078554361","13421.262962358194","9216.280792110578","1.0005674240480147","4.502788958677054","0","d8c678a9202d9a68411f907dc58204bfa1e84fa81561ad1055f777dd4b42c6f2",""
"7","3","1","baseline","a144eb1a4a89d4ac0912b187b851d7845716c7d8","f56ea4902f385955a8d2438bb306087ba3274848dddfdc36602d269392ab08c1","vectorPerformance","mixture8","Quantile","1","3","443770","4000","500","Complete","0.2425542","1.8699E-5","0.159902301","0.0826332","0.234375","0.001","818525","4000","14133.815442025896","14200.524096105466","9050.625427824825","1.0007425189374404","4.512149086714977","0","1bb1a4f128a60c3df02103528fa01749d02171821dd07470e5dae7f5e8630625",""
"7","3","1","baseline","a144eb1a4a89d4ac0912b187b851d7845716c7d8","f56ea4902f385955a8d2438bb306087ba3274848dddfdc36602d269392ab08c1","vectorPerformance","mixture8","Quantile","1","4","451689","4000","500","Complete","0.244990001","1.53E-5","0.162527901","0.0824468","0.234375","0.001","819229","4000","12826.818650755431","12819.884446949432","9099.649034826969","1.000430048273552","4.504000123365279","0","678212121ddd43756b45e7bd2e21e3caba79bf54b0c78a22985c55552046cf37",""
"7","3","1","baseline","a144eb1a4a89d4ac0912b187b851d7845716c7d8","f56ea4902f385955a8d2438bb306087ba3274848dddfdc36602d269392ab08c1","vectorPerformance","mixture8","Quantile","2","-2","404175","4000","500","Complete","0.1435764","1.96E-5","0.0994209","0.0441359","0.28125","0.001","794544","4000","4.187636809868029","7.060337598855363","26.16378128764236","1.5288331364789502","3.256985326991021","8","08478ec37e7016f0a746f5541369d3f27e6780b3d77ac0dd3727aedc458b8a7f",""
"7","3","1","baseline","a144eb1a4a89d4ac0912b187b851d7845716c7d8","f56ea4902f385955a8d2438bb306087ba3274848dddfdc36602d269392ab08c1","vectorPerformance","mixture8","Quantile","2","-1","412094","4000","500","Complete","0.1432646","2.1499E-5","0.099459701","0.0437834","0.3125","0.001","816779","4000","13172.219750891138","13222.282432153374","9557.095877190202","1.0009523655339596","4.505381108384656","0","df0a2d121acaf8121fe4585bac661d116d56b94d4bbd87d7554b9b56bc69a16b",""
"7","3","1","baseline","a144eb1a4a89d4ac0912b187b851d7845716c7d8","f56ea4902f385955a8d2438bb306087ba3274848dddfdc36602d269392ab08c1","vectorPerformance","mixture8","Quantile","2","0","420013","4000","500","Complete","0.141736899","1.5E-5","0.0970845","0.044637399","0.265625","0.001","794198","4000","4.186058672517822","7.066033020998243","25.872565892706334","1.528293121197245","3.254959184947837","8","298edcccf4cb67bd1d71a2c67eaac49d9c2f065b01ce89b5a425470b4ac34246",""
"7","3","1","baseline","a144eb1a4a89d4ac0912b187b851d7845716c7d8","f56ea4902f385955a8d2438bb306087ba3274848dddfdc36602d269392ab08c1","vectorPerformance","mixture8","Quantile","2","1","427932","4000","500","Complete","0.1424246","1.55E-5","0.0973732","0.0450359","0.28125","0.001","793428","4000","4.1830750512240416","7.063117190644894","25.56957561795727","1.5283657513611182","3.2567621870613133","8","273d5a969b71614959a723e90feee880f8890fbdd52ed734512ecdb8349192a1",""
"7","3","1","baseline","a144eb1a4a89d4ac0912b187b851d7845716c7d8","f56ea4902f385955a8d2438bb306087ba3274848dddfdc36602d269392ab08c1","vectorPerformance","mixture8","Quantile","2","2","435851","4000","500","Complete","0.142759501","1.6101E-5","0.1001162","0.0426272","0.28125","0.002","819559","4000","13453.176078554361","13421.262962358194","9216.280792110578","1.0005674240480147","4.502788958677054","0","d8c678a9202d9a68411f907dc58204bfa1e84fa81561ad1055f777dd4b42c6f2",""
"7","3","1","baseline","a144eb1a4a89d4ac0912b187b851d7845716c7d8","f56ea4902f385955a8d2438bb306087ba3274848dddfdc36602d269392ab08c1","vectorPerformance","mixture8","Quantile","2","3","443770","4000","500","Complete","0.1414659","1.47E-5","0.0992102","0.042241","0.28125","0.002","818525","4000","14133.815442025896","14200.524096105466","9050.625427824825","1.0007425189374404","4.512149086714977","0","1bb1a4f128a60c3df02103528fa01749d02171821dd07470e5dae7f5e8630625",""
"7","3","1","baseline","a144eb1a4a89d4ac0912b187b851d7845716c7d8","f56ea4902f385955a8d2438bb306087ba3274848dddfdc36602d269392ab08c1","vectorPerformance","mixture8","Quantile","2","4","451689","4000","500","Complete","0.1431242","1.45E-5","0.0976431","0.0454666","0.3125","0.002","819229","4000","12826.818650755431","12819.884446949432","9099.649034826969","1.000430048273552","4.504000123365279","0","678212121ddd43756b45e7bd2e21e3caba79bf54b0c78a22985c55552046cf37",""
"7","3","1","baseline","a144eb1a4a89d4ac0912b187b851d7845716c7d8","f56ea4902f385955a8d2438bb306087ba3274848dddfdc36602d269392ab08c1","vectorPerformance","mixture8","Quantile","4","-2","404175","4000","500","Complete","0.1018093","1.62E-5","0.073637","0.0281561","0.375","0.001","794544","4000","4.187636809868029","7.060337598855363","26.16378128764236","1.5288331364789502","3.256985326991021","8","08478ec37e7016f0a746f5541369d3f27e6780b3d77ac0dd3727aedc458b8a7f",""
"7","3","1","baseline","a144eb1a4a89d4ac0912b187b851d7845716c7d8","f56ea4902f385955a8d2438bb306087ba3274848dddfdc36602d269392ab08c1","vectorPerformance","mixture8","Quantile","4","-1","412094","4000","500","Complete","0.100312499","1.55E-5","0.075561799","0.0247352","0.359375","0.001","816779","4000","13172.219750891138","13222.282432153374","9557.095877190202","1.0009523655339596","4.505381108384656","0","df0a2d121acaf8121fe4585bac661d116d56b94d4bbd87d7554b9b56bc69a16b",""
"7","3","1","baseline","a144eb1a4a89d4ac0912b187b851d7845716c7d8","f56ea4902f385955a8d2438bb306087ba3274848dddfdc36602d269392ab08c1","vectorPerformance","mixture8","Quantile","4","0","420013","4000","500","Complete","0.1014382","1.74E-5","0.0753043","0.0261165","0.3125","0.001","794198","4000","4.186058672517822","7.066033020998243","25.872565892706334","1.528293121197245","3.254959184947837","8","298edcccf4cb67bd1d71a2c67eaac49d9c2f065b01ce89b5a425470b4ac34246",""
"7","3","1","baseline","a144eb1a4a89d4ac0912b187b851d7845716c7d8","f56ea4902f385955a8d2438bb306087ba3274848dddfdc36602d269392ab08c1","vectorPerformance","mixture8","Quantile","4","1","427932","4000","500","Complete","0.1014159","1.54E-5","0.074583","0.0268175","0.359375","0.001","793428","4000","4.1830750512240416","7.063117190644894","25.56957561795727","1.5283657513611182","3.2567621870613133","8","273d5a969b71614959a723e90feee880f8890fbdd52ed734512ecdb8349192a1",""
"7","3","1","baseline","a144eb1a4a89d4ac0912b187b851d7845716c7d8","f56ea4902f385955a8d2438bb306087ba3274848dddfdc36602d269392ab08c1","vectorPerformance","mixture8","Quantile","4","2","435851","4000","500","Complete","0.102238201","1.6201E-5","0.077509499","0.024712501","0.390625","0.002","819559","4000","13453.176078554361","13421.262962358194","9216.280792110578","1.0005674240480147","4.502788958677054","0","d8c678a9202d9a68411f907dc58204bfa1e84fa81561ad1055f777dd4b42c6f2",""
"7","3","1","baseline","a144eb1a4a89d4ac0912b187b851d7845716c7d8","f56ea4902f385955a8d2438bb306087ba3274848dddfdc36602d269392ab08c1","vectorPerformance","mixture8","Quantile","4","3","443770","4000","500","Complete","0.1022986","1.57E-5","0.077827899","0.024455001","0.390625","0.002","818525","4000","14133.815442025896","14200.524096105466","9050.625427824825","1.0007425189374404","4.512149086714977","0","1bb1a4f128a60c3df02103528fa01749d02171821dd07470e5dae7f5e8630625",""
"7","3","1","baseline","a144eb1a4a89d4ac0912b187b851d7845716c7d8","f56ea4902f385955a8d2438bb306087ba3274848dddfdc36602d269392ab08c1","vectorPerformance","mixture8","Quantile","4","4","451689","4000","500","Complete","0.1023741","1.48E-5","0.077092099","0.025267201","0.375","0.0","819229","4000","12826.818650755431","12819.884446949432","9099.649034826969","1.000430048273552","4.504000123365279","0","678212121ddd43756b45e7bd2e21e3caba79bf54b0c78a22985c55552046cf37",""
"7","3","1","baseline","a144eb1a4a89d4ac0912b187b851d7845716c7d8","f56ea4902f385955a8d2438bb306087ba3274848dddfdc36602d269392ab08c1","vectorPerformance","positive32","GPSS","1","-2","404175","4000","500","Complete","0.4969344","2.28E-5","0.176177","0.3207346","0.5","0.007","312248","4000","6.507081555422677","8.267454120088496","11.239726363241573","1.4243493212370788","0.9111742118510904","32","e1f462be7160698fc96433c37d8e6460fa2b583d96e58a05af89904985ee97c5",""
"7","3","1","baseline","a144eb1a4a89d4ac0912b187b851d7845716c7d8","f56ea4902f385955a8d2438bb306087ba3274848dddfdc36602d269392ab08c1","vectorPerformance","positive32","GPSS","1","-1","412094","4000","500","Complete","0.4872607","2.4499E-5","0.176837301","0.3103989","0.484375","0.003","312989","4000","5.495322761597328","8.012492423835413","12.29336507256984","1.4621066333934736","0.5327465027759886","32","047503de7ceb57f45f2c33ddf27b78c64d75cb6665a40538a8909c85da9d2c02",""
"7","3","1","baseline","a144eb1a4a89d4ac0912b187b851d7845716c7d8","f56ea4902f385955a8d2438bb306087ba3274848dddfdc36602d269392ab08c1","vectorPerformance","positive32","GPSS","1","0","420013","4000","500","Complete","0.489216","2.44E-5","0.179224099","0.309967501","0.484375","0.003","315080","4000","5.054210848500271","6.4086389980297715","11.498400167812514","1.682066869867944","1.124774421937512","32","9182bbb858877f9a625ab3c8ae05e7120fdc466f42d5a1dceccf9395da6065e9",""
"7","3","1","baseline","a144eb1a4a89d4ac0912b187b851d7845716c7d8","f56ea4902f385955a8d2438bb306087ba3274848dddfdc36602d269392ab08c1","vectorPerformance","positive32","GPSS","1","1","427932","4000","500","Complete","0.5070302","2.4899E-5","0.174467701","0.3325376","0.5","0.005","310499","4000","4.949526595516298","7.4253970060875725","11.370735805288119","1.496332455560683","0.5218258205642705","32","f0d7064a140efac0e8d7992843e936b5b1ea4f33b336f96c18ed34d07d4ff733",""
"7","3","1","baseline","a144eb1a4a89d4ac0912b187b851d7845716c7d8","f56ea4902f385955a8d2438bb306087ba3274848dddfdc36602d269392ab08c1","vectorPerformance","positive32","GPSS","1","2","435851","4000","500","Complete","0.4928516","2.43E-5","0.1804336","0.3123937","0.5","0.004","312895","4000","6.595439608345559","8.875134343603566","10.947737821804315","1.3815878832703925","0.38311879002350624","32","0365e43fa384cead64ff9f89d32ea3ea9edfdb1f4523fadebe6c708ca213e343",""
"7","3","1","baseline","a144eb1a4a89d4ac0912b187b851d7845716c7d8","f56ea4902f385955a8d2438bb306087ba3274848dddfdc36602d269392ab08c1","vectorPerformance","positive32","GPSS","1","3","443770","4000","500","Complete","0.494498201","2.4401E-5","0.1803308","0.314143","0.5","0.003","322378","4000","4.786571198089734","5.896539279571406","11.375709989448119","1.7909712039019074","1.5561805918696656","32","6ad6daee0ad4e8690da4c2f3a9ad5ab953ab95d6f3a80ac9994366367dae6f68",""
"7","3","1","baseline","a144eb1a4a89d4ac0912b187b851d7845716c7d8","f56ea4902f385955a8d2438bb306087ba3274848dddfdc36602d269392ab08c1","vectorPerformance","positive32","GPSS","1","4","451689","4000","500","Complete","0.4925786","2.02E-5","0.1753474","0.317211","0.46875","0.007","312493","4000","7.11180708957874","8.71283262637544","16.641164170760746","1.408214647506748","0.6415784047018325","32","b56b7859597de05ce23273ba96ae874e4baee6fad0f20d955b87448e5465d676",""
"7","3","1","baseline","a144eb1a4a89d4ac0912b187b851d7845716c7d8","f56ea4902f385955a8d2438bb306087ba3274848dddfdc36602d269392ab08c1","vectorPerformance","positive32","GPSS","2","-2","404175","4000","500","Complete","0.2829003","2.4799E-5","0.1189769","0.163898601","0.671875","0.004","312248","4000","6.507081555422677","8.267454120088496","11.239726363241573","1.4243493212370788","0.9111742118510904","32","e1f462be7160698fc96433c37d8e6460fa2b583d96e58a05af89904985ee97c5",""
"7","3","1","baseline","a144eb1a4a89d4ac0912b187b851d7845716c7d8","f56ea4902f385955a8d2438bb306087ba3274848dddfdc36602d269392ab08c1","vectorPerformance","positive32","GPSS","2","-1","412094","4000","500","Complete","0.2823464","2.1699E-5","0.110878601","0.1714461","0.5625","0.005","312989","4000","5.495322761597328","8.012492423835413","12.29336507256984","1.4621066333934736","0.5327465027759886","32","047503de7ceb57f45f2c33ddf27b78c64d75cb6665a40538a8909c85da9d2c02",""
"7","3","1","baseline","a144eb1a4a89d4ac0912b187b851d7845716c7d8","f56ea4902f385955a8d2438bb306087ba3274848dddfdc36602d269392ab08c1","vectorPerformance","positive32","GPSS","2","0","420013","4000","500","Complete","0.274992401","2.1101E-5","0.1080424","0.1669289","0.828125","0.005","315080","4000","5.054210848500271","6.4086389980297715","11.498400167812514","1.682066869867944","1.124774421937512","32","9182bbb858877f9a625ab3c8ae05e7120fdc466f42d5a1dceccf9395da6065e9",""
"7","3","1","baseline","a144eb1a4a89d4ac0912b187b851d7845716c7d8","f56ea4902f385955a8d2438bb306087ba3274848dddfdc36602d269392ab08c1","vectorPerformance","positive32","GPSS","2","1","427932","4000","500","Complete","0.2961147","2.7299E-5","0.116021101","0.1800663","0.59375","0.004","310499","4000","4.949526595516298","7.4253970060875725","11.370735805288119","1.496332455560683","0.5218258205642705","32","f0d7064a140efac0e8d7992843e936b5b1ea4f33b336f96c18ed34d07d4ff733",""
"7","3","1","baseline","a144eb1a4a89d4ac0912b187b851d7845716c7d8","f56ea4902f385955a8d2438bb306087ba3274848dddfdc36602d269392ab08c1","vectorPerformance","positive32","GPSS","2","2","435851","4000","500","Complete","0.279578699","2.3E-5","0.109101899","0.1704538","0.546875","0.004","312895","4000","6.595439608345559","8.875134343603566","10.947737821804315","1.3815878832703925","0.38311879002350624","32","0365e43fa384cead64ff9f89d32ea3ea9edfdb1f4523fadebe6c708ca213e343",""
"7","3","1","baseline","a144eb1a4a89d4ac0912b187b851d7845716c7d8","f56ea4902f385955a8d2438bb306087ba3274848dddfdc36602d269392ab08c1","vectorPerformance","positive32","GPSS","2","3","443770","4000","500","Complete","0.2806497","2.37E-5","0.1101583","0.1704677","0.5625","0.004","322378","4000","4.786571198089734","5.896539279571406","11.375709989448119","1.7909712039019074","1.5561805918696656","32","6ad6daee0ad4e8690da4c2f3a9ad5ab953ab95d6f3a80ac9994366367dae6f68",""
"7","3","1","baseline","a144eb1a4a89d4ac0912b187b851d7845716c7d8","f56ea4902f385955a8d2438bb306087ba3274848dddfdc36602d269392ab08c1","vectorPerformance","positive32","GPSS","2","4","451689","4000","500","Complete","0.278047201","2.2401E-5","0.1099397","0.1680851","0.5625","0.004","312493","4000","7.11180708957874","8.71283262637544","16.641164170760746","1.408214647506748","0.6415784047018325","32","b56b7859597de05ce23273ba96ae874e4baee6fad0f20d955b87448e5465d676",""
"7","3","1","baseline","a144eb1a4a89d4ac0912b187b851d7845716c7d8","f56ea4902f385955a8d2438bb306087ba3274848dddfdc36602d269392ab08c1","vectorPerformance","positive32","GPSS","4","-2","404175","4000","500","Complete","0.186762301","3.01E-5","0.094307001","0.0924252","0.75","0.002","312248","4000","6.507081555422677","8.267454120088496","11.239726363241573","1.4243493212370788","0.9111742118510904","32","e1f462be7160698fc96433c37d8e6460fa2b583d96e58a05af89904985ee97c5",""
"7","3","1","baseline","a144eb1a4a89d4ac0912b187b851d7845716c7d8","f56ea4902f385955a8d2438bb306087ba3274848dddfdc36602d269392ab08c1","vectorPerformance","positive32","GPSS","4","-1","412094","4000","500","Complete","0.1908644","2.24E-5","0.0913944","0.0994476","1.0625","0.004","312989","4000","5.495322761597328","8.012492423835413","12.29336507256984","1.4621066333934736","0.5327465027759886","32","047503de7ceb57f45f2c33ddf27b78c64d75cb6665a40538a8909c85da9d2c02",""
"7","3","1","baseline","a144eb1a4a89d4ac0912b187b851d7845716c7d8","f56ea4902f385955a8d2438bb306087ba3274848dddfdc36602d269392ab08c1","vectorPerformance","positive32","GPSS","4","0","420013","4000","500","Complete","0.1875205","2.29E-5","0.0963349","0.0911627","0.75","0.002","315080","4000","5.054210848500271","6.4086389980297715","11.498400167812514","1.682066869867944","1.124774421937512","32","9182bbb858877f9a625ab3c8ae05e7120fdc466f42d5a1dceccf9395da6065e9",""
"7","3","1","baseline","a144eb1a4a89d4ac0912b187b851d7845716c7d8","f56ea4902f385955a8d2438bb306087ba3274848dddfdc36602d269392ab08c1","vectorPerformance","positive32","GPSS","4","1","427932","4000","500","Complete","0.193578101","2.4401E-5","0.0954639","0.0980898","0.6875","0.002","310499","4000","4.949526595516298","7.4253970060875725","11.370735805288119","1.496332455560683","0.5218258205642705","32","f0d7064a140efac0e8d7992843e936b5b1ea4f33b336f96c18ed34d07d4ff733",""
"7","3","1","baseline","a144eb1a4a89d4ac0912b187b851d7845716c7d8","f56ea4902f385955a8d2438bb306087ba3274848dddfdc36602d269392ab08c1","vectorPerformance","positive32","GPSS","4","2","435851","4000","500","Complete","0.1971092","2.54E-5","0.0973262","0.0997576","1.109375","0.005","312895","4000","6.595439608345559","8.875134343603566","10.947737821804315","1.3815878832703925","0.38311879002350624","32","0365e43fa384cead64ff9f89d32ea3ea9edfdb1f4523fadebe6c708ca213e343",""
"7","3","1","baseline","a144eb1a4a89d4ac0912b187b851d7845716c7d8","f56ea4902f385955a8d2438bb306087ba3274848dddfdc36602d269392ab08c1","vectorPerformance","positive32","GPSS","4","3","443770","4000","500","Complete","0.1899747","2.43E-5","0.0968567","0.0930937","0.6875","0.003","322378","4000","4.786571198089734","5.896539279571406","11.375709989448119","1.7909712039019074","1.5561805918696656","32","6ad6daee0ad4e8690da4c2f3a9ad5ab953ab95d6f3a80ac9994366367dae6f68",""
"7","3","1","baseline","a144eb1a4a89d4ac0912b187b851d7845716c7d8","f56ea4902f385955a8d2438bb306087ba3274848dddfdc36602d269392ab08c1","vectorPerformance","positive32","GPSS","4","4","451689","4000","500","Complete","0.185051","2.3899E-5","0.092858901","0.0921682","0.75","0.002","312493","4000","7.11180708957874","8.71283262637544","16.641164170760746","1.408214647506748","0.6415784047018325","32","b56b7859597de05ce23273ba96ae874e4baee6fad0f20d955b87448e5465d676",""
"7","3","1","baseline","a144eb1a4a89d4ac0912b187b851d7845716c7d8","f56ea4902f385955a8d2438bb306087ba3274848dddfdc36602d269392ab08c1","vectorPerformance","positive32","Quantile","1","-2","404175","4000","500","Complete","0.733239399","2.16E-5","0.4117354","0.321482399","0.734375","0.006","2332703","4000","8030.260361578566","7443.725542312934","10980.95587684255","1.0012073242374708","0.03162578897149504","0","109d1589a3cfa1856056d074588bf62a00242342be20aaa02c7f9fa0c3d02464",""
"7","3","1","baseline","a144eb1a4a89d4ac0912b187b851d7845716c7d8","f56ea4902f385955a8d2438bb306087ba3274848dddfdc36602d269392ab08c1","vectorPerformance","positive32","Quantile","1","-1","412094","4000","500","Complete","0.732368799","2.19E-5","0.4044288","0.327918099","0.71875","0.008","2332056","4000","7849.260320702932","7497.08911341319","10218.844461352033","1.000850226319869","0.023734462941020107","0","2e7ae8f39b7d995378c03be6210919257cb3c5da65a71f7499cfe9fc1c43ddaa",""
"7","3","1","baseline","a144eb1a4a89d4ac0912b187b851d7845716c7d8","f56ea4902f385955a8d2438bb306087ba3274848dddfdc36602d269392ab08c1","vectorPerformance","positive32","Quantile","1","0","420013","4000","500","Complete","0.7362694","3.6599E-5","0.411315601","0.3249172","0.734375","0.005","2331456","4000","8061.462008922536","7644.287188277893","10396.228328686206","1.000767355772193","0.026399068267307313","0","b1c80d02d980f561db28b8e8c75872a90bfe94527189f07f4dfe1c9226d272e5",""
"7","3","1","baseline","a144eb1a4a89d4ac0912b187b851d7845716c7d8","f56ea4902f385955a8d2438bb306087ba3274848dddfdc36602d269392ab08c1","vectorPerformance","positive32","Quantile","1","1","427932","4000","500","Complete","0.7339994","2.01E-5","0.409683199","0.324296101","0.75","0.006","2330866","4000","7748.716822064378","7364.471868294603","10702.763364386927","1.0006942215274883","0.030448865944532777","0","218737eae3e2da277e8b65fe3a76bd5f04046950597185a676bdc475001c1e46",""
"7","3","1","baseline","a144eb1a4a89d4ac0912b187b851d7845716c7d8","f56ea4902f385955a8d2438bb306087ba3274848dddfdc36602d269392ab08c1","vectorPerformance","positive32","Quantile","1","2","435851","4000","500","Complete","0.7336359","2.1899E-5","0.404937501","0.3286765","0.75","0.007","2331863","4000","7994.761109518766","7444.795092892279","10756.070846197807","1.0010742652566522","0.026722483101742966","0","fb50892c47662c7c9c7473b45775635e782a20ef09488c3bc7f407bd559adfe3",""
"7","3","1","baseline","a144eb1a4a89d4ac0912b187b851d7845716c7d8","f56ea4902f385955a8d2438bb306087ba3274848dddfdc36602d269392ab08c1","vectorPerformance","positive32","Quantile","1","3","443770","4000","500","Complete","0.735257001","4.6801E-5","0.4113725","0.3238377","1.078125","0.007","2331071","4000","8046.326204198977","7094.826103737033","10587.156707045673","1.0006492486922247","0.022192055198105076","0","ea829d033823c80e3ad79c2bf9f4c957103c19055e7f39ac840ae3dd8ecf7787",""
"7","3","1","baseline","a144eb1a4a89d4ac0912b187b851d7845716c7d8","f56ea4902f385955a8d2438bb306087ba3274848dddfdc36602d269392ab08c1","vectorPerformance","positive32","Quantile","1","4","451689","4000","500","Complete","0.7333552","2.0E-5","0.4089395","0.3243957","0.765625","0.006","2329615","4000","8049.572429524939","7585.9302215949265","10803.178568962107","1.001435614653514","0.019996657665890316","0","f2275fab90488b6e0703edb3fe7b6bef8718ce8c0b14a645dc9d2b61880d135c",""
"7","3","1","baseline","a144eb1a4a89d4ac0912b187b851d7845716c7d8","f56ea4902f385955a8d2438bb306087ba3274848dddfdc36602d269392ab08c1","vectorPerformance","positive32","Quantile","2","-2","404175","4000","500","Complete","0.3996592","2.08E-5","0.232361799","0.167276601","1.140625","0.005","2332703","4000","8030.260361578566","7443.725542312934","10980.95587684255","1.0012073242374708","0.03162578897149504","0","109d1589a3cfa1856056d074588bf62a00242342be20aaa02c7f9fa0c3d02464",""
"7","3","1","baseline","a144eb1a4a89d4ac0912b187b851d7845716c7d8","f56ea4902f385955a8d2438bb306087ba3274848dddfdc36602d269392ab08c1","vectorPerformance","positive32","Quantile","2","-1","412094","4000","500","Complete","0.3952018","1.9399E-5","0.2255383","0.169644101","0.765625","0.006","2332056","4000","7849.260320702932","7497.08911341319","10218.844461352033","1.000850226319869","0.023734462941020107","0","2e7ae8f39b7d995378c03be6210919257cb3c5da65a71f7499cfe9fc1c43ddaa",""
"7","3","1","baseline","a144eb1a4a89d4ac0912b187b851d7845716c7d8","f56ea4902f385955a8d2438bb306087ba3274848dddfdc36602d269392ab08c1","vectorPerformance","positive32","Quantile","2","0","420013","4000","500","Complete","0.3933338","1.9899E-5","0.220842701","0.1724712","0.8125","0.008","2331456","4000","8061.462008922536","7644.287188277893","10396.228328686206","1.000767355772193","0.026399068267307313","0","b1c80d02d980f561db28b8e8c75872a90bfe94527189f07f4dfe1c9226d272e5",""
"7","3","1","baseline","a144eb1a4a89d4ac0912b187b851d7845716c7d8","f56ea4902f385955a8d2438bb306087ba3274848dddfdc36602d269392ab08c1","vectorPerformance","positive32","Quantile","2","1","427932","4000","500","Complete","0.3903635","2.0799E-5","0.223881401","0.1664613","0.78125","0.006","2330866","4000","7748.716822064378","7364.471868294603","10702.763364386927","1.0006942215274883","0.030448865944532777","0","218737eae3e2da277e8b65fe3a76bd5f04046950597185a676bdc475001c1e46",""
"7","3","1","baseline","a144eb1a4a89d4ac0912b187b851d7845716c7d8","f56ea4902f385955a8d2438bb306087ba3274848dddfdc36602d269392ab08c1","vectorPerformance","positive32","Quantile","2","2","435851","4000","500","Complete","0.391319601","1.9501E-5","0.221483399","0.169816701","1.109375","0.006","2331863","4000","7994.761109518766","7444.795092892279","10756.070846197807","1.0010742652566522","0.026722483101742966","0","fb50892c47662c7c9c7473b45775635e782a20ef09488c3bc7f407bd559adfe3",""
"7","3","1","baseline","a144eb1a4a89d4ac0912b187b851d7845716c7d8","f56ea4902f385955a8d2438bb306087ba3274848dddfdc36602d269392ab08c1","vectorPerformance","positive32","Quantile","2","3","443770","4000","500","Complete","0.3992625","3.1701E-5","0.2242429","0.174987899","0.78125","0.009","2331071","4000","8046.326204198977","7094.826103737033","10587.156707045673","1.0006492486922247","0.022192055198105076","0","ea829d033823c80e3ad79c2bf9f4c957103c19055e7f39ac840ae3dd8ecf7787",""
"7","3","1","baseline","a144eb1a4a89d4ac0912b187b851d7845716c7d8","f56ea4902f385955a8d2438bb306087ba3274848dddfdc36602d269392ab08c1","vectorPerformance","positive32","Quantile","2","4","451689","4000","500","Complete","0.3900617","2.0499E-5","0.221736101","0.1683051","1.109375","0.005","2329615","4000","8049.572429524939","7585.9302215949265","10803.178568962107","1.001435614653514","0.019996657665890316","0","f2275fab90488b6e0703edb3fe7b6bef8718ce8c0b14a645dc9d2b61880d135c",""
"7","3","1","baseline","a144eb1a4a89d4ac0912b187b851d7845716c7d8","f56ea4902f385955a8d2438bb306087ba3274848dddfdc36602d269392ab08c1","vectorPerformance","positive32","Quantile","4","-2","404175","4000","500","Complete","0.269988599","2.1299E-5","0.1718445","0.0981228","1.34375","0.008","2332703","4000","8030.260361578566","7443.725542312934","10980.95587684255","1.0012073242374708","0.03162578897149504","0","109d1589a3cfa1856056d074588bf62a00242342be20aaa02c7f9fa0c3d02464",""
"7","3","1","baseline","a144eb1a4a89d4ac0912b187b851d7845716c7d8","f56ea4902f385955a8d2438bb306087ba3274848dddfdc36602d269392ab08c1","vectorPerformance","positive32","Quantile","4","-1","412094","4000","500","Complete","0.271773901","2.0401E-5","0.1769889","0.0947646","1.25","0.006","2332056","4000","7849.260320702932","7497.08911341319","10218.844461352033","1.000850226319869","0.023734462941020107","0","2e7ae8f39b7d995378c03be6210919257cb3c5da65a71f7499cfe9fc1c43ddaa",""
"7","3","1","baseline","a144eb1a4a89d4ac0912b187b851d7845716c7d8","f56ea4902f385955a8d2438bb306087ba3274848dddfdc36602d269392ab08c1","vectorPerformance","positive32","Quantile","4","0","420013","4000","500","Complete","0.2677497","2.0801E-5","0.178684","0.089044899","1.0625","0.007","2331456","4000","8061.462008922536","7644.287188277893","10396.228328686206","1.000767355772193","0.026399068267307313","0","b1c80d02d980f561db28b8e8c75872a90bfe94527189f07f4dfe1c9226d272e5",""
"7","3","1","baseline","a144eb1a4a89d4ac0912b187b851d7845716c7d8","f56ea4902f385955a8d2438bb306087ba3274848dddfdc36602d269392ab08c1","vectorPerformance","positive32","Quantile","4","1","427932","4000","500","Complete","0.270431601","2.0301E-5","0.1755166","0.0948947","1.359375","0.008","2330866","4000","7748.716822064378","7364.471868294603","10702.763364386927","1.0006942215274883","0.030448865944532777","0","218737eae3e2da277e8b65fe3a76bd5f04046950597185a676bdc475001c1e46",""
"7","3","1","baseline","a144eb1a4a89d4ac0912b187b851d7845716c7d8","f56ea4902f385955a8d2438bb306087ba3274848dddfdc36602d269392ab08c1","vectorPerformance","positive32","Quantile","4","2","435851","4000","500","Complete","0.2749266","2.03E-5","0.1799367","0.0949696","1.703125","0.006","2331863","4000","7994.761109518766","7444.795092892279","10756.070846197807","1.0010742652566522","0.026722483101742966","0","fb50892c47662c7c9c7473b45775635e782a20ef09488c3bc7f407bd559adfe3",""
"7","3","1","baseline","a144eb1a4a89d4ac0912b187b851d7845716c7d8","f56ea4902f385955a8d2438bb306087ba3274848dddfdc36602d269392ab08c1","vectorPerformance","positive32","Quantile","4","3","443770","4000","500","Complete","0.265343199","2.2899E-5","0.1743965","0.0909238","1.0625","0.005","2331071","4000","8046.326204198977","7094.826103737033","10587.156707045673","1.0006492486922247","0.022192055198105076","0","ea829d033823c80e3ad79c2bf9f4c957103c19055e7f39ac840ae3dd8ecf7787",""
"7","3","1","baseline","a144eb1a4a89d4ac0912b187b851d7845716c7d8","f56ea4902f385955a8d2438bb306087ba3274848dddfdc36602d269392ab08c1","vectorPerformance","positive32","Quantile","4","4","451689","4000","500","Complete","0.2734412","1.88E-5","0.1766174","0.096805","1.359375","0.008","2329615","4000","8049.572429524939","7585.9302215949265","10803.178568962107","1.001435614653514","0.019996657665890316","0","f2275fab90488b6e0703edb3fe7b6bef8718ce8c0b14a645dc9d2b61880d135c",""
