SV,mode,family,rng,seed,draws,parameter,mean,error,mcse,ess,maxWeight,covered95,withinPointOnePosteriorSd,seconds,underflows
SV,backends,gamma,L64X128MixRandom,1009,2000,0,2.0219623071175747,-0.08590766605206124,0.0467023484353241,2.93653136555787,0.5085676172812056,true,false,0.0280637,0
SV,backends,gamma,L64X128MixRandom,1009,2000,1,1.9033687624940858,0.058639415569633924,0.033778588880486946,2.93653136555787,0.5085676172812056,true,false,0.0280637,0
SV,backends,gamma,Xoshiro256PlusPlus,1009,2000,0,2.06497415428516,-0.04289581888447591,0.07654232971713865,3.591208611579692,0.47079219215540463,true,false,0.0026414,0
SV,backends,gamma,Xoshiro256PlusPlus,1009,2000,1,1.922507221329877,0.07777787440542516,0.05409441359022353,3.591208611579692,0.47079219215540463,true,false,0.0026414,0
SV,backends,gamma,PCG_RXS_M_XS_64,1009,2000,0,2.061220103791536,-0.04664986937810012,0.06269501223554028,7.239226249427824,0.20218702794479115,true,false,0.0124323,0
SV,backends,gamma,PCG_RXS_M_XS_64,1009,2000,1,1.844544546748283,-1.8480017616884226E-4,0.0637776109157765,7.239226249427824,0.20218702794479115,true,true,0.0124323,0
SV,backends,gamma,MT19937,1009,2000,0,2.1333998074453886,0.025529834275752616,0.043926866096894855,6.545054207140224,0.23471825449061165,true,false,0.0029248,0
SV,backends,gamma,MT19937,1009,2000,1,1.8759748434821646,0.031245496557712693,0.04415597236188264,6.545054207140224,0.23471825449061165,true,false,0.0029248,0
SV,backends,gamma,Random,1009,2000,0,2.141762188821153,0.0338922156515169,0.04150212844726969,5.746780490927063,0.2750883004695388,true,false,0.001611,0
SV,backends,gamma,Random,1009,2000,1,1.81272298756238,-0.03200635936207186,0.045814169893160825,5.746780490927063,0.2750883004695388,true,false,0.001611,0
SV,backends,gamma,L64X128MixRandom,1009,20000,0,2.077484766374064,-0.030385206795572106,0.018848148862688072,45.93888327602837,0.04612626083694854,true,false,0.0085148,0
SV,backends,gamma,L64X128MixRandom,1009,20000,1,1.8764470319847537,0.031717685060301815,0.018527679898487682,45.93888327602837,0.04612626083694854,true,false,0.0085148,0
SV,backends,gamma,Xoshiro256PlusPlus,1009,20000,0,2.1148719935839178,0.007002020414281773,0.01944047098545914,47.420622192858715,0.03996596280253876,true,true,0.0072173,0
SV,backends,gamma,Xoshiro256PlusPlus,1009,20000,1,1.8268643235459396,-0.017865023378512257,0.0185632818163048,47.420622192858715,0.03996596280253876,true,true,0.0072173,0
SV,backends,gamma,PCG_RXS_M_XS_64,1009,20000,0,2.0966875877162576,-0.011182385453378352,0.01808406807561531,46.869061096879165,0.0369017575532599,true,true,0.0086522,0
SV,backends,gamma,PCG_RXS_M_XS_64,1009,20000,1,1.8427045906565276,-0.0020247562679243103,0.01871194337429443,46.869061096879165,0.0369017575532599,true,true,0.0086522,0
SV,backends,gamma,MT19937,1009,20000,0,2.1189786264676966,0.011108653298060656,0.02040409970288178,43.8754222417092,0.03984361578203354,true,true,0.0046258,0
SV,backends,gamma,MT19937,1009,20000,1,1.8396742646932884,-0.005055082231163466,0.02150495222687659,43.8754222417092,0.03984361578203354,true,true,0.0046258,0
SV,backends,gamma,Random,1009,20000,0,2.1114630121481905,0.0035930389785545636,0.02252673596109143,42.91437413670031,0.04601909617729774,true,true,0.0040902,0
SV,backends,gamma,Random,1009,20000,1,1.8578982469900847,0.01316890006563276,0.021255848674666063,42.91437413670031,0.04601909617729774,true,true,0.0040902,0
SV,backends,gamma,L64X128MixRandom,1009,200000,0,2.106688924702827,-0.0011810484668091092,0.006481753851235393,434.2967697532168,0.00453659922655102,true,true,0.0308274,0
SV,backends,gamma,L64X128MixRandom,1009,200000,1,1.8478637485650922,0.003134401640640272,0.00643256863554862,434.2967697532168,0.00453659922655102,true,true,0.0308274,0
SV,backends,gamma,Xoshiro256PlusPlus,1009,200000,0,2.101817033399001,-0.006052939770635035,0.006489623706560767,479.36041390081965,0.00427669059485754,true,true,0.0303242,0
SV,backends,gamma,Xoshiro256PlusPlus,1009,200000,1,1.8470270283027723,0.0022976813783204264,0.006501415729042267,479.36041390081965,0.00427669059485754,true,true,0.0303242,0
SV,backends,gamma,PCG_RXS_M_XS_64,1009,200000,0,2.1062908816486408,-0.0015790915209952239,0.006328047563155686,431.10251837485407,0.004430355997653048,true,true,0.0318004,0
SV,backends,gamma,PCG_RXS_M_XS_64,1009,200000,1,1.8414326852594445,-0.0032966616650074165,0.006245599524941908,431.10251837485407,0.004430355997653048,true,true,0.0318004,0
SV,backends,gamma,MT19937,1009,200000,0,2.1075121372834142,-3.578358862217357E-4,0.006852245888930547,422.4721310866413,0.004885244017919153,true,true,0.0326852,0
SV,backends,gamma,MT19937,1009,200000,1,1.847768849167303,0.0030395022428511,0.006976974747470304,422.4721310866413,0.004885244017919153,true,true,0.0326852,0
SV,backends,gamma,Random,1009,200000,0,2.104400237462768,-0.003469735706867816,0.0069016001281018416,458.1584735401824,0.004651609936683337,true,true,0.0310652,0
SV,backends,gamma,Random,1009,200000,1,1.8524326475622608,0.007703300637808885,0.006769927768820778,458.1584735401824,0.004651609936683337,true,true,0.0310652,0
SV,backends,dirichlet,L64X128MixRandom,1009,2000,0,0.8815923618155403,0.040576211092639314,0.0070222742234003,1.5084650429763704,0.7995647295907933,false,false,0.0041801,0
SV,backends,dirichlet,L64X128MixRandom,1009,2000,1,1.6567560012940004,-0.2541947539426346,0.10037283039245912,1.5084650429763704,0.7995647295907933,false,false,0.0041801,0
SV,backends,dirichlet,L64X128MixRandom,1009,2000,2,2.69605174684619,0.0557124681223371,0.1542803133677953,1.5084650429763704,0.7995647295907933,true,false,0.0041801,0
SV,backends,dirichlet,Xoshiro256PlusPlus,1009,2000,0,0.9533538600446207,0.11233770932171971,4.847481579253852E-6,1.0000289737998944,0.9999855133125987,false,false,0.0022797,0
SV,backends,dirichlet,Xoshiro256PlusPlus,1009,2000,1,1.7985657666787922,-0.11238498855784274,9.537722513669862E-6,1.0000289737998944,0.9999855133125987,false,false,0.0022797,0
SV,backends,dirichlet,Xoshiro256PlusPlus,1009,2000,2,2.7605187833950984,0.1201795046712455,5.597680481662967E-6,1.0000289737998944,0.9999855133125987,false,false,0.0022797,0
SV,backends,dirichlet,PCG_RXS_M_XS_64,1009,2000,0,1.1028527192239395,0.2618365685010384,3.332000554584686E-8,1.0000002297285635,0.999999885135734,false,false,0.0021104,0
SV,backends,dirichlet,PCG_RXS_M_XS_64,1009,2000,1,2.6954854257362277,0.7845346704995928,4.214684366972721E-8,1.0000002297285635,0.999999885135734,false,false,0.0021104,0
SV,backends,dirichlet,PCG_RXS_M_XS_64,1009,2000,2,3.906783260676894,1.2664439819530413,0.0,1.0000002297285635,0.999999885135734,false,false,0.0021104,0
SV,backends,dirichlet,MT19937,1009,2000,0,1.0448772943149336,0.20386114359203256,0.0,1.000000098196119,0.9999999509019437,false,false,0.0021351,0
SV,backends,dirichlet,MT19937,1009,2000,1,2.292217138262092,0.381266383025457,0.0,1.000000098196119,0.9999999509019437,false,false,0.0021351,0
SV,backends,dirichlet,MT19937,1009,2000,2,3.3917136440881754,0.7513743653643226,8.429369288313138E-8,1.000000098196119,0.9999999509019437,false,false,0.0021351,0
SV,backends,dirichlet,Random,1009,2000,0,0.6348461298863838,-0.20617002083651725,9.155425872696229E-8,1.0000001843047857,0.9999999078476156,false,false,0.0018801,0
SV,backends,dirichlet,Random,1009,2000,1,2.033713450156533,0.12276269491989811,4.214684462696145E-8,1.0000001843047857,0.9999999078476156,false,false,0.0018801,0
SV,backends,dirichlet,Random,1009,2000,2,2.2032369551584914,-0.4371023235653615,9.884311213256471E-8,1.0000001843047857,0.9999999078476156,false,false,0.0018801,0
SV,backends,dirichlet,L64X128MixRandom,1009,20000,0,0.8656634339157706,0.024647283192869573,0.027495989151602722,2.2527969834865234,0.6331825779255582,true,false,0.0136794,0
SV,backends,dirichlet,L64X128MixRandom,1009,20000,1,1.8405975615866783,-0.07035319364995662,0.07078083579904117,2.2527969834865234,0.6331825779255582,true,false,0.0136794,0
SV,backends,dirichlet,L64X128MixRandom,1009,20000,2,2.475680464177441,-0.16465881454641185,0.2191007294880673,2.2527969834865234,0.6331825779255582,true,false,0.0136794,0
SV,backends,dirichlet,Xoshiro256PlusPlus,1009,20000,0,0.8364272540315643,-0.004588896691336775,0.005031923433466945,2.18623511193819,0.6215123040789636,true,true,0.0126583,0
SV,backends,dirichlet,Xoshiro256PlusPlus,1009,20000,1,1.9807051722418085,0.0697544170051736,0.0422219272241278,2.18623511193819,0.6215123040789636,true,false,0.0126583,0
SV,backends,dirichlet,Xoshiro256PlusPlus,1009,20000,2,2.795522987864246,0.15518370914039314,0.04857996138055372,2.18623511193819,0.6215123040789636,false,false,0.0126583,0
SV,backends,dirichlet,PCG_RXS_M_XS_64,1009,20000,0,0.7901394050144362,-0.05087674570846479,0.023264997619526537,1.5529112681874668,0.7906610541307751,false,false,0.0090301,0
SV,backends,dirichlet,PCG_RXS_M_XS_64,1009,20000,1,1.8756097631175532,-0.035340992119081704,0.032821662776875364,1.5529112681874668,0.7906610541307751,true,false,0.0090301,0
SV,backends,dirichlet,PCG_RXS_M_XS_64,1009,20000,2,2.7673964520123873,0.1270571732885344,0.061129215250534504,1.5529112681874668,0.7906610541307751,false,false,0.0090301,0
SV,backends,dirichlet,MT19937,1009,20000,0,0.7971764790996816,-0.043839671623219445,0.03294717100226944,2.0990759323615844,0.6536662323402601,true,false,0.008809,0
SV,backends,dirichlet,MT19937,1009,20000,1,1.765316035707802,-0.145634719528833,0.1219027609179657,2.0990759323615844,0.6536662323402601,true,false,0.008809,0
SV,backends,dirichlet,MT19937,1009,20000,2,2.3909252729822876,-0.24941400574156525,0.2627984092940174,2.0990759323615844,0.6536662323402601,true,false,0.008809,0
SV,backends,dirichlet,Random,1009,20000,0,0.8828617016373355,0.041845550914434426,0.018214888918517365,1.5972861201245325,0.7796994088806012,false,false,0.0083553,0
SV,backends,dirichlet,Random,1009,20000,1,1.803687379891543,-0.107263375345092,0.05976997318790941,1.5972861201245325,0.7796994088806012,true,false,0.0083553,0
SV,backends,dirichlet,Random,1009,20000,2,2.3599743630313923,-0.2803649156924606,0.16674248049824675,1.5972861201245325,0.7796994088806012,true,false,0.0083553,0
SV,backends,dirichlet,L64X128MixRandom,1009,200000,0,0.8349868086499175,-0.006029342072983557,0.00891645175355137,11.748742385941675,0.16119081234643753,true,true,0.09114,0
SV,backends,dirichlet,L64X128MixRandom,1009,200000,1,1.921220040628404,0.010269285391768967,0.032010447727484986,11.748742385941675,0.16119081234643753,true,true,0.09114,0
SV,backends,dirichlet,L64X128MixRandom,1009,200000,2,2.592441110268816,-0.04789816845503703,0.037687792607011474,11.748742385941675,0.16119081234643753,true,false,0.09114,0
SV,backends,dirichlet,Xoshiro256PlusPlus,1009,200000,0,0.8566218409866977,0.015605690263796657,0.018358022167587862,9.00511045522672,0.18573689877776262,true,false,0.0688487,0
SV,backends,dirichlet,Xoshiro256PlusPlus,1009,200000,1,1.9633711790533706,0.05242042381673562,0.03130403826419022,9.00511045522672,0.18573689877776262,true,false,0.0688487,0
SV,backends,dirichlet,Xoshiro256PlusPlus,1009,200000,2,2.702599108381726,0.062259829657873134,0.04714355360461295,9.00511045522672,0.18573689877776262,true,false,0.0688487,0
SV,backends,dirichlet,PCG_RXS_M_XS_64,1009,200000,0,0.8454853382940406,0.004469187571139566,0.010081743935325616,16.495016876251306,0.12367892218571672,true,true,0.0690735,0
SV,backends,dirichlet,PCG_RXS_M_XS_64,1009,200000,1,1.9083276291887092,-0.0026231260479256946,0.034661897690751134,16.495016876251306,0.12367892218571672,true,true,0.0690735,0
SV,backends,dirichlet,PCG_RXS_M_XS_64,1009,200000,2,2.610453212326098,-0.029886066397754707,0.05222270876601708,16.495016876251306,0.12367892218571672,true,false,0.0690735,0
SV,backends,dirichlet,MT19937,1009,200000,0,0.83611681323555,-0.004899337487351052,0.01644537582004625,8.589546287637061,0.19675874498469156,true,true,0.0718338,0
SV,backends,dirichlet,MT19937,1009,200000,1,1.8575159155703238,-0.05343483966631113,0.04050803132696876,8.589546287637061,0.19675874498469156,true,false,0.0718338,0
SV,backends,dirichlet,MT19937,1009,200000,2,2.5946277370408475,-0.0457115416830054,0.05161529413151953,8.589546287637061,0.19675874498469156,true,false,0.0718338,0
SV,backends,dirichlet,Random,1009,200000,0,0.8674274822816028,0.02641133155870179,0.017335232707092425,8.883888152516109,0.22229249175256935,true,false,0.0675111,0
SV,backends,dirichlet,Random,1009,200000,1,1.9219230416871342,0.010972286450499302,0.03421928904350361,8.883888152516109,0.22229249175256935,true,true,0.0675111,0
SV,backends,dirichlet,Random,1009,200000,2,2.753933325408598,0.11359404668474493,0.04340038972280426,8.883888152516109,0.22229249175256935,false,false,0.0675111,0
SV,backends,gamma,L64X128MixRandom,8928,2000,0,1.958740151338507,-0.149129821831129,0.07216706015997999,4.499674178235183,0.400732790948582,false,false,3.536E-4,0
SV,backends,gamma,L64X128MixRandom,8928,2000,1,1.9805451996587669,0.13581585273431496,0.057589109421009185,4.499674178235183,0.400732790948582,false,false,3.536E-4,0
SV,backends,gamma,Xoshiro256PlusPlus,8928,2000,0,2.1629519142252907,0.05508194105565467,0.14054552151405253,5.138957685164541,0.2908980138497515,true,false,3.264E-4,0
SV,backends,gamma,Xoshiro256PlusPlus,8928,2000,1,1.8055966649004604,-0.03913268202399145,0.13084887591396263,5.138957685164541,0.2908980138497515,true,false,3.264E-4,0
SV,backends,gamma,PCG_RXS_M_XS_64,8928,2000,0,2.158769546736721,0.05089957356708519,0.05555696763149568,9.180665681503301,0.1877119193905766,true,false,3.076E-4,0
SV,backends,gamma,PCG_RXS_M_XS_64,8928,2000,1,1.8299691811086238,-0.014760165815828064,0.05725493526134028,9.180665681503301,0.1877119193905766,true,true,3.076E-4,0
SV,backends,gamma,MT19937,8928,2000,0,1.9930094449059483,-0.11486052826368764,0.0898525885415387,6.965736999492912,0.22760033116017916,true,false,4.018E-4,0
SV,backends,gamma,MT19937,8928,2000,1,2.0528905124704115,0.20816116554595965,0.07325685299858856,6.965736999492912,0.22760033116017916,false,false,4.018E-4,0
SV,backends,gamma,Random,8928,2000,0,2.030094147747062,-0.07777582542257377,0.0730384550843509,3.9352178179794297,0.40231371516760567,true,false,2.856E-4,0
SV,backends,gamma,Random,8928,2000,1,1.8838762821317168,0.039146935207264866,0.10592631329671486,3.9352178179794297,0.40231371516760567,true,false,2.856E-4,0
SV,backends,gamma,L64X128MixRandom,8928,20000,0,2.0756980591079226,-0.03217191406171338,0.025803801275164167,43.6272530158869,0.05099354458090456,true,false,0.0025828,0
SV,backends,gamma,L64X128MixRandom,8928,20000,1,1.8754643900120174,0.030735043087565472,0.026634531075099905,43.6272530158869,0.05099354458090456,true,false,0.0025828,0
SV,backends,gamma,Xoshiro256PlusPlus,8928,20000,0,2.1153119025932927,0.007441929423656735,0.024870201762071366,37.63722539759677,0.05404876387382059,true,true,0.0027929,0
SV,backends,gamma,Xoshiro256PlusPlus,8928,20000,1,1.8449083943433955,1.7904741894358978E-4,0.024254319060765965,37.63722539759677,0.05404876387382059,true,true,0.0027929,0
SV,backends,gamma,PCG_RXS_M_XS_64,8928,20000,0,2.123953988244769,0.016084015075132907,0.01818336268800786,57.8875647535672,0.03447439254112213,true,true,0.0028004,0
SV,backends,gamma,PCG_RXS_M_XS_64,8928,20000,1,1.830112148581958,-0.014617198342493865,0.01948549459243442,57.8875647535672,0.03447439254112213,true,true,0.0028004,0
SV,backends,gamma,MT19937,8928,20000,0,2.0943508168859957,-0.01351915628364031,0.023391555043674475,55.706418948432905,0.03992379423625443,true,true,0.0029185,0
SV,backends,gamma,MT19937,8928,20000,1,1.8545370404519845,0.009807693527532635,0.021969137358368966,55.706418948432905,0.03992379423625443,true,true,0.0029185,0
SV,backends,gamma,Random,8928,20000,0,2.1074727967969635,-3.9717637267244754E-4,0.028233025652784734,39.81524422269258,0.05082427986700755,true,true,0.0027076,0
SV,backends,gamma,Random,8928,20000,1,1.864757722145072,0.020028375220620065,0.027664030289156413,39.81524422269258,0.05082427986700755,true,false,0.0027076,0
SV,backends,gamma,L64X128MixRandom,8928,200000,0,2.0992653747320134,-0.008604598437622624,0.007332571691464788,426.79760550112405,0.005230926510693114,true,true,0.0253669,0
SV,backends,gamma,L64X128MixRandom,8928,200000,1,1.8523925587997647,0.007663211875312825,0.0074413333657939815,426.79760550112405,0.005230926510693114,true,true,0.0253669,0
SV,backends,gamma,Xoshiro256PlusPlus,8928,200000,0,2.1175277389372975,0.00965776576766153,0.006597479519929383,415.5226477397149,0.0047111838010296106,true,true,0.0277718,0
SV,backends,gamma,Xoshiro256PlusPlus,8928,200000,1,1.8396211840570809,-0.0051081628673710355,0.006575988754321932,415.5226477397149,0.0047111838010296106,true,true,0.0277718,0
SV,backends,gamma,PCG_RXS_M_XS_64,8928,200000,0,2.1027804715816236,-0.005089501588012357,0.006488917967467487,451.94030298054173,0.004423447013082537,true,true,0.0276549,0
SV,backends,gamma,PCG_RXS_M_XS_64,8928,200000,1,1.842442006049265,-0.002287340875186894,0.006407592033679626,451.94030298054173,0.004423447013082537,true,true,0.0276549,0
SV,backends,gamma,MT19937,8928,200000,0,2.1060637855530326,-0.0018061876166033386,0.0069735561857808565,413.01925169868457,0.0048645719423200985,true,true,0.0283393,0
SV,backends,gamma,MT19937,8928,200000,1,1.8407341758352276,-0.003995171089224314,0.006822854674935458,413.01925169868457,0.0048645719423200985,true,true,0.0283393,0
SV,backends,gamma,Random,8928,200000,0,2.1039392647734103,-0.003930708396225668,0.006980992031277596,447.42692023809633,0.004497726687236253,true,true,0.0272274,0
SV,backends,gamma,Random,8928,200000,1,1.8546981383459136,0.009968791421461676,0.006795314081564573,447.42692023809633,0.004497726687236253,true,true,0.0272274,0
SV,backends,dirichlet,L64X128MixRandom,8928,2000,0,0.8663026581045341,0.025286507381633072,4.0569575377936854E-4,1.0093991601937413,0.9953223008336011,false,false,7.848E-4,0
SV,backends,dirichlet,L64X128MixRandom,8928,2000,1,2.275953096103114,0.36500234086647887,3.5941803379022894E-4,1.0093991601937413,0.9953223008336011,false,false,7.848E-4,0
SV,backends,dirichlet,L64X128MixRandom,8928,2000,2,2.887283615926057,0.246944337202204,0.004145997656898375,1.0093991601937413,0.9953223008336011,false,false,7.848E-4,0
SV,backends,dirichlet,Xoshiro256PlusPlus,8928,2000,0,0.7835147704663502,-0.05750138025655083,0.0,1.0000000000093796,0.9999999999953102,false,false,7.54E-4,0
SV,backends,dirichlet,Xoshiro256PlusPlus,8928,2000,1,1.7380844604382641,-0.1728662947983708,2.1073424255348186E-8,1.0000000000093796,0.9999999999953102,false,false,7.54E-4,0
SV,backends,dirichlet,Xoshiro256PlusPlus,8928,2000,2,2.272153994790621,-0.368185283933232,0.0,1.0000000000093796,0.9999999999953102,false,false,7.54E-4,0
SV,backends,dirichlet,PCG_RXS_M_XS_64,8928,2000,0,0.792852241480334,-0.04816390924256708,0.005978162776404849,1.9782284660246068,0.5524862609357994,false,false,7.25E-4,0
SV,backends,dirichlet,PCG_RXS_M_XS_64,8928,2000,1,2.1146367716005625,0.20368601636392758,0.03287991520425793,1.9782284660246068,0.5524862609357994,false,false,7.25E-4,0
SV,backends,dirichlet,PCG_RXS_M_XS_64,8928,2000,2,1.9406586577160465,-0.6996806210078064,0.031482858625601025,1.9782284660246068,0.5524862609357994,false,false,7.25E-4,0
SV,backends,dirichlet,MT19937,8928,2000,0,0.9757584813344036,0.13474233061150254,7.377941979991922E-7,1.000003803448989,0.9999980982791293,false,false,7.918E-4,0
SV,backends,dirichlet,MT19937,8928,2000,1,2.7107849120510528,0.7998341568144178,2.2484422021941517E-6,1.000003803448989,0.9999980982791293,false,false,7.918E-4,0
SV,backends,dirichlet,MT19937,8928,2000,2,2.9773723846159443,0.33703310589209146,1.2915079279917611E-6,1.000003803448989,0.9999980982791293,false,false,7.918E-4,0
SV,backends,dirichlet,Random,8928,2000,0,0.8893997116721264,0.04838356094922536,5.564375515205956E-6,1.0063890108683757,0.996815691938163,false,false,6.896E-4,0
SV,backends,dirichlet,Random,8928,2000,1,2.237861916710935,0.3269111614742999,1.0660981607111706E-4,1.0063890108683757,0.996815691938163,false,false,6.896E-4,0
SV,backends,dirichlet,Random,8928,2000,2,2.7978620095164457,0.15752273079259282,0.0014736977376212216,1.0063890108683757,0.996815691938163,false,false,6.896E-4,0
SV,backends,dirichlet,L64X128MixRandom,8928,20000,0,0.8809586814426622,0.03994253071976117,0.026905843115928897,3.9143780735381486,0.4152878442996861,true,false,0.008648,0
SV,backends,dirichlet,L64X128MixRandom,8928,20000,1,1.9102754223843035,-6.753328523314561E-4,0.032727452038791655,3.9143780735381486,0.4152878442996861,true,true,0.008648,0
SV,backends,dirichlet,L64X128MixRandom,8928,20000,2,2.555499128891645,-0.08484014983220778,0.03164926042175364,3.9143780735381486,0.4152878442996861,false,false,0.008648,0
SV,backends,dirichlet,Xoshiro256PlusPlus,8928,20000,0,0.7982485877128889,-0.042767563010012166,0.007635328480367102,1.9777849393574665,0.5777469431575468,false,false,0.0073051,0
SV,backends,dirichlet,Xoshiro256PlusPlus,8928,20000,1,1.7190994510308444,-0.19185130420579055,0.014599876586534813,1.9777849393574665,0.5777469431575468,false,false,0.0073051,0
SV,backends,dirichlet,Xoshiro256PlusPlus,8928,20000,2,2.430599322329549,-0.2097399563943041,0.08962628367461374,1.9777849393574665,0.5777469431575468,false,false,0.0073051,0
SV,backends,dirichlet,PCG_RXS_M_XS_64,8928,20000,0,1.0270219189459011,0.18600576822300008,0.023969333022000973,1.4332817571198373,0.8265568890940702,false,false,0.0069751,0
SV,backends,dirichlet,PCG_RXS_M_XS_64,8928,20000,1,2.1018137883941486,0.19086303315751363,0.017797258976133584,1.4332817571198373,0.8265568890940702,false,false,0.0069751,0
SV,backends,dirichlet,PCG_RXS_M_XS_64,8928,20000,2,2.867370802675328,0.2270315239514753,0.07320810486377877,1.4332817571198373,0.8265568890940702,false,false,0.0069751,0
SV,backends,dirichlet,MT19937,8928,20000,0,0.8146664844769183,-0.026349666245982784,0.008274999366987416,1.137314778196963,0.9356090257322498,false,false,0.0071397,0
SV,backends,dirichlet,MT19937,8928,20000,1,2.1338854437115167,0.22293468847488174,0.04493264793835907,1.137314778196963,0.9356090257322498,false,false,0.0071397,0
SV,backends,dirichlet,MT19937,8928,20000,2,2.632374833355648,-0.007964445368204842,0.03237033857782445,1.137314778196963,0.9356090257322498,true,true,0.0071397,0
SV,backends,dirichlet,Random,8928,20000,0,0.8950780805445637,0.05406192982166269,0.02329609875020005,1.5559842107620743,0.7914828599106412,false,false,0.0069591,0
SV,backends,dirichlet,Random,8928,20000,1,2.0236176351029385,0.11266687986630353,0.028250392096487328,1.5559842107620743,0.7914828599106412,false,false,0.0069591,0
SV,backends,dirichlet,Random,8928,20000,2,2.7403386745831835,0.0999993958593306,0.01901520351827568,1.5559842107620743,0.7914828599106412,false,false,0.0069591,0
SV,backends,dirichlet,L64X128MixRandom,8928,200000,0,0.8491587186584941,0.008142567935593092,0.011609589055724148,15.536562845084784,0.11692086218674363,true,false,0.0656174,0
SV,backends,dirichlet,L64X128MixRandom,8928,200000,1,1.9561705832360408,0.045219827999405826,0.033769457967836106,15.536562845084784,0.11692086218674363,true,false,0.0656174,0
SV,backends,dirichlet,L64X128MixRandom,8928,200000,2,2.6109476433064542,-0.029391635417398643,0.0385942531532308,15.536562845084784,0.11692086218674363,true,false,0.0656174,0
SV,backends,dirichlet,Xoshiro256PlusPlus,8928,200000,0,0.8189200748328642,-0.022096075890036815,0.013963131832253355,10.216667960618969,0.2232290159629315,true,false,0.0689968,0
SV,backends,dirichlet,Xoshiro256PlusPlus,8928,200000,1,1.863899229225787,-0.047051526010847944,0.030786500301931953,10.216667960618969,0.2232290159629315,true,false,0.0689968,0
SV,backends,dirichlet,Xoshiro256PlusPlus,8928,200000,2,2.5763004011117494,-0.06403887761210347,0.04103186232291793,10.216667960618969,0.2232290159629315,true,false,0.0689968,0
SV,backends,dirichlet,PCG_RXS_M_XS_64,8928,200000,0,0.845179461289339,0.004163310566437928,0.014186787807671833,6.082241008443795,0.29194896025818184,true,true,0.0706425,0
SV,backends,dirichlet,PCG_RXS_M_XS_64,8928,200000,1,1.9220094784805506,0.011058723243915658,0.04383294404434839,6.082241008443795,0.29194896025818184,true,true,0.0706425,0
SV,backends,dirichlet,PCG_RXS_M_XS_64,8928,200000,2,2.6719349832528088,0.03159570452895588,0.03268675605791489,6.082241008443795,0.29194896025818184,true,false,0.0706425,0
SV,backends,dirichlet,MT19937,8928,200000,0,0.8545332068971713,0.013517056174270237,0.012254353049404249,11.20548300588393,0.19430084151740118,true,false,0.0699959,0
SV,backends,dirichlet,MT19937,8928,200000,1,1.9547565876210895,0.04380583238445457,0.029995892216803086,11.20548300588393,0.19430084151740118,true,false,0.0699959,0
SV,backends,dirichlet,MT19937,8928,200000,2,2.719399861388867,0.07906058266501415,0.036663040596675446,11.20548300588393,0.19430084151740118,false,false,0.0699959,0
SV,backends,dirichlet,Random,8928,200000,0,0.8461393770781404,0.005123226355239319,0.014794817427397314,13.48204194583858,0.13856221989509818,true,true,0.0672616,0
SV,backends,dirichlet,Random,8928,200000,1,1.8919086407401131,-0.019042114496521823,0.03453482139870242,13.48204194583858,0.13856221989509818,true,false,0.0672616,0
SV,backends,dirichlet,Random,8928,200000,2,2.5939053469794695,-0.04643393174438337,0.04932133785565801,13.48204194583858,0.13856221989509818,true,false,0.0672616,0
SV,backends,gamma,L64X128MixRandom,16847,2000,0,2.0539601882781153,-0.05390978489152065,0.03893780709834898,5.386116920318884,0.25460387429358916,true,false,3.499E-4,0
SV,backends,gamma,L64X128MixRandom,16847,2000,1,1.917884870236034,0.07315552331158215,0.037914795311035476,5.386116920318884,0.25460387429358916,true,false,3.499E-4,0
SV,backends,gamma,Xoshiro256PlusPlus,16847,2000,0,2.012052346502165,-0.09581762666747107,0.0674058555403957,3.114567906642862,0.5168281465340342,true,false,3.513E-4,0
SV,backends,gamma,Xoshiro256PlusPlus,16847,2000,1,1.920174981877686,0.0754456349532342,0.05000046520521092,3.114567906642862,0.5168281465340342,true,false,3.513E-4,0
SV,backends,gamma,PCG_RXS_M_XS_64,16847,2000,0,2.0902465289207206,-0.017623444248915376,0.0480708539177678,2.3977541502711848,0.5807923723879527,true,true,3.133E-4,0
SV,backends,gamma,PCG_RXS_M_XS_64,16847,2000,1,1.8216491605905556,-0.023080186333896302,0.06258572163888973,2.3977541502711848,0.5807923723879527,true,false,3.133E-4,0
SV,backends,gamma,MT19937,16847,2000,0,2.0829014146760345,-0.024968558493601467,0.04395010779321171,4.682995225196088,0.2745395058771316,true,false,3.851E-4,0
SV,backends,gamma,MT19937,16847,2000,1,1.8641036568399485,0.0193743099154966,0.046010560939828374,4.682995225196088,0.2745395058771316,true,true,3.851E-4,0
SV,backends,gamma,Random,16847,2000,0,2.1412344242486663,0.0333644510790303,0.09394417649063434,8.264773503881779,0.2197883403201254,true,false,2.911E-4,0
SV,backends,gamma,Random,16847,2000,1,1.7967526090035184,-0.04797673792093349,0.08090287923269245,8.264773503881779,0.2197883403201254,true,false,2.911E-4,0
SV,backends,gamma,L64X128MixRandom,16847,20000,0,2.068481253727299,-0.03938871944233702,0.01714708665388137,53.28771023242534,0.034331694625691564,false,false,0.0025944,0
SV,backends,gamma,L64X128MixRandom,16847,20000,1,1.8820608466789923,0.03733149975454042,0.019065035262013343,53.28771023242534,0.034331694625691564,true,false,0.0025944,0
SV,backends,gamma,Xoshiro256PlusPlus,16847,20000,0,2.1129350769082156,0.005065103738579602,0.02523939169100902,42.527251433802896,0.05630411178347108,true,true,0.0028425,0
SV,backends,gamma,Xoshiro256PlusPlus,16847,20000,1,1.8385477478888026,-0.006181599035649299,0.02398724905921554,42.527251433802896,0.05630411178347108,true,true,0.0028425,0
SV,backends,gamma,PCG_RXS_M_XS_64,16847,20000,0,2.1027371461736233,-0.005132826996012696,0.02174543957590547,37.60557737381615,0.048719675576703855,true,true,0.0028155,0
SV,backends,gamma,PCG_RXS_M_XS_64,16847,20000,1,1.8458360134642353,0.0011066665397834186,0.021012352679641324,37.60557737381615,0.048719675576703855,true,true,0.0028155,0
SV,backends,gamma,MT19937,16847,20000,0,2.075025925892398,-0.032844047277238,0.022755758037033297,34.74700206778812,0.052397685733431815,true,false,0.0029362,0
SV,backends,gamma,MT19937,16847,20000,1,1.8725124439043235,0.02778309697987158,0.02171884290094592,34.74700206778812,0.052397685733431815,true,false,0.0029362,0
SV,backends,gamma,Random,16847,20000,0,2.0652075503223974,-0.042662422847238535,0.025075329618353168,50.45945041729316,0.041838439748240044,true,false,0.0028775,0
SV,backends,gamma,Random,16847,20000,1,1.8765053317677538,0.03177598484330191,0.025022280582430407,50.45945041729316,0.041838439748240044,true,false,0.0028775,0
SV,backends,gamma,L64X128MixRandom,16847,200000,0,2.101808077768012,-0.006061895401623829,0.00649857263033319,439.7389445756887,0.0045131696345228536,true,true,0.0276769,0
SV,backends,gamma,L64X128MixRandom,16847,200000,1,1.8527482691288084,0.008018922204356516,0.006716937649071637,439.7389445756887,0.0045131696345228536,true,true,0.0276769,0
SV,backends,gamma,Xoshiro256PlusPlus,16847,200000,0,2.116565739789489,0.00869576661985283,0.006851187989554234,414.27807619081966,0.004892129151916324,true,true,0.0277865,0
SV,backends,gamma,Xoshiro256PlusPlus,16847,200000,1,1.8404373329168977,-0.00429201400755419,0.006803619242052609,414.27807619081966,0.004892129151916324,true,true,0.0277865,0
SV,backends,gamma,PCG_RXS_M_XS_64,16847,200000,0,2.1148452006709966,0.0069752275013605924,0.006696003144961091,410.5799217584552,0.004703630801106869,true,true,0.0277327,0
SV,backends,gamma,PCG_RXS_M_XS_64,16847,200000,1,1.836118755358466,-0.008610591565985981,0.00655564819957707,410.5799217584552,0.004703630801106869,true,true,0.0277327,0
SV,backends,gamma,MT19937,16847,200000,0,2.0982594336372653,-0.009610539532370677,0.0068054096625527125,409.89394092248705,0.0050826184509594405,true,true,0.0286262,0
SV,backends,gamma,MT19937,16847,200000,1,1.8504663733092397,0.005737026384787791,0.006896447142014575,409.89394092248705,0.0050826184509594405,true,true,0.0286262,0
SV,backends,gamma,Random,16847,200000,0,2.0975971134816223,-0.010272859688013725,0.006702677598906047,441.716344802296,0.004499604730119205,true,true,0.0269927,0
SV,backends,gamma,Random,16847,200000,1,1.8508717034559052,0.006142356531453341,0.006499277966749631,441.716344802296,0.004499604730119205,true,true,0.0269927,0
SV,backends,dirichlet,L64X128MixRandom,16847,2000,0,0.9512229303361635,0.11020677961326242,0.031006080260679907,1.8126219977070894,0.6624308435188959,false,false,0.0019411,0
SV,backends,dirichlet,L64X128MixRandom,16847,2000,1,2.303125922678286,0.39217516744165093,0.06514418474506176,1.8126219977070894,0.6624308435188959,false,false,0.0019411,0
SV,backends,dirichlet,L64X128MixRandom,16847,2000,2,2.5706434026058527,-0.06969587611800021,0.06118375815803319,1.8126219977070894,0.6624308435188959,true,false,0.0019411,0
SV,backends,dirichlet,Xoshiro256PlusPlus,16847,2000,0,0.9153827327345373,0.07436658201163626,0.005027790035444268,1.0222229263119527,0.9890093070362531,false,false,0.0010951,0
SV,backends,dirichlet,Xoshiro256PlusPlus,16847,2000,1,1.8371160995880198,-0.07383465564861513,0.004469543645780959,1.0222229263119527,0.9890093070362531,false,false,0.0010951,0
SV,backends,dirichlet,Xoshiro256PlusPlus,16847,2000,2,2.1887548131013936,-0.45158446562245924,0.004076222204126714,1.0222229263119527,0.9890093070362531,false,false,0.0010951,0
SV,backends,dirichlet,PCG_RXS_M_XS_64,16847,2000,0,0.9947408894169595,0.15372473869405845,5.0532288455484646E-8,1.0000003054966844,0.9999998472516831,false,false,0.0013277,0
SV,backends,dirichlet,PCG_RXS_M_XS_64,16847,2000,1,2.6176060125957004,0.7066552573590654,2.2302012534392317E-7,1.0000003054966844,0.9999998472516831,false,false,0.0013277,0
SV,backends,dirichlet,PCG_RXS_M_XS_64,16847,2000,2,3.4504230868161643,0.8100838080923114,4.2146842073033863E-8,1.0000003054966844,0.9999998472516831,false,false,0.0013277,0
SV,backends,dirichlet,MT19937,16847,2000,0,0.9251845639014844,0.08416841317858337,4.7788714326750825E-6,1.0000246795347463,0.9999876603892598,false,false,7.976E-4,0
SV,backends,dirichlet,MT19937,16847,2000,1,1.805977110264161,-0.10497364497247386,2.1593567622067482E-7,1.0000246795347463,0.9999876603892598,false,false,7.976E-4,0
SV,backends,dirichlet,MT19937,16847,2000,2,2.451159692776992,-0.18917958594686102,8.310204379919813E-6,1.0000246795347463,0.9999876603892598,false,false,7.976E-4,0
SV,backends,dirichlet,Random,16847,2000,0,0.8268346120671208,-0.014181538655780201,6.696398370630973E-7,1.000003497328699,0.9999982513393701,false,false,6.986E-4,0
SV,backends,dirichlet,Random,16847,2000,1,2.1103351531506616,0.19938439791402662,1.9378351904376732E-6,1.000003497328699,0.9999982513393701,false,false,6.986E-4,0
SV,backends,dirichlet,Random,16847,2000,2,3.6149314337002774,0.9745921549764245,9.508745811618942E-7,1.000003497328699,0.9999982513393701,false,false,6.986E-4,0
SV,backends,dirichlet,L64X128MixRandom,16847,20000,0,0.8049629703293623,-0.036053180393538775,0.012769191408712762,1.3605162954825472,0.8491150894488992,false,false,0.0066424,0
SV,backends,dirichlet,L64X128MixRandom,16847,20000,1,1.8452280494654676,-0.06572270577116734,0.002612308943371278,1.3605162954825472,0.8491150894488992,false,false,0.0066424,0
SV,backends,dirichlet,L64X128MixRandom,16847,20000,2,2.646862650206759,0.0065233714829062706,0.02008797670201464,1.3605162954825472,0.8491150894488992,true,true,0.0066424,0
SV,backends,dirichlet,Xoshiro256PlusPlus,16847,20000,0,0.8500848045944773,0.009068653871576293,0.021599161599225234,1.9182628133211452,0.6581359226620512,true,false,0.0068929,0
SV,backends,dirichlet,Xoshiro256PlusPlus,16847,20000,1,1.9778390536801287,0.06688829844349375,0.01923934304133683,1.9182628133211452,0.6581359226620512,false,false,0.0068929,0
SV,backends,dirichlet,Xoshiro256PlusPlus,16847,20000,2,2.5492049046912326,-0.09113437403262026,0.021565728608754865,1.9182628133211452,0.6581359226620512,false,false,0.0068929,0
SV,backends,dirichlet,PCG_RXS_M_XS_64,16847,20000,0,0.8352839609996942,-0.005732189723206882,3.7807155753489396E-4,1.0294946270493512,0.9855066031488909,false,true,0.0068878,0
SV,backends,dirichlet,PCG_RXS_M_XS_64,16847,20000,1,1.9063922357851801,-0.004558519451454801,0.005232074888699371,1.0294946270493512,0.9855066031488909,true,true,0.0068878,0
SV,backends,dirichlet,PCG_RXS_M_XS_64,16847,20000,2,2.8954839010835434,0.2551446223596905,0.005099268665500993,1.0294946270493512,0.9855066031488909,false,false,0.0068878,0
SV,backends,dirichlet,MT19937,16847,20000,0,0.842348053433565,0.001331902710663968,0.015661378494058683,1.7256939208186735,0.747363549812213,true,true,0.0070933,0
SV,backends,dirichlet,MT19937,16847,20000,1,1.7891331859388409,-0.12181756929779408,0.014462025203108842,1.7256939208186735,0.747363549812213,false,false,0.0070933,0
SV,backends,dirichlet,MT19937,16847,20000,2,2.4233229721998386,-0.21701630652401427,0.019454536454952202,1.7256939208186735,0.747363549812213,false,false,0.0070933,0
SV,backends,dirichlet,Random,16847,20000,0,0.9203665478396088,0.07935039711670777,0.01837882334391078,3.540072798130548,0.34318049416561475,false,false,0.0069061,0
SV,backends,dirichlet,Random,16847,20000,1,1.9547330115481503,0.04378225631151533,0.09398579128234884,3.540072798130548,0.34318049416561475,true,false,0.0069061,0
SV,backends,dirichlet,Random,16847,20000,2,2.7242328693308577,0.08389359060700485,0.14445750128402743,3.540072798130548,0.34318049416561475,true,false,0.0069061,0
SV,backends,dirichlet,L64X128MixRandom,16847,200000,0,0.8262693321640465,-0.014746818558854513,0.015480966678880556,9.43483703628906,0.23778112173146002,true,false,0.0670969,0
SV,backends,dirichlet,L64X128MixRandom,16847,200000,1,1.9112316866219916,2.809313853566753E-4,0.030693498190262607,9.43483703628906,0.23778112173146002,true,true,0.0670969,0
SV,backends,dirichlet,L64X128MixRandom,16847,200000,2,2.666789672646344,0.026450393922491156,0.03489093362701309,9.43483703628906,0.23778112173146002,true,false,0.0670969,0
SV,backends,dirichlet,Xoshiro256PlusPlus,16847,200000,0,0.8171028015263873,-0.023913349196513778,0.013946616236694392,13.3881304880561,0.12238854743932795,true,false,0.0711835,0
SV,backends,dirichlet,Xoshiro256PlusPlus,16847,200000,1,1.9112150031574486,2.642479208136983E-4,0.03176883061157219,13.3881304880561,0.12238854743932795,true,true,0.0711835,0
SV,backends,dirichlet,Xoshiro256PlusPlus,16847,200000,2,2.6197320032097813,-0.0206072755140716,0.041595729028605186,13.3881304880561,0.12238854743932795,true,false,0.0711835,0
SV,backends,dirichlet,PCG_RXS_M_XS_64,16847,200000,0,0.8164719667736502,-0.024544183949250842,0.009128212824913648,15.638387432594664,0.1378450044560267,false,false,0.0686,0
SV,backends,dirichlet,PCG_RXS_M_XS_64,16847,200000,1,1.8874197331912337,-0.02353102204540125,0.027303620382627704,15.638387432594664,0.1378450044560267,true,false,0.0686,0
SV,backends,dirichlet,PCG_RXS_M_XS_64,16847,200000,2,2.613550137450035,-0.02678914127381793,0.04370361632521898,15.638387432594664,0.1378450044560267,true,false,0.0686,0
SV,backends,dirichlet,MT19937,16847,200000,0,0.8548270742854476,0.01381092356254654,0.010835349762927765,11.798758379767321,0.13844678263313243,true,false,0.0713946,0
SV,backends,dirichlet,MT19937,16847,200000,1,1.9398951588902436,0.02894440365360862,0.032820819595841315,11.798758379767321,0.13844678263313243,true,false,0.0713946,0
SV,backends,dirichlet,MT19937,16847,200000,2,2.604148975946788,-0.0361903027770647,0.04658128646556066,11.798758379767321,0.13844678263313243,true,false,0.0713946,0
SV,backends,dirichlet,Random,16847,200000,0,0.843287010311946,0.002270859589044938,0.011866644931559842,15.3809857018599,0.1182514160559178,true,true,0.0672198,0
SV,backends,dirichlet,Random,16847,200000,1,1.8912147761459974,-0.019735979090637512,0.0285660296522896,15.3809857018599,0.1182514160559178,true,false,0.0672198,0
SV,backends,dirichlet,Random,16847,200000,2,2.5538840687018554,-0.08645521002199752,0.03102230755427959,15.3809857018599,0.1182514160559178,false,false,0.0672198,0
SV,backends,gamma,L64X128MixRandom,24766,2000,0,2.1211370232049647,0.013267050035328687,0.06951946906898507,4.508775945281588,0.29573557233148196,true,true,3.452E-4,0
SV,backends,gamma,L64X128MixRandom,24766,2000,1,1.8524580530398278,0.007728706115375905,0.09746607429519917,4.508775945281588,0.29573557233148196,true,true,3.452E-4,0
SV,backends,gamma,Xoshiro256PlusPlus,24766,2000,0,2.088454975331255,-0.019414997838381076,0.04666720469816456,3.9772455460807397,0.43300782059707926,true,true,3.272E-4,0
SV,backends,gamma,Xoshiro256PlusPlus,24766,2000,1,1.84142078449844,-0.003308562426011852,0.05693271898834166,3.9772455460807397,0.43300782059707926,true,true,3.272E-4,0
SV,backends,gamma,PCG_RXS_M_XS_64,24766,2000,0,2.098869850178661,-0.009000122990975079,0.12554338739782522,5.28881323973166,0.2677206838761504,true,true,3.229E-4,0
SV,backends,gamma,PCG_RXS_M_XS_64,24766,2000,1,1.9656038294581448,0.12087448253369293,0.0961023843806636,5.28881323973166,0.2677206838761504,true,false,3.229E-4,0
SV,backends,gamma,MT19937,24766,2000,0,2.2604842280289574,0.15261425485932145,0.03764234622748562,5.71933745822715,0.2839058467891467,false,false,3.818E-4,0
SV,backends,gamma,MT19937,24766,2000,1,1.743076105127289,-0.10165324179716295,0.03635219946851217,5.71933745822715,0.2839058467891467,false,false,3.818E-4,0
SV,backends,gamma,Random,24766,2000,0,2.2189870094835924,0.11111703631395642,0.06268870004839636,5.125445400251841,0.3468488934646598,true,false,2.949E-4,0
SV,backends,gamma,Random,24766,2000,1,1.7641721221709354,-0.08055722475351645,0.0518480967671266,5.125445400251841,0.3468488934646598,true,false,2.949E-4,0
SV,backends,gamma,L64X128MixRandom,24766,20000,0,2.1264210071462575,0.0185510339766215,0.019998347741220297,41.77980854643413,0.04845913751179211,true,true,0.0025659,0
SV,backends,gamma,L64X128MixRandom,24766,20000,1,1.8155703180707288,-0.029159028853723123,0.0213256062232808,41.77980854643413,0.04845913751179211,true,false,0.0025659,0
SV,backends,gamma,Xoshiro256PlusPlus,24766,20000,0,2.1095875106440873,0.0017175374744513583,0.019885344023667016,39.35490933838913,0.0469223600667836,true,true,0.0028186,0
SV,backends,gamma,Xoshiro256PlusPlus,24766,20000,1,1.8392533444365722,-0.0054760024878797164,0.021830009423736543,39.35490933838913,0.0469223600667836,true,true,0.0028186,0
SV,backends,gamma,PCG_RXS_M_XS_64,24766,20000,0,2.1047760360438654,-0.0030939371257705517,0.018202267407928185,47.47303124999912,0.03875665631375661,true,true,0.0028285,0
SV,backends,gamma,PCG_RXS_M_XS_64,24766,20000,1,1.8448928528101527,1.6350588570079871E-4,0.017375208397839847,47.47303124999912,0.03875665631375661,true,true,0.0028285,0
SV,backends,gamma,MT19937,24766,20000,0,2.1592944638117784,0.051424490642142384,0.01872231672578619,39.902061137194735,0.04546537138644658,false,false,0.0029484,0
SV,backends,gamma,MT19937,24766,20000,1,1.790591487006332,-0.054137859918119924,0.018930008744620287,39.902061137194735,0.04546537138644658,false,false,0.0029484,0
SV,backends,gamma,Random,24766,20000,0,2.129659340504557,0.021789367334921206,0.022720578409275563,44.9428872361895,0.04475912231683882,true,false,0.002718,0
SV,backends,gamma,Random,24766,20000,1,1.8454848229483878,7.55476023935886E-4,0.023466710208236916,44.9428872361895,0.04475912231683882,true,true,0.002718,0
SV,backends,gamma,L64X128MixRandom,24766,200000,0,2.1139297554833236,0.006059782313687645,0.006983046274231713,417.3839604483162,0.0049918178454148995,true,true,0.0254806,0
SV,backends,gamma,L64X128MixRandom,24766,200000,1,1.836447116646113,-0.008282230278338965,0.007050962842578604,417.3839604483162,0.0049918178454148995,true,true,0.0254806,0
SV,backends,gamma,Xoshiro256PlusPlus,24766,200000,0,2.0995859278691817,-0.008284045300454235,0.0066536091572272716,422.6309324886992,0.004722504913319177,true,true,0.0280306,0
SV,backends,gamma,Xoshiro256PlusPlus,24766,200000,1,1.8562810050285297,0.011551658104077767,0.0066784111837121934,422.6309324886992,0.004722504913319177,true,true,0.0280306,0
SV,backends,gamma,PCG_RXS_M_XS_64,24766,200000,0,2.106004304483179,-0.0018656686864568783,0.006637780932514097,438.0666390028864,0.004670042089352962,true,true,0.0278836,0
SV,backends,gamma,PCG_RXS_M_XS_64,24766,200000,1,1.845375053935264,6.457070108121243E-4,0.00650526908917726,438.0666390028864,0.004670042089352962,true,true,0.0278836,0
SV,backends,gamma,MT19937,24766,200000,0,2.114074875305773,0.006204902136137225,0.006484676316086713,452.00180927071784,0.004392202635664784,true,true,0.0288031,0
SV,backends,gamma,MT19937,24766,200000,1,1.8374284639970129,-0.007300882927439023,0.0063987462775169325,452.00180927071784,0.004392202635664784,true,true,0.0288031,0
SV,backends,gamma,Random,24766,200000,0,2.116405281556402,0.008535308386766083,0.006856742911318471,445.7553925542586,0.004449363281207506,true,true,0.0270081,0
SV,backends,gamma,Random,24766,200000,1,1.83915013828339,-0.0055792086410619834,0.0066042416633573155,445.7553925542586,0.004449363281207506,true,true,0.0270081,0
SV,backends,dirichlet,L64X128MixRandom,24766,2000,0,1.0038063612530408,0.16279021053013976,1.98981771139875E-5,1.0002216401126167,0.9998891926277949,false,false,7.991E-4,0
SV,backends,dirichlet,L64X128MixRandom,24766,2000,1,1.9378520382611633,0.026901283024528322,7.597666758768413E-5,1.0002216401126167,0.9998891926277949,false,false,7.991E-4,0
SV,backends,dirichlet,L64X128MixRandom,24766,2000,2,2.8002970386671526,0.15995775994329975,1.27742980608429E-4,1.0002216401126167,0.9998891926277949,false,false,7.991E-4,0
SV,backends,dirichlet,Xoshiro256PlusPlus,24766,2000,0,0.9510029229204247,0.10998677219752362,2.4395523676508037E-5,1.0001839735507598,0.9999080218024463,false,false,8.164E-4,0
SV,backends,dirichlet,Xoshiro256PlusPlus,24766,2000,1,1.8297128089236008,-0.08123794631303416,6.298548429254757E-5,1.0001839735507598,0.9999080218024463,false,false,8.164E-4,0
SV,backends,dirichlet,Xoshiro256PlusPlus,24766,2000,2,2.6844852773013868,0.044145998577533874,1.0578466870893466E-4,1.0001839735507598,0.9999080218024463,false,false,8.164E-4,0
SV,backends,dirichlet,PCG_RXS_M_XS_64,24766,2000,0,0.5825305015758243,-0.2584856491470767,4.6950397474510913E-7,1.000003625743803,0.9999981871313872,false,false,7.599E-4,0
SV,backends,dirichlet,PCG_RXS_M_XS_64,24766,2000,1,1.4029966054045402,-0.5079541498320947,3.602624625027412E-6,1.000003625743803,0.9999981871313872,false,false,7.599E-4,0
SV,backends,dirichlet,PCG_RXS_M_XS_64,24766,2000,2,1.8397781842811265,-0.8005610944427264,4.370632460082573E-6,1.000003625743803,0.9999981871313872,false,false,7.599E-4,0
SV,backends,dirichlet,MT19937,24766,2000,0,0.9996812922092599,0.1586651414863589,0.022099332859368978,1.1223678762210565,0.9421388188367068,false,false,8.398E-4,0
SV,backends,dirichlet,MT19937,24766,2000,1,2.133075029303491,0.2221242740668561,0.05779213026651259,1.1223678762210565,0.9421388188367068,false,false,8.398E-4,0
SV,backends,dirichlet,MT19937,24766,2000,2,3.3140342866559367,0.6736950079320838,0.06635597674176481,1.1223678762210565,0.9421388188367068,false,false,8.398E-4,0
SV,backends,dirichlet,Random,24766,2000,0,1.108389885426909,0.26737373470400794,0.010672388338006693,1.0973655693666688,0.9535016822360846,false,false,7.358E-4,0
SV,backends,dirichlet,Random,24766,2000,1,1.7867899849945097,-0.12416077024212524,0.05664560488358135,1.0973655693666688,0.9535016822360846,false,false,7.358E-4,0
SV,backends,dirichlet,Random,24766,2000,2,2.0993235261039467,-0.5410157526199062,0.0539320450737391,1.0973655693666688,0.9535016822360846,false,false,7.358E-4,0
SV,backends,dirichlet,L64X128MixRandom,24766,20000,0,0.9324169385971287,0.09140078787422767,0.007102492876407317,2.4164567496794715,0.46362893851971665,false,false,0.0066644,0
SV,backends,dirichlet,L64X128MixRandom,24766,20000,1,2.1448349411449366,0.23388418590830162,0.01675202889076944,2.4164567496794715,0.46362893851971665,false,false,0.0066644,0
SV,backends,dirichlet,L64X128MixRandom,24766,20000,2,2.912274040325371,0.2719347616015182,0.06848092260243578,2.4164567496794715,0.46362893851971665,false,false,0.0066644,0
SV,backends,dirichlet,Xoshiro256PlusPlus,24766,20000,0,0.9219136143911076,0.0808974636682066,0.02779971142868156,2.0537402236285422,0.6130663119500614,false,false,0.0087467,0
SV,backends,dirichlet,Xoshiro256PlusPlus,24766,20000,1,1.9852452402078304,0.0742944849711955,0.12309847777745399,2.0537402236285422,0.6130663119500614,true,false,0.0087467,0
SV,backends,dirichlet,Xoshiro256PlusPlus,24766,20000,2,2.8485983542562123,0.20825907553235945,0.1311340417389194,2.0537402236285422,0.6130663119500614,true,false,0.0087467,0
SV,backends,dirichlet,PCG_RXS_M_XS_64,24766,20000,0,0.8065044680557282,-0.03451168266717286,0.008768292816387028,1.0711678750172,0.9659100103770599,false,false,0.0070206,0
SV,backends,dirichlet,PCG_RXS_M_XS_64,24766,20000,1,2.0611382159836253,0.1501874607469904,0.0033597052324225683,1.0711678750172,0.9659100103770599,false,false,0.0070206,0
SV,backends,dirichlet,PCG_RXS_M_XS_64,24766,20000,2,2.4915201912338976,-0.14881908748995532,0.009713481481356269,1.0711678750172,0.9659100103770599,false,false,0.0070206,0
SV,backends,dirichlet,MT19937,24766,20000,0,0.8256435601207617,-0.015372590602139358,0.0017224254050667825,1.0928502091622236,0.9560520251929808,false,false,0.0072025,0
SV,backends,dirichlet,MT19937,24766,20000,1,1.899798171899601,-0.011152583337033839,0.0043852401197067405,1.0928502091622236,0.9560520251929808,false,true,0.0072025,0
SV,backends,dirichlet,MT19937,24766,20000,2,2.606439908235569,-0.03389937048828395,0.012456067181435089,1.0928502091622236,0.9560520251929808,false,false,0.0072025,0
SV,backends,dirichlet,Random,24766,20000,0,0.8269482680783216,-0.014067882644579477,0.029796677965202006,3.08361155883441,0.5275794144178603,true,false,0.006985,0
SV,backends,dirichlet,Random,24766,20000,1,1.8233825477694896,-0.08756820746714533,0.08004449656200223,3.08361155883441,0.5275794144178603,true,false,0.006985,0
SV,backends,dirichlet,Random,24766,20000,2,2.50379410429746,-0.1365451744263928,0.08315211317534763,3.08361155883441,0.5275794144178603,true,false,0.006985,0
SV,backends,dirichlet,L64X128MixRandom,24766,200000,0,0.8503545535800366,0.009338402857135608,0.00979240242594199,10.853905380774302,0.20324436830558168,true,false,0.0657645,0
SV,backends,dirichlet,L64X128MixRandom,24766,200000,1,1.8834423640774682,-0.0275083911591667,0.027905641274417345,10.853905380774302,0.20324436830558168,true,false,0.0657645,0
SV,backends,dirichlet,L64X128MixRandom,24766,200000,2,2.6185590357390907,-0.02178024298476222,0.03843335882000948,10.853905380774302,0.20324436830558168,true,false,0.0657645,0
SV,backends,dirichlet,Xoshiro256PlusPlus,24766,200000,0,0.846546496220736,0.005530345497834932,0.0120620980348132,9.874739958762985,0.16534339485718133,true,true,0.0686103,0
SV,backends,dirichlet,Xoshiro256PlusPlus,24766,200000,1,1.892736824674065,-0.018213930562569924,0.045024160897722286,9.874739958762985,0.16534339485718133,true,false,0.0686103,0
SV,backends,dirichlet,Xoshiro256PlusPlus,24766,200000,2,2.611451934629634,-0.028887344094219003,0.048416469048542694,9.874739958762985,0.16534339485718133,true,false,0.0686103,0
SV,backends,dirichlet,PCG_RXS_M_XS_64,24766,200000,0,0.8443257545419769,0.003309603819075857,0.021136069079880165,8.269384720136916,0.2636256477229522,true,true,0.0706382,0
SV,backends,dirichlet,PCG_RXS_M_XS_64,24766,200000,1,1.939773748318225,0.028822993081589976,0.04394666363832806,8.269384720136916,0.2636256477229522,true,false,0.0706382,0
SV,backends,dirichlet,PCG_RXS_M_XS_64,24766,200000,2,2.6688717177607484,0.028532439036895507,0.052176537971997616,8.269384720136916,0.2636256477229522,true,false,0.0706382,0
SV,backends,dirichlet,MT19937,24766,200000,0,0.8499320465957899,0.00891589587288888,0.011500145008227762,8.674894459881068,0.28526149594414013,true,false,0.0695419,0
SV,backends,dirichlet,MT19937,24766,200000,1,1.8856974128861728,-0.02525334235046217,0.026376569606432844,8.674894459881068,0.28526149594414013,true,false,0.0695419,0
SV,backends,dirichlet,MT19937,24766,200000,2,2.574958226879981,-0.06538105184387177,0.03544309567749025,8.674894459881068,0.28526149594414013,true,false,0.0695419,0
SV,backends,dirichlet,Random,24766,200000,0,0.8585458500137262,0.01752969929082515,0.018075557938938072,10.387445917156501,0.18414494902326842,true,false,0.0674489,0
SV,backends,dirichlet,Random,24766,200000,1,1.9587912298072605,0.04784047457062557,0.036652437731060514,10.387445917156501,0.18414494902326842,true,false,0.0674489,0
SV,backends,dirichlet,Random,24766,200000,2,2.679017209001841,0.03867793027798827,0.043067136006449305,10.387445917156501,0.18414494902326842,true,false,0.0674489,0
SV,backends,gamma,L64X128MixRandom,32685,2000,0,1.962332049669139,-0.145537923500497,0.031442687214357126,3.7007331847513427,0.36522841441355264,false,false,3.329E-4,0
SV,backends,gamma,L64X128MixRandom,32685,2000,1,1.9638384684208472,0.1191091214963953,0.027319244056462525,3.7007331847513427,0.36522841441355264,false,false,3.329E-4,0
SV,backends,gamma,Xoshiro256PlusPlus,32685,2000,0,2.064797982209805,-0.04307199095983094,0.03647257525857458,6.771719900982645,0.19571567465944525,true,false,3.194E-4,0
SV,backends,gamma,Xoshiro256PlusPlus,32685,2000,1,1.846000385368752,0.0012710384443002098,0.04610160703931084,6.771719900982645,0.19571567465944525,true,true,3.194E-4,0
SV,backends,gamma,PCG_RXS_M_XS_64,32685,2000,0,2.160881624797763,0.053011651628127154,0.05007928701634446,3.2120531598958655,0.4775912562059486,true,false,3.055E-4,0
SV,backends,gamma,PCG_RXS_M_XS_64,32685,2000,1,1.7703081988014984,-0.07442114812295353,0.04958123876607208,3.2120531598958655,0.4775912562059486,true,false,3.055E-4,0
SV,backends,gamma,MT19937,32685,2000,0,2.058035618674403,-0.04983435449523288,0.11434148855246591,4.021428044580641,0.3919425875610022,true,false,3.744E-4,0
SV,backends,gamma,MT19937,32685,2000,1,1.9177311116857632,0.07300176476131126,0.1109048625785018,4.021428044580641,0.3919425875610022,true,false,3.744E-4,0
SV,backends,gamma,Random,32685,2000,0,2.1676486671542436,0.05977869398460767,0.05820644224302121,5.523514965327878,0.2972801903509055,true,false,3.107E-4,0
SV,backends,gamma,Random,32685,2000,1,1.787877596883477,-0.05685175004097487,0.04768157475886802,5.523514965327878,0.2972801903509055,true,false,3.107E-4,0
SV,backends,gamma,L64X128MixRandom,32685,20000,0,2.1013235005186375,-0.006546472650998503,0.021265516924497775,36.84353754040913,0.05310374608191314,true,true,0.0025703,0
SV,backends,gamma,L64X128MixRandom,32685,20000,1,1.8460041311414368,0.0012747842169849033,0.02124225036543011,36.84353754040913,0.05310374608191314,true,true,0.0025703,0
SV,backends,gamma,Xoshiro256PlusPlus,32685,20000,0,2.0862740465726697,-0.021595926596966297,0.01894614175546288,48.44229058521563,0.03817162705904928,true,false,0.0027918,0
SV,backends,gamma,Xoshiro256PlusPlus,32685,20000,1,1.8651731979318342,0.02044385100738233,0.019221519837486867,48.44229058521563,0.03817162705904928,true,false,0.0027918,0
SV,backends,gamma,PCG_RXS_M_XS_64,32685,20000,0,2.1215007149248577,0.01363074175522172,0.018789600586001938,46.693140149037234,0.03787360121589113,true,true,0.0028247,0
SV,backends,gamma,PCG_RXS_M_XS_64,32685,20000,1,1.8347782327688467,-0.009951114155605234,0.018079699689351376,46.693140149037234,0.03787360121589113,true,true,0.0028247,0
SV,backends,gamma,MT19937,32685,20000,0,2.0753749254113822,-0.03249504775825374,0.020169256497591555,50.85438179096811,0.03958326880175539,true,false,0.0029648,0
SV,backends,gamma,MT19937,32685,20000,1,1.8757707025222925,0.031041355597840603,0.02018525321483797,50.85438179096811,0.03958326880175539,true,false,0.0029648,0
SV,backends,gamma,Random,32685,20000,0,2.1132976228412086,0.00542764967157261,0.021344965587032777,44.86735045203785,0.042347527561873384,true,true,0.002766,0
SV,backends,gamma,Random,32685,20000,1,1.8465593328157313,0.001829985891279362,0.019599723919438962,44.86735045203785,0.042347527561873384,true,true,0.002766,0
SV,backends,gamma,L64X128MixRandom,32685,200000,0,2.1060827871663097,-0.0017871860033262799,0.006490204840133401,460.41227075727886,0.0043381973815276404,true,true,0.0257487,0
SV,backends,gamma,L64X128MixRandom,32685,200000,1,1.8397626877319948,-0.00496665919245709,0.006328495672049005,460.41227075727886,0.0043381973815276404,true,true,0.0257487,0
SV,backends,gamma,Xoshiro256PlusPlus,32685,200000,0,2.104899823224267,-0.0029701499453689273,0.0066095005314811255,423.882292937488,0.0046605078212922256,true,true,0.0296068,0
SV,backends,gamma,Xoshiro256PlusPlus,32685,200000,1,1.8529863146408858,0.008256967716433916,0.006672446836643383,423.882292937488,0.0046605078212922256,true,true,0.0296068,0
SV,backends,gamma,PCG_RXS_M_XS_64,32685,200000,0,2.111003033141204,0.0031330599715682084,0.006114346229962273,452.4286662817803,0.004218116932665869,true,true,0.0277899,0
SV,backends,gamma,PCG_RXS_M_XS_64,32685,200000,1,1.8379845588840433,-0.006744788040408567,0.006081287110182336,452.4286662817803,0.004218116932665869,true,true,0.0277899,0
SV,backends,gamma,MT19937,32685,200000,0,2.117486742181284,0.009616769011647985,0.006740063668325212,453.7981827645196,0.004486439012940564,true,true,0.0284736,0
SV,backends,gamma,MT19937,32685,200000,1,1.8357199178102552,-0.009009429114196665,0.0065830645594578616,453.7981827645196,0.004486439012940564,true,true,0.0284736,0
SV,backends,gamma,Random,32685,200000,0,2.1224485163681566,0.014578543198520588,0.006497738863434062,461.4345481885612,0.004233074519934835,false,true,0.0268745,0
SV,backends,gamma,Random,32685,200000,1,1.834969240010533,-0.00976010691391882,0.006348482223251297,461.4345481885612,0.004233074519934835,true,true,0.0268745,0
SV,backends,dirichlet,L64X128MixRandom,32685,2000,0,0.9730032073110071,0.13198705658810606,5.176552237879583E-4,1.0494560306839535,0.975857805951471,false,false,7.552E-4,0
SV,backends,dirichlet,L64X128MixRandom,32685,2000,1,1.912615818884914,0.0016650636482791192,0.009531814932972405,1.0494560306839535,0.975857805951471,true,true,7.552E-4,0
SV,backends,dirichlet,L64X128MixRandom,32685,2000,2,2.968383475273903,0.32804419655005024,0.011332390602341577,1.0494560306839535,0.975857805951471,false,false,7.552E-4,0
SV,backends,dirichlet,Xoshiro256PlusPlus,32685,2000,0,0.8955960474188147,0.05457989669591368,0.015819623545262947,1.6873954001802876,0.7258083816865053,false,false,7.378E-4,0
SV,backends,dirichlet,Xoshiro256PlusPlus,32685,2000,1,1.8809288092648742,-0.030021945971760777,0.2090526581859153,1.6873954001802876,0.7258083816865053,true,false,7.378E-4,0
SV,backends,dirichlet,Xoshiro256PlusPlus,32685,2000,2,2.896663442169309,0.25632416344545605,0.09636873282084367,1.6873954001802876,0.7258083816865053,false,false,7.378E-4,0
SV,backends,dirichlet,PCG_RXS_M_XS_64,32685,2000,0,1.0228118219684303,0.1817956712455293,4.5046305027747594E-4,1.0034631022292364,0.9982714464632245,false,false,7.136E-4,0
SV,backends,dirichlet,PCG_RXS_M_XS_64,32685,2000,1,2.692705255963231,0.7817545007265962,6.33564778985447E-4,1.0034631022292364,0.9982714464632245,false,false,7.136E-4,0
SV,backends,dirichlet,PCG_RXS_M_XS_64,32685,2000,2,3.114700590810678,0.4743613120868253,0.0018329355212289879,1.0034631022292364,0.9982714464632245,false,false,7.136E-4,0
SV,backends,dirichlet,MT19937,32685,2000,0,0.8251929362363748,-0.015823214486526238,7.850903420732962E-6,1.0001352725789177,0.9999323693952603,false,false,7.858E-4,0
SV,backends,dirichlet,MT19937,32685,2000,1,2.3551494691570447,0.44419871392040977,6.369703181094865E-5,1.0001352725789177,0.9999323693952603,false,false,7.858E-4,0
SV,backends,dirichlet,MT19937,32685,2000,2,3.532199939849483,0.8918606611256301,1.3073576997300505E-4,1.0001352725789177,0.9999323693952603,false,false,7.858E-4,0
SV,backends,dirichlet,Random,32685,2000,0,1.0819466145698728,0.2409304638469718,0.0025686417117906863,1.0123687835567243,0.9938535408099591,false,false,6.835E-4,0
SV,backends,dirichlet,Random,32685,2000,1,2.184576524554994,0.273625769318359,0.002323942716060869,1.0123687835567243,0.9938535408099591,false,false,6.835E-4,0
SV,backends,dirichlet,Random,32685,2000,2,2.8302472322041874,0.1899079534803345,0.0011523585209296048,1.0123687835567243,0.9938535408099591,false,false,6.835E-4,0
SV,backends,dirichlet,L64X128MixRandom,32685,20000,0,0.9118815881068428,0.0708654373839418,0.007990080438503359,1.2064848474459966,0.9059792396792893,false,false,0.0066077,0
SV,backends,dirichlet,L64X128MixRandom,32685,20000,1,2.1302690002874107,0.2193182450507758,0.027675197898607777,1.2064848474459966,0.9059792396792893,false,false,0.0066077,0
SV,backends,dirichlet,L64X128MixRandom,32685,20000,2,2.985094847588094,0.3447555688642412,0.001587629494156921,1.2064848474459966,0.9059792396792893,false,false,0.0066077,0
SV,backends,dirichlet,Xoshiro256PlusPlus,32685,20000,0,0.8368224694881847,-0.004193681234716307,0.0023169057808820363,1.1322844401418928,0.9389397380931164,true,true,0.006949,0
SV,backends,dirichlet,Xoshiro256PlusPlus,32685,20000,1,1.9876757668365956,0.0767250115999607,0.008979279337327943,1.1322844401418928,0.9389397380931164,false,false,0.006949,0
SV,backends,dirichlet,Xoshiro256PlusPlus,32685,20000,2,2.536884953538762,-0.10345432518509101,0.012384936229916122,1.1322844401418928,0.9389397380931164,false,false,0.006949,0
SV,backends,dirichlet,PCG_RXS_M_XS_64,32685,20000,0,0.825050582556812,-0.015965568166089072,0.04981912680226354,1.9606496597588385,0.5756139930179393,true,false,0.006938,0
SV,backends,dirichlet,PCG_RXS_M_XS_64,32685,20000,1,1.6979365937419035,-0.2130141614947314,0.12229153122115144,1.9606496597588385,0.5756139930179393,true,false,0.006938,0
SV,backends,dirichlet,PCG_RXS_M_XS_64,32685,20000,2,2.166612698135024,-0.47372658058882866,0.05354814224608669,1.9606496597588385,0.5756139930179393,false,false,0.006938,0
SV,backends,dirichlet,MT19937,32685,20000,0,0.8506853750403586,0.009669224317457537,0.009394483859523923,2.0855314922515293,0.5809695776328584,true,false,0.0070615,0
SV,backends,dirichlet,MT19937,32685,20000,1,1.9604216144756563,0.04947085923902139,0.17905364423910902,2.0855314922515293,0.5809695776328584,true,false,0.0070615,0
SV,backends,dirichlet,MT19937,32685,20000,2,2.650389044457735,0.010049765733882055,0.1367882617217071,2.0855314922515293,0.5809695776328584,true,true,0.0070615,0
SV,backends,dirichlet,Random,32685,20000,0,0.8744352046947594,0.0334190539718584,0.0015366587715270254,1.187007440473926,0.9139038077704843,false,false,0.006794,0
SV,backends,dirichlet,Random,32685,20000,1,2.0130733170944994,0.1021225618578645,0.044466654546632976,1.187007440473926,0.9139038077704843,false,false,0.006794,0
SV,backends,dirichlet,Random,32685,20000,2,2.7752536797442144,0.13491440102036156,0.04962448922677335,1.187007440473926,0.9139038077704843,false,false,0.006794,0
SV,backends,dirichlet,L64X128MixRandom,32685,200000,0,0.8548722636790824,0.013856112956181388,0.010786433144617826,9.60711892674999,0.2560827961974183,true,false,0.0660981,0
SV,backends,dirichlet,L64X128MixRandom,32685,200000,1,1.896487989893818,-0.014462765342816875,0.03613476886077255,9.60711892674999,0.2560827961974183,true,false,0.0660981,0
SV,backends,dirichlet,L64X128MixRandom,32685,200000,2,2.699864055175925,0.0595247764520721,0.05437917082849183,9.60711892674999,0.2560827961974183,true,false,0.0660981,0
SV,backends,dirichlet,Xoshiro256PlusPlus,32685,200000,0,0.8360112188224752,-0.005004931900425835,0.015091819003595568,11.211012720910274,0.14822813700159757,true,true,0.0708331,0
SV,backends,dirichlet,Xoshiro256PlusPlus,32685,200000,1,1.9319673906256545,0.021016635389019545,0.023271253482903168,11.211012720910274,0.14822813700159757,true,false,0.0708331,0
SV,backends,dirichlet,Xoshiro256PlusPlus,32685,200000,2,2.65564885219516,0.015309573471307125,0.04073807075399751,11.211012720910274,0.14822813700159757,true,true,0.0708331,0
SV,backends,dirichlet,PCG_RXS_M_XS_64,32685,200000,0,0.8463171340131171,0.00530098329021611,0.021282822602955595,13.05855673266608,0.1433621123687737,true,true,0.0682513,0
SV,backends,dirichlet,PCG_RXS_M_XS_64,32685,200000,1,1.906874204559245,-0.0040765506773898785,0.05144736336036833,13.05855673266608,0.1433621123687737,true,true,0.0682513,0
SV,backends,dirichlet,PCG_RXS_M_XS_64,32685,200000,2,2.6414628103826074,0.0011235316587545618,0.061906053108944946,13.05855673266608,0.1433621123687737,true,true,0.0682513,0
SV,backends,dirichlet,MT19937,32685,200000,0,0.8591695836988531,0.018153432975952066,0.009353155487459307,10.099084939962047,0.16300350532568364,true,false,0.0696839,0
SV,backends,dirichlet,MT19937,32685,200000,1,1.8855371512125347,-0.0254136040241002,0.025492879251975818,10.099084939962047,0.16300350532568364,true,false,0.0696839,0
SV,backends,dirichlet,MT19937,32685,200000,2,2.6934433498243195,0.053104071100466665,0.031698557837273926,10.099084939962047,0.16300350532568364,true,false,0.0696839,0
SV,backends,dirichlet,Random,32685,200000,0,0.8471577084936833,0.006141557770782291,0.021886448462217375,6.280197073103136,0.2966674868648572,true,false,0.0690979,0
SV,backends,dirichlet,Random,32685,200000,1,1.9172866120711782,0.006335856834543296,0.0620756701886594,6.280197073103136,0.2966674868648572,true,true,0.0690979,0
SV,backends,dirichlet,Random,32685,200000,2,2.652819587747532,0.012480309023679137,0.07617706251087636,6.280197073103136,0.2966674868648572,true,true,0.0690979,0
SV,backends,gamma,L64X128MixRandom,40604,2000,0,2.039807882313314,-0.06806209085632187,0.038436511466061564,3.526421367634503,0.469337592703661,true,false,3.268E-4,0
SV,backends,gamma,L64X128MixRandom,40604,2000,1,1.909932110428009,0.06520276350355703,0.0653960458652356,3.526421367634503,0.469337592703661,true,false,3.268E-4,0
SV,backends,gamma,Xoshiro256PlusPlus,40604,2000,0,2.0843330131607423,-0.023536960008893715,0.04693052829787497,6.014108933915868,0.25167005445760465,true,false,3.093E-4,0
SV,backends,gamma,Xoshiro256PlusPlus,40604,2000,1,1.8498357214084795,0.00510637448402762,0.06483990196633473,6.014108933915868,0.25167005445760465,true,true,3.093E-4,0
SV,backends,gamma,PCG_RXS_M_XS_64,40604,2000,0,1.9732523463870981,-0.13461762678253786,0.06572942620740203,2.8421904053112526,0.5494974211055903,false,false,3.011E-4,0
SV,backends,gamma,PCG_RXS_M_XS_64,40604,2000,1,1.9651577594121947,0.12042841248774283,0.06570295942552012,2.8421904053112526,0.5494974211055903,true,false,3.011E-4,0
SV,backends,gamma,MT19937,40604,2000,0,2.0572295378220926,-0.05064043534754337,0.0553397325284078,7.658825214925535,0.1800425407064505,true,false,3.721E-4,0
SV,backends,gamma,MT19937,40604,2000,1,1.8610802797201451,0.016350932795693218,0.05969556891914972,7.658825214925535,0.1800425407064505,true,true,3.721E-4,0
SV,backends,gamma,Random,40604,2000,0,2.1799968390651747,0.07212686589553874,0.049590997963193134,7.5048197793858025,0.18769157723447313,true,false,2.989E-4,0
SV,backends,gamma,Random,40604,2000,1,1.7693976121933053,-0.07533173473114663,0.05021789252025628,7.5048197793858025,0.18769157723447313,true,false,2.989E-4,0
SV,backends,gamma,L64X128MixRandom,40604,20000,0,2.11584964545888,0.00797967228924401,0.017826858056952048,38.869320863297276,0.046851721351692674,true,true,0.0026199,0
SV,backends,gamma,L64X128MixRandom,40604,20000,1,1.8322220578677013,-0.012507289056750581,0.01891418853821697,38.869320863297276,0.046851721351692674,true,true,0.0026199,0
SV,backends,gamma,Xoshiro256PlusPlus,40604,20000,0,2.1268601467063784,0.018990173536742372,0.019751160032370995,42.666996279379646,0.04559184803374665,true,true,0.0028214,0
SV,backends,gamma,Xoshiro256PlusPlus,40604,20000,1,1.8185326560488777,-0.02619669087557419,0.02100610708854769,42.666996279379646,0.04559184803374665,true,false,0.0028214,0
SV,backends,gamma,PCG_RXS_M_XS_64,40604,20000,0,2.113430083622543,0.00556011045290683,0.019809657569906387,48.52914569231662,0.0368600937460598,true,true,0.002789,0
SV,backends,gamma,PCG_RXS_M_XS_64,40604,20000,1,1.8350432465488233,-0.009686100375628559,0.018947673483999384,48.52914569231662,0.0368600937460598,true,true,0.002789,0
SV,backends,gamma,MT19937,40604,20000,0,2.0874870154172394,-0.020382957752396624,0.018412597748106718,53.01666095878009,0.0375747049150328,true,false,0.0029133,0
SV,backends,gamma,MT19937,40604,20000,1,1.8487687913075972,0.004039444383145296,0.017528031643303594,53.01666095878009,0.0375747049150328,true,true,0.0029133,0
SV,backends,gamma,Random,40604,20000,0,2.131410741536355,0.02354076836671881,0.021836874155712813,43.367596089673576,0.04689963965343082,true,false,0.0027051,0
SV,backends,gamma,Random,40604,20000,1,1.826890434997431,-0.017838911927020806,0.021722921894521692,43.367596089673576,0.04689963965343082,true,true,0.0027051,0
SV,backends,gamma,L64X128MixRandom,40604,200000,0,2.105842548198372,-0.002027424971263958,0.006475998495194751,438.91516893429474,0.004440222725024856,true,true,0.0252968,0
SV,backends,gamma,L64X128MixRandom,40604,200000,1,1.8487580407592987,0.00402869383484683,0.006383946838887569,438.91516893429474,0.004440222725024856,true,true,0.0252968,0
SV,backends,gamma,Xoshiro256PlusPlus,40604,200000,0,2.1215023659460974,0.013632392776461444,0.006617390206696952,425.08587105243066,0.004676443979942085,false,true,0.0277013,0
SV,backends,gamma,Xoshiro256PlusPlus,40604,200000,1,1.8312981919278453,-0.013431154996606631,0.006572496488992081,425.08587105243066,0.004676443979942085,false,true,0.0277013,0
SV,backends,gamma,PCG_RXS_M_XS_64,40604,200000,0,2.1121562950784973,0.004286321908861357,0.006660700364926587,444.3808058687248,0.004428093623639307,true,true,0.0276913,0
SV,backends,gamma,PCG_RXS_M_XS_64,40604,200000,1,1.8391923174324596,-0.005537029491992307,0.006524826154112534,444.3808058687248,0.004428093623639307,true,true,0.0276913,0
SV,backends,gamma,MT19937,40604,200000,0,2.088884736325749,-0.018985236843886977,0.00625593223005912,433.41354276403933,0.004595297607900664,false,true,0.0283746,0
SV,backends,gamma,MT19937,40604,200000,1,1.8583790151728963,0.01364966824844438,0.0061723875189905845,433.41354276403933,0.004595297607900664,false,true,0.0283746,0
SV,backends,gamma,Random,40604,200000,0,2.0966593646488616,-0.011210608520774379,0.006781648477959812,426.2838772841277,0.004664873616473917,true,true,0.027029,0
SV,backends,gamma,Random,40604,200000,1,1.8550230192276087,0.010293672303156809,0.006679597587915656,426.2838772841277,0.004664873616473917,true,true,0.027029,0
SV,backends,dirichlet,L64X128MixRandom,40604,2000,0,1.0010514920842448,0.16003534136134379,0.008826343458027576,1.0345414527546726,0.9830183697128497,false,false,7.499E-4,0
SV,backends,dirichlet,L64X128MixRandom,40604,2000,1,2.2676701153089898,0.35671936007235483,0.022475575689696065,1.0345414527546726,0.9830183697128497,false,false,7.499E-4,0
SV,backends,dirichlet,L64X128MixRandom,40604,2000,2,3.5404539678266933,0.9001146891028404,0.04286664918935996,1.0345414527546726,0.9830183697128497,false,false,7.499E-4,0
SV,backends,dirichlet,Xoshiro256PlusPlus,40604,2000,0,1.0892857128850715,0.24826956216217044,0.001289021075984909,1.010413429996675,0.9948213417420543,false,false,7.361E-4,0
SV,backends,dirichlet,Xoshiro256PlusPlus,40604,2000,1,2.014532470135689,0.1035817148990541,0.008129799702473075,1.010413429996675,0.9948213417420543,false,false,7.361E-4,0
SV,backends,dirichlet,Xoshiro256PlusPlus,40604,2000,2,2.060112770434721,-0.5802265082891318,0.009830584282910795,1.010413429996675,0.9948213417420543,false,false,7.361E-4,0
SV,backends,dirichlet,PCG_RXS_M_XS_64,40604,2000,0,0.5956733269619189,-0.24534282376098215,0.011463555785905542,1.0774842459502392,0.962762214677662,false,false,7.191E-4,0
SV,backends,dirichlet,PCG_RXS_M_XS_64,40604,2000,1,1.5587286650766474,-0.3522220901599875,0.0045114473900199695,1.0774842459502392,0.962762214677662,false,false,7.191E-4,0
SV,backends,dirichlet,PCG_RXS_M_XS_64,40604,2000,2,1.6245695062683425,-1.0157697724555104,0.010297374715315126,1.0774842459502392,0.962762214677662,false,false,7.191E-4,0
SV,backends,dirichlet,MT19937,40604,2000,0,0.8019531879770493,-0.03906296274585175,1.5086271471128185E-7,1.0000005850182043,0.9999997074909838,false,false,8.359E-4,0
SV,backends,dirichlet,MT19937,40604,2000,1,1.7948351469656152,-0.11611560827101974,1.672650706308523E-7,1.0000005850182043,0.9999997074909838,false,false,8.359E-4,0
SV,backends,dirichlet,MT19937,40604,2000,2,3.1977389910204996,0.5573997122966468,3.449867223725784E-7,1.0000005850182043,0.9999997074909838,false,false,8.359E-4,0
SV,backends,dirichlet,Random,40604,2000,0,0.9167297042932744,0.07571355357037335,2.597119564347967E-4,1.0011518294886925,0.9994244190112096,false,false,7.007E-4,0
SV,backends,dirichlet,Random,40604,2000,1,2.7192229716399914,0.8082722164033564,5.618233191047429E-4,1.0011518294886925,0.9994244190112096,false,false,7.007E-4,0
SV,backends,dirichlet,Random,40604,2000,2,2.9862992074932455,0.34595992876939263,2.990558504486701E-4,1.0011518294886925,0.9994244190112096,false,false,7.007E-4,0
SV,backends,dirichlet,L64X128MixRandom,40604,20000,0,0.8864019872043232,0.04538583648142214,0.021403473482969736,1.7485220214288708,0.7292495667402217,false,false,0.0066676,0
SV,backends,dirichlet,L64X128MixRandom,40604,20000,1,1.850287004759465,-0.060663750477169875,0.06684543571800391,1.7485220214288708,0.7292495667402217,true,false,0.0066676,0
SV,backends,dirichlet,L64X128MixRandom,40604,20000,2,2.603030432645843,-0.03730884607800977,0.05641409177857514,1.7485220214288708,0.7292495667402217,true,false,0.0066676,0
SV,backends,dirichlet,Xoshiro256PlusPlus,40604,20000,0,0.7536924971482267,-0.08732365357467431,0.0027371615338164204,1.4057550154915934,0.8253655568511481,false,false,0.0070255,0
SV,backends,dirichlet,Xoshiro256PlusPlus,40604,20000,1,1.713708521560248,-0.19724223367638682,0.012308904176157038,1.4057550154915934,0.8253655568511481,false,false,0.0070255,0
SV,backends,dirichlet,Xoshiro256PlusPlus,40604,20000,2,2.259597993609162,-0.38074128511469096,0.01966076268591112,1.4057550154915934,0.8253655568511481,false,false,0.0070255,0
SV,backends,dirichlet,PCG_RXS_M_XS_64,40604,20000,0,0.8662198657062449,0.02520371498334384,0.011842097790687596,1.6151546081837795,0.7650690299434644,false,false,0.0087199,0
SV,backends,dirichlet,PCG_RXS_M_XS_64,40604,20000,1,2.0227022625914,0.11175150735476502,0.09091328180766044,1.6151546081837795,0.7650690299434644,true,false,0.0087199,0
SV,backends,dirichlet,PCG_RXS_M_XS_64,40604,20000,2,2.6528071141728615,0.012467835449008646,0.030669227393366732,1.6151546081837795,0.7650690299434644,true,true,0.0087199,0
SV,backends,dirichlet,MT19937,40604,20000,0,0.789945111924551,-0.051071038798350066,0.0735988325875891,4.192016588527442,0.42117726536870487,true,false,0.0070358,0
SV,backends,dirichlet,MT19937,40604,20000,1,1.8695372151138285,-0.0414135401228064,0.10997143001227674,4.192016588527442,0.42117726536870487,true,false,0.0070358,0
SV,backends,dirichlet,MT19937,40604,20000,2,2.5412692618443664,-0.09907001687948647,0.17648305448292367,4.192016588527442,0.42117726536870487,true,false,0.0070358,0
SV,backends,dirichlet,Random,40604,20000,0,0.9080310222546268,0.0670148715317258,0.005333105257771074,1.6303192023842479,0.7450901894939767,false,false,0.0069672,0
SV,backends,dirichlet,Random,40604,20000,1,2.067702589158068,0.15675183392143288,0.008972585429770896,1.6303192023842479,0.7450901894939767,false,false,0.0069672,0
SV,backends,dirichlet,Random,40604,20000,2,2.8315310219304437,0.19119174320659083,0.0811931392117417,1.6303192023842479,0.7450901894939767,false,false,0.0069672,0
SV,backends,dirichlet,L64X128MixRandom,40604,200000,0,0.875769665301549,0.03475351457864795,0.007506886727369277,8.039943325498186,0.22869483021024253,false,false,0.0652589,0
SV,backends,dirichlet,L64X128MixRandom,40604,200000,1,1.894124920691114,-0.016825834545521,0.024981355411906464,8.039943325498186,0.22869483021024253,true,false,0.0652589,0
SV,backends,dirichlet,L64X128MixRandom,40604,200000,2,2.6748888614983715,0.034549582774518584,0.032373757765006866,8.039943325498186,0.22869483021024253,true,false,0.0652589,0
SV,backends,dirichlet,Xoshiro256PlusPlus,40604,200000,0,0.8342997228134593,-0.006716427909441713,0.010644032028179843,8.768449451178583,0.2464059557465258,true,false,0.0686863,0
SV,backends,dirichlet,Xoshiro256PlusPlus,40604,200000,1,1.9581159524305436,0.04716519719390866,0.045008273896983794,8.768449451178583,0.2464059557465258,true,false,0.0686863,0
SV,backends,dirichlet,Xoshiro256PlusPlus,40604,200000,2,2.657676295636846,0.017337016912993164,0.06615284255778896,8.768449451178583,0.2464059557465258,true,true,0.0686863,0
SV,backends,dirichlet,PCG_RXS_M_XS_64,40604,200000,0,0.8374491966902337,-0.00356695403266738,0.014901871275495618,5.43718368867794,0.37310943888380976,true,true,0.0709013,0
SV,backends,dirichlet,PCG_RXS_M_XS_64,40604,200000,1,1.9010408240072667,-0.00990993122936823,0.02721314627729001,5.43718368867794,0.37310943888380976,true,true,0.0709013,0
SV,backends,dirichlet,PCG_RXS_M_XS_64,40604,200000,2,2.609071244740432,-0.03126803398342082,0.025576396918458234,5.43718368867794,0.37310943888380976,true,false,0.0709013,0
SV,backends,dirichlet,MT19937,40604,200000,0,0.846026339003969,0.005010188281067918,0.01247157538940013,7.922185147347599,0.22203705805707336,true,true,0.0694061,0
SV,backends,dirichlet,MT19937,40604,200000,1,1.8737965354013504,-0.03715421983528455,0.05319529540418903,7.922185147347599,0.22203705805707336,true,false,0.0694061,0
SV,backends,dirichlet,MT19937,40604,200000,2,2.599212514766792,-0.04112676395706094,0.0533508474045642,7.922185147347599,0.22203705805707336,true,false,0.0694061,0
SV,backends,dirichlet,Random,40604,200000,0,0.8611629771750668,0.02014682645216581,0.01572330335463337,10.13078484959498,0.19897022043621512,true,false,0.0676317,0
SV,backends,dirichlet,Random,40604,200000,1,1.972110518520234,0.061159763283598956,0.030102916298438344,10.13078484959498,0.19897022043621512,false,false,0.0676317,0
SV,backends,dirichlet,Random,40604,200000,2,2.741823325087474,0.10148404636362107,0.05276078225959053,10.13078484959498,0.19897022043621512,true,false,0.0676317,0
SV,backends,gamma,L64X128MixRandom,48523,2000,0,2.193083265918618,0.08521329274898193,0.04977141436963766,5.072215234547702,0.3772271219632646,true,false,3.416E-4,0
SV,backends,gamma,L64X128MixRandom,48523,2000,1,1.8044626382882036,-0.04026670863624826,0.04639252521368378,5.072215234547702,0.3772271219632646,true,false,3.416E-4,0
SV,backends,gamma,Xoshiro256PlusPlus,48523,2000,0,2.088872268203358,-0.01899770496627795,0.07572134848741274,7.607960665625245,0.22317470466063608,true,true,3.334E-4,0
SV,backends,gamma,Xoshiro256PlusPlus,48523,2000,1,1.8773837922375074,0.0326544453130555,0.0874032471499681,7.607960665625245,0.22317470466063608,true,false,3.334E-4,0
SV,backends,gamma,PCG_RXS_M_XS_64,48523,2000,0,2.2591689307413394,0.15129895757170342,0.025089291209377772,2.7900620079239,0.5358064960907535,false,false,3.064E-4,0
SV,backends,gamma,PCG_RXS_M_XS_64,48523,2000,1,1.69585966236712,-0.14886968455733185,0.03459871070507716,2.7900620079239,0.5358064960907535,false,false,3.064E-4,0
SV,backends,gamma,MT19937,48523,2000,0,2.1564765654861247,0.04860659231648867,0.07542214383632144,4.44431839321591,0.30136519198952827,true,false,3.673E-4,0
SV,backends,gamma,MT19937,48523,2000,1,1.770032343669573,-0.07469700325487882,0.06602719811349142,4.44431839321591,0.30136519198952827,true,false,3.673E-4,0
SV,backends,gamma,Random,48523,2000,0,2.1273702337362437,0.019500260566607697,0.045996120082779784,3.067718300539491,0.4143672803353657,true,true,2.763E-4,0
SV,backends,gamma,Random,48523,2000,1,1.813842609184562,-0.030886737739889814,0.0364349648126364,3.067718300539491,0.4143672803353657,true,false,2.763E-4,0
SV,backends,gamma,L64X128MixRandom,48523,20000,0,2.123482562792111,0.015612589622474804,0.01834760151212546,50.73412938878963,0.03865841002244946,true,true,0.002555,0
SV,backends,gamma,L64X128MixRandom,48523,20000,1,1.8359895565502398,-0.00873979037421213,0.017581568013290964,50.73412938878963,0.03865841002244946,true,true,0.002555,0
SV,backends,gamma,Xoshiro256PlusPlus,48523,20000,0,2.0745101220762603,-0.03335985109337569,0.018749513146219306,48.127993397264774,0.041239426845426974,true,false,0.0027767,0
SV,backends,gamma,Xoshiro256PlusPlus,48523,20000,1,1.8803790317896196,0.03564968486516773,0.02029145585287615,48.127993397264774,0.041239426845426974,true,false,0.0027767,0
SV,backends,gamma,PCG_RXS_M_XS_64,48523,20000,0,2.096568968350143,-0.01130100481949281,0.01867456135215077,52.33053209548553,0.03182653245578452,true,true,0.0027875,0
SV,backends,gamma,PCG_RXS_M_XS_64,48523,20000,1,1.857615517631045,0.012886170706593036,0.019102506953045516,52.33053209548553,0.03182653245578452,true,true,0.0027875,0
SV,backends,gamma,MT19937,48523,20000,0,2.1008590327137275,-0.007010940455908443,0.020322215956386062,38.888867032582105,0.045577358959550875,true,true,0.0029343,0
SV,backends,gamma,MT19937,48523,20000,1,1.8335578785457038,-0.01117146837874805,0.02064580156842683,38.888867032582105,0.045577358959550875,true,true,0.0029343,0
SV,backends,gamma,Random,48523,20000,0,2.0851614148140665,-0.022708558355569508,0.02042375231093099,51.792895259486556,0.04140116742157254,true,false,0.0027219,0
SV,backends,gamma,Random,48523,20000,1,1.8439416436740448,-7.877032504071124E-4,0.020914484988148727,51.792895259486556,0.04140116742157254,true,true,0.0027219,0
SV,backends,gamma,L64X128MixRandom,48523,200000,0,2.104563099722369,-0.003306873447266767,0.006164530540545059,456.44781582348645,0.004195413475810473,true,true,0.0259341,0
SV,backends,gamma,L64X128MixRandom,48523,200000,1,1.8475633783248575,0.002834031400405612,0.0061309234935199896,456.44781582348645,0.004195413475810473,true,true,0.0259341,0
SV,backends,gamma,Xoshiro256PlusPlus,48523,200000,0,2.1004314978214365,-0.007438475348199525,0.006674391641200929,438.034671120363,0.0046496140526323315,true,true,0.0285697,0
SV,backends,gamma,Xoshiro256PlusPlus,48523,200000,1,1.8537622541053738,0.009032907180921868,0.006666323141326602,438.034671120363,0.0046496140526323315,true,true,0.0285697,0
SV,backends,gamma,PCG_RXS_M_XS_64,48523,200000,0,2.110855021857789,0.002985048688152858,0.00656731701125018,448.66342632459117,0.004454557969216188,true,true,0.0276519,0
SV,backends,gamma,PCG_RXS_M_XS_64,48523,200000,1,1.8450818247144722,3.5247779002034463E-4,0.006481714974383344,448.66342632459117,0.004454557969216188,true,true,0.0276519,0
SV,backends,gamma,MT19937,48523,200000,0,2.1075830229855024,-2.869501841336053E-4,0.006454010159718572,430.9101047283058,0.0046764067580085346,true,true,0.0284385,0
SV,backends,gamma,MT19937,48523,200000,1,1.8449669099325274,2.3756300807553643E-4,0.006427410863067787,430.9101047283058,0.0046764067580085346,true,true,0.0284385,0
SV,backends,gamma,Random,48523,200000,0,2.0950910910376175,-0.012778882132018499,0.0066957532183443275,446.0992628704841,0.004750870038838109,true,true,0.0269161,0
SV,backends,gamma,Random,48523,200000,1,1.8542617526489786,0.009532405724526738,0.0067853270819405245,446.0992628704841,0.004750870038838109,true,true,0.0269161,0
SV,backends,dirichlet,L64X128MixRandom,48523,2000,0,1.0279065287554492,0.18689037803254815,2.721575281032625E-4,1.0007808620719845,0.9996097212816857,false,false,7.417E-4,0
SV,backends,dirichlet,L64X128MixRandom,48523,2000,1,1.56719803401178,-0.343752721224855,1.619500557316687E-4,1.0007808620719845,0.9996097212816857,false,false,7.417E-4,0
SV,backends,dirichlet,L64X128MixRandom,48523,2000,2,2.1374466565288817,-0.5028926221949712,1.0648674122279161E-4,1.0007808620719845,0.9996097212816857,false,false,7.417E-4,0
SV,backends,dirichlet,Xoshiro256PlusPlus,48523,2000,0,1.023858455977836,0.18284230525493506,9.783942003745295E-4,1.0640229938607675,0.9690197182282718,false,false,7.441E-4,0
SV,backends,dirichlet,Xoshiro256PlusPlus,48523,2000,1,2.555072506538821,0.6441217513021862,0.0019396564191927624,1.0640229938607675,0.9690197182282718,false,false,7.441E-4,0
SV,backends,dirichlet,Xoshiro256PlusPlus,48523,2000,2,3.3415116811596772,0.7011724024358243,0.016514369481675832,1.0640229938607675,0.9690197182282718,false,false,7.441E-4,0
SV,backends,dirichlet,PCG_RXS_M_XS_64,48523,2000,0,0.7455378958729397,-0.09547825484996131,2.4220118402131557E-4,1.006118046028462,0.9969502812049678,false,false,7.501E-4,0
SV,backends,dirichlet,PCG_RXS_M_XS_64,48523,2000,1,2.4183804175657215,0.5074296623290866,8.132138179311789E-4,1.006118046028462,0.9969502812049678,false,false,7.501E-4,0
SV,backends,dirichlet,PCG_RXS_M_XS_64,48523,2000,2,2.6183790585227285,-0.021960220201124425,0.0019368882347645276,1.006118046028462,0.9969502812049678,false,false,7.501E-4,0
SV,backends,dirichlet,MT19937,48523,2000,0,0.9218339881111827,0.08081783738828163,6.441938479100858E-6,1.0001233262409912,0.9999383408618026,false,false,8.068E-4,0
SV,backends,dirichlet,MT19937,48523,2000,1,2.316897390012073,0.4059466347754379,5.683539211313874E-6,1.0001233262409912,0.9999383408618026,false,false,8.068E-4,0
SV,backends,dirichlet,MT19937,48523,2000,2,2.749652175143496,0.10931289641964304,9.387304552024293E-5,1.0001233262409912,0.9999383408618026,false,false,8.068E-4,0
SV,backends,dirichlet,Random,48523,2000,0,1.0314088556922891,0.1903927049693881,0.0,1.0000001555822204,0.9999999222088959,false,false,6.866E-4,0
SV,backends,dirichlet,Random,48523,2000,1,2.3009738493169105,0.3900230940802756,5.96046401386795E-8,1.0000001555822204,0.9999999222088959,false,false,6.866E-4,0
SV,backends,dirichlet,Random,48523,2000,2,3.4181706499304276,0.7778313712065748,0.0,1.0000001555822204,0.9999999222088959,false,false,6.866E-4,0
SV,backends,dirichlet,L64X128MixRandom,48523,20000,0,0.7966700260125437,-0.04434612471035737,0.0299369487800887,3.119031756586046,0.4885093120066637,true,false,0.006583,0
SV,backends,dirichlet,L64X128MixRandom,48523,20000,1,1.9666989136649404,0.055748158428305494,0.024844728045367383,3.119031756586046,0.4885093120066637,false,false,0.006583,0
SV,backends,dirichlet,L64X128MixRandom,48523,20000,2,2.5004572589337783,-0.13988201979007453,0.09618392372318005,3.119031756586046,0.4885093120066637,true,false,0.006583,0
SV,backends,dirichlet,Xoshiro256PlusPlus,48523,20000,0,0.97196119607946,0.13094504535655893,0.024492426153052162,2.2296283131643926,0.6321684595664216,false,false,0.0068543,0
SV,backends,dirichlet,Xoshiro256PlusPlus,48523,20000,1,2.256224964942994,0.345274209706359,0.0534966742021743,2.2296283131643926,0.6321684595664216,false,false,0.0068543,0
SV,backends,dirichlet,Xoshiro256PlusPlus,48523,20000,2,2.8591762096953044,0.21883693097145152,0.04748271235378365,2.2296283131643926,0.6321684595664216,false,false,0.0068543,0
SV,backends,dirichlet,PCG_RXS_M_XS_64,48523,20000,0,0.9239921113292334,0.08297596060633239,0.013238967445434785,1.328831961726192,0.8640639441976634,false,false,0.0068816,0
SV,backends,dirichlet,PCG_RXS_M_XS_64,48523,20000,1,1.810389743303991,-0.10056101193264388,0.039632008779107455,1.328831961726192,0.8640639441976634,false,false,0.0068816,0
SV,backends,dirichlet,PCG_RXS_M_XS_64,48523,20000,2,2.5587643961354165,-0.08157488258843637,0.04353790655668655,1.328831961726192,0.8640639441976634,true,false,0.0068816,0
SV,backends,dirichlet,MT19937,48523,20000,0,0.750932342592051,-0.09008380813085004,0.027663428099321697,1.3446948288678955,0.8570966513775969,false,false,0.007002,0
SV,backends,dirichlet,MT19937,48523,20000,1,1.8706197867624266,-0.04033096847420836,0.059291718541137295,1.3446948288678955,0.8570966513775969,true,false,0.007002,0
SV,backends,dirichlet,MT19937,48523,20000,2,2.3383252273785704,-0.3020140513452825,0.09113059436359476,1.3446948288678955,0.8570966513775969,false,false,0.007002,0
SV,backends,dirichlet,Random,48523,20000,0,0.8191727541154433,-0.02184339660745771,0.0067135579742522876,2.451151424744587,0.49802416341060385,false,false,0.0067749,0
SV,backends,dirichlet,Random,48523,20000,1,1.8506471595810772,-0.06030359565555776,0.06105294118292887,2.451151424744587,0.49802416341060385,true,false,0.0067749,0
SV,backends,dirichlet,Random,48523,20000,2,2.6626282549987352,0.022288976274882355,0.06959641365602473,2.451151424744587,0.49802416341060385,true,false,0.0067749,0
SV,backends,dirichlet,L64X128MixRandom,48523,200000,0,0.8597593287722957,0.018743178049394627,0.013758837749593047,5.971753227770617,0.2978907232850257,true,false,0.065135,0
SV,backends,dirichlet,L64X128MixRandom,48523,200000,1,1.9189585893068755,0.008007834070240527,0.018939199158032254,5.971753227770617,0.2978907232850257,true,true,0.065135,0
SV,backends,dirichlet,L64X128MixRandom,48523,200000,2,2.6832727005503445,0.042933421826491625,0.03282842280933649,5.971753227770617,0.2978907232850257,true,false,0.065135,0
SV,backends,dirichlet,Xoshiro256PlusPlus,48523,200000,0,0.8715910718207984,0.03057492109789739,0.011814208889175195,9.96943359949388,0.20965524301662725,false,false,0.0691358,0
SV,backends,dirichlet,Xoshiro256PlusPlus,48523,200000,1,1.9666907416718613,0.055739986435226374,0.03428815676138173,9.96943359949388,0.20965524301662725,true,false,0.0691358,0
SV,backends,dirichlet,Xoshiro256PlusPlus,48523,200000,2,2.7001484333957966,0.0598091546719437,0.04220238310270389,9.96943359949388,0.20965524301662725,true,false,0.0691358,0
SV,backends,dirichlet,PCG_RXS_M_XS_64,48523,200000,0,0.8405745802219357,-4.4157050096538253E-4,0.01427702490453337,10.72968824596979,0.15862923941538468,true,true,0.0682404,0
SV,backends,dirichlet,PCG_RXS_M_XS_64,48523,200000,1,1.9596757594916667,0.04872500425503179,0.02523336214963134,10.72968824596979,0.15862923941538468,true,false,0.0682404,0
SV,backends,dirichlet,PCG_RXS_M_XS_64,48523,200000,2,2.720909653413253,0.0805703746894002,0.02915830422717578,10.72968824596979,0.15862923941538468,false,false,0.0682404,0
SV,backends,dirichlet,MT19937,48523,200000,0,0.8230229838204935,-0.017993166902407487,0.02160535631454579,5.916008087206639,0.38505394214714045,true,false,0.0693748,0
SV,backends,dirichlet,MT19937,48523,200000,1,1.827553951755751,-0.08339680348088385,0.018520627964879084,5.916008087206639,0.38505394214714045,false,false,0.0693748,0
SV,backends,dirichlet,MT19937,48523,200000,2,2.529438850603016,-0.110900428120837,0.040223975426999375,5.916008087206639,0.38505394214714045,false,false,0.0693748,0
SV,backends,dirichlet,Random,48523,200000,0,0.8296741118922502,-0.01134203883065088,0.012135559822516462,11.1041582622392,0.15561641182506747,true,false,0.0685037,0
SV,backends,dirichlet,Random,48523,200000,1,1.885525402625819,-0.02542535261081591,0.03118093982007797,11.1041582622392,0.15561641182506747,true,false,0.0685037,0
SV,backends,dirichlet,Random,48523,200000,2,2.6355823968766265,-0.004756881847226335,0.03199597074872896,11.1041582622392,0.15561641182506747,true,true,0.0685037,0
SV,backends,gamma,L64X128MixRandom,56442,2000,0,2.1887151171817845,0.08084514401214848,0.08181721150895803,3.4331874207279762,0.4369557403700768,true,false,3.339E-4,0
SV,backends,gamma,L64X128MixRandom,56442,2000,1,1.7637911895975715,-0.08093815732688037,0.06674884355342862,3.4331874207279762,0.4369557403700768,true,false,3.339E-4,0
SV,backends,gamma,Xoshiro256PlusPlus,56442,2000,0,2.127094355470685,0.019224382301048948,0.09318603927855307,4.9203599768000945,0.3962256810688383,true,true,3.167E-4,0
SV,backends,gamma,Xoshiro256PlusPlus,56442,2000,1,1.8320691087381924,-0.012660238186259498,0.08967201124190499,4.9203599768000945,0.3962256810688383,true,true,3.167E-4,0
SV,backends,gamma,PCG_RXS_M_XS_64,56442,2000,0,2.101283779069034,-0.006586194100601794,0.07983326492590517,4.432477597517661,0.32727547063444296,true,true,3.469E-4,0
SV,backends,gamma,PCG_RXS_M_XS_64,56442,2000,1,1.8743474531702538,0.029618106245801856,0.07195766409137906,4.432477597517661,0.32727547063444296,true,false,3.469E-4,0
SV,backends,gamma,MT19937,56442,2000,0,2.0321921278891852,-0.07567784528045074,0.025578735966534275,5.063466323604815,0.2730619799715973,false,false,3.671E-4,0
SV,backends,gamma,MT19937,56442,2000,1,1.886983768725148,0.04225442180069616,0.03853930326541005,5.063466323604815,0.2730619799715973,true,false,3.671E-4,0
SV,backends,gamma,Random,56442,2000,0,2.2015489555911967,0.0936789824215607,0.04466680416401084,4.338517018389492,0.34725199778099985,false,false,2.795E-4,0
SV,backends,gamma,Random,56442,2000,1,1.7827381285141828,-0.06199121841026911,0.04254307184569963,4.338517018389492,0.34725199778099985,true,false,2.795E-4,0
SV,backends,gamma,L64X128MixRandom,56442,20000,0,2.1300263675096685,0.02215639434003247,0.019530584398886813,44.89523408965837,0.04025995268581708,true,false,0.0025541,0
SV,backends,gamma,L64X128MixRandom,56442,20000,1,1.826232531408076,-0.01849681551637583,0.01921656463369526,44.89523408965837,0.04025995268581708,true,true,0.0025541,0
SV,backends,gamma,Xoshiro256PlusPlus,56442,20000,0,2.0740766224138594,-0.03379335075577661,0.018921979230589255,62.29004535445857,0.03333557252974443,true,false,0.0027774,0
SV,backends,gamma,Xoshiro256PlusPlus,56442,20000,1,1.8687500839157267,0.024020736991274827,0.01799348526685607,62.29004535445857,0.03333557252974443,true,false,0.0027774,0
SV,backends,gamma,PCG_RXS_M_XS_64,56442,20000,0,2.126003487801492,0.018133514631855974,0.023654402878352177,45.281951696533284,0.04465397771529205,true,true,0.0027816,0
SV,backends,gamma,PCG_RXS_M_XS_64,56442,20000,1,1.8517028604691474,0.006973513544695553,0.021286496870621664,45.281951696533284,0.04465397771529205,true,true,0.0027816,0
SV,backends,gamma,MT19937,56442,20000,0,2.1157917317698143,0.007921758600178297,0.01874927887889949,49.698080439309585,0.03729797400134691,true,true,0.0029184,0
SV,backends,gamma,MT19937,56442,20000,1,1.8356223181531484,-0.009107028771303538,0.018814844278524985,49.698080439309585,0.03729797400134691,true,true,0.0029184,0
SV,backends,gamma,Random,56442,20000,0,2.137121320661082,0.0292513474914462,0.020113734300118175,40.72317240585026,0.043797920227068646,true,false,0.0027085,0
SV,backends,gamma,Random,56442,20000,1,1.8228869004759485,-0.021842446448503416,0.01993864418872168,40.72317240585026,0.043797920227068646,true,false,0.0027085,0
SV,backends,gamma,L64X128MixRandom,56442,200000,0,2.1156635161154522,0.007793542945816245,0.0063430430175479575,456.7983350867636,0.00432139035477537,true,true,0.0253095,0
SV,backends,gamma,L64X128MixRandom,56442,200000,1,1.8372315636760883,-0.0074977832483635876,0.006521197791768794,456.7983350867636,0.00432139035477537,true,true,0.0253095,0
SV,backends,gamma,Xoshiro256PlusPlus,56442,200000,0,2.109530311132541,0.0016603379629049897,0.006279193578604339,480.7790071154681,0.004100688227203146,true,true,0.027693,0
SV,backends,gamma,Xoshiro256PlusPlus,56442,200000,1,1.8379437479717107,-0.006785598952741223,0.006116498756948201,480.7790071154681,0.004100688227203146,true,true,0.027693,0
SV,backends,gamma,PCG_RXS_M_XS_64,56442,200000,0,2.1028539330700458,-0.005016040099590224,0.006438788680827495,437.8410401442029,0.0044610546553033,true,true,0.0278465,0
SV,backends,gamma,PCG_RXS_M_XS_64,56442,200000,1,1.8482666754717352,0.0035373285472832805,0.00633554659772101,437.8410401442029,0.0044610546553033,true,true,0.0278465,0
SV,backends,gamma,MT19937,56442,200000,0,2.1040537389882648,-0.0038162341813712253,0.006274051920484235,442.1374523741434,0.004365980672257369,true,true,0.0284794,0
SV,backends,gamma,MT19937,56442,200000,1,1.8489108590903947,0.004181512165942758,0.006335914492566115,442.1374523741434,0.004365980672257369,true,true,0.0284794,0
SV,backends,gamma,Random,56442,200000,0,2.1107146245353117,0.0028446513656756878,0.006469826048232953,452.23235728055624,0.004322409654618533,true,true,0.027356,0
SV,backends,gamma,Random,56442,200000,1,1.837258313137387,-0.007471033787064929,0.006462943103522045,452.23235728055624,0.004322409654618533,true,true,0.027356,0
SV,backends,dirichlet,L64X128MixRandom,56442,2000,0,0.7227205144621227,-0.11829563626077833,0.051115251912600704,2.0044202421324955,0.5467787127465963,false,false,8.043E-4,0
SV,backends,dirichlet,L64X128MixRandom,56442,2000,1,2.3602775374384586,0.44932678220182365,0.04211508589704155,2.0044202421324955,0.5467787127465963,false,false,8.043E-4,0
SV,backends,dirichlet,L64X128MixRandom,56442,2000,2,2.840897811040781,0.20055853231692833,0.3364148594475047,2.0044202421324955,0.5467787127465963,true,false,8.043E-4,0
SV,backends,dirichlet,Xoshiro256PlusPlus,56442,2000,0,0.836895053440253,-0.00412109728264809,1.6191714509358434E-4,1.0474057308117974,0.9768353658594154,false,true,7.787E-4,0
SV,backends,dirichlet,Xoshiro256PlusPlus,56442,2000,1,2.062634535327658,0.1516837800910229,0.003660690896621165,1.0474057308117974,0.9768353658594154,false,false,7.787E-4,0
SV,backends,dirichlet,Xoshiro256PlusPlus,56442,2000,2,3.0744360228208167,0.43409674409696386,0.007192267991160788,1.0474057308117974,0.9768353658594154,false,false,7.787E-4,0
SV,backends,dirichlet,PCG_RXS_M_XS_64,56442,2000,0,1.0062267820583546,0.16521063133545355,0.011172823458054027,1.538857446762412,0.7737087771907426,false,false,7.377E-4,0
SV,backends,dirichlet,PCG_RXS_M_XS_64,56442,2000,1,2.0136898881895,0.10273913295286508,0.08921882349162424,1.538857446762412,0.7737087771907426,true,false,7.377E-4,0
SV,backends,dirichlet,PCG_RXS_M_XS_64,56442,2000,2,2.9370357065790467,0.2966964278551938,0.1176453276928875,1.538857446762412,0.7737087771907426,false,false,7.377E-4,0
SV,backends,dirichlet,MT19937,56442,2000,0,0.8863134245697124,0.04529727384681137,0.0023426303328067345,1.039615689607227,0.9806164612317699,false,false,8.009E-4,0
SV,backends,dirichlet,MT19937,56442,2000,1,1.5547909504523623,-0.35615980478427267,0.02173717468425171,1.039615689607227,0.9806164612317699,false,false,8.009E-4,0
SV,backends,dirichlet,MT19937,56442,2000,2,2.1325467726827045,-0.5077925060411483,0.0298085361409421,1.039615689607227,0.9806164612317699,false,false,8.009E-4,0
SV,backends,dirichlet,Random,56442,2000,0,0.5651351375038378,-0.2758810132190632,5.475808157017842E-4,1.0028795337532206,0.9985623939257128,false,false,6.935E-4,0
SV,backends,dirichlet,Random,56442,2000,1,1.2360767907335337,-0.6748739645031012,0.0033259486160425156,1.0028795337532206,0.9985623939257128,false,false,6.935E-4,0
SV,backends,dirichlet,Random,56442,2000,2,1.8556179642256523,-0.7847213144982006,0.003215167569069811,1.0028795337532206,0.9985623939257128,false,false,6.935E-4,0
SV,backends,dirichlet,L64X128MixRandom,56442,20000,0,0.8763297188462937,0.0353135681233927,0.05499915511353459,4.758964159604906,0.3254607344378713,true,false,0.0067824,0
SV,backends,dirichlet,L64X128MixRandom,56442,20000,1,1.9665688050852363,0.055618049848601414,0.12173759552401889,4.758964159604906,0.3254607344378713,true,false,0.0067824,0
SV,backends,dirichlet,L64X128MixRandom,56442,20000,2,2.869528410759919,0.22918913203606595,0.14112323044386108,4.758964159604906,0.3254607344378713,true,false,0.0067824,0
SV,backends,dirichlet,Xoshiro256PlusPlus,56442,20000,0,0.8921726905928439,0.05115653986994284,0.012685433473249151,1.5173731235054648,0.798251639103163,false,false,0.0070446,0
SV,backends,dirichlet,Xoshiro256PlusPlus,56442,20000,1,2.1225227615038844,0.21157200626724948,0.01730589246975957,1.5173731235054648,0.798251639103163,false,false,0.0070446,0
SV,backends,dirichlet,Xoshiro256PlusPlus,56442,20000,2,2.9099132844442908,0.2695740057204379,0.03261266012473015,1.5173731235054648,0.798251639103163,false,false,0.0070446,0
SV,backends,dirichlet,PCG_RXS_M_XS_64,56442,20000,0,0.8513382569411432,0.010322106218242144,0.019673391886132263,1.5619357219013976,0.7947861354168021,true,false,0.0068826,0
SV,backends,dirichlet,PCG_RXS_M_XS_64,56442,20000,1,2.040010966125151,0.12906021088851616,0.024361210298756784,1.5619357219013976,0.7947861354168021,false,false,0.0068826,0
SV,backends,dirichlet,PCG_RXS_M_XS_64,56442,20000,2,2.864092372176915,0.22375309345306205,0.05941363281692849,1.5619357219013976,0.7947861354168021,false,false,0.0068826,0
SV,backends,dirichlet,MT19937,56442,20000,0,0.9350900918978773,0.09407394117497625,0.02819452833468524,2.932600310562038,0.44809449880301383,false,false,0.0078372,0
SV,backends,dirichlet,MT19937,56442,20000,1,2.0295830687327574,0.11863231349612247,0.18469586858760192,2.932600310562038,0.44809449880301383,true,false,0.0078372,0
SV,backends,dirichlet,MT19937,56442,20000,2,2.8355872878439237,0.1952480091200708,0.13120398522580967,2.932600310562038,0.44809449880301383,true,false,0.0078372,0
SV,backends,dirichlet,Random,56442,20000,0,0.9349432946617819,0.09392714393888091,0.009066624986052317,2.245952769516372,0.6327114519777522,false,false,0.0067948,0
SV,backends,dirichlet,Random,56442,20000,1,1.8580399245937709,-0.05291083064286406,0.12183208667550248,2.245952769516372,0.6327114519777522,true,false,0.0067948,0
SV,backends,dirichlet,Random,56442,20000,2,2.7344908106950476,0.09415153197119475,0.10655013787797199,2.245952769516372,0.6327114519777522,true,false,0.0067948,0
SV,backends,dirichlet,L64X128MixRandom,56442,200000,0,0.8303417082993594,-0.010674442423541652,0.010185801906675822,11.524350325220032,0.153495801315414,true,false,0.065598,0
SV,backends,dirichlet,L64X128MixRandom,56442,200000,1,1.962599371682984,0.051648616446348994,0.040690086571045475,11.524350325220032,0.153495801315414,true,false,0.065598,0
SV,backends,dirichlet,L64X128MixRandom,56442,200000,2,2.6711282910362715,0.030789012312418595,0.059680882495892325,11.524350325220032,0.153495801315414,true,false,0.065598,0
SV,backends,dirichlet,Xoshiro256PlusPlus,56442,200000,0,0.8374857093959404,-0.003530441326960676,0.007705623105975417,11.55155241369344,0.16655741750308672,true,true,0.0685431,0
SV,backends,dirichlet,Xoshiro256PlusPlus,56442,200000,1,1.88109226689289,-0.029858488343744938,0.021359993097982928,11.55155241369344,0.16655741750308672,true,false,0.0685431,0
SV,backends,dirichlet,Xoshiro256PlusPlus,56442,200000,2,2.6060965284798945,-0.0342427502439584,0.03340234405946597,11.55155241369344,0.16655741750308672,true,false,0.0685431,0
SV,backends,dirichlet,PCG_RXS_M_XS_64,56442,200000,0,0.8727274820573667,0.03171133133446569,0.013988273077864667,6.873152147374835,0.27660994446104337,false,false,0.0693329,0
SV,backends,dirichlet,PCG_RXS_M_XS_64,56442,200000,1,1.9543073629888794,0.04335660775224448,0.0416508683148474,6.873152147374835,0.27660994446104337,true,false,0.0693329,0
SV,backends,dirichlet,PCG_RXS_M_XS_64,56442,200000,2,2.7244823888391325,0.08414311011527964,0.06481833038045598,6.873152147374835,0.27660994446104337,true,false,0.0693329,0
SV,backends,dirichlet,MT19937,56442,200000,0,0.8330453597768137,-0.007970790946087325,0.01984446258650175,9.65999841990414,0.22129422649261477,true,false,0.0696804,0
SV,backends,dirichlet,MT19937,56442,200000,1,1.9176791273402654,0.00672837210363042,0.03792282480342193,9.65999841990414,0.22129422649261477,true,true,0.0696804,0
SV,backends,dirichlet,MT19937,56442,200000,2,2.6523390140759604,0.011999735352107521,0.06191482795356737,9.65999841990414,0.22129422649261477,true,true,0.0696804,0
SV,backends,dirichlet,Random,56442,200000,0,0.8371135110377164,-0.0039026396851846723,0.013876600298045244,14.52381197749556,0.1347632622627269,true,true,0.0678586,0
SV,backends,dirichlet,Random,56442,200000,1,1.9406967525084344,0.029745997271799496,0.029050643929681326,14.52381197749556,0.1347632622627269,true,false,0.0678586,0
SV,backends,dirichlet,Random,56442,200000,2,2.617221288451675,-0.02311799027217809,0.040458386822663714,14.52381197749556,0.1347632622627269,true,false,0.0678586,0
SV,backends,gamma,L64X128MixRandom,64361,2000,0,2.2274828524466965,0.11961287927706055,0.06938107297250898,1.8666720017061522,0.7246284251229137,true,false,3.67E-4,0
SV,backends,gamma,L64X128MixRandom,64361,2000,1,1.7650445584720236,-0.07968478845242832,0.05789724223863152,1.8666720017061522,0.7246284251229137,true,false,3.67E-4,0
SV,backends,gamma,Xoshiro256PlusPlus,64361,2000,0,2.027113366039701,-0.08075660712993482,0.16652601274196277,3.6343524145950274,0.3728554791991543,true,false,3.223E-4,0
SV,backends,gamma,Xoshiro256PlusPlus,64361,2000,1,1.9116853789478048,0.06695603202335287,0.1358188010835044,3.6343524145950274,0.3728554791991543,true,false,3.223E-4,0
SV,backends,gamma,PCG_RXS_M_XS_64,64361,2000,0,1.9676109089843057,-0.1402590641853303,0.03896111119392989,5.04578112831977,0.322067102632444,false,false,3.058E-4,0
SV,backends,gamma,PCG_RXS_M_XS_64,64361,2000,1,1.9541205976319216,0.10939125070746969,0.04897292198123512,5.04578112831977,0.322067102632444,false,false,3.058E-4,0
SV,backends,gamma,MT19937,64361,2000,0,2.1245857505915144,0.016715777421878464,0.026287086112747476,2.518936722217163,0.5725666633441546,true,true,3.779E-4,0
SV,backends,gamma,MT19937,64361,2000,1,1.8454768223504745,7.474754260226035E-4,0.03863100575021402,2.518936722217163,0.5725666633441546,true,true,3.779E-4,0
SV,backends,gamma,Random,64361,2000,0,1.9907567649045521,-0.11711320826508387,0.03751688238572474,3.692743032366258,0.4556366818985851,false,false,3.029E-4,0
SV,backends,gamma,Random,64361,2000,1,1.951604869185862,0.10687552226141017,0.055427207909943016,3.692743032366258,0.4556366818985851,true,false,3.029E-4,0
SV,backends,gamma,L64X128MixRandom,64361,20000,0,2.151748198057816,0.04387822488817994,0.02363584660684338,37.54401173719336,0.056321039804007614,true,false,0.0026121,0
SV,backends,gamma,L64X128MixRandom,64361,20000,1,1.8106648902897566,-0.03406445663469526,0.022289584324255107,37.54401173719336,0.056321039804007614,true,false,0.0026121,0
SV,backends,gamma,Xoshiro256PlusPlus,64361,20000,0,2.124299768612811,0.01642979544317491,0.025634090794386027,39.47480648856933,0.04975608221714537,true,true,0.0029032,0
SV,backends,gamma,Xoshiro256PlusPlus,64361,20000,1,1.8269823644008556,-0.0177469825235963,0.022756998526700635,39.47480648856933,0.04975608221714537,true,true,0.0029032,0
SV,backends,gamma,PCG_RXS_M_XS_64,64361,20000,0,2.11261826689625,0.004748293726613895,0.018943907020790768,57.02266488225506,0.03802067848116482,true,true,0.0028013,0
SV,backends,gamma,PCG_RXS_M_XS_64,64361,20000,1,1.8470264473048064,0.0022971003803544665,0.01875652771119748,57.02266488225506,0.03802067848116482,true,true,0.0028013,0
SV,backends,gamma,MT19937,64361,20000,0,2.1073978819557317,-4.720912139042355E-4,0.019558473552052626,42.82224748150238,0.04418106220434661,true,true,0.0029694,0
SV,backends,gamma,MT19937,64361,20000,1,1.8393012366197283,-0.005428110304723566,0.01995409896959607,42.82224748150238,0.04418106220434661,true,true,0.0029694,0
SV,backends,gamma,Random,64361,20000,0,2.108097070680607,2.2709751097105269E-4,0.020386122965320264,41.54822713821444,0.043064869209739814,true,true,0.0027226,0
SV,backends,gamma,Random,64361,20000,1,1.8454716466246222,7.422997001702569E-4,0.020434027799269654,41.54822713821444,0.043064869209739814,true,true,0.0027226,0
SV,backends,gamma,L64X128MixRandom,64361,200000,0,2.1130851362361134,0.005215163066477402,0.006846880122412073,454.2537019137471,0.004467386950194742,true,true,0.0250371,0
SV,backends,gamma,L64X128MixRandom,64361,200000,1,1.8419049969464059,-0.002824349978046037,0.006734982923492208,454.2537019137471,0.004467386950194742,true,true,0.0250371,0
SV,backends,gamma,Xoshiro256PlusPlus,64361,200000,0,2.0992413780531907,-0.008628595116445315,0.006637820864646349,427.48968133798155,0.004691337939912093,true,true,0.0293552,0
SV,backends,gamma,Xoshiro256PlusPlus,64361,200000,1,1.850768072914726,0.0060387259902741075,0.006659078761571133,427.48968133798155,0.004691337939912093,true,true,0.0293552,0
SV,backends,gamma,PCG_RXS_M_XS_64,64361,200000,0,2.10383828244893,-0.0040316907207058605,0.006390421872313525,476.6286465280643,0.004221668694877207,true,true,0.0277451,0
SV,backends,gamma,PCG_RXS_M_XS_64,64361,200000,1,1.8456757968301858,9.464499057338926E-4,0.006354400212636977,476.6286465280643,0.004221668694877207,true,true,0.0277451,0
SV,backends,gamma,MT19937,64361,200000,0,2.110736592090085,0.002866618920449149,0.006648070583532518,430.5219399139191,0.004580056684199966,true,true,0.0285266,0
SV,backends,gamma,MT19937,64361,200000,1,1.842819477981222,-0.0019098689432299754,0.0066168507734504145,430.5219399139191,0.004580056684199966,true,true,0.0285266,0
SV,backends,gamma,Random,64361,200000,0,2.115041988226552,0.0071720150569158925,0.006523899311703402,435.7409291820153,0.004416440489782021,true,true,0.0271863,0
SV,backends,gamma,Random,64361,200000,1,1.836465941293754,-0.008263405630697829,0.006533357032233732,435.7409291820153,0.004416440489782021,true,true,0.0271863,0
SV,backends,dirichlet,L64X128MixRandom,64361,2000,0,0.9507291349943754,0.10971298427147436,8.429367531396082E-8,1.0000005150523577,0.9999997424738977,false,false,7.751E-4,0
SV,backends,dirichlet,L64X128MixRandom,64361,2000,1,1.9619451390898799,0.05099438385324495,1.0323824653152131E-7,1.0000005150523577,0.9999997424738977,false,false,7.751E-4,0
SV,backends,dirichlet,L64X128MixRandom,64361,2000,2,2.287805345930432,-0.35253393279342093,5.1619123265760654E-8,1.0000005150523577,0.9999997424738977,false,false,7.751E-4,0
SV,backends,dirichlet,Xoshiro256PlusPlus,64361,2000,0,0.782305013414052,-0.058711137308849026,5.46271820630385E-6,1.0001136675818127,0.9999431695077183,false,false,8.024E-4,0
SV,backends,dirichlet,Xoshiro256PlusPlus,64361,2000,1,2.14041000211366,0.22945924687702512,7.847803054558606E-5,1.0001136675818127,0.9999431695077183,false,false,8.024E-4,0
SV,backends,dirichlet,Xoshiro256PlusPlus,64361,2000,2,3.5357417372139968,0.8954024584901439,1.1866827380358366E-4,1.0001136675818127,0.9999431695077183,false,false,8.024E-4,0
SV,backends,dirichlet,PCG_RXS_M_XS_64,64361,2000,0,0.8979270133266852,0.056910862603784196,0.014764934001158837,1.078206077421572,0.9626058597233536,false,false,8.203E-4,0
SV,backends,dirichlet,PCG_RXS_M_XS_64,64361,2000,1,2.5810132509026587,0.6700624956660237,0.014485761920092257,1.078206077421572,0.9626058597233536,false,false,8.203E-4,0
SV,backends,dirichlet,PCG_RXS_M_XS_64,64361,2000,2,4.065239681475866,1.4249004027520131,0.01079296176831417,1.078206077421572,0.9626058597233536,false,false,8.203E-4,0
SV,backends,dirichlet,MT19937,64361,2000,0,0.8306577136040761,-0.010358437118824892,6.4952642577758E-8,1.0000004066850574,0.999999796657524,false,false,7.378E-4,0
SV,backends,dirichlet,MT19937,64361,2000,1,2.112688308837688,0.20173755360105328,1.3328001039100832E-7,1.0000004066850574,0.999999796657524,false,false,7.378E-4,0
SV,backends,dirichlet,MT19937,64361,2000,2,3.219487868027412,0.5791485893035593,1.5196259250478542E-7,1.0000004066850574,0.999999796657524,false,false,7.378E-4,0
SV,backends,dirichlet,Random,64361,2000,0,1.1923757768165226,0.3513596260936216,1.3816271285372413E-4,1.001271675049591,0.9993646643015446,false,false,6.888E-4,0
SV,backends,dirichlet,Random,64361,2000,1,2.345022378900232,0.43407162366359686,3.773747401193625E-4,1.001271675049591,0.9993646643015446,false,false,6.888E-4,0
SV,backends,dirichlet,Random,64361,2000,2,3.209466025521763,0.56912674679791,3.599598897164855E-4,1.001271675049591,0.9993646643015446,false,false,6.888E-4,0
SV,backends,dirichlet,L64X128MixRandom,64361,20000,0,0.7837964776735725,-0.05721967304932851,0.023859584578145746,2.4370029574953436,0.49186351352085117,false,false,0.0065081,0
SV,backends,dirichlet,L64X128MixRandom,64361,20000,1,1.9222925062987164,0.011341751062081462,0.07754449654836558,2.4370029574953436,0.49186351352085117,true,true,0.0065081,0
SV,backends,dirichlet,L64X128MixRandom,64361,20000,2,2.5205629537888257,-0.11977632493502721,0.050137219522628756,2.4370029574953436,0.49186351352085117,false,false,0.0065081,0
SV,backends,dirichlet,Xoshiro256PlusPlus,64361,20000,0,0.8648664061392944,0.023850255416393407,0.0637212005548037,1.687179096592985,0.7235501237310477,true,false,0.0069017,0
SV,backends,dirichlet,Xoshiro256PlusPlus,64361,20000,1,2.051179361204496,0.14022860596786102,0.11752150404842725,1.687179096592985,0.7235501237310477,true,false,0.0069017,0
SV,backends,dirichlet,Xoshiro256PlusPlus,64361,20000,2,2.7126697656420338,0.07233048691818089,0.09247937897910383,1.687179096592985,0.7235501237310477,true,false,0.0069017,0
SV,backends,dirichlet,PCG_RXS_M_XS_64,64361,20000,0,0.7523138168602848,-0.08870233386261628,0.0474110273134923,1.7170210788014302,0.7314523223715685,true,false,0.0068612,0
SV,backends,dirichlet,PCG_RXS_M_XS_64,64361,20000,1,1.6797110361117666,-0.2312397191248683,0.018421450239076844,1.7170210788014302,0.7314523223715685,false,false,0.0068612,0
SV,backends,dirichlet,PCG_RXS_M_XS_64,64361,20000,2,2.440297243109756,-0.20004203561409684,0.008495345561297838,1.7170210788014302,0.7314523223715685,false,false,0.0068612,0
SV,backends,dirichlet,MT19937,64361,20000,0,0.7772202914200986,-0.0637958593028024,0.050381015124182145,2.5484386930885354,0.5982672829961743,true,false,0.006988,0
SV,backends,dirichlet,MT19937,64361,20000,1,1.8406108189957517,-0.0703399362408832,0.03669912897109156,2.5484386930885354,0.5982672829961743,true,false,0.006988,0
SV,backends,dirichlet,MT19937,64361,20000,2,2.376183556514565,-0.26415572220928807,0.08167311609141563,2.5484386930885354,0.5982672829961743,false,false,0.006988,0
SV,backends,dirichlet,Random,64361,20000,0,0.8941610620056654,0.05314491128276433,0.04085853214110234,2.6650663454994477,0.47323173537779517,true,false,0.0067608,0
SV,backends,dirichlet,Random,64361,20000,1,2.069780742494993,0.15882998725835829,0.04710937866879572,2.6650663454994477,0.47323173537779517,false,false,0.0067608,0
SV,backends,dirichlet,Random,64361,20000,2,2.9017470877844604,0.26140780906060757,0.030669064296400466,2.6650663454994477,0.47323173537779517,false,false,0.0067608,0
SV,backends,dirichlet,L64X128MixRandom,64361,200000,0,0.8152203032692171,-0.025795847453683907,0.015718616614215978,7.080047542703597,0.27790859484435315,true,false,0.0648373,0
SV,backends,dirichlet,L64X128MixRandom,64361,200000,1,1.9209556365814797,0.010004881344844785,0.02294156960981581,7.080047542703597,0.27790859484435315,true,true,0.0648373,0
SV,backends,dirichlet,L64X128MixRandom,64361,200000,2,2.63324321875465,-0.007096059969202706,0.05334491697860625,7.080047542703597,0.27790859484435315,true,true,0.0648373,0
SV,backends,dirichlet,Xoshiro256PlusPlus,64361,200000,0,0.864129429340508,0.023113278617606925,0.01928779876359362,9.867525046008634,0.20739615695966732,true,false,0.0705238,0
SV,backends,dirichlet,Xoshiro256PlusPlus,64361,200000,1,1.962261132123764,0.05131037688712903,0.0600258266007148,9.867525046008634,0.20739615695966732,true,false,0.0705238,0
SV,backends,dirichlet,Xoshiro256PlusPlus,64361,200000,2,2.6837621729393577,0.043422894215504826,0.09226002309542074,9.867525046008634,0.20739615695966732,true,false,0.0705238,0
SV,backends,dirichlet,PCG_RXS_M_XS_64,64361,200000,0,0.8355860554872118,-0.0054300952356892696,0.016468825704472684,13.192853166193002,0.18013419990718968,true,true,0.0683897,0
SV,backends,dirichlet,PCG_RXS_M_XS_64,64361,200000,1,1.8559848972930963,-0.05496585794353859,0.04215779179946543,13.192853166193002,0.18013419990718968,true,false,0.0683897,0
SV,backends,dirichlet,PCG_RXS_M_XS_64,64361,200000,2,2.593392144728143,-0.04694713399570993,0.061205142337292226,13.192853166193002,0.18013419990718968,true,false,0.0683897,0
SV,backends,dirichlet,MT19937,64361,200000,0,0.8216127322435358,-0.01940341847936522,0.017212257794564065,8.051729302901341,0.24117910124844616,true,false,0.069714,0
SV,backends,dirichlet,MT19937,64361,200000,1,1.8934418297700757,-0.017508925466559244,0.03418912764336057,8.051729302901341,0.24117910124844616,true,false,0.069714,0
SV,backends,dirichlet,MT19937,64361,200000,2,2.6346573830754516,-0.0056818956484012695,0.04603587073089486,8.051729302901341,0.24117910124844616,true,true,0.069714,0
SV,backends,dirichlet,Random,64361,200000,0,0.8291388013477823,-0.011877349375118751,0.012332924586373743,8.651264661145577,0.2856046148847948,true,false,0.0691409,0
SV,backends,dirichlet,Random,64361,200000,1,1.855325268637296,-0.05562548659933886,0.03146571285425318,8.651264661145577,0.2856046148847948,true,false,0.0691409,0
SV,backends,dirichlet,Random,64361,200000,2,2.622946174608776,-0.017393104115076774,0.034826275213944206,8.651264661145577,0.2856046148847948,true,true,0.0691409,0
SV,backends,gamma,L64X128MixRandom,72280,2000,0,2.062255962539764,-0.04561401062987214,0.05570796943476017,4.458056245119199,0.3382395953056029,true,false,3.315E-4,0
SV,backends,gamma,L64X128MixRandom,72280,2000,1,1.881367277226242,0.03663793030179008,0.03924378563412513,4.458056245119199,0.3382395953056029,true,false,3.315E-4,0
SV,backends,gamma,Xoshiro256PlusPlus,72280,2000,0,2.086530243239839,-0.021339729929796825,0.058362448865100294,3.589526507773438,0.43414455310132316,true,false,4.717E-4,0
SV,backends,gamma,Xoshiro256PlusPlus,72280,2000,1,1.8564509540593883,0.011721607134936418,0.07096864191770648,3.589526507773438,0.43414455310132316,true,true,4.717E-4,0
SV,backends,gamma,PCG_RXS_M_XS_64,72280,2000,0,2.0903566613324442,-0.017513311837191736,0.04331182165436456,3.147795438059327,0.4884304663334406,true,true,3.009E-4,0
SV,backends,gamma,PCG_RXS_M_XS_64,72280,2000,1,1.8400855561489962,-0.004643790775455736,0.05489421260847045,3.147795438059327,0.4884304663334406,true,true,3.009E-4,0
SV,backends,gamma,MT19937,72280,2000,0,2.2004055610453865,0.09253558787575056,0.05008755237306693,4.248383547274714,0.4325985389466413,true,false,3.143E-4,0
SV,backends,gamma,MT19937,72280,2000,1,1.7152728110430613,-0.1294565358813906,0.048407009481492354,4.248383547274714,0.4325985389466413,false,false,3.143E-4,0
SV,backends,gamma,Random,72280,2000,0,2.1121565232657082,0.004286550096072261,0.06771949736736531,6.75990106303152,0.21803565240975584,true,true,2.75E-4,0
SV,backends,gamma,Random,72280,2000,1,1.8602055662047603,0.015476219280308401,0.0455949758578137,6.75990106303152,0.21803565240975584,true,true,2.75E-4,0
SV,backends,gamma,L64X128MixRandom,72280,20000,0,2.0759005730486058,-0.03196940012103022,0.022914025151927357,44.58542987773977,0.044291768184420696,true,false,0.002493,0
SV,backends,gamma,L64X128MixRandom,72280,20000,1,1.8760488445367003,0.03131949761224839,0.022925811457782556,44.58542987773977,0.044291768184420696,true,false,0.002493,0
SV,backends,gamma,Xoshiro256PlusPlus,72280,20000,0,2.10066082242925,-0.007209150740385972,0.020910949241417155,45.654173167907075,0.04058153527501653,true,true,0.0028242,0
SV,backends,gamma,Xoshiro256PlusPlus,72280,20000,1,1.84915812425158,0.004428777327128097,0.01990877003586232,45.654173167907075,0.04058153527501653,true,true,0.0028242,0
SV,backends,gamma,PCG_RXS_M_XS_64,72280,20000,0,2.117033587264737,0.009163614095101025,0.021288226589271472,37.011197847914715,0.0522225002832397,true,true,0.0028072,0
SV,backends,gamma,PCG_RXS_M_XS_64,72280,20000,1,1.849609680186034,0.004880333261582104,0.02212444164379417,37.011197847914715,0.0522225002832397,true,true,0.0028072,0
SV,backends,gamma,MT19937,72280,20000,0,2.1019820267559184,-0.005887946413717593,0.018552403364874764,42.26714998810841,0.048934574651338304,true,true,0.002883,0
SV,backends,gamma,MT19937,72280,20000,1,1.838093191756244,-0.0066361551682079245,0.020987297080712,42.26714998810841,0.048934574651338304,true,true,0.002883,0
SV,backends,gamma,Random,72280,20000,0,2.1220242803672225,0.01415430719758648,0.025664420027061513,39.97271145648095,0.05088983158290905,true,true,0.0027266,0
SV,backends,gamma,Random,72280,20000,1,1.831139134765195,-0.01359021215925682,0.02295679491533736,39.97271145648095,0.05088983158290905,true,true,0.0027266,0
SV,backends,gamma,L64X128MixRandom,72280,200000,0,2.1061044021070776,-0.0017655710625583687,0.006977632548844013,392.452230712447,0.00520042080076653,true,true,0.0248256,0
SV,backends,gamma,L64X128MixRandom,72280,200000,1,1.8511712246840977,0.0064418777596457755,0.006966302597523227,392.452230712447,0.00520042080076653,true,true,0.0248256,0
SV,backends,gamma,Xoshiro256PlusPlus,72280,200000,0,2.103327134036809,-0.004542839132827048,0.006744681202707263,410.7194416112962,0.004909114056942803,true,true,0.0278685,0
SV,backends,gamma,Xoshiro256PlusPlus,72280,200000,1,1.8442760731905574,-4.53273733894477E-4,0.006910235194969215,410.7194416112962,0.004909114056942803,true,true,0.0278685,0
SV,backends,gamma,PCG_RXS_M_XS_64,72280,200000,0,2.1105605496276563,0.0026905764580202884,0.006666033240092477,412.17194502958165,0.004697086100062186,true,true,0.0276898,0
SV,backends,gamma,PCG_RXS_M_XS_64,72280,200000,1,1.8395653486446724,-0.005163998279779536,0.006700073774821349,412.17194502958165,0.004697086100062186,true,true,0.0276898,0
SV,backends,gamma,MT19937,72280,200000,0,2.1042422703257424,-0.0036277028438935766,0.006129744741690271,462.94341535512376,0.004242024129631666,true,true,0.0284842,0
SV,backends,gamma,MT19937,72280,200000,1,1.8430006512893014,-0.0017286956351505456,0.00617630037400088,462.94341535512376,0.004242024129631666,true,true,0.0284842,0
SV,backends,gamma,Random,72280,200000,0,2.096960834491942,-0.010909138677694052,0.007125621294153172,413.28304590127533,0.005128482982468093,true,true,0.0270546,0
SV,backends,gamma,Random,72280,200000,1,1.8579671155365118,0.013237768612059941,0.007012064691988638,413.28304590127533,0.005128482982468093,true,true,0.0270546,0
SV,backends,dirichlet,L64X128MixRandom,72280,2000,0,0.8408159495737625,-2.002011491385458E-4,6.506966882019152E-6,1.0000566821809578,0.999971659895628,false,true,7.512E-4,0
SV,backends,dirichlet,L64X128MixRandom,72280,2000,1,1.9737275971701311,0.0627768419334962,9.500012795897331E-6,1.0000566821809578,0.999971659895628,false,false,7.512E-4,0
SV,backends,dirichlet,L64X128MixRandom,72280,2000,2,2.675608274669222,0.03526899594536914,2.071149105706645E-6,1.0000566821809578,0.999971659895628,false,false,7.512E-4,0
SV,backends,dirichlet,Xoshiro256PlusPlus,72280,2000,0,0.8674885794928696,0.02647242876996858,1.0031853008561998E-5,1.000063771843782,0.9999681152113641,false,false,7.295E-4,0
SV,backends,dirichlet,Xoshiro256PlusPlus,72280,2000,1,1.4810639843547533,-0.42988677088188165,5.8991434143020434E-5,1.000063771843782,0.9999681152113641,false,false,7.295E-4,0
SV,backends,dirichlet,Xoshiro256PlusPlus,72280,2000,2,2.9902433944242945,0.34990411570044166,5.615166916388961E-6,1.000063771843782,0.9999681152113641,false,false,7.295E-4,0
SV,backends,dirichlet,PCG_RXS_M_XS_64,72280,2000,0,0.8860368647728476,0.045020714049946564,4.4232527846128466E-4,1.003484263275731,0.9982609102016284,false,false,7.141E-4,0
SV,backends,dirichlet,PCG_RXS_M_XS_64,72280,2000,1,2.0209971052132394,0.11004634997660445,4.59476887543227E-4,1.003484263275731,0.9982609102016284,false,false,7.141E-4,0
SV,backends,dirichlet,PCG_RXS_M_XS_64,72280,2000,2,3.0433319416560876,0.4029926629322347,2.301299496566231E-4,1.003484263275731,0.9982609102016284,false,false,7.141E-4,0
SV,backends,dirichlet,MT19937,72280,2000,0,0.6665699506993313,-0.1744462000235697,0.0013244530963992473,1.0257314263992432,0.9872956651079215,false,false,7.275E-4,0
SV,backends,dirichlet,MT19937,72280,2000,1,1.7643986724043643,-0.1465520828322706,0.005881403746922208,1.0257314263992432,0.9872956651079215,false,false,7.275E-4,0
SV,backends,dirichlet,MT19937,72280,2000,2,3.048529680497088,0.40819040177323496,0.026443494930203575,1.0257314263992432,0.9872956651079215,false,false,7.275E-4,0
SV,backends,dirichlet,Random,72280,2000,0,0.9814634858877498,0.14044733516484875,0.04593477845594005,1.2371410826289857,0.8952735364964098,false,false,6.816E-4,0
SV,backends,dirichlet,Random,72280,2000,1,2.5731664227115796,0.6622156674749446,0.10957976729032706,1.2371410826289857,0.8952735364964098,false,false,6.816E-4,0
SV,backends,dirichlet,Random,72280,2000,2,3.1005649461476783,0.4602256674238254,0.12522859011609624,1.2371410826289857,0.8952735364964098,false,false,6.816E-4,0
SV,backends,dirichlet,L64X128MixRandom,72280,20000,0,0.840686007804541,-3.301429183600879E-4,2.1871888826942624E-4,1.0096646812415668,0.995198986908659,true,true,0.0065902,0
SV,backends,dirichlet,L64X128MixRandom,72280,20000,1,1.9744334588541965,0.06348270361756159,0.001121774136077596,1.0096646812415668,0.995198986908659,false,false,0.0065902,0
SV,backends,dirichlet,L64X128MixRandom,72280,20000,2,2.676688541827348,0.036349263103494955,0.001634092285908815,1.0096646812415668,0.995198986908659,false,false,0.0065902,0
SV,backends,dirichlet,Xoshiro256PlusPlus,72280,20000,0,0.8333728516396892,-0.007643299083211819,0.007998193306378675,1.281479038322526,0.8797600532991616,true,false,0.0069029,0
SV,backends,dirichlet,Xoshiro256PlusPlus,72280,20000,1,1.846969464763612,-0.06398129047302303,0.03517826313566307,1.281479038322526,0.8797600532991616,true,false,0.0069029,0
SV,backends,dirichlet,Xoshiro256PlusPlus,72280,20000,2,2.657690483294618,0.017351204570765333,0.024145734666075138,1.281479038322526,0.8797600532991616,true,true,0.0069029,0
SV,backends,dirichlet,PCG_RXS_M_XS_64,72280,20000,0,0.8211870462594308,-0.019829104463470193,0.018863691425094396,2.1007978506244447,0.6378015845875011,true,false,0.0068657,0
SV,backends,dirichlet,PCG_RXS_M_XS_64,72280,20000,1,1.9925963534058218,0.08164559816918682,0.04081036232464431,2.1007978506244447,0.6378015845875011,false,false,0.0068657,0
SV,backends,dirichlet,PCG_RXS_M_XS_64,72280,20000,2,2.794280143085372,0.15394086436151921,0.03974887089837525,2.1007978506244447,0.6378015845875011,false,false,0.0068657,0
SV,backends,dirichlet,MT19937,72280,20000,0,0.8222451615901619,-0.018770989132739113,0.03415521068131587,2.0365626103638412,0.5897006399017226,true,false,0.0069892,0
SV,backends,dirichlet,MT19937,72280,20000,1,1.961462300815882,0.050511545579247086,0.07283913164570024,2.0365626103638412,0.5897006399017226,true,false,0.0069892,0
SV,backends,dirichlet,MT19937,72280,20000,2,2.6648305676688153,0.02449128894496244,0.0745379628731831,2.0365626103638412,0.5897006399017226,true,false,0.0069892,0
SV,backends,dirichlet,Random,72280,20000,0,0.9456358856924096,0.1046197349695086,0.02191361570500747,2.6379684610969374,0.5255166068703746,false,false,0.0075817,0
SV,backends,dirichlet,Random,72280,20000,1,2.135792650446471,0.22484189520983588,0.12100657094536917,2.6379684610969374,0.5255166068703746,true,false,0.0075817,0
SV,backends,dirichlet,Random,72280,20000,2,2.753968257532495,0.11362897880864198,0.13694089453642833,2.6379684610969374,0.5255166068703746,true,false,0.0075817,0
SV,backends,dirichlet,L64X128MixRandom,72280,200000,0,0.8418828262664033,8.666755435022822E-4,0.011672927203800495,7.344369882763506,0.23521455783945455,true,true,0.064842,0
SV,backends,dirichlet,L64X128MixRandom,72280,200000,1,1.9732997372430554,0.06234898200642047,0.013293492760142519,7.344369882763506,0.23521455783945455,false,false,0.064842,0
SV,backends,dirichlet,L64X128MixRandom,72280,200000,2,2.662390526781117,0.022051248057264328,0.032911336436032994,7.344369882763506,0.23521455783945455,true,false,0.064842,0
SV,backends,dirichlet,Xoshiro256PlusPlus,72280,200000,0,0.8437936657007836,0.002777514977882589,0.009530733691928816,8.369661302518583,0.23998200119745866,true,true,0.068522,0
SV,backends,dirichlet,Xoshiro256PlusPlus,72280,200000,1,1.905050247279618,-0.0059005079570169094,0.03360774660013027,8.369661302518583,0.23998200119745866,true,true,0.068522,0
SV,backends,dirichlet,Xoshiro256PlusPlus,72280,200000,2,2.7029333881261843,0.06259410940233145,0.034927470837785315,8.369661302518583,0.23998200119745866,true,false,0.068522,0
SV,backends,dirichlet,PCG_RXS_M_XS_64,72280,200000,0,0.8243790824981785,-0.01663706822472255,0.013739842368978133,9.602592351955785,0.18802582669898846,true,false,0.0699776,0
SV,backends,dirichlet,PCG_RXS_M_XS_64,72280,200000,1,1.9666863346466394,0.05573557941000451,0.04091329654196845,9.602592351955785,0.18802582669898846,true,false,0.0699776,0
SV,backends,dirichlet,PCG_RXS_M_XS_64,72280,200000,2,2.7605091886152087,0.12016990989135579,0.04325435719993226,9.602592351955785,0.18802582669898846,false,false,0.0699776,0
SV,backends,dirichlet,MT19937,72280,200000,0,0.8184618074143871,-0.022554343308513913,0.010640809538290863,12.37808194947738,0.141034949871256,false,false,0.070261,0
SV,backends,dirichlet,MT19937,72280,200000,1,1.9118313352208398,8.805799842048767E-4,0.02732486377211973,12.37808194947738,0.141034949871256,true,true,0.070261,0
SV,backends,dirichlet,MT19937,72280,200000,2,2.6096513219071387,-0.030687956816714212,0.03578597499106726,12.37808194947738,0.141034949871256,true,false,0.070261,0
SV,backends,dirichlet,Random,72280,200000,0,0.8228707479018053,-0.01814540282109578,0.010350651156912716,7.7433414469148545,0.20767634563670687,true,false,0.067515,0
SV,backends,dirichlet,Random,72280,200000,1,1.8841821065125404,-0.026768648724094568,0.017935035240260765,7.7433414469148545,0.20767634563670687,true,false,0.067515,0
SV,backends,dirichlet,Random,72280,200000,2,2.604982994471495,-0.03535628425235782,0.04312361294721233,7.7433414469148545,0.20767634563670687,true,false,0.067515,0
SV,backends,gamma,L64X128MixRandom,80199,2000,0,2.103383792939211,-0.004486180230424797,0.05157781166840408,7.904742951087334,0.19606930579336254,true,true,3.425E-4,0
SV,backends,gamma,L64X128MixRandom,80199,2000,1,1.8700946953976565,0.025365348473204596,0.05492987754193563,7.904742951087334,0.19606930579336254,true,false,3.425E-4,0
SV,backends,gamma,Xoshiro256PlusPlus,80199,2000,0,2.089081719015188,-0.01878825415444796,0.07999224030090822,3.2865210039579464,0.4718809841277752,true,true,3.235E-4,0
SV,backends,gamma,Xoshiro256PlusPlus,80199,2000,1,1.8597061119605203,0.014976765036068374,0.07015565066693262,3.2865210039579464,0.4718809841277752,true,true,3.235E-4,0
SV,backends,gamma,PCG_RXS_M_XS_64,80199,2000,0,2.3128807222819403,0.20501074911230432,0.06415748899661525,3.6703148953811904,0.41350287088698184,false,false,3.039E-4,0
SV,backends,gamma,PCG_RXS_M_XS_64,80199,2000,1,1.705724984747745,-0.13900436217670697,0.08309367375599322,3.6703148953811904,0.41350287088698184,true,false,3.039E-4,0
SV,backends,gamma,MT19937,80199,2000,0,2.1692334168597385,0.06136344369010249,0.06979562912868222,10.05346750172487,0.19006648933465675,true,false,3.154E-4,0
SV,backends,gamma,MT19937,80199,2000,1,1.8456160262873809,8.86679362928966E-4,0.07263618515363578,10.05346750172487,0.19006648933465675,true,true,3.154E-4,0
SV,backends,gamma,Random,80199,2000,0,2.153174315781481,0.045304342611844906,0.16050921672969742,2.282502919670608,0.5886641718957439,true,false,2.742E-4,0
SV,backends,gamma,Random,80199,2000,1,1.8772594712171633,0.032530124292711404,0.1625649175699458,2.282502919670608,0.5886641718957439,true,false,2.742E-4,0
SV,backends,gamma,L64X128MixRandom,80199,20000,0,2.10914122600521,0.0012712528355738328,0.019802859751525133,52.236074285131494,0.0369792092711725,true,true,0.0025185,0
SV,backends,gamma,L64X128MixRandom,80199,20000,1,1.8683012013008824,0.0235718543764305,0.020204450272366156,52.236074285131494,0.0369792092711725,true,false,0.0025185,0
SV,backends,gamma,Xoshiro256PlusPlus,80199,20000,0,2.1510097356154474,0.043139762445811414,0.024358229148225025,46.73989178148698,0.04539358582197819,true,false,0.002794,0
SV,backends,gamma,Xoshiro256PlusPlus,80199,20000,1,1.793978834726109,-0.05075051219834292,0.023121163264388192,46.73989178148698,0.04539358582197819,false,false,0.002794,0
SV,backends,gamma,PCG_RXS_M_XS_64,80199,20000,0,2.1048574303557275,-0.003012542813908503,0.01891477743763688,42.82541058592463,0.0397433676680283,true,true,0.0028047,0
SV,backends,gamma,PCG_RXS_M_XS_64,80199,20000,1,1.8520404454449064,0.007311098520454529,0.017617738238469897,42.82541058592463,0.0397433676680283,true,true,0.0028047,0
SV,backends,gamma,MT19937,80199,20000,0,2.1298748223401973,0.022004849170561336,0.023315027398154275,40.21300212196619,0.05406084470216408,true,false,0.0029748,0
SV,backends,gamma,MT19937,80199,20000,1,1.8344120005990643,-0.01031734632538761,0.024359727996349643,40.21300212196619,0.05406084470216408,true,true,0.0029748,0
SV,backends,gamma,Random,80199,20000,0,2.092340624985245,-0.015529348184391,0.020598273269208028,49.76970917144833,0.03965820483855434,true,true,0.002763,0
SV,backends,gamma,Random,80199,20000,1,1.8783613809471753,0.03363203402272341,0.020689590213689647,49.76970917144833,0.03965820483855434,true,false,0.002763,0
SV,backends,gamma,L64X128MixRandom,80199,200000,0,2.0992248458856038,-0.008645127284032217,0.006674362949714789,482.86086090564,0.004296578170730186,true,true,0.0248018,0
SV,backends,gamma,L64X128MixRandom,80199,200000,1,1.8525005296111694,0.007771182686717504,0.006538900177682788,482.86086090564,0.004296578170730186,true,true,0.0248018,0
SV,backends,gamma,Xoshiro256PlusPlus,80199,200000,0,2.1164567684766933,0.008586795307057304,0.006628070899119002,431.24284102254876,0.004484771034190588,true,true,0.0278703,0
SV,backends,gamma,Xoshiro256PlusPlus,80199,200000,1,1.842071961100495,-0.002657385823956915,0.006467097520309482,431.24284102254876,0.004484771034190588,true,true,0.0278703,0
SV,backends,gamma,PCG_RXS_M_XS_64,80199,200000,0,2.1003497075414876,-0.007520265628148337,0.006255442894324695,463.3741167016656,0.004345431223143219,true,true,0.0286639,0
SV,backends,gamma,PCG_RXS_M_XS_64,80199,200000,1,1.8540249556049746,0.009295608680522705,0.006334147086456955,463.3741167016656,0.004345431223143219,true,true,0.0286639,0
SV,backends,gamma,MT19937,80199,200000,0,2.107869316844161,-6.563254748570557E-7,0.006473095004668235,430.33158013076445,0.004431110661981295,true,true,0.0284489,0
SV,backends,gamma,MT19937,80199,200000,1,1.8457242697401197,9.949228156678203E-4,0.006431564155570466,430.33158013076445,0.004431110661981295,true,true,0.0284489,0
SV,backends,gamma,Random,80199,200000,0,2.108564685689789,6.947125201528515E-4,0.006558904237100967,446.55045295048643,0.004445903705168182,true,true,0.027011,0
SV,backends,gamma,Random,80199,200000,1,1.8465456293839457,0.0018162824594938343,0.00650859905862272,446.55045295048643,0.004445903705168182,true,true,0.027011,0
SV,backends,dirichlet,L64X128MixRandom,80199,2000,0,0.8971104023044993,0.05609425158159831,0.04087042099621163,1.2066079784643255,0.905446436169145,true,false,7.31E-4,0
SV,backends,dirichlet,L64X128MixRandom,80199,2000,1,2.6068040508851062,0.6958532956484713,0.08957834725661108,1.2066079784643255,0.905446436169145,false,false,7.31E-4,0
SV,backends,dirichlet,L64X128MixRandom,80199,2000,2,2.763754236801647,0.1234149580777939,0.09886437119413752,1.2066079784643255,0.905446436169145,true,false,7.31E-4,0
SV,backends,dirichlet,Xoshiro256PlusPlus,80199,2000,0,0.5776373822709943,-0.2633787684519068,1.306950963886167E-6,1.0000075009399907,0.9999962495445845,false,false,7.418E-4,0
SV,backends,dirichlet,Xoshiro256PlusPlus,80199,2000,1,1.5039401999400548,-0.40701055529658015,7.0888240058150045E-6,1.0000075009399907,0.9999962495445845,false,false,7.418E-4,0
SV,backends,dirichlet,Xoshiro256PlusPlus,80199,2000,2,1.940304337162565,-0.7000349415612879,6.551946699906284E-6,1.0000075009399907,0.9999962495445845,false,false,7.418E-4,0
SV,backends,dirichlet,PCG_RXS_M_XS_64,80199,2000,0,0.7070536118605812,-0.1339625388623198,0.01948721216274884,1.6700072761152245,0.7222646855805969,false,false,7.483E-4,0
SV,backends,dirichlet,PCG_RXS_M_XS_64,80199,2000,1,1.651788579469994,-0.2591621757666409,0.12143520467237826,1.6700072761152245,0.7222646855805969,false,false,7.483E-4,0
SV,backends,dirichlet,PCG_RXS_M_XS_64,80199,2000,2,2.430090111227799,-0.21024916749605405,0.2302247166849475,1.6700072761152245,0.7222646855805969,true,false,7.483E-4,0
SV,backends,dirichlet,MT19937,80199,2000,0,0.9402304708224695,0.09921432009956843,2.4165797794916525E-5,1.0066894482809998,0.9966666293817369,false,false,7.454E-4,0
SV,backends,dirichlet,MT19937,80199,2000,1,2.1135475137442126,0.20259675850757763,0.0017003494254359166,1.0066894482809998,0.9966666293817369,false,false,7.454E-4,0
SV,backends,dirichlet,MT19937,80199,2000,2,2.7423879897521535,0.1020487110283006,0.0023823974944432525,1.0066894482809998,0.9966666293817369,false,false,7.454E-4,0
SV,backends,dirichlet,Random,80199,2000,0,1.0840563013436377,0.2430401506207367,0.07567735193827271,1.8972951400029483,0.6186338565568837,false,false,6.786E-4,0
SV,backends,dirichlet,Random,80199,2000,1,2.397046417062397,0.48609566182576214,0.1991324275416471,1.8972951400029483,0.6186338565568837,false,false,6.786E-4,0
SV,backends,dirichlet,Random,80199,2000,2,2.7463292362952503,0.1059899575713974,0.3685738510992169,1.8972951400029483,0.6186338565568837,true,false,6.786E-4,0
SV,backends,dirichlet,L64X128MixRandom,80199,20000,0,0.8502566871466802,0.0092405364237792,0.04574740378001104,2.76048258472055,0.5462074230783546,true,false,0.0065043,0
SV,backends,dirichlet,L64X128MixRandom,80199,20000,1,1.941423925930618,0.030473170693983143,0.0319929768533971,2.76048258472055,0.5462074230783546,true,false,0.0065043,0
SV,backends,dirichlet,L64X128MixRandom,80199,20000,2,2.613810226765755,-0.02652905195809785,0.044342358683000294,2.76048258472055,0.5462074230783546,true,false,0.0065043,0
SV,backends,dirichlet,Xoshiro256PlusPlus,80199,20000,0,0.921016682594613,0.08000053187171197,0.012720563265541988,2.557823983747626,0.5602219207596676,false,false,0.0068766,0
SV,backends,dirichlet,Xoshiro256PlusPlus,80199,20000,1,2.160185167965593,0.24923441272895785,0.18863202053057035,2.557823983747626,0.5602219207596676,true,false,0.0068766,0
SV,backends,dirichlet,Xoshiro256PlusPlus,80199,20000,2,2.8116030913209147,0.1712638125970618,0.20155577279801293,2.557823983747626,0.5602219207596676,true,false,0.0068766,0
SV,backends,dirichlet,PCG_RXS_M_XS_64,80199,20000,0,0.8451232177699419,0.004107067047040891,0.0224671207549024,1.4319226511670817,0.8250842287530066,true,true,0.0068642,0
SV,backends,dirichlet,PCG_RXS_M_XS_64,80199,20000,1,1.9548502252311988,0.043899469994563844,0.01292884530496497,1.4319226511670817,0.8250842287530066,false,false,0.0068642,0
SV,backends,dirichlet,PCG_RXS_M_XS_64,80199,20000,2,2.509936205575307,-0.1304030731485457,0.04830906362072631,1.4319226511670817,0.8250842287530066,false,false,0.0068642,0
SV,backends,dirichlet,MT19937,80199,20000,0,0.9057846864100106,0.06476853568710961,0.035881595648458484,1.3880395792468512,0.8439758351574153,true,false,0.0069981,0
SV,backends,dirichlet,MT19937,80199,20000,1,2.077842210709011,0.16689145547237616,0.04053595532018726,1.3880395792468512,0.8439758351574153,false,false,0.0069981,0
SV,backends,dirichlet,MT19937,80199,20000,2,2.7094902393055027,0.06915096058164982,0.03888892167084102,1.3880395792468512,0.8439758351574153,true,false,0.0069981,0
SV,backends,dirichlet,Random,80199,20000,0,0.8771208858135905,0.036104735090689455,0.050737447767264854,2.507661350603108,0.5580270947616733,true,false,0.0069816,0
SV,backends,dirichlet,Random,80199,20000,1,2.0138228210330062,0.10287206579637131,0.08881406703090074,2.507661350603108,0.5580270947616733,true,false,0.0069816,0
SV,backends,dirichlet,Random,80199,20000,2,2.8654184461279275,0.22507916740407463,0.1629985246612787,2.507661350603108,0.5580270947616733,true,false,0.0069816,0
SV,backends,dirichlet,L64X128MixRandom,80199,200000,0,0.8326853808765735,-0.008330769846327524,0.014980893503176149,11.654190452769543,0.1934609483446861,true,false,0.0648777,0
SV,backends,dirichlet,L64X128MixRandom,80199,200000,1,1.9150696435596237,0.00411888832298879,0.03323887876516178,11.654190452769543,0.1934609483446861,true,true,0.0648777,0
SV,backends,dirichlet,L64X128MixRandom,80199,200000,2,2.5941137482327385,-0.04622553049111433,0.031033093647767768,11.654190452769543,0.1934609483446861,true,false,0.0648777,0
SV,backends,dirichlet,Xoshiro256PlusPlus,80199,200000,0,0.8481765394864879,0.007160388763586822,0.009999281760992315,5.9571089450726005,0.36557117257029104,true,false,0.0698049,0
SV,backends,dirichlet,Xoshiro256PlusPlus,80199,200000,1,1.9219908844384634,0.011040129201828508,0.021258828586278866,5.9571089450726005,0.36557117257029104,true,true,0.0698049,0
SV,backends,dirichlet,Xoshiro256PlusPlus,80199,200000,2,2.6564310270826734,0.016091748358820546,0.03639930456218793,5.9571089450726005,0.36557117257029104,true,true,0.0698049,0
SV,backends,dirichlet,PCG_RXS_M_XS_64,80199,200000,0,0.8413986426329658,3.824919100647861E-4,0.010715180963541219,12.669209108388213,0.18369226400917274,true,true,0.0681773,0
SV,backends,dirichlet,PCG_RXS_M_XS_64,80199,200000,1,1.8828655386715596,-0.028085216565075344,0.03578817699690077,12.669209108388213,0.18369226400917274,true,false,0.0681773,0
SV,backends,dirichlet,PCG_RXS_M_XS_64,80199,200000,2,2.5722724657273486,-0.0680668129965043,0.03460716335709438,12.669209108388213,0.18369226400917274,false,false,0.0681773,0
SV,backends,dirichlet,MT19937,80199,200000,0,0.818756725944753,-0.022259424778148018,0.012930753725644596,12.926193243437183,0.14563980740647675,true,false,0.0694521,0
SV,backends,dirichlet,MT19937,80199,200000,1,1.8815458359086947,-0.029404919327940204,0.042426570282453155,12.926193243437183,0.14563980740647675,true,false,0.0694521,0
SV,backends,dirichlet,MT19937,80199,200000,2,2.6269891932679834,-0.013350085455869465,0.04838194968672609,12.926193243437183,0.14563980740647675,true,true,0.0694521,0
SV,backends,dirichlet,Random,80199,200000,0,0.8593726407880049,0.01835649006510387,0.01075504985578543,9.343784202192973,0.20257307050286433,true,false,0.0682273,0
SV,backends,dirichlet,Random,80199,200000,1,1.9692194769910523,0.05826872175441733,0.035016435065978006,9.343784202192973,0.20257307050286433,true,false,0.0682273,0
SV,backends,dirichlet,Random,80199,200000,2,2.734143649153583,0.09380437042973,0.049776926756252324,9.343784202192973,0.20257307050286433,true,false,0.0682273,0
SV,backends,gamma,L64X128MixRandom,88118,2000,0,2.0025320251458605,-0.1053379480237755,0.03231750302148168,6.0870965978092055,0.2509423375789642,false,false,3.381E-4,0
SV,backends,gamma,L64X128MixRandom,88118,2000,1,1.9421331186045576,0.09740377168010572,0.032872217885565366,6.0870965978092055,0.2509423375789642,false,false,3.381E-4,0
SV,backends,gamma,Xoshiro256PlusPlus,88118,2000,0,2.0526905896676197,-0.05517938350201623,0.056475381211596405,2.063448024127336,0.6427197563952424,true,false,3.193E-4,0
SV,backends,gamma,Xoshiro256PlusPlus,88118,2000,1,1.9526249721969453,0.10789562527249341,0.06641241845758668,2.063448024127336,0.6427197563952424,true,false,3.193E-4,0
SV,backends,gamma,PCG_RXS_M_XS_64,88118,2000,0,2.1488684100039808,0.04099843683434479,0.03701898567526583,10.366410528246004,0.12981626870153826,true,false,3.027E-4,0
SV,backends,gamma,PCG_RXS_M_XS_64,88118,2000,1,1.8034672704395618,-0.04126207648489011,0.03748256618185999,10.366410528246004,0.12981626870153826,true,false,3.027E-4,0
SV,backends,gamma,MT19937,88118,2000,0,2.200957417385252,0.09308744421561599,0.05780117744809424,5.4566463478543445,0.35568669439189426,true,false,3.132E-4,0
SV,backends,gamma,MT19937,88118,2000,1,1.8066863735847205,-0.03804297333973139,0.06523700062168433,5.4566463478543445,0.35568669439189426,true,false,3.132E-4,0
SV,backends,gamma,Random,88118,2000,0,2.1227315767932753,0.014861603623639308,0.03882914484097197,7.035349404630951,0.22005475435249078,true,true,2.741E-4,0
SV,backends,gamma,Random,88118,2000,1,1.780404448714423,-0.06432489821002885,0.02763708112630816,7.035349404630951,0.22005475435249078,false,false,2.741E-4,0
SV,backends,gamma,L64X128MixRandom,88118,20000,0,2.0919245426555917,-0.01594543051404429,0.022233914229100434,39.407825474584065,0.05178603590386759,true,true,0.0024991,0
SV,backends,gamma,L64X128MixRandom,88118,20000,1,1.8573712061791832,0.01264185925473127,0.020566440332253196,39.407825474584065,0.05178603590386759,true,true,0.0024991,0
SV,backends,gamma,Xoshiro256PlusPlus,88118,20000,0,2.0960488649712397,-0.011821108198396324,0.02070225436673921,35.18007380118002,0.05277166622492295,true,true,0.0028001,0
SV,backends,gamma,Xoshiro256PlusPlus,88118,20000,1,1.8751822828358304,0.030452935911378542,0.022347609022732334,35.18007380118002,0.05277166622492295,true,false,0.0028001,0
SV,backends,gamma,PCG_RXS_M_XS_64,88118,20000,0,2.1033626983461167,-0.004507274823519314,0.01898367668934767,48.805436772789825,0.03913839747227549,true,true,0.0027799,0
SV,backends,gamma,PCG_RXS_M_XS_64,88118,20000,1,1.8414052998956547,-0.0033240470287971835,0.01804277259125319,48.805436772789825,0.03913839747227549,true,true,0.0027799,0
SV,backends,gamma,MT19937,88118,20000,0,2.1037801517503127,-0.004089821419323236,0.019420429720888675,52.67454991420172,0.036670080406882244,true,true,0.0029043,0
SV,backends,gamma,MT19937,88118,20000,1,1.8587571008516008,0.014027753927148945,0.018640447579763558,52.67454991420172,0.036670080406882244,true,true,0.0029043,0
SV,backends,gamma,Random,88118,20000,0,2.122936873166777,0.015066899997140837,0.020392845552930222,43.078389132237916,0.04189002931727692,true,true,0.0027207,0
SV,backends,gamma,Random,88118,20000,1,1.8251728876201148,-0.019556459304337137,0.018946826189714425,43.078389132237916,0.04189002931727692,true,true,0.0027207,0
SV,backends,gamma,L64X128MixRandom,88118,200000,0,2.103834398074089,-0.004035575095547195,0.0063394185313259506,457.27371291582307,0.004238804998863321,true,true,0.0248244,0
SV,backends,gamma,L64X128MixRandom,88118,200000,1,1.8490176472007642,0.004288300276312329,0.006202479525744196,457.27371291582307,0.004238804998863321,true,true,0.0248244,0
SV,backends,gamma,Xoshiro256PlusPlus,88118,200000,0,2.1102904241947043,0.002420451025068271,0.00698707747601958,418.65508063221836,0.004859188961776766,true,true,0.0278393,0
SV,backends,gamma,Xoshiro256PlusPlus,88118,200000,1,1.8501793254712307,0.005449978546778755,0.006734350840006894,418.65508063221836,0.004859188961776766,true,true,0.0278393,0
SV,backends,gamma,PCG_RXS_M_XS_64,88118,200000,0,2.10562720983778,-0.0022427633318558016,0.006479892615141078,417.45992403424833,0.00464091774867165,true,true,0.0277409,0
SV,backends,gamma,PCG_RXS_M_XS_64,88118,200000,1,1.840989027766647,-0.0037403191578049277,0.0065347775031882605,417.45992403424833,0.00464091774867165,true,true,0.0277409,0
SV,backends,gamma,MT19937,88118,200000,0,2.111299391032843,0.0034294178632068295,0.006712951733301485,472.00129295132314,0.00427340807886252,true,true,0.0284609,0
SV,backends,gamma,MT19937,88118,200000,1,1.8448817241287896,1.5237720433769475E-4,0.006521122986968086,472.00129295132314,0.00427340807886252,true,true,0.0284609,0
SV,backends,gamma,Random,88118,200000,0,2.1089915487538806,0.0011215755842446384,0.006407355773730977,446.30868466909027,0.004322569187717752,true,true,0.0269282,0
SV,backends,gamma,Random,88118,200000,1,1.8424070785350546,-0.0023222683893973084,0.006279293693419324,446.30868466909027,0.004322569187717752,true,true,0.0269282,0
SV,backends,dirichlet,L64X128MixRandom,88118,2000,0,0.6937657178034417,-0.14725043291945938,2.6773297146854342E-5,1.000103854050852,0.9999480756869401,false,false,7.281E-4,0
SV,backends,dirichlet,L64X128MixRandom,88118,2000,1,1.9495459378773237,0.03859518264068873,5.950059244267568E-5,1.000103854050852,0.9999480756869401,false,false,7.281E-4,0
SV,backends,dirichlet,L64X128MixRandom,88118,2000,2,2.675118198547768,0.03477891982391501,5.422200018681032E-5,1.000103854050852,0.9999480756869401,false,false,7.281E-4,0
SV,backends,dirichlet,Xoshiro256PlusPlus,88118,2000,0,0.7027713802855223,-0.1382447704373787,0.0017176350903960812,1.0053780019309508,0.9973196907341577,false,false,7.242E-4,0
SV,backends,dirichlet,Xoshiro256PlusPlus,88118,2000,1,2.386298343522373,0.47534758828573787,0.0013267357047664827,1.0053780019309508,0.9973196907341577,false,false,7.242E-4,0
SV,backends,dirichlet,Xoshiro256PlusPlus,88118,2000,2,2.6468614275946907,0.006522148870837796,0.0015954048026606768,1.0053780019309508,0.9973196907341577,false,true,7.242E-4,0
SV,backends,dirichlet,PCG_RXS_M_XS_64,88118,2000,0,0.9629195166904679,0.1219033659675669,2.2639434944686515E-6,1.0000246790239544,0.9999876606403363,false,false,7.396E-4,0
SV,backends,dirichlet,PCG_RXS_M_XS_64,88118,2000,1,1.4593114052747203,-0.4516393499619147,9.42507723937614E-6,1.0000246790239544,0.9999876606403363,false,false,7.396E-4,0
SV,backends,dirichlet,PCG_RXS_M_XS_64,88118,2000,2,2.612664413070474,-0.027674865653378955,2.157231320970692E-5,1.0000246790239544,0.9999876606403363,false,false,7.396E-4,0
SV,backends,dirichlet,MT19937,88118,2000,0,0.9902766320881252,0.14926048136522418,0.05107306623708122,1.985005664044487,0.6594876077301878,false,false,7.351E-4,0
SV,backends,dirichlet,MT19937,88118,2000,1,1.8976975507336113,-0.013253204503023586,0.2668972349132817,1.985005664044487,0.6594876077301878,true,true,7.351E-4,0
SV,backends,dirichlet,MT19937,88118,2000,2,2.801889342873453,0.16155006414959994,0.30039918757095835,1.985005664044487,0.6594876077301878,true,false,7.351E-4,0
SV,backends,dirichlet,Random,88118,2000,0,0.7983233816964034,-0.04269276902649766,1.3884487072897131E-5,1.0001729386940024,0.9999135381286539,false,false,6.807E-4,0
SV,backends,dirichlet,Random,88118,2000,1,1.5942017943263211,-0.3167489609103138,1.8558424117795548E-5,1.0001729386940024,0.9999135381286539,false,false,6.807E-4,0
SV,backends,dirichlet,Random,88118,2000,2,2.7749501439381774,0.13461086521432453,1.0850919303386582E-4,1.0001729386940024,0.9999135381286539,false,false,6.807E-4,0
SV,backends,dirichlet,L64X128MixRandom,88118,20000,0,0.8632022072851171,0.02218605656221606,0.027056946482541654,4.168267429088713,0.2976865611909578,true,false,0.0065368,0
SV,backends,dirichlet,L64X128MixRandom,88118,20000,1,2.0356856048425658,0.12473484960593084,0.039257004611580576,4.168267429088713,0.2976865611909578,false,false,0.0065368,0
SV,backends,dirichlet,L64X128MixRandom,88118,20000,2,2.6430075802102255,0.0026683014863726484,0.04892656172854827,4.168267429088713,0.2976865611909578,true,true,0.0065368,0
SV,backends,dirichlet,Xoshiro256PlusPlus,88118,20000,0,0.8411512208800769,1.350701571758428E-4,0.03851495047391083,3.3634718430666326,0.4845076687853733,true,true,0.0069014,0
SV,backends,dirichlet,Xoshiro256PlusPlus,88118,20000,1,2.072679564987479,0.16172880975084403,0.02977014189637748,3.3634718430666326,0.4845076687853733,false,false,0.0069014,0
SV,backends,dirichlet,Xoshiro256PlusPlus,88118,20000,2,3.149179772584362,0.5088404938605091,0.08306896268642612,3.3634718430666326,0.4845076687853733,false,false,0.0069014,0
SV,backends,dirichlet,PCG_RXS_M_XS_64,88118,20000,0,0.8991476993446192,0.05813154862171821,0.04383961423623386,2.30027420529263,0.5633736270710802,true,false,0.0068829,0
SV,backends,dirichlet,PCG_RXS_M_XS_64,88118,20000,1,1.8070886704280065,-0.10386208480862846,0.09535945680911462,2.30027420529263,0.5633736270710802,true,false,0.0068829,0
SV,backends,dirichlet,PCG_RXS_M_XS_64,88118,20000,2,2.563398620405981,-0.07694065831787178,0.20692697157640275,2.30027420529263,0.5633736270710802,true,false,0.0068829,0
SV,backends,dirichlet,MT19937,88118,20000,0,0.8567490176989648,0.015732866976063797,0.019086817824573103,2.507389591216628,0.49873981571746767,true,false,0.0070077,0
SV,backends,dirichlet,MT19937,88118,20000,1,1.7500098383538094,-0.16094091688282552,0.0964404004693473,2.507389591216628,0.49873981571746767,true,false,0.0070077,0
SV,backends,dirichlet,MT19937,88118,20000,2,2.7132226559069923,0.07288337718313942,0.22341733646667256,2.507389591216628,0.49873981571746767,true,false,0.0070077,0
SV,backends,dirichlet,Random,88118,20000,0,0.8247029475054741,-0.016313203217426908,0.03970202315118422,4.757971104072627,0.32771060084256287,true,false,0.0067734,0
SV,backends,dirichlet,Random,88118,20000,1,1.9386771324657652,0.027726377229130295,0.09180354549868584,4.757971104072627,0.32771060084256287,true,false,0.0067734,0
SV,backends,dirichlet,Random,88118,20000,2,2.56479204825329,-0.07554723047056289,0.14575719556569536,4.757971104072627,0.32771060084256287,true,false,0.0067734,0
SV,backends,dirichlet,L64X128MixRandom,88118,200000,0,0.8624083211487829,0.021392170425881818,0.016433635934023444,12.925464957718079,0.14502803536216144,true,false,0.0652875,0
SV,backends,dirichlet,L64X128MixRandom,88118,200000,1,2.0073270929954776,0.09637633775884269,0.03434084191584193,12.925464957718079,0.14502803536216144,false,false,0.0652875,0
SV,backends,dirichlet,L64X128MixRandom,88118,200000,2,2.660999049884739,0.02065977116088602,0.02948395520347273,12.925464957718079,0.14502803536216144,true,false,0.0652875,0
SV,backends,dirichlet,Xoshiro256PlusPlus,88118,200000,0,0.829157228948884,-0.01185892177401704,0.018752807431807416,7.269596697268973,0.25197532293982966,true,false,0.0689063,0
SV,backends,dirichlet,Xoshiro256PlusPlus,88118,200000,1,1.9156761162029936,0.0047253609663586715,0.02742540036783654,7.269596697268973,0.25197532293982966,true,true,0.0689063,0
SV,backends,dirichlet,Xoshiro256PlusPlus,88118,200000,2,2.639465589717535,-8.736890063176794E-4,0.03967672962065303,7.269596697268973,0.25197532293982966,true,true,0.0689063,0
SV,backends,dirichlet,PCG_RXS_M_XS_64,88118,200000,0,0.859446616220421,0.01843046549751992,0.015094659616608212,14.011452530023881,0.14739381034574395,true,false,0.0686294,0
SV,backends,dirichlet,PCG_RXS_M_XS_64,88118,200000,1,1.8854626425819576,-0.02548811265467732,0.021934997381134726,14.011452530023881,0.14739381034574395,true,false,0.0686294,0
SV,backends,dirichlet,PCG_RXS_M_XS_64,88118,200000,2,2.62547938314693,-0.0148598955769228,0.04683411417010009,14.011452530023881,0.14739381034574395,true,true,0.0686294,0
SV,backends,dirichlet,MT19937,88118,200000,0,0.8459486092814208,0.004932458558519759,0.009709831690072801,7.732001151216465,0.291951894589037,true,true,0.0701288,0
SV,backends,dirichlet,MT19937,88118,200000,1,1.895167604554016,-0.01578315068261893,0.023805204960997927,7.732001151216465,0.291951894589037,true,false,0.0701288,0
SV,backends,dirichlet,MT19937,88118,200000,2,2.6239171729741915,-0.01642210574966141,0.040028718029284045,7.732001151216465,0.291951894589037,true,true,0.0701288,0
SV,backends,dirichlet,Random,88118,200000,0,0.8178144286211909,-0.02320172210171012,0.0076104802318673215,11.53529694372496,0.20504989854395614,false,false,0.0673157,0
SV,backends,dirichlet,Random,88118,200000,1,1.8465823020932932,-0.06436845314334172,0.023377083082952943,11.53529694372496,0.20504989854395614,false,false,0.0673157,0
SV,backends,dirichlet,Random,88118,200000,2,2.638301923202709,-0.0020373555211437022,0.04378461013753683,11.53529694372496,0.20504989854395614,true,true,0.0673157,0
SV,backends,gamma,L64X128MixRandom,96037,2000,0,1.999588389936268,-0.1082815832333679,0.06755518978217308,8.598511932436633,0.16203453659023523,true,false,3.239E-4,0
SV,backends,gamma,L64X128MixRandom,96037,2000,1,1.9358866207961936,0.09115727387174166,0.0798226543794609,8.598511932436633,0.16203453659023523,true,false,3.239E-4,0
SV,backends,gamma,Xoshiro256PlusPlus,96037,2000,0,2.214242813702582,0.10637284053294582,0.05151836605217109,4.822394325909006,0.3605210709274586,false,false,3.237E-4,0
SV,backends,gamma,Xoshiro256PlusPlus,96037,2000,1,1.7686144728609456,-0.07611487406350625,0.06372693630606717,4.822394325909006,0.3605210709274586,true,false,3.237E-4,0
SV,backends,gamma,PCG_RXS_M_XS_64,96037,2000,0,2.0463128408799243,-0.06155713228971171,0.06415568402869169,6.096698597610282,0.28324758149866675,true,false,2.995E-4,0
SV,backends,gamma,PCG_RXS_M_XS_64,96037,2000,1,1.9149656857584254,0.07023633883397351,0.06965344501170107,6.096698597610282,0.28324758149866675,true,false,2.995E-4,0
SV,backends,gamma,MT19937,96037,2000,0,2.11645201131005,0.008582038140414028,0.06015013329288288,4.917773516419331,0.35564427910895813,true,true,3.156E-4,0
SV,backends,gamma,MT19937,96037,2000,1,1.835403476074944,-0.009325870849507867,0.07021558012721979,4.917773516419331,0.35564427910895813,true,true,3.156E-4,0
SV,backends,gamma,Random,96037,2000,0,2.2412670288746126,0.13339705570497662,0.06550629364034644,5.009476187095682,0.312431048692505,false,false,2.76E-4,0
SV,backends,gamma,Random,96037,2000,1,1.707189517382327,-0.13753982954212485,0.053478667142668135,5.009476187095682,0.312431048692505,false,false,2.76E-4,0
SV,backends,gamma,L64X128MixRandom,96037,20000,0,2.086944924851531,-0.020925048318105155,0.021756879436662213,52.63102493100645,0.04061526961386454,true,false,0.0024974,0
SV,backends,gamma,L64X128MixRandom,96037,20000,1,1.8702254145907888,0.02549606766633694,0.020939864544798806,52.63102493100645,0.04061526961386454,true,false,0.0024974,0
SV,backends,gamma,Xoshiro256PlusPlus,96037,20000,0,2.1563803344530266,0.04851036128339059,0.02142372716457106,41.07181135114811,0.050300476007716644,false,false,0.002809,0
SV,backends,gamma,Xoshiro256PlusPlus,96037,20000,1,1.797950300301066,-0.046779046623385945,0.020456865266669958,41.07181135114811,0.050300476007716644,false,false,0.002809,0
SV,backends,gamma,PCG_RXS_M_XS_64,96037,20000,0,2.0983239201711146,-0.009546052998521404,0.024088184267368296,43.79798810898255,0.04775119444862138,true,true,0.0028142,0
SV,backends,gamma,PCG_RXS_M_XS_64,96037,20000,1,1.8523143201007122,0.007584973176260279,0.02441247205879184,43.79798810898255,0.04775119444862138,true,true,0.0028142,0
SV,backends,gamma,MT19937,96037,20000,0,2.1315476660700448,0.023677692900408776,0.023907572781305873,44.19714610632637,0.05171728419098733,true,false,0.0028762,0
SV,backends,gamma,MT19937,96037,20000,1,1.8402980006605603,-0.0044313462638916334,0.023423305228606167,44.19714610632637,0.05171728419098733,true,true,0.0028762,0
SV,backends,gamma,Random,96037,20000,0,2.111837807671259,0.003967834501623191,0.019702963848529022,38.25822080765016,0.0479513281982038,true,true,0.0027296,0
SV,backends,gamma,Random,96037,20000,1,1.8412090153855598,-0.0035203315388920853,0.021265638610824752,38.25822080765016,0.0479513281982038,true,true,0.0027296,0
SV,backends,gamma,L64X128MixRandom,96037,200000,0,2.1027327676985457,-0.0051372054710903114,0.007017250869114484,427.4814259161999,0.004900969608466359,true,true,0.0247507,0
SV,backends,gamma,L64X128MixRandom,96037,200000,1,1.849489074562006,0.0047597276375541675,0.0068164943766424665,427.4814259161999,0.004900969608466359,true,true,0.0247507,0
SV,backends,gamma,Xoshiro256PlusPlus,96037,200000,0,2.1239717496384825,0.016101776468846474,0.006916597220561733,430.822970032949,0.004640440768523333,false,true,0.0278132,0
SV,backends,gamma,Xoshiro256PlusPlus,96037,200000,1,1.8326276601899951,-0.012101686734456774,0.006756861191475729,430.822970032949,0.004640440768523333,true,true,0.0278132,0
SV,backends,gamma,PCG_RXS_M_XS_64,96037,200000,0,2.09148388107018,-0.01638609209945585,0.006529034214551651,458.9214978733767,0.0043098477292609315,false,true,0.0286606,0
SV,backends,gamma,PCG_RXS_M_XS_64,96037,200000,1,1.8559046602508407,0.01117531332638877,0.006323057443155364,458.9214978733767,0.0043098477292609315,true,true,0.0286606,0
SV,backends,gamma,MT19937,96037,200000,0,2.0997997986411074,-0.00807017452852854,0.006720445607779737,445.3879940709193,0.004654755480186494,true,true,0.0283751,0
SV,backends,gamma,MT19937,96037,200000,1,1.8557577074495202,0.011028360525068281,0.0068826114548689605,445.3879940709193,0.004654755480186494,true,true,0.0283751,0
SV,backends,gamma,Random,96037,200000,0,2.1147191112724695,0.006849138102833496,0.0064734725419345746,441.9565004056764,0.00434685472522412,true,true,0.0270041,0
SV,backends,gamma,Random,96037,200000,1,1.8435044296721166,-0.0012249172523353113,0.006460025146541268,441.9565004056764,0.00434685472522412,true,true,0.0270041,0
SV,backends,dirichlet,L64X128MixRandom,96037,2000,0,0.7977912423854174,-0.0432249083374836,1.0536711928740923E-8,1.0000000377693892,0.9999999811153059,false,false,7.416E-4,0
SV,backends,dirichlet,L64X128MixRandom,96037,2000,1,1.8750166188091626,-0.03593413642747234,2.1073423857481845E-8,1.0000000377693892,0.9999999811153059,false,false,7.416E-4,0
SV,backends,dirichlet,L64X128MixRandom,96037,2000,2,2.6846947669498986,0.044355488226045736,0.0,1.0000000377693892,0.9999999811153059,false,false,7.416E-4,0
SV,backends,dirichlet,Xoshiro256PlusPlus,96037,2000,0,0.9245146393757367,0.08349848865283571,1.3341106014302533E-4,1.000941183321374,0.9995296321461269,false,false,7.376E-4,0
SV,backends,dirichlet,Xoshiro256PlusPlus,96037,2000,1,2.061863184782929,0.15091242954629425,1.6757184958266514E-4,1.000941183321374,0.9995296321461269,false,false,7.376E-4,0
SV,backends,dirichlet,Xoshiro256PlusPlus,96037,2000,2,3.2077255742322555,0.5673862955084026,7.061649126436026E-5,1.000941183321374,0.9995296321461269,false,false,7.376E-4,0
SV,backends,dirichlet,PCG_RXS_M_XS_64,96037,2000,0,0.6154050814028117,-0.22561106932008934,0.006645468329555374,1.0179506357320594,0.991104754156951,false,false,7.136E-4,0
SV,backends,dirichlet,PCG_RXS_M_XS_64,96037,2000,1,1.768971032911136,-0.14197972232549882,0.009100659069494579,1.0179506357320594,0.991104754156951,false,false,7.136E-4,0
SV,backends,dirichlet,PCG_RXS_M_XS_64,96037,2000,2,2.3174753188894375,-0.3228639598344154,0.009679050244514896,1.0179506357320594,0.991104754156951,false,false,7.136E-4,0
SV,backends,dirichlet,MT19937,96037,2000,0,0.728443340640201,-0.11257281008270004,3.465546162295493E-6,1.0000318463091327,0.9999840771051706,false,false,7.333E-4,0
SV,backends,dirichlet,MT19937,96037,2000,1,1.5769561187039196,-0.3339946365327153,2.3130784409213237E-5,1.0000318463091327,0.9999840771051706,false,false,7.333E-4,0
SV,backends,dirichlet,MT19937,96037,2000,2,2.234756904365224,-0.40558237435862887,1.4992284531092321E-5,1.0000318463091327,0.9999840771051706,false,false,7.333E-4,0
SV,backends,dirichlet,Random,96037,2000,0,1.0664848326436063,0.22546868192070524,4.4161474033041023E-5,1.0004421673551385,0.9997789761502803,false,false,6.779E-4,0
SV,backends,dirichlet,Random,96037,2000,1,2.261269086607867,0.35031833137123214,8.316688431852868E-5,1.0004421673551385,0.9997789761502803,false,false,6.779E-4,0
SV,backends,dirichlet,Random,96037,2000,2,2.5055800342474526,-0.1347592444764003,2.4209075321790478E-4,1.0004421673551385,0.9997789761502803,false,false,6.779E-4,0
SV,backends,dirichlet,L64X128MixRandom,96037,20000,0,0.8226474569523246,-0.018368693770576483,0.01425773488711086,2.129642860565505,0.529857799310783,true,false,0.0065004,0
SV,backends,dirichlet,L64X128MixRandom,96037,20000,1,1.8818952694229836,-0.02905548581365136,0.01050833243387652,2.129642860565505,0.529857799310783,false,false,0.0065004,0
SV,backends,dirichlet,L64X128MixRandom,96037,20000,2,2.5970780826657154,-0.0432611960581375,0.06805561131849176,2.129642860565505,0.529857799310783,true,false,0.0065004,0
SV,backends,dirichlet,Xoshiro256PlusPlus,96037,20000,0,0.8170899507858472,-0.023926199937053805,0.04011686347420483,3.9127504773557327,0.34864426521807124,true,false,0.0069085,0
SV,backends,dirichlet,Xoshiro256PlusPlus,96037,20000,1,1.9101026471928004,-8.481080438345057E-4,0.13942924678052046,3.9127504773557327,0.34864426521807124,true,true,0.0069085,0
SV,backends,dirichlet,Xoshiro256PlusPlus,96037,20000,2,2.653684472484206,0.013345193760353258,0.17919048214693875,3.9127504773557327,0.34864426521807124,true,true,0.0069085,0
SV,backends,dirichlet,PCG_RXS_M_XS_64,96037,20000,0,0.8358484670119952,-0.005167683710905813,0.03260027460130254,2.781814870312996,0.5561566546518295,true,true,0.0069243,0
SV,backends,dirichlet,PCG_RXS_M_XS_64,96037,20000,1,2.1098920373100705,0.19894128207343553,0.10982170894524135,2.781814870312996,0.5561566546518295,true,false,0.0069243,0
SV,backends,dirichlet,PCG_RXS_M_XS_64,96037,20000,2,2.7956610433435922,0.15532176461973934,0.19920870914959615,2.781814870312996,0.5561566546518295,true,false,0.0069243,0
SV,backends,dirichlet,MT19937,96037,20000,0,0.812330669594375,-0.02868548112852598,0.04201186371793333,3.050713759164848,0.3857809102004256,true,false,0.0070325,0
SV,backends,dirichlet,MT19937,96037,20000,1,1.943515472210994,0.03256471697435903,0.1345896262830211,3.050713759164848,0.3857809102004256,true,false,0.0070325,0
SV,backends,dirichlet,MT19937,96037,20000,2,2.7359984806200774,0.09565920189622457,0.2067050834352531,3.050713759164848,0.3857809102004256,true,false,0.0070325,0
SV,backends,dirichlet,Random,96037,20000,0,0.9095268093799679,0.06851065865706685,0.03258498513283141,2.7292413642962257,0.5037071266244177,false,false,0.0069644,0
SV,backends,dirichlet,Random,96037,20000,1,2.085041566565403,0.17409081132876802,0.07543630777104957,2.7292413642962257,0.5037071266244177,false,false,0.0069644,0
SV,backends,dirichlet,Random,96037,20000,2,2.7525307908869094,0.11219151216305656,0.07631348763156495,2.7292413642962257,0.5037071266244177,true,false,0.0069644,0
SV,backends,dirichlet,L64X128MixRandom,96037,200000,0,0.8316215777090754,-0.009394573013825624,0.012283422606789059,11.19697264858577,0.1861427226098869,true,false,0.0643988,0
SV,backends,dirichlet,L64X128MixRandom,96037,200000,1,1.8790725349334867,-0.03187822030314824,0.026486114684501297,11.19697264858577,0.1861427226098869,true,false,0.0643988,0
SV,backends,dirichlet,L64X128MixRandom,96037,200000,2,2.5740618519488185,-0.06627742677503434,0.038928591324516926,11.19697264858577,0.1861427226098869,true,false,0.0643988,0
SV,backends,dirichlet,Xoshiro256PlusPlus,96037,200000,0,0.8457018444440898,0.004685693721188766,0.014093078088956155,12.112327464500448,0.16732976317836548,true,true,0.0698052,0
SV,backends,dirichlet,Xoshiro256PlusPlus,96037,200000,1,1.9017487545762866,-0.009202000660348375,0.03411168856799564,12.112327464500448,0.16732976317836548,true,true,0.0698052,0
SV,backends,dirichlet,Xoshiro256PlusPlus,96037,200000,2,2.6588347482325894,0.018495469508736484,0.054720384637745936,12.112327464500448,0.16732976317836548,true,true,0.0698052,0
SV,backends,dirichlet,PCG_RXS_M_XS_64,96037,200000,0,0.8454834839660684,0.004467333243167393,0.012699905092132558,11.399271695892349,0.1672396012227152,true,true,0.0683783,0
SV,backends,dirichlet,PCG_RXS_M_XS_64,96037,200000,1,1.9348697728190443,0.02391901758240933,0.025969377653663743,11.399271695892349,0.1672396012227152,true,false,0.0683783,0
SV,backends,dirichlet,PCG_RXS_M_XS_64,96037,200000,2,2.663050018721303,0.02271073999744999,0.038637607939938395,11.399271695892349,0.1672396012227152,true,false,0.0683783,0
SV,backends,dirichlet,MT19937,96037,200000,0,0.8215112151758408,-0.01950493554706023,0.009204667636320841,7.387311075990695,0.24683166222076988,false,false,0.069547,0
SV,backends,dirichlet,MT19937,96037,200000,1,1.8912205634431414,-0.019730191793493557,0.031828796670468326,7.387311075990695,0.24683166222076988,true,false,0.069547,0
SV,backends,dirichlet,MT19937,96037,200000,2,2.606159290343146,-0.034179988380707016,0.043603857293631525,7.387311075990695,0.24683166222076988,true,false,0.069547,0
SV,backends,dirichlet,Random,96037,200000,0,0.8652237517427618,0.024207601019860747,0.011035025950864589,8.682554984144708,0.22199744600742358,false,false,0.0684454,0
SV,backends,dirichlet,Random,96037,200000,1,1.9188724929783165,0.00792173774168159,0.03769905616174273,8.682554984144708,0.22199744600742358,true,true,0.0684454,0
SV,backends,dirichlet,Random,96037,200000,2,2.596822200586764,-0.04351707813708883,0.03349263959555696,8.682554984144708,0.22199744600742358,true,false,0.0684454,0
SV,backends,gamma,L64X128MixRandom,103956,2000,0,2.057974968336011,-0.049895004833624856,0.0870620222400699,4.627676522125343,0.32595633044202993,true,false,3.209E-4,0
SV,backends,gamma,L64X128MixRandom,103956,2000,1,1.9035100762453263,0.058780729320874414,0.09809990292827594,4.627676522125343,0.32595633044202993,true,false,3.209E-4,0
SV,backends,gamma,Xoshiro256PlusPlus,103956,2000,0,2.2696334704082557,0.1617634972386197,0.024386368689938293,8.09164107825091,0.1846997658260054,false,false,3.19E-4,0
SV,backends,gamma,Xoshiro256PlusPlus,103956,2000,1,1.7043052375953407,-0.1404241093291112,0.028248391246873866,8.09164107825091,0.1846997658260054,false,false,3.19E-4,0
SV,backends,gamma,PCG_RXS_M_XS_64,103956,2000,0,2.0992033045270286,-0.008666668642607345,0.0654542856497409,6.674816240587548,0.22833455824032145,true,true,2.955E-4,0
SV,backends,gamma,PCG_RXS_M_XS_64,103956,2000,1,1.852233564274806,0.007504217350354114,0.06677967171696217,6.674816240587548,0.22833455824032145,true,true,2.955E-4,0
SV,backends,gamma,MT19937,103956,2000,0,2.095089500047647,-0.012780473121988933,0.031036727104416593,4.327116890207528,0.32029727344130104,true,true,3.159E-4,0
SV,backends,gamma,MT19937,103956,2000,1,1.8517823807970302,0.007053033872578274,0.02935869266650965,4.327116890207528,0.32029727344130104,true,true,3.159E-4,0
SV,backends,gamma,Random,103956,2000,0,2.1275682536318428,0.019698280462206785,0.10072485056398837,6.428105129919867,0.22807869606786763,true,false,2.715E-4,0
SV,backends,gamma,Random,103956,2000,1,1.901902295053058,0.05717294812860607,0.1166528298388245,6.428105129919867,0.22807869606786763,true,false,2.715E-4,0
SV,backends,gamma,L64X128MixRandom,103956,20000,0,2.125030519074297,0.017160545904661095,0.022825999107451825,40.370482413231485,0.044601342920898734,true,true,0.0025093,0
SV,backends,gamma,L64X128MixRandom,103956,20000,1,1.8305543863882854,-0.014174960536166514,0.022470811355656393,40.370482413231485,0.044601342920898734,true,true,0.0025093,0
SV,backends,gamma,Xoshiro256PlusPlus,103956,20000,0,2.1566026941110352,0.048732720941399243,0.02071768900822447,46.78539024331547,0.04070769941932628,false,false,0.0028332,0
SV,backends,gamma,Xoshiro256PlusPlus,103956,20000,1,1.8008678646646283,-0.04386148225982356,0.019391978030678294,46.78539024331547,0.04070769941932628,false,false,0.0028332,0
SV,backends,gamma,PCG_RXS_M_XS_64,103956,20000,0,2.113050039418464,0.005180066248827941,0.022623667815293506,45.667855884870406,0.045223427241512425,true,true,0.0027918,0
SV,backends,gamma,PCG_RXS_M_XS_64,103956,20000,1,1.8355834327121323,-0.009145914212319584,0.021804981850282682,45.667855884870406,0.045223427241512425,true,true,0.0027918,0
SV,backends,gamma,MT19937,103956,20000,0,2.106799292119213,-0.0010706810504230724,0.020132624636942,36.79362524726393,0.04728938834774678,true,true,0.0028945,0
SV,backends,gamma,MT19937,103956,20000,1,1.8432089223664434,-0.001520424558008493,0.02044236421758976,36.79362524726393,0.04728938834774678,true,true,0.0028945,0
SV,backends,gamma,Random,103956,20000,0,2.1225461774127723,0.014676204243136315,0.019794890088316485,47.97941835131703,0.041935793239007486,true,true,0.0027707,0
SV,backends,gamma,Random,103956,20000,1,1.8326234032171802,-0.012105943707271694,0.02063164417265281,47.97941835131703,0.041935793239007486,true,true,0.0027707,0
SV,backends,gamma,L64X128MixRandom,103956,200000,0,2.117458912543983,0.009588939374347127,0.006816330476169054,428.1403868240286,0.004609719764527929,true,true,0.024858,0
SV,backends,gamma,L64X128MixRandom,103956,200000,1,1.8380992982220974,-0.006630048702354507,0.006671367274425606,428.1403868240286,0.004609719764527929,true,true,0.024858,0
SV,backends,gamma,Xoshiro256PlusPlus,103956,200000,0,2.103943996000985,-0.0039259771686510625,0.006584938530618437,464.70559621158196,0.004319687399864523,true,true,0.0278295,0
SV,backends,gamma,Xoshiro256PlusPlus,103956,200000,1,1.8454859855493286,7.566386248767376E-4,0.006493774488909566,464.70559621158196,0.004319687399864523,true,true,0.0278295,0
SV,backends,gamma,PCG_RXS_M_XS_64,103956,200000,0,2.0979795862203257,-0.009890386949310326,0.0068873234405147695,447.3589443948628,0.004558940905279226,true,true,0.0276925,0
SV,backends,gamma,PCG_RXS_M_XS_64,103956,200000,1,1.8522787641621163,0.007549417237664446,0.006775627168236209,447.3589443948628,0.004558940905279226,true,true,0.0276925,0
SV,backends,gamma,MT19937,103956,200000,0,2.1040516805822054,-0.003818292587430605,0.0065080489274682,429.6612867681605,0.004593259112984681,true,true,0.0283687,0
SV,backends,gamma,MT19937,103956,200000,1,1.8469301728028795,0.0022008258784276258,0.006444829264036025,429.6612867681605,0.004593259112984681,true,true,0.0283687,0
SV,backends,gamma,Random,103956,200000,0,2.109094728969485,0.0012247557998490421,0.006347764914380384,456.5024876204926,0.004362481256022087,true,true,0.0269987,0
SV,backends,gamma,Random,103956,200000,1,1.8435075011253295,-0.001221845799122434,0.006305263857394436,456.5024876204926,0.004362481256022087,true,true,0.0269987,0
SV,backends,dirichlet,L64X128MixRandom,103956,2000,0,0.7902421127530588,-0.050774037969842256,1.0536712003272784E-8,1.0000000236223072,0.9999999881888465,false,false,7.228E-4,0
SV,backends,dirichlet,L64X128MixRandom,103956,2000,1,2.0072089943347633,0.09625823909812836,0.0,1.0000000236223072,0.9999999881888465,false,false,7.228E-4,0
SV,backends,dirichlet,L64X128MixRandom,103956,2000,2,2.270589290899375,-0.3697499878244779,0.0,1.0000000236223072,0.9999999881888465,false,false,7.228E-4,0
SV,backends,dirichlet,Xoshiro256PlusPlus,103956,2000,0,0.7007903050208397,-0.1402258457020613,0.011288278310578815,1.0720665001698342,0.9651762878786401,false,false,7.234E-4,0
SV,backends,dirichlet,Xoshiro256PlusPlus,103956,2000,1,1.4390843998529337,-0.47186635538370125,0.07469744483377032,1.0720665001698342,0.9651762878786401,false,false,7.234E-4,0
SV,backends,dirichlet,Xoshiro256PlusPlus,103956,2000,2,2.755178011288639,0.11483873256478594,0.029152527420398693,1.0720665001698342,0.9651762878786401,false,false,7.234E-4,0
SV,backends,dirichlet,PCG_RXS_M_XS_64,103956,2000,0,0.6727597955463597,-0.16825635517654136,0.015247009570900735,1.9537641368228447,0.5922402791902556,false,false,7.067E-4,0
SV,backends,dirichlet,PCG_RXS_M_XS_64,103956,2000,1,1.816784697059716,-0.09416605817691903,0.11926613609089655,1.9537641368228447,0.5922402791902556,true,false,7.067E-4,0
SV,backends,dirichlet,PCG_RXS_M_XS_64,103956,2000,2,2.86501368059167,0.22467440186781706,0.010903951220916218,1.9537641368228447,0.5922402791902556,false,false,7.067E-4,0
SV,backends,dirichlet,MT19937,103956,2000,0,0.8291284267109766,-0.011887724011924394,5.366839976925883E-5,1.0067426334299574,0.996640468176234,false,false,7.484E-4,0
SV,backends,dirichlet,MT19937,103956,2000,1,1.6784626638866165,-0.23248809135001847,0.003082551818271786,1.0067426334299574,0.996640468176234,false,false,7.484E-4,0
SV,backends,dirichlet,MT19937,103956,2000,2,2.337084501820582,-0.30325477690327096,0.003977210217861266,1.0067426334299574,0.996640468176234,false,false,7.484E-4,0
SV,backends,dirichlet,Random,103956,2000,0,0.9286402974806699,0.08762414675776886,0.0016083662409770354,1.0248252867492655,0.9877701662239101,false,false,6.811E-4,0
SV,backends,dirichlet,Random,103956,2000,1,2.075123935230142,0.1641731799935069,0.004701164935775053,1.0248252867492655,0.9877701662239101,false,false,6.811E-4,0
SV,backends,dirichlet,Random,103956,2000,2,2.531381775939544,-0.10895750278430905,0.006394919686677842,1.0248252867492655,0.9877701662239101,false,false,6.811E-4,0
SV,backends,dirichlet,L64X128MixRandom,103956,20000,0,0.7883261181766719,-0.05269003254622917,0.023536759900825367,3.034871073433771,0.3932587553062815,false,false,0.0064877,0
SV,backends,dirichlet,L64X128MixRandom,103956,20000,1,1.84837201650855,-0.06257873872808495,0.10066258231600375,3.034871073433771,0.3932587553062815,true,false,0.0064877,0
SV,backends,dirichlet,L64X128MixRandom,103956,20000,2,2.5298708929017515,-0.11046838582210139,0.19316931181014385,3.034871073433771,0.3932587553062815,true,false,0.0064877,0
SV,backends,dirichlet,Xoshiro256PlusPlus,103956,20000,0,0.8369317389205038,-0.00408441180239727,0.005665289437549624,2.1203265511610607,0.5141401865637361,true,true,0.0069213,0
SV,backends,dirichlet,Xoshiro256PlusPlus,103956,20000,1,1.9276942152682517,0.016743460031616753,0.00914955299650535,2.1203265511610607,0.5141401865637361,true,false,0.0069213,0
SV,backends,dirichlet,Xoshiro256PlusPlus,103956,20000,2,2.561171398304468,-0.07916788041938494,0.012597192950794341,2.1203265511610607,0.5141401865637361,false,false,0.0069213,0
SV,backends,dirichlet,PCG_RXS_M_XS_64,103956,20000,0,0.8244518759311235,-0.016564274791777578,0.018052887987566164,3.8979032114506453,0.42470179981983985,true,false,0.0068663,0
SV,backends,dirichlet,PCG_RXS_M_XS_64,103956,20000,1,2.0137026295382228,0.10275187430158783,0.05298878775372255,3.8979032114506453,0.42470179981983985,true,false,0.0068663,0
SV,backends,dirichlet,PCG_RXS_M_XS_64,103956,20000,2,2.957616339862079,0.3172770611382263,0.05088592018197352,3.8979032114506453,0.42470179981983985,false,false,0.0068663,0
SV,backends,dirichlet,MT19937,103956,20000,0,0.844903157714661,0.0038870069917599226,0.02628189048902503,2.463909891517234,0.5810378236842259,true,true,0.007017,0
SV,backends,dirichlet,MT19937,103956,20000,1,1.7854613987876626,-0.1254893564489723,0.0781653327406784,2.463909891517234,0.5810378236842259,true,false,0.007017,0
SV,backends,dirichlet,MT19937,103956,20000,2,2.4901263485858642,-0.15021293013798864,0.1482169251981067,2.463909891517234,0.5810378236842259,true,false,0.007017,0
SV,backends,dirichlet,Random,103956,20000,0,0.8800741088430892,0.039057958120188196,0.05045060338942331,2.6957349491368396,0.47483115317191915,true,false,0.0067461,0
SV,backends,dirichlet,Random,103956,20000,1,1.8997007533944201,-0.011250001842214807,0.13866902197914788,2.6957349491368396,0.47483115317191915,true,true,0.0067461,0
SV,backends,dirichlet,Random,103956,20000,2,2.5296193864057126,-0.11071989231814028,0.06746283891702115,2.6957349491368396,0.47483115317191915,true,false,0.0067461,0
SV,backends,dirichlet,L64X128MixRandom,103956,200000,0,0.8401052335737327,-9.109171491683554E-4,0.01323311954117439,9.416988986039623,0.24869385826129078,true,true,0.0660474,0
SV,backends,dirichlet,L64X128MixRandom,103956,200000,1,1.9249823371455301,0.014031581908895197,0.028440328683867293,9.416988986039623,0.24869385826129078,true,true,0.0660474,0
SV,backends,dirichlet,L64X128MixRandom,103956,200000,2,2.6833364271539604,0.04299714843010749,0.04886800540346136,9.416988986039623,0.24869385826129078,true,false,0.0660474,0
SV,backends,dirichlet,Xoshiro256PlusPlus,103956,200000,0,0.8317318411747237,-0.009284309548177383,0.007372475252869075,8.005872233883078,0.21615611037962573,true,false,0.0684585,0
SV,backends,dirichlet,Xoshiro256PlusPlus,103956,200000,1,1.8708887570019823,-0.04006199823465262,0.027006133699020118,8.005872233883078,0.21615611037962573,true,false,0.0684585,0
SV,backends,dirichlet,Xoshiro256PlusPlus,103956,200000,2,2.600482653269358,-0.039856625454494754,0.03504876792479944,8.005872233883078,0.21615611037962573,true,false,0.0684585,0
SV,backends,dirichlet,PCG_RXS_M_XS_64,103956,200000,0,0.8189350490340934,-0.022081101688807614,0.01273162376004625,8.45524603791122,0.2405532949427747,true,false,0.0683072,0
SV,backends,dirichlet,PCG_RXS_M_XS_64,103956,200000,1,1.9179163496816636,0.0069655944450286444,0.035024546032363574,8.45524603791122,0.2405532949427747,true,true,0.0683072,0
SV,backends,dirichlet,PCG_RXS_M_XS_64,103956,200000,2,2.612859043929554,-0.02748023479429884,0.042207688249468925,8.45524603791122,0.2405532949427747,true,false,0.0683072,0
SV,backends,dirichlet,MT19937,103956,200000,0,0.8494901017030579,0.008473950980156908,0.007643006241433922,11.386205864833723,0.2035594447668596,true,false,0.0715555,0
SV,backends,dirichlet,MT19937,103956,200000,1,1.9206279883223873,0.009677233085752412,0.03994969609491485,11.386205864833723,0.2035594447668596,true,true,0.0715555,0
SV,backends,dirichlet,MT19937,103956,200000,2,2.6485605351907506,0.008221256466897753,0.05559992805890453,11.386205864833723,0.2035594447668596,true,true,0.0715555,0
SV,backends,dirichlet,Random,103956,200000,0,0.8361384533638707,-0.00487769735903032,0.011984096136885466,14.418508845945938,0.13082719639177393,true,true,0.067647,0
SV,backends,dirichlet,Random,103956,200000,1,1.916889370810003,0.005938615573368056,0.02679597533816242,14.418508845945938,0.13082719639177393,true,true,0.067647,0
SV,backends,dirichlet,Random,103956,200000,2,2.5994025611533274,-0.04093671757052553,0.03307900808451281,14.418508845945938,0.13082719639177393,true,false,0.067647,0
SV,backends,gamma,L64X128MixRandom,111875,2000,0,1.9372279703501756,-0.1706420028194604,0.04899608322369773,5.299686658461577,0.30501717792715966,false,false,3.232E-4,0
SV,backends,gamma,L64X128MixRandom,111875,2000,1,2.0282150879832486,0.18348574105879667,0.05461024647653371,5.299686658461577,0.30501717792715966,false,false,3.232E-4,0
SV,backends,gamma,Xoshiro256PlusPlus,111875,2000,0,1.9563202232853,-0.1515497498843359,0.027390738446563145,3.614771676566482,0.4570360592016612,false,false,3.04E-4,0
SV,backends,gamma,Xoshiro256PlusPlus,111875,2000,1,1.9805248216645117,0.13579547474005982,0.03132701980382911,3.614771676566482,0.4570360592016612,false,false,3.04E-4,0
SV,backends,gamma,PCG_RXS_M_XS_64,111875,2000,0,2.1883713344628077,0.08050136129317176,0.039823742156705574,3.2180736643699572,0.3874804959090642,false,false,3.034E-4,0
SV,backends,gamma,PCG_RXS_M_XS_64,111875,2000,1,1.751533309356736,-0.09319603756771588,0.03648771142047477,3.2180736643699572,0.3874804959090642,false,false,3.034E-4,0
SV,backends,gamma,MT19937,111875,2000,0,2.1085788496130418,7.088764434057815E-4,0.05086694019314995,3.637549529839921,0.409111822666534,true,true,3.204E-4,0
SV,backends,gamma,MT19937,111875,2000,1,1.8411679690667062,-0.0035613778577456845,0.05168587244794761,3.637549529839921,0.409111822666534,true,true,3.204E-4,0
SV,backends,gamma,Random,111875,2000,0,2.0539958658495774,-0.053874107320058595,0.0277071220827729,4.04875718301527,0.42019793299885216,true,false,2.717E-4,0
SV,backends,gamma,Random,111875,2000,1,1.9190403801578992,0.07431103323344734,0.05217483515054219,4.04875718301527,0.42019793299885216,true,false,2.717E-4,0
SV,backends,gamma,L64X128MixRandom,111875,20000,0,2.0896014536679948,-0.01826851950164121,0.02232690788436179,37.87732025479888,0.052649354291573934,true,true,0.0024945,0
SV,backends,gamma,L64X128MixRandom,111875,20000,1,1.8638085528238655,0.019079205899413587,0.02250556107360934,37.87732025479888,0.052649354291573934,true,true,0.0024945,0
SV,backends,gamma,Xoshiro256PlusPlus,111875,20000,0,2.0969158063717326,-0.010954166797903397,0.02011511202841979,44.37712243843912,0.040321386470931836,true,true,0.0028418,0
SV,backends,gamma,Xoshiro256PlusPlus,111875,20000,1,1.8562311475544608,0.01150180063000894,0.019256023253280057,44.37712243843912,0.040321386470931836,true,true,0.0028418,0
SV,backends,gamma,PCG_RXS_M_XS_64,111875,20000,0,2.1477314027848022,0.039861429615166255,0.0213826405380115,47.838778745574835,0.03817455891495744,true,false,0.0028465,0
SV,backends,gamma,PCG_RXS_M_XS_64,111875,20000,1,1.8070714355218866,-0.03765791140256525,0.020289239863077888,47.838778745574835,0.03817455891495744,true,false,0.0028465,0
SV,backends,gamma,MT19937,111875,20000,0,2.1711944486222485,0.06332447545261255,0.021410241993983097,42.242820405237396,0.047519336539412274,false,false,0.0028703,0
SV,backends,gamma,MT19937,111875,20000,1,1.803915602556313,-0.04081374436813889,0.020758502219694823,42.242820405237396,0.047519336539412274,false,false,0.0028703,0
SV,backends,gamma,Random,111875,20000,0,2.103684146908723,-0.004185826260913128,0.018474596810860458,47.311924686275546,0.03987006860058725,true,true,0.0027095,0
SV,backends,gamma,Random,111875,20000,1,1.8383173081342505,-0.006412038790201358,0.01847762352935605,47.311924686275546,0.03987006860058725,true,true,0.0027095,0
SV,backends,gamma,L64X128MixRandom,111875,200000,0,2.1092863527624237,0.001416379592787731,0.006587999540765952,441.1737723350422,0.004636524820563605,true,true,0.0248394,0
SV,backends,gamma,L64X128MixRandom,111875,200000,1,1.8412275201923158,-0.0035018267321360597,0.006547259497794274,441.1737723350422,0.004636524820563605,true,true,0.0248394,0
SV,backends,gamma,Xoshiro256PlusPlus,111875,200000,0,2.0957182916660466,-0.012151681503589362,0.006803803116452608,455.0708783184316,0.004632676023160202,true,true,0.0279297,0
SV,backends,gamma,Xoshiro256PlusPlus,111875,200000,1,1.8584514047449396,0.013722057820487743,0.006777925910513492,455.0708783184316,0.004632676023160202,false,true,0.0279297,0
SV,backends,gamma,PCG_RXS_M_XS_64,111875,200000,0,2.109084170646674,0.0012141974770378816,0.0067103956225898044,441.5795098955236,0.004579319728296283,true,true,0.0288641,0
SV,backends,gamma,PCG_RXS_M_XS_64,111875,200000,1,1.8410296108575783,-0.0036997360668735713,0.00659396296297698,441.5795098955236,0.004579319728296283,true,true,0.0288641,0
SV,backends,gamma,MT19937,111875,200000,0,2.099872866123729,-0.007997107045906837,0.006787966864680648,446.7515130580185,0.004749171462381179,true,true,0.0285116,0
SV,backends,gamma,MT19937,111875,200000,1,1.8617649040854918,0.017035557161039883,0.006726334704188759,446.7515130580185,0.004749171462381179,false,true,0.0285116,0
SV,backends,gamma,Random,111875,200000,0,2.1124934690337187,0.004623495864082727,0.0066302395110211226,444.0198254229768,0.0044395335749971045,true,true,0.027016,0
SV,backends,gamma,Random,111875,200000,1,1.8382029291130173,-0.006526417811434593,0.00651231036488955,444.0198254229768,0.0044395335749971045,true,true,0.027016,0
SV,backends,dirichlet,L64X128MixRandom,111875,2000,0,0.8367863492552234,-0.004229801467677596,8.058419400282221E-4,1.002974715148505,0.9985149191103512,false,true,7.198E-4,0
SV,backends,dirichlet,L64X128MixRandom,111875,2000,1,1.440919036367787,-0.47003171886884787,9.540919500762163E-4,1.002974715148505,0.9985149191103512,false,false,7.198E-4,0
SV,backends,dirichlet,L64X128MixRandom,111875,2000,2,2.7920220982030393,0.15168281947918638,4.825431451728147E-4,1.002974715148505,0.9985149191103512,false,false,7.198E-4,0
SV,backends,dirichlet,Xoshiro256PlusPlus,111875,2000,0,0.8333709046618902,-0.007645246061010802,0.0,1.0000000240584763,0.9999999879707621,false,false,7.105E-4,0
SV,backends,dirichlet,Xoshiro256PlusPlus,111875,2000,1,1.6533858373269885,-0.2575649179096464,0.0,1.0000000240584763,0.9999999879707621,false,false,7.105E-4,0
SV,backends,dirichlet,Xoshiro256PlusPlus,111875,2000,2,2.370027862915231,-0.2703114158086217,0.0,1.0000000240584763,0.9999999879707621,false,false,7.105E-4,0
SV,backends,dirichlet,PCG_RXS_M_XS_64,111875,2000,0,1.069914075846826,0.22889792512392493,0.00469141708196981,1.2581768759918766,0.8849344439382509,false,false,7.038E-4,0
SV,backends,dirichlet,PCG_RXS_M_XS_64,111875,2000,1,2.645061260262357,0.7341105050257222,0.13459179438399138,1.2581768759918766,0.8849344439382509,false,false,7.038E-4,0
SV,backends,dirichlet,PCG_RXS_M_XS_64,111875,2000,2,3.1026769436691786,0.4623376649453257,0.14535214825981368,1.2581768759918766,0.8849344439382509,false,false,7.038E-4,0
SV,backends,dirichlet,MT19937,111875,2000,0,0.775902779039643,-0.06511337168325804,6.854065349915599E-6,1.00005172087706,0.9999741403089796,false,false,7.202E-4,0
SV,backends,dirichlet,MT19937,111875,2000,1,2.0267207635085085,0.11577000827187356,9.001499371551503E-6,1.00005172087706,0.9999741403089796,false,false,7.202E-4,0
SV,backends,dirichlet,MT19937,111875,2000,2,2.8190344622927754,0.17869518356892256,1.1294473565023176E-5,1.00005172087706,0.9999741403089796,false,false,7.202E-4,0
SV,backends,dirichlet,Random,111875,2000,0,1.0551427231629151,0.2141265724400141,3.4240606495203845E-4,1.0021918597346133,0.9989055554407241,false,false,6.867E-4,0
SV,backends,dirichlet,Random,111875,2000,1,2.4740329692031,0.5630822139664649,1.7830322681532007E-4,1.0021918597346133,0.9989055554407241,false,false,6.867E-4,0
SV,backends,dirichlet,Random,111875,2000,2,3.4708852835229735,0.8305460047991207,2.0571407102872917E-4,1.0021918597346133,0.9989055554407241,false,false,6.867E-4,0
SV,backends,dirichlet,L64X128MixRandom,111875,20000,0,0.8648850664791327,0.023868915756231623,0.015638531211054022,1.4223742815664464,0.8245635852978503,true,false,0.0064945,0
SV,backends,dirichlet,L64X128MixRandom,111875,20000,1,1.8067199544288957,-0.10423080080773928,0.051762975071403095,1.4223742815664464,0.8245635852978503,false,false,0.0064945,0
SV,backends,dirichlet,L64X128MixRandom,111875,20000,2,2.413584249834424,-0.2267550288894289,0.03252455323821275,1.4223742815664464,0.8245635852978503,false,false,0.0064945,0
SV,backends,dirichlet,Xoshiro256PlusPlus,111875,20000,0,0.8927434136302443,0.05172726290734331,0.01648856848900189,1.5895000363765468,0.7680463205176744,false,false,0.006876,0
SV,backends,dirichlet,Xoshiro256PlusPlus,111875,20000,1,1.9080753158735855,-0.002875439363049459,0.07177123134061161,1.5895000363765468,0.7680463205176744,true,true,0.006876,0
SV,backends,dirichlet,Xoshiro256PlusPlus,111875,20000,2,2.643874179166373,0.00353490044252025,0.07789525445626097,1.5895000363765468,0.7680463205176744,true,true,0.006876,0
SV,backends,dirichlet,PCG_RXS_M_XS_64,111875,20000,0,0.8928001636363972,0.051784012913496213,0.0057613880633441295,1.1339441854962455,0.938524962015327,false,false,0.0068514,0
SV,backends,dirichlet,PCG_RXS_M_XS_64,111875,20000,1,2.05205664705492,0.14110589181828526,0.0115691781806483,1.1339441854962455,0.938524962015327,false,false,0.0068514,0
SV,backends,dirichlet,PCG_RXS_M_XS_64,111875,20000,2,3.057073411359022,0.416734132635169,0.00804743882797601,1.1339441854962455,0.938524962015327,false,false,0.0068514,0
SV,backends,dirichlet,MT19937,111875,20000,0,0.8175380139706336,-0.023478136752267398,0.006013681615034731,3.042019439394183,0.4094021569992951,false,false,0.0070398,0
SV,backends,dirichlet,MT19937,111875,20000,1,1.8389547144141933,-0.0719960408224416,0.026637801630490954,3.042019439394183,0.4094021569992951,false,false,0.0070398,0
SV,backends,dirichlet,MT19937,111875,20000,2,2.610613751718531,-0.02972552700532205,0.09328536279543567,3.042019439394183,0.4094021569992951,true,false,0.0070398,0
SV,backends,dirichlet,Random,111875,20000,0,0.8741257154377478,0.03310956471484672,0.012243846226308086,3.112690527147438,0.39350995165802716,false,false,0.0067732,0
SV,backends,dirichlet,Random,111875,20000,1,1.9156078198869932,0.004657064650358311,0.07122170897172617,3.112690527147438,0.39350995165802716,true,true,0.0067732,0
SV,backends,dirichlet,Random,111875,20000,2,2.672815815255058,0.03247653653120519,0.03206292895724871,3.112690527147438,0.39350995165802716,true,false,0.0067732,0
SV,backends,dirichlet,L64X128MixRandom,111875,200000,0,0.8224192063392594,-0.018596944383641678,0.011382973587930318,8.470668355061534,0.20782638866431882,true,false,0.0645729,0
SV,backends,dirichlet,L64X128MixRandom,111875,200000,1,1.854788279913983,-0.05616247532265195,0.033376012684882765,8.470668355061534,0.20782638866431882,true,false,0.0645729,0
SV,backends,dirichlet,L64X128MixRandom,111875,200000,2,2.6015484567688847,-0.03879082195496819,0.04821744325798869,8.470668355061534,0.20782638866431882,true,false,0.0645729,0
SV,backends,dirichlet,Xoshiro256PlusPlus,111875,200000,0,0.8818758453398384,0.04085969461693739,0.014134601982265002,8.399587199032684,0.16297181214862716,false,false,0.0692948,0
SV,backends,dirichlet,Xoshiro256PlusPlus,111875,200000,1,1.9024498237326453,-0.008500931503989673,0.043459646026505074,8.399587199032684,0.16297181214862716,true,true,0.0692948,0
SV,backends,dirichlet,Xoshiro256PlusPlus,111875,200000,2,2.6872360142318086,0.0468967355079557,0.05663750468118372,8.399587199032684,0.16297181214862716,true,false,0.0692948,0
SV,backends,dirichlet,PCG_RXS_M_XS_64,111875,200000,0,0.8685369938804858,0.02752084315758474,0.01634852845571144,8.187085366354536,0.2329715434592422,true,false,0.0682378,0
SV,backends,dirichlet,PCG_RXS_M_XS_64,111875,200000,1,1.9791285956238704,0.06817784038723551,0.040227466980060536,8.187085366354536,0.2329715434592422,true,false,0.0682378,0
SV,backends,dirichlet,PCG_RXS_M_XS_64,111875,200000,2,2.76359519171293,0.12325591298907712,0.055966387262320234,8.187085366354536,0.2329715434592422,false,false,0.0682378,0
SV,backends,dirichlet,MT19937,111875,200000,0,0.8325198676165102,-0.008496283106390834,0.006843700858475087,11.943592959690736,0.15560295508382124,true,false,0.0693194,0
SV,backends,dirichlet,MT19937,111875,200000,1,1.8965861570165443,-0.014364598220090619,0.02166995324747643,11.943592959690736,0.15560295508382124,true,false,0.0693194,0
SV,backends,dirichlet,MT19937,111875,200000,2,2.62149826521111,-0.018841013512743032,0.03687292152488879,11.943592959690736,0.15560295508382124,true,true,0.0693194,0
SV,backends,dirichlet,Random,111875,200000,0,0.8471879732104374,0.006171822487536338,0.010590609613913258,10.272092476737804,0.18859571197387764,true,false,0.06879,0
SV,backends,dirichlet,Random,111875,200000,1,1.9046121704788481,-0.006338584757786814,0.03505769744799194,10.272092476737804,0.18859571197387764,true,true,0.06879,0
SV,backends,dirichlet,Random,111875,200000,2,2.603055480223368,-0.0372837985004848,0.04969262511585194,10.272092476737804,0.18859571197387764,true,false,0.06879,0
SV,backends,gamma,L64X128MixRandom,119794,2000,0,2.029711887735731,-0.07815808543390501,0.0336826684578113,3.3855335720577924,0.37960521353139337,false,false,3.216E-4,0
SV,backends,gamma,L64X128MixRandom,119794,2000,1,1.94667301809201,0.10194367116755809,0.05064983358999574,3.3855335720577924,0.37960521353139337,false,false,3.216E-4,0
SV,backends,gamma,Xoshiro256PlusPlus,119794,2000,0,2.118891055263597,0.01102108209396091,0.09755838647881007,6.267962204394293,0.22678081563420036,true,true,3.038E-4,0
SV,backends,gamma,Xoshiro256PlusPlus,119794,2000,1,1.8186562163149307,-0.02607313060952121,0.08130867404807002,6.267962204394293,0.22678081563420036,true,false,3.038E-4,0
SV,backends,gamma,PCG_RXS_M_XS_64,119794,2000,0,2.0692321005885894,-0.03863787258104656,0.05852401085244146,2.5048036084250302,0.45687902500717814,true,false,2.929E-4,0
SV,backends,gamma,PCG_RXS_M_XS_64,119794,2000,1,1.8759239713515992,0.031194624427147266,0.1543643521822636,2.5048036084250302,0.45687902500717814,true,false,2.929E-4,0
SV,backends,gamma,MT19937,119794,2000,0,2.0813712874900943,-0.026498685679541722,0.05162086840873882,5.257573084500284,0.2768541135078332,true,false,3.136E-4,0
SV,backends,gamma,MT19937,119794,2000,1,1.8939240338736998,0.04919468694924789,0.02776643543442497,5.257573084500284,0.2768541135078332,true,false,3.136E-4,0
SV,backends,gamma,Random,119794,2000,0,2.1303716382895317,0.02250166511989571,0.029018476133843646,5.296985175548774,0.30548553183754157,true,false,2.747E-4,0
SV,backends,gamma,Random,119794,2000,1,1.8650077836428065,0.02027843671835461,0.023612981357275516,5.296985175548774,0.30548553183754157,true,false,2.747E-4,0
SV,backends,gamma,L64X128MixRandom,119794,20000,0,2.071831294038734,-0.036038679130902196,0.019818458753005377,38.680509827821034,0.04946799316559353,true,false,0.0025518,0
SV,backends,gamma,L64X128MixRandom,119794,20000,1,1.8861682568105107,0.041438909886058806,0.020034597217148686,38.680509827821034,0.04946799316559353,false,false,0.0025518,0
SV,backends,gamma,Xoshiro256PlusPlus,119794,20000,0,2.089712459967795,-0.018157513201841002,0.02200595618236486,42.50360416449693,0.04373179887025873,true,true,0.0028115,0
SV,backends,gamma,Xoshiro256PlusPlus,119794,20000,1,1.8527257883786248,0.007996441454172887,0.02112251443596929,42.50360416449693,0.04373179887025873,true,true,0.0028115,0
SV,backends,gamma,PCG_RXS_M_XS_64,119794,20000,0,2.0728814667340156,-0.03498850643562035,0.023890118590457768,46.56562224954441,0.04127482350303024,true,false,0.0029067,0
SV,backends,gamma,PCG_RXS_M_XS_64,119794,20000,1,1.8796087202866678,0.034879373362215915,0.02189174415962934,46.56562224954441,0.04127482350303024,true,false,0.0029067,0
SV,backends,gamma,MT19937,119794,20000,0,2.103997874057132,-0.0038720991125038573,0.020090799409694746,43.350579730424975,0.04165855915487577,true,true,0.0028698,0
SV,backends,gamma,MT19937,119794,20000,1,1.8475836432027068,0.002854296278254953,0.019076926281076084,43.350579730424975,0.04165855915487577,true,true,0.0028698,0
SV,backends,gamma,Random,119794,20000,0,2.1014640067465002,-0.006405966423135734,0.015992890332356832,45.47023799235789,0.036323372375372864,true,true,0.0027023,0
SV,backends,gamma,Random,119794,20000,1,1.8429951806365257,-0.0017341662879262199,0.01603670273246887,45.47023799235789,0.036323372375372864,true,true,0.0027023,0
SV,backends,gamma,L64X128MixRandom,119794,200000,0,2.1106057372463902,0.0027357640767542435,0.006424555596625807,433.37186618323443,0.004469813866786325,true,true,0.0247659,0
SV,backends,gamma,L64X128MixRandom,119794,200000,1,1.8419155225811934,-0.0028138243432584975,0.00645386764231802,433.37186618323443,0.004469813866786325,true,true,0.0247659,0
SV,backends,gamma,Xoshiro256PlusPlus,119794,200000,0,2.103424159797448,-0.004445813372187857,0.00692011044260565,434.02880783434256,0.00470472143188012,true,true,0.027864,0
SV,backends,gamma,Xoshiro256PlusPlus,119794,200000,1,1.8479254052406862,0.0031960583162342626,0.006757337499663129,434.02880783434256,0.00470472143188012,true,true,0.027864,0
SV,backends,gamma,PCG_RXS_M_XS_64,119794,200000,0,2.105946644148908,-0.001923329020728115,0.006333343126852434,462.0671123046167,0.004351472384205671,true,true,0.0277919,0
SV,backends,gamma,PCG_RXS_M_XS_64,119794,200000,1,1.8489627852747106,0.004233438350258689,0.0064300380117979835,462.0671123046167,0.004351472384205671,true,true,0.0277919,0
SV,backends,gamma,MT19937,119794,200000,0,2.1055129266620574,-0.0023570465075786196,0.00668631199926414,457.0803985275197,0.004329185012941386,true,true,0.0282731,0
SV,backends,gamma,MT19937,119794,200000,1,1.846419878542379,0.0016905316179272045,0.006570804694049187,457.0803985275197,0.004329185012941386,true,true,0.0282731,0
SV,backends,gamma,Random,119794,200000,0,2.1120103137002726,0.00414034053063661,0.006220774667123803,451.92766960471437,0.00430260228467382,true,true,0.0269875,0
SV,backends,gamma,Random,119794,200000,1,1.8401878365062745,-0.004541510418177408,0.006193754303573536,451.92766960471437,0.00430260228467382,true,true,0.0269875,0
SV,backends,dirichlet,L64X128MixRandom,119794,2000,0,0.9996543447758008,0.1586381940528998,2.5994750552846095E-6,1.0000315064558802,0.9999842470710686,false,false,7.323E-4,0
SV,backends,dirichlet,L64X128MixRandom,119794,2000,1,2.1562881780167733,0.24533742278013837,1.2123897778339828E-6,1.0000315064558802,0.9999842470710686,false,false,7.323E-4,0
SV,backends,dirichlet,L64X128MixRandom,119794,2000,2,3.2060411603597507,0.5657018816358979,1.704686827000196E-5,1.0000315064558802,0.9999842470710686,false,false,7.323E-4,0
SV,backends,dirichlet,Xoshiro256PlusPlus,119794,2000,0,0.9826069611201119,0.1415908103972109,0.0011765462702214755,1.0114100276099636,0.9943277215766531,false,false,7.142E-4,0
SV,backends,dirichlet,Xoshiro256PlusPlus,119794,2000,1,2.730214317615771,0.8192635623791362,2.7971202072057954E-4,1.0114100276099636,0.9943277215766531,false,false,7.142E-4,0
SV,backends,dirichlet,Xoshiro256PlusPlus,119794,2000,2,3.1706868090898075,0.5303475303659546,0.0024128997440176093,1.0114100276099636,0.9943277215766531,false,false,7.142E-4,0
SV,backends,dirichlet,PCG_RXS_M_XS_64,119794,2000,0,0.7293808664457602,-0.11163528427714087,0.007151176155308555,1.0992405198308033,0.9529302805038757,false,false,7.051E-4,0
SV,backends,dirichlet,PCG_RXS_M_XS_64,119794,2000,1,2.0206861327493564,0.10973537751272144,8.46046831736801E-4,1.0992405198308033,0.9529302805038757,false,false,7.051E-4,0
SV,backends,dirichlet,PCG_RXS_M_XS_64,119794,2000,2,3.256945869595631,0.6166065908717782,0.07675255437603125,1.0992405198308033,0.9529302805038757,false,false,7.051E-4,0
SV,backends,dirichlet,MT19937,119794,2000,0,0.9518214922312349,0.11080534150833388,0.0438719117954542,1.7662956309751405,0.6928443092370354,false,false,7.209E-4,0
SV,backends,dirichlet,MT19937,119794,2000,1,2.5809356329208257,0.6699848776841908,0.01735703188511166,1.7662956309751405,0.6928443092370354,false,false,7.209E-4,0
SV,backends,dirichlet,MT19937,119794,2000,2,3.4978603188430317,0.8575210401191788,0.022147785884991514,1.7662956309751405,0.6928443092370354,false,false,7.209E-4,0
SV,backends,dirichlet,Random,119794,2000,0,0.9552658484147183,0.11424969769181725,1.6290421007398467E-5,1.0000619692689359,0.999969016325754,false,false,6.805E-4,0
SV,backends,dirichlet,Random,119794,2000,1,2.3952174342283405,0.4842666789917056,3.1142176775190326E-5,1.0000619692689359,0.999969016325754,false,false,6.805E-4,0
SV,backends,dirichlet,Random,119794,2000,2,3.2169611871590007,0.5766219084351478,5.900494879973697E-5,1.0000619692689359,0.999969016325754,false,false,6.805E-4,0
SV,backends,dirichlet,L64X128MixRandom,119794,20000,0,0.9995502024252482,0.15853405170234713,4.616392731401538E-4,1.0239425344797255,0.9882073433863954,false,false,0.0065594,0
SV,backends,dirichlet,L64X128MixRandom,119794,20000,1,2.1603283734596497,0.24937761822301474,0.005027610291618485,1.0239425344797255,0.9882073433863954,false,false,0.0065594,0
SV,backends,dirichlet,L64X128MixRandom,119794,20000,2,3.205797998240365,0.5654587195165122,7.380870064527805E-4,1.0239425344797255,0.9882073433863954,false,false,0.0065594,0
SV,backends,dirichlet,Xoshiro256PlusPlus,119794,20000,0,0.7518314747711868,-0.0891846759517142,0.004956807046501844,1.047367005245394,0.9770052991821557,false,false,0.0069505,0
SV,backends,dirichlet,Xoshiro256PlusPlus,119794,20000,1,1.778702511188953,-0.13224824404768198,0.011148541405862113,1.047367005245394,0.9770052991821557,false,false,0.0069505,0
SV,backends,dirichlet,Xoshiro256PlusPlus,119794,20000,2,2.4629552817747666,-0.17738399694908624,0.02005330225724364,1.047367005245394,0.9770052991821557,false,false,0.0069505,0
SV,backends,dirichlet,PCG_RXS_M_XS_64,119794,20000,0,0.922536252777467,0.08152010205456595,0.011098425133399955,3.503234496383688,0.4532679059032774,false,false,0.0069367,0
SV,backends,dirichlet,PCG_RXS_M_XS_64,119794,20000,1,2.016949811065222,0.10599905582858704,0.04476876037771386,3.503234496383688,0.4532679059032774,false,false,0.0069367,0
SV,backends,dirichlet,PCG_RXS_M_XS_64,119794,20000,2,2.7870465762705416,0.14670729754668876,0.04221605260837748,3.503234496383688,0.4532679059032774,false,false,0.0069367,0
SV,backends,dirichlet,MT19937,119794,20000,0,0.8745783062100088,0.033562155487107725,0.03433381768364971,1.796879835427645,0.7150476178704716,true,false,0.0073386,0
SV,backends,dirichlet,MT19937,119794,20000,1,2.1338024824598514,0.22285172722321644,0.09140589264939404,1.796879835427645,0.7150476178704716,false,false,0.0073386,0
SV,backends,dirichlet,MT19937,119794,20000,2,2.8855000249156,0.24516074619174733,0.18605063458514579,1.796879835427645,0.7150476178704716,true,false,0.0073386,0
SV,backends,dirichlet,Random,119794,20000,0,0.9251019987269871,0.08408584800408603,0.008129323803006658,1.2506905240146602,0.8912453231812363,false,false,0.0067622,0
SV,backends,dirichlet,Random,119794,20000,1,2.0791582389209995,0.16820748368436456,0.01280613654244227,1.2506905240146602,0.8912453231812363,false,false,0.0067622,0
SV,backends,dirichlet,Random,119794,20000,2,2.7979282366287035,0.1575889579048506,0.04994264916699724,1.2506905240146602,0.8912453231812363,false,false,0.0067622,0
SV,backends,dirichlet,L64X128MixRandom,119794,200000,0,0.8319303066087109,-0.009085844114190111,0.013497919931474898,10.757678720091441,0.17691339786951935,true,false,0.0653309,0
SV,backends,dirichlet,L64X128MixRandom,119794,200000,1,1.8894249611515417,-0.021525794085093253,0.02918416680513536,10.757678720091441,0.17691339786951935,true,false,0.0653309,0
SV,backends,dirichlet,L64X128MixRandom,119794,200000,2,2.5836714422080402,-0.05666783651581264,0.05564353321020435,10.757678720091441,0.17691339786951935,true,false,0.0653309,0
SV,backends,dirichlet,Xoshiro256PlusPlus,119794,200000,0,0.8092616409844136,-0.03175450973848748,0.013774790516451866,7.794929399460406,0.2320988415251815,false,false,0.0683161,0
SV,backends,dirichlet,Xoshiro256PlusPlus,119794,200000,1,1.9011276188255637,-0.009823136411071243,0.03904474299347938,7.794929399460406,0.2320988415251815,true,true,0.0683161,0
SV,backends,dirichlet,Xoshiro256PlusPlus,119794,200000,2,2.667697247393762,0.027357968669909027,0.06024061232632146,7.794929399460406,0.2320988415251815,true,false,0.0683161,0
SV,backends,dirichlet,PCG_RXS_M_XS_64,119794,200000,0,0.8441877146599449,0.0031715639370438753,0.01125741001080926,14.180849122753381,0.13002104771354236,true,true,0.0684669,0
SV,backends,dirichlet,PCG_RXS_M_XS_64,119794,200000,1,1.9439949530080665,0.03304419777143153,0.02344549170226118,14.180849122753381,0.13002104771354236,true,false,0.0684669,0
SV,backends,dirichlet,PCG_RXS_M_XS_64,119794,200000,2,2.6859555941095734,0.04561631538572053,0.03608110690485587,14.180849122753381,0.13002104771354236,true,false,0.0684669,0
SV,backends,dirichlet,MT19937,119794,200000,0,0.8194765483261713,-0.021539602396729696,0.01205944346637356,10.159661935255734,0.17631688863448483,true,false,0.0706197,0
SV,backends,dirichlet,MT19937,119794,200000,1,1.9214356615638555,0.010484906327220544,0.025756898170215536,10.159661935255734,0.17631688863448483,true,true,0.0706197,0
SV,backends,dirichlet,MT19937,119794,200000,2,2.6125018123795187,-0.02783746634433415,0.04792682265987011,10.159661935255734,0.17631688863448483,true,false,0.0706197,0
SV,backends,dirichlet,Random,119794,200000,0,0.870350598326179,0.02933444760327797,0.013578669812630895,10.425193617933154,0.19768953999906955,false,false,0.0670873,0
SV,backends,dirichlet,Random,119794,200000,1,1.9460636589634819,0.035112903726846945,0.03944672550182335,10.425193617933154,0.19768953999906955,true,false,0.0670873,0
SV,backends,dirichlet,Random,119794,200000,2,2.780140034612451,0.13980075588859808,0.04198691742523122,10.425193617933154,0.19768953999906955,false,false,0.0670873,0
SV,backends,gamma,L64X128MixRandom,127713,2000,0,2.1043371885094384,-0.0035327846601975743,0.07602189688746329,8.415618965212104,0.22389036371685866,true,true,3.412E-4,0
SV,backends,gamma,L64X128MixRandom,127713,2000,1,1.8453188772131952,5.895302887433118E-4,0.07157254937765652,8.415618965212104,0.22389036371685866,true,true,3.412E-4,0
SV,backends,gamma,Xoshiro256PlusPlus,127713,2000,0,2.1115200955449476,0.003650122375311593,0.04759377127530178,4.432657521949615,0.3233429791492288,true,true,3.103E-4,0
SV,backends,gamma,Xoshiro256PlusPlus,127713,2000,1,1.8152844751072421,-0.029444871817209783,0.050220067039328235,4.432657521949615,0.3233429791492288,true,false,3.103E-4,0
SV,backends,gamma,PCG_RXS_M_XS_64,127713,2000,0,2.224751133455214,0.11688116028557793,0.04291341467877107,4.056451950377668,0.3041047613782356,false,false,2.941E-4,0
SV,backends,gamma,PCG_RXS_M_XS_64,127713,2000,1,1.7237580424622292,-0.1209713044622227,0.077598953711246,4.056451950377668,0.3041047613782356,true,false,2.941E-4,0
SV,backends,gamma,MT19937,127713,2000,0,2.003712928303139,-0.10415704486649702,0.03612586814146355,5.558463356288397,0.29813872243424366,false,false,3.138E-4,0
SV,backends,gamma,MT19937,127713,2000,1,1.915566966578573,0.07083761965412116,0.05802641227324499,5.558463356288397,0.29813872243424366,true,false,3.138E-4,0
SV,backends,gamma,Random,127713,2000,0,1.978066501892018,-0.12980347127761793,0.036917918395675584,2.903049779015993,0.48882732463572687,false,false,2.736E-4,0
SV,backends,gamma,Random,127713,2000,1,1.9648211562882083,0.12009180936375641,0.04241096073297605,2.903049779015993,0.48882732463572687,false,false,2.736E-4,0
SV,backends,gamma,L64X128MixRandom,127713,20000,0,2.1203656911222573,0.012495717952621277,0.021028688556893337,51.859518936032984,0.03749277922453244,true,true,0.0025096,0
SV,backends,gamma,L64X128MixRandom,127713,20000,1,1.8281723987468779,-0.016556948177574027,0.019227409135056873,51.859518936032984,0.03749277922453244,true,true,0.0025096,0
SV,backends,gamma,Xoshiro256PlusPlus,127713,20000,0,2.1027175299187824,-0.005152443250853622,0.02417676993223739,31.66161303374567,0.0632165886702243,true,true,0.0028042,0
SV,backends,gamma,Xoshiro256PlusPlus,127713,20000,1,1.8492039772482678,0.004474630323815898,0.0254546707126161,31.66161303374567,0.0632165886702243,true,true,0.0028042,0
SV,backends,gamma,PCG_RXS_M_XS_64,127713,20000,0,2.1294526009495294,0.021582627779893393,0.024828492899530943,45.20405295897914,0.049485149673271875,true,false,0.0027705,0
SV,backends,gamma,PCG_RXS_M_XS_64,127713,20000,1,1.8233947200947762,-0.021334626829675685,0.024831565106147407,45.20405295897914,0.049485149673271875,true,false,0.0027705,0
SV,backends,gamma,MT19937,127713,20000,0,2.084464927352119,-0.02340504581751679,0.019340095971172967,47.83821678853155,0.0430640588834494,true,false,0.0028542,0
SV,backends,gamma,MT19937,127713,20000,1,1.8533033832800538,0.008574036355601944,0.01932313474793163,47.83821678853155,0.0430640588834494,true,true,0.0028542,0
SV,backends,gamma,Random,127713,20000,0,2.0623648086924895,-0.045505164477146476,0.0226857962804014,44.78181613853221,0.04857334489037701,false,false,0.0026953,0
SV,backends,gamma,Random,127713,20000,1,1.899956450515638,0.05522710359118621,0.024178539589755577,44.78181613853221,0.04857334489037701,false,false,0.0026953,0
SV,backends,gamma,L64X128MixRandom,127713,200000,0,2.109084104975788,0.0012141318061518191,0.006925333510022661,410.0342952469472,0.004983531867303528,true,true,0.0247171,0
SV,backends,gamma,L64X128MixRandom,127713,200000,1,1.8424207269914243,-0.002308619933027556,0.006775805084431823,410.0342952469472,0.004983531867303528,true,true,0.0247171,0
SV,backends,gamma,Xoshiro256PlusPlus,127713,200000,0,2.111422511673757,0.00355253850412085,0.006911436548384952,444.12466405663804,0.0046007596929825865,true,true,0.027753,0
SV,backends,gamma,Xoshiro256PlusPlus,127713,200000,1,1.8439540963549745,-7.752505694773593E-4,0.0068243791131433855,444.12466405663804,0.0046007596929825865,true,true,0.027753,0
SV,backends,gamma,PCG_RXS_M_XS_64,127713,200000,0,2.1129031227539583,0.005033149584322327,0.006995470417949244,455.07425333652685,0.004472377652314855,true,true,0.0276109,0
SV,backends,gamma,PCG_RXS_M_XS_64,127713,200000,1,1.8422519952319458,-0.002477351692506069,0.006801340856929963,455.07425333652685,0.004472377652314855,true,true,0.0276109,0
SV,backends,gamma,MT19937,127713,200000,0,2.1055769619438176,-0.0022930112258183755,0.006267869677230842,429.1991715722462,0.004495308903526421,true,true,0.0292985,0
SV,backends,gamma,MT19937,127713,200000,1,1.8443275276446833,-4.0181927976856713E-4,0.006264082566581054,429.1991715722462,0.004495308903526421,true,true,0.0292985,0
SV,backends,gamma,Random,127713,200000,0,2.098928469017675,-0.008941504151961155,0.00654790640466207,434.5448406543225,0.004720602215895835,true,true,0.0270898,0
SV,backends,gamma,Random,127713,200000,1,1.8478494693114276,0.0031201223869756767,0.006576538766106093,434.5448406543225,0.004720602215895835,true,true,0.0270898,0
SV,backends,dirichlet,L64X128MixRandom,127713,2000,0,0.8743653827922359,0.03334923206933482,0.026467738613716776,1.2161642623272864,0.9017359525908301,true,false,7.375E-4,0
SV,backends,dirichlet,L64X128MixRandom,127713,2000,1,1.6744852959090004,-0.23646545932763452,0.003111507203008556,1.2161642623272864,0.9017359525908301,false,false,7.375E-4,0
SV,backends,dirichlet,L64X128MixRandom,127713,2000,2,1.9255412114244075,-0.7147980672994454,0.15066629324981717,1.2161642623272864,0.9017359525908301,false,false,7.375E-4,0
SV,backends,dirichlet,Xoshiro256PlusPlus,127713,2000,0,0.9814181963031958,0.1404020455802948,0.009125330060459857,2.1046253830696307,0.6153348192808524,false,false,8.063E-4,0
SV,backends,dirichlet,Xoshiro256PlusPlus,127713,2000,1,1.7444361179627863,-0.16651463727384863,0.2936969604895486,2.1046253830696307,0.6153348192808524,true,false,8.063E-4,0
SV,backends,dirichlet,Xoshiro256PlusPlus,127713,2000,2,2.3011360435341937,-0.3392032351896592,0.08542072836055395,2.1046253830696307,0.6153348192808524,false,false,8.063E-4,0
SV,backends,dirichlet,PCG_RXS_M_XS_64,127713,2000,0,0.957596632537058,0.11658048181415692,1.5970275768673154E-6,1.0000071645523998,0.9999964177378151,false,false,7.262E-4,0
SV,backends,dirichlet,PCG_RXS_M_XS_64,127713,2000,1,1.5358694235344639,-0.37508133170217106,4.385636779987073E-6,1.0000071645523998,0.9999964177378151,false,false,7.262E-4,0
SV,backends,dirichlet,PCG_RXS_M_XS_64,127713,2000,2,2.412761185016609,-0.22757809370724402,5.95045100793836E-6,1.0000071645523998,0.9999964177378151,false,false,7.262E-4,0
SV,backends,dirichlet,MT19937,127713,2000,0,0.8192345032567742,-0.021781647466126874,0.0,1.0000000215167832,0.9999999892416086,false,false,7.48E-4,0
SV,backends,dirichlet,MT19937,127713,2000,1,2.0379024423080825,0.12695168707144755,0.0,1.0000000215167832,0.9999999892416086,false,false,7.48E-4,0
SV,backends,dirichlet,MT19937,127713,2000,2,2.422021222622646,-0.2183180561012068,0.0,1.0000000215167832,0.9999999892416086,false,false,7.48E-4,0
SV,backends,dirichlet,Random,127713,2000,0,1.039799049538369,0.19878289881546807,0.011115903449297457,1.1652415144372112,0.924127310885135,false,false,6.887E-4,0
SV,backends,dirichlet,Random,127713,2000,1,2.2408791123332406,0.3299283570966056,0.008778894711868528,1.1652415144372112,0.924127310885135,false,false,6.887E-4,0
SV,backends,dirichlet,Random,127713,2000,2,3.4898909835965273,0.8495517048726744,0.01658856057292324,1.1652415144372112,0.924127310885135,false,false,6.887E-4,0
SV,backends,dirichlet,L64X128MixRandom,127713,20000,0,0.8524371389215951,0.011420988198694082,0.006823349617765719,1.0731560895118712,0.9648604702126996,true,false,0.0065813,0
SV,backends,dirichlet,L64X128MixRandom,127713,20000,1,2.053066861087832,0.14211610585119705,0.0020864986069187687,1.0731560895118712,0.9648604702126996,false,false,0.0065813,0
SV,backends,dirichlet,L64X128MixRandom,127713,20000,2,2.8135799320642554,0.1732406533404025,0.0025729226759729014,1.0731560895118712,0.9648604702126996,false,false,0.0065813,0
SV,backends,dirichlet,Xoshiro256PlusPlus,127713,20000,0,0.8471823637618207,0.006166213038919621,0.010968090616796464,3.4286250084557075,0.3360105532098147,true,false,0.0069098,0
SV,backends,dirichlet,Xoshiro256PlusPlus,127713,20000,1,1.908306224887898,-0.0026445303487370175,0.11037723876039447,3.4286250084557075,0.3360105532098147,true,true,0.0069098,0
SV,backends,dirichlet,Xoshiro256PlusPlus,127713,20000,2,2.754837642415914,0.11449836369206112,0.0659816851078571,3.4286250084557075,0.3360105532098147,true,false,0.0069098,0
SV,backends,dirichlet,PCG_RXS_M_XS_64,127713,20000,0,0.8388309425067376,-0.0021852082161634145,0.04281189880784444,3.489113047604192,0.3428797974980606,true,true,0.0068786,0
SV,backends,dirichlet,PCG_RXS_M_XS_64,127713,20000,1,2.0018986756277224,0.09094792039108746,0.12918615755346993,3.489113047604192,0.3428797974980606,true,false,0.0068786,0
SV,backends,dirichlet,PCG_RXS_M_XS_64,127713,20000,2,2.8162640030676753,0.17592472434382245,0.11153467724566572,3.489113047604192,0.3428797974980606,true,false,0.0068786,0
SV,backends,dirichlet,MT19937,127713,20000,0,0.8388787208070803,-0.0021374299158207766,0.023028752190608723,1.3329025325882038,0.8581038308134945,true,true,0.0070454,0
SV,backends,dirichlet,MT19937,127713,20000,1,2.0121822042922317,0.10123144905559678,0.03139814337945329,1.3329025325882038,0.8581038308134945,false,false,0.0070454,0
SV,backends,dirichlet,MT19937,127713,20000,2,2.4343979030612366,-0.20594137566261628,0.012491033824744275,1.3329025325882038,0.8581038308134945,false,false,0.0070454,0
SV,backends,dirichlet,Random,127713,20000,0,0.8259050229851893,-0.015111127737711727,0.0031037012961066565,1.0774895657320849,0.9630400950575578,false,false,0.0068049,0
SV,backends,dirichlet,Random,127713,20000,1,1.832920133670957,-0.07803062156567786,0.007129731442611367,1.0774895657320849,0.9630400950575578,false,false,0.0068049,0
SV,backends,dirichlet,Random,127713,20000,2,2.669464630208495,0.029125351484641904,0.015603028334654417,1.0774895657320849,0.9630400950575578,true,false,0.0068049,0
SV,backends,dirichlet,L64X128MixRandom,127713,200000,0,0.8587545148008839,0.017738364077982904,0.019645775042115336,6.53374540983333,0.2747476509137071,true,false,0.0648115,0
SV,backends,dirichlet,L64X128MixRandom,127713,200000,1,1.9053814335739578,-0.005569321662677096,0.05884752856192672,6.53374540983333,0.2747476509137071,true,true,0.0648115,0
SV,backends,dirichlet,L64X128MixRandom,127713,200000,2,2.6516686698704928,0.011329391146639889,0.0811479890091521,6.53374540983333,0.2747476509137071,true,true,0.0648115,0
SV,backends,dirichlet,Xoshiro256PlusPlus,127713,200000,0,0.8486115182951908,0.007595367572289735,0.01710487675738271,7.524279830618974,0.2374702080467124,true,false,0.0698742,0
SV,backends,dirichlet,Xoshiro256PlusPlus,127713,200000,1,1.9013891983148274,-0.00956155692180749,0.03700210111703038,7.524279830618974,0.2374702080467124,true,true,0.0698742,0
SV,backends,dirichlet,Xoshiro256PlusPlus,127713,200000,2,2.6568194146307245,0.016480135906871585,0.04921551167342545,7.524279830618974,0.2374702080467124,true,true,0.0698742,0
SV,backends,dirichlet,PCG_RXS_M_XS_64,127713,200000,0,0.8455530979435864,0.004536947220685317,0.013014050068856862,7.930605422238314,0.2593245041085751,true,true,0.0681494,0
SV,backends,dirichlet,PCG_RXS_M_XS_64,127713,200000,1,1.8759792868484597,-0.03497146838817522,0.03332374647628091,7.930605422238314,0.2593245041085751,true,false,0.0681494,0
SV,backends,dirichlet,PCG_RXS_M_XS_64,127713,200000,2,2.567328489574143,-0.07301078914971004,0.03721861892524332,7.930605422238314,0.2593245041085751,false,false,0.0681494,0
SV,backends,dirichlet,MT19937,127713,200000,0,0.8394292902319141,-0.0015868604909868855,0.012186792222204677,8.312864618502692,0.255052987486513,true,true,0.069838,0
SV,backends,dirichlet,MT19937,127713,200000,1,1.8812593788064305,-0.029691376430204475,0.04029111269101257,8.312864618502692,0.255052987486513,true,false,0.069838,0
SV,backends,dirichlet,MT19937,127713,200000,2,2.650604217547483,0.01026493882363022,0.05748107483314869,8.312864618502692,0.255052987486513,true,true,0.069838,0
SV,backends,dirichlet,Random,127713,200000,0,0.8378328580810913,-0.0031832926418097207,0.009270870629860052,7.904899436986374,0.28792832860045403,true,true,0.0685102,0
SV,backends,dirichlet,Random,127713,200000,1,1.9295352443360398,0.01858448909940491,0.047478698173747044,7.904899436986374,0.28792832860045403,true,false,0.0685102,0
SV,backends,dirichlet,Random,127713,200000,2,2.6901427592197416,0.049803480495888675,0.04542416721453583,7.904899436986374,0.28792832860045403,true,false,0.0685102,0
SV,backends,gamma,L64X128MixRandom,135632,2000,0,2.085149756604613,-0.022720216565022877,0.06323601957729023,6.369033924155478,0.26403313937473866,true,false,3.146E-4,0
SV,backends,gamma,L64X128MixRandom,135632,2000,1,1.84458072870588,-1.4861821857192759E-4,0.05922375516887728,6.369033924155478,0.26403313937473866,true,true,3.146E-4,0
SV,backends,gamma,Xoshiro256PlusPlus,135632,2000,0,2.1271359486561083,0.019265975486472353,0.03720490593291971,3.828947505358054,0.36250321992643847,true,true,3.056E-4,0
SV,backends,gamma,Xoshiro256PlusPlus,135632,2000,1,1.830639848409006,-0.01408949851544583,0.04974388672662474,3.828947505358054,0.36250321992643847,true,true,3.056E-4,0
SV,backends,gamma,PCG_RXS_M_XS_64,135632,2000,0,2.0557434464529614,-0.052126526716674615,0.06327804250990614,6.988883571345923,0.1829212815302087,true,false,3.028E-4,0
SV,backends,gamma,PCG_RXS_M_XS_64,135632,2000,1,1.870834603384023,0.02610525645957118,0.04261013134168935,6.988883571345923,0.1829212815302087,true,false,3.028E-4,0
SV,backends,gamma,MT19937,135632,2000,0,2.1473181719804693,0.03944819881083328,0.03564193491712314,9.32784635031405,0.16992879045636838,true,false,2.999E-4,0
SV,backends,gamma,MT19937,135632,2000,1,1.8131320129753816,-0.03159733394907027,0.034228758443881235,9.32784635031405,0.16992879045636838,true,false,2.999E-4,0
SV,backends,gamma,Random,135632,2000,0,2.02745013095524,-0.08041984221439602,0.04483117676832256,4.542231024193776,0.3575512749483802,true,false,2.8E-4,0
SV,backends,gamma,Random,135632,2000,1,1.9175806883467186,0.07285134142226668,0.04232586760431866,4.542231024193776,0.3575512749483802,true,false,2.8E-4,0
SV,backends,gamma,L64X128MixRandom,135632,20000,0,2.0991346839331673,-0.008735289236468713,0.018416919583977592,51.28308997899847,0.03694897012408193,true,true,0.0025183,0
SV,backends,gamma,L64X128MixRandom,135632,20000,1,1.845526948971968,7.976020475159995E-4,0.01749288689064818,51.28308997899847,0.03694897012408193,true,true,0.0025183,0
SV,backends,gamma,Xoshiro256PlusPlus,135632,20000,0,2.1369663199590248,0.02909634678938877,0.01913148547753439,35.67011901359179,0.04884463717588869,true,false,0.0028083,0
SV,backends,gamma,Xoshiro256PlusPlus,135632,20000,1,1.8232310440396717,-0.021498302884780163,0.018998052683206444,35.67011901359179,0.04884463717588869,true,false,0.0028083,0
SV,backends,gamma,PCG_RXS_M_XS_64,135632,20000,0,2.109020107294826,0.0011501341251900499,0.019610757696963375,53.95769804865651,0.03410734949163526,true,true,0.0027954,0
SV,backends,gamma,PCG_RXS_M_XS_64,135632,20000,1,1.8476245632740795,0.0028952163496276384,0.01904795648136191,53.95769804865651,0.03410734949163526,true,true,0.0027954,0
SV,backends,gamma,MT19937,135632,20000,0,2.0948146318776897,-0.013055341291946299,0.017920030682194044,47.19628311164684,0.0412139479538226,true,true,0.0028503,0
SV,backends,gamma,MT19937,135632,20000,1,1.8459105980450512,0.0011812511205993026,0.017772054290934872,47.19628311164684,0.0412139479538226,true,true,0.0028503,0
SV,backends,gamma,Random,135632,20000,0,2.0858408469272605,-0.02202912624237552,0.020930724532311182,48.25673099175421,0.0485103563304846,true,false,0.0027099,0
SV,backends,gamma,Random,135632,20000,1,1.8740483689171117,0.02931902199265979,0.02039856716493461,48.25673099175421,0.0485103563304846,true,false,0.0027099,0
SV,backends,gamma,L64X128MixRandom,135632,200000,0,2.109331126524533,0.00146115335489716,0.006471138918330321,428.62204475267043,0.004552749177531347,true,true,0.0247988,0
SV,backends,gamma,L64X128MixRandom,135632,200000,1,1.8383155128312354,-0.006413834093216497,0.006260402651738418,428.62204475267043,0.004552749177531347,true,true,0.0247988,0
SV,backends,gamma,Xoshiro256PlusPlus,135632,200000,0,2.117105055910003,0.009235082740366884,0.006427714999534718,452.30407416800955,0.004379948675365471,true,true,0.0277478,0
SV,backends,gamma,Xoshiro256PlusPlus,135632,200000,1,1.8371969960742396,-0.00753235085021231,0.006432717344137037,452.30407416800955,0.004379948675365471,true,true,0.0277478,0
SV,backends,gamma,PCG_RXS_M_XS_64,135632,200000,0,2.1104983647929005,0.0026283916232645588,0.006300433022780316,471.05692234924555,0.004118390031921116,true,true,0.0279197,0
SV,backends,gamma,PCG_RXS_M_XS_64,135632,200000,1,1.8397419629671017,-0.004987383957350211,0.006230909042425007,471.05692234924555,0.004118390031921116,true,true,0.0279197,0
SV,backends,gamma,MT19937,135632,200000,0,2.105359957683035,-0.002510015486600903,0.006493841937944312,469.41785725779226,0.004251577934898689,true,true,0.0288237,0
SV,backends,gamma,MT19937,135632,200000,1,1.8482892731107416,0.0035599261862897524,0.006340342944005261,469.41785725779226,0.004251577934898689,true,true,0.0288237,0
SV,backends,gamma,Random,135632,200000,0,2.112840450037843,0.004970476868206841,0.006635248796053384,444.3882470550766,0.004437541037660264,true,true,0.027105,0
SV,backends,gamma,Random,135632,200000,1,1.8426518765300846,-0.0020774703943673423,0.006520700867171241,444.3882470550766,0.004437541037660264,true,true,0.027105,0
SV,backends,dirichlet,L64X128MixRandom,135632,2000,0,0.710948402375334,-0.13006774834756707,2.803630901268677E-7,1.0000041707785559,0.9999979146150829,false,false,7.436E-4,0
SV,backends,dirichlet,L64X128MixRandom,135632,2000,1,1.93496011421688,0.024009358980245032,6.909369793855821E-7,1.0000041707785559,0.9999979146150829,false,false,7.436E-4,0
SV,backends,dirichlet,L64X128MixRandom,135632,2000,2,2.554341643683658,-0.08599763504019498,2.036826967428038E-6,1.0000041707785559,0.9999979146150829,false,false,7.436E-4,0
SV,backends,dirichlet,Xoshiro256PlusPlus,135632,2000,0,0.8267804066810664,-0.014235744041834586,0.00790769559708634,1.069742359580451,0.9662644582177949,true,false,7.247E-4,0
SV,backends,dirichlet,Xoshiro256PlusPlus,135632,2000,1,2.479911024996158,0.5689602697595231,0.03510245276914165,1.069742359580451,0.9662644582177949,false,false,7.247E-4,0
SV,backends,dirichlet,Xoshiro256PlusPlus,135632,2000,2,3.1995297502595976,0.5591904715357447,0.05237899958480971,1.069742359580451,0.9662644582177949,false,false,7.247E-4,0
SV,backends,dirichlet,PCG_RXS_M_XS_64,135632,2000,0,0.8167964880040401,-0.02421966271886089,2.5158989922009523E-4,1.0011043487265083,0.999448139684839,false,false,7.055E-4,0
SV,backends,dirichlet,PCG_RXS_M_XS_64,135632,2000,1,2.4750134792979264,0.5640627240612914,5.037193483907833E-4,1.0011043487265083,0.999448139684839,false,false,7.055E-4,0
SV,backends,dirichlet,PCG_RXS_M_XS_64,135632,2000,2,2.910545113092424,0.27020583436857093,1.124683190856272E-4,1.0011043487265083,0.999448139684839,false,false,7.055E-4,0
SV,backends,dirichlet,MT19937,135632,2000,0,0.7759521934344493,-0.06506395728845171,0.0,1.0000000213299691,0.9999999893350157,false,false,7.219E-4,0
SV,backends,dirichlet,MT19937,135632,2000,1,2.07032693037633,0.15937617513969493,0.0,1.0000000213299691,0.9999999893350157,false,false,7.219E-4,0
SV,backends,dirichlet,MT19937,135632,2000,2,2.9951726581271507,0.35483337940329784,0.0,1.0000000213299691,0.9999999893350157,false,false,7.219E-4,0
SV,backends,dirichlet,Random,135632,2000,0,0.8150779831323889,-0.02593816759051215,4.470347821228559E-8,1.0000002402165402,0.9999998798917455,false,false,6.83E-4,0
SV,backends,dirichlet,Random,135632,2000,1,2.06866134326844,0.15771058803180504,0.0,1.0000002402165402,0.9999998798917455,false,false,6.83E-4,0
SV,backends,dirichlet,Random,135632,2000,2,2.4223088906502777,-0.21803038807357522,0.0,1.0000002402165402,0.9999998798917455,false,false,6.83E-4,0
SV,backends,dirichlet,L64X128MixRandom,135632,20000,0,0.8082159703465002,-0.03280018037640087,0.047684496792442715,3.899089529142807,0.3831969627491027,true,false,0.006675,0
SV,backends,dirichlet,L64X128MixRandom,135632,20000,1,1.9550131845984606,0.044062429361825695,0.07688010552015671,3.899089529142807,0.3831969627491027,true,false,0.006675,0
SV,backends,dirichlet,L64X128MixRandom,135632,20000,2,2.7324993733681913,0.09216009464433839,0.1315742179544915,3.899089529142807,0.3831969627491027,true,false,0.006675,0
SV,backends,dirichlet,Xoshiro256PlusPlus,135632,20000,0,0.844710534200563,0.0036943834776619333,0.027798531992162045,2.2657891530616876,0.512259103476783,true,true,0.006889,0
SV,backends,dirichlet,Xoshiro256PlusPlus,135632,20000,1,1.9827258136762054,0.07177505843957044,0.12510407612692262,2.2657891530616876,0.512259103476783,true,false,0.006889,0
SV,backends,dirichlet,Xoshiro256PlusPlus,135632,20000,2,2.753211783566729,0.11287250484287625,0.006384196051097612,2.2657891530616876,0.512259103476783,false,false,0.006889,0
SV,backends,dirichlet,PCG_RXS_M_XS_64,135632,20000,0,0.8921392591744204,0.05112310845151935,0.03504371557483681,3.3526166282286605,0.47640276025960676,true,false,0.0068664,0
SV,backends,dirichlet,PCG_RXS_M_XS_64,135632,20000,1,2.0395415756579975,0.1285908204213626,0.08104615951405583,3.3526166282286605,0.47640276025960676,true,false,0.0068664,0
SV,backends,dirichlet,PCG_RXS_M_XS_64,135632,20000,2,3.032760776196105,0.39242149747225197,0.08202001455022868,3.3526166282286605,0.47640276025960676,false,false,0.0068664,0
SV,backends,dirichlet,MT19937,135632,20000,0,0.8066169197666384,-0.03439923095626263,0.07306623501818306,2.8664145746422225,0.4647846312337315,true,false,0.0069754,0
SV,backends,dirichlet,MT19937,135632,20000,1,1.8039473807829471,-0.1070033744536878,0.07591203431013827,2.8664145746422225,0.4647846312337315,true,false,0.0069754,0
SV,backends,dirichlet,MT19937,135632,20000,2,2.563537985215876,-0.07680129350797671,0.13885922396946065,2.8664145746422225,0.4647846312337315,true,false,0.0069754,0
SV,backends,dirichlet,Random,135632,20000,0,0.843202592959326,0.002186442236424946,0.02078129893669864,3.260944615246536,0.4101317877796367,true,true,0.0067569,0
SV,backends,dirichlet,Random,135632,20000,1,2.0264262232357972,0.1154754679991623,0.08747087112361922,3.260944615246536,0.4101317877796367,true,false,0.0067569,0
SV,backends,dirichlet,Random,135632,20000,2,2.589451468533757,-0.050887810190095806,0.16550607018093885,3.260944615246536,0.4101317877796367,true,false,0.0067569,0
SV,backends,dirichlet,L64X128MixRandom,135632,200000,0,0.8420770035151196,0.0010608527922185695,0.009691656324661615,6.747873034342038,0.30263280939698184,true,true,0.0653203,0
SV,backends,dirichlet,L64X128MixRandom,135632,200000,1,1.9237517869512848,0.012801031714649858,0.030970316512978435,6.747873034342038,0.30263280939698184,true,true,0.0653203,0
SV,backends,dirichlet,L64X128MixRandom,135632,200000,2,2.681947002505899,0.041607723782046246,0.044387917250874216,6.747873034342038,0.30263280939698184,true,false,0.0653203,0
SV,backends,dirichlet,Xoshiro256PlusPlus,135632,200000,0,0.8418338201892573,8.176694663563078E-4,0.013759808554774922,8.394188186525374,0.22510534383448189,true,true,0.0684028,0
SV,backends,dirichlet,Xoshiro256PlusPlus,135632,200000,1,1.9354663316123804,0.024515576375745418,0.033283390767151345,8.394188186525374,0.22510534383448189,true,false,0.0684028,0
SV,backends,dirichlet,Xoshiro256PlusPlus,135632,200000,2,2.6529542227817684,0.012614944057915523,0.049052441616433094,8.394188186525374,0.22510534383448189,true,true,0.0684028,0
SV,backends,dirichlet,PCG_RXS_M_XS_64,135632,200000,0,0.8483188049984072,0.0073026542755061374,0.009852969750400295,9.62545108401274,0.18066376415466243,true,false,0.0680232,0
SV,backends,dirichlet,PCG_RXS_M_XS_64,135632,200000,1,1.924236079721887,0.013285324485251992,0.02554046016374032,9.62545108401274,0.18066376415466243,true,true,0.0680232,0
SV,backends,dirichlet,PCG_RXS_M_XS_64,135632,200000,2,2.6480068483271815,0.0076675696033285945,0.04251750614897702,9.62545108401274,0.18066376415466243,true,true,0.0680232,0
SV,backends,dirichlet,MT19937,135632,200000,0,0.8649951951168006,0.02397904439389953,0.015507636872317262,10.093439752899455,0.2106902323216312,true,false,0.0715111,0
SV,backends,dirichlet,MT19937,135632,200000,1,1.9114701493728747,5.193941362398036E-4,0.037293960357370516,10.093439752899455,0.2106902323216312,true,true,0.0715111,0
SV,backends,dirichlet,MT19937,135632,200000,2,2.576668012001886,-0.06367126672196699,0.043618961017471716,10.093439752899455,0.2106902323216312,true,false,0.0715111,0
SV,backends,dirichlet,Random,135632,200000,0,0.8461891363316841,0.005172985608783098,0.01241741574744995,12.423736448383869,0.1652733007860731,true,true,0.067527,0
SV,backends,dirichlet,Random,135632,200000,1,1.8696442245248004,-0.041306530711834544,0.023078152018831642,12.423736448383869,0.1652733007860731,true,false,0.067527,0
SV,backends,dirichlet,Random,135632,200000,2,2.592606962544546,-0.047732316179307066,0.02984937817648276,12.423736448383869,0.1652733007860731,true,false,0.067527,0
SV,backends,gamma,L64X128MixRandom,143551,2000,0,2.063428092388416,-0.04444188078121991,0.0400838932259145,6.530129528041993,0.25313480664720156,true,false,3.197E-4,0
SV,backends,gamma,L64X128MixRandom,143551,2000,1,1.8746913691025044,0.02996202217805255,0.039544262471951135,6.530129528041993,0.25313480664720156,true,false,3.197E-4,0
SV,backends,gamma,Xoshiro256PlusPlus,143551,2000,0,2.1454809310885277,0.037610957918891685,0.04885995454930567,2.8300691873532577,0.5522187598144858,true,false,3.028E-4,0
SV,backends,gamma,Xoshiro256PlusPlus,143551,2000,1,1.78450642182214,-0.060222925102311864,0.05643485800143747,2.8300691873532577,0.5522187598144858,true,false,3.028E-4,0
SV,backends,gamma,PCG_RXS_M_XS_64,143551,2000,0,2.117609640339589,0.009739667169953226,0.09098330838138488,5.838345660151847,0.28722738269247083,true,true,2.913E-4,0
SV,backends,gamma,PCG_RXS_M_XS_64,143551,2000,1,1.8241759092259826,-0.02055343769846929,0.09952368316570973,5.838345660151847,0.28722738269247083,true,false,2.913E-4,0
SV,backends,gamma,MT19937,143551,2000,0,2.058804276338292,-0.049065696831343875,0.0599838489064992,7.886334141388464,0.2212434981807676,true,false,2.935E-4,0
SV,backends,gamma,MT19937,143551,2000,1,1.9421344305219568,0.09740508359750488,0.06136856239753216,7.886334141388464,0.2212434981807676,true,false,2.935E-4,0
SV,backends,gamma,Random,143551,2000,0,2.131558511811734,0.023688538642097967,0.06960389476788395,8.360274249313179,0.1913733370716751,true,false,2.732E-4,0
SV,backends,gamma,Random,143551,2000,1,1.8568837164292986,0.012154369504846718,0.06327968964564072,8.360274249313179,0.1913733370716751,true,true,2.732E-4,0
SV,backends,gamma,L64X128MixRandom,143551,20000,0,2.0731207885707943,-0.03474918459884169,0.020588381610404258,50.54129802230074,0.03876336437963791,true,false,0.0024841,0
SV,backends,gamma,L64X128MixRandom,143551,20000,1,1.8729056605060836,0.02817631358163175,0.01890479627627783,50.54129802230074,0.03876336437963791,true,false,0.0024841,0
SV,backends,gamma,Xoshiro256PlusPlus,143551,20000,0,2.109388391972038,0.0015184188024019996,0.026455519281883184,41.52465076165873,0.06293543083448057,true,true,0.0028062,0
SV,backends,gamma,Xoshiro256PlusPlus,143551,20000,1,1.8631700679254444,0.018440721000992477,0.02771808409181124,41.52465076165873,0.06293543083448057,true,true,0.0028062,0
SV,backends,gamma,PCG_RXS_M_XS_64,143551,20000,0,2.089578976560486,-0.01829099660914979,0.025096014752512594,43.80444560089867,0.04812635242218533,true,true,0.0027797,0
SV,backends,gamma,PCG_RXS_M_XS_64,143551,20000,1,1.858834312809023,0.014104965884571108,0.02432708064647088,43.80444560089867,0.04812635242218533,true,true,0.0027797,0
SV,backends,gamma,MT19937,143551,20000,0,2.1203459456154876,0.012475972445851635,0.020143437658043262,50.73883066921562,0.0398511665643073,true,true,0.0028452,0
SV,backends,gamma,MT19937,143551,20000,1,1.8362904166593441,-0.00843893026510778,0.020359168310205386,50.73883066921562,0.0398511665643073,true,true,0.0028452,0
SV,backends,gamma,Random,143551,20000,0,2.125870282966674,0.01800030979703804,0.022115176912283194,47.64662415300245,0.04407843279223229,true,true,0.0027466,0
SV,backends,gamma,Random,143551,20000,1,1.8228732223009374,-0.021856124623514495,0.021631976187616933,47.64662415300245,0.04407843279223229,true,false,0.0027466,0
SV,backends,gamma,L64X128MixRandom,143551,200000,0,2.1013646288446393,-0.00650534432499672,0.006520071510910077,443.91493485581486,0.00441896479057174,true,true,0.0247823,0
SV,backends,gamma,L64X128MixRandom,143551,200000,1,1.8498256008620495,0.005096253937597606,0.006578912206999103,443.91493485581486,0.00441896479057174,true,true,0.0247823,0
SV,backends,gamma,Xoshiro256PlusPlus,143551,200000,0,2.100278391766219,-0.007591581403417091,0.00639041823290915,434.3302239336105,0.004575076109747873,true,true,0.0277692,0
SV,backends,gamma,Xoshiro256PlusPlus,143551,200000,1,1.8543618844731191,0.00963253754866722,0.006328864258122976,434.3302239336105,0.004575076109747873,true,true,0.0277692,0
SV,backends,gamma,PCG_RXS_M_XS_64,143551,200000,0,2.116079170431248,0.008209197261611845,0.006938868917122404,433.44433837688337,0.004745741428741418,true,true,0.0276626,0
SV,backends,gamma,PCG_RXS_M_XS_64,143551,200000,1,1.84025894780746,-0.004470399116991874,0.006696073890597525,433.44433837688337,0.004745741428741418,true,true,0.0276626,0
SV,backends,gamma,MT19937,143551,200000,0,2.1129574195791077,0.005087446409471674,0.00654739209434594,466.0469169351002,0.004325676789629693,true,true,0.0297963,0
SV,backends,gamma,MT19937,143551,200000,1,1.8400358355258244,-0.0046935113986275034,0.00643879732616157,466.0469169351002,0.004325676789629693,true,true,0.0297963,0
SV,backends,gamma,Random,143551,200000,0,2.105469777570342,-0.0024001955992938306,0.0065564638328206954,440.8680419364035,0.004368981589315054,true,true,0.0270234,0
SV,backends,gamma,Random,143551,200000,1,1.8412359331874988,-0.0034934137369531104,0.0065784700132811135,440.8680419364035,0.004368981589315054,true,true,0.0270234,0
SV,backends,dirichlet,L64X128MixRandom,143551,2000,0,1.135160945884207,0.29414479516130587,3.183321845594948E-4,1.0046160065691183,0.9976976341577046,false,false,7.111E-4,0
SV,backends,dirichlet,L64X128MixRandom,143551,2000,1,2.497631829189174,0.586681073952539,0.0023576469992442907,1.0046160065691183,0.9976976341577046,false,false,7.111E-4,0
SV,backends,dirichlet,L64X128MixRandom,143551,2000,2,3.1342472978943765,0.4939080191705236,3.8320121313803506E-4,1.0046160065691183,0.9976976341577046,false,false,7.111E-4,0
SV,backends,dirichlet,Xoshiro256PlusPlus,143551,2000,0,0.7075973905182578,-0.13341876020464327,0.0303262726654761,1.8386830170137638,0.6481005540989319,false,false,7.379E-4,0
SV,backends,dirichlet,Xoshiro256PlusPlus,143551,2000,1,1.595487201386329,-0.3154635538503059,0.08697722215476117,1.8386830170137638,0.6481005540989319,false,false,7.379E-4,0
SV,backends,dirichlet,Xoshiro256PlusPlus,143551,2000,2,2.1286121977243244,-0.5117270809995285,0.2060024996752956,1.8386830170137638,0.6481005540989319,false,false,7.379E-4,0
SV,backends,dirichlet,PCG_RXS_M_XS_64,143551,2000,0,0.8631722381118914,0.02215608738899033,1.900998730191222E-4,1.0116303896245673,0.9942182317756715,false,false,7.069E-4,0
SV,backends,dirichlet,PCG_RXS_M_XS_64,143551,2000,1,1.7738483663249751,-0.13710238891165982,0.002925373247174174,1.0116303896245673,0.9942182317756715,false,false,7.069E-4,0
SV,backends,dirichlet,PCG_RXS_M_XS_64,143551,2000,2,3.094430396394798,0.454091117670945,0.004492449430658156,1.0116303896245673,0.9942182317756715,false,false,7.069E-4,0
SV,backends,dirichlet,MT19937,143551,2000,0,0.7258994411053031,-0.1151167096175979,8.527975842986232E-4,1.0131427967418956,0.993471255800315,false,false,7.08E-4,0
SV,backends,dirichlet,MT19937,143551,2000,1,1.864335397154389,-0.04661535808224593,0.0016803458183479159,1.0131427967418956,0.993471255800315,false,false,7.08E-4,0
SV,backends,dirichlet,MT19937,143551,2000,2,2.669214206426621,0.028874927702768005,0.0056290901696292445,1.0131427967418956,0.993471255800315,false,false,7.08E-4,0
SV,backends,dirichlet,Random,143551,2000,0,0.6796121911887071,-0.16140395953419395,0.009947008774444948,1.1382014902574324,0.9365326215279632,false,false,6.795E-4,0
SV,backends,dirichlet,Random,143551,2000,1,1.9058517081338122,-0.005099047102822718,0.009018767181585004,1.1382014902574324,0.9365326215279632,true,true,6.795E-4,0
SV,backends,dirichlet,Random,143551,2000,2,2.7163129150775713,0.07597363635371845,0.02227415670766834,1.1382014902574324,0.9365326215279632,false,false,6.795E-4,0
SV,backends,dirichlet,L64X128MixRandom,143551,20000,0,0.8750364506570332,0.03402029993413214,0.013431844684544359,2.0189666925641414,0.6103705874701968,false,false,0.0065149,0
SV,backends,dirichlet,L64X128MixRandom,143551,20000,1,1.988717336111578,0.07776658087494304,0.09749165618505709,2.0189666925641414,0.6103705874701968,true,false,0.0065149,0
SV,backends,dirichlet,L64X128MixRandom,143551,20000,2,2.7161322117384015,0.07579293301454859,0.183527875440976,2.0189666925641414,0.6103705874701968,true,false,0.0065149,0
SV,backends,dirichlet,Xoshiro256PlusPlus,143551,20000,0,0.9026371812460715,0.06162103052317047,0.056385668092274514,3.8076546820424486,0.409318474270527,true,false,0.0068799,0
SV,backends,dirichlet,Xoshiro256PlusPlus,143551,20000,1,1.9265383314191526,0.015587576182517715,0.08691635967856604,3.8076546820424486,0.409318474270527,true,false,0.0068799,0
SV,backends,dirichlet,Xoshiro256PlusPlus,143551,20000,2,2.5984961538184415,-0.04184312490541142,0.14458401639958238,3.8076546820424486,0.409318474270527,true,false,0.0068799,0
SV,backends,dirichlet,PCG_RXS_M_XS_64,143551,20000,0,0.863513082740233,0.02249693201733194,0.04914756617730091,3.6292323645180855,0.39135270645844256,true,false,0.006867,0
SV,backends,dirichlet,PCG_RXS_M_XS_64,143551,20000,1,1.9159600921104518,0.005009336873816883,0.07603881239832966,3.6292323645180855,0.39135270645844256,true,true,0.006867,0
SV,backends,dirichlet,PCG_RXS_M_XS_64,143551,20000,2,2.7141543377399264,0.07381505901607355,0.09973726248501033,3.6292323645180855,0.39135270645844256,true,false,0.006867,0
SV,backends,dirichlet,MT19937,143551,20000,0,0.7421248481480873,-0.09889130257481371,0.008791362427130085,1.9342510038757887,0.6246099657413282,false,false,0.0070214,0
SV,backends,dirichlet,MT19937,143551,20000,1,1.7448876195810668,-0.16606313565556818,0.06251052067792244,1.9342510038757887,0.6246099657413282,false,false,0.0070214,0
SV,backends,dirichlet,MT19937,143551,20000,2,2.579827584974238,-0.06051169374961507,0.04632939479202065,1.9342510038757887,0.6246099657413282,true,false,0.0070214,0
SV,backends,dirichlet,Random,143551,20000,0,0.8355148012866581,-0.005501349436242919,7.152796811128897E-4,1.0231354998685378,0.9886093766011966,false,true,0.0067417,0
SV,backends,dirichlet,Random,143551,20000,1,2.075307613629195,0.1643568583925601,0.002830013903201725,1.0231354998685378,0.9886093766011966,false,false,0.0067417,0
SV,backends,dirichlet,Random,143551,20000,2,2.709175735889168,0.06883645716531506,0.002767516715040929,1.0231354998685378,0.9886093766011966,false,false,0.0067417,0
SV,backends,dirichlet,L64X128MixRandom,143551,200000,0,0.8687154745560228,0.02769932383312179,0.009899676439993623,7.8964531724976395,0.26775792073938415,false,false,0.0645599,0
SV,backends,dirichlet,L64X128MixRandom,143551,200000,1,1.9319682101132387,0.02101745487660378,0.03501382952683534,7.8964531724976395,0.26775792073938415,true,false,0.0645599,0
SV,backends,dirichlet,L64X128MixRandom,143551,200000,2,2.682360410006733,0.04202113128288021,0.05448011568796412,7.8964531724976395,0.26775792073938415,true,false,0.0645599,0
SV,backends,dirichlet,Xoshiro256PlusPlus,143551,200000,0,0.8423973051648529,0.0013811544419518595,0.009960854559639432,10.60705575693416,0.1888776319534976,true,true,0.0693353,0
SV,backends,dirichlet,Xoshiro256PlusPlus,143551,200000,1,1.9346358437221618,0.023685088485526862,0.03801955095330065,10.60705575693416,0.1888776319534976,true,false,0.0693353,0
SV,backends,dirichlet,Xoshiro256PlusPlus,143551,200000,2,2.717024034862593,0.07668475613874026,0.039000584385986005,10.60705575693416,0.1888776319534976,false,false,0.0693353,0
SV,backends,dirichlet,PCG_RXS_M_XS_64,143551,200000,0,0.8828251290503312,0.041808978327430135,0.010584512427061522,17.745082422427696,0.14283767093230942,false,false,0.0698752,0
SV,backends,dirichlet,PCG_RXS_M_XS_64,143551,200000,1,2.02400374918475,0.11305299394811485,0.029285580723385118,17.745082422427696,0.14283767093230942,false,false,0.0698752,0
SV,backends,dirichlet,PCG_RXS_M_XS_64,143551,200000,2,2.780070985287063,0.13973170656321,0.03018171891375781,17.745082422427696,0.14283767093230942,false,false,0.0698752,0
SV,backends,dirichlet,MT19937,143551,200000,0,0.849826746368792,0.008810595645890928,0.012082792664412213,13.277503554159606,0.20531902646069145,true,false,0.0692664,0
SV,backends,dirichlet,MT19937,143551,200000,1,1.9620193678003401,0.05106861256370521,0.02823088056919056,13.277503554159606,0.20531902646069145,true,false,0.0692664,0
SV,backends,dirichlet,MT19937,143551,200000,2,2.6712050274071895,0.03086574868333658,0.04613533156916456,13.277503554159606,0.20531902646069145,true,false,0.0692664,0
SV,backends,dirichlet,Random,143551,200000,0,0.8513742381271207,0.010358087404219618,0.017929152630490358,7.650700623199641,0.2945065113132103,true,false,0.0682767,0
SV,backends,dirichlet,Random,143551,200000,1,1.926312766505667,0.015362011269032028,0.04124429428785907,7.650700623199641,0.2945065113132103,true,false,0.0682767,0
SV,backends,dirichlet,Random,143551,200000,2,2.672450551329958,0.032111272606105246,0.04025796285308232,7.650700623199641,0.2945065113132103,true,false,0.0682767,0
SV,backends,gamma,L64X128MixRandom,151470,2000,0,2.0014109091853225,-0.10645906398431348,0.11965386091049786,6.837824662057745,0.21278888716050468,true,false,3.169E-4,0
SV,backends,gamma,L64X128MixRandom,151470,2000,1,1.994826890488716,0.1500975435642642,0.124224970569984,6.837824662057745,0.21278888716050468,true,false,3.169E-4,0
SV,backends,gamma,Xoshiro256PlusPlus,151470,2000,0,2.1662558050787912,0.05838583190915525,0.08912602727335846,4.391754069067919,0.3423807820378841,true,false,3.022E-4,0
SV,backends,gamma,Xoshiro256PlusPlus,151470,2000,1,1.8560540386156048,0.01132469169115291,0.0865021597449975,4.391754069067919,0.3423807820378841,true,true,3.022E-4,0
SV,backends,gamma,PCG_RXS_M_XS_64,151470,2000,0,2.3137420069124244,0.2058720337427884,0.03806262786105541,3.5661253911982165,0.37953060554410234,false,false,2.969E-4,0
SV,backends,gamma,PCG_RXS_M_XS_64,151470,2000,1,1.7073222832515609,-0.13740706367289102,0.03923375449322622,3.5661253911982165,0.37953060554410234,false,false,2.969E-4,0
SV,backends,gamma,MT19937,151470,2000,0,2.082250548087304,-0.025619425082331837,0.0508150437694688,8.096124507273453,0.20665440744174357,true,false,3.201E-4,0
SV,backends,gamma,MT19937,151470,2000,1,1.8548736862332669,0.010144339308814976,0.051415158904126027,8.096124507273453,0.20665440744174357,true,true,3.201E-4,0
SV,backends,gamma,Random,151470,2000,0,2.097976875589073,-0.009893097580563115,0.04722436095830785,2.3329897031647877,0.6317652990827302,true,true,2.774E-4,0
SV,backends,gamma,Random,151470,2000,1,1.7660229258739202,-0.07870642105053172,0.03517646496257109,2.3329897031647877,0.6317652990827302,false,false,2.774E-4,0
SV,backends,gamma,L64X128MixRandom,151470,20000,0,2.117926538775482,0.010056565605846224,0.022507900024563113,38.214304687902825,0.06028016215585346,true,true,0.0025071,0
SV,backends,gamma,L64X128MixRandom,151470,20000,1,1.824167241881319,-0.020562105043132828,0.024189713082612196,38.214304687902825,0.06028016215585346,true,false,0.0025071,0
SV,backends,gamma,Xoshiro256PlusPlus,151470,20000,0,2.1048893464199825,-0.002980626749653492,0.019336538107263525,41.79627314909927,0.046148769650941085,true,true,0.0027986,0
SV,backends,gamma,Xoshiro256PlusPlus,151470,20000,1,1.8418767962987859,-0.0028525506256660282,0.020337792466807465,41.79627314909927,0.046148769650941085,true,true,0.0027986,0
SV,backends,gamma,PCG_RXS_M_XS_64,151470,20000,0,2.1354992351802458,0.02762926201060978,0.01997915550974641,40.285385328943136,0.05149272630718406,true,false,0.0027779,0
SV,backends,gamma,PCG_RXS_M_XS_64,151470,20000,1,1.838278003118418,-0.006451343806033849,0.02100302205533809,40.285385328943136,0.05149272630718406,true,true,0.0027779,0
SV,backends,gamma,MT19937,151470,20000,0,2.110600637851567,0.00273066468193095,0.02163145238455079,50.614594746535396,0.036255941816578825,true,true,0.002846,0
SV,backends,gamma,MT19937,151470,20000,1,1.8522054641172778,0.007476117192825926,0.020611026693866556,50.614594746535396,0.036255941816578825,true,true,0.002846,0
SV,backends,gamma,Random,151470,20000,0,2.13995918657552,0.03208921340588411,0.019833135415716508,39.72309962595144,0.04289317080737636,true,false,0.0026958,0
SV,backends,gamma,Random,151470,20000,1,1.8029843471820843,-0.04174499974236756,0.019563804091107525,39.72309962595144,0.04289317080737636,false,false,0.0026958,0
SV,backends,gamma,L64X128MixRandom,151470,200000,0,2.1140686610786625,0.006198687909026557,0.006661757146439197,412.63387030421626,0.0046817180107253395,true,true,0.0257619,0
SV,backends,gamma,L64X128MixRandom,151470,200000,1,1.8332525113511913,-0.011476835573260624,0.006692903800110614,412.63387030421626,0.0046817180107253395,true,true,0.0257619,0
SV,backends,gamma,Xoshiro256PlusPlus,151470,200000,0,2.109535416317241,0.0016654431476048615,0.006649271315907429,417.08076783231456,0.00477323605838303,true,true,0.0279749,0
SV,backends,gamma,Xoshiro256PlusPlus,151470,200000,1,1.8403079991261075,-0.004421347798344355,0.0066062902205661364,417.08076783231456,0.00477323605838303,true,true,0.0279749,0
SV,backends,gamma,PCG_RXS_M_XS_64,151470,200000,0,2.1021657271404166,-0.005704246029219373,0.006437190093316024,449.77744647473884,0.004303658123255037,true,true,0.027775,0
SV,backends,gamma,PCG_RXS_M_XS_64,151470,200000,1,1.8515798656796107,0.006850518755158852,0.006228276182220146,449.77744647473884,0.004303658123255037,true,true,0.027775,0
SV,backends,gamma,MT19937,151470,200000,0,2.0989167569225557,-0.008953216247080231,0.006601310420702487,424.07344068447827,0.004671170281195552,true,true,0.028432,0
SV,backends,gamma,MT19937,151470,200000,1,1.8520835958115835,0.007354248887131654,0.006625237921317584,424.07344068447827,0.004671170281195552,true,true,0.028432,0
SV,backends,gamma,Random,151470,200000,0,2.1037102678538613,-0.004159705315774698,0.006686025236304816,458.2854779533659,0.004317589674603565,true,true,0.0270128,0
SV,backends,gamma,Random,151470,200000,1,1.8457639485835984,0.0010346016591464835,0.006541190950314144,458.2854779533659,0.004317589674603565,true,true,0.0270128,0
SV,backends,dirichlet,L64X128MixRandom,151470,2000,0,0.8747278546014623,0.03371170387856126,0.020227592714066836,1.2548247965224868,0.8853076803320266,true,false,7.073E-4,0
SV,backends,dirichlet,L64X128MixRandom,151470,2000,1,1.8428367647292823,-0.06811399050735267,0.17471339673479735,1.2548247965224868,0.8853076803320266,true,false,7.073E-4,0
SV,backends,dirichlet,L64X128MixRandom,151470,2000,2,3.3312977407056787,0.6909584619818259,0.026758945031512493,1.2548247965224868,0.8853076803320266,false,false,7.073E-4,0
SV,backends,dirichlet,Xoshiro256PlusPlus,151470,2000,0,0.7618612159985261,-0.07915493472437496,4.4377273188719224E-5,1.0003721008082107,0.9998139902051857,false,false,7.161E-4,0
SV,backends,dirichlet,Xoshiro256PlusPlus,151470,2000,1,2.1503090016099544,0.23935824637331948,1.2317700429902563E-4,1.0003721008082107,0.9998139902051857,false,false,7.161E-4,0
SV,backends,dirichlet,Xoshiro256PlusPlus,151470,2000,2,3.4956229427189256,0.8552836639950727,1.2681752721177986E-4,1.0003721008082107,0.9998139902051857,false,false,7.161E-4,0
SV,backends,dirichlet,PCG_RXS_M_XS_64,151470,2000,0,0.8509865131212238,0.009970362398322719,1.858010830867235E-4,1.0017344275719944,0.999133572934418,false,false,6.984E-4,0
SV,backends,dirichlet,PCG_RXS_M_XS_64,151470,2000,1,2.191983309882888,0.2810325546462529,6.221404031084197E-4,1.0017344275719944,0.999133572934418,false,false,6.984E-4,0
SV,backends,dirichlet,PCG_RXS_M_XS_64,151470,2000,2,2.2571676189968697,-0.3831716597269832,7.742706059593009E-4,1.0017344275719944,0.999133572934418,false,false,6.984E-4,0
SV,backends,dirichlet,MT19937,151470,2000,0,1.145564761642612,0.30454861091971086,1.3665063031294318E-6,1.000029802066765,0.9999850992056115,false,false,7.088E-4,0
SV,backends,dirichlet,MT19937,151470,2000,1,2.3017810191455337,0.39083026390889875,1.4926279007255334E-5,1.000029802066765,0.9999850992056115,false,false,7.088E-4,0
SV,backends,dirichlet,MT19937,151470,2000,2,3.130521390920787,0.4901821121969343,7.780858942053927E-6,1.000029802066765,0.9999850992056115,false,false,7.088E-4,0
SV,backends,dirichlet,Random,151470,2000,0,0.7870641710548855,-0.05395197966801557,1.4901160320980199E-8,1.000000117154295,0.9999999414228565,false,false,6.841E-4,0
SV,backends,dirichlet,Random,151470,2000,1,2.0928901423668576,0.18193938713022262,0.0,1.000000117154295,0.9999999414228565,false,false,6.841E-4,0
SV,backends,dirichlet,Random,151470,2000,2,2.4545812912991036,-0.18575798742474925,5.161913353533413E-8,1.000000117154295,0.9999999414228565,false,false,6.841E-4,0
SV,backends,dirichlet,L64X128MixRandom,151470,20000,0,0.8215217812975811,-0.019494369425319902,0.014149680251215253,2.091400899751347,0.561877319126133,true,false,0.0064934,0
SV,backends,dirichlet,L64X128MixRandom,151470,20000,1,1.5990187882484772,-0.3119319669881577,0.029907067310539753,2.091400899751347,0.561877319126133,false,false,0.0064934,0
SV,backends,dirichlet,L64X128MixRandom,151470,20000,2,2.3283020004516066,-0.31203727827224625,0.15319379991104484,2.091400899751347,0.561877319126133,false,false,0.0064934,0
SV,backends,dirichlet,Xoshiro256PlusPlus,151470,20000,0,0.8190903254515803,-0.021925825271320698,0.03601066444035053,2.302176742418031,0.5264907375416222,true,false,0.0070356,0
SV,backends,dirichlet,Xoshiro256PlusPlus,151470,20000,1,2.018591803536407,0.10764104829977206,0.12211456113442742,2.302176742418031,0.5264907375416222,true,false,0.0070356,0
SV,backends,dirichlet,Xoshiro256PlusPlus,151470,20000,2,2.529068614449769,-0.11127066427408394,0.2001324382321211,2.302176742418031,0.5264907375416222,true,false,0.0070356,0
SV,backends,dirichlet,PCG_RXS_M_XS_64,151470,20000,0,0.9392575326564585,0.09824138193355747,0.02580002722657426,1.2759875762543764,0.8811976306452478,false,false,0.0068968,0
SV,backends,dirichlet,PCG_RXS_M_XS_64,151470,20000,1,2.010943091507399,0.0999923362707642,0.011748618033467864,1.2759875762543764,0.8811976306452478,false,false,0.0068968,0
SV,backends,dirichlet,PCG_RXS_M_XS_64,151470,20000,2,2.9873508041947066,0.3470115254708537,0.019966450335683533,1.2759875762543764,0.8811976306452478,false,false,0.0068968,0
SV,backends,dirichlet,MT19937,151470,20000,0,0.7266124938176496,-0.11440365690525145,0.03933051473960027,2.256857496595454,0.4789763756451195,false,false,0.0069318,0
SV,backends,dirichlet,MT19937,151470,20000,1,1.6216183544306793,-0.2893324008059557,0.06941034955150154,2.256857496595454,0.4789763756451195,false,false,0.0069318,0
SV,backends,dirichlet,MT19937,151470,20000,2,2.190557885171372,-0.44978139355248103,0.05688984484457282,2.256857496595454,0.4789763756451195,false,false,0.0069318,0
SV,backends,dirichlet,Random,151470,20000,0,0.858842334226623,0.017826183503722004,0.015589958290139275,1.2848772458280113,0.8791047062512094,true,false,0.006774,0
SV,backends,dirichlet,Random,151470,20000,1,1.966931996702163,0.055981241465528075,0.032091318442493265,1.2848772458280113,0.8791047062512094,true,false,0.006774,0
SV,backends,dirichlet,Random,151470,20000,2,2.7388712566283484,0.09853197790449553,0.056417759545955765,1.2848772458280113,0.8791047062512094,true,false,0.006774,0
SV,backends,dirichlet,L64X128MixRandom,151470,200000,0,0.8584862244946518,0.017470073771750805,0.007883251300579451,12.71365464807552,0.16710793188972958,false,false,0.0660248,0
SV,backends,dirichlet,L64X128MixRandom,151470,200000,1,1.9362398600684267,0.02528910483179181,0.03125756284584818,12.71365464807552,0.16710793188972958,true,false,0.0660248,0
SV,backends,dirichlet,L64X128MixRandom,151470,200000,2,2.7178877751523745,0.07754849642852157,0.03866804979399227,12.71365464807552,0.16710793188972958,false,false,0.0660248,0
SV,backends,dirichlet,Xoshiro256PlusPlus,151470,200000,0,0.8397064199155403,-0.0013097308073607428,0.019077805607286807,9.474266776486475,0.2406092804702861,true,true,0.0682696,0
SV,backends,dirichlet,Xoshiro256PlusPlus,151470,200000,1,1.9316411605812362,0.020690405344601315,0.032319459858037025,9.474266776486475,0.2406092804702861,true,false,0.0682696,0
SV,backends,dirichlet,Xoshiro256PlusPlus,151470,200000,2,2.6651763473781482,0.024837068654295358,0.043875493878408174,9.474266776486475,0.2406092804702861,true,false,0.0682696,0
SV,backends,dirichlet,PCG_RXS_M_XS_64,151470,200000,0,0.8479562601286799,0.006940109405778827,0.016255155122110596,7.687854487274844,0.264811851064621,true,false,0.0681248,0
SV,backends,dirichlet,PCG_RXS_M_XS_64,151470,200000,1,1.9865607548849684,0.07560999964833348,0.025718932582228383,7.687854487274844,0.264811851064621,false,false,0.0681248,0
SV,backends,dirichlet,PCG_RXS_M_XS_64,151470,200000,2,2.709663178010316,0.06932389928646332,0.05359983257783007,7.687854487274844,0.264811851064621,true,false,0.0681248,0
SV,backends,dirichlet,MT19937,151470,200000,0,0.8504551730017516,0.009439022278850517,0.013546552484446396,6.254112499386951,0.2546414739959236,true,false,0.0702486,0
SV,backends,dirichlet,MT19937,151470,200000,1,1.9006234384083929,-0.010327316828242061,0.029329465914096572,6.254112499386951,0.2546414739959236,true,true,0.0702486,0
SV,backends,dirichlet,MT19937,151470,200000,2,2.6748183742260023,0.03447909550214945,0.0435582442637551,6.254112499386951,0.2546414739959236,true,false,0.0702486,0
SV,backends,dirichlet,Random,151470,200000,0,0.8433690628638948,0.002352912140993757,0.010928584764853276,9.774271302879816,0.2100179280614283,true,true,0.0671872,0
SV,backends,dirichlet,Random,151470,200000,1,1.9357098767636094,0.02475912152697446,0.030271671191753044,9.774271302879816,0.2100179280614283,true,false,0.0671872,0
SV,backends,dirichlet,Random,151470,200000,2,2.7006276972254675,0.060288418501614593,0.032469331577455005,9.774271302879816,0.2100179280614283,true,false,0.0671872,0
SV,backends,gamma,L64X128MixRandom,159389,2000,0,2.0677761581823244,-0.04009381498731157,0.04535893205483114,5.330799587098671,0.34173316133202286,true,false,3.381E-4,0
SV,backends,gamma,L64X128MixRandom,159389,2000,1,1.8791134408720107,0.034384093947558814,0.05653344907647446,5.330799587098671,0.34173316133202286,true,false,3.381E-4,0
SV,backends,gamma,Xoshiro256PlusPlus,159389,2000,0,2.0600677133864393,-0.04780225978319663,0.04600095389901007,6.023016478401253,0.27070199090697705,true,false,3.286E-4,0
SV,backends,gamma,Xoshiro256PlusPlus,159389,2000,1,1.8887596741758947,0.04403032725144285,0.053662943577995906,6.023016478401253,0.27070199090697705,true,false,3.286E-4,0
SV,backends,gamma,PCG_RXS_M_XS_64,159389,2000,0,2.1887409315110906,0.08087095834145464,0.08529695807198068,2.826729258022277,0.5296202048173902,true,false,3.047E-4,0
SV,backends,gamma,PCG_RXS_M_XS_64,159389,2000,1,1.8114328073894983,-0.033296539534953595,0.07914904042468573,2.826729258022277,0.5296202048173902,true,false,3.047E-4,0
SV,backends,gamma,MT19937,159389,2000,0,2.0659496602803187,-0.0419203128893173,0.07167416625926026,3.58625405362955,0.4038092497238715,true,false,3.095E-4,0
SV,backends,gamma,MT19937,159389,2000,1,1.9080413440693662,0.06331199714491431,0.07060262775648955,3.58625405362955,0.4038092497238715,true,false,3.095E-4,0
SV,backends,gamma,Random,159389,2000,0,2.0883829088845975,-0.019487064285038436,0.09168810690814062,5.215391053895229,0.3001395894309739,true,true,2.797E-4,0
SV,backends,gamma,Random,159389,2000,1,1.85464992077331,0.009920573848858139,0.08044461566763161,5.215391053895229,0.3001395894309739,true,true,2.797E-4,0
SV,backends,gamma,L64X128MixRandom,159389,20000,0,2.1152737796782524,0.007403806508616384,0.021572362740178756,47.42326103256751,0.04281686473080763,true,true,0.0025643,0
SV,backends,gamma,L64X128MixRandom,159389,20000,1,1.8364951364161621,-0.008234210508289763,0.021540488811902677,47.42326103256751,0.04281686473080763,true,true,0.0025643,0
SV,backends,gamma,Xoshiro256PlusPlus,159389,20000,0,2.1102884239947293,0.002418450825093288,0.019970985767695924,53.82992108792123,0.04138123858139607,true,true,0.0028776,0
SV,backends,gamma,Xoshiro256PlusPlus,159389,20000,1,1.846472633245752,0.0017432863213000527,0.021290864230009605,53.82992108792123,0.04138123858139607,true,true,0.0028776,0
SV,backends,gamma,PCG_RXS_M_XS_64,159389,20000,0,2.090010038998757,-0.017859934170878944,0.020726034451707995,48.17426197848821,0.03888412255139191,true,true,0.0028267,0
SV,backends,gamma,PCG_RXS_M_XS_64,159389,20000,1,1.871187999897218,0.026458652972766172,0.019963195914241373,48.17426197848821,0.03888412255139191,true,false,0.0028267,0
SV,backends,gamma,MT19937,159389,20000,0,2.089180050473388,-0.01868992269624803,0.018947690883987657,40.83567430266324,0.044446432463143504,true,true,0.0028497,0
SV,backends,gamma,MT19937,159389,20000,1,1.8625564005701374,0.017827053645685487,0.020547098020969334,40.83567430266324,0.044446432463143504,true,true,0.0028497,0
SV,backends,gamma,Random,159389,20000,0,2.1033982423477724,-0.004471730821863584,0.025003901101600504,39.9913820945027,0.05167857975302443,true,true,0.0026923,0
SV,backends,gamma,Random,159389,20000,1,1.8443278029761874,-4.0154394826452666E-4,0.02630759950176934,39.9913820945027,0.05167857975302443,true,true,0.0026923,0
SV,backends,gamma,L64X128MixRandom,159389,200000,0,2.1096031749765265,0.0017332018068905164,0.006878149503627779,410.89432292186194,0.004814084260388769,true,true,0.02473,0
SV,backends,gamma,L64X128MixRandom,159389,200000,1,1.8401645492738412,-0.004564797650610686,0.006650142142156027,410.89432292186194,0.004814084260388769,true,true,0.02473,0
SV,backends,gamma,Xoshiro256PlusPlus,159389,200000,0,2.0990024612320304,-0.008867511937605599,0.0062026207853126385,475.31267176809587,0.00415915056381758,true,true,0.0276876,0
SV,backends,gamma,Xoshiro256PlusPlus,159389,200000,1,1.85167752167193,0.006948174747477998,0.0063326574932000244,475.31267176809587,0.00415915056381758,true,true,0.0276876,0
SV,backends,gamma,PCG_RXS_M_XS_64,159389,200000,0,2.1052417926325284,-0.0026281805371075606,0.006749270092108536,431.19796127141126,0.004541018025506663,true,true,0.0278837,0
SV,backends,gamma,PCG_RXS_M_XS_64,159389,200000,1,1.8532352133208494,0.008505866396397499,0.006605878754845531,431.19796127141126,0.004541018025506663,true,true,0.0278837,0
SV,backends,gamma,MT19937,159389,200000,0,2.114775292296818,0.0069053191271821746,0.006469880517802857,466.51024874346206,0.004285283231614629,true,true,0.0291292,0
SV,backends,gamma,MT19937,159389,200000,1,1.8376364163901735,-0.007092930534278397,0.006309564020957018,466.51024874346206,0.004285283231614629,true,true,0.0291292,0
SV,backends,gamma,Random,159389,200000,0,2.1090577770425876,0.0011878038729515872,0.006842076917939047,424.7653261294905,0.004776006557127584,true,true,0.0271827,0
SV,backends,gamma,Random,159389,200000,1,1.843859871694298,-8.694752301539044E-4,0.006764325652879916,424.7653261294905,0.004776006557127584,true,true,0.0271827,0
SV,backends,dirichlet,L64X128MixRandom,159389,2000,0,0.9318199501181119,0.09080379939521088,1.4157767381790218E-4,1.0052543311520636,0.9973797017783258,false,false,7.183E-4,0
SV,backends,dirichlet,L64X128MixRandom,159389,2000,1,1.6245468205966935,-0.2864039346399414,0.002289889995711757,1.0052543311520636,0.9973797017783258,false,false,7.183E-4,0
SV,backends,dirichlet,L64X128MixRandom,159389,2000,2,2.7599246813203955,0.1195854025965426,0.0036583800755863264,1.0052543311520636,0.9973797017783258,false,false,7.183E-4,0
SV,backends,dirichlet,Xoshiro256PlusPlus,159389,2000,0,1.081513039488113,0.2404968887652119,0.0010163875998996758,1.0190046108337167,0.9905966369227963,false,false,7.058E-4,0
SV,backends,dirichlet,Xoshiro256PlusPlus,159389,2000,1,2.8639638235952285,0.9530130683585936,0.0016665076023243042,1.0190046108337167,0.9905966369227963,false,false,7.058E-4,0
SV,backends,dirichlet,Xoshiro256PlusPlus,159389,2000,2,3.86927637838512,1.228937099661267,0.0028954123657090065,1.0190046108337167,0.9905966369227963,false,false,7.058E-4,0
SV,backends,dirichlet,PCG_RXS_M_XS_64,159389,2000,0,0.9018774680343027,0.06086131731140165,0.0013607094779451556,1.0140689999931571,0.9930288730814602,false,false,7.106E-4,0
SV,backends,dirichlet,PCG_RXS_M_XS_64,159389,2000,1,2.647049631384764,0.7360988761481291,0.006047778129830911,1.0140689999931571,0.9930288730814602,false,false,7.106E-4,0
SV,backends,dirichlet,PCG_RXS_M_XS_64,159389,2000,2,3.5431181977203168,0.9027789189964639,0.007032388870944755,1.0140689999931571,0.9930288730814602,false,false,7.106E-4,0
SV,backends,dirichlet,MT19937,159389,2000,0,0.8192440943899653,-0.021772056332935774,7.227466067009466E-4,1.036462739090188,0.9820893490242446,false,false,7.068E-4,0
SV,backends,dirichlet,MT19937,159389,2000,1,1.7873859409110868,-0.12356481432554811,0.004974015582835124,1.036462739090188,0.9820893490242446,false,false,7.068E-4,0
SV,backends,dirichlet,MT19937,159389,2000,2,2.540430949957608,-0.099908328766245,0.006118754879735253,1.036462739090188,0.9820893490242446,false,false,7.068E-4,0
SV,backends,dirichlet,Random,159389,2000,0,1.133514611616203,0.2924984608933019,2.2202150164214123E-7,1.0000072038087506,0.9999963981086033,false,false,6.741E-4,0
SV,backends,dirichlet,Random,159389,2000,1,2.3114102383058985,0.4004594830692636,3.2764821414856546E-6,1.0000072038087506,0.9999963981086033,false,false,6.741E-4,0
SV,backends,dirichlet,Random,159389,2000,2,2.7661500866477544,0.12581080792390154,2.5379171577654694E-6,1.0000072038087506,0.9999963981086033,false,false,6.741E-4,0
SV,backends,dirichlet,L64X128MixRandom,159389,20000,0,0.9560500834750367,0.11503393275213569,0.009185194718007866,2.1505465345066233,0.6135306249739506,false,false,0.0064714,0
SV,backends,dirichlet,L64X128MixRandom,159389,20000,1,1.9286193488038548,0.017668593567219837,0.03336874014474769,2.1505465345066233,0.6135306249739506,true,false,0.0064714,0
SV,backends,dirichlet,L64X128MixRandom,159389,20000,2,2.7283156414810277,0.0879763627571748,0.040413867580749704,2.1505465345066233,0.6135306249739506,false,false,0.0064714,0
SV,backends,dirichlet,Xoshiro256PlusPlus,159389,20000,0,0.8020645698783052,-0.03895158084459582,0.01016626009133959,1.6644342567720132,0.7353778612581525,false,false,0.0068748,0
SV,backends,dirichlet,Xoshiro256PlusPlus,159389,20000,1,1.9511826696358088,0.04023191439917384,7.569297237438491E-4,1.6644342567720132,0.7353778612581525,false,false,0.0068748,0
SV,backends,dirichlet,Xoshiro256PlusPlus,159389,20000,2,2.6000113644878238,-0.040327914236029105,0.12155681834362593,1.6644342567720132,0.7353778612581525,true,false,0.0068748,0
SV,backends,dirichlet,PCG_RXS_M_XS_64,159389,20000,0,0.7612902779158779,-0.07972587280702315,0.023620504379948844,2.3447343543756864,0.5146120452159616,false,false,0.0069179,0
SV,backends,dirichlet,PCG_RXS_M_XS_64,159389,20000,1,1.6386146414796812,-0.27233611375695377,0.056494384680952546,2.3447343543756864,0.5146120452159616,false,false,0.0069179,0
SV,backends,dirichlet,PCG_RXS_M_XS_64,159389,20000,2,2.4510219536307525,-0.1893173250931004,0.22777760053679738,2.3447343543756864,0.5146120452159616,true,false,0.0069179,0
SV,backends,dirichlet,MT19937,159389,20000,0,0.8193514252668137,-0.02166472545608733,7.512402925456161E-4,1.4477985211897566,0.8147399569159403,false,false,0.0069836,0
SV,backends,dirichlet,MT19937,159389,20000,1,1.7656888617225948,-0.14526189351404017,0.025386646321595072,1.4477985211897566,0.8147399569159403,false,false,0.0069836,0
SV,backends,dirichlet,MT19937,159389,20000,2,2.521478976007262,-0.11886030271659109,0.02880591607229611,1.4477985211897566,0.8147399569159403,false,false,0.0069836,0
SV,backends,dirichlet,Random,159389,20000,0,0.9504225503906946,0.10940639966779353,0.001236017856865766,1.0183055271610622,0.9909609206355845,false,false,0.0067395,0
SV,backends,dirichlet,Random,159389,20000,1,1.8659514505979615,-0.04499930463867341,0.0016038980938340222,1.0183055271610622,0.9909609206355845,false,false,0.0067395,0
SV,backends,dirichlet,Random,159389,20000,2,2.904656324941979,0.2643170462181259,0.0032369457902066794,1.0183055271610622,0.9909609206355845,false,false,0.0067395,0
SV,backends,dirichlet,L64X128MixRandom,159389,200000,0,0.8664156671906066,0.025399516467705552,0.016754240934448817,10.49200527094377,0.181470158467469,true,false,0.0643299,0
SV,backends,dirichlet,L64X128MixRandom,159389,200000,1,1.9246520243414553,0.01370126910482039,0.04344157369592706,10.49200527094377,0.181470158467469,true,true,0.0643299,0
SV,backends,dirichlet,L64X128MixRandom,159389,200000,2,2.6945504767142645,0.05421119799041163,0.06876257059823092,10.49200527094377,0.181470158467469,true,false,0.0643299,0
SV,backends,dirichlet,Xoshiro256PlusPlus,159389,200000,0,0.8390801678775157,-0.00193598284538532,0.011310098440162602,9.972976036833671,0.18300653025091684,true,true,0.0695404,0
SV,backends,dirichlet,Xoshiro256PlusPlus,159389,200000,1,1.8986619950409223,-0.012288760195712678,0.02396113632093655,9.972976036833671,0.18300653025091684,true,true,0.0695404,0
SV,backends,dirichlet,Xoshiro256PlusPlus,159389,200000,2,2.6362383462852175,-0.004100932438635407,0.05069215068228303,9.972976036833671,0.18300653025091684,true,true,0.0695404,0
SV,backends,dirichlet,PCG_RXS_M_XS_64,159389,200000,0,0.8229455630361293,-0.018070587686771722,0.008646626588721281,8.674785243893961,0.23808127193426948,false,false,0.0708107,0
SV,backends,dirichlet,PCG_RXS_M_XS_64,159389,200000,1,1.9576093650678057,0.04665860983117076,0.024671764995072815,8.674785243893961,0.23808127193426948,true,false,0.0708107,0
SV,backends,dirichlet,PCG_RXS_M_XS_64,159389,200000,2,2.66360821346818,0.02326893474432712,0.029832909143501264,8.674785243893961,0.23808127193426948,true,false,0.0708107,0
SV,backends,dirichlet,MT19937,159389,200000,0,0.8398841745559404,-0.001131976166960591,0.009050805752338364,6.769444746485687,0.24109645265637122,true,true,0.0692753,0
SV,backends,dirichlet,MT19937,159389,200000,1,1.884224000371636,-0.02672675486499898,0.03248092732861742,6.769444746485687,0.24109645265637122,true,false,0.0692753,0
SV,backends,dirichlet,MT19937,159389,200000,2,2.638199924266231,-0.0021393544576220336,0.0493907235280912,6.769444746485687,0.24109645265637122,true,true,0.0692753,0
SV,backends,dirichlet,Random,159389,200000,0,0.8366422065851564,-0.004373944137744612,0.009512533404129124,14.376802747586742,0.11544798007078204,true,true,0.0685763,0
SV,backends,dirichlet,Random,159389,200000,1,1.8781597440133178,-0.03279101122331718,0.023614623183693645,14.376802747586742,0.11544798007078204,true,false,0.0685763,0
SV,backends,dirichlet,Random,159389,200000,2,2.5640693422873384,-0.07626993643651447,0.028646543445317713,14.376802747586742,0.11544798007078204,false,false,0.0685763,0
SV,backends,gamma,L64X128MixRandom,167308,2000,0,2.1313245471915794,0.023454574021943397,0.07993214463706298,5.02839298689501,0.342850263096504,true,false,3.243E-4,0
SV,backends,gamma,L64X128MixRandom,167308,2000,1,1.7940064555503352,-0.050722891374116674,0.07023031252604298,5.02839298689501,0.342850263096504,true,false,3.243E-4,0
SV,backends,gamma,Xoshiro256PlusPlus,167308,2000,0,2.033630030857556,-0.07423994231207987,0.07196049001748914,5.027814877342532,0.3384400358942203,true,false,2.965E-4,0
SV,backends,gamma,Xoshiro256PlusPlus,167308,2000,1,1.8921771020843605,0.04744775515990862,0.055217336954022526,5.027814877342532,0.3384400358942203,true,false,2.965E-4,0
SV,backends,gamma,PCG_RXS_M_XS_64,167308,2000,0,2.103572822397467,-0.004297150772169189,0.07296710008293995,5.491248756486281,0.32853015973696065,true,true,2.96E-4,0
SV,backends,gamma,PCG_RXS_M_XS_64,167308,2000,1,1.8389145728399354,-0.005814774084516472,0.0743002936813605,5.491248756486281,0.32853015973696065,true,true,2.96E-4,0
SV,backends,gamma,MT19937,167308,2000,0,2.230808883986267,0.122938910816631,0.04468289487383962,4.326056071061263,0.3185591156253701,false,false,2.95E-4,0
SV,backends,gamma,MT19937,167308,2000,1,1.7562855193933844,-0.0884438275310675,0.03837126310879729,4.326056071061263,0.3185591156253701,false,false,2.95E-4,0
SV,backends,gamma,Random,167308,2000,0,2.007442271114183,-0.10042770205545315,0.05950198817101257,7.061594132090333,0.2223500616035047,true,false,2.721E-4,0
SV,backends,gamma,Random,167308,2000,1,1.9467488666550419,0.10201951973058998,0.09018722005886762,7.061594132090333,0.2223500616035047,true,false,2.721E-4,0
SV,backends,gamma,L64X128MixRandom,167308,20000,0,2.1431118305378383,0.03524185736820229,0.022872790628999818,45.340020617359784,0.04224464021660219,true,false,0.0024941,0
SV,backends,gamma,L64X128MixRandom,167308,20000,1,1.8235960085357539,-0.02113333838869802,0.023384024514059642,45.340020617359784,0.04224464021660219,true,false,0.0024941,0
SV,backends,gamma,Xoshiro256PlusPlus,167308,20000,0,2.133354020163441,0.02548404699380491,0.021775581631761638,48.40002872118147,0.039527289284955386,true,false,0.0028605,0
SV,backends,gamma,Xoshiro256PlusPlus,167308,20000,1,1.8326566896785152,-0.012072657245936647,0.021262963180406075,48.40002872118147,0.039527289284955386,true,true,0.0028605,0
SV,backends,gamma,PCG_RXS_M_XS_64,167308,20000,0,2.1211303049947703,0.013260331825134308,0.019096333089167427,47.54958446633396,0.03789952844503652,true,true,0.0028198,0
SV,backends,gamma,PCG_RXS_M_XS_64,167308,20000,1,1.8261406651973375,-0.018588681727114365,0.019136171429438253,47.54958446633396,0.03789952844503652,true,true,0.0028198,0
SV,backends,gamma,MT19937,167308,20000,0,2.13278645251926,0.024916479349624154,0.01940050674214056,40.800621654739174,0.04095258084331504,true,false,0.0028958,0
SV,backends,gamma,MT19937,167308,20000,1,1.8246283893005157,-0.020100957623936155,0.019434257653619044,40.800621654739174,0.04095258084331504,true,false,0.0028958,0
SV,backends,gamma,Random,167308,20000,0,2.103660570905586,-0.004209402264049977,0.020732779183685636,42.377503317561626,0.044232911109482236,true,true,0.0027148,0
SV,backends,gamma,Random,167308,20000,1,1.846600764668715,0.0018714177442631375,0.02159350058306262,42.377503317561626,0.044232911109482236,true,true,0.0027148,0
SV,backends,gamma,L64X128MixRandom,167308,200000,0,2.1166691179356625,0.008799144766026501,0.006586419049842565,462.448963455979,0.0043410880675324075,true,true,0.0247858,0
SV,backends,gamma,L64X128MixRandom,167308,200000,1,1.835812331105902,-0.008917015818549867,0.006575466030745383,462.448963455979,0.0043410880675324075,true,true,0.0247858,0
SV,backends,gamma,Xoshiro256PlusPlus,167308,200000,0,2.1214669055799154,0.013596932410279372,0.006784219381161132,427.20487661818305,0.004844556272702858,false,true,0.0278283,0
SV,backends,gamma,Xoshiro256PlusPlus,167308,200000,1,1.8362387269106104,-0.008490620013841488,0.006795284376969207,427.20487661818305,0.004844556272702858,true,true,0.0278283,0
SV,backends,gamma,PCG_RXS_M_XS_64,167308,200000,0,2.1137138856923774,0.005843912522741412,0.006855285228312471,419.7850888239903,0.0048341423853004864,true,true,0.0278282,0
SV,backends,gamma,PCG_RXS_M_XS_64,167308,200000,1,1.8386596539696403,-0.006069692954811634,0.006729338356432416,419.7850888239903,0.0048341423853004864,true,true,0.0278282,0
SV,backends,gamma,MT19937,167308,200000,0,2.1186263198609216,0.010756346691285668,0.006604334375929976,434.6408525325259,0.004458077123189363,true,true,0.0284845,0
SV,backends,gamma,MT19937,167308,200000,1,1.8373530130718119,-0.007376333852640027,0.0065791195965984395,434.6408525325259,0.004458077123189363,true,true,0.0284845,0
SV,backends,gamma,Random,167308,200000,0,2.1053006470820774,-0.0025693260875585544,0.006427827647837839,477.9707313270736,0.0043863258923451665,true,true,0.0269332,0
SV,backends,gamma,Random,167308,200000,1,1.8492711795723618,0.00454183264790986,0.00646372333322537,477.9707313270736,0.0043863258923451665,true,true,0.0269332,0
SV,backends,dirichlet,L64X128MixRandom,167308,2000,0,0.8532410224256545,0.012224871702753437,1.5465030895924715E-4,1.0017456963392357,0.9991281068892899,false,false,7.058E-4,0
SV,backends,dirichlet,L64X128MixRandom,167308,2000,1,2.529984811803808,0.619034056567173,0.0011300315663215624,1.0017456963392357,0.9991281068892899,false,false,7.058E-4,0
SV,backends,dirichlet,L64X128MixRandom,167308,2000,2,3.495817443569409,0.855478164845556,0.0011263773479587786,1.0017456963392357,0.9991281068892899,false,false,7.058E-4,0
SV,backends,dirichlet,Xoshiro256PlusPlus,167308,2000,0,0.9279096816738369,0.08689353095093588,5.520916805088784E-5,1.0008782585776594,0.9995610671889369,false,false,8.168E-4,0
SV,backends,dirichlet,Xoshiro256PlusPlus,167308,2000,1,2.416677063131262,0.505726307894627,4.364636105199283E-4,1.0008782585776594,0.9995610671889369,false,false,8.168E-4,0
SV,backends,dirichlet,Xoshiro256PlusPlus,167308,2000,2,3.088618756040449,0.44827947731659634,2.6365110903133847E-5,1.0008782585776594,0.9995610671889369,false,false,8.168E-4,0
SV,backends,dirichlet,PCG_RXS_M_XS_64,167308,2000,0,0.7177984977927999,-0.12321765293010112,0.014498174678373419,2.01720504409082,0.5133306395069969,false,false,7.039E-4,0
SV,backends,dirichlet,PCG_RXS_M_XS_64,167308,2000,1,1.8591605974345335,-0.05179015780210139,0.09147180622691584,2.01720504409082,0.5133306395069969,true,false,7.039E-4,0
SV,backends,dirichlet,PCG_RXS_M_XS_64,167308,2000,2,2.2070983807199207,-0.4332408980039322,0.12609512196570186,2.01720504409082,0.5133306395069969,false,false,7.039E-4,0
SV,backends,dirichlet,MT19937,167308,2000,0,1.0573445332267764,0.21632838250387532,0.0019481818361811655,1.0099323935798847,0.9950587971881888,false,false,7.231E-4,0
SV,backends,dirichlet,MT19937,167308,2000,1,2.8695078194780606,0.9585570642414256,0.004578734655130025,1.0099323935798847,0.9950587971881888,false,false,7.231E-4,0
SV,backends,dirichlet,MT19937,167308,2000,2,3.0917662300392967,0.45142695131544386,0.0014837681514942968,1.0099323935798847,0.9950587971881888,false,false,7.231E-4,0
SV,backends,dirichlet,Random,167308,2000,0,0.7241282363297951,-0.11688791439310597,0.005820198132486952,1.3724350733721995,0.8386668182050918,false,false,6.782E-4,0
SV,backends,dirichlet,Random,167308,2000,1,1.631096559730228,-0.2798541955064069,0.0679207369495734,1.3724350733721995,0.8386668182050918,false,false,6.782E-4,0
SV,backends,dirichlet,Random,167308,2000,2,2.0262948572648902,-0.6140444214589627,0.026889543702152418,1.3724350733721995,0.8386668182050918,false,false,6.782E-4,0
SV,backends,dirichlet,L64X128MixRandom,167308,20000,0,0.8491316529180641,0.008115502195163105,0.013470050382682926,1.9506024628529541,0.6905455093002842,true,false,0.0064883,0
SV,backends,dirichlet,L64X128MixRandom,167308,20000,1,1.8814173065776891,-0.029533448658945805,0.045621353674970964,1.9506024628529541,0.6905455093002842,true,false,0.0064883,0
SV,backends,dirichlet,L64X128MixRandom,167308,20000,2,2.500587620294064,-0.13975165842978887,0.022521366872941685,1.9506024628529541,0.6905455093002842,false,false,0.0064883,0
SV,backends,dirichlet,Xoshiro256PlusPlus,167308,20000,0,0.799024352602424,-0.04199179812047704,0.01468777601154991,1.2749039134740074,0.8818518653528712,false,false,0.006865,0
SV,backends,dirichlet,Xoshiro256PlusPlus,167308,20000,1,2.097883666066289,0.18693291082965424,0.027096932184252524,1.2749039134740074,0.8818518653528712,false,false,0.006865,0
SV,backends,dirichlet,Xoshiro256PlusPlus,167308,20000,2,2.79685206727744,0.15651278855358708,0.02834560577190458,1.2749039134740074,0.8818518653528712,false,false,0.006865,0
SV,backends,dirichlet,PCG_RXS_M_XS_64,167308,20000,0,0.8184380281645447,-0.02257812255835634,0.0021200363880138707,1.0377971810826303,0.9815671821652271,false,false,0.0070526,0
SV,backends,dirichlet,PCG_RXS_M_XS_64,167308,20000,1,1.7772795347425103,-0.1336712204941246,0.0045023866273270164,1.0377971810826303,0.9815671821652271,false,false,0.0070526,0
SV,backends,dirichlet,PCG_RXS_M_XS_64,167308,20000,2,2.5890324709421644,-0.0513068077816885,0.0034860787939875165,1.0377971810826303,0.9815671821652271,false,false,0.0070526,0
SV,backends,dirichlet,MT19937,167308,20000,0,0.8535232687052964,0.012507117982395344,0.027401137108288353,2.288752653349299,0.6327990913482687,true,false,0.006969,0
SV,backends,dirichlet,MT19937,167308,20000,1,1.9802053317183383,0.06925457648170341,0.06536771457462576,2.288752653349299,0.6327990913482687,true,false,0.006969,0
SV,backends,dirichlet,MT19937,167308,20000,2,2.9342508137639514,0.2939115350400985,0.01556526463995596,2.288752653349299,0.6327990913482687,false,false,0.006969,0
SV,backends,dirichlet,Random,167308,20000,0,0.8044397045982072,-0.036576446124693796,0.0022796573512114393,1.0930606727735115,0.9560378906306587,false,false,0.0067249,0
SV,backends,dirichlet,Random,167308,20000,1,1.928991385058641,0.01804062982200616,0.014475816859383244,1.0930606727735115,0.9560378906306587,true,false,0.0067249,0
SV,backends,dirichlet,Random,167308,20000,2,2.411017518521213,-0.22932176020264006,0.01852489985936365,1.0930606727735115,0.9560378906306587,false,false,0.0067249,0
SV,backends,dirichlet,L64X128MixRandom,167308,200000,0,0.854339686732068,0.013323536009166914,0.011025263003170336,7.52930253853809,0.24339682014142378,true,false,0.0659454,0
SV,backends,dirichlet,L64X128MixRandom,167308,200000,1,1.9203930001548215,0.00944224491818657,0.03481206786498639,7.52930253853809,0.24339682014142378,true,true,0.0659454,0
SV,backends,dirichlet,L64X128MixRandom,167308,200000,2,2.6315485645173933,-0.008790714206459604,0.04711634287928992,7.52930253853809,0.24339682014142378,true,true,0.0659454,0
SV,backends,dirichlet,Xoshiro256PlusPlus,167308,200000,0,0.8279942216962458,-0.013021929026655221,0.014208443268369038,13.240452238819929,0.20447055626579466,true,false,0.0687559,0
SV,backends,dirichlet,Xoshiro256PlusPlus,167308,200000,1,1.9135126689290325,0.002561913692397555,0.03898526708162939,13.240452238819929,0.20447055626579466,true,true,0.0687559,0
SV,backends,dirichlet,Xoshiro256PlusPlus,167308,200000,2,2.6493711507247553,0.009031872000902386,0.04985207289240743,13.240452238819929,0.20447055626579466,true,true,0.0687559,0
SV,backends,dirichlet,PCG_RXS_M_XS_64,167308,200000,0,0.8499126231729245,0.008896472450023452,0.01106120577548153,8.549074224286867,0.19481097387915985,true,false,0.068837,0
SV,backends,dirichlet,PCG_RXS_M_XS_64,167308,200000,1,1.9110056467721723,5.4891535537393565E-5,0.03892659652331173,8.549074224286867,0.19481097387915985,true,true,0.068837,0
SV,backends,dirichlet,PCG_RXS_M_XS_64,167308,200000,2,2.70751881553531,0.06717953681145694,0.04482106036132041,8.549074224286867,0.19481097387915985,true,false,0.068837,0
SV,backends,dirichlet,MT19937,167308,200000,0,0.8213122101877778,-0.019703940535123254,0.01012976141606773,13.73173547312683,0.15248232982190674,true,false,0.0709329,0
SV,backends,dirichlet,MT19937,167308,200000,1,1.9638010862236837,0.05285033098704872,0.035405559078526834,13.73173547312683,0.15248232982190674,true,false,0.0709329,0
SV,backends,dirichlet,MT19937,167308,200000,2,2.688136480839615,0.047797202115761994,0.038936281239927886,13.73173547312683,0.15248232982190674,true,false,0.0709329,0
SV,backends,dirichlet,Random,167308,200000,0,0.8213811683468325,-0.019634982376068533,0.024014960165525553,8.118803015716534,0.2155740335195199,true,false,0.0670923,0
SV,backends,dirichlet,Random,167308,200000,1,1.8418634857783882,-0.06908726945824673,0.03384076298258,8.118803015716534,0.2155740335195199,false,false,0.0670923,0
SV,backends,dirichlet,Random,167308,200000,2,2.5272430059724513,-0.11309627275140155,0.05630607140542538,8.118803015716534,0.2155740335195199,false,false,0.0670923,0
SV,backends,gamma,L64X128MixRandom,175227,2000,0,2.0656355846858254,-0.04223438848381056,0.07322314699315906,3.963885578655115,0.42962543383210705,true,false,3.004E-4,0
SV,backends,gamma,L64X128MixRandom,175227,2000,1,1.8840325574023786,0.03930321047792673,0.07714185971318613,3.963885578655115,0.42962543383210705,true,false,3.004E-4,0
SV,backends,gamma,Xoshiro256PlusPlus,175227,2000,0,2.224285065094753,0.11641509192511723,0.03462701706439192,2.1248307847818766,0.6541386869869721,false,false,2.924E-4,0
SV,backends,gamma,Xoshiro256PlusPlus,175227,2000,1,1.720139832612827,-0.1245895143116249,0.042861164055021,2.1248307847818766,0.6541386869869721,false,false,2.924E-4,0
SV,backends,gamma,PCG_RXS_M_XS_64,175227,2000,0,2.153864895793367,0.04599492262373106,0.053039230515293904,8.746749070685278,0.19761272802287042,true,false,2.953E-4,0
SV,backends,gamma,PCG_RXS_M_XS_64,175227,2000,1,1.8134318605725497,-0.031297486351902215,0.057437828403262316,8.746749070685278,0.19761272802287042,true,false,2.953E-4,0
SV,backends,gamma,MT19937,175227,2000,0,2.2306232778301958,0.12275330466055978,0.05109600648563594,6.1483144889202865,0.29364275479215557,false,false,3.002E-4,0
SV,backends,gamma,MT19937,175227,2000,1,1.757084837925334,-0.0876445089991178,0.06001075015822931,6.1483144889202865,0.29364275479215557,true,false,3.002E-4,0
SV,backends,gamma,Random,175227,2000,0,2.053810199040787,-0.0540597741288491,0.08485371955506281,5.8350077851949615,0.2353331774162248,true,false,2.728E-4,0
SV,backends,gamma,Random,175227,2000,1,1.8896355394266744,0.0449061925022225,0.07112709347347378,5.8350077851949615,0.2353331774162248,true,false,2.728E-4,0
SV,backends,gamma,L64X128MixRandom,175227,20000,0,2.143749985843904,0.03588001267426799,0.02131947839957688,45.36098402955668,0.04402554734746612,true,false,0.0024909,0
SV,backends,gamma,L64X128MixRandom,175227,20000,1,1.814406884329843,-0.0303224625946088,0.021921628102025314,45.36098402955668,0.04402554734746612,true,false,0.0024909,0
SV,backends,gamma,Xoshiro256PlusPlus,175227,20000,0,2.137466160891302,0.029596187721665945,0.020602167724028703,44.051252618150265,0.044470635740576206,true,false,0.0028387,0
SV,backends,gamma,Xoshiro256PlusPlus,175227,20000,1,1.8121596686208277,-0.03256967830362423,0.02038457270778839,44.051252618150265,0.044470635740576206,true,false,0.0028387,0
SV,backends,gamma,PCG_RXS_M_XS_64,175227,20000,0,2.128497127059467,0.02062715388983083,0.02329747288345288,45.18890281014756,0.04230244300112159,true,false,0.0028161,0
SV,backends,gamma,PCG_RXS_M_XS_64,175227,20000,1,1.8278696900995859,-0.01685965682486601,0.022389289238029037,45.18890281014756,0.04230244300112159,true,true,0.0028161,0
SV,backends,gamma,MT19937,175227,20000,0,2.0873665054697854,-0.020503467699850564,0.02639393933391557,36.06560052176266,0.06159291448670973,true,false,0.0028497,0
SV,backends,gamma,MT19937,175227,20000,1,1.8694901166685645,0.024760769744112565,0.026828479150098172,36.06560052176266,0.06159291448670973,true,false,0.0028497,0
SV,backends,gamma,Random,175227,20000,0,2.0957796685824017,-0.012090304587234257,0.024245362304691872,38.16897894075819,0.05517436784281362,true,true,0.0026959,0
SV,backends,gamma,Random,175227,20000,1,1.8591540130572204,0.014424666132768493,0.023983783624609276,38.16897894075819,0.05517436784281362,true,true,0.0026959,0
SV,backends,gamma,L64X128MixRandom,175227,200000,0,2.113070261526239,0.005200288356602911,0.006412890788424848,446.37676651179066,0.004450263591730913,true,true,0.0247438,0
SV,backends,gamma,L64X128MixRandom,175227,200000,1,1.839559884820194,-0.005169462104257949,0.006526217323821217,446.37676651179066,0.004450263591730913,true,true,0.0247438,0
SV,backends,gamma,Xoshiro256PlusPlus,175227,200000,0,2.114911575389303,0.007041602219667098,0.006548866047981203,462.35036584488046,0.004330912366757984,true,true,0.0277122,0
SV,backends,gamma,Xoshiro256PlusPlus,175227,200000,1,1.8406264840576212,-0.004102862866830703,0.006453596214654651,462.35036584488046,0.004330912366757984,true,true,0.0277122,0
SV,backends,gamma,PCG_RXS_M_XS_64,175227,200000,0,2.119021944287987,0.011151971118350978,0.006852503483533934,442.73293253132573,0.004571753527072315,true,true,0.0276322,0
SV,backends,gamma,PCG_RXS_M_XS_64,175227,200000,1,1.8334644963514763,-0.011264850572975549,0.0065391007921713875,442.73293253132573,0.004571753527072315,true,true,0.0276322,0
SV,backends,gamma,MT19937,175227,200000,0,2.100149213242969,-0.007720759926666876,0.006452579306022634,458.4817546385563,0.004337682316910408,true,true,0.0285247,0
SV,backends,gamma,MT19937,175227,200000,1,1.8461854919309195,0.001456145006467624,0.006466100543296556,458.4817546385563,0.004337682316910408,true,true,0.0285247,0
SV,backends,gamma,Random,175227,200000,0,2.1055913890957965,-0.002278584073839518,0.0066219759991392,433.2362925839815,0.00452454124507251,true,true,0.0276959,0
SV,backends,gamma,Random,175227,200000,1,1.8431192831133918,-0.0016100638110601029,0.006648955474750035,433.2362925839815,0.00452454124507251,true,true,0.0276959,0
SV,backends,dirichlet,L64X128MixRandom,175227,2000,0,0.8299342042045745,-0.011081946518326502,0.0377744843369254,1.4527541074645944,0.8068776103132945,true,false,7.077E-4,0
SV,backends,dirichlet,L64X128MixRandom,175227,2000,1,2.1914359052480776,0.2804851500114427,0.15860803765795245,1.4527541074645944,0.8068776103132945,true,false,7.077E-4,0
SV,backends,dirichlet,L64X128MixRandom,175227,2000,2,2.735762246139458,0.09542296741560508,0.06403322459850327,1.4527541074645944,0.8068776103132945,true,false,7.077E-4,0
SV,backends,dirichlet,Xoshiro256PlusPlus,175227,2000,0,1.1698282249374783,0.32881207421457725,1.192092333466356E-7,1.0000009429495378,0.9999995285254542,false,false,7.039E-4,0
SV,backends,dirichlet,Xoshiro256PlusPlus,175227,2000,1,2.773577010516235,0.8626262552796,5.187656575030449E-7,1.0000009429495378,0.9999995285254542,false,false,7.039E-4,0
SV,backends,dirichlet,Xoshiro256PlusPlus,175227,2000,2,3.884855168912217,1.2445158901883642,3.097146733315604E-7,1.0000009429495378,0.9999995285254542,false,false,7.039E-4,0
SV,backends,dirichlet,PCG_RXS_M_XS_64,175227,2000,0,1.060919204196931,0.21990305347403005,0.003502508796163154,1.0562796501830443,0.9726094541531253,false,false,7.099E-4,0
SV,backends,dirichlet,PCG_RXS_M_XS_64,175227,2000,1,2.267791065240488,0.3568403100038531,0.006067625759545745,1.0562796501830443,0.9726094541531253,false,false,7.099E-4,0
SV,backends,dirichlet,PCG_RXS_M_XS_64,175227,2000,2,2.8140940604948055,0.1737547817709526,0.011386067384582477,1.0562796501830443,0.9726094541531253,false,false,7.099E-4,0
SV,backends,dirichlet,MT19937,175227,2000,0,0.6610463189636445,-0.17996983175925652,0.002930093301938048,1.1021238917485876,0.9513131060929589,false,false,7.14E-4,0
SV,backends,dirichlet,MT19937,175227,2000,1,1.6992858209037167,-0.21166493433291822,0.0038673202608245786,1.1021238917485876,0.9513131060929589,false,false,7.14E-4,0
SV,backends,dirichlet,MT19937,175227,2000,2,2.3352415023345476,-0.30509777638930524,0.027374806081205152,1.1021238917485876,0.9513131060929589,false,false,7.14E-4,0
SV,backends,dirichlet,Random,175227,2000,0,0.894847418439919,0.05383126771701796,8.327913862611864E-7,1.0000213835662435,0.9999893083436153,false,false,6.785E-4,0
SV,backends,dirichlet,Random,175227,2000,1,1.8121823732651317,-0.09876838197150328,9.810428543797507E-6,1.0000213835662435,0.9999893083436153,false,false,6.785E-4,0
SV,backends,dirichlet,Random,175227,2000,2,2.6798473684398134,0.03950808971596054,1.0872667932647194E-5,1.0000213835662435,0.9999893083436153,false,false,6.785E-4,0
SV,backends,dirichlet,L64X128MixRandom,175227,20000,0,0.872168061776455,0.03115191105355397,0.018750878819618472,2.020226576988457,0.6806852526851859,true,false,0.0065072,0
SV,backends,dirichlet,L64X128MixRandom,175227,20000,1,1.7686769126775093,-0.14227384255912567,0.16086951118179418,2.020226576988457,0.6806852526851859,true,false,0.0065072,0
SV,backends,dirichlet,L64X128MixRandom,175227,20000,2,2.4373585829977324,-0.20298069572612043,0.12119979452496815,2.020226576988457,0.6806852526851859,true,false,0.0065072,0
SV,backends,dirichlet,Xoshiro256PlusPlus,175227,20000,0,0.9088276160051232,0.06781146528222215,0.007809718428394183,1.0755736603293187,0.9637340112314408,false,false,0.0068628,0
SV,backends,dirichlet,Xoshiro256PlusPlus,175227,20000,1,2.100061022147033,0.1891102669103979,0.018559078501500154,1.0755736603293187,0.9637340112314408,false,false,0.0068628,0
SV,backends,dirichlet,Xoshiro256PlusPlus,175227,20000,2,2.6690310309843266,0.028691752260473713,0.005792554477757331,1.0755736603293187,0.9637340112314408,false,false,0.0068628,0
SV,backends,dirichlet,PCG_RXS_M_XS_64,175227,20000,0,0.8055866416743577,-0.03542950904854336,0.04284197665311458,3.6499509937484347,0.3769911133702369,true,false,0.0068555,0
SV,backends,dirichlet,PCG_RXS_M_XS_64,175227,20000,1,1.8157761312682261,-0.09517462396840881,0.06540497238865121,3.6499509937484347,0.3769911133702369,true,false,0.0068555,0
SV,backends,dirichlet,PCG_RXS_M_XS_64,175227,20000,2,2.6309392876912927,-0.009399991032560173,0.15772324912411367,3.6499509937484347,0.3769911133702369,true,true,0.0068555,0
SV,backends,dirichlet,MT19937,175227,20000,0,0.8546391135588813,0.013622962835980301,0.007683565863850941,1.1161941598113778,0.9459013330635552,true,false,0.006968,0
SV,backends,dirichlet,MT19937,175227,20000,1,2.115649227138475,0.2046984719018401,0.022424684010452178,1.1161941598113778,0.9459013330635552,false,false,0.006968,0
SV,backends,dirichlet,MT19937,175227,20000,2,2.8532841407219616,0.2129448619981087,0.022091065500976458,1.1161941598113778,0.9459013330635552,false,false,0.006968,0
SV,backends,dirichlet,Random,175227,20000,0,0.8868339818766486,0.0458178311537476,0.010404285156181853,4.07024123033361,0.3288847923889865,false,false,0.0067235,0
SV,backends,dirichlet,Random,175227,20000,1,2.0198568957301513,0.10890614049351632,0.07278107939478984,4.07024123033361,0.3288847923889865,true,false,0.0067235,0
SV,backends,dirichlet,Random,175227,20000,2,2.7431152145749222,0.10277593585106937,0.033725853617624146,4.07024123033361,0.3288847923889865,false,false,0.0067235,0
SV,backends,dirichlet,L64X128MixRandom,175227,200000,0,0.8337803110608856,-0.007235839662015464,0.011623940725365142,9.061804044287156,0.19601505126995764,true,false,0.0650735,0
SV,backends,dirichlet,L64X128MixRandom,175227,200000,1,1.9120210414727006,0.0010702862360656429,0.027651714398327927,9.061804044287156,0.19601505126995764,true,true,0.0650735,0
SV,backends,dirichlet,L64X128MixRandom,175227,200000,2,2.65174094758063,0.011401668856777292,0.04116963671899503,9.061804044287156,0.19601505126995764,true,true,0.0650735,0
SV,backends,dirichlet,Xoshiro256PlusPlus,175227,200000,0,0.8402879738625629,-7.281768603381034E-4,0.008878178192735753,16.858640595262354,0.1153995306438354,true,true,0.0683867,0
SV,backends,dirichlet,Xoshiro256PlusPlus,175227,200000,1,1.908477121565893,-0.002473633670741826,0.023266240178572265,16.858640595262354,0.1153995306438354,true,true,0.0683867,0
SV,backends,dirichlet,Xoshiro256PlusPlus,175227,200000,2,2.6797513245003017,0.039412045776448856,0.033585688876254106,16.858640595262354,0.1153995306438354,true,false,0.0683867,0
SV,backends,dirichlet,PCG_RXS_M_XS_64,175227,200000,0,0.8392737233018709,-0.001742427421030146,0.016841906976761106,5.115457669303338,0.3244081547400547,true,true,0.0690197,0
SV,backends,dirichlet,PCG_RXS_M_XS_64,175227,200000,1,1.8819729875358429,-0.02897776770079208,0.050039061600195986,5.115457669303338,0.3244081547400547,true,false,0.0690197,0
SV,backends,dirichlet,PCG_RXS_M_XS_64,175227,200000,2,2.6524067801959372,0.012067501472084352,0.06239046292929988,5.115457669303338,0.3244081547400547,true,true,0.0690197,0
SV,backends,dirichlet,MT19937,175227,200000,0,0.8321099761929602,-0.008906174529940802,0.011314705717865836,10.050869038419908,0.18684712859274805,true,false,0.0695695,0
SV,backends,dirichlet,MT19937,175227,200000,1,1.9108507907199015,-9.996451673344176E-5,0.025669821662041747,10.050869038419908,0.18684712859274805,true,true,0.0695695,0
SV,backends,dirichlet,MT19937,175227,200000,2,2.6214905095327703,-0.01884876919108258,0.03307634502533853,10.050869038419908,0.18684712859274805,true,true,0.0695695,0
SV,backends,dirichlet,Random,175227,200000,0,0.8569025148989259,0.015886364176024848,0.013907973230338051,18.788383480288335,0.10150606782492448,true,false,0.0675472,0
SV,backends,dirichlet,Random,175227,200000,1,1.9596235149415147,0.04867275970487972,0.03309665010292738,18.788383480288335,0.10150606782492448,true,false,0.0675472,0
SV,backends,dirichlet,Random,175227,200000,2,2.6834334633752963,0.043094184651443435,0.038951638632259165,18.788383480288335,0.10150606782492448,true,false,0.0675472,0
SV,backends,gamma,L64X128MixRandom,183146,2000,0,2.234918347233509,0.12704837406387304,0.05537616115004893,2.7820035480295497,0.5671640960544421,false,false,3.097E-4,0
SV,backends,gamma,L64X128MixRandom,183146,2000,1,1.7686133276252551,-0.07611601929919676,0.039041180717696744,2.7820035480295497,0.5671640960544421,true,false,3.097E-4,0
SV,backends,gamma,Xoshiro256PlusPlus,183146,2000,0,2.114868463202525,0.006998490032889215,0.07170570782408377,7.218910260810729,0.26682046473316595,true,true,2.979E-4,0
SV,backends,gamma,Xoshiro256PlusPlus,183146,2000,1,1.8496249324002922,0.004895585475840347,0.06567562246005064,7.218910260810729,0.26682046473316595,true,true,2.979E-4,0
SV,backends,gamma,PCG_RXS_M_XS_64,183146,2000,0,2.1146493233123,0.0067793501426640645,0.04533166850328944,4.8022527486906705,0.32472467715198394,true,true,3.02E-4,0
SV,backends,gamma,PCG_RXS_M_XS_64,183146,2000,1,1.9306516821519564,0.08592233522750448,0.03646926795872283,4.8022527486906705,0.32472467715198394,false,false,3.02E-4,0
SV,backends,gamma,MT19937,183146,2000,0,2.062555304570562,-0.04531466859907418,0.0927094630302744,8.787956272808911,0.17932294665345164,true,false,2.977E-4,0
SV,backends,gamma,MT19937,183146,2000,1,1.9368871511170729,0.09215780419262098,0.08775627820231839,8.787956272808911,0.17932294665345164,true,false,2.977E-4,0
SV,backends,gamma,Random,183146,2000,0,2.056688508707125,-0.05118146446251082,0.030785450694649052,2.1172848166658076,0.6715069445477134,true,false,2.793E-4,0
SV,backends,gamma,Random,183146,2000,1,1.9027361173082455,0.05800677038379365,0.04372328382750588,2.1172848166658076,0.6715069445477134,true,false,2.793E-4,0
SV,backends,gamma,L64X128MixRandom,183146,20000,0,2.113139689025297,0.005269715855661161,0.022353920446286785,42.40916693730962,0.045799829547168984,true,true,0.0024863,0
SV,backends,gamma,L64X128MixRandom,183146,20000,1,1.8531509049671975,0.00842155804274558,0.02039998276368113,42.40916693730962,0.045799829547168984,true,true,0.0024863,0
SV,backends,gamma,Xoshiro256PlusPlus,183146,20000,0,2.106074829952895,-0.001795143216741124,0.019652842603866738,52.070014131175014,0.03632842659881233,true,true,0.002771,0
SV,backends,gamma,Xoshiro256PlusPlus,183146,20000,1,1.849504140351692,0.004774793427240187,0.017942551061467058,52.070014131175014,0.03632842659881233,true,true,0.002771,0
SV,backends,gamma,PCG_RXS_M_XS_64,183146,20000,0,2.1011973479532786,-0.006672625216357364,0.019944764080818734,48.56506912258251,0.04455809135220009,true,true,0.0027777,0
SV,backends,gamma,PCG_RXS_M_XS_64,183146,20000,1,1.865563162339568,0.020833815415116197,0.020078554857122424,48.56506912258251,0.04455809135220009,true,false,0.0027777,0
SV,backends,gamma,MT19937,183146,20000,0,2.0747211583077823,-0.033148814861853726,0.01891640516252124,44.861616783526294,0.044211380959420024,true,false,0.0035353,0
SV,backends,gamma,MT19937,183146,20000,1,1.869949479160126,0.02522013223567421,0.01921199023952171,44.861616783526294,0.044211380959420024,true,false,0.0035353,0
SV,backends,gamma,Random,183146,20000,0,2.1123904642438815,0.0045204910742455695,0.022276719929360957,38.84077842240934,0.05450255119875195,true,true,0.0027201,0
SV,backends,gamma,Random,183146,20000,1,1.8530396087615495,0.008310261837097599,0.02335233239511287,38.84077842240934,0.05450255119875195,true,true,0.0027201,0
SV,backends,gamma,L64X128MixRandom,183146,200000,0,2.116098072226782,0.008228099057145943,0.006599443073090923,444.6232224714584,0.004562791471826042,true,true,0.0247671,0
SV,backends,gamma,L64X128MixRandom,183146,200000,1,1.8380198234495195,-0.006709523474932366,0.0066508439953431205,444.6232224714584,0.004562791471826042,true,true,0.0247671,0
SV,backends,gamma,Xoshiro256PlusPlus,183146,200000,0,2.1133692924128438,0.00549931924320779,0.0062929456832257384,452.67472819501796,0.004200018319889431,true,true,0.0280799,0
SV,backends,gamma,Xoshiro256PlusPlus,183146,200000,1,1.836773867477757,-0.007955479446694946,0.006190912486506886,452.67472819501796,0.004200018319889431,true,true,0.0280799,0
SV,backends,gamma,PCG_RXS_M_XS_64,183146,200000,0,2.1136303697876566,0.005760396618020636,0.006675170366167625,463.93979275206505,0.004484302627547004,true,true,0.0279211,0
SV,backends,gamma,PCG_RXS_M_XS_64,183146,200000,1,1.8401424439383425,-0.00458690298610942,0.0065535297991827016,463.93979275206505,0.004484302627547004,true,true,0.0279211,0
SV,backends,gamma,MT19937,183146,200000,0,2.1035606382063534,-0.004309334963282563,0.006217661543942159,442.6475800455183,0.004395944583076125,true,true,0.0285397,0
SV,backends,gamma,MT19937,183146,200000,1,1.8500645853938456,0.005335238469393655,0.006289403887499873,442.6475800455183,0.004395944583076125,true,true,0.0285397,0
SV,backends,gamma,Random,183146,200000,0,2.1031464561988207,-0.0047235169708153,0.006905682900360701,423.8455396641419,0.004913332495219964,true,true,0.0271591,0
SV,backends,gamma,Random,183146,200000,1,1.8504350445522075,0.005705697627755635,0.006894386649866722,423.8455396641419,0.004913332495219964,true,true,0.0271591,0
SV,backends,dirichlet,L64X128MixRandom,183146,2000,0,0.9326052575887199,0.09158910686581889,7.598128841839151E-8,1.0000006128937884,0.9999996935532078,false,false,7.317E-4,0
SV,backends,dirichlet,L64X128MixRandom,183146,2000,1,2.613140744491791,0.702189989255156,4.3698769227335335E-7,1.0000006128937884,0.9999996935532078,false,false,7.317E-4,0
SV,backends,dirichlet,L64X128MixRandom,183146,2000,2,4.11073591345111,1.4703966347272575,3.625607887658569E-7,1.0000006128937884,0.9999996935532078,false,false,7.317E-4,0
SV,backends,dirichlet,Xoshiro256PlusPlus,183146,2000,0,0.8647488646771497,0.023732713954248696,1.0536712015977567E-8,1.0000000212107802,0.99999998939461,false,false,7.392E-4,0
SV,backends,dirichlet,Xoshiro256PlusPlus,183146,2000,1,1.8845571919330106,-0.0263935633036243,0.0,1.0000000212107802,0.99999998939461,false,false,7.392E-4,0
SV,backends,dirichlet,Xoshiro256PlusPlus,183146,2000,2,2.832705867159375,0.1923665884355219,0.0,1.0000000212107802,0.99999998939461,false,false,7.392E-4,0
SV,backends,dirichlet,PCG_RXS_M_XS_64,183146,2000,0,1.1321069192415167,0.2910907685186157,2.9862541471768013E-4,1.0011515199464707,0.9994245754455273,false,false,7.178E-4,0
SV,backends,dirichlet,PCG_RXS_M_XS_64,183146,2000,1,2.5382698186270205,0.6273190633903856,3.317245191991202E-4,1.0011515199464707,0.9994245754455273,false,false,7.178E-4,0
SV,backends,dirichlet,PCG_RXS_M_XS_64,183146,2000,2,3.790889495879595,1.1505502171557422,6.493503900337094E-5,1.0011515199464707,0.9994245754455273,false,false,7.178E-4,0
SV,backends,dirichlet,MT19937,183146,2000,0,0.9286815808339032,0.08766543011100214,0.011936411300774672,1.32210943471027,0.8624315753623261,false,false,7.192E-4,0
SV,backends,dirichlet,MT19937,183146,2000,1,2.3878142729055787,0.47686351766894375,0.09942450418827442,1.32210943471027,0.8624315753623261,false,false,7.192E-4,0
SV,backends,dirichlet,MT19937,183146,2000,2,3.4680639489257996,0.8277246702019467,0.24203828295623858,1.32210943471027,0.8624315753623261,false,false,7.192E-4,0
SV,backends,dirichlet,Random,183146,2000,0,0.7184912226284884,-0.12252492809441262,0.009713058568907418,1.098612693861729,0.9534522157526969,false,false,6.858E-4,0
SV,backends,dirichlet,Random,183146,2000,1,1.6828739600219613,-0.2280767952146736,0.03066970259172179,1.098612693861729,0.9534522157526969,false,false,6.858E-4,0
SV,backends,dirichlet,Random,183146,2000,2,2.628675079263063,-0.011664199460789781,0.027838047753042685,1.098612693861729,0.9534522157526969,true,true,6.858E-4,0
SV,backends,dirichlet,L64X128MixRandom,183146,20000,0,0.8060175864017864,-0.03499856432111459,0.04847079467363953,2.4035269533840466,0.5986178870664846,true,false,0.0064973,0
SV,backends,dirichlet,L64X128MixRandom,183146,20000,1,1.8273946527892475,-0.08355610244738743,0.05067410745281361,2.4035269533840466,0.5986178870664846,true,false,0.0064973,0
SV,backends,dirichlet,L64X128MixRandom,183146,20000,2,2.533543242193977,-0.10679603652987568,0.06909886660818534,2.4035269533840466,0.5986178870664846,true,false,0.0064973,0
SV,backends,dirichlet,Xoshiro256PlusPlus,183146,20000,0,0.866466943249598,0.02545079252669702,0.0019709428142563336,1.0655643356207443,0.9686545011726144,false,false,0.0068794,0
SV,backends,dirichlet,Xoshiro256PlusPlus,183146,20000,1,1.8890660407390503,-0.021884714497584667,0.005565407639654229,1.0655643356207443,0.9686545011726144,false,false,0.0068794,0
SV,backends,dirichlet,Xoshiro256PlusPlus,183146,20000,2,2.8299598149288228,0.18962053620496988,0.004805725635450652,1.0655643356207443,0.9686545011726144,false,false,0.0068794,0
SV,backends,dirichlet,PCG_RXS_M_XS_64,183146,20000,0,0.8768544974001012,0.035838346677200206,0.02369635660943303,1.8860231137488823,0.6586852234516376,true,false,0.0068739,0
SV,backends,dirichlet,PCG_RXS_M_XS_64,183146,20000,1,1.8106738801829545,-0.10027687505368044,0.06874396039152346,1.8860231137488823,0.6586852234516376,true,false,0.0068739,0
SV,backends,dirichlet,PCG_RXS_M_XS_64,183146,20000,2,2.7397893198104213,0.09945004108656841,0.1217956025342617,1.8860231137488823,0.6586852234516376,true,false,0.0068739,0
SV,backends,dirichlet,MT19937,183146,20000,0,0.8783925293026024,0.03737637857970133,0.004592799012822873,1.5233616481274854,0.8007648838357445,false,false,0.0070357,0
SV,backends,dirichlet,MT19937,183146,20000,1,1.9174969585181034,0.006546203281468488,0.021179218347958634,1.5233616481274854,0.8007648838357445,true,true,0.0070357,0
SV,backends,dirichlet,MT19937,183146,20000,2,2.7523514166797223,0.1120121379558694,0.02799454388376637,1.5233616481274854,0.8007648838357445,false,false,0.0070357,0
SV,backends,dirichlet,Random,183146,20000,0,0.7220506270465401,-0.11896552367636093,0.008743696703605721,2.532682819928557,0.5497777076923085,false,false,0.006805,0
SV,backends,dirichlet,Random,183146,20000,1,1.8450353505914137,-0.06591540464522128,0.12182094496653911,2.532682819928557,0.5497777076923085,true,false,0.006805,0
SV,backends,dirichlet,Random,183146,20000,2,2.6894129057671994,0.0490736270433465,0.06557447294255417,2.532682819928557,0.5497777076923085,true,false,0.006805,0
SV,backends,dirichlet,L64X128MixRandom,183146,200000,0,0.8386414848549023,-0.0023746658679987265,0.018096090152966374,12.699675109140061,0.16445867686022334,true,true,0.0661552,0
SV,backends,dirichlet,L64X128MixRandom,183146,200000,1,1.928273699310529,0.01732294407389401,0.0309694319865578,12.699675109140061,0.16445867686022334,true,false,0.0661552,0
SV,backends,dirichlet,L64X128MixRandom,183146,200000,2,2.640022722024358,-3.1655669949470777E-4,0.03970015168678005,12.699675109140061,0.16445867686022334,true,true,0.0661552,0
SV,backends,dirichlet,Xoshiro256PlusPlus,183146,200000,0,0.8591380152671707,0.018121864544269672,0.013921918038688185,8.077399864756048,0.23899879556493678,true,false,0.0724658,0
SV,backends,dirichlet,Xoshiro256PlusPlus,183146,200000,1,1.9157526677465166,0.004801912509881712,0.036684779220986695,8.077399864756048,0.23899879556493678,true,true,0.0724658,0
SV,backends,dirichlet,Xoshiro256PlusPlus,183146,200000,2,2.653908664709293,0.013569385985439997,0.04849149848041334,8.077399864756048,0.23899879556493678,true,true,0.0724658,0
SV,backends,dirichlet,PCG_RXS_M_XS_64,183146,200000,0,0.8236146337701535,-0.017401516952747498,0.010754791053821289,9.06655680651892,0.2091086075019688,true,false,0.0734196,0
SV,backends,dirichlet,PCG_RXS_M_XS_64,183146,200000,1,1.8933046294559646,-0.017646125780670374,0.019882739772632788,9.06655680651892,0.2091086075019688,true,false,0.0734196,0
SV,backends,dirichlet,PCG_RXS_M_XS_64,183146,200000,2,2.582075591619737,-0.058263687104116,0.03636969902883425,9.06655680651892,0.2091086075019688,true,false,0.0734196,0
SV,backends,dirichlet,MT19937,183146,200000,0,0.8426886745078049,0.001672523784903901,0.013610820239550398,11.259273629896736,0.17001505602782294,true,true,0.070546,0
SV,backends,dirichlet,MT19937,183146,200000,1,1.9296947258773105,0.018743970640675567,0.02300230906699925,11.259273629896736,0.17001505602782294,true,false,0.070546,0
SV,backends,dirichlet,MT19937,183146,200000,2,2.7123806219638498,0.07204134323999689,0.035560535835272904,11.259273629896736,0.17001505602782294,false,false,0.070546,0
SV,backends,dirichlet,Random,183146,200000,0,0.8422554607447322,0.001239310021831197,0.010625152963464585,11.935403095298538,0.1641081930072537,true,true,0.0674319,0
SV,backends,dirichlet,Random,183146,200000,1,1.9331957830990047,0.022245027862369815,0.027305109554027346,11.935403095298538,0.1641081930072537,true,false,0.0674319,0
SV,backends,dirichlet,Random,183146,200000,2,2.668109703431886,0.027770424708033037,0.03465852752185917,11.935403095298538,0.1641081930072537,true,false,0.0674319,0
SV,backends,gamma,L64X128MixRandom,191065,2000,0,2.155957495396059,0.04808752222642321,0.06444275224107249,6.63416879324508,0.3201583142041792,true,false,2.954E-4,0
SV,backends,gamma,L64X128MixRandom,191065,2000,1,1.8181660486090507,-0.026563298315401163,0.06919831473572241,6.63416879324508,0.3201583142041792,true,false,2.954E-4,0
SV,backends,gamma,Xoshiro256PlusPlus,191065,2000,0,2.3076196882754423,0.1997497151058063,0.04361732921200633,5.8241998786556675,0.28498123758503296,false,false,2.905E-4,0
SV,backends,gamma,Xoshiro256PlusPlus,191065,2000,1,1.7417484718796181,-0.10298087504483378,0.05933060886239782,5.8241998786556675,0.28498123758503296,true,false,2.905E-4,0
SV,backends,gamma,PCG_RXS_M_XS_64,191065,2000,0,2.1121469871359864,0.004277013966350385,0.04000996300193741,11.867703256385942,0.14441040100081134,true,true,2.938E-4,0
SV,backends,gamma,PCG_RXS_M_XS_64,191065,2000,1,1.8294084951538783,-0.015320851770573629,0.042490558759326384,11.867703256385942,0.14441040100081134,true,true,2.938E-4,0
SV,backends,gamma,MT19937,191065,2000,0,2.163686056886162,0.0558160837165258,0.05312782063157043,7.00301955436492,0.18952067794664165,true,false,2.938E-4,0
SV,backends,gamma,MT19937,191065,2000,1,1.7863544080608114,-0.058374938863640535,0.06334932470355242,7.00301955436492,0.18952067794664165,true,false,2.938E-4,0
SV,backends,gamma,Random,191065,2000,0,2.1149700350304967,0.007100061860860762,0.06264978021838402,4.591365060023635,0.3587064113458723,true,true,2.79E-4,0
SV,backends,gamma,Random,191065,2000,1,1.8303656798126156,-0.014363667111836342,0.053782815107268726,4.591365060023635,0.3587064113458723,true,true,2.79E-4,0
SV,backends,gamma,L64X128MixRandom,191065,20000,0,2.1024042740137285,-0.005465699155907444,0.020427192599984902,48.87231857458049,0.04001205822277916,true,true,0.0025179,0
SV,backends,gamma,L64X128MixRandom,191065,20000,1,1.8669561844270186,0.02222683750256671,0.019666804790962406,48.87231857458049,0.04001205822277916,true,false,0.0025179,0
SV,backends,gamma,Xoshiro256PlusPlus,191065,20000,0,2.1405382591643973,0.03266828599476135,0.018875458260031872,48.71786873184272,0.03581476494809221,true,false,0.0028164,0
SV,backends,gamma,Xoshiro256PlusPlus,191065,20000,1,1.8170772099947679,-0.027652136929684046,0.01797318993024525,48.71786873184272,0.03581476494809221,true,false,0.0028164,0
SV,backends,gamma,PCG_RXS_M_XS_64,191065,20000,0,2.1191600076883472,0.011290034518711245,0.020425464247365483,49.559517482484985,0.037946483592472664,true,true,0.0027884,0
SV,backends,gamma,PCG_RXS_M_XS_64,191065,20000,1,1.8288626369818572,-0.015866709942594648,0.0191933830182096,49.559517482484985,0.037946483592472664,true,true,0.0027884,0
SV,backends,gamma,MT19937,191065,20000,0,2.0974026722331143,-0.010467300936521706,0.022023726658054205,46.52827141108278,0.0414510560402286,true,true,0.0028786,0
SV,backends,gamma,MT19937,191065,20000,1,1.8468675438496849,0.0021381969252329824,0.021179892618613926,46.52827141108278,0.0414510560402286,true,true,0.0028786,0
SV,backends,gamma,Random,191065,20000,0,2.105435713494391,-0.0024342596752449097,0.021443568138035492,41.601447060780785,0.04220862090218726,true,true,0.0027091,0
SV,backends,gamma,Random,191065,20000,1,1.8439969850819,-7.323618425518763E-4,0.02097989827883831,41.601447060780785,0.04220862090218726,true,true,0.0027091,0
SV,backends,gamma,L64X128MixRandom,191065,200000,0,2.1046831612456813,-0.0031868119239546466,0.006476538433959673,461.14401116680494,0.004267394112014096,true,true,0.0252866,0
SV,backends,gamma,L64X128MixRandom,191065,200000,1,1.8489230146513076,0.004193667726855699,0.006323533168539813,461.14401116680494,0.004267394112014096,true,true,0.0252866,0
SV,backends,gamma,Xoshiro256PlusPlus,191065,200000,0,2.11483216989505,0.006962196725413872,0.006443246863152905,450.5497146275726,0.004406909256419668,true,true,0.0278626,0
SV,backends,gamma,Xoshiro256PlusPlus,191065,200000,1,1.837540787945369,-0.007188558979082993,0.006415406653447105,450.5497146275726,0.004406909256419668,true,true,0.0278626,0
SV,backends,gamma,PCG_RXS_M_XS_64,191065,200000,0,2.1232810093669507,0.015411036197314765,0.006812330957772768,437.8653610276953,0.004555225700304508,false,true,0.0277727,0
SV,backends,gamma,PCG_RXS_M_XS_64,191065,200000,1,1.8334458414072508,-0.011283505517201142,0.006679210816483952,437.8653610276953,0.004555225700304508,true,true,0.0277727,0
SV,backends,gamma,MT19937,191065,200000,0,2.0993466535178036,-0.008523319651832395,0.006437002749564513,456.80615217967704,0.004270504610232817,true,true,0.0286199,0
SV,backends,gamma,MT19937,191065,200000,1,1.8522862960458628,0.007556949121410916,0.00635210191384729,456.80615217967704,0.004270504610232817,true,true,0.0286199,0
SV,backends,gamma,Random,191065,200000,0,2.1166427688514102,0.008772795681774248,0.006457271742109595,436.1104910933503,0.004409547438686409,true,true,0.0281483,0
SV,backends,gamma,Random,191065,200000,1,1.8350743608519864,-0.00965498607246551,0.006287182033094792,436.1104910933503,0.004409547438686409,true,true,0.0281483,0
SV,backends,dirichlet,L64X128MixRandom,191065,2000,0,0.9225275689078831,0.08151141818498209,2.926012725765159E-4,1.0015698779819362,0.9992157129205632,false,false,7.018E-4,0
SV,backends,dirichlet,L64X128MixRandom,191065,2000,1,2.4236581465777443,0.5127073913411093,6.46736451495327E-5,1.0015698779819362,0.9992157129205632,false,false,7.018E-4,0
SV,backends,dirichlet,L64X128MixRandom,191065,2000,2,2.694156802748998,0.05381752402514506,0.0010266478461391196,1.0015698779819362,0.9992157129205632,false,false,7.018E-4,0
SV,backends,dirichlet,Xoshiro256PlusPlus,191065,2000,0,1.0284062525580724,0.18739010183517135,0.009005493228581839,1.1270586799900615,0.9410139808727063,false,false,7.257E-4,0
SV,backends,dirichlet,Xoshiro256PlusPlus,191065,2000,1,2.4929073855080017,0.5819566302713668,0.005505755527157475,1.1270586799900615,0.9410139808727063,false,false,7.257E-4,0
SV,backends,dirichlet,Xoshiro256PlusPlus,191065,2000,2,3.228345981892497,0.5880067031686442,0.017383537882884048,1.1270586799900615,0.9410139808727063,false,false,7.257E-4,0
SV,backends,dirichlet,PCG_RXS_M_XS_64,191065,2000,0,1.0563395184788162,0.2153233677559152,1.6381490541302412E-4,1.0010199640605522,0.9994902798820353,false,false,7.163E-4,0
SV,backends,dirichlet,PCG_RXS_M_XS_64,191065,2000,1,2.531148094623609,0.620197339386974,8.985234669661511E-4,1.0010199640605522,0.9994902798820353,false,false,7.163E-4,0
SV,backends,dirichlet,PCG_RXS_M_XS_64,191065,2000,2,3.138884872918442,0.4985455941945891,9.131387433984533E-4,1.0010199640605522,0.9994902798820353,false,false,7.163E-4,0
SV,backends,dirichlet,MT19937,191065,2000,0,0.9044845652823705,0.0634684145594695,0.07070986374634872,1.967979807247146,0.5713436605295942,true,false,7.13E-4,0
SV,backends,dirichlet,MT19937,191065,2000,1,2.1767321739347847,0.26578141869814975,0.23233131945232555,1.967979807247146,0.5713436605295942,true,false,7.13E-4,0
SV,backends,dirichlet,MT19937,191065,2000,2,2.6781178910785344,0.037778612354681496,0.1957861869590595,1.967979807247146,0.5713436605295942,true,false,7.13E-4,0
SV,backends,dirichlet,Random,191065,2000,0,0.9866056079960661,0.14558945727316508,0.008178115997441789,2.921049757502215,0.40778551206981406,false,false,6.81E-4,0
SV,backends,dirichlet,Random,191065,2000,1,2.252441749287335,0.34149099405070005,0.10494830148583766,2.921049757502215,0.40778551206981406,false,false,6.81E-4,0
SV,backends,dirichlet,Random,191065,2000,2,2.917218618337067,0.2768793396132141,0.2513945854213938,2.921049757502215,0.40778551206981406,true,false,6.81E-4,0
SV,backends,dirichlet,L64X128MixRandom,191065,20000,0,0.8497101519001706,0.008694001177269595,0.004822203619007089,1.19733470728182,0.912253283403529,true,false,0.0064799,0
SV,backends,dirichlet,L64X128MixRandom,191065,20000,1,1.7910264020462396,-0.1199243531903953,0.025774787829009146,1.19733470728182,0.912253283403529,false,false,0.0064799,0
SV,backends,dirichlet,L64X128MixRandom,191065,20000,2,2.6619556378197284,0.02161635909587556,0.006343844451028632,1.19733470728182,0.912253283403529,false,false,0.0064799,0
SV,backends,dirichlet,Xoshiro256PlusPlus,191065,20000,0,0.9697255004700543,0.1287093497471533,0.03381443020907949,3.161457972504381,0.39322798074582044,false,false,0.0069362,0
SV,backends,dirichlet,Xoshiro256PlusPlus,191065,20000,1,1.8933553610840097,-0.017595394152625232,0.12099558314057647,3.161457972504381,0.39322798074582044,true,false,0.0069362,0
SV,backends,dirichlet,Xoshiro256PlusPlus,191065,20000,2,2.8037402598395578,0.1634009811157049,0.17366171383334816,3.161457972504381,0.39322798074582044,true,false,0.0069362,0
SV,backends,dirichlet,PCG_RXS_M_XS_64,191065,20000,0,0.9299324047967555,0.0889162540738545,0.04140006332081355,1.3960749593512367,0.8303475412477385,false,false,0.0068805,0
SV,backends,dirichlet,PCG_RXS_M_XS_64,191065,20000,1,2.1499438902542543,0.23899313501761932,0.12795520070414515,1.3960749593512367,0.8303475412477385,true,false,0.0068805,0
SV,backends,dirichlet,PCG_RXS_M_XS_64,191065,20000,2,3.1033339751803473,0.4629946964564944,0.10398599377472127,1.3960749593512367,0.8303475412477385,false,false,0.0068805,0
SV,backends,dirichlet,MT19937,191065,20000,0,0.9154748261363462,0.0744586754134452,0.052741179996390504,2.1287151309028953,0.5419314021803769,true,false,0.0069791,0
SV,backends,dirichlet,MT19937,191065,20000,1,2.1535075675609803,0.24255681232434534,0.0507394450278514,2.1287151309028953,0.5419314021803769,false,false,0.0069791,0
SV,backends,dirichlet,MT19937,191065,20000,2,2.615956759996045,-0.024382518727807945,0.015295924403263323,2.1287151309028953,0.5419314021803769,true,false,0.0069791,0
SV,backends,dirichlet,Random,191065,20000,0,0.9184211776079212,0.07740502688502016,0.011881481338174339,1.563942514816096,0.790899571166633,false,false,0.0067796,0
SV,backends,dirichlet,Random,191065,20000,1,2.18852348204941,0.27757272681277523,0.05133485559162687,1.563942514816096,0.790899571166633,false,false,0.0067796,0
SV,backends,dirichlet,Random,191065,20000,2,3.0193964442743653,0.3790571655505124,0.024705748646993826,1.563942514816096,0.790899571166633,false,false,0.0067796,0
SV,backends,dirichlet,L64X128MixRandom,191065,200000,0,0.8376104261078273,-0.003405724615073713,0.016162816826407838,9.448350289240189,0.19594560873151168,true,true,0.064635,0
SV,backends,dirichlet,L64X128MixRandom,191065,200000,1,1.8961384194926925,-0.014812335743942473,0.027299445726727628,9.448350289240189,0.19594560873151168,true,false,0.064635,0
SV,backends,dirichlet,L64X128MixRandom,191065,200000,2,2.611516071337626,-0.0288232073862269,0.042908826415354186,9.448350289240189,0.19594560873151168,true,false,0.064635,0
SV,backends,dirichlet,Xoshiro256PlusPlus,191065,200000,0,0.8426033656618069,0.001587214938905901,0.02468466239179399,5.489638506064795,0.3638354768166388,true,true,0.0686782,0
SV,backends,dirichlet,Xoshiro256PlusPlus,191065,200000,1,1.8498709730625278,-0.061079782174107144,0.0449174027410035,5.489638506064795,0.3638354768166388,true,false,0.0686782,0
SV,backends,dirichlet,Xoshiro256PlusPlus,191065,200000,2,2.566122417946852,-0.07421686077700107,0.06990127136356789,5.489638506064795,0.3638354768166388,true,false,0.0686782,0
SV,backends,dirichlet,PCG_RXS_M_XS_64,191065,200000,0,0.8512206691716799,0.010204518448778899,0.010730802787684202,8.285460197208138,0.22870457141009695,true,false,0.0716932,0
SV,backends,dirichlet,PCG_RXS_M_XS_64,191065,200000,1,1.873664633575487,-0.037286121661147975,0.031896087153493395,8.285460197208138,0.22870457141009695,true,false,0.0716932,0
SV,backends,dirichlet,PCG_RXS_M_XS_64,191065,200000,2,2.6831744771448833,0.04283519842103045,0.02335133805385641,8.285460197208138,0.22870457141009695,true,false,0.0716932,0
SV,backends,dirichlet,MT19937,191065,200000,0,0.8599001139788185,0.018883963255917458,0.015033045071442134,7.813993699147995,0.231245841842583,true,false,0.0760337,0
SV,backends,dirichlet,MT19937,191065,200000,1,1.931387656117969,0.020436900881334097,0.0387610675862471,7.813993699147995,0.231245841842583,true,false,0.0760337,0
SV,backends,dirichlet,MT19937,191065,200000,2,2.7044571268425583,0.06411784811870547,0.03841835461669475,7.813993699147995,0.231245841842583,true,false,0.0760337,0
SV,backends,dirichlet,Random,191065,200000,0,0.8600061790702634,0.01899002834736241,0.006343645627011051,10.163252027154233,0.15973902480000482,false,false,0.0721758,0
SV,backends,dirichlet,Random,191065,200000,1,1.926118166893891,0.015167411657255991,0.029542623282096517,10.163252027154233,0.15973902480000482,true,false,0.0721758,0
SV,backends,dirichlet,Random,191065,200000,2,2.6386144252425514,-0.0017248534813014693,0.04886518395129214,10.163252027154233,0.15973902480000482,true,true,0.0721758,0
SV,backends,gamma,L64X128MixRandom,198984,2000,0,2.161373230454531,0.0535032572848948,0.11333186166791921,4.49650757552525,0.38283252510419474,true,false,3.162E-4,0
SV,backends,gamma,L64X128MixRandom,198984,2000,1,1.8021031727826982,-0.04262617414175374,0.08296973846510504,4.49650757552525,0.38283252510419474,true,false,3.162E-4,0
SV,backends,gamma,Xoshiro256PlusPlus,198984,2000,0,2.1846594912616326,0.07678951809199663,0.05403042183844241,5.13529383671934,0.33885504278388967,true,false,3.022E-4,0
SV,backends,gamma,Xoshiro256PlusPlus,198984,2000,1,1.8099472914828705,-0.034782055441581416,0.06738823934389043,5.13529383671934,0.33885504278388967,true,false,3.022E-4,0
SV,backends,gamma,PCG_RXS_M_XS_64,198984,2000,0,2.181464936032751,0.07359496286311495,0.02805073730154744,6.672390289622269,0.21145567068678647,false,false,3.105E-4,0
SV,backends,gamma,PCG_RXS_M_XS_64,198984,2000,1,1.7627071032235921,-0.08202224370085975,0.032055908217115944,6.672390289622269,0.21145567068678647,false,false,3.105E-4,0
SV,backends,gamma,MT19937,198984,2000,0,2.2886545334863837,0.18078456031674772,0.03904377568987879,5.223646600944536,0.2929863415363718,false,false,3.092E-4,0
SV,backends,gamma,MT19937,198984,2000,1,1.726975447859527,-0.11775389906492495,0.051921560771121374,5.223646600944536,0.2929863415363718,false,false,3.092E-4,0
SV,backends,gamma,Random,198984,2000,0,2.080172978113079,-0.027696995056556872,0.07638739920316802,4.325945831489519,0.3391609927170507,true,false,2.807E-4,0
SV,backends,gamma,Random,198984,2000,1,1.7992771670685894,-0.04545217985586247,0.06215186225763809,4.325945831489519,0.3391609927170507,true,false,2.807E-4,0
SV,backends,gamma,L64X128MixRandom,198984,20000,0,2.1328698838726385,0.02499991070300256,0.021851731797511882,43.99631373375539,0.04669672427376441,true,false,0.0025483,0
SV,backends,gamma,L64X128MixRandom,198984,20000,1,1.8253835578795392,-0.019345789044912687,0.0233390601690801,43.99631373375539,0.04669672427376441,true,true,0.0025483,0
SV,backends,gamma,Xoshiro256PlusPlus,198984,20000,0,2.1077743013536074,-9.567181602854191E-5,0.017613401476627162,49.92887094429846,0.0412128161844203,true,true,0.0028649,0
SV,backends,gamma,Xoshiro256PlusPlus,198984,20000,1,1.8577604113335535,0.013031064409101623,0.018636062009849005,49.92887094429846,0.0412128161844203,true,true,0.0028649,0
SV,backends,gamma,PCG_RXS_M_XS_64,198984,20000,0,2.1030272838453916,-0.004842689324244365,0.01841448273430892,43.24006519471257,0.04195043573537441,true,true,0.0028335,0
SV,backends,gamma,PCG_RXS_M_XS_64,198984,20000,1,1.854309610632291,0.009580263707839043,0.01945970746923506,43.24006519471257,0.04195043573537441,true,true,0.0028335,0
SV,backends,gamma,MT19937,198984,20000,0,2.1627229719574763,0.054852998787840335,0.01972267096838782,50.66691694503682,0.03905246308123685,false,false,0.0028986,0
SV,backends,gamma,MT19937,198984,20000,1,1.807879244238158,-0.03685010268629396,0.020353734996248873,50.66691694503682,0.03905246308123685,true,false,0.0028986,0
SV,backends,gamma,Random,198984,20000,0,2.102392328094832,-0.005477645074804194,0.022328970479372955,43.15805193090801,0.04593943981644129,true,true,0.0028096,0
SV,backends,gamma,Random,198984,20000,1,1.836954254907365,-0.007775092017086926,0.021372603042845002,43.15805193090801,0.04593943981644129,true,true,0.0028096,0
SV,backends,gamma,L64X128MixRandom,198984,200000,0,2.09512926341611,-0.012740709753526147,0.0069049254082581,411.7177802818002,0.0051764747568002955,true,true,0.0257038,0
SV,backends,gamma,L64X128MixRandom,198984,200000,1,1.858798155410396,0.014068808485944162,0.007028747851004123,411.7177802818002,0.0051764747568002955,false,true,0.0257038,0
SV,backends,gamma,Xoshiro256PlusPlus,198984,200000,0,2.092378772808364,-0.01549120036127194,0.006582351598225033,441.8628832463229,0.004610499434049924,false,true,0.0278826,0
SV,backends,gamma,Xoshiro256PlusPlus,198984,200000,1,1.856754301554725,0.012024954630273088,0.006745440096111004,441.8628832463229,0.004610499434049924,true,true,0.0278826,0
SV,backends,gamma,PCG_RXS_M_XS_64,198984,200000,0,2.1054927115718822,-0.002377261597753755,0.00662420198808374,433.8347050874768,0.004653800641651154,true,true,0.0277715,0
SV,backends,gamma,PCG_RXS_M_XS_64,198984,200000,1,1.8483520664422226,0.0036227195177707117,0.006719478166629631,433.8347050874768,0.004653800641651154,true,true,0.0277715,0
SV,backends,gamma,MT19937,198984,200000,0,2.1055609855750004,-0.002308987594635603,0.00636843739972198,487.218820080551,0.004112919158849698,true,true,0.0284838,0
SV,backends,gamma,MT19937,198984,200000,1,1.8468326321412531,0.002103285216801254,0.006396470957706887,487.218820080551,0.004112919158849698,true,true,0.0284838,0
SV,backends,gamma,Random,198984,200000,0,2.114859844284927,0.006989871115290924,0.006586382753607846,423.0128499048541,0.004534966869518424,true,true,0.0270449,0
SV,backends,gamma,Random,198984,200000,1,1.8362650885622167,-0.008464258362235189,0.0064050236543678266,423.0128499048541,0.004534966869518424,true,true,0.0270449,0
SV,backends,dirichlet,L64X128MixRandom,198984,2000,0,0.7432695898137173,-0.09774656090918377,1.0536712127504018E-8,1.0000000000416622,0.9999999999791689,false,false,7.023E-4,0
SV,backends,dirichlet,L64X128MixRandom,198984,2000,1,1.7500080299317196,-0.16094272530491538,0.0,1.0000000000416622,0.9999999999791689,false,false,7.023E-4,0
SV,backends,dirichlet,L64X128MixRandom,198984,2000,2,2.38410497489066,-0.2562343038331929,0.0,1.0000000000416622,0.9999999999791689,false,false,7.023E-4,0
SV,backends,dirichlet,Xoshiro256PlusPlus,198984,2000,0,0.5864344570214853,-0.2545816937014157,2.523510683592333E-5,1.0022174414879215,0.9988925197082741,false,false,7.158E-4,0
SV,backends,dirichlet,Xoshiro256PlusPlus,198984,2000,1,1.9625372559879943,0.0515865007513594,4.15028387901518E-4,1.0022174414879215,0.9988925197082741,false,false,7.158E-4,0
SV,backends,dirichlet,Xoshiro256PlusPlus,198984,2000,2,2.516272624143056,-0.12406665458079669,0.0012051553123875202,1.0022174414879215,0.9988925197082741,false,false,7.158E-4,0
SV,backends,dirichlet,PCG_RXS_M_XS_64,198984,2000,0,0.963815248090587,0.12279909736768602,6.013351564587395E-4,1.0056986699447215,0.9971596663024038,false,false,7.132E-4,0
SV,backends,dirichlet,PCG_RXS_M_XS_64,198984,2000,1,1.9883075410186832,0.0773567857820483,5.26951637820252E-4,1.0056986699447215,0.9971596663024038,false,false,7.132E-4,0
SV,backends,dirichlet,PCG_RXS_M_XS_64,198984,2000,2,3.1825389842270004,0.5421997055031476,1.915422600654725E-4,1.0056986699447215,0.9971596663024038,false,false,7.132E-4,0
SV,backends,dirichlet,MT19937,198984,2000,0,0.9222699297662275,0.08125377904332642,0.004668564133692327,1.0475567439420592,0.976818931813116,false,false,7.41E-4,0
SV,backends,dirichlet,MT19937,198984,2000,1,2.6489377356570785,0.7379869804204435,0.00896784086870282,1.0475567439420592,0.976818931813116,false,false,7.41E-4,0
SV,backends,dirichlet,MT19937,198984,2000,2,2.716762484826502,0.0764232061026493,0.030675805617758577,1.0475567439420592,0.976818931813116,false,false,7.41E-4,0
SV,backends,dirichlet,Random,198984,2000,0,1.016444551225912,0.1754284005030109,5.452672509995583E-7,1.0000045439187344,0.9999977280474418,false,false,6.8E-4,0
SV,backends,dirichlet,Random,198984,2000,1,2.651877656863656,0.7409269016270212,5.170497940776879E-7,1.0000045439187344,0.9999977280474418,false,false,6.8E-4,0
SV,backends,dirichlet,Random,198984,2000,2,3.669357213599217,1.0290179348753643,1.2098394044985848E-6,1.0000045439187344,0.9999977280474418,false,false,6.8E-4,0
SV,backends,dirichlet,L64X128MixRandom,198984,20000,0,0.8479324324331412,0.006916281710240169,0.03488264607030304,2.4873945457624664,0.5635514194226987,true,false,0.0064724,0
SV,backends,dirichlet,L64X128MixRandom,198984,20000,1,1.9004969388359962,-0.010453816400638694,0.04932742711005939,2.4873945457624664,0.5635514194226987,true,true,0.0064724,0
SV,backends,dirichlet,L64X128MixRandom,198984,20000,2,2.5917019909460404,-0.04863728777781251,0.07267205719554597,2.4873945457624664,0.5635514194226987,true,false,0.0064724,0
SV,backends,dirichlet,Xoshiro256PlusPlus,198984,20000,0,0.7863345579775798,-0.05468159274532125,0.02690221103633141,1.4539159356804987,0.8217206867565628,false,false,0.006843,0
SV,backends,dirichlet,Xoshiro256PlusPlus,198984,20000,1,1.766529504500739,-0.14442125073589596,0.03326581103015115,1.4539159356804987,0.8217206867565628,false,false,0.006843,0
SV,backends,dirichlet,Xoshiro256PlusPlus,198984,20000,2,2.7922436555919585,0.15190437686810565,0.09913194372971583,1.4539159356804987,0.8217206867565628,true,false,0.006843,0
SV,backends,dirichlet,PCG_RXS_M_XS_64,198984,20000,0,0.8342876530118524,-0.006728497711048664,0.048731285848697174,2.087728508242229,0.5376410857024362,true,false,0.0068553,0
SV,backends,dirichlet,PCG_RXS_M_XS_64,198984,20000,1,2.0118505628515138,0.10089980761487882,0.07196648756573014,2.087728508242229,0.5376410857024362,true,false,0.0068553,0
SV,backends,dirichlet,PCG_RXS_M_XS_64,198984,20000,2,2.6855860169354333,0.04524673821158043,0.0847424474925348,2.087728508242229,0.5376410857024362,true,false,0.0068553,0
SV,backends,dirichlet,MT19937,198984,20000,0,0.752261382330248,-0.08875476839265306,0.02126413352153173,2.1727885361090506,0.5936591655751716,false,false,0.0069649,0
SV,backends,dirichlet,MT19937,198984,20000,1,1.8664737667342588,-0.044476988502376136,0.027721153452736014,2.1727885361090506,0.5936591655751716,true,false,0.0069649,0
SV,backends,dirichlet,MT19937,198984,20000,2,2.6984983684561445,0.05815908973229167,0.07770310129757296,2.1727885361090506,0.5936591655751716,true,false,0.0069649,0
SV,backends,dirichlet,Random,198984,20000,0,0.9190918147653927,0.07807566404249167,0.0165383434395469,2.392561728319031,0.585591417727971,false,false,0.0068182,0
SV,backends,dirichlet,Random,198984,20000,1,2.113359027500856,0.20240827226422087,0.07800260138420519,2.392561728319031,0.585591417727971,false,false,0.0068182,0
SV,backends,dirichlet,Random,198984,20000,2,3.1726989943539015,0.5323597156300486,0.05911608577894072,2.392561728319031,0.585591417727971,false,false,0.0068182,0
SV,backends,dirichlet,L64X128MixRandom,198984,200000,0,0.8427627249671618,0.0017465742442607235,0.018150419626014096,10.121356110302163,0.1988435783995407,true,true,0.0653227,0
SV,backends,dirichlet,L64X128MixRandom,198984,200000,1,1.8966484771780407,-0.014302278058594187,0.02368564933993047,10.121356110302163,0.1988435783995407,true,true,0.0653227,0
SV,backends,dirichlet,L64X128MixRandom,198984,200000,2,2.690232987788686,0.049893709064833036,0.04806654722785047,10.121356110302163,0.1988435783995407,true,false,0.0653227,0
SV,backends,dirichlet,Xoshiro256PlusPlus,198984,200000,0,0.8561565856872069,0.015140434964305838,0.017552181594537947,11.190713077916124,0.133845304068816,true,false,0.0684165,0
SV,backends,dirichlet,Xoshiro256PlusPlus,198984,200000,1,1.8774138767033963,-0.03353687853323861,0.03551225335414174,11.190713077916124,0.133845304068816,true,false,0.0684165,0
SV,backends,dirichlet,Xoshiro256PlusPlus,198984,200000,2,2.5965177566149418,-0.043821522108911104,0.04695629266218358,11.190713077916124,0.133845304068816,true,false,0.0684165,0
SV,backends,dirichlet,PCG_RXS_M_XS_64,198984,200000,0,0.8417233005865273,7.071498636262996E-4,0.019652771674950654,11.46620258028768,0.178346468220907,true,true,0.0683175,0
SV,backends,dirichlet,PCG_RXS_M_XS_64,198984,200000,1,1.9560794894972693,0.04512873426063435,0.03157142799187312,11.46620258028768,0.178346468220907,true,false,0.0683175,0
SV,backends,dirichlet,PCG_RXS_M_XS_64,198984,200000,2,2.625812111775356,-0.014527166948496983,0.04605883523021527,11.46620258028768,0.178346468220907,true,true,0.0683175,0
SV,backends,dirichlet,MT19937,198984,200000,0,0.8584807586135316,0.017464607890630535,0.011814823885400057,12.064706934138634,0.14679785539967238,true,false,0.0705134,0
SV,backends,dirichlet,MT19937,198984,200000,1,1.968542758141192,0.05759200290455713,0.03925043453019405,12.064706934138634,0.14679785539967238,true,false,0.0705134,0
SV,backends,dirichlet,MT19937,198984,200000,2,2.7261876880294604,0.08584840930560755,0.047498104892210465,12.064706934138634,0.14679785539967238,true,false,0.0705134,0
SV,backends,dirichlet,Random,198984,200000,0,0.8588067725870911,0.017790621864190115,0.011231517812057331,5.926705825063452,0.3016598121701711,true,false,0.0673054,0
SV,backends,dirichlet,Random,198984,200000,1,1.9423539639564296,0.03140320871979463,0.0365184254503258,5.926705825063452,0.3016598121701711,true,false,0.0673054,0
SV,backends,dirichlet,Random,198984,200000,2,2.669669515510263,0.029330236786410335,0.027385714939291934,5.926705825063452,0.3016598121701711,true,false,0.0673054,0
SV,backends,gamma,L64X128MixRandom,206903,2000,0,2.1134869974562074,0.005617024286571404,0.070941060929148,4.560505813915802,0.30561673193415745,true,true,2.988E-4,0
SV,backends,gamma,L64X128MixRandom,206903,2000,1,1.819422403272089,-0.025306943652362968,0.07391644727178336,4.560505813915802,0.30561673193415745,true,false,2.988E-4,0
SV,backends,gamma,Xoshiro256PlusPlus,206903,2000,0,2.0668189531010426,-0.0410510200685934,0.04798080531266624,5.311991506099919,0.25995782048279387,true,false,2.959E-4,0
SV,backends,gamma,Xoshiro256PlusPlus,206903,2000,1,1.9257319973685996,0.08100265044414767,0.04981688094800397,5.311991506099919,0.25995782048279387,true,false,2.959E-4,0
SV,backends,gamma,PCG_RXS_M_XS_64,206903,2000,0,2.269493265318129,0.16162329214849303,0.06107602993717104,4.577507960159026,0.32722098075252737,false,false,2.925E-4,0
SV,backends,gamma,PCG_RXS_M_XS_64,206903,2000,1,1.6194112641478007,-0.22531808277665122,0.02610583687296365,4.577507960159026,0.32722098075252737,false,false,2.925E-4,0
SV,backends,gamma,MT19937,206903,2000,0,1.97214071202008,-0.13572926114955597,0.027818361747073164,4.717099928907808,0.2957785898123932,false,false,3.046E-4,0
SV,backends,gamma,MT19937,206903,2000,1,1.9688739124675574,0.12414456554310549,0.02947574224036192,4.717099928907808,0.2957785898123932,false,false,3.046E-4,0
SV,backends,gamma,Random,206903,2000,0,2.1776501995842494,0.06978022641461346,0.11614635778396999,3.5616360506318654,0.41600354398308764,true,false,2.797E-4,0
SV,backends,gamma,Random,206903,2000,1,1.7691816779093545,-0.07554766901509735,0.09133517882500887,3.5616360506318654,0.41600354398308764,true,false,2.797E-4,0
SV,backends,gamma,L64X128MixRandom,206903,20000,0,2.1156429283158613,0.0077729551462253355,0.021566694716830318,40.37669904617312,0.04262471910981618,true,true,0.0025037,0
SV,backends,gamma,L64X128MixRandom,206903,20000,1,1.8245307152470625,-0.020198631677389445,0.019234863648118144,40.37669904617312,0.04262471910981618,true,false,0.0025037,0
SV,backends,gamma,Xoshiro256PlusPlus,206903,20000,0,2.0942775644965126,-0.01359240867312339,0.018543322593491066,50.72355464745147,0.0360697505505741,true,true,0.0027817,0
SV,backends,gamma,Xoshiro256PlusPlus,206903,20000,1,1.858102244608701,0.013372897684249097,0.018822308891119396,50.72355464745147,0.0360697505505741,true,true,0.0027817,0
SV,backends,gamma,PCG_RXS_M_XS_64,206903,20000,0,2.0944098649982577,-0.013460108171378327,0.026329733491890526,40.24983545678367,0.054217472300510716,true,true,0.0027815,0
SV,backends,gamma,PCG_RXS_M_XS_64,206903,20000,1,1.844511270703814,-2.180762206378528E-4,0.025392268726093285,40.24983545678367,0.054217472300510716,true,true,0.0027815,0
SV,backends,gamma,MT19937,206903,20000,0,2.1181160198627484,0.010246046693112465,0.0231706305747219,43.275026196002344,0.04537822327875739,true,true,0.0028542,0
SV,backends,gamma,MT19937,206903,20000,1,1.8334657889050456,-0.011263558019406261,0.020815514976259716,43.275026196002344,0.04537822327875739,true,true,0.0028542,0
SV,backends,gamma,Random,206903,20000,0,2.1073755459287824,-4.944272408535788E-4,0.024709036988608362,34.64405471005496,0.056913459671831305,true,true,0.0027091,0
SV,backends,gamma,Random,206903,20000,1,1.8523149851838303,0.007585638259378413,0.02557677598981116,34.64405471005496,0.056913459671831305,true,true,0.0027091,0
SV,backends,gamma,L64X128MixRandom,206903,200000,0,2.0942946191160137,-0.013575354053622313,0.006364592045287979,449.6561950565764,0.004406510030183915,false,true,0.0247979,0
SV,backends,gamma,L64X128MixRandom,206903,200000,1,1.857727346285117,0.012997999360665036,0.006479397728774445,449.6561950565764,0.004406510030183915,false,true,0.0247979,0
SV,backends,gamma,Xoshiro256PlusPlus,206903,200000,0,2.1135932231987336,0.005723250029097571,0.00667581455049149,460.34019948598177,0.004343116099876494,true,true,0.0278936,0
SV,backends,gamma,Xoshiro256PlusPlus,206903,200000,1,1.8400579524898073,-0.0046713944346445935,0.006535805605601049,460.34019948598177,0.004343116099876494,true,true,0.0278936,0
SV,backends,gamma,PCG_RXS_M_XS_64,206903,200000,0,2.1131725594740134,0.00530258630437741,0.006523598375092631,442.7444641461941,0.004460830717741677,true,true,0.0276834,0
SV,backends,gamma,PCG_RXS_M_XS_64,206903,200000,1,1.8414425173810773,-0.0032868295433745587,0.006431538267284702,442.7444641461941,0.004460830717741677,true,true,0.0276834,0
SV,backends,gamma,MT19937,206903,200000,0,2.1100853838361844,0.002215410666548401,0.006406031962718562,472.5309988107146,0.004300706729569634,true,true,0.0283532,0
SV,backends,gamma,MT19937,206903,200000,1,1.8477320249570084,0.003002678032556494,0.006340650858477093,472.5309988107146,0.004300706729569634,true,true,0.0283532,0
SV,backends,gamma,Random,206903,200000,0,2.1078128351415972,-5.713802803875012E-5,0.006746809055375287,431.31391684129363,0.004583245570479562,true,true,0.0270288,0
SV,backends,gamma,Random,206903,200000,1,1.8472174668848014,0.0024881199603494775,0.006764202250821156,431.31391684129363,0.004583245570479562,true,true,0.0270288,0
SV,backends,dirichlet,L64X128MixRandom,206903,2000,0,0.8175760438352798,-0.023440106887621215,4.0513222737628387E-4,1.0014654031181813,0.9992678384830187,false,false,6.962E-4,0
SV,backends,dirichlet,L64X128MixRandom,206903,2000,1,1.6698516002358643,-0.24109915500077062,8.83676005452822E-4,1.0014654031181813,0.9992678384830187,false,false,6.962E-4,0
SV,backends,dirichlet,L64X128MixRandom,206903,2000,2,3.245270298006755,0.604931019282902,4.905338514317331E-4,1.0014654031181813,0.9992678384830187,false,false,6.962E-4,0
SV,backends,dirichlet,Xoshiro256PlusPlus,206903,2000,0,0.8371203362136684,-0.003895814509232598,1.1766661938641714E-6,1.000011413301204,0.9999942933920489,false,true,0.0014832,0
SV,backends,dirichlet,Xoshiro256PlusPlus,206903,2000,1,2.196517100494818,0.2855663452581829,2.3422671672099875E-6,1.000011413301204,0.9999942933920489,false,false,0.0014832,0
SV,backends,dirichlet,Xoshiro256PlusPlus,206903,2000,2,3.5910166926363956,0.9506774139125427,7.73134693501366E-6,1.000011413301204,0.9999942933920489,false,false,0.0014832,0
SV,backends,dirichlet,PCG_RXS_M_XS_64,206903,2000,0,0.9006217682532462,0.05960561753034521,0.014008230443810346,1.1626771583642252,0.9244428812758496,false,false,7.312E-4,0
SV,backends,dirichlet,PCG_RXS_M_XS_64,206903,2000,1,1.5495539616166685,-0.36139679361996646,0.07193745253406614,1.1626771583642252,0.9244428812758496,false,false,7.312E-4,0
SV,backends,dirichlet,PCG_RXS_M_XS_64,206903,2000,2,2.7358646352467786,0.09552535652292571,0.0779751071421542,1.1626771583642252,0.9244428812758496,true,false,7.312E-4,0
SV,backends,dirichlet,MT19937,206903,2000,0,0.5746142834289094,-0.2664018672939916,0.002259933780176869,1.0062596334432992,0.9968799504649138,false,false,7.199E-4,0
SV,backends,dirichlet,MT19937,206903,2000,1,1.846778552062195,-0.06417220317443983,0.003991482706600483,1.0062596334432992,0.9968799504649138,false,false,7.199E-4,0
SV,backends,dirichlet,MT19937,206903,2000,2,2.5433786047855964,-0.09696067393825647,0.0018420782930704648,1.0062596334432992,0.9968799504649138,false,false,7.199E-4,0
SV,backends,dirichlet,Random,206903,2000,0,0.5266085690116059,-0.3144075817112951,1.739867738215517E-4,1.0003575075856002,0.9998212819989768,false,false,6.841E-4,0
SV,backends,dirichlet,Random,206903,2000,1,1.5074336248859626,-0.4035171303506724,2.7662931949653114E-4,1.0003575075856002,0.9998212819989768,false,false,6.841E-4,0
SV,backends,dirichlet,Random,206903,2000,2,2.072558102567211,-0.5677811761566418,3.8680874726765936E-4,1.0003575075856002,0.9998212819989768,false,false,6.841E-4,0
SV,backends,dirichlet,L64X128MixRandom,206903,20000,0,0.8431242982170134,0.002108147494112367,0.006737849150233359,1.4795182340187316,0.8139170045814221,true,true,0.006589,0
SV,backends,dirichlet,L64X128MixRandom,206903,20000,1,2.008157997417038,0.09720724218040311,0.04699222108838801,1.4795182340187316,0.8139170045814221,false,false,0.006589,0
SV,backends,dirichlet,L64X128MixRandom,206903,20000,2,2.6915077688601916,0.05116849013633873,0.08260583727719871,1.4795182340187316,0.8139170045814221,true,false,0.006589,0
SV,backends,dirichlet,Xoshiro256PlusPlus,206903,20000,0,0.8442274136423668,0.0032112629194657183,0.013718232930104733,1.4155662063302272,0.8347100814480514,true,true,0.0069551,0
SV,backends,dirichlet,Xoshiro256PlusPlus,206903,20000,1,2.059724223658265,0.14877346842162997,0.018871544628046393,1.4155662063302272,0.8347100814480514,false,false,0.0069551,0
SV,backends,dirichlet,Xoshiro256PlusPlus,206903,20000,2,2.955723339617618,0.31538406089376503,0.027446693575609672,1.4155662063302272,0.8347100814480514,false,false,0.0069551,0
SV,backends,dirichlet,PCG_RXS_M_XS_64,206903,20000,0,0.8438893179262421,0.002873167203341076,0.048611313253221114,2.808420121118305,0.4159222830560132,true,true,0.0068695,0
SV,backends,dirichlet,PCG_RXS_M_XS_64,206903,20000,1,2.0693596674244903,0.15840891218785536,0.030442545491516544,2.808420121118305,0.4159222830560132,false,false,0.0068695,0
SV,backends,dirichlet,PCG_RXS_M_XS_64,206903,20000,2,2.7640837646900867,0.12374448596623377,0.1656947559180502,2.808420121118305,0.4159222830560132,true,false,0.0068695,0
SV,backends,dirichlet,MT19937,206903,20000,0,0.8246137623474394,-0.016402388375461596,0.002020481882746545,1.2086894555438414,0.9068457807717432,false,false,0.0069469,0
SV,backends,dirichlet,MT19937,206903,20000,1,1.8311421368925758,-0.07980861834405917,0.01602363829690348,1.2086894555438414,0.9068457807717432,false,false,0.0069469,0
SV,backends,dirichlet,MT19937,206903,20000,2,2.555432002826346,-0.0849072758975069,0.02770395766497148,1.2086894555438414,0.9068457807717432,false,false,0.0069469,0
SV,backends,dirichlet,Random,206903,20000,0,0.8035136251902698,-0.037502525532631226,0.013247833753404792,1.7070014285327284,0.74914133071245,false,false,0.0067414,0
SV,backends,dirichlet,Random,206903,20000,1,1.666586552773009,-0.2443642024636259,0.06783542962016167,1.7070014285327284,0.74914133071245,false,false,0.0067414,0
SV,backends,dirichlet,Random,206903,20000,2,2.3956315570578126,-0.24470772166604027,0.13183754492811503,1.7070014285327284,0.74914133071245,true,false,0.0067414,0
SV,backends,dirichlet,L64X128MixRandom,206903,200000,0,0.8307251302437596,-0.010291020479141433,0.009931912893808273,9.182298521312754,0.20522859013441103,true,false,0.0644922,0
SV,backends,dirichlet,L64X128MixRandom,206903,200000,1,1.9127432477277535,0.0017924924911185691,0.02999124001128517,9.182298521312754,0.20522859013441103,true,true,0.0644922,0
SV,backends,dirichlet,L64X128MixRandom,206903,200000,2,2.6501634844563906,0.009824205732537727,0.04293471929185625,9.182298521312754,0.20522859013441103,true,true,0.0644922,0
SV,backends,dirichlet,Xoshiro256PlusPlus,206903,200000,0,0.8752797102203329,0.03426355949743187,0.011024672711644045,8.546239529866552,0.18970182229750845,false,false,0.0685888,0
SV,backends,dirichlet,Xoshiro256PlusPlus,206903,200000,1,1.8942556674045692,-0.016695087832065747,0.04074695926516989,8.546239529866552,0.18970182229750845,true,false,0.0685888,0
SV,backends,dirichlet,Xoshiro256PlusPlus,206903,200000,2,2.71985293966919,0.07951366094533707,0.04799840546900242,8.546239529866552,0.18970182229750845,true,false,0.0685888,0
SV,backends,dirichlet,PCG_RXS_M_XS_64,206903,200000,0,0.8718793778332432,0.030863227110342173,0.023357675482569375,11.836218344871687,0.14015590754086032,true,false,0.0699321,0
SV,backends,dirichlet,PCG_RXS_M_XS_64,206903,200000,1,2.0014273514821825,0.0904765962455476,0.03521945713247617,11.836218344871687,0.14015590754086032,false,false,0.0699321,0
SV,backends,dirichlet,PCG_RXS_M_XS_64,206903,200000,2,2.743496092281675,0.10315681355782225,0.05927472742924214,11.836218344871687,0.14015590754086032,true,false,0.0699321,0
SV,backends,dirichlet,MT19937,206903,200000,0,0.8365693027125254,-0.004446848010375648,0.015193973840228636,6.786792163817854,0.31415948023947826,true,true,0.0698576,0
SV,backends,dirichlet,MT19937,206903,200000,1,1.9003763356232244,-0.010574419613410546,0.033731853877551926,6.786792163817854,0.31415948023947826,true,true,0.0698576,0
SV,backends,dirichlet,MT19937,206903,200000,2,2.6612201239509523,0.02088084522709943,0.049562372053958054,6.786792163817854,0.31415948023947826,true,false,0.0698576,0
SV,backends,dirichlet,Random,206903,200000,0,0.8265698035847767,-0.014446347138124316,0.013244264371146647,6.121346865620621,0.23840491296747068,true,false,0.0723359,0
SV,backends,dirichlet,Random,206903,200000,1,1.9007592097867654,-0.010191545449869555,0.034438773522190554,6.121346865620621,0.23840491296747068,true,true,0.0723359,0
SV,backends,dirichlet,Random,206903,200000,2,2.65146292801139,0.011123649287537063,0.05641631172460813,6.121346865620621,0.23840491296747068,true,true,0.0723359,0
SV,backends,gamma,L64X128MixRandom,214822,2000,0,2.05397520421923,-0.053894768950406124,0.04313190368825465,3.9200595951014092,0.43189385532335,true,false,3.26E-4,0
SV,backends,gamma,L64X128MixRandom,214822,2000,1,1.8977132714085936,0.05298392448414169,0.04845036847147771,3.9200595951014092,0.43189385532335,true,false,3.26E-4,0
SV,backends,gamma,Xoshiro256PlusPlus,214822,2000,0,2.1937302375408416,0.08586026437120564,0.05262228107191567,7.386118062069017,0.22256210326674436,true,false,3.224E-4,0
SV,backends,gamma,Xoshiro256PlusPlus,214822,2000,1,1.7724698620820862,-0.07225948484236566,0.04791382118871288,7.386118062069017,0.22256210326674436,true,false,3.224E-4,0
SV,backends,gamma,PCG_RXS_M_XS_64,214822,2000,0,2.124768590253693,0.016898617084057044,0.03730664675823254,3.021936646954811,0.4898221068722236,true,true,3.232E-4,0
SV,backends,gamma,PCG_RXS_M_XS_64,214822,2000,1,1.7628683338101485,-0.08186101311430338,0.07753143254575263,3.021936646954811,0.4898221068722236,true,false,3.232E-4,0
SV,backends,gamma,MT19937,214822,2000,0,1.9981117342271975,-0.10975823894243852,0.05404410838341439,6.262067316180902,0.2781603445867676,false,false,3.131E-4,0
SV,backends,gamma,MT19937,214822,2000,1,1.9818287856958807,0.13709943877142883,0.07012676856130291,6.262067316180902,0.2781603445867676,true,false,3.131E-4,0
SV,backends,gamma,Random,214822,2000,0,2.1368930129384944,0.02902303976885845,0.06348922236101753,6.6268557987078145,0.25481829778541226,true,false,2.995E-4,0
SV,backends,gamma,Random,214822,2000,1,1.787219310344855,-0.05751003657959686,0.04788422281267719,6.6268557987078145,0.25481829778541226,true,false,2.995E-4,0
SV,backends,gamma,L64X128MixRandom,214822,20000,0,2.12859401517552,0.02072404200588407,0.02243823134464721,41.807449726422206,0.04451085889860693,true,false,0.0026602,0
SV,backends,gamma,L64X128MixRandom,214822,20000,1,1.8144010198254763,-0.030328327098975594,0.021236731124278287,41.807449726422206,0.04451085889860693,true,false,0.0026602,0
SV,backends,gamma,Xoshiro256PlusPlus,214822,20000,0,2.12155454058353,0.013684567413894122,0.021126622361918274,44.46228999682844,0.037998229329617314,true,true,0.002927,0
SV,backends,gamma,Xoshiro256PlusPlus,214822,20000,1,1.8364350489730463,-0.008294297951405571,0.0208095788998201,44.46228999682844,0.037998229329617314,true,true,0.002927,0
SV,backends,gamma,PCG_RXS_M_XS_64,214822,20000,0,2.083911574248624,-0.023958398921012147,0.020511548868966504,45.03285389820478,0.04354990701051897,true,false,0.0029309,0
SV,backends,gamma,PCG_RXS_M_XS_64,214822,20000,1,1.861739389167429,0.017010042242977086,0.021802249055714224,45.03285389820478,0.04354990701051897,true,true,0.0029309,0
SV,backends,gamma,MT19937,214822,20000,0,2.100144761575421,-0.007725211594214798,0.022834460032547216,48.959912750524616,0.04030820522858083,true,true,0.0030577,0
SV,backends,gamma,MT19937,214822,20000,1,1.8484674265412633,0.003738079616811385,0.022401030666388058,48.959912750524616,0.04030820522858083,true,true,0.0030577,0
SV,backends,gamma,Random,214822,20000,0,2.1216631710820417,0.013793197912405741,0.01813849932827968,50.69629969767799,0.036263868079230405,true,true,0.0028286,0
SV,backends,gamma,Random,214822,20000,1,1.8116017986492818,-0.03312754827517006,0.016854263613589802,50.69629969767799,0.036263868079230405,false,false,0.0028286,0
SV,backends,gamma,L64X128MixRandom,214822,200000,0,2.101492353569115,-0.006377619600521189,0.006823575176547435,424.8850833014217,0.004666086876173674,true,true,0.0269495,0
SV,backends,gamma,L64X128MixRandom,214822,200000,1,1.8459899888251206,0.0012606419006686576,0.006632150382453392,424.8850833014217,0.004666086876173674,true,true,0.0269495,0
SV,backends,gamma,Xoshiro256PlusPlus,214822,200000,0,2.1040546239850193,-0.0038153491846166787,0.006782807120992559,458.52392509609575,0.004418544212978299,true,true,0.0293991,0
SV,backends,gamma,Xoshiro256PlusPlus,214822,200000,1,1.8497153085845248,0.004985961660072924,0.0065748022408278015,458.52392509609575,0.004418544212978299,true,true,0.0293991,0
SV,backends,gamma,PCG_RXS_M_XS_64,214822,200000,0,2.10215198763008,-0.0057179855395559365,0.006437929153285098,463.0086954802607,0.004230912295387131,true,true,0.0280737,0
SV,backends,gamma,PCG_RXS_M_XS_64,214822,200000,1,1.8517165277196084,0.006987180795156478,0.006424490458914398,463.0086954802607,0.004230912295387131,true,true,0.0280737,0
SV,backends,gamma,MT19937,214822,200000,0,2.108174042918233,3.040697485969801E-4,0.006793045858804423,436.2918499106294,0.004669300794542011,true,true,0.0284564,0
SV,backends,gamma,MT19937,214822,200000,1,1.8469276360068125,0.0021982890823606382,0.006630588434615272,436.2918499106294,0.004669300794542011,true,true,0.0284564,0
SV,backends,gamma,Random,214822,200000,0,2.108217016654161,3.4704348452496703E-4,0.006331606134097019,448.37489893875767,0.0043189536328270585,true,true,0.0270274,0
SV,backends,gamma,Random,214822,200000,1,1.8413623915437736,-0.003366955380678327,0.006243397013629719,448.37489893875767,0.0043189536328270585,true,true,0.0270274,0
SV,backends,dirichlet,L64X128MixRandom,214822,2000,0,0.9520492041165722,0.1110330533936712,2.1438984902480214E-7,1.0000049138320841,0.9999975430918838,false,false,7.176E-4,0
SV,backends,dirichlet,L64X128MixRandom,214822,2000,1,2.1200290184766755,0.20907826324004053,7.868019551233243E-7,1.0000049138320841,0.9999975430918838,false,false,7.176E-4,0
SV,backends,dirichlet,L64X128MixRandom,214822,2000,2,3.4569750504808403,0.8166357717569874,1.4255322650377182E-6,1.0000049138320841,0.9999975430918838,false,false,7.176E-4,0
SV,backends,dirichlet,Xoshiro256PlusPlus,214822,2000,0,0.7836282608605305,-0.057387889862370534,0.0,1.0000000000000573,0.9999999999999714,false,false,7.034E-4,0
SV,backends,dirichlet,Xoshiro256PlusPlus,214822,2000,1,1.7003896821617963,-0.21056107307483862,2.1073424255446415E-8,1.0000000000000573,0.9999999999999714,false,false,7.034E-4,0
SV,backends,dirichlet,Xoshiro256PlusPlus,214822,2000,2,2.3304695423873465,-0.3098697363365064,2.980232238769446E-8,1.0000000000000573,0.9999999999999714,false,false,7.034E-4,0
SV,backends,dirichlet,PCG_RXS_M_XS_64,214822,2000,0,1.064077427859048,0.22306127713614687,2.453433247093411E-5,1.0002625064709851,0.9998687671590262,false,false,7.069E-4,0
SV,backends,dirichlet,PCG_RXS_M_XS_64,214822,2000,1,2.48392151990806,0.5729707646714253,2.181257958227631E-5,1.0002625064709851,0.9998687671590262,false,false,7.069E-4,0
SV,backends,dirichlet,PCG_RXS_M_XS_64,214822,2000,2,3.1892985976043393,0.5489593188804864,9.583228388451869E-5,1.0002625064709851,0.9998687671590262,false,false,7.069E-4,0
SV,backends,dirichlet,MT19937,214822,2000,0,0.7661366188201039,-0.07487953190279717,2.371979655116037E-5,1.0004166648764017,0.9997917109489383,false,false,7.1E-4,0
SV,backends,dirichlet,MT19937,214822,2000,1,2.160468455764947,0.24951770052831201,1.254463784206369E-4,1.0004166648764017,0.9997917109489383,false,false,7.1E-4,0
SV,backends,dirichlet,MT19937,214822,2000,2,2.6735815195655253,0.03324224084167238,2.1074222924379323E-4,1.0004166648764017,0.9997917109489383,false,false,7.1E-4,0
SV,backends,dirichlet,Random,214822,2000,0,0.7071075458435223,-0.13390860487937872,0.011539999036889343,1.0876364649601475,0.9579438229512548,false,false,6.792E-4,0
SV,backends,dirichlet,Random,214822,2000,1,1.9263229002913136,0.015372145054678654,0.019007298109446142,1.0876364649601475,0.9579438229512548,true,false,6.792E-4,0
SV,backends,dirichlet,Random,214822,2000,2,2.3394216536401164,-0.30091762508373643,0.013338718040916788,1.0876364649601475,0.9579438229512548,false,false,6.792E-4,0
SV,backends,dirichlet,L64X128MixRandom,214822,20000,0,0.8774864806287549,0.03647032990585386,0.004131872086234275,1.461983768124485,0.8112305446370135,false,false,0.0065171,0
SV,backends,dirichlet,L64X128MixRandom,214822,20000,1,1.761996010310476,-0.148954744926159,0.012990026965163035,1.461983768124485,0.8112305446370135,false,false,0.0065171,0
SV,backends,dirichlet,L64X128MixRandom,214822,20000,2,2.558110923491113,-0.08222835523273986,0.020475733779094993,1.461983768124485,0.8112305446370135,false,false,0.0065171,0
SV,backends,dirichlet,Xoshiro256PlusPlus,214822,20000,0,0.786235400530199,-0.05478075019270201,0.00575486749268747,1.2332020068937464,0.8984956185612096,false,false,0.006839,0
SV,backends,dirichlet,Xoshiro256PlusPlus,214822,20000,1,1.703971409980343,-0.20697934525629202,0.010889877254778019,1.2332020068937464,0.8984956185612096,false,false,0.006839,0
SV,backends,dirichlet,Xoshiro256PlusPlus,214822,20000,2,2.354539051876987,-0.2858002268468658,0.028065691459262205,1.2332020068937464,0.8984956185612096,false,false,0.006839,0
SV,backends,dirichlet,PCG_RXS_M_XS_64,214822,20000,0,0.8294601554354081,-0.01155599528749296,0.04344526425035546,3.1636230798420413,0.3964185096113447,true,false,0.0068457,0
SV,backends,dirichlet,PCG_RXS_M_XS_64,214822,20000,1,1.7854807823697125,-0.1254699728669224,0.0572632415284966,3.1636230798420413,0.3964185096113447,false,false,0.0068457,0
SV,backends,dirichlet,PCG_RXS_M_XS_64,214822,20000,2,2.6673982303695527,0.027058951645699825,0.09413250340810167,3.1636230798420413,0.3964185096113447,true,false,0.0068457,0
SV,backends,dirichlet,MT19937,214822,20000,0,0.7576015592872284,-0.08341459143567265,0.033775002519866634,2.298720102813676,0.6337463657535327,false,false,0.0069531,0
SV,backends,dirichlet,MT19937,214822,20000,1,1.8719280809926724,-0.03902267424396255,0.06126931222906415,2.298720102813676,0.6337463657535327,true,false,0.0069531,0
SV,backends,dirichlet,MT19937,214822,20000,2,2.5403640112345127,-0.09997526748934016,0.07230290493453838,2.298720102813676,0.6337463657535327,true,false,0.0069531,0
SV,backends,dirichlet,Random,214822,20000,0,0.8980341893667629,0.0570180386438619,0.030216475642668467,2.02476812177099,0.6073573578504459,true,false,0.0067692,0
SV,backends,dirichlet,Random,214822,20000,1,1.817693801233047,-0.09325695400358791,0.07045825553498544,2.02476812177099,0.6073573578504459,true,false,0.0067692,0
SV,backends,dirichlet,Random,214822,20000,2,2.4991831512633924,-0.14115612746046047,0.09957485809886245,2.02476812177099,0.6073573578504459,true,false,0.0067692,0
SV,backends,dirichlet,L64X128MixRandom,214822,200000,0,0.8521990622400057,0.01118291151710471,0.013722425953617105,13.560590632630175,0.19067080413343754,true,false,0.0652877,0
SV,backends,dirichlet,L64X128MixRandom,214822,200000,1,1.9121665392518725,0.0012157840152375865,0.03443021266620468,13.560590632630175,0.19067080413343754,true,true,0.0652877,0
SV,backends,dirichlet,L64X128MixRandom,214822,200000,2,2.6571392043790727,0.016799925655219816,0.048215272915748376,13.560590632630175,0.19067080413343754,true,true,0.0652877,0
SV,backends,dirichlet,Xoshiro256PlusPlus,214822,200000,0,0.8409769294611223,-3.922126177868801E-5,0.008667241572605981,11.931167253013736,0.18439465559422302,true,true,0.0685215,0
SV,backends,dirichlet,Xoshiro256PlusPlus,214822,200000,1,1.9178300080670863,0.006879252830451321,0.033029017168328165,11.931167253013736,0.18439465559422302,true,true,0.0685215,0
SV,backends,dirichlet,Xoshiro256PlusPlus,214822,200000,2,2.624630717047222,-0.01570856167663104,0.0365787463165739,11.931167253013736,0.18439465559422302,true,true,0.0685215,0
SV,backends,dirichlet,PCG_RXS_M_XS_64,214822,200000,0,0.8411129932160207,9.684249311969761E-5,0.015672364646514208,14.620155438679419,0.14997624371252904,true,true,0.0681666,0
SV,backends,dirichlet,PCG_RXS_M_XS_64,214822,200000,1,1.8925720681360882,-0.018378687100546687,0.03645183698726732,14.620155438679419,0.14997624371252904,true,false,0.0681666,0
SV,backends,dirichlet,PCG_RXS_M_XS_64,214822,200000,2,2.6363673700548755,-0.003971908668977342,0.05153441432522732,14.620155438679419,0.14997624371252904,true,true,0.0681666,0
SV,backends,dirichlet,MT19937,214822,200000,0,0.8673901731858707,0.026374022462969715,0.012400845483128484,11.01081849423816,0.21446192792707874,false,false,0.0702608,0
SV,backends,dirichlet,MT19937,214822,200000,1,1.929837352544344,0.01888659730770903,0.044547646939353765,11.01081849423816,0.21446192792707874,true,false,0.0702608,0
SV,backends,dirichlet,MT19937,214822,200000,2,2.668189520282491,0.02785024155863791,0.04809910153631354,11.01081849423816,0.21446192792707874,true,false,0.0702608,0
SV,backends,dirichlet,Random,214822,200000,0,0.8403208803511697,-6.95270371731338E-4,0.017445973361579093,5.49466652409465,0.3962917755379508,true,true,0.0676645,0
SV,backends,dirichlet,Random,214822,200000,1,1.8217067817944264,-0.08924397344220858,0.02450743264153293,5.49466652409465,0.3962917755379508,false,false,0.0676645,0
SV,backends,dirichlet,Random,214822,200000,2,2.5224851543589137,-0.11785412436493914,0.038185747531049016,5.49466652409465,0.3962917755379508,false,false,0.0676645,0
SV,backends,gamma,L64X128MixRandom,222741,2000,0,2.181488541223891,0.07361856805425493,0.026806952066684417,3.2947305533557234,0.356734413537469,false,false,3.042E-4,0
SV,backends,gamma,L64X128MixRandom,222741,2000,1,1.772817743842746,-0.07191160308170597,0.02480589845801103,3.2947305533557234,0.356734413537469,false,false,3.042E-4,0
SV,backends,gamma,Xoshiro256PlusPlus,222741,2000,0,2.192596819980708,0.08472684681107223,0.05761394884723109,5.006693255988262,0.3075391071980597,true,false,2.962E-4,0
SV,backends,gamma,Xoshiro256PlusPlus,222741,2000,1,1.806579950935409,-0.03814939598904288,0.0524673342600731,5.006693255988262,0.3075391071980597,true,false,2.962E-4,0
SV,backends,gamma,PCG_RXS_M_XS_64,222741,2000,0,1.9946629050010005,-0.11320706816863546,0.05931916963398774,3.9958780574725288,0.3563032960405745,true,false,2.968E-4,0
SV,backends,gamma,PCG_RXS_M_XS_64,222741,2000,1,1.9958275524395563,0.15109820551510444,0.036075436384869396,3.9958780574725288,0.3563032960405745,false,false,2.968E-4,0
SV,backends,gamma,MT19937,222741,2000,0,2.1115905205052314,0.003720547335595459,0.06528889417527196,3.9538350430734366,0.39200419316553553,true,true,2.977E-4,0
SV,backends,gamma,MT19937,222741,2000,1,1.8356122416739247,-0.009117105250527224,0.05615464481964751,3.9538350430734366,0.39200419316553553,true,true,2.977E-4,0
SV,backends,gamma,Random,222741,2000,0,2.1658986010588457,0.058028627889209705,0.0744901586394594,1.9231848359066523,0.6447470659064789,true,false,2.733E-4,0
SV,backends,gamma,Random,222741,2000,1,1.7312769352964854,-0.11345241162796649,0.06305663424472162,1.9231848359066523,0.6447470659064789,true,false,2.733E-4,0
SV,backends,gamma,L64X128MixRandom,222741,20000,0,2.125201054619616,0.01733108144998008,0.020076264574378482,46.1669661452939,0.0404052362502021,true,true,0.0024933,0
SV,backends,gamma,L64X128MixRandom,222741,20000,1,1.8357781675477405,-0.008951179376711416,0.019328420452379962,46.1669661452939,0.0404052362502021,true,true,0.0024933,0
SV,backends,gamma,Xoshiro256PlusPlus,222741,20000,0,2.1102447996428184,0.0023748264731824342,0.01970343200461192,49.9412466964631,0.03858982318315748,true,true,0.0027998,0
SV,backends,gamma,Xoshiro256PlusPlus,222741,20000,1,1.832055923311532,-0.012673423612919787,0.01850561803225835,49.9412466964631,0.03858982318315748,true,true,0.0027998,0
SV,backends,gamma,PCG_RXS_M_XS_64,222741,20000,0,2.0599477299871345,-0.04792224318250149,0.020783247107395826,42.44277538846317,0.04292291858470586,false,false,0.002785,0
SV,backends,gamma,PCG_RXS_M_XS_64,222741,20000,1,1.8938823230283808,0.04915297610392888,0.02171220027519282,42.44277538846317,0.04292291858470586,false,false,0.002785,0
SV,backends,gamma,MT19937,222741,20000,0,2.1171800535557783,0.009310080386142339,0.021513862318182378,44.161261726205794,0.04644417048771122,true,true,0.002848,0
SV,backends,gamma,MT19937,222741,20000,1,1.8539839308009063,0.009254583876454392,0.0181960407548878,44.161261726205794,0.04644417048771122,true,true,0.002848,0
SV,backends,gamma,Random,222741,20000,0,2.1108575477625258,0.0029875745928897857,0.020456689028115742,41.24875512712701,0.04651184684765587,true,true,0.0027027,0
SV,backends,gamma,Random,222741,20000,1,1.8389405913969201,-0.005788755527531775,0.020397144123883354,41.24875512712701,0.04651184684765587,true,true,0.0027027,0
SV,backends,gamma,L64X128MixRandom,222741,200000,0,2.1031448909593347,-0.0047250822103013235,0.006551216887671342,451.25292432628015,0.004319377683437004,true,true,0.0247783,0
SV,backends,gamma,L64X128MixRandom,222741,200000,1,1.8467077349630077,0.0019783880385557673,0.006402217321408919,451.25292432628015,0.004319377683437004,true,true,0.0247783,0
SV,backends,gamma,Xoshiro256PlusPlus,222741,200000,0,2.1154521372763795,0.007582164106743505,0.006365359512131069,457.837243191138,0.004314927893763363,true,true,0.0277219,0
SV,backends,gamma,Xoshiro256PlusPlus,222741,200000,1,1.8342725754685654,-0.010456771455886527,0.006440204513411325,457.837243191138,0.004314927893763363,true,true,0.0277219,0
SV,backends,gamma,PCG_RXS_M_XS_64,222741,200000,0,2.1091066910429475,0.001236717873311477,0.006636137685538246,439.5325296515997,0.004507838845719019,true,true,0.0276385,0
SV,backends,gamma,PCG_RXS_M_XS_64,222741,200000,1,1.8452514175315098,5.220706070578895E-4,0.006717484420781017,439.5325296515997,0.004507838845719019,true,true,0.0276385,0
SV,backends,gamma,MT19937,222741,200000,0,2.116748469274122,0.0088784961044861,0.0062785234375625,452.2804431720408,0.00427176584039941,true,true,0.0282185,0
SV,backends,gamma,MT19937,222741,200000,1,1.8371344970344852,-0.007594849889966726,0.00612089330330762,452.2804431720408,0.00427176584039941,true,true,0.0282185,0
SV,backends,gamma,Random,222741,200000,0,2.1095325537508245,0.0016625805811885108,0.006770992999294855,439.47691620187413,0.0044663478077326185,true,true,0.0268811,0
SV,backends,gamma,Random,222741,200000,1,1.8417891510367284,-0.00294019588772354,0.006691184975408343,439.47691620187413,0.0044663478077326185,true,true,0.0268811,0
SV,backends,dirichlet,L64X128MixRandom,222741,2000,0,0.9622883610708678,0.12127221034796676,0.0,1.0000000000002225,0.9999999999998888,false,false,7.013E-4,0
SV,backends,dirichlet,L64X128MixRandom,222741,2000,1,2.1682980424725606,0.2573472872359257,0.0,1.0000000000002225,0.9999999999998888,false,false,7.013E-4,0
SV,backends,dirichlet,L64X128MixRandom,222741,2000,2,2.981028000775146,0.3406887220512931,0.0,1.0000000000002225,0.9999999999998888,false,false,7.013E-4,0
SV,backends,dirichlet,Xoshiro256PlusPlus,222741,2000,0,0.9745554088397389,0.13353925811683787,3.115294791001431E-4,1.0038758013527047,0.9980658402849506,false,false,7.277E-4,0
SV,backends,dirichlet,Xoshiro256PlusPlus,222741,2000,1,1.8526755815321196,-0.05827517370451529,0.0013742346419470654,1.0038758013527047,0.9980658402849506,false,false,7.277E-4,0
SV,backends,dirichlet,Xoshiro256PlusPlus,222741,2000,2,2.4479937460041388,-0.1923455327197141,1.2813006921791014E-4,1.0038758013527047,0.9980658402849506,false,false,7.277E-4,0
SV,backends,dirichlet,PCG_RXS_M_XS_64,222741,2000,0,0.8724364696573574,0.031420318934456404,1.0765158209147239E-5,1.0000536542875964,0.9999731735773251,false,false,7.253E-4,0
SV,backends,dirichlet,PCG_RXS_M_XS_64,222741,2000,1,1.914745521337712,0.003794766101077096,1.9934545857257597E-5,1.0000536542875964,0.9999731735773251,false,true,7.253E-4,0
SV,backends,dirichlet,PCG_RXS_M_XS_64,222741,2000,2,2.381506882981779,-0.25883239574207373,4.213207097611641E-5,1.0000536542875964,0.9999731735773251,false,false,7.253E-4,0
SV,backends,dirichlet,MT19937,222741,2000,0,0.8810292848656445,0.040013134142743434,3.041074038747518E-7,1.0000028639261787,0.9999985680390103,false,false,7.101E-4,0
SV,backends,dirichlet,MT19937,222741,2000,1,2.325233248721222,0.41428249348458723,1.783909796993451E-6,1.0000028639261787,0.9999985680390103,false,false,7.101E-4,0
SV,backends,dirichlet,MT19937,222741,2000,2,2.684620025127704,0.04428074640385127,2.2061740186655275E-6,1.0000028639261787,0.9999985680390103,false,false,7.101E-4,0
SV,backends,dirichlet,Random,222741,2000,0,0.703113207841589,-0.137902942881312,0.001185033707241714,1.039829240116181,0.9804666466736032,false,false,6.832E-4,0
SV,backends,dirichlet,Random,222741,2000,1,1.6894957711366112,-0.22145498410002373,0.004347372715817916,1.039829240116181,0.9804666466736032,false,false,6.832E-4,0
SV,backends,dirichlet,Random,222741,2000,2,2.0363952076777023,-0.6039440710461506,0.019411497938767473,1.039829240116181,0.9804666466736032,false,false,6.832E-4,0
SV,backends,dirichlet,L64X128MixRandom,222741,20000,0,0.8668480006944764,0.025831849971575394,0.04575984954406107,3.1146533061787256,0.38825691860322364,true,false,0.0078654,0
SV,backends,dirichlet,L64X128MixRandom,222741,20000,1,2.094941960266091,0.1839912050294561,0.041428835983189354,3.1146533061787256,0.38825691860322364,false,false,0.0078654,0
SV,backends,dirichlet,L64X128MixRandom,222741,20000,2,2.793484465824635,0.1531451871007823,0.1534470898726814,3.1146533061787256,0.38825691860322364,true,false,0.0078654,0
SV,backends,dirichlet,Xoshiro256PlusPlus,222741,20000,0,0.811882032298693,-0.02913411842420799,0.02592902201047636,2.3924285245656574,0.5602519408549859,true,false,0.0069466,0
SV,backends,dirichlet,Xoshiro256PlusPlus,222741,20000,1,1.9354225955172177,0.0244718402805828,0.07831373533653485,2.3924285245656574,0.5602519408549859,true,false,0.0069466,0
SV,backends,dirichlet,Xoshiro256PlusPlus,222741,20000,2,2.594660684579077,-0.04567859414477571,0.2224892912092345,2.3924285245656574,0.5602519408549859,true,false,0.0069466,0
SV,backends,dirichlet,PCG_RXS_M_XS_64,222741,20000,0,0.8597571287338565,0.018740978010955422,0.01659745265004466,1.7393783556386841,0.740997545756933,true,false,0.0068914,0
SV,backends,dirichlet,PCG_RXS_M_XS_64,222741,20000,1,2.013083411740592,0.10213265650395686,0.0442925964624039,1.7393783556386841,0.740997545756933,false,false,0.0068914,0
SV,backends,dirichlet,PCG_RXS_M_XS_64,222741,20000,2,2.6742088201037735,0.0338695413799206,0.08326286978330852,1.7393783556386841,0.740997545756933,true,false,0.0068914,0
SV,backends,dirichlet,MT19937,222741,20000,0,0.8445453465566608,0.0035291958337597684,0.003551125038557391,1.1155459255193172,0.9456290729093051,true,true,0.0070098,0
SV,backends,dirichlet,MT19937,222741,20000,1,1.8310410129413859,-0.07990974229524905,0.0072735905554169485,1.1155459255193172,0.9456290729093051,false,false,0.0070098,0
SV,backends,dirichlet,MT19937,222741,20000,2,2.652299651377935,0.011960372654082008,0.0171608199149494,1.1155459255193172,0.9456290729093051,true,true,0.0070098,0
SV,backends,dirichlet,Random,222741,20000,0,0.8767219031006478,0.03570575237774676,0.05341885894975995,4.904443673628608,0.313956776134487,true,false,0.0068128,0
SV,backends,dirichlet,Random,222741,20000,1,1.9276929826083287,0.01674222737169373,0.052541874460846454,4.904443673628608,0.313956776134487,true,false,0.0068128,0
SV,backends,dirichlet,Random,222741,20000,2,2.6630888787081783,0.022749599984325464,0.10408672087789708,4.904443673628608,0.313956776134487,true,false,0.0068128,0
SV,backends,dirichlet,L64X128MixRandom,222741,200000,0,0.8330863735279868,-0.007929777194914278,0.014131619489718502,7.355151514703736,0.2564577132829037,true,false,0.0653564,0
SV,backends,dirichlet,L64X128MixRandom,222741,200000,1,1.8986288041359838,-0.012321951100651152,0.03397076190879302,7.355151514703736,0.2564577132829037,true,true,0.0653564,0
SV,backends,dirichlet,L64X128MixRandom,222741,200000,2,2.665551340412218,0.025212061688365317,0.03012919498131408,7.355151514703736,0.2564577132829037,true,false,0.0653564,0
SV,backends,dirichlet,Xoshiro256PlusPlus,222741,200000,0,0.8302848996526215,-0.010731251070279502,0.01098078503854545,11.01759399186159,0.15810301590974649,true,false,0.0685654,0
SV,backends,dirichlet,Xoshiro256PlusPlus,222741,200000,1,1.9392930486097848,0.028342293373149863,0.02915314937207677,11.01759399186159,0.15810301590974649,true,false,0.0685654,0
SV,backends,dirichlet,Xoshiro256PlusPlus,222741,200000,2,2.644460066000366,0.004120787276513216,0.04766243181824622,11.01759399186159,0.15810301590974649,true,true,0.0685654,0
SV,backends,dirichlet,PCG_RXS_M_XS_64,222741,200000,0,0.8281140132415999,-0.01290213748130109,0.015539767664796816,7.603576158572989,0.24633651205598914,true,false,0.0693271,0
SV,backends,dirichlet,PCG_RXS_M_XS_64,222741,200000,1,1.8990568437211734,-0.011893911515461486,0.05786445938181538,7.603576158572989,0.24633651205598914,true,true,0.0693271,0
SV,backends,dirichlet,PCG_RXS_M_XS_64,222741,200000,2,2.6399680315427383,-3.7124718111458677E-4,0.06316138149561316,7.603576158572989,0.24633651205598914,true,true,0.0693271,0
SV,backends,dirichlet,MT19937,222741,200000,0,0.8270112635559981,-0.014004887166902957,0.01428013169845067,9.784900685709015,0.19115049876555965,true,false,0.0713042,0
SV,backends,dirichlet,MT19937,222741,200000,1,1.8749286150560176,-0.036022140180617335,0.02506047837859871,9.784900685709015,0.19115049876555965,true,false,0.0713042,0
SV,backends,dirichlet,MT19937,222741,200000,2,2.630102018110807,-0.010237260613045862,0.05106339917902257,9.784900685709015,0.19115049876555965,true,true,0.0713042,0
SV,backends,dirichlet,Random,222741,200000,0,0.8340738559600075,-0.006942294762893542,0.016524636381044622,7.935528582924914,0.2319543227819672,true,false,0.0684365,0
SV,backends,dirichlet,Random,222741,200000,1,1.9123709226808616,0.0014201674442266832,0.042493248008028464,7.935528582924914,0.2319543227819672,true,true,0.0684365,0
SV,backends,dirichlet,Random,222741,200000,2,2.602297649814284,-0.03804162890956908,0.037338444278472785,7.935528582924914,0.2319543227819672,true,false,0.0684365,0
SV,backends,gamma,L64X128MixRandom,230660,2000,0,2.1183528237845466,0.01048285061491061,0.09002464548341887,5.239060881331527,0.2960181915209852,true,true,3.194E-4,0
SV,backends,gamma,L64X128MixRandom,230660,2000,1,1.871864304383914,0.02713495745946215,0.07410311191003079,5.239060881331527,0.2960181915209852,true,false,3.194E-4,0
SV,backends,gamma,Xoshiro256PlusPlus,230660,2000,0,2.1229491823550046,0.015079209185368647,0.042138742338805796,6.616564428959001,0.22423788803663353,true,true,2.951E-4,0
SV,backends,gamma,Xoshiro256PlusPlus,230660,2000,1,1.8174997716630297,-0.027229575261422223,0.033085256049492744,6.616564428959001,0.22423788803663353,true,false,2.951E-4,0
SV,backends,gamma,PCG_RXS_M_XS_64,230660,2000,0,2.2162643491841743,0.10839437601453827,0.05864098626515418,5.287847755570326,0.3484367433818631,true,false,3.063E-4,0
SV,backends,gamma,PCG_RXS_M_XS_64,230660,2000,1,1.7261985650319467,-0.11853078189250521,0.046513213683902294,5.287847755570326,0.3484367433818631,false,false,3.063E-4,0
SV,backends,gamma,MT19937,230660,2000,0,2.24321200593857,0.13534203276893386,0.07291242342433071,2.833173114891463,0.4609327463526301,true,false,2.979E-4,0
SV,backends,gamma,MT19937,230660,2000,1,1.7591736574675303,-0.0855556894569216,0.09415155520822588,2.833173114891463,0.4609327463526301,true,false,2.979E-4,0
SV,backends,gamma,Random,230660,2000,0,2.1134696517615477,0.005599678591911683,0.08438304736346393,7.155494234792801,0.23061091363427205,true,true,2.827E-4,0
SV,backends,gamma,Random,230660,2000,1,1.8389565853686292,-0.005772761555822736,0.09268266449290521,7.155494234792801,0.23061091363427205,true,true,2.827E-4,0
SV,backends,gamma,L64X128MixRandom,230660,20000,0,2.0807264492556046,-0.02714352391403141,0.024145493869348906,44.6818402215462,0.04823362687038574,true,false,0.0025656,0
SV,backends,gamma,L64X128MixRandom,230660,20000,1,1.8718898164001283,0.027160469475676408,0.02214453639119099,44.6818402215462,0.04823362687038574,true,false,0.0025656,0
SV,backends,gamma,Xoshiro256PlusPlus,230660,20000,0,2.10096862740864,-0.006901345760995881,0.019361530007549848,45.322588615663136,0.040004099071465835,true,true,0.0028468,0
SV,backends,gamma,Xoshiro256PlusPlus,230660,20000,1,1.8506990785690258,0.005969731644573928,0.018989874127395893,45.322588615663136,0.040004099071465835,true,true,0.0028468,0
SV,backends,gamma,PCG_RXS_M_XS_64,230660,20000,0,2.1332419746133833,0.025372001443747294,0.021772107734781488,44.41856123596789,0.04498588213087207,true,false,0.0028211,0
SV,backends,gamma,PCG_RXS_M_XS_64,230660,20000,1,1.8086961180125112,-0.03603322891194072,0.020510677505291564,44.41856123596789,0.04498588213087207,true,false,0.0028211,0
SV,backends,gamma,MT19937,230660,20000,0,2.117625179988037,0.009755206818400808,0.027968698985578962,40.87685161148635,0.049107907418616384,true,true,0.0029151,0
SV,backends,gamma,MT19937,230660,20000,1,1.8512293202653527,0.0064999733409008,0.026894573042908463,40.87685161148635,0.049107907418616384,true,true,0.0029151,0
SV,backends,gamma,Random,230660,20000,0,2.08710599844666,-0.020763974722976197,0.023607129260485766,40.56030406233468,0.053706000831696195,true,false,0.0027308,0
SV,backends,gamma,Random,230660,20000,1,1.8601218955752645,0.015392548650812632,0.023121139526671716,40.56030406233468,0.053706000831696195,true,true,0.0027308,0
SV,backends,gamma,L64X128MixRandom,230660,200000,0,2.1087985602107318,9.285870410957742E-4,0.006733622832737383,438.2372969324119,0.004745485137788619,true,true,0.0271859,0
SV,backends,gamma,L64X128MixRandom,230660,200000,1,1.8449665593688023,2.3721244435037647E-4,0.006621247708331408,438.2372969324119,0.004745485137788619,true,true,0.0271859,0
SV,backends,gamma,Xoshiro256PlusPlus,230660,200000,0,2.115579376522822,0.0077094033531861506,0.006152043184607211,443.79340428261327,0.004246416836530027,true,true,0.0290141,0
SV,backends,gamma,Xoshiro256PlusPlus,230660,200000,1,1.833780686084527,-0.010948660839924962,0.006128308965504736,443.79340428261327,0.004246416836530027,true,true,0.0290141,0
SV,backends,gamma,PCG_RXS_M_XS_64,230660,200000,0,2.105793035600909,-0.0020769375687268443,0.006579223576356824,462.27736659473885,0.004239599274784952,true,true,0.0291057,0
SV,backends,gamma,PCG_RXS_M_XS_64,230660,200000,1,1.843316224937933,-0.0014131219865189948,0.0064595596001605655,462.27736659473885,0.004239599274784952,true,true,0.0291057,0
SV,backends,gamma,MT19937,230660,200000,0,2.103016831392745,-0.00485314177689089,0.006990660230511881,429.6185444099218,0.004756084800150173,true,true,0.0302309,0
SV,backends,gamma,MT19937,230660,200000,1,1.8488539922499785,0.004124645325526588,0.006841366360554195,429.6185444099218,0.004756084800150173,true,true,0.0302309,0
SV,backends,gamma,Random,230660,200000,0,2.105285561812286,-0.0025844113573501026,0.006707466621137683,447.54376084487984,0.004631051826878107,true,true,0.0283281,0
SV,backends,gamma,Random,230660,200000,1,1.8500975769045331,0.0053682299800812405,0.006592511398473889,447.54376084487984,0.004631051826878107,true,true,0.0283281,0
SV,backends,dirichlet,L64X128MixRandom,230660,2000,0,0.903623934615824,0.06260778389292299,1.4901160721221402E-8,1.0000000634348243,0.999999968282589,false,false,8.526E-4,0
SV,backends,dirichlet,L64X128MixRandom,230660,2000,1,2.2065197750270453,0.2955690197904104,5.161913492181032E-8,1.0000000634348243,0.999999968282589,false,false,8.526E-4,0
SV,backends,dirichlet,L64X128MixRandom,230660,2000,2,2.530011721744346,-0.1103275569795068,2.9802321442442804E-8,1.0000000634348243,0.999999968282589,false,false,8.526E-4,0
SV,backends,dirichlet,Xoshiro256PlusPlus,230660,2000,0,1.0071545180075465,0.16613836728464548,2.873729219223596E-4,1.005537330531074,0.9972389910281994,false,false,9.201E-4,0
SV,backends,dirichlet,Xoshiro256PlusPlus,230660,2000,1,1.909411865373766,-0.0015388898628689862,0.0016142699540224327,1.005537330531074,0.9972389910281994,true,true,9.201E-4,0
SV,backends,dirichlet,Xoshiro256PlusPlus,230660,2000,2,2.9838009301380723,0.34346165141421947,0.0026216617593007793,1.005537330531074,0.9972389910281994,false,false,9.201E-4,0
SV,backends,dirichlet,PCG_RXS_M_XS_64,230660,2000,0,1.041234404693422,0.20021825397052107,0.07048544919185899,1.70127206899899,0.7340262161307,false,false,8.162E-4,0
SV,backends,dirichlet,PCG_RXS_M_XS_64,230660,2000,1,2.0480543776165,0.13710362237986495,0.09785282028508488,1.70127206899899,0.7340262161307,true,false,8.162E-4,0
SV,backends,dirichlet,PCG_RXS_M_XS_64,230660,2000,2,3.0765659360651503,0.4362266573412974,0.35625681706804746,1.70127206899899,0.7340262161307,true,false,8.162E-4,0
SV,backends,dirichlet,MT19937,230660,2000,0,0.7974275600907121,-0.043588590632188895,0.022666685187484124,1.1093907586424256,0.9481609053852832,true,false,7.934E-4,0
SV,backends,dirichlet,MT19937,230660,2000,1,2.3066824978470177,0.3957317426103828,0.02298611836149454,1.1093907586424256,0.9481609053852832,false,false,7.934E-4,0
SV,backends,dirichlet,MT19937,230660,2000,2,3.3244356045905543,0.6840963258667014,0.006592973432521205,1.1093907586424256,0.9481609053852832,false,false,7.934E-4,0
SV,backends,dirichlet,Random,230660,2000,0,0.7443810132597306,-0.09663513746317043,0.0,1.0000000018211814,0.9999999990894093,false,false,7.431E-4,0
SV,backends,dirichlet,Random,230660,2000,1,1.7124734657903886,-0.19847728944624632,0.0,1.0000000018211814,0.9999999990894093,false,false,7.431E-4,0
SV,backends,dirichlet,Random,230660,2000,2,1.9113870379195101,-0.7289522408043427,0.0,1.0000000018211814,0.9999999990894093,false,false,7.431E-4,0
SV,backends,dirichlet,L64X128MixRandom,230660,20000,0,0.877333686406992,0.03631753568409102,0.017569830749289545,3.888623127146138,0.3605777422461923,false,false,0.0069404,0
SV,backends,dirichlet,L64X128MixRandom,230660,20000,1,2.059871838324857,0.14892108308822194,0.06520739439193826,3.888623127146138,0.3605777422461923,false,false,0.0069404,0
SV,backends,dirichlet,L64X128MixRandom,230660,20000,2,2.9281394063736497,0.2878001276497968,0.06183793982518155,3.888623127146138,0.3605777422461923,false,false,0.0069404,0
SV,backends,dirichlet,Xoshiro256PlusPlus,230660,20000,0,0.8328925922104933,-0.008123558512407758,0.03959861467170031,2.5137435163534367,0.4708478854544266,true,false,0.0074131,0
SV,backends,dirichlet,Xoshiro256PlusPlus,230660,20000,1,1.9138311994359272,0.0028804441992922314,0.05954793152804604,2.5137435163534367,0.4708478854544266,true,true,0.0074131,0
SV,backends,dirichlet,Xoshiro256PlusPlus,230660,20000,2,2.694294400387068,0.053955121663215255,0.09646675382455068,2.5137435163534367,0.4708478854544266,true,false,0.0074131,0
SV,backends,dirichlet,PCG_RXS_M_XS_64,230660,20000,0,0.800119182875388,-0.040896967847513066,0.05019441412259667,3.99068616511461,0.37139021984172893,true,false,0.0072528,0
SV,backends,dirichlet,PCG_RXS_M_XS_64,230660,20000,1,1.9659820238274666,0.05503126859083163,0.06200736323242777,3.99068616511461,0.37139021984172893,true,false,0.0072528,0
SV,backends,dirichlet,PCG_RXS_M_XS_64,230660,20000,2,2.718480013371785,0.07814073464793214,0.19973268143956113,3.99068616511461,0.37139021984172893,true,false,0.0072528,0
SV,backends,dirichlet,MT19937,230660,20000,0,0.8479728431205746,0.006956692397673603,0.011088273598124459,1.2582415846608281,0.8890120465058106,true,false,0.0070729,0
SV,backends,dirichlet,MT19937,230660,20000,1,1.94863670729407,0.03768595205743508,0.022856929556894678,1.2582415846608281,0.8890120465058106,true,false,0.0070729,0
SV,backends,dirichlet,MT19937,230660,20000,2,2.8036364994530225,0.16329722072916963,0.04498365583678976,1.2582415846608281,0.8890120465058106,false,false,0.0070729,0
SV,backends,dirichlet,Random,230660,20000,0,0.771945648993759,-0.06907050172914209,0.0040296332563671345,1.9550787550560103,0.634377885270163,false,false,0.0069592,0
SV,backends,dirichlet,Random,230660,20000,1,1.9289738875558184,0.01802313231918351,0.028309776538189124,1.9550787550560103,0.634377885270163,true,false,0.0069592,0
SV,backends,dirichlet,Random,230660,20000,2,2.62295855994953,-0.0173807187743229,0.06927776902283322,1.9550787550560103,0.634377885270163,true,true,0.0069592,0
SV,backends,dirichlet,L64X128MixRandom,230660,200000,0,0.8407385523343507,-2.775983885503486E-4,0.01617958994551371,13.64219898079461,0.13805926115536016,true,true,0.0666158,0
SV,backends,dirichlet,L64X128MixRandom,230660,200000,1,1.9165745155234857,0.005623760286850743,0.031314026626648325,13.64219898079461,0.13805926115536016,true,true,0.0666158,0
SV,backends,dirichlet,L64X128MixRandom,230660,200000,2,2.692209642801507,0.05187036407765433,0.036054505579483836,13.64219898079461,0.13805926115536016,true,false,0.0666158,0
SV,backends,dirichlet,Xoshiro256PlusPlus,230660,200000,0,0.8822535519861013,0.0412374012632003,0.009163929424882667,10.491385645973429,0.17727990706356464,false,false,0.0699293,0
SV,backends,dirichlet,Xoshiro256PlusPlus,230660,200000,1,1.935908797249105,0.024958042012469983,0.03762468395431549,10.491385645973429,0.17727990706356464,true,false,0.0699293,0
SV,backends,dirichlet,Xoshiro256PlusPlus,230660,200000,2,2.6610937757497553,0.020754497025902374,0.03986318181552281,10.491385645973429,0.17727990706356464,true,false,0.0699293,0
SV,backends,dirichlet,PCG_RXS_M_XS_64,230660,200000,0,0.8435669800672504,0.002550829344349359,0.011502909123951093,8.323581623060795,0.21322699933923692,true,true,0.0688363,0
SV,backends,dirichlet,PCG_RXS_M_XS_64,230660,200000,1,1.960024393919536,0.049073638682901155,0.02025178984042611,8.323581623060795,0.21322699933923692,false,false,0.0688363,0
SV,backends,dirichlet,PCG_RXS_M_XS_64,230660,200000,2,2.662092877910086,0.021753599186232986,0.043720320218009735,8.323581623060795,0.21322699933923692,true,false,0.0688363,0
SV,backends,dirichlet,MT19937,230660,200000,0,0.8469228816093135,0.00590673088641247,0.01099315911882241,10.288293321497601,0.22018714161740421,true,true,0.0698171,0
SV,backends,dirichlet,MT19937,230660,200000,1,1.9616685041288489,0.05071774889221392,0.02891275702020525,10.288293321497601,0.22018714161740421,true,false,0.0698171,0
SV,backends,dirichlet,MT19937,230660,200000,2,2.7197244036549013,0.07938512493104843,0.04757389034264564,10.288293321497601,0.22018714161740421,true,false,0.0698171,0
SV,backends,dirichlet,Random,230660,200000,0,0.8374133469282512,-0.0036028037946498337,0.01083956522352995,8.64517438067702,0.2351546117765914,true,true,0.0688272,0
SV,backends,dirichlet,Random,230660,200000,1,1.9356731753979517,0.02472242016131676,0.02863409110011159,8.64517438067702,0.2351546117765914,true,false,0.0688272,0
SV,backends,dirichlet,Random,230660,200000,2,2.6367163667560143,-0.0036229119678385935,0.04623893519422513,8.64517438067702,0.2351546117765914,true,true,0.0688272,0
