"research","target","sampler","round","seed","method","draws","query","truth","estimate","fullWidth","covered","criteriaMet","reason","meanEss","evaluationsFullRun","failureReasons"
"research","banana","figaro-block","0","141011","fixed","12000","event","0.045500263896358334","0.0420625","0.020352327329868095","true","true","FixedBudget","2581.709049042661","79898",""
"research","banana","figaro-block","0","141011","fixed","12000","x","0.0","-0.02173072960282746","0.10163991766145243","true","true","FixedBudget","2455.7268611158083","79898",""
"research","banana","figaro-block","0","141011","fixed","12000","xSquared","1.0","0.9563568389207681","0.15209020991747488","true","true","FixedBudget","2098.110441674714","79898",""
"research","banana","figaro-block","0","141011","fixed","12000","y","0.0","-0.029708762718631487","0.08037940852835392","true","true","FixedBudget","2229.059155024178","79898",""
"research","banana","figaro-block","0","141011","fixed","12000","ySquared","0.57","0.5435178673164799","0.161835867477575","true","true","FixedBudget","1476.8228441524063","79898",""
"research","banana","figaro-block","0","141011","stopped","8000","event","0.045500263896358334","0.04009375","0.022120586059982128","true","true","PrecisionReached","2087.4686505365635","79898",""
"research","banana","figaro-block","0","141011","stopped","8000","x","0.0","-8.089278753294904E-4","0.11597837358464648","true","true","PrecisionReached","1837.29879540641","79898",""
"research","banana","figaro-block","0","141011","stopped","8000","xSquared","1.0","0.931164480603883","0.16149751890947991","true","true","PrecisionReached","1748.6507646086397","79898",""
"research","banana","figaro-block","0","141011","stopped","8000","y","0.0","-0.03995089853439933","0.08648399364954612","true","true","PrecisionReached","1828.8561767378542","79898",""
"research","banana","figaro-block","0","141011","stopped","8000","ySquared","0.57","0.5169947560998783","0.14744439050689032","true","true","PrecisionReached","1477.8886197971294","79898",""
"research","banana","figaro-block","1","148930","fixed","12000","event","0.045500263896358334","0.0418125","0.020012949745182404","true","true","FixedBudget","2654.8355522133643","79926",""
"research","banana","figaro-block","1","148930","fixed","12000","x","0.0","-0.001072958890075082","0.10742749763313462","true","true","FixedBudget","2233.655100375953","79926",""
"research","banana","figaro-block","1","148930","fixed","12000","xSquared","1.0","0.9712797849075603","0.1428476018317678","true","true","FixedBudget","2279.171972121748","79926",""
"research","banana","figaro-block","1","148930","fixed","12000","y","0.0","-0.019031759397254933","0.07574318302196592","true","true","FixedBudget","2443.6752502407066","79926",""
"research","banana","figaro-block","1","148930","fixed","12000","ySquared","0.57","0.5285974781626807","0.11860377946625468","true","true","FixedBudget","2015.8522206180303","79926",""
"research","banana","figaro-block","1","148930","stopped","8000","event","0.045500263896358334","0.0446875","0.026774317272080305","true","true","PrecisionReached","1580.528862855644","79926",""
"research","banana","figaro-block","1","148930","stopped","8000","x","0.0","0.028720601950654956","0.13396934365973107","true","true","PrecisionReached","1456.265375998792","79926",""
"research","banana","figaro-block","1","148930","stopped","8000","xSquared","1.0","0.9856149431577411","0.18913099768793334","true","true","PrecisionReached","1357.7564610176544","79926",""
"research","banana","figaro-block","1","148930","stopped","8000","y","0.0","-0.014864023431172602","0.09711264214497566","true","true","PrecisionReached","1527.6344261716847","79926",""
"research","banana","figaro-block","1","148930","stopped","8000","ySquared","0.57","0.5430502060479311","0.16084524386127813","true","true","PrecisionReached","1227.6035674377704","79926",""
"research","banana","figaro-block","2","156849","fixed","12000","event","0.045500263896358334","0.050479166666666665","0.031289873715187294","true","true","FixedBudget","1299.308418734403","79801",""
"research","banana","figaro-block","2","156849","fixed","12000","x","0.0","-0.013979043590759854","0.13646309320110137","true","true","FixedBudget","1509.0873741881035","79801",""
"research","banana","figaro-block","2","156849","fixed","12000","xSquared","1.0","1.0590628915602003","0.2531036761228652","true","false","FixedBudget","1005.6632000658343","79801","WidthTooLarge"
"research","banana","figaro-block","2","156849","fixed","12000","y","0.0","0.02926367799532792","0.12842412850939897","true","false","FixedBudget","1049.422667999577","79801","WidthTooLarge"
"research","banana","figaro-block","2","156849","fixed","12000","ySquared","0.57","0.6529958492042309","0.36510271437563363","true","false","FixedBudget","639.0737730620847","79801","WidthTooLarge"
"research","banana","figaro-block","2","156849","stopped","12000","event","0.045500263896358334","0.050479166666666665","0.031289873715187294","true","true","MaxDrawsReached","1299.308418734403","79801",""
"research","banana","figaro-block","2","156849","stopped","12000","x","0.0","-0.013979043590759854","0.13646309320110137","true","true","MaxDrawsReached","1509.0873741881035","79801",""
"research","banana","figaro-block","2","156849","stopped","12000","xSquared","1.0","1.0590628915602003","0.2531036761228652","true","false","MaxDrawsReached","1005.6632000658343","79801","WidthTooLarge"
"research","banana","figaro-block","2","156849","stopped","12000","y","0.0","0.02926367799532792","0.12842412850939897","true","false","MaxDrawsReached","1049.422667999577","79801","WidthTooLarge"
"research","banana","figaro-block","2","156849","stopped","12000","ySquared","0.57","0.6529958492042309","0.36510271437563363","true","false","MaxDrawsReached","639.0737730620847","79801","WidthTooLarge"
"research","banana","figaro-block","3","164768","fixed","12000","event","0.045500263896358334","0.043166666666666687","0.02115468652352733","true","true","FixedBudget","2449.4852022005643","79675",""
"research","banana","figaro-block","3","164768","fixed","12000","x","0.0","0.00634358910309718","0.1049245163656002","true","true","FixedBudget","2343.830924493746","79675",""
"research","banana","figaro-block","3","164768","fixed","12000","xSquared","1.0","0.9722881859589929","0.1621242435632347","true","true","FixedBudget","1792.3105629747376","79675",""
"research","banana","figaro-block","3","164768","fixed","12000","y","0.0","-0.017292686569930993","0.08567131505297887","true","true","FixedBudget","1937.276966179129","79675",""
"research","banana","figaro-block","3","164768","fixed","12000","ySquared","0.57","0.5360455871758076","0.13686473480320074","true","true","FixedBudget","1590.4159150903554","79675",""
"research","banana","figaro-block","3","164768","stopped","8000","event","0.045500263896358334","0.04074999999999995","0.023132110945800713","true","true","PrecisionReached","1938.816067417835","79675",""
"research","banana","figaro-block","3","164768","stopped","8000","x","0.0","0.005968866730100331","0.12203342576859061","true","true","PrecisionReached","1699.3170846130618","79675",""
"research","banana","figaro-block","3","164768","stopped","8000","xSquared","1.0","0.9535435536694283","0.18090037613535764","true","true","PrecisionReached","1348.398070846164","79675",""
"research","banana","figaro-block","3","164768","stopped","8000","y","0.0","-0.02840723495352071","0.09669329343923688","true","true","PrecisionReached","1461.2576434759062","79675",""
"research","banana","figaro-block","3","164768","stopped","8000","ySquared","0.57","0.5155752525501707","0.11859328662526197","true","true","PrecisionReached","1626.7220303622682","79675",""
"research","banana","figaro-block","4","172687","fixed","12000","event","0.045500263896358334","0.043375","0.020445034778126956","true","true","FixedBudget","2634.5637094719723","80123",""
"research","banana","figaro-block","4","172687","fixed","12000","x","0.0","0.04806328596617243","0.09909527236491289","true","true","FixedBudget","2641.3499069091326","80123",""
"research","banana","figaro-block","4","172687","fixed","12000","xSquared","1.0","0.9796116803089304","0.15237729910052986","true","true","FixedBudget","2068.195251035992","80123",""
"research","banana","figaro-block","4","172687","fixed","12000","y","0.0","-0.003186938191257205","0.08259308475045193","true","true","FixedBudget","2100.66036545697","80123",""
"research","banana","figaro-block","4","172687","fixed","12000","ySquared","0.57","0.5399433365766224","0.1487959675976751","true","true","FixedBudget","1677.1859319400469","80123",""
"research","banana","figaro-block","4","172687","stopped","8000","event","0.045500263896358334","0.04003125","0.023827744013483677","true","true","PrecisionReached","1796.3796144057264","80123",""
"research","banana","figaro-block","4","172687","stopped","8000","x","0.0","0.04214155335490362","0.1216586932677125","true","true","PrecisionReached","1729.547739562587","80123",""
"research","banana","figaro-block","4","172687","stopped","8000","xSquared","1.0","0.9662956639999075","0.17673822618995916","true","true","PrecisionReached","1497.3676259820509","80123",""
"research","banana","figaro-block","4","172687","stopped","8000","y","0.0","-0.013445162594686644","0.09444459710711434","true","true","PrecisionReached","1579.7350517358393","80123",""
"research","banana","figaro-block","4","172687","stopped","8000","ySquared","0.57","0.5311028298193092","0.17096430008646157","true","true","PrecisionReached","1236.6007794230388","80123",""
"research","banana","figaro-block","5","180606","fixed","12000","event","0.045500263896358334","0.051916666666666667","0.025766811700642663","true","true","FixedBudget","1967.5924325957826","80099",""
"research","banana","figaro-block","5","180606","fixed","12000","x","0.0","-0.020925262044463627","0.11595966809450346","true","true","FixedBudget","2075.123218891594","80099",""
"research","banana","figaro-block","5","180606","fixed","12000","xSquared","1.0","1.0518055378907778","0.19477902411948037","true","true","FixedBudget","1496.834375365111","80099",""
"research","banana","figaro-block","5","180606","fixed","12000","y","0.0","0.03026834610979312","0.09572645033163617","true","true","FixedBudget","1730.8102202753344","80099",""
"research","banana","figaro-block","5","180606","fixed","12000","ySquared","0.57","0.5985155862650328","0.2130078595311609","true","false","FixedBudget","1032.0243895262256","80099","WidthTooLarge"
"research","banana","figaro-block","5","180606","stopped","8000","event","0.045500263896358334","0.04440625","0.02306689961174964","true","true","PrecisionReached","2116.6384033364534","80099",""
"research","banana","figaro-block","5","180606","stopped","8000","x","0.0","0.004780072829235191","0.12459743895314634","true","true","PrecisionReached","1724.4865222150265","80099",""
"research","banana","figaro-block","5","180606","stopped","8000","xSquared","1.0","1.008742109818264","0.16926586993939513","true","true","PrecisionReached","1681.9285756167744","80099",""
"research","banana","figaro-block","5","180606","stopped","8000","y","0.0","0.01833585856296749","0.09093982318262361","true","true","PrecisionReached","1720.939141616548","80099",""
"research","banana","figaro-block","5","180606","stopped","8000","ySquared","0.57","0.5365845932828613","0.14106425498708494","true","true","PrecisionReached","1589.6151213048008","80099",""
"research","banana","figaro-block","6","188525","fixed","12000","event","0.045500263896358334","0.039125","0.022589056081693343","true","true","FixedBudget","1955.36697411532","79860",""
"research","banana","figaro-block","6","188525","fixed","12000","x","0.0","-0.03627856081189007","0.11107629330948944","true","true","FixedBudget","2074.484218707541","79860",""
"research","banana","figaro-block","6","188525","fixed","12000","xSquared","1.0","0.9656994628872438","0.17356177453789062","true","true","FixedBudget","1619.2232864062994","79860",""
"research","banana","figaro-block","6","188525","fixed","12000","y","0.0","-0.01730433398196496","0.08521817588654257","true","true","FixedBudget","1976.1627477433474","79860",""
"research","banana","figaro-block","6","188525","fixed","12000","ySquared","0.57","0.5410338130803023","0.19379231652681833","true","false","FixedBudget","1123.6253819289507","79860","WidthTooLarge"
"research","banana","figaro-block","6","188525","stopped","12000","event","0.045500263896358334","0.039125","0.022589056081693343","true","true","MaxDrawsReached","1955.36697411532","79860",""
"research","banana","figaro-block","6","188525","stopped","12000","x","0.0","-0.03627856081189007","0.11107629330948944","true","true","MaxDrawsReached","2074.484218707541","79860",""
"research","banana","figaro-block","6","188525","stopped","12000","xSquared","1.0","0.9656994628872438","0.17356177453789062","true","true","MaxDrawsReached","1619.2232864062994","79860",""
"research","banana","figaro-block","6","188525","stopped","12000","y","0.0","-0.01730433398196496","0.08521817588654257","true","true","MaxDrawsReached","1976.1627477433474","79860",""
"research","banana","figaro-block","6","188525","stopped","12000","ySquared","0.57","0.5410338130803023","0.19379231652681833","true","false","MaxDrawsReached","1123.6253819289507","79860","WidthTooLarge"
"research","banana","figaro-block","7","196444","fixed","12000","event","0.045500263896358334","0.04535416666666667","0.02256943698973117","true","true","FixedBudget","2255.9071490707265","80248",""
"research","banana","figaro-block","7","196444","fixed","12000","x","0.0","-0.012573006683067545","0.10563576133414213","true","true","FixedBudget","2361.8623115414434","80248",""
"research","banana","figaro-block","7","196444","fixed","12000","xSquared","1.0","0.9932131004613619","0.1502280745362123","true","true","FixedBudget","2097.591023040978","80248",""
"research","banana","figaro-block","7","196444","fixed","12000","y","0.0","-0.004004467782927346","0.07957725128951139","true","true","FixedBudget","2231.365446789673","80248",""
"research","banana","figaro-block","7","196444","fixed","12000","ySquared","0.57","0.5324250171340672","0.12070431450492666","true","true","FixedBudget","1823.6736623683812","80248",""
"research","banana","figaro-block","7","196444","stopped","6000","event","0.045500263896358334","0.03929166666666667","0.026036315347223823","true","true","PrecisionReached","1477.9005452117979","80248",""
"research","banana","figaro-block","7","196444","stopped","6000","x","0.0","-0.010075860671502956","0.13031849722976172","true","true","PrecisionReached","1477.0515728975536","80248",""
"research","banana","figaro-block","7","196444","stopped","6000","xSquared","1.0","0.9452402081250093","0.17139430654163507","true","true","PrecisionReached","1449.7177504637407","80248",""
"research","banana","figaro-block","7","196444","stopped","6000","y","0.0","-0.02363756995576949","0.09655262311465262","true","true","PrecisionReached","1421.335176780223","80248",""
"research","banana","figaro-block","7","196444","stopped","6000","ySquared","0.57","0.49980222671421604","0.1243170597721543","false","true","PrecisionReached","1414.1152814453228","80248",""
"research","banana","figaro-block","8","204363","fixed","12000","event","0.045500263896358334","0.04479166666666667","0.022366729934496135","true","true","FixedBudget","2269.831066153964","80078",""
"research","banana","figaro-block","8","204363","fixed","12000","x","0.0","0.0034664003225593487","0.10650229121530586","true","true","FixedBudget","2318.806288755813","80078",""
"research","banana","figaro-block","8","204363","fixed","12000","xSquared","1.0","0.9910246087611774","0.16958939853769378","true","true","FixedBudget","1869.941817855312","80078",""
"research","banana","figaro-block","8","204363","fixed","12000","y","0.0","-0.005657239602434805","0.0849602420683153","true","true","FixedBudget","2096.173078094713","80078",""
"research","banana","figaro-block","8","204363","fixed","12000","ySquared","0.57","0.5701377563341964","0.16890640893598896","true","true","FixedBudget","1563.7172213057304","80078",""
"research","banana","figaro-block","8","204363","stopped","10000","event","0.045500263896358334","0.0467","0.02511479537115594","true","true","PrecisionReached","1873.234697795452","80078",""
"research","banana","figaro-block","8","204363","stopped","10000","x","0.0","-0.006131913200434352","0.11614856204599548","true","true","PrecisionReached","1950.1292084927193","80078",""
"research","banana","figaro-block","8","204363","stopped","10000","xSquared","1.0","0.991294113843771","0.1905185401271309","true","true","PrecisionReached","1522.5277969937715","80078",""
"research","banana","figaro-block","8","204363","stopped","10000","y","0.0","-0.0054082437180518195","0.09331243904640309","true","true","PrecisionReached","1759.4462029194276","80078",""
"research","banana","figaro-block","8","204363","stopped","10000","ySquared","0.57","0.5772608078744104","0.1869560279685934","true","true","PrecisionReached","1334.7116532485115","80078",""
"research","banana","figaro-block","9","212282","fixed","12000","event","0.045500263896358334","0.04616666666666667","0.030345574521926717","true","true","FixedBudget","1269.1515488019004","79981",""
"research","banana","figaro-block","9","212282","fixed","12000","x","0.0","-0.017787740722335688","0.11765499556257021","true","true","FixedBudget","1970.185642986321","79981",""
"research","banana","figaro-block","9","212282","fixed","12000","xSquared","1.0","1.0279178224403913","0.25357511466713045","true","false","FixedBudget","883.648631118976","79981","WidthTooLarge"
"research","banana","figaro-block","9","212282","fixed","12000","y","0.0","0.017100065771255113","0.11717801408725764","true","false","FixedBudget","1166.206673453545","79981","WidthTooLarge"
"research","banana","figaro-block","9","212282","fixed","12000","ySquared","0.57","0.6036358460663658","0.36814418807085625","true","false","FixedBudget","545.7818581840224","79981","WidthTooLarge"
"research","banana","figaro-block","9","212282","stopped","6000","event","0.045500263896358334","0.036333333333333336","0.023753334132633884","true","true","PrecisionReached","1647.0059602725585","79981",""
"research","banana","figaro-block","9","212282","stopped","6000","x","0.0","0.0053526359360163145","0.12571568565522523","true","true","PrecisionReached","1557.4086449518184","79981",""
"research","banana","figaro-block","9","212282","stopped","6000","xSquared","1.0","0.927433305460253","0.16211032081535737","true","true","PrecisionReached","1566.5488343028892","79981",""
"research","banana","figaro-block","9","212282","stopped","6000","y","0.0","-0.03891952783389857","0.09014079540792666","true","true","PrecisionReached","1608.3489696008203","79981",""
"research","banana","figaro-block","9","212282","stopped","6000","ySquared","0.57","0.49390652833797544","0.11594452155035759","false","true","PrecisionReached","1553.8699383885562","79981",""
"research","banana","figaro-block","10","220201","fixed","12000","event","0.045500263896358334","0.0489375","0.03285385058592158","true","false","FixedBudget","1144.409568528982","80086","WidthTooLarge"
"research","banana","figaro-block","10","220201","fixed","12000","x","0.0","0.008026507834451913","0.13922578224199386","true","true","FixedBudget","1410.329545866006","80086",""
"research","banana","figaro-block","10","220201","fixed","12000","xSquared","1.0","1.0301107077626348","0.3643095000804553","true","false","FixedBudget","533.1564928240565","80086","WidthTooLarge"
"research","banana","figaro-block","10","220201","fixed","12000","y","0.0","0.001010516020460095","0.15942546760175805","true","false","FixedBudget","717.1203529181005","80086","WidthTooLarge"
"research","banana","figaro-block","10","220201","fixed","12000","ySquared","0.57","0.686759846501406","0.8459187057345103","true","false","FixedBudget","310.8356795415104","80086","InsufficientMeanEss|WidthTooLarge"
"research","banana","figaro-block","10","220201","stopped","8000","event","0.045500263896358334","0.0455625","0.026300757511902022","true","true","PrecisionReached","1668.5001429667968","80086",""
"research","banana","figaro-block","10","220201","stopped","8000","x","0.0","-0.01292702595637496","0.12351692406865922","true","true","PrecisionReached","1683.9280752291845","80086",""
"research","banana","figaro-block","10","220201","stopped","8000","xSquared","1.0","0.9681523837713585","0.17778776045275155","true","true","PrecisionReached","1501.5566457686855","80086",""
"research","banana","figaro-block","10","220201","stopped","8000","y","0.0","-0.025444194675594112","0.09419350382414013","true","true","PrecisionReached","1589.9791565236328","80086",""
"research","banana","figaro-block","10","220201","stopped","8000","ySquared","0.57","0.5321747530030081","0.15867363412382443","true","true","PrecisionReached","1238.7213108799442","80086",""
"research","banana","figaro-block","11","228120","fixed","12000","event","0.045500263896358334","0.04795833333333333","0.022454787387511034","true","true","FixedBudget","2403.2853640914095","79942",""
"research","banana","figaro-block","11","228120","fixed","12000","x","0.0","-0.0117381997875321","0.10764450295225082","true","true","FixedBudget","2312.4069864504686","79942",""
"research","banana","figaro-block","11","228120","fixed","12000","xSquared","1.0","1.009727198857438","0.16190146491838883","true","true","FixedBudget","2054.593211421559","79942",""
"research","banana","figaro-block","11","228120","fixed","12000","y","0.0","-0.006047242849337237","0.08557655164535596","true","true","FixedBudget","2109.476176129445","79942",""
"research","banana","figaro-block","11","228120","fixed","12000","ySquared","0.57","0.5821143092870579","0.16367395705470894","true","true","FixedBudget","1566.736185520558","79942",""
"research","banana","figaro-block","11","228120","stopped","10000","event","0.045500263896358334","0.048475","0.025391000320508356","true","true","PrecisionReached","1898.8182932675998","79942",""
"research","banana","figaro-block","11","228120","stopped","10000","x","0.0","-0.033092514382623506","0.11917884368648067","true","true","PrecisionReached","1876.0045634606797","79942",""
"research","banana","figaro-block","11","228120","stopped","10000","xSquared","1.0","1.005080098502275","0.18159935614217082","true","true","PrecisionReached","1635.4869645628116","79942",""
"research","banana","figaro-block","11","228120","stopped","10000","y","0.0","-0.010284714661267961","0.09574359857511364","true","true","PrecisionReached","1671.9579144720922","79942",""
"research","banana","figaro-block","11","228120","stopped","10000","ySquared","0.57","0.5775896034923484","0.1833540150179559","true","true","PrecisionReached","1238.2294694561726","79942",""
"research","banana","figaro-block","12","236039","fixed","12000","event","0.045500263896358334","0.047125","0.02679773043516375","true","true","FixedBudget","1659.5657606963873","79927",""
"research","banana","figaro-block","12","236039","fixed","12000","x","0.0","-0.013917882210172872","0.11534001657221449","true","true","FixedBudget","2017.9625663755303","79927",""
"research","banana","figaro-block","12","236039","fixed","12000","xSquared","1.0","1.0117031150080913","0.22453948942994292","true","true","FixedBudget","1211.3251208640747","79927",""
"research","banana","figaro-block","12","236039","fixed","12000","y","0.0","0.006744147084665308","0.10795547866510871","true","true","FixedBudget","1440.3765081887718","79927",""
"research","banana","figaro-block","12","236039","fixed","12000","ySquared","0.57","0.6325479246377484","0.3607433499980596","true","false","FixedBudget","763.7427965971144","79927","WidthTooLarge"
"research","banana","figaro-block","12","236039","stopped","12000","event","0.045500263896358334","0.047125","0.02679773043516375","true","true","MaxDrawsReached","1659.5657606963873","79927",""
"research","banana","figaro-block","12","236039","stopped","12000","x","0.0","-0.013917882210172872","0.11534001657221449","true","true","MaxDrawsReached","2017.9625663755303","79927",""
"research","banana","figaro-block","12","236039","stopped","12000","xSquared","1.0","1.0117031150080913","0.22453948942994292","true","true","MaxDrawsReached","1211.3251208640747","79927",""
"research","banana","figaro-block","12","236039","stopped","12000","y","0.0","0.006744147084665308","0.10795547866510871","true","true","MaxDrawsReached","1440.3765081887718","79927",""
"research","banana","figaro-block","12","236039","stopped","12000","ySquared","0.57","0.6325479246377484","0.3607433499980596","true","false","MaxDrawsReached","763.7427965971144","79927","WidthTooLarge"
"research","banana","figaro-block","13","243958","fixed","12000","event","0.045500263896358334","0.04541666666666667","0.02617664429645721","true","true","FixedBudget","1679.2074752552198","80018",""
"research","banana","figaro-block","13","243958","fixed","12000","x","0.0","0.010778901155078957","0.10916691745159557","true","true","FixedBudget","2238.55929375146","80018",""
"research","banana","figaro-block","13","243958","fixed","12000","xSquared","1.0","1.0053046548511708","0.2114279451903634","true","true","FixedBudget","1295.5974732344428","80018",""
"research","banana","figaro-block","13","243958","fixed","12000","y","0.0","-0.0033318300557776404","0.10570833347283477","true","true","FixedBudget","1438.2180823661545","80018",""
"research","banana","figaro-block","13","243958","fixed","12000","ySquared","0.57","0.6055471440722711","0.2938484063397521","true","false","FixedBudget","830.2803742237493","80018","WidthTooLarge"
"research","banana","figaro-block","13","243958","stopped","8000","event","0.045500263896358334","0.034","0.02121533705409875","false","true","PrecisionReached","1936.7068740690802","80018",""
"research","banana","figaro-block","13","243958","stopped","8000","x","0.0","-0.026356418055591746","0.11268287577276484","true","true","PrecisionReached","1921.886429271165","80018",""
"research","banana","figaro-block","13","243958","stopped","8000","xSquared","1.0","0.9201610150745417","0.16390342793635249","true","true","PrecisionReached","1601.311718893461","80018",""
"research","banana","figaro-block","13","243958","stopped","8000","y","0.0","-0.04645603017980777","0.08654206536158088","false","true","PrecisionReached","1796.0473704772603","80018",""
"research","banana","figaro-block","13","243958","stopped","8000","ySquared","0.57","0.5089908028285502","0.15937222881373436","true","true","PrecisionReached","1198.778222184888","80018",""
"research","banana","figaro-block","14","251877","fixed","12000","event","0.045500263896358334","0.049979166666666665","0.025565350187709834","true","true","FixedBudget","1928.0657780364495","80144",""
"research","banana","figaro-block","14","251877","fixed","12000","x","0.0","0.055349827599376455","0.11765961310080701","true","true","FixedBudget","1992.686062265284","80144",""
"research","banana","figaro-block","14","251877","fixed","12000","xSquared","1.0","1.0424822814939108","0.20019615922175796","true","true","FixedBudget","1437.479604512976","80144",""
"research","banana","figaro-block","14","251877","fixed","12000","y","0.0","0.026553251403038436","0.09838562469204347","true","true","FixedBudget","1668.2506294843504","80144",""
"research","banana","figaro-block","14","251877","fixed","12000","ySquared","0.57","0.6091501696149639","0.21508780238161632","true","true","FixedBudget","1185.7083346611566","80144",""
"research","banana","figaro-block","14","251877","stopped","12000","event","0.045500263896358334","0.049979166666666665","0.025565350187709834","true","true","PrecisionReached","1928.0657780364495","80144",""
"research","banana","figaro-block","14","251877","stopped","12000","x","0.0","0.055349827599376455","0.11765961310080701","true","true","PrecisionReached","1992.686062265284","80144",""
"research","banana","figaro-block","14","251877","stopped","12000","xSquared","1.0","1.0424822814939108","0.20019615922175796","true","true","PrecisionReached","1437.479604512976","80144",""
"research","banana","figaro-block","14","251877","stopped","12000","y","0.0","0.026553251403038436","0.09838562469204347","true","true","PrecisionReached","1668.2506294843504","80144",""
"research","banana","figaro-block","14","251877","stopped","12000","ySquared","0.57","0.6091501696149639","0.21508780238161632","true","true","PrecisionReached","1185.7083346611566","80144",""
"research","banana","figaro-block","15","259796","fixed","12000","event","0.045500263896358334","0.03827083333333333","0.022413650549360987","true","true","FixedBudget","1944.4586469821763","79879",""
"research","banana","figaro-block","15","259796","fixed","12000","x","0.0","0.00783002535608518","0.10840731353458452","true","true","FixedBudget","2175.9862090502543","79879",""
"research","banana","figaro-block","15","259796","fixed","12000","xSquared","1.0","0.9636020993795215","0.17544745383662766","true","true","FixedBudget","1564.6670155914624","79879",""
"research","banana","figaro-block","15","259796","fixed","12000","y","0.0","-0.01612190396892199","0.08751019347584423","true","true","FixedBudget","1862.9830989781788","79879",""
"research","banana","figaro-block","15","259796","fixed","12000","ySquared","0.57","0.5378150381989546","0.21294514396974587","true","false","FixedBudget","943.9002310602101","79879","WidthTooLarge"
"research","banana","figaro-block","15","259796","stopped","12000","event","0.045500263896358334","0.03827083333333333","0.022413650549360987","true","true","MaxDrawsReached","1944.4586469821763","79879",""
"research","banana","figaro-block","15","259796","stopped","12000","x","0.0","0.00783002535608518","0.10840731353458452","true","true","MaxDrawsReached","2175.9862090502543","79879",""
"research","banana","figaro-block","15","259796","stopped","12000","xSquared","1.0","0.9636020993795215","0.17544745383662766","true","true","MaxDrawsReached","1564.6670155914624","79879",""
"research","banana","figaro-block","15","259796","stopped","12000","y","0.0","-0.01612190396892199","0.08751019347584423","true","true","MaxDrawsReached","1862.9830989781788","79879",""
"research","banana","figaro-block","15","259796","stopped","12000","ySquared","0.57","0.5378150381989546","0.21294514396974587","true","false","MaxDrawsReached","943.9002310602101","79879","WidthTooLarge"
"research","banana","figaro-block","16","267715","fixed","12000","event","0.045500263896358334","0.046125","0.02259671387047807","true","true","FixedBudget","2286.8647026150616","80099",""
"research","banana","figaro-block","16","267715","fixed","12000","x","0.0","-0.008960755189348246","0.11467915706065787","true","true","FixedBudget","2034.932294877543","80099",""
"research","banana","figaro-block","16","267715","fixed","12000","xSquared","1.0","1.0084406209095862","0.16836811248517902","true","true","FixedBudget","1930.985761181528","80099",""
"research","banana","figaro-block","16","267715","fixed","12000","y","0.0","0.00825703482689455","0.08637385809656443","true","true","FixedBudget","2065.4778007656028","80099",""
"research","banana","figaro-block","16","267715","fixed","12000","ySquared","0.57","0.5806747821225968","0.18248548948070947","true","true","FixedBudget","1478.7714878765414","80099",""
"research","banana","figaro-block","16","267715","stopped","10000","event","0.045500263896358334","0.0461","0.024722938209617292","true","true","PrecisionReached","1909.4514275899578","80099",""
"research","banana","figaro-block","16","267715","stopped","10000","x","0.0","-0.014391937765004137","0.12377194158949206","true","true","PrecisionReached","1749.605916211042","80099",""
"research","banana","figaro-block","16","267715","stopped","10000","xSquared","1.0","1.0101100713249296","0.1847455683225956","true","true","PrecisionReached","1627.9126011769895","80099",""
"research","banana","figaro-block","16","267715","stopped","10000","y","0.0","0.00667192740427458","0.09547298120852132","true","true","PrecisionReached","1712.6703583609476","80099",""
"research","banana","figaro-block","16","267715","stopped","10000","ySquared","0.57","0.5882509087054748","0.20728017355514602","true","true","PrecisionReached","1230.535811176391","80099",""
"research","banana","figaro-block","17","275634","fixed","12000","event","0.045500263896358334","0.04010416666666667","0.02108720872265747","true","true","FixedBudget","2297.622142287855","79939",""
"research","banana","figaro-block","17","275634","fixed","12000","x","0.0","6.00408317368406E-4","0.10070928202240682","true","true","FixedBudget","2538.4219399694953","79939",""
"research","banana","figaro-block","17","275634","fixed","12000","xSquared","1.0","0.9700626320934309","0.1510104962353179","true","true","FixedBudget","2060.4382486468453","79939",""
"research","banana","figaro-block","17","275634","fixed","12000","y","0.0","-0.02057301598103578","0.07796063543099462","true","true","FixedBudget","2300.254263254396","79939",""
"research","banana","figaro-block","17","275634","fixed","12000","ySquared","0.57","0.5271961028436352","0.1400441041055949","true","true","FixedBudget","1515.2150689177688","79939",""
"research","banana","figaro-block","17","275634","stopped","8000","event","0.045500263896358334","0.04196875","0.02469235741621578","true","true","PrecisionReached","1750.2025932527329","79939",""
"research","banana","figaro-block","17","275634","stopped","8000","x","0.0","0.0029577855042367818","0.12662437123009812","true","true","PrecisionReached","1630.2047861790506","79939",""
"research","banana","figaro-block","17","275634","stopped","8000","xSquared","1.0","0.9848563807292332","0.17968800837394847","true","true","PrecisionReached","1470.4524136438783","79939",""
"research","banana","figaro-block","17","275634","stopped","8000","y","0.0","-0.01713248207367951","0.09207775867944264","true","true","PrecisionReached","1643.5925726663154","79939",""
"research","banana","figaro-block","17","275634","stopped","8000","ySquared","0.57","0.5253377956355485","0.15437147876107243","true","true","PrecisionReached","1185.1127185840137","79939",""
"research","banana","figaro-block","18","283553","fixed","12000","event","0.045500263896358334","0.048604166666666664","0.023348444743457045","true","true","FixedBudget","2251.2412118644947","79938",""
"research","banana","figaro-block","18","283553","fixed","12000","x","0.0","0.05422523241847321","0.1146446140329682","true","true","FixedBudget","2077.893695705541","79938",""
"research","banana","figaro-block","18","283553","fixed","12000","xSquared","1.0","1.0319689633991782","0.18229252707716612","true","true","FixedBudget","1641.2779606847973","79938",""
"research","banana","figaro-block","18","283553","fixed","12000","y","0.0","0.011861923819217468","0.09277617210800712","true","true","FixedBudget","1780.910034415032","79938",""
"research","banana","figaro-block","18","283553","fixed","12000","ySquared","0.57","0.5777200878230406","0.18872702590023488","true","true","FixedBudget","1223.6701361430553","79938",""
"research","banana","figaro-block","18","283553","stopped","12000","event","0.045500263896358334","0.048604166666666664","0.023348444743457045","true","true","PrecisionReached","2251.2412118644947","79938",""
"research","banana","figaro-block","18","283553","stopped","12000","x","0.0","0.05422523241847321","0.1146446140329682","true","true","PrecisionReached","2077.893695705541","79938",""
"research","banana","figaro-block","18","283553","stopped","12000","xSquared","1.0","1.0319689633991782","0.18229252707716612","true","true","PrecisionReached","1641.2779606847973","79938",""
"research","banana","figaro-block","18","283553","stopped","12000","y","0.0","0.011861923819217468","0.09277617210800712","true","true","PrecisionReached","1780.910034415032","79938",""
"research","banana","figaro-block","18","283553","stopped","12000","ySquared","0.57","0.5777200878230406","0.18872702590023488","true","true","PrecisionReached","1223.6701361430553","79938",""
"research","banana","figaro-block","19","291472","fixed","12000","event","0.045500263896358334","0.046","0.022641386348601193","true","true","FixedBudget","2271.9740872606326","79865",""
"research","banana","figaro-block","19","291472","fixed","12000","x","0.0","0.02123634494616433","0.10433618994416903","true","true","FixedBudget","2438.9585776255144","79865",""
"research","banana","figaro-block","19","291472","fixed","12000","xSquared","1.0","1.000845200639149","0.16106101530792344","true","true","FixedBudget","1970.8931652396343","79865",""
"research","banana","figaro-block","19","291472","fixed","12000","y","0.0","-7.838275411020668E-5","0.08206116950983733","true","true","FixedBudget","2178.4486610226813","79865",""
"research","banana","figaro-block","19","291472","fixed","12000","ySquared","0.57","0.5527382766320657","0.14278336338320088","true","true","FixedBudget","1621.2951747835348","79865",""
"research","banana","figaro-block","19","291472","stopped","10000","event","0.045500263896358334","0.04685","0.025983020899267843","true","true","PrecisionReached","1755.4827655326321","79865",""
"research","banana","figaro-block","19","291472","stopped","10000","x","0.0","0.014173273443102374","0.11698565571407514","true","true","PrecisionReached","1965.46575485935","79865",""
"research","banana","figaro-block","19","291472","stopped","10000","xSquared","1.0","1.013705426818636","0.18672069561884694","true","true","PrecisionReached","1529.6787414094915","79865",""
"research","banana","figaro-block","19","291472","stopped","10000","y","0.0","0.003547201369999531","0.09374190665885337","true","true","PrecisionReached","1720.8873212630547","79865",""
"research","banana","figaro-block","19","291472","stopped","10000","ySquared","0.57","0.5698028045390648","0.16843943340730388","true","true","PrecisionReached","1293.8803246456187","79865",""
"research","banana","figaro-block","20","299391","fixed","12000","event","0.045500263896358334","0.05575","0.03060540239637014","true","true","FixedBudget","1491.5536381188335","79967",""
"research","banana","figaro-block","20","299391","fixed","12000","x","0.0","-0.011409326696280874","0.11781279924008073","true","true","FixedBudget","2048.32265133793","79967",""
"research","banana","figaro-block","20","299391","fixed","12000","xSquared","1.0","1.0713537412622303","0.21910562858606286","true","true","FixedBudget","1271.676754418097","79967",""
"research","banana","figaro-block","20","299391","fixed","12000","y","0.0","0.046064878914511775","0.10729577202429431","true","true","FixedBudget","1415.564945346489","79967",""
"research","banana","figaro-block","20","299391","fixed","12000","ySquared","0.57","0.6161551241661312","0.253409034047226","true","false","FixedBudget","983.1025367567129","79967","WidthTooLarge"
"research","banana","figaro-block","20","299391","stopped","12000","event","0.045500263896358334","0.05575","0.03060540239637014","true","true","MaxDrawsReached","1491.5536381188335","79967",""
"research","banana","figaro-block","20","299391","stopped","12000","x","0.0","-0.011409326696280874","0.11781279924008073","true","true","MaxDrawsReached","2048.32265133793","79967",""
"research","banana","figaro-block","20","299391","stopped","12000","xSquared","1.0","1.0713537412622303","0.21910562858606286","true","true","MaxDrawsReached","1271.676754418097","79967",""
"research","banana","figaro-block","20","299391","stopped","12000","y","0.0","0.046064878914511775","0.10729577202429431","true","true","MaxDrawsReached","1415.564945346489","79967",""
"research","banana","figaro-block","20","299391","stopped","12000","ySquared","0.57","0.6161551241661312","0.253409034047226","true","false","MaxDrawsReached","983.1025367567129","79967","WidthTooLarge"
"research","banana","figaro-block","21","307310","fixed","12000","event","0.045500263896358334","0.048625","0.023503030145759253","true","true","FixedBudget","2222.6282623524985","79917",""
"research","banana","figaro-block","21","307310","fixed","12000","x","0.0","0.0254953519115024","0.1134838848287647","true","true","FixedBudget","2115.0930094780283","79917",""
"research","banana","figaro-block","21","307310","fixed","12000","xSquared","1.0","1.0269980597493358","0.16335318629915271","true","true","FixedBudget","2016.492613472583","79917",""
"research","banana","figaro-block","21","307310","fixed","12000","y","0.0","0.01720366387656269","0.08123028880198996","true","true","FixedBudget","2254.2171867926086","79917",""
"research","banana","figaro-block","21","307310","fixed","12000","ySquared","0.57","0.5607352285171701","0.14088615488170853","true","true","FixedBudget","1884.8896880155783","79917",""
"research","banana","figaro-block","21","307310","stopped","8000","event","0.045500263896358334","0.0479375","0.02853496050325768","true","true","PrecisionReached","1487.6268613897155","79917",""
"research","banana","figaro-block","21","307310","stopped","8000","x","0.0","0.02331393137427945","0.14306068738069513","true","true","PrecisionReached","1325.0829911878016","79917",""
"research","banana","figaro-block","21","307310","stopped","8000","xSquared","1.0","1.022367240382663","0.19957347010433713","true","true","PrecisionReached","1339.5648001096865","79917",""
"research","banana","figaro-block","21","307310","stopped","8000","y","0.0","0.02343127464540906","0.09822878939551774","true","true","PrecisionReached","1523.0910921107325","79917",""
"research","banana","figaro-block","21","307310","stopped","8000","ySquared","0.57","0.5542760739375017","0.17177692671368402","true","true","PrecisionReached","1243.2589178184621","79917",""
"research","banana","figaro-block","22","315229","fixed","12000","event","0.045500263896358334","0.0375","0.01809501866339438","true","true","FixedBudget","2925.6147272474554","80136",""
"research","banana","figaro-block","22","315229","fixed","12000","x","0.0","-3.758834499503205E-4","0.09570926160312138","true","true","FixedBudget","2760.883101614302","80136",""
"research","banana","figaro-block","22","315229","fixed","12000","xSquared","1.0","0.9529120436212803","0.13416038871605063","true","true","FixedBudget","2413.0773813924466","80136",""
"research","banana","figaro-block","22","315229","fixed","12000","y","0.0","-0.023923476128977383","0.07246522249439895","true","true","FixedBudget","2555.793640829318","80136",""
"research","banana","figaro-block","22","315229","fixed","12000","ySquared","0.57","0.5062593998953457","0.11814375584401078","false","true","FixedBudget","1805.1562839594774","80136",""
"research","banana","figaro-block","22","315229","stopped","6000","event","0.045500263896358334","0.038625","0.024243360977168577","true","true","PrecisionReached","1676.8256441507012","80136",""
"research","banana","figaro-block","22","315229","stopped","6000","x","0.0","0.016766358406479664","0.13936040027568986","true","true","PrecisionReached","1308.199434055882","80136",""
"research","banana","figaro-block","22","315229","stopped","6000","xSquared","1.0","0.9575644062429687","0.1721626260108424","true","true","PrecisionReached","1433.6959518137505","80136",""
"research","banana","figaro-block","22","315229","stopped","6000","y","0.0","-0.02537895435279236","0.09547462849296022","true","true","PrecisionReached","1447.4978059879238","80136",""
"research","banana","figaro-block","22","315229","stopped","6000","ySquared","0.57","0.4977874269656408","0.13016074159895347","false","true","PrecisionReached","1285.9587598885687","80136",""
"research","banana","figaro-block","23","323148","fixed","12000","event","0.045500263896358334","0.04102083333333333","0.02028620494640622","true","true","FixedBudget","2536.9694184710334","80155",""
"research","banana","figaro-block","23","323148","fixed","12000","x","0.0","-0.011524916011906639","0.09697121962782612","true","true","FixedBudget","2750.9789276435304","80155",""
"research","banana","figaro-block","23","323148","fixed","12000","xSquared","1.0","0.9748301641628705","0.144159523281412","true","true","FixedBudget","2239.872600243697","80155",""
"research","banana","figaro-block","23","323148","fixed","12000","y","0.0","-4.7217437016300323E-4","0.0772156250053188","true","true","FixedBudget","2378.112054584141","80155",""
"research","banana","figaro-block","23","323148","fixed","12000","ySquared","0.57","0.5342440320093724","0.1388316655713534","true","true","FixedBudget","1717.4040420000322","80155",""
"research","banana","figaro-block","23","323148","stopped","10000","event","0.045500263896358334","0.0426","0.022995056250704526","true","true","PrecisionReached","2047.1000913088822","80155",""
"research","banana","figaro-block","23","323148","stopped","10000","x","0.0","-0.02069925537465367","0.10887313088598151","true","true","PrecisionReached","2214.271531488231","80155",""
"research","banana","figaro-block","23","323148","stopped","10000","xSquared","1.0","0.9893624237440448","0.1633702610577292","true","true","PrecisionReached","1804.582025203013","80155",""
"research","banana","figaro-block","23","323148","stopped","10000","y","0.0","0.01107008745656346","0.08566917845268528","true","true","PrecisionReached","1957.3184831756785","80155",""
"research","banana","figaro-block","23","323148","stopped","10000","ySquared","0.57","0.5413822481007186","0.1629553328639279","true","true","PrecisionReached","1329.2563960953792","80155",""
"research","banana","figaro-block","24","331067","fixed","12000","event","0.045500263896358334","0.045875","0.02200642867705049","true","true","FixedBudget","2398.7523534204042","79926",""
"research","banana","figaro-block","24","331067","fixed","12000","x","0.0","-0.006126250359549501","0.1075083463726914","true","true","FixedBudget","2267.523751677175","79926",""
"research","banana","figaro-block","24","331067","fixed","12000","xSquared","1.0","0.9875282218291637","0.15242658333925532","true","true","FixedBudget","2157.878852343816","79926",""
"research","banana","figaro-block","24","331067","fixed","12000","y","0.0","-0.0010680739179834697","0.08101690354904355","true","true","FixedBudget","2237.7757232903214","79926",""
"research","banana","figaro-block","24","331067","fixed","12000","ySquared","0.57","0.5534336171438323","0.14345628500317797","true","true","FixedBudget","1861.9754093142674","79926",""
"research","banana","figaro-block","24","331067","stopped","8000","event","0.045500263896358334","0.0506875","0.028150741936744213","true","true","PrecisionReached","1611.5289151667214","79926",""
"research","banana","figaro-block","24","331067","stopped","8000","x","0.0","-0.003937738456755491","0.1393591746495996","true","true","PrecisionReached","1407.2768864319714","79926",""
"research","banana","figaro-block","24","331067","stopped","8000","xSquared","1.0","1.0297919742233068","0.19571031648262782","true","true","PrecisionReached","1424.9080132347337","79926",""
"research","banana","figaro-block","24","331067","stopped","8000","y","0.0","0.02204491489362992","0.1032899665397073","true","true","PrecisionReached","1453.9551367557594","79926",""
"research","banana","figaro-block","24","331067","stopped","8000","ySquared","0.57","0.5849523888517298","0.18985284958930676","true","true","PrecisionReached","1230.9381111494577","79926",""
"research","banana","figaro-block","25","338986","fixed","12000","event","0.045500263896358334","0.044895833333333336","0.02166637738726693","true","true","FixedBudget","2424.305620016427","79824",""
"research","banana","figaro-block","25","338986","fixed","12000","x","0.0","0.004390992224735157","0.10265798432494368","true","true","FixedBudget","2489.3546129055662","79824",""
"research","banana","figaro-block","25","338986","fixed","12000","xSquared","1.0","0.9885018923952964","0.15963024780632873","true","true","FixedBudget","2025.384916555136","79824",""
"research","banana","figaro-block","25","338986","fixed","12000","y","0.0","-0.005611660564217913","0.08086350639322534","true","true","FixedBudget","2258.099524448996","79824",""
"research","banana","figaro-block","25","338986","fixed","12000","ySquared","0.57","0.556377554080653","0.16473553791496717","true","true","FixedBudget","1413.6871353789636","79824",""
"research","banana","figaro-block","25","338986","stopped","12000","event","0.045500263896358334","0.044895833333333336","0.02166637738726693","true","true","PrecisionReached","2424.305620016427","79824",""
"research","banana","figaro-block","25","338986","stopped","12000","x","0.0","0.004390992224735157","0.10265798432494368","true","true","PrecisionReached","2489.3546129055662","79824",""
"research","banana","figaro-block","25","338986","stopped","12000","xSquared","1.0","0.9885018923952964","0.15963024780632873","true","true","PrecisionReached","2025.384916555136","79824",""
"research","banana","figaro-block","25","338986","stopped","12000","y","0.0","-0.005611660564217913","0.08086350639322534","true","true","PrecisionReached","2258.099524448996","79824",""
"research","banana","figaro-block","25","338986","stopped","12000","ySquared","0.57","0.556377554080653","0.16473553791496717","true","true","PrecisionReached","1413.6871353789636","79824",""
"research","banana","figaro-block","26","346905","fixed","12000","event","0.045500263896358334","0.051875","0.025343615155203593","true","true","FixedBudget","2032.309166066377","79891",""
"research","banana","figaro-block","26","346905","fixed","12000","x","0.0","0.005579503587825219","0.1078296971978117","true","true","FixedBudget","2426.632536423732","79891",""
"research","banana","figaro-block","26","346905","fixed","12000","xSquared","1.0","1.0631396277373601","0.18535037382427005","true","true","FixedBudget","1704.4509207258498","79891",""
"research","banana","figaro-block","26","346905","fixed","12000","y","0.0","0.03477570848929745","0.09344265202540694","true","true","FixedBudget","1826.9262080925032","79891",""
"research","banana","figaro-block","26","346905","fixed","12000","ySquared","0.57","0.6022559144920344","0.18671013808479056","true","true","FixedBudget","1400.6730206306354","79891",""
"research","banana","figaro-block","26","346905","stopped","12000","event","0.045500263896358334","0.051875","0.025343615155203593","true","true","PrecisionReached","2032.309166066377","79891",""
"research","banana","figaro-block","26","346905","stopped","12000","x","0.0","0.005579503587825219","0.1078296971978117","true","true","PrecisionReached","2426.632536423732","79891",""
"research","banana","figaro-block","26","346905","stopped","12000","xSquared","1.0","1.0631396277373601","0.18535037382427005","true","true","PrecisionReached","1704.4509207258498","79891",""
"research","banana","figaro-block","26","346905","stopped","12000","y","0.0","0.03477570848929745","0.09344265202540694","true","true","PrecisionReached","1826.9262080925032","79891",""
"research","banana","figaro-block","26","346905","stopped","12000","ySquared","0.57","0.6022559144920344","0.18671013808479056","true","true","PrecisionReached","1400.6730206306354","79891",""
"research","banana","figaro-block","27","354824","fixed","12000","event","0.045500263896358334","0.04814583333333333","0.028608399010881247","true","true","FixedBudget","1486.0903463327375","80011",""
"research","banana","figaro-block","27","354824","fixed","12000","x","0.0","-0.01844905292634824","0.1291029371804652","true","true","FixedBudget","1661.9366183296622","80011",""
"research","banana","figaro-block","27","354824","fixed","12000","xSquared","1.0","1.0440591629137326","0.25101880394000714","true","false","FixedBudget","1009.3710537397351","80011","WidthTooLarge"
"research","banana","figaro-block","27","354824","fixed","12000","y","0.0","0.01908970931186127","0.11460195549015373","true","true","FixedBudget","1290.7054615520778","80011",""
"research","banana","figaro-block","27","354824","fixed","12000","ySquared","0.57","0.639080726275632","0.4294567287665999","true","false","FixedBudget","580.9688698578088","80011","WidthTooLarge"
"research","banana","figaro-block","27","354824","stopped","12000","event","0.045500263896358334","0.04814583333333333","0.028608399010881247","true","true","MaxDrawsReached","1486.0903463327375","80011",""
"research","banana","figaro-block","27","354824","stopped","12000","x","0.0","-0.01844905292634824","0.1291029371804652","true","true","MaxDrawsReached","1661.9366183296622","80011",""
"research","banana","figaro-block","27","354824","stopped","12000","xSquared","1.0","1.0440591629137326","0.25101880394000714","true","false","MaxDrawsReached","1009.3710537397351","80011","WidthTooLarge"
"research","banana","figaro-block","27","354824","stopped","12000","y","0.0","0.01908970931186127","0.11460195549015373","true","true","MaxDrawsReached","1290.7054615520778","80011",""
"research","banana","figaro-block","27","354824","stopped","12000","ySquared","0.57","0.639080726275632","0.4294567287665999","true","false","MaxDrawsReached","580.9688698578088","80011","WidthTooLarge"
"research","banana","figaro-block","28","362743","fixed","12000","event","0.045500263896358334","0.04349999999999998","0.020904237572245445","true","true","FixedBudget","2527.0204988718665","80146",""
"research","banana","figaro-block","28","362743","fixed","12000","x","0.0","-0.009665003249589521","0.10355088503576378","true","true","FixedBudget","2454.675204276997","80146",""
"research","banana","figaro-block","28","362743","fixed","12000","xSquared","1.0","0.991834867848933","0.15446049326978772","true","true","FixedBudget","2101.207217278381","80146",""
"research","banana","figaro-block","28","362743","fixed","12000","y","0.0","0.0014669298717151502","0.08103091722532642","true","true","FixedBudget","2171.3708719737765","80146",""
"research","banana","figaro-block","28","362743","fixed","12000","ySquared","0.57","0.537197593860474","0.1588605200691976","true","true","FixedBudget","1480.0948996864695","80146",""
"research","banana","figaro-block","28","362743","stopped","10000","event","0.045500263896358334","0.043200000000000016","0.022858738277927063","true","true","PrecisionReached","2099.449395823327","80146",""
"research","banana","figaro-block","28","362743","stopped","10000","x","0.0","-0.021766156572141426","0.1105107349232191","true","true","PrecisionReached","2146.5902842613696","80146",""
"research","banana","figaro-block","28","362743","stopped","10000","xSquared","1.0","0.9882375192607578","0.1656297468416883","true","true","PrecisionReached","1787.5678009602823","80146",""
"research","banana","figaro-block","28","362743","stopped","10000","y","0.0","-5.566348776451235E-4","0.08780393465339109","true","true","PrecisionReached","1834.6157960844725","80146",""
"research","banana","figaro-block","28","362743","stopped","10000","ySquared","0.57","0.5329277423965597","0.16209974180113315","true","true","PrecisionReached","1301.1442160767576","80146",""
"research","banana","figaro-block","29","370662","fixed","12000","event","0.045500263896358334","0.04127083333333333","0.01915007943447457","true","true","FixedBudget","2863.5265674411876","80075",""
"research","banana","figaro-block","29","370662","fixed","12000","x","0.0","0.00658607515535703","0.09747899333716889","true","true","FixedBudget","2709.628493209134","80075",""
"research","banana","figaro-block","29","370662","fixed","12000","xSquared","1.0","0.9701704467874346","0.1361427796272887","true","true","FixedBudget","2449.8378445093213","80075",""
"research","banana","figaro-block","29","370662","fixed","12000","y","0.0","-0.015495101523680666","0.07311507780705587","true","true","FixedBudget","2568.3449384051237","80075",""
"research","banana","figaro-block","29","370662","fixed","12000","ySquared","0.57","0.5175657877293722","0.1099080829650607","true","true","FixedBudget","2097.6145438005565","80075",""
"research","banana","figaro-block","29","370662","stopped","8000","event","0.045500263896358334","0.03771875","0.02248609838288911","true","true","PrecisionReached","1905.192331869108","80075",""
"research","banana","figaro-block","29","370662","stopped","8000","x","0.0","-0.011773848401466003","0.11720125954586491","true","true","PrecisionReached","1830.7249225144703","80075",""
"research","banana","figaro-block","29","370662","stopped","8000","xSquared","1.0","0.9476401742853258","0.15738769362788052","true","true","PrecisionReached","1729.3663798538244","80075",""
"research","banana","figaro-block","29","370662","stopped","8000","y","0.0","-0.027528963829653974","0.08643241932133885","true","true","PrecisionReached","1789.0567439131923","80075",""
"research","banana","figaro-block","29","370662","stopped","8000","ySquared","0.57","0.5043393030480061","0.13071185981164085","false","true","PrecisionReached","1382.1880068553692","80075",""
"research","banana","mess-1","0","141011","fixed","12000","event","0.045500263896358334","0.04647916666666667","0.02295433857227593","true","true","FixedBudget","2232.3493046338276","107514",""
"research","banana","mess-1","0","141011","fixed","12000","x","0.0","-0.010954221208929527","0.07287407410330145","true","true","FixedBudget","5050.9978880475865","107514",""
"research","banana","mess-1","0","141011","fixed","12000","xSquared","1.0","1.0108149277827172","0.1593614883821301","true","true","FixedBudget","2103.5299210037906","107514",""
"research","banana","mess-1","0","141011","fixed","12000","y","0.0","0.005949838824556575","0.06990283385846262","true","true","FixedBudget","3116.48461950466","107514",""
"research","banana","mess-1","0","141011","fixed","12000","ySquared","0.57","0.5738232591691163","0.18333635731270048","true","true","FixedBudget","1191.9318128481862","107514",""
"research","banana","mess-1","0","141011","stopped","2000","event","0.045500263896358334","0.025375","0.02034837599862955","false","true","PrecisionReached","1585.376918203298","107514",""
"research","banana","mess-1","0","141011","stopped","2000","x","0.0","-0.03890260729595929","0.09886133941484715","true","true","PrecisionReached","2346.0678666074737","107514",""
"research","banana","mess-1","0","141011","stopped","2000","xSquared","1.0","0.8653768854719261","0.13799861601624017","false","true","PrecisionReached","1730.2797730881282","107514",""
"research","banana","mess-1","0","141011","stopped","2000","y","0.0","-0.05715388849110492","0.06662847575304587","false","true","PrecisionReached","2580.782423021358","107514",""
"research","banana","mess-1","0","141011","stopped","2000","ySquared","0.57","0.4349075845737804","0.08784272044416358","false","true","PrecisionReached","1603.7167547172796","107514",""
"research","banana","mess-1","1","148930","fixed","12000","event","0.045500263896358334","0.0478125","0.02080125125646704","true","true","FixedBudget","2792.46801312389","108299",""
"research","banana","mess-1","1","148930","fixed","12000","x","0.0","-0.012875726952094824","0.06674485133990467","true","true","FixedBudget","5937.938118578035","108299",""
"research","banana","mess-1","1","148930","fixed","12000","xSquared","1.0","0.9968739336323926","0.14481042769154298","true","true","FixedBudget","2402.0268995402616","108299",""
"research","banana","mess-1","1","148930","fixed","12000","y","0.0","2.2686389933157525E-4","0.06530414688986738","true","true","FixedBudget","3482.6616724210703","108299",""
"research","banana","mess-1","1","148930","fixed","12000","ySquared","0.57","0.559615388927337","0.16961143935935757","true","true","FixedBudget","1273.001919825458","108299",""
"research","banana","mess-1","1","148930","stopped","8000","event","0.045500263896358334","0.0449375","0.021651196566999948","true","true","PrecisionReached","2429.8788303484357","108299",""
"research","banana","mess-1","1","148930","stopped","8000","x","0.0","0.002864684818192742","0.07132632379648676","true","true","PrecisionReached","5099.926624140989","108299",""
"research","banana","mess-1","1","148930","stopped","8000","xSquared","1.0","0.9775962625329265","0.138445984253703","true","true","PrecisionReached","2407.0820886760794","108299",""
"research","banana","mess-1","1","148930","stopped","8000","y","0.0","-0.006946309319409316","0.06386963782000767","true","true","PrecisionReached","3487.242590674047","108299",""
"research","banana","mess-1","1","148930","stopped","8000","ySquared","0.57","0.5360464678259707","0.141347962560285","true","true","PrecisionReached","1432.3902498949303","108299",""
"research","banana","mess-1","2","156849","fixed","12000","event","0.045500263896358334","0.03964583333333333","0.019973471522350964","true","true","FixedBudget","2532.940947598176","107122",""
"research","banana","mess-1","2","156849","fixed","12000","x","0.0","0.0037970908900532008","0.06208145321890504","true","true","FixedBudget","6636.781471821198","107122",""
"research","banana","mess-1","2","156849","fixed","12000","xSquared","1.0","0.9637947700993439","0.13627694265892645","true","true","FixedBudget","2497.644200242303","107122",""
"research","banana","mess-1","2","156849","fixed","12000","y","0.0","-0.018593051146636147","0.05917634372223315","true","true","FixedBudget","3967.0228383781237","107122",""
"research","banana","mess-1","2","156849","fixed","12000","ySquared","0.57","0.5237746754382562","0.14491343566178397","true","true","FixedBudget","1385.884412669036","107122",""
"research","banana","mess-1","2","156849","stopped","12000","event","0.045500263896358334","0.03964583333333333","0.019973471522350964","true","true","PrecisionReached","2532.940947598176","107122",""
"research","banana","mess-1","2","156849","stopped","12000","x","0.0","0.0037970908900532008","0.06208145321890504","true","true","PrecisionReached","6636.781471821198","107122",""
"research","banana","mess-1","2","156849","stopped","12000","xSquared","1.0","0.9637947700993439","0.13627694265892645","true","true","PrecisionReached","2497.644200242303","107122",""
"research","banana","mess-1","2","156849","stopped","12000","y","0.0","-0.018593051146636147","0.05917634372223315","true","true","PrecisionReached","3967.0228383781237","107122",""
"research","banana","mess-1","2","156849","stopped","12000","ySquared","0.57","0.5237746754382562","0.14491343566178397","true","true","PrecisionReached","1385.884412669036","107122",""
"research","banana","mess-1","3","164768","fixed","12000","event","0.045500263896358334","0.04047916666666666","0.015983869399169424","true","true","FixedBudget","4034.8307830593117","106804",""
"research","banana","mess-1","3","164768","fixed","12000","x","0.0","-7.020928385298615E-4","0.056047285526971115","true","true","FixedBudget","7998.916755176098","106804",""
"research","banana","mess-1","3","164768","fixed","12000","xSquared","1.0","0.9467544876320375","0.10137748908268578","false","true","FixedBudget","4262.239691571624","106804",""
"research","banana","mess-1","3","164768","fixed","12000","y","0.0","-0.024106673961881972","0.04590954575268988","false","true","FixedBudget","6419.600623357721","106804",""
"research","banana","mess-1","3","164768","fixed","12000","ySquared","0.57","0.5103940119824933","0.08287894065133887","false","true","FixedBudget","3280.7109531722617","106804",""
"research","banana","mess-1","3","164768","stopped","6000","event","0.045500263896358334","0.03966666666666667","0.022253346853721226","true","true","PrecisionReached","2041.5935378818572","106804",""
"research","banana","mess-1","3","164768","stopped","6000","x","0.0","-0.015269750218197882","0.0775786666565753","true","true","PrecisionReached","4200.35041727499","106804",""
"research","banana","mess-1","3","164768","stopped","6000","xSquared","1.0","0.9527176257356821","0.14071567470771779","true","true","PrecisionReached","2174.7765729300645","106804",""
"research","banana","mess-1","3","164768","stopped","6000","y","0.0","-0.022002529480887184","0.06465694016062552","true","true","PrecisionReached","3191.3594226175096","106804",""
"research","banana","mess-1","3","164768","stopped","6000","ySquared","0.57","0.5031666139058285","0.1178522778739887","false","true","PrecisionReached","1582.7694820510167","106804",""
"research","banana","mess-1","4","172687","fixed","12000","event","0.045500263896358334","0.03575","0.014893340334740148","false","true","FixedBudget","4124.626847307987","106157",""
"research","banana","mess-1","4","172687","fixed","12000","x","0.0","0.002629929004485887","0.05232512414502757","true","true","FixedBudget","9078.818449847426","106157",""
"research","banana","mess-1","4","172687","fixed","12000","xSquared","1.0","0.9365907734983646","0.09176891696410623","false","true","FixedBudget","4792.76107505389","106157",""
"research","banana","mess-1","4","172687","fixed","12000","y","0.0","-0.026059246279009476","0.04275320443192084","false","true","FixedBudget","6955.076169637663","106157",""
"research","banana","mess-1","4","172687","fixed","12000","ySquared","0.57","0.4796796597462518","0.07970496894688146","false","true","FixedBudget","2998.0638647081246","106157",""
"research","banana","mess-1","4","172687","stopped","2000","event","0.045500263896358334","0.028625","0.023428544353226232","false","true","PrecisionReached","1344.5911416267568","106157",""
"research","banana","mess-1","4","172687","stopped","2000","x","0.0","-0.003128454390654345","0.09745014737123006","true","true","PrecisionReached","2532.0120287359737","106157",""
"research","banana","mess-1","4","172687","stopped","2000","xSquared","1.0","0.8946726518094477","0.15524057417570442","false","true","PrecisionReached","1402.8158094115456","106157",""
"research","banana","mess-1","4","172687","stopped","2000","y","0.0","-0.049559614410387046","0.07262120117385555","false","true","PrecisionReached","2127.4019839169714","106157",""
"research","banana","mess-1","4","172687","stopped","2000","ySquared","0.57","0.4251519968216467","0.09049291613902072","false","true","PrecisionReached","1277.3914577630096","106157",""
"research","banana","mess-1","5","180606","fixed","12000","event","0.045500263896358334","0.0498125","0.028971136247268055","true","true","FixedBudget","1496.6484245543654","108550",""
"research","banana","mess-1","5","180606","fixed","12000","x","0.0","-0.015869011981255565","0.09186218964662242","true","true","FixedBudget","3217.208217995196","108550",""
"research","banana","mess-1","5","180606","fixed","12000","xSquared","1.0","1.023190403203033","0.21366501522899808","true","true","FixedBudget","1255.4079990465602","108550",""
"research","banana","mess-1","5","180606","fixed","12000","y","0.0","0.008473217399132094","0.09354215965794438","true","true","FixedBudget","1829.962788745799","108550",""
"research","banana","mess-1","5","180606","fixed","12000","ySquared","0.57","0.6034003013588788","0.2627340427018993","true","false","FixedBudget","706.1558481336649","108550","WidthTooLarge"
"research","banana","mess-1","5","180606","stopped","12000","event","0.045500263896358334","0.0498125","0.028971136247268055","true","true","MaxDrawsReached","1496.6484245543654","108550",""
"research","banana","mess-1","5","180606","stopped","12000","x","0.0","-0.015869011981255565","0.09186218964662242","true","true","MaxDrawsReached","3217.208217995196","108550",""
"research","banana","mess-1","5","180606","stopped","12000","xSquared","1.0","1.023190403203033","0.21366501522899808","true","true","MaxDrawsReached","1255.4079990465602","108550",""
"research","banana","mess-1","5","180606","stopped","12000","y","0.0","0.008473217399132094","0.09354215965794438","true","true","MaxDrawsReached","1829.962788745799","108550",""
"research","banana","mess-1","5","180606","stopped","12000","ySquared","0.57","0.6034003013588788","0.2627340427018993","true","false","MaxDrawsReached","706.1558481336649","108550","WidthTooLarge"
"research","banana","mess-1","6","188525","fixed","12000","event","0.045500263896358334","0.042958333333333334","0.017855805080601948","true","true","FixedBudget","3422.335602116802","106922",""
"research","banana","mess-1","6","188525","fixed","12000","x","0.0","0.02070021913080833","0.0578316256179863","true","true","FixedBudget","7629.04897951613","106922",""
"research","banana","mess-1","6","188525","fixed","12000","xSquared","1.0","0.9618149679113932","0.11304925422627785","true","true","FixedBudget","3614.9069361281977","106922",""
"research","banana","mess-1","6","188525","fixed","12000","y","0.0","-0.01633574322468919","0.05091102655754746","true","true","FixedBudget","5371.257197277024","106922",""
"research","banana","mess-1","6","188525","fixed","12000","ySquared","0.57","0.5248284120389216","0.1074585475302105","true","true","FixedBudget","2276.3932182809467","106922",""
"research","banana","mess-1","6","188525","stopped","6000","event","0.045500263896358334","0.040875","0.02292081248837826","true","true","PrecisionReached","1980.5472451930798","106922",""
"research","banana","mess-1","6","188525","stopped","6000","x","0.0","0.02552683451343052","0.07886808104951437","true","true","PrecisionReached","4113.295148294599","106922",""
"research","banana","mess-1","6","188525","stopped","6000","xSquared","1.0","0.9566272372543085","0.1419939631773642","true","true","PrecisionReached","2183.9422405844207","106922",""
"research","banana","mess-1","6","188525","stopped","6000","y","0.0","-0.018182013375188648","0.06555075398588703","true","true","PrecisionReached","3115.7794623318186","106922",""
"research","banana","mess-1","6","188525","stopped","6000","ySquared","0.57","0.5047709686199556","0.12540569675278654","false","true","PrecisionReached","1427.2251290283073","106922",""
"research","banana","mess-1","7","196444","fixed","12000","event","0.045500263896358334","0.04791666666666667","0.028024665855070522","true","true","FixedBudget","1541.643206681768","108445",""
"research","banana","mess-1","7","196444","fixed","12000","x","0.0","-0.002095178009250631","0.09227115638990563","true","true","FixedBudget","3175.3629480283635","108445",""
"research","banana","mess-1","7","196444","fixed","12000","xSquared","1.0","1.0186476156015467","0.23450110902673313","true","false","FixedBudget","1102.3478759200618","108445","WidthTooLarge"
"research","banana","mess-1","7","196444","fixed","12000","y","0.0","0.004538547827753814","0.09961441266146348","true","true","FixedBudget","1638.80922330033","108445",""
"research","banana","mess-1","7","196444","fixed","12000","ySquared","0.57","0.612751182515781","0.3462575417245271","true","false","FixedBudget","558.7571111050911","108445","WidthTooLarge"
"research","banana","mess-1","7","196444","stopped","12000","event","0.045500263896358334","0.04791666666666667","0.028024665855070522","true","true","MaxDrawsReached","1541.643206681768","108445",""
"research","banana","mess-1","7","196444","stopped","12000","x","0.0","-0.002095178009250631","0.09227115638990563","true","true","MaxDrawsReached","3175.3629480283635","108445",""
"research","banana","mess-1","7","196444","stopped","12000","xSquared","1.0","1.0186476156015467","0.23450110902673313","true","false","MaxDrawsReached","1102.3478759200618","108445","WidthTooLarge"
"research","banana","mess-1","7","196444","stopped","12000","y","0.0","0.004538547827753814","0.09961441266146348","true","true","MaxDrawsReached","1638.80922330033","108445",""
"research","banana","mess-1","7","196444","stopped","12000","ySquared","0.57","0.612751182515781","0.3462575417245271","true","false","MaxDrawsReached","558.7571111050911","108445","WidthTooLarge"
"research","banana","mess-1","8","204363","fixed","12000","event","0.045500263896358334","0.043791666666666666","0.01921078778188003","true","true","FixedBudget","3011.319580235291","108153",""
"research","banana","mess-1","8","204363","fixed","12000","x","0.0","0.022245287334619446","0.061612353655060195","true","true","FixedBudget","6960.006565703226","108153",""
"research","banana","mess-1","8","204363","fixed","12000","xSquared","1.0","0.9959966539576856","0.12157639261892056","true","true","FixedBudget","3239.8158467851363","108153",""
"research","banana","mess-1","8","204363","fixed","12000","y","0.0","8.148004973135281E-4","0.052731524445483416","true","true","FixedBudget","5028.107360568225","108153",""
"research","banana","mess-1","8","204363","fixed","12000","ySquared","0.57","0.526796092222847","0.11372804454477851","true","true","FixedBudget","2154.384814006787","108153",""
"research","banana","mess-1","8","204363","stopped","6000","event","0.045500263896358334","0.03816666666666667","0.02269297623038464","true","true","PrecisionReached","1891.966254127046","108153",""
"research","banana","mess-1","8","204363","stopped","6000","x","0.0","0.040829459934270784","0.07539324984962412","false","true","PrecisionReached","4488.652969706032","108153",""
"research","banana","mess-1","8","204363","stopped","6000","xSquared","1.0","0.9629886698777704","0.1423466414655073","true","true","PrecisionReached","2092.6172178023917","108153",""
"research","banana","mess-1","8","204363","stopped","6000","y","0.0","-0.015436103003695467","0.06423934976564606","true","true","PrecisionReached","3130.7630688241243","108153",""
"research","banana","mess-1","8","204363","stopped","6000","ySquared","0.57","0.48702668197639337","0.11539131709688107","false","true","PrecisionReached","1449.4410301944445","108153",""
"research","banana","mess-1","9","212282","fixed","12000","event","0.045500263896358334","0.04491666666666667","0.02480534780586526","true","true","FixedBudget","1850.3817752395119","106993",""
"research","banana","mess-1","9","212282","fixed","12000","x","0.0","0.013255161232064605","0.07938544275637482","true","true","FixedBudget","4161.732971675838","106993",""
"research","banana","mess-1","9","212282","fixed","12000","xSquared","1.0","0.9883936887269203","0.18242954038819237","true","true","FixedBudget","1566.0720836497887","106993",""
"research","banana","mess-1","9","212282","fixed","12000","y","0.0","-0.006613208322401878","0.0801262780805062","true","true","FixedBudget","2328.004383071739","106993",""
"research","banana","mess-1","9","212282","fixed","12000","ySquared","0.57","0.5632020940223896","0.23161285247639","true","false","FixedBudget","807.5233983134756","106993","WidthTooLarge"
"research","banana","mess-1","9","212282","stopped","12000","event","0.045500263896358334","0.04491666666666667","0.02480534780586526","true","true","MaxDrawsReached","1850.3817752395119","106993",""
"research","banana","mess-1","9","212282","stopped","12000","x","0.0","0.013255161232064605","0.07938544275637482","true","true","MaxDrawsReached","4161.732971675838","106993",""
"research","banana","mess-1","9","212282","stopped","12000","xSquared","1.0","0.9883936887269203","0.18242954038819237","true","true","MaxDrawsReached","1566.0720836497887","106993",""
"research","banana","mess-1","9","212282","stopped","12000","y","0.0","-0.006613208322401878","0.0801262780805062","true","true","MaxDrawsReached","2328.004383071739","106993",""
"research","banana","mess-1","9","212282","stopped","12000","ySquared","0.57","0.5632020940223896","0.23161285247639","true","false","MaxDrawsReached","807.5233983134756","106993","WidthTooLarge"
"research","banana","mess-1","10","220201","fixed","12000","event","0.045500263896358334","0.041354166666666664","0.020877587493476374","true","true","FixedBudget","2413.904232984296","107415",""
"research","banana","mess-1","10","220201","fixed","12000","x","0.0","0.0023091936197507934","0.06678486510658185","true","true","FixedBudget","5867.056842022648","107415",""
"research","banana","mess-1","10","220201","fixed","12000","xSquared","1.0","0.9859969065322853","0.1609965892030382","true","true","FixedBudget","1890.7226748018586","107415",""
"research","banana","mess-1","10","220201","fixed","12000","y","0.0","-0.005702545683828865","0.07063736510178542","true","true","FixedBudget","2882.4910347027208","107415",""
"research","banana","mess-1","10","220201","fixed","12000","ySquared","0.57","0.5419507338543058","0.20794420270299527","true","false","FixedBudget","815.4989602384579","107415","WidthTooLarge"
"research","banana","mess-1","10","220201","stopped","12000","event","0.045500263896358334","0.041354166666666664","0.020877587493476374","true","true","MaxDrawsReached","2413.904232984296","107415",""
"research","banana","mess-1","10","220201","stopped","12000","x","0.0","0.0023091936197507934","0.06678486510658185","true","true","MaxDrawsReached","5867.056842022648","107415",""
"research","banana","mess-1","10","220201","stopped","12000","xSquared","1.0","0.9859969065322853","0.1609965892030382","true","true","MaxDrawsReached","1890.7226748018586","107415",""
"research","banana","mess-1","10","220201","stopped","12000","y","0.0","-0.005702545683828865","0.07063736510178542","true","true","MaxDrawsReached","2882.4910347027208","107415",""
"research","banana","mess-1","10","220201","stopped","12000","ySquared","0.57","0.5419507338543058","0.20794420270299527","true","false","MaxDrawsReached","815.4989602384579","107415","WidthTooLarge"
"research","banana","mess-1","11","228120","fixed","12000","event","0.045500263896358334","0.04702083333333333","0.030591823718098352","true","true","FixedBudget","1270.7677673330477","107953",""
"research","banana","mess-1","11","228120","fixed","12000","x","0.0","0.015559238878426793","0.0990394843087914","true","true","FixedBudget","2771.164969922101","107953",""
"research","banana","mess-1","11","228120","fixed","12000","xSquared","1.0","1.0244212221568598","0.26702753384243316","true","false","FixedBudget","855.0234379072491","107953","WidthTooLarge"
"research","banana","mess-1","11","228120","fixed","12000","y","0.0","0.012477614680900917","0.1129905536282654","true","true","FixedBudget","1285.803147151659","107953",""
"research","banana","mess-1","11","228120","fixed","12000","ySquared","0.57","0.618678271518188","0.40537785591287284","true","false","FixedBudget","448.36434100323385","107953","WidthTooLarge"
"research","banana","mess-1","11","228120","stopped","12000","event","0.045500263896358334","0.04702083333333333","0.030591823718098352","true","true","MaxDrawsReached","1270.7677673330477","107953",""
"research","banana","mess-1","11","228120","stopped","12000","x","0.0","0.015559238878426793","0.0990394843087914","true","true","MaxDrawsReached","2771.164969922101","107953",""
"research","banana","mess-1","11","228120","stopped","12000","xSquared","1.0","1.0244212221568598","0.26702753384243316","true","false","MaxDrawsReached","855.0234379072491","107953","WidthTooLarge"
"research","banana","mess-1","11","228120","stopped","12000","y","0.0","0.012477614680900917","0.1129905536282654","true","true","MaxDrawsReached","1285.803147151659","107953",""
"research","banana","mess-1","11","228120","stopped","12000","ySquared","0.57","0.618678271518188","0.40537785591287284","true","false","MaxDrawsReached","448.36434100323385","107953","WidthTooLarge"
"research","banana","mess-1","12","236039","fixed","12000","event","0.045500263896358334","0.0458125","0.028478815434987034","true","true","FixedBudget","1430.4644568429383","108157",""
"research","banana","mess-1","12","236039","fixed","12000","x","0.0","-0.010267015631081566","0.0860149372307241","true","true","FixedBudget","3615.7817970460455","108157",""
"research","banana","mess-1","12","236039","fixed","12000","xSquared","1.0","1.0080734682727968","0.225954651199236","true","false","FixedBudget","1055.4999225765443","108157","WidthTooLarge"
"research","banana","mess-1","12","236039","fixed","12000","y","0.0","0.001231672691383634","0.09872090456970041","true","true","FixedBudget","1584.2821720844786","108157",""
"research","banana","mess-1","12","236039","fixed","12000","ySquared","0.57","0.5817665159016763","0.3076132503959915","true","false","FixedBudget","471.67313299938576","108157","WidthTooLarge"
"research","banana","mess-1","12","236039","stopped","4000","event","0.045500263896358334","0.036125","0.023240093847335684","true","true","PrecisionReached","1711.094958421753","108157",""
"research","banana","mess-1","12","236039","stopped","4000","x","0.0","-0.017817390955049195","0.0887203718276185","true","true","PrecisionReached","3180.5517533062866","108157",""
"research","banana","mess-1","12","236039","stopped","4000","xSquared","1.0","0.943569771776471","0.15474353167983484","true","true","PrecisionReached","1723.2305742434482","108157",""
"research","banana","mess-1","12","236039","stopped","4000","y","0.0","-0.024357106722145458","0.06956059077226702","true","true","PrecisionReached","2718.2711254309947","108157",""
"research","banana","mess-1","12","236039","stopped","4000","ySquared","0.57","0.49615527286096944","0.12172751330604867","false","true","PrecisionReached","1258.2947173050966","108157",""
"research","banana","mess-1","13","243958","fixed","12000","event","0.045500263896358334","0.03772916666666667","0.015856789306327917","true","true","FixedBudget","3832.191669550613","106474",""
"research","banana","mess-1","13","243958","fixed","12000","x","0.0","-0.009611658549671498","0.05341685341456272","true","true","FixedBudget","8721.005538178746","106474",""
"research","banana","mess-1","13","243958","fixed","12000","xSquared","1.0","0.9376974980137306","0.10331640417329725","false","true","FixedBudget","4021.0090810224715","106474",""
"research","banana","mess-1","13","243958","fixed","12000","y","0.0","-0.03304261276574294","0.04673952493402904","false","true","FixedBudget","6117.914455759862","106474",""
"research","banana","mess-1","13","243958","fixed","12000","ySquared","0.57","0.5046721806386223","0.11560888199035645","false","true","FixedBudget","1887.1164915098057","106474",""
"research","banana","mess-1","13","243958","stopped","4000","event","0.045500263896358334","0.037625","0.021455567206269555","true","true","PrecisionReached","2087.67137111855","106474",""
"research","banana","mess-1","13","243958","stopped","4000","x","0.0","-0.012791217969351565","0.08491176309144455","true","true","PrecisionReached","3457.9042593855697","106474",""
"research","banana","mess-1","13","243958","stopped","4000","xSquared","1.0","0.9395135012806317","0.13979635506988627","true","true","PrecisionReached","2111.3644808198064","106474",""
"research","banana","mess-1","13","243958","stopped","4000","y","0.0","-0.03732706986095846","0.0660008362567376","false","true","PrecisionReached","3025.29796691302","106474",""
"research","banana","mess-1","13","243958","stopped","4000","ySquared","0.57","0.49792358900073763","0.10664446721382315","false","true","PrecisionReached","1666.0390533247437","106474",""
"research","banana","mess-1","14","251877","fixed","12000","event","0.045500263896358334","0.04814583333333333","0.023553553913290178","true","true","FixedBudget","2192.398168796203","108249",""
"research","banana","mess-1","14","251877","fixed","12000","x","0.0","-0.013138341692749078","0.07297465214192826","true","true","FixedBudget","5091.869360624317","108249",""
"research","banana","mess-1","14","251877","fixed","12000","xSquared","1.0","1.021860212999119","0.15188168554632783","true","true","FixedBudget","2303.7428547554846","108249",""
"research","banana","mess-1","14","251877","fixed","12000","y","0.0","0.006131084837508315","0.06581406558673875","true","true","FixedBudget","3450.9734142726634","108249",""
"research","banana","mess-1","14","251877","fixed","12000","ySquared","0.57","0.5632547192953908","0.15441114423010602","true","true","FixedBudget","1430.8954334131704","108249",""
"research","banana","mess-1","14","251877","stopped","10000","event","0.045500263896358334","0.0464","0.02355942398485405","true","true","PrecisionReached","2115.728298800451","108249",""
"research","banana","mess-1","14","251877","stopped","10000","x","0.0","-0.005385413996766619","0.0741846550830361","true","true","PrecisionReached","4901.451270023796","108249",""
"research","banana","mess-1","14","251877","stopped","10000","xSquared","1.0","1.0163896587035295","0.15408102945629523","true","true","PrecisionReached","2190.2513046007916","108249",""
"research","banana","mess-1","14","251877","stopped","10000","y","0.0","0.003936452929034419","0.06737336717955358","true","true","PrecisionReached","3250.0050841831894","108249",""
"research","banana","mess-1","14","251877","stopped","10000","ySquared","0.57","0.5558628442897637","0.1562050344676725","true","true","PrecisionReached","1336.4057819904683","108249",""
"research","banana","mess-1","15","259796","fixed","12000","event","0.045500263896358334","0.0648125","0.09089311930935745","true","false","FixedBudget","194.71465945923435","110773","InvalidRHat|InsufficientBulkEss|InsufficientMeanEss|WidthTooLarge"
"research","banana","mess-1","15","259796","fixed","12000","x","0.0","-0.04684556709675125","0.353645942419465","true","false","FixedBudget","266.52811002748473","110773","InsufficientMeanEss|WidthTooLarge"
"research","banana","mess-1","15","259796","fixed","12000","xSquared","1.0","1.258158475618902","1.2526954039397529","true","false","FixedBudget","93.358106825616","110773","InsufficientMeanEss|WidthTooLarge"
"research","banana","mess-1","15","259796","fixed","12000","y","0.0","0.1064837162124404","0.5216115274819604","true","false","FixedBudget","113.83887312531645","110773","InsufficientMeanEss|WidthTooLarge"
"research","banana","mess-1","15","259796","fixed","12000","ySquared","0.57","1.1783680580688114","2.962635813363573","true","false","FixedBudget","69.35922077766092","110773","InsufficientMeanEss|WidthTooLarge"
"research","banana","mess-1","15","259796","stopped","4000","event","0.045500263896358334","0.0421875","0.02749713274903433","true","true","PrecisionReached","1418.4393301855098","110773",""
"research","banana","mess-1","15","259796","stopped","4000","x","0.0","0.030601320981565205","0.09816480181259415","true","true","PrecisionReached","2815.0294170267894","110773",""
"research","banana","mess-1","15","259796","stopped","4000","xSquared","1.0","0.9651363316338593","0.1696365802315121","true","true","PrecisionReached","1497.951614113229","110773",""
"research","banana","mess-1","15","259796","stopped","4000","y","0.0","-0.013689351405390737","0.07917554359666992","true","true","PrecisionReached","2135.983838538291","110773",""
"research","banana","mess-1","15","259796","stopped","4000","ySquared","0.57","0.5046846157838475","0.1162047936915095","false","true","PrecisionReached","1429.618150999573","110773",""
"research","banana","mess-1","16","267715","fixed","12000","event","0.045500263896358334","0.04541666666666667","0.02189286669612636","true","true","FixedBudget","2400.6399921579055","107796",""
"research","banana","mess-1","16","267715","fixed","12000","x","0.0","7.835554803720113E-4","0.06853784158335258","true","true","FixedBudget","5586.809404401608","107796",""
"research","banana","mess-1","16","267715","fixed","12000","xSquared","1.0","0.9888303177817013","0.1411141917904024","true","true","FixedBudget","2528.4000556658425","107796",""
"research","banana","mess-1","16","267715","fixed","12000","y","0.0","-0.004299427371627973","0.06270175840161485","true","true","FixedBudget","3755.943109834389","107796",""
"research","banana","mess-1","16","267715","fixed","12000","ySquared","0.57","0.5564032733631611","0.1365245584911091","true","true","FixedBudget","1706.0610477414205","107796",""
"research","banana","mess-1","16","267715","stopped","10000","event","0.045500263896358334","0.047025","0.025523616063989993","true","true","PrecisionReached","1825.706297181235","107796",""
"research","banana","mess-1","16","267715","stopped","10000","x","0.0","0.00804570551874273","0.07875804775379854","true","true","PrecisionReached","4283.452486381842","107796",""
"research","banana","mess-1","16","267715","stopped","10000","xSquared","1.0","1.001167889685275","0.16472675165876544","true","true","PrecisionReached","1918.909682935371","107796",""
"research","banana","mess-1","16","267715","stopped","10000","y","0.0","7.110849552204868E-4","0.07267442281625315","true","true","PrecisionReached","2856.506377791864","107796",""
"research","banana","mess-1","16","267715","stopped","10000","ySquared","0.57","0.5684519477822559","0.15956880497004944","true","true","PrecisionReached","1320.8645911824945","107796",""
"research","banana","mess-1","17","275634","fixed","12000","event","0.045500263896358334","0.0411875","0.018229925443048158","true","true","FixedBudget","3153.7882634167827","106791",""
"research","banana","mess-1","17","275634","fixed","12000","x","0.0","0.006219414613731267","0.05990065784679496","true","true","FixedBudget","7145.455784200403","106791",""
"research","banana","mess-1","17","275634","fixed","12000","xSquared","1.0","0.9660671420995055","0.1139547607243669","true","true","FixedBudget","3429.7619824284484","106791",""
"research","banana","mess-1","17","275634","fixed","12000","y","0.0","-0.009849548322345691","0.05215451437732481","true","true","FixedBudget","4959.274932553767","106791",""
"research","banana","mess-1","17","275634","fixed","12000","ySquared","0.57","0.5083720719662759","0.11031784655765808","false","true","FixedBudget","1965.521743418177","106791",""
"research","banana","mess-1","17","275634","stopped","4000","event","0.045500263896358334","0.03975","0.025067159837183526","true","true","PrecisionReached","1612.2503617920802","106791",""
"research","banana","mess-1","17","275634","stopped","4000","x","0.0","0.012719966808324601","0.08876913714328395","true","true","PrecisionReached","3201.2458063403037","106791",""
"research","banana","mess-1","17","275634","stopped","4000","xSquared","1.0","0.950595273930666","0.15162748385507066","true","true","PrecisionReached","1863.4774467392356","106791",""
"research","banana","mess-1","17","275634","stopped","4000","y","0.0","-0.019714056754186693","0.06798722943115029","true","true","PrecisionReached","2836.9086504880393","106791",""
"research","banana","mess-1","17","275634","stopped","4000","ySquared","0.57","0.49444756299089626","0.11883761934963426","false","true","PrecisionReached","1392.1835261094118","106791",""
"research","banana","mess-1","18","283553","fixed","12000","event","0.045500263896358334","0.0498125","0.026237324650500025","true","true","FixedBudget","1824.7852076125318","107662",""
"research","banana","mess-1","18","283553","fixed","12000","x","0.0","-0.009066898533168277","0.08071311291677845","true","true","FixedBudget","4126.97910956075","107662",""
"research","banana","mess-1","18","283553","fixed","12000","xSquared","1.0","1.0131004525922163","0.2038701241719363","true","true","FixedBudget","1344.9295026861575","107662",""
"research","banana","mess-1","18","283553","fixed","12000","y","0.0","0.009182130980757042","0.08832767300182985","true","true","FixedBudget","1999.2546507338334","107662",""
"research","banana","mess-1","18","283553","fixed","12000","ySquared","0.57","0.5877881060065504","0.28997104822664116","true","false","FixedBudget","618.8503090313135","107662","WidthTooLarge"
"research","banana","mess-1","18","283553","stopped","10000","event","0.045500263896358334","0.047025","0.02125840933363283","true","true","PrecisionReached","2631.8054956909345","107662",""
"research","banana","mess-1","18","283553","stopped","10000","x","0.0","0.0015553999829716059","0.06763315833767036","true","true","PrecisionReached","5700.846524742567","107662",""
"research","banana","mess-1","18","283553","stopped","10000","xSquared","1.0","0.9825501988593224","0.14378162310638795","true","true","PrecisionReached","2360.3159037496143","107662",""
"research","banana","mess-1","18","283553","stopped","10000","y","0.0","-0.003234638594944772","0.06424186751859634","true","true","PrecisionReached","3478.542937115407","107662",""
"research","banana","mess-1","18","283553","stopped","10000","ySquared","0.57","0.5409250274271532","0.14776573143207258","true","true","PrecisionReached","1347.8683928768787","107662",""
"research","banana","mess-1","19","291472","fixed","12000","event","0.045500263896358334","0.05591666666666667","0.03768519392491028","true","false","FixedBudget","986.5368097793676","109040","WidthTooLarge"
"research","banana","mess-1","19","291472","fixed","12000","x","0.0","-6.460378633862396E-4","0.12295672414008683","true","true","FixedBudget","1920.9198002670805","109040",""
"research","banana","mess-1","19","291472","fixed","12000","xSquared","1.0","1.0942354195013175","0.34922897494989597","true","false","FixedBudget","627.7053889625529","109040","WidthTooLarge"
"research","banana","mess-1","19","291472","fixed","12000","y","0.0","0.03600915320210851","0.14690238203158698","true","false","FixedBudget","883.2106404568441","109040","WidthTooLarge"
"research","banana","mess-1","19","291472","fixed","12000","ySquared","0.57","0.7194526208596077","0.5726231241740933","true","false","FixedBudget","357.94229476646143","109040","InsufficientMeanEss|WidthTooLarge"
"research","banana","mess-1","19","291472","stopped","12000","event","0.045500263896358334","0.05591666666666667","0.03768519392491028","true","false","MaxDrawsReached","986.5368097793676","109040","WidthTooLarge"
"research","banana","mess-1","19","291472","stopped","12000","x","0.0","-6.460378633862396E-4","0.12295672414008683","true","true","MaxDrawsReached","1920.9198002670805","109040",""
"research","banana","mess-1","19","291472","stopped","12000","xSquared","1.0","1.0942354195013175","0.34922897494989597","true","false","MaxDrawsReached","627.7053889625529","109040","WidthTooLarge"
"research","banana","mess-1","19","291472","stopped","12000","y","0.0","0.03600915320210851","0.14690238203158698","true","false","MaxDrawsReached","883.2106404568441","109040","WidthTooLarge"
"research","banana","mess-1","19","291472","stopped","12000","ySquared","0.57","0.7194526208596077","0.5726231241740933","true","false","MaxDrawsReached","357.94229476646143","109040","InsufficientMeanEss|WidthTooLarge"
"research","banana","mess-1","20","299391","fixed","12000","event","0.045500263896358334","0.04825","0.028092544765705035","true","true","FixedBudget","1544.3340192392034","108800",""
"research","banana","mess-1","20","299391","fixed","12000","x","0.0","-0.015361241929758851","0.08863242632590389","true","true","FixedBudget","3498.716745449824","108800",""
"research","banana","mess-1","20","299391","fixed","12000","xSquared","1.0","1.035833154359738","0.20709310671384973","true","true","FixedBudget","1282.2394605951795","108800",""
"research","banana","mess-1","20","299391","fixed","12000","y","0.0","0.014144240049363987","0.09087299428358783","true","true","FixedBudget","1872.3946382332133","108800",""
"research","banana","mess-1","20","299391","fixed","12000","ySquared","0.57","0.582791188214326","0.2637057006997898","true","false","FixedBudget","616.3803664412935","108800","WidthTooLarge"
"research","banana","mess-1","20","299391","stopped","12000","event","0.045500263896358334","0.04825","0.028092544765705035","true","true","MaxDrawsReached","1544.3340192392034","108800",""
"research","banana","mess-1","20","299391","stopped","12000","x","0.0","-0.015361241929758851","0.08863242632590389","true","true","MaxDrawsReached","3498.716745449824","108800",""
"research","banana","mess-1","20","299391","stopped","12000","xSquared","1.0","1.035833154359738","0.20709310671384973","true","true","MaxDrawsReached","1282.2394605951795","108800",""
"research","banana","mess-1","20","299391","stopped","12000","y","0.0","0.014144240049363987","0.09087299428358783","true","true","MaxDrawsReached","1872.3946382332133","108800",""
"research","banana","mess-1","20","299391","stopped","12000","ySquared","0.57","0.582791188214326","0.2637057006997898","true","false","MaxDrawsReached","616.3803664412935","108800","WidthTooLarge"
"research","banana","mess-1","21","307310","fixed","12000","event","0.045500263896358334","0.04791666666666667","0.03789620528249371","true","false","FixedBudget","843.0887828912013","107715","WidthTooLarge"
"research","banana","mess-1","21","307310","fixed","12000","x","0.0","0.021429143228112624","0.13151538271109076","true","true","FixedBudget","1602.9560445476056","107715",""
"research","banana","mess-1","21","307310","fixed","12000","xSquared","1.0","1.0451109225689266","0.3985871319019195","true","false","FixedBudget","416.1670727686381","107715","WidthTooLarge"
"research","banana","mess-1","21","307310","fixed","12000","y","0.0","0.019807528696981436","0.17140652785125066","true","false","FixedBudget","592.5794493687761","107715","WidthTooLarge"
"research","banana","mess-1","21","307310","fixed","12000","ySquared","0.57","0.6563836732965832","0.7744668660422285","true","false","FixedBudget","197.23432199295917","107715","InsufficientMeanEss|WidthTooLarge"
"research","banana","mess-1","21","307310","stopped","6000","event","0.045500263896358334","0.041791666666666664","0.027515379945880474","true","true","PrecisionReached","1403.818149625136","107715",""
"research","banana","mess-1","21","307310","stopped","6000","x","0.0","0.0014495219075253418","0.08187356397873184","true","true","PrecisionReached","3832.856439015616","107715",""
"research","banana","mess-1","21","307310","stopped","6000","xSquared","1.0","0.9680518975205564","0.1667334981574271","true","true","PrecisionReached","1590.9949367232","107715",""
"research","banana","mess-1","21","307310","stopped","6000","y","0.0","-0.011625369522394458","0.07283054315119919","true","true","PrecisionReached","2549.7216152148235","107715",""
"research","banana","mess-1","21","307310","stopped","6000","ySquared","0.57","0.5097095669171456","0.13580765133771566","true","true","PrecisionReached","1220.0644527865697","107715",""
"research","banana","mess-1","22","315229","fixed","12000","event","0.045500263896358334","0.052020833333333336","0.026154128084671293","true","true","FixedBudget","1913.3693110658369","107403",""
"research","banana","mess-1","22","315229","fixed","12000","x","0.0","-0.017377021036821705","0.08319603206240178","true","true","FixedBudget","3961.10525830772","107403",""
"research","banana","mess-1","22","315229","fixed","12000","xSquared","1.0","1.0333449909983328","0.18871792326805062","true","true","FixedBudget","1591.2505714458355","107403",""
"research","banana","mess-1","22","315229","fixed","12000","y","0.0","0.018194598791100636","0.08218797598885264","true","true","FixedBudget","2368.8267628247795","107403",""
"research","banana","mess-1","22","315229","fixed","12000","ySquared","0.57","0.6032329724334897","0.22684461218125265","true","false","FixedBudget","896.7852268187893","107403","WidthTooLarge"
"research","banana","mess-1","22","315229","stopped","12000","event","0.045500263896358334","0.052020833333333336","0.026154128084671293","true","true","MaxDrawsReached","1913.3693110658369","107403",""
"research","banana","mess-1","22","315229","stopped","12000","x","0.0","-0.017377021036821705","0.08319603206240178","true","true","MaxDrawsReached","3961.10525830772","107403",""
"research","banana","mess-1","22","315229","stopped","12000","xSquared","1.0","1.0333449909983328","0.18871792326805062","true","true","MaxDrawsReached","1591.2505714458355","107403",""
"research","banana","mess-1","22","315229","stopped","12000","y","0.0","0.018194598791100636","0.08218797598885264","true","true","MaxDrawsReached","2368.8267628247795","107403",""
"research","banana","mess-1","22","315229","stopped","12000","ySquared","0.57","0.6032329724334897","0.22684461218125265","true","false","MaxDrawsReached","896.7852268187893","107403","WidthTooLarge"
"research","banana","mess-1","23","323148","fixed","12000","event","0.045500263896358334","0.0418125","0.02408061122465233","true","true","FixedBudget","1833.6853789839533","108269",""
"research","banana","mess-1","23","323148","fixed","12000","x","0.0","0.023725423478464902","0.07587232158462406","true","true","FixedBudget","4528.262568606593","108269",""
"research","banana","mess-1","23","323148","fixed","12000","xSquared","1.0","0.9827520834231414","0.20493096732589416","true","true","FixedBudget","1265.992330216965","108269",""
"research","banana","mess-1","23","323148","fixed","12000","y","0.0","-0.008065990427257197","0.09016766134914424","true","true","FixedBudget","1868.202317828547","108269",""
"research","banana","mess-1","23","323148","fixed","12000","ySquared","0.57","0.5723631805226138","0.30033286602849035","true","false","FixedBudget","593.6213168551072","108269","WidthTooLarge"
"research","banana","mess-1","23","323148","stopped","10000","event","0.045500263896358334","0.0413","0.020764714387237666","true","true","PrecisionReached","2437.1702224234427","108269",""
"research","banana","mess-1","23","323148","stopped","10000","x","0.0","0.017252716257981582","0.06596550314217693","true","true","PrecisionReached","5906.926830577694","108269",""
"research","banana","mess-1","23","323148","stopped","10000","xSquared","1.0","0.9687769544724588","0.1434680238243537","true","true","PrecisionReached","2299.0600865746414","108269",""
"research","banana","mess-1","23","323148","stopped","10000","y","0.0","-0.014413858948255864","0.0655809511537598","true","true","PrecisionReached","3309.8957334284305","108269",""
"research","banana","mess-1","23","323148","stopped","10000","ySquared","0.57","0.5365780660358165","0.16773913279446565","true","true","PrecisionReached","1218.4572507486885","108269",""
"research","banana","mess-1","24","331067","fixed","12000","event","0.045500263896358334","0.044041666666666666","0.020978452095528323","true","true","FixedBudget","2538.978518926933","107099",""
"research","banana","mess-1","24","331067","fixed","12000","x","0.0","0.007718184881640555","0.06822425399034694","true","true","FixedBudget","5660.404259464105","107099",""
"research","banana","mess-1","24","331067","fixed","12000","xSquared","1.0","0.992768301718546","0.1405970222150606","true","true","FixedBudget","2468.4598842555033","107099",""
"research","banana","mess-1","24","331067","fixed","12000","y","0.0","-0.002111757805059511","0.06286911359603178","true","true","FixedBudget","3657.405424221397","107099",""
"research","banana","mess-1","24","331067","fixed","12000","ySquared","0.57","0.5446884125045491","0.16716694274291766","true","true","FixedBudget","1252.3727287544027","107099",""
"research","banana","mess-1","24","331067","stopped","12000","event","0.045500263896358334","0.044041666666666666","0.020978452095528323","true","true","PrecisionReached","2538.978518926933","107099",""
"research","banana","mess-1","24","331067","stopped","12000","x","0.0","0.007718184881640555","0.06822425399034694","true","true","PrecisionReached","5660.404259464105","107099",""
"research","banana","mess-1","24","331067","stopped","12000","xSquared","1.0","0.992768301718546","0.1405970222150606","true","true","PrecisionReached","2468.4598842555033","107099",""
"research","banana","mess-1","24","331067","stopped","12000","y","0.0","-0.002111757805059511","0.06286911359603178","true","true","PrecisionReached","3657.405424221397","107099",""
"research","banana","mess-1","24","331067","stopped","12000","ySquared","0.57","0.5446884125045491","0.16716694274291766","true","true","PrecisionReached","1252.3727287544027","107099",""
"research","banana","mess-1","25","338986","fixed","12000","event","0.045500263896358334","0.04410416666666672","0.024640951943437205","true","true","FixedBudget","1842.800935812184","107319",""
"research","banana","mess-1","25","338986","fixed","12000","x","0.0","-0.01354234044117364","0.07689272224778845","true","true","FixedBudget","4460.323620161285","107319",""
"research","banana","mess-1","25","338986","fixed","12000","xSquared","1.0","0.9938338712032535","0.1973341645739941","true","true","FixedBudget","1356.3278066211974","107319",""
"research","banana","mess-1","25","338986","fixed","12000","y","0.0","0.0014113393614467173","0.08455142029963349","true","true","FixedBudget","2099.9531339746513","107319",""
"research","banana","mess-1","25","338986","fixed","12000","ySquared","0.57","0.5656525482393033","0.2694333957116277","true","false","FixedBudget","641.6836054499615","107319","WidthTooLarge"
"research","banana","mess-1","25","338986","stopped","6000","event","0.045500263896358334","0.04512499999999997","0.025922886954669364","true","true","PrecisionReached","1701.80287286909","107319",""
"research","banana","mess-1","25","338986","stopped","6000","x","0.0","-0.0040761486390934465","0.08240838992404008","true","true","PrecisionReached","3851.5602442155964","107319",""
"research","banana","mess-1","25","338986","stopped","6000","xSquared","1.0","0.9855408465624964","0.1685804338547909","true","true","PrecisionReached","1736.2317395727832","107319",""
"research","banana","mess-1","25","338986","stopped","6000","y","0.0","0.0017464795679391631","0.07450623612949087","true","true","PrecisionReached","2580.003276760929","107319",""
"research","banana","mess-1","25","338986","stopped","6000","ySquared","0.57","0.5396295391851451","0.1545595791279078","true","true","PrecisionReached","1295.5813992599","107319",""
"research","banana","mess-1","26","346905","fixed","12000","event","0.045500263896358334","0.04127083333333333","0.019081661765158835","true","true","FixedBudget","2884.0978411763926","107895",""
"research","banana","mess-1","26","346905","fixed","12000","x","0.0","-0.004208045635899937","0.06181495892036054","true","true","FixedBudget","6693.822704103795","107895",""
"research","banana","mess-1","26","346905","fixed","12000","xSquared","1.0","0.9637539175512504","0.12016893146967934","true","true","FixedBudget","3143.7856882913957","107895",""
"research","banana","mess-1","26","346905","fixed","12000","y","0.0","-0.01918790262027409","0.054752784627652804","true","true","FixedBudget","4512.98599648796","107895",""
"research","banana","mess-1","26","346905","fixed","12000","ySquared","0.57","0.5101369277987508","0.11452326067809436","false","true","FixedBudget","1924.1076612073189","107895",""
"research","banana","mess-1","26","346905","stopped","10000","event","0.045500263896358334","0.0439","0.022144219965265503","true","true","PrecisionReached","2271.70572685366","107895",""
"research","banana","mess-1","26","346905","stopped","10000","x","0.0","-0.00424780362216115","0.07105490333374395","true","true","PrecisionReached","5131.181373129499","107895",""
"research","banana","mess-1","26","346905","stopped","10000","xSquared","1.0","0.9761318690478376","0.13934511496222485","true","true","PrecisionReached","2449.024930924276","107895",""
"research","banana","mess-1","26","346905","stopped","10000","y","0.0","-0.013433804933025595","0.06366008515061825","true","true","PrecisionReached","3453.8433979784695","107895",""
"research","banana","mess-1","26","346905","stopped","10000","ySquared","0.57","0.5275706781894314","0.13496288280402216","true","true","PrecisionReached","1528.915667524204","107895",""
"research","banana","mess-1","27","354824","fixed","12000","event","0.045500263896358334","0.05404166666666667","0.047363716714359495","true","false","FixedBudget","604.8008465450296","108586","WidthTooLarge"
"research","banana","mess-1","27","354824","fixed","12000","x","0.0","0.028159904074475772","0.1667716901058989","true","false","FixedBudget","1047.200268286687","108586","WidthTooLarge"
"research","banana","mess-1","27","354824","fixed","12000","xSquared","1.0","1.0982087747379246","0.5638861215179388","true","false","FixedBudget","260.08995933578177","108586","InsufficientMeanEss|WidthTooLarge"
"research","banana","mess-1","27","354824","fixed","12000","y","0.0","0.04062739220584488","0.2420454598286278","true","false","FixedBudget","352.20406450408296","108586","InsufficientMeanEss|WidthTooLarge"
"research","banana","mess-1","27","354824","fixed","12000","ySquared","0.57","0.7791231031283038","1.2166139718903288","true","false","FixedBudget","141.6838818061501","108586","InsufficientMeanEss|WidthTooLarge"
"research","banana","mess-1","27","354824","stopped","12000","event","0.045500263896358334","0.05404166666666667","0.047363716714359495","true","false","MaxDrawsReached","604.8008465450296","108586","WidthTooLarge"
"research","banana","mess-1","27","354824","stopped","12000","x","0.0","0.028159904074475772","0.1667716901058989","true","false","MaxDrawsReached","1047.200268286687","108586","WidthTooLarge"
"research","banana","mess-1","27","354824","stopped","12000","xSquared","1.0","1.0982087747379246","0.5638861215179388","true","false","MaxDrawsReached","260.08995933578177","108586","InsufficientMeanEss|WidthTooLarge"
"research","banana","mess-1","27","354824","stopped","12000","y","0.0","0.04062739220584488","0.2420454598286278","true","false","MaxDrawsReached","352.20406450408296","108586","InsufficientMeanEss|WidthTooLarge"
"research","banana","mess-1","27","354824","stopped","12000","ySquared","0.57","0.7791231031283038","1.2166139718903288","true","false","MaxDrawsReached","141.6838818061501","108586","InsufficientMeanEss|WidthTooLarge"
"research","banana","mess-1","28","362743","fixed","12000","event","0.045500263896358334","0.04585416666666667","0.022304086206248817","true","true","FixedBudget","2334.1453237334676","107333",""
"research","banana","mess-1","28","362743","fixed","12000","x","0.0","0.017684329534656484","0.07546179522735699","true","true","FixedBudget","4659.497520061907","107333",""
"research","banana","mess-1","28","362743","fixed","12000","xSquared","1.0","1.0000598334684039","0.1648539905680336","true","true","FixedBudget","1936.5204302139211","107333",""
"research","banana","mess-1","28","362743","fixed","12000","y","0.0","-0.004135778813970037","0.07285541920937659","true","true","FixedBudget","2833.8249784124873","107333",""
"research","banana","mess-1","28","362743","fixed","12000","ySquared","0.57","0.5667697404355462","0.21090046878880925","true","false","FixedBudget","1006.6423703673757","107333","WidthTooLarge"
"research","banana","mess-1","28","362743","stopped","12000","event","0.045500263896358334","0.04585416666666667","0.022304086206248817","true","true","MaxDrawsReached","2334.1453237334676","107333",""
"research","banana","mess-1","28","362743","stopped","12000","x","0.0","0.017684329534656484","0.07546179522735699","true","true","MaxDrawsReached","4659.497520061907","107333",""
"research","banana","mess-1","28","362743","stopped","12000","xSquared","1.0","1.0000598334684039","0.1648539905680336","true","true","MaxDrawsReached","1936.5204302139211","107333",""
"research","banana","mess-1","28","362743","stopped","12000","y","0.0","-0.004135778813970037","0.07285541920937659","true","true","MaxDrawsReached","2833.8249784124873","107333",""
"research","banana","mess-1","28","362743","stopped","12000","ySquared","0.57","0.5667697404355462","0.21090046878880925","true","false","MaxDrawsReached","1006.6423703673757","107333","WidthTooLarge"
"research","banana","mess-1","29","370662","fixed","12000","event","0.045500263896358334","0.042895833333333334","0.022929406147649007","true","true","FixedBudget","2072.487407740639","107817",""
"research","banana","mess-1","29","370662","fixed","12000","x","0.0","9.148476599993849E-4","0.07348306592476495","true","true","FixedBudget","4767.555248559848","107817",""
"research","banana","mess-1","29","370662","fixed","12000","xSquared","1.0","0.9699904242757251","0.17348591181078013","true","true","FixedBudget","1698.5933307150517","107817",""
"research","banana","mess-1","29","370662","fixed","12000","y","0.0","-0.01296193014276159","0.07585215723897469","true","true","FixedBudget","2576.858758841888","107817",""
"research","banana","mess-1","29","370662","fixed","12000","ySquared","0.57","0.5587967703984911","0.221541640672779","true","false","FixedBudget","851.9857183328918","107817","WidthTooLarge"
"research","banana","mess-1","29","370662","stopped","12000","event","0.045500263896358334","0.042895833333333334","0.022929406147649007","true","true","MaxDrawsReached","2072.487407740639","107817",""
"research","banana","mess-1","29","370662","stopped","12000","x","0.0","9.148476599993849E-4","0.07348306592476495","true","true","MaxDrawsReached","4767.555248559848","107817",""
"research","banana","mess-1","29","370662","stopped","12000","xSquared","1.0","0.9699904242757251","0.17348591181078013","true","true","MaxDrawsReached","1698.5933307150517","107817",""
"research","banana","mess-1","29","370662","stopped","12000","y","0.0","-0.01296193014276159","0.07585215723897469","true","true","MaxDrawsReached","2576.858758841888","107817",""
"research","banana","mess-1","29","370662","stopped","12000","ySquared","0.57","0.5587967703984911","0.221541640672779","true","false","MaxDrawsReached","851.9857183328918","107817","WidthTooLarge"
"research","banana","mess-4","0","141011","fixed","12000","event","0.045500263896358334","0.053875","0.04958573125032131","true","false","FixedBudget","550.2062955053474","259224","WidthTooLarge"
"research","banana","mess-4","0","141011","fixed","12000","x","0.0","-0.06045691602221537","0.15613811164579727","true","false","FixedBudget","1162.1521011405082","259224","WidthTooLarge"
"research","banana","mess-4","0","141011","fixed","12000","xSquared","1.0","1.0711789675777126","0.4686630997764145","true","false","FixedBudget","328.3826796379114","259224","InsufficientMeanEss|WidthTooLarge"
"research","banana","mess-4","0","141011","fixed","12000","y","0.0","0.030175504339670978","0.19578455555024546","true","false","FixedBudget","483.0246913742812","259224","WidthTooLarge"
"research","banana","mess-4","0","141011","fixed","12000","ySquared","0.57","0.6985370980836594","0.7505429459589833","true","false","FixedBudget","182.49823855690863","259224","InsufficientMeanEss|WidthTooLarge"
"research","banana","mess-4","0","141011","stopped","12000","event","0.045500263896358334","0.053875","0.04958573125032131","true","false","MaxDrawsReached","550.2062955053474","259224","WidthTooLarge"
"research","banana","mess-4","0","141011","stopped","12000","x","0.0","-0.06045691602221537","0.15613811164579727","true","false","MaxDrawsReached","1162.1521011405082","259224","WidthTooLarge"
"research","banana","mess-4","0","141011","stopped","12000","xSquared","1.0","1.0711789675777126","0.4686630997764145","true","false","MaxDrawsReached","328.3826796379114","259224","InsufficientMeanEss|WidthTooLarge"
"research","banana","mess-4","0","141011","stopped","12000","y","0.0","0.030175504339670978","0.19578455555024546","true","false","MaxDrawsReached","483.0246913742812","259224","WidthTooLarge"
"research","banana","mess-4","0","141011","stopped","12000","ySquared","0.57","0.6985370980836594","0.7505429459589833","true","false","MaxDrawsReached","182.49823855690863","259224","InsufficientMeanEss|WidthTooLarge"
"research","banana","mess-4","1","148930","fixed","12000","event","0.045500263896358334","0.042333333333333334","0.017843453920923985","true","true","FixedBudget","3379.4201444838855","257064",""
"research","banana","mess-4","1","148930","fixed","12000","x","0.0","-0.008145180132737795","0.055579674107413955","true","true","FixedBudget","8334.511437047102","257064",""
"research","banana","mess-4","1","148930","fixed","12000","xSquared","1.0","0.9701494477241616","0.11722737735113037","true","true","FixedBudget","3343.321190457866","257064",""
"research","banana","mess-4","1","148930","fixed","12000","y","0.0","-0.012974790879357434","0.053712556922392435","true","true","FixedBudget","4810.780481913362","257064",""
"research","banana","mess-4","1","148930","fixed","12000","ySquared","0.57","0.5231229552142881","0.1438947612653449","true","true","FixedBudget","1411.4637019450524","257064",""
"research","banana","mess-4","1","148930","stopped","12000","event","0.045500263896358334","0.042333333333333334","0.017843453920923985","true","true","PrecisionReached","3379.4201444838855","257064",""
"research","banana","mess-4","1","148930","stopped","12000","x","0.0","-0.008145180132737795","0.055579674107413955","true","true","PrecisionReached","8334.511437047102","257064",""
"research","banana","mess-4","1","148930","stopped","12000","xSquared","1.0","0.9701494477241616","0.11722737735113037","true","true","PrecisionReached","3343.321190457866","257064",""
"research","banana","mess-4","1","148930","stopped","12000","y","0.0","-0.012974790879357434","0.053712556922392435","true","true","PrecisionReached","4810.780481913362","257064",""
"research","banana","mess-4","1","148930","stopped","12000","ySquared","0.57","0.5231229552142881","0.1438947612653449","true","true","PrecisionReached","1411.4637019450524","257064",""
"research","banana","mess-4","2","156849","fixed","12000","event","0.045500263896358334","0.047375","0.03153497532355715","true","true","FixedBudget","1204.4517445844958","257888",""
"research","banana","mess-4","2","156849","fixed","12000","x","0.0","-0.013799923603351916","0.10170969552596891","true","true","FixedBudget","2599.321325837759","257888",""
"research","banana","mess-4","2","156849","fixed","12000","xSquared","1.0","1.0133584739662989","0.2501430081374263","true","false","FixedBudget","892.451826156167","257888","WidthTooLarge"
"research","banana","mess-4","2","156849","fixed","12000","y","0.0","0.0046406515077547505","0.10649482074585088","true","true","FixedBudget","1367.7329031863546","257888",""
"research","banana","mess-4","2","156849","fixed","12000","ySquared","0.57","0.5844819075968706","0.35645675389037257","true","false","FixedBudget","410.67626639350084","257888","WidthTooLarge"
"research","banana","mess-4","2","156849","stopped","12000","event","0.045500263896358334","0.047375","0.03153497532355715","true","true","MaxDrawsReached","1204.4517445844958","257888",""
"research","banana","mess-4","2","156849","stopped","12000","x","0.0","-0.013799923603351916","0.10170969552596891","true","true","MaxDrawsReached","2599.321325837759","257888",""
"research","banana","mess-4","2","156849","stopped","12000","xSquared","1.0","1.0133584739662989","0.2501430081374263","true","false","MaxDrawsReached","892.451826156167","257888","WidthTooLarge"
"research","banana","mess-4","2","156849","stopped","12000","y","0.0","0.0046406515077547505","0.10649482074585088","true","true","MaxDrawsReached","1367.7329031863546","257888",""
"research","banana","mess-4","2","156849","stopped","12000","ySquared","0.57","0.5844819075968706","0.35645675389037257","true","false","MaxDrawsReached","410.67626639350084","257888","WidthTooLarge"
"research","banana","mess-4","3","164768","fixed","12000","event","0.045500263896358334","0.050854166666666666","0.03627891476927137","true","false","FixedBudget","973.3165574708108","257996","WidthTooLarge"
"research","banana","mess-4","3","164768","fixed","12000","x","0.0","0.030441390174932026","0.11873313165609636","true","true","FixedBudget","2008.9430142302995","257996",""
"research","banana","mess-4","3","164768","fixed","12000","xSquared","1.0","1.0680344054868933","0.39059576568229","true","false","FixedBudget","498.43182763489557","257996","WidthTooLarge"
"research","banana","mess-4","3","164768","fixed","12000","y","0.0","0.029194839670628525","0.16920399555989946","true","false","FixedBudget","668.1771220647054","257996","WidthTooLarge"
"research","banana","mess-4","3","164768","fixed","12000","ySquared","0.57","0.7216437972839672","1.047376785628609","true","false","FixedBudget","187.19170218410895","257996","InsufficientMeanEss|WidthTooLarge"
"research","banana","mess-4","3","164768","stopped","12000","event","0.045500263896358334","0.050854166666666666","0.03627891476927137","true","false","MaxDrawsReached","973.3165574708108","257996","WidthTooLarge"
"research","banana","mess-4","3","164768","stopped","12000","x","0.0","0.030441390174932026","0.11873313165609636","true","true","MaxDrawsReached","2008.9430142302995","257996",""
"research","banana","mess-4","3","164768","stopped","12000","xSquared","1.0","1.0680344054868933","0.39059576568229","true","false","MaxDrawsReached","498.43182763489557","257996","WidthTooLarge"
"research","banana","mess-4","3","164768","stopped","12000","y","0.0","0.029194839670628525","0.16920399555989946","true","false","MaxDrawsReached","668.1771220647054","257996","WidthTooLarge"
"research","banana","mess-4","3","164768","stopped","12000","ySquared","0.57","0.7216437972839672","1.047376785628609","true","false","MaxDrawsReached","187.19170218410895","257996","InsufficientMeanEss|WidthTooLarge"
"research","banana","mess-4","4","172687","fixed","12000","event","0.045500263896358334","0.04435416666666667","0.01767578235303944","true","true","FixedBudget","3794.7836812762152","258032",""
"research","banana","mess-4","4","172687","fixed","12000","x","0.0","0.013994105854546336","0.053296920915856257","true","true","FixedBudget","9095.539903510238","258032",""
"research","banana","mess-4","4","172687","fixed","12000","xSquared","1.0","0.9736814182964076","0.10736038650388292","true","true","FixedBudget","4062.81405144309","258032",""
"research","banana","mess-4","4","172687","fixed","12000","y","0.0","-0.010465072428930577","0.048080691810979674","true","true","FixedBudget","6372.902664468483","258032",""
"research","banana","mess-4","4","172687","fixed","12000","ySquared","0.57","0.5319756290837085","0.09597537929571322","true","true","FixedBudget","2904.9105125434144","258032",""
"research","banana","mess-4","4","172687","stopped","6000","event","0.045500263896358334","0.04375","0.02440651941977454","true","true","PrecisionReached","1864.0177887118125","258032",""
"research","banana","mess-4","4","172687","stopped","6000","x","0.0","-8.438159918393098E-4","0.07395446385788805","true","true","PrecisionReached","4691.500377009007","258032",""
"research","banana","mess-4","4","172687","stopped","6000","xSquared","1.0","0.9667821311599204","0.15285465713612725","true","true","PrecisionReached","1978.629043001689","258032",""
"research","banana","mess-4","4","172687","stopped","6000","y","0.0","-0.013130430126918391","0.06740077277704348","true","true","PrecisionReached","3098.8760839912406","258032",""
"research","banana","mess-4","4","172687","stopped","6000","ySquared","0.57","0.5305946364824775","0.13265217481579397","true","true","PrecisionReached","1431.0824087300803","258032",""
"research","banana","mess-4","5","180606","fixed","12000","event","0.045500263896358334","0.04656249999999995","0.01907982689355766","true","true","FixedBudget","3236.554001128899","257668",""
"research","banana","mess-4","5","180606","fixed","12000","x","0.0","-0.005783312988892231","0.058800797680080494","true","true","FixedBudget","7663.669992309","257668",""
"research","banana","mess-4","5","180606","fixed","12000","xSquared","1.0","0.9984230092959625","0.1198500663868851","true","true","FixedBudget","3457.9446834871915","257668",""
"research","banana","mess-4","5","180606","fixed","12000","y","0.0","-0.0015781468106981222","0.054043568135619315","true","true","FixedBudget","4955.851828316218","257668",""
"research","banana","mess-4","5","180606","fixed","12000","ySquared","0.57","0.5453874345455039","0.11744440092546533","true","true","FixedBudget","2232.166425250253","257668",""
"research","banana","mess-4","5","180606","stopped","8000","event","0.045500263896358334","0.04743750000000002","0.02425477595322469","true","true","PrecisionReached","2038.5832966657595","257668",""
"research","banana","mess-4","5","180606","stopped","8000","x","0.0","-0.00660871430104315","0.07400184521645174","true","true","PrecisionReached","4861.640914119192","257668",""
"research","banana","mess-4","5","180606","stopped","8000","xSquared","1.0","1.0031806849486289","0.1535412352929028","true","true","PrecisionReached","2147.9281123636893","257668",""
"research","banana","mess-4","5","180606","stopped","8000","y","0.0","5.172594266293906E-4","0.06974718026324943","true","true","PrecisionReached","3034.46324426396","257668",""
"research","banana","mess-4","5","180606","stopped","8000","ySquared","0.57","0.5561957643049298","0.15642374920904378","true","true","PrecisionReached","1376.4080051581643","257668",""
"research","banana","mess-4","6","188525","fixed","12000","event","0.045500263896358334","0.0400625","0.015012878315504116","true","true","FixedBudget","4528.519831519971","256320",""
"research","banana","mess-4","6","188525","fixed","12000","x","0.0","-0.0013398735522588967","0.050255581019380414","true","true","FixedBudget","10078.935628159297","256320",""
"research","banana","mess-4","6","188525","fixed","12000","xSquared","1.0","0.9591375253702431","0.09173022395455245","true","true","FixedBudget","5143.044072351808","256320",""
"research","banana","mess-4","6","188525","fixed","12000","y","0.0","-0.017044065978887857","0.04214811875789079","true","true","FixedBudget","7504.322011733394","256320",""
"research","banana","mess-4","6","188525","fixed","12000","ySquared","0.57","0.5025922061607582","0.07678603539080898","false","true","FixedBudget","3565.2944932778587","256320",""
"research","banana","mess-4","6","188525","stopped","4000","event","0.045500263896358334","0.03775","0.023287766567658852","true","true","PrecisionReached","1777.749201097849","256320",""
"research","banana","mess-4","6","188525","stopped","4000","x","0.0","-0.001148855039303065","0.07765871062912155","true","true","PrecisionReached","4165.036158773157","256320",""
"research","banana","mess-4","6","188525","stopped","4000","xSquared","1.0","0.9464080775921929","0.13974826029286394","true","true","PrecisionReached","2072.5684224055126","256320",""
"research","banana","mess-4","6","188525","stopped","4000","y","0.0","-0.026310254873620598","0.06356884400921683","true","true","PrecisionReached","3213.167026968014","256320",""
"research","banana","mess-4","6","188525","stopped","4000","ySquared","0.57","0.4899082096581715","0.10104634355228312","false","true","PrecisionReached","1704.8159404518242","256320",""
"research","banana","mess-4","7","196444","fixed","12000","event","0.045500263896358334","0.045145833333333336","0.03015210792803522","true","true","FixedBudget","1258.4111623830422","257932",""
"research","banana","mess-4","7","196444","fixed","12000","x","0.0","-0.022128316273804766","0.07903112602554277","true","true","FixedBudget","4317.252859897172","257932",""
"research","banana","mess-4","7","196444","fixed","12000","xSquared","1.0","1.0165058491186179","0.24122505994631788","true","false","FixedBudget","930.660666843671","257932","WidthTooLarge"
"research","banana","mess-4","7","196444","fixed","12000","y","0.0","0.009244370706851801","0.10481409716895539","true","true","FixedBudget","1402.0239968051778","257932",""
"research","banana","mess-4","7","196444","fixed","12000","ySquared","0.57","0.5804376706505492","0.3466412475655971","true","false","FixedBudget","432.317709323245","257932","WidthTooLarge"
"research","banana","mess-4","7","196444","stopped","2000","event","0.045500263896358334","0.033625","0.025307223092968675","true","true","PrecisionReached","1346.6893723800124","257932",""
"research","banana","mess-4","7","196444","stopped","2000","x","0.0","-0.03661381100708192","0.09243317157493078","true","true","PrecisionReached","2832.2687523599025","257932",""
"research","banana","mess-4","7","196444","stopped","2000","xSquared","1.0","0.9130191066609864","0.15930867864172438","false","true","PrecisionReached","1446.4804939558812","257932",""
"research","banana","mess-4","7","196444","stopped","2000","y","0.0","-0.031951617631876095","0.07475508075171332","true","true","PrecisionReached","2336.0687757992773","257932",""
"research","banana","mess-4","7","196444","stopped","2000","ySquared","0.57","0.4812242724128657","0.10709824771716557","false","true","PrecisionReached","1331.6416949822599","257932",""
"research","banana","mess-4","8","204363","fixed","12000","event","0.045500263896358334","0.042041666666666665","0.017149385461500487","true","true","FixedBudget","3634.399120537328","256252",""
"research","banana","mess-4","8","204363","fixed","12000","x","0.0","0.0031951666927753086","0.055690547975322045","true","true","FixedBudget","8218.593921609236","256252",""
"research","banana","mess-4","8","204363","fixed","12000","xSquared","1.0","0.9604216095426182","0.10340324659839537","true","true","FixedBudget","4130.181670700356","256252",""
"research","banana","mess-4","8","204363","fixed","12000","y","0.0","-0.01836939720458486","0.04731804351384295","true","true","FixedBudget","6104.358310436928","256252",""
"research","banana","mess-4","8","204363","fixed","12000","ySquared","0.57","0.5153174525462569","0.0863327387422239","false","true","FixedBudget","3097.8954253920833","256252",""
"research","banana","mess-4","8","204363","stopped","6000","event","0.045500263896358334","0.043708333333333335","0.025402751402937598","true","true","PrecisionReached","1719.116655421957","256252",""
"research","banana","mess-4","8","204363","stopped","6000","x","0.0","0.024116209883223938","0.07937659242861077","true","true","PrecisionReached","4062.8333401453438","256252",""
"research","banana","mess-4","8","204363","stopped","6000","xSquared","1.0","0.9650803287256613","0.15187120185312541","true","true","PrecisionReached","1958.6913775339474","256252",""
"research","banana","mess-4","8","204363","stopped","6000","y","0.0","-0.012642696304906664","0.06934327380391166","true","true","PrecisionReached","2927.0181300218205","256252",""
"research","banana","mess-4","8","204363","stopped","6000","ySquared","0.57","0.5304601087635763","0.12762817041299965","true","true","PrecisionReached","1527.6765340241454","256252",""
"research","banana","mess-4","9","212282","fixed","12000","event","0.045500263896358334","0.052770833333333336","0.025452021832808775","true","true","FixedBudget","2047.8947789573315","258220",""
"research","banana","mess-4","9","212282","fixed","12000","x","0.0","0.01618299713630522","0.07572811648819595","true","true","FixedBudget","4826.117375443749","258220",""
"research","banana","mess-4","9","212282","fixed","12000","xSquared","1.0","1.043081025656754","0.16831821383250017","true","true","FixedBudget","2006.9541896422443","258220",""
"research","banana","mess-4","9","212282","fixed","12000","y","0.0","0.02582613909380327","0.0737213554037998","true","true","FixedBudget","2933.6987618366056","258220",""
"research","banana","mess-4","9","212282","fixed","12000","ySquared","0.57","0.6014241305056967","0.1897720445606795","true","true","FixedBudget","1213.0712908150235","258220",""
"research","banana","mess-4","9","212282","stopped","12000","event","0.045500263896358334","0.052770833333333336","0.025452021832808775","true","true","PrecisionReached","2047.8947789573315","258220",""
"research","banana","mess-4","9","212282","stopped","12000","x","0.0","0.01618299713630522","0.07572811648819595","true","true","PrecisionReached","4826.117375443749","258220",""
"research","banana","mess-4","9","212282","stopped","12000","xSquared","1.0","1.043081025656754","0.16831821383250017","true","true","PrecisionReached","2006.9541896422443","258220",""
"research","banana","mess-4","9","212282","stopped","12000","y","0.0","0.02582613909380327","0.0737213554037998","true","true","PrecisionReached","2933.6987618366056","258220",""
"research","banana","mess-4","9","212282","stopped","12000","ySquared","0.57","0.6014241305056967","0.1897720445606795","true","true","PrecisionReached","1213.0712908150235","258220",""
"research","banana","mess-4","10","220201","fixed","12000","event","0.045500263896358334","0.05025000000000002","0.04741534786212782","true","false","FixedBudget","563.3920112280249","259496","InvalidRHat|WidthTooLarge"
"research","banana","mess-4","10","220201","fixed","12000","x","0.0","-0.02210347630756715","0.14516200990222006","true","true","FixedBudget","1312.1836417212335","259496",""
"research","banana","mess-4","10","220201","fixed","12000","xSquared","1.0","1.0423197811564502","0.4774982367062609","true","false","FixedBudget","290.9004990577105","259496","InsufficientMeanEss|WidthTooLarge"
"research","banana","mess-4","10","220201","fixed","12000","y","0.0","0.025102502260818227","0.2111726784250739","true","false","FixedBudget","396.3771035469811","259496","InsufficientMeanEss|WidthTooLarge"
"research","banana","mess-4","10","220201","fixed","12000","ySquared","0.57","0.666640240057581","1.0089505804006451","true","false","FixedBudget","95.35973929314652","259496","InsufficientMeanEss|WidthTooLarge"
"research","banana","mess-4","10","220201","stopped","12000","event","0.045500263896358334","0.05025000000000002","0.04741534786212782","true","false","MaxDrawsReached","563.3920112280249","259496","InvalidRHat|WidthTooLarge"
"research","banana","mess-4","10","220201","stopped","12000","x","0.0","-0.02210347630756715","0.14516200990222006","true","true","MaxDrawsReached","1312.1836417212335","259496",""
"research","banana","mess-4","10","220201","stopped","12000","xSquared","1.0","1.0423197811564502","0.4774982367062609","true","false","MaxDrawsReached","290.9004990577105","259496","InsufficientMeanEss|WidthTooLarge"
"research","banana","mess-4","10","220201","stopped","12000","y","0.0","0.025102502260818227","0.2111726784250739","true","false","MaxDrawsReached","396.3771035469811","259496","InsufficientMeanEss|WidthTooLarge"
"research","banana","mess-4","10","220201","stopped","12000","ySquared","0.57","0.666640240057581","1.0089505804006451","true","false","MaxDrawsReached","95.35973929314652","259496","InsufficientMeanEss|WidthTooLarge"
"research","banana","mess-4","11","228120","fixed","12000","event","0.045500263896358334","0.04764583333333333","0.024289884303194367","true","true","FixedBudget","2041.153751199859","258640",""
"research","banana","mess-4","11","228120","fixed","12000","x","0.0","0.017919693723706942","0.08358393693016977","true","true","FixedBudget","3838.8634412374236","258640",""
"research","banana","mess-4","11","228120","fixed","12000","xSquared","1.0","1.0108415761627383","0.2010488692677197","true","true","FixedBudget","1357.8062627717957","258640",""
"research","banana","mess-4","11","228120","fixed","12000","y","0.0","0.003991738008992718","0.08456961019601683","true","true","FixedBudget","2133.845408039199","258640",""
"research","banana","mess-4","11","228120","fixed","12000","ySquared","0.57","0.5750431653094783","0.2780536595118496","true","false","FixedBudget","597.5288704527222","258640","WidthTooLarge"
"research","banana","mess-4","11","228120","stopped","6000","event","0.045500263896358334","0.04275","0.023981677820550634","true","true","PrecisionReached","1888.4896637764703","258640",""
"research","banana","mess-4","11","228120","stopped","6000","x","0.0","0.01861258142824651","0.08000711316607097","true","true","PrecisionReached","4023.1259401261304","258640",""
"research","banana","mess-4","11","228120","stopped","6000","xSquared","1.0","0.9706521273786751","0.16123130479059705","true","true","PrecisionReached","1822.1152105574038","258640",""
"research","banana","mess-4","11","228120","stopped","6000","y","0.0","-0.013309639592832545","0.07111608814263562","true","true","PrecisionReached","2765.10018619818","258640",""
"research","banana","mess-4","11","228120","stopped","6000","ySquared","0.57","0.5270846024626529","0.15358034243442897","true","true","PrecisionReached","1220.3066490793988","258640",""
"research","banana","mess-4","12","236039","fixed","12000","event","0.045500263896358334","0.0511875","0.027767699761852768","true","true","FixedBudget","1671.7360402633128","257640",""
"research","banana","mess-4","12","236039","fixed","12000","x","0.0","0.008147919780208124","0.08922518118706126","true","true","FixedBudget","3484.5995480641673","257640",""
"research","banana","mess-4","12","236039","fixed","12000","xSquared","1.0","1.045326926559584","0.20914486013662326","true","true","FixedBudget","1349.447170203737","257640",""
"research","banana","mess-4","12","236039","fixed","12000","y","0.0","0.015638928928024654","0.09149331564713145","true","true","FixedBudget","1946.7782652444012","257640",""
"research","banana","mess-4","12","236039","fixed","12000","ySquared","0.57","0.6142780161287491","0.27749749327142675","true","false","FixedBudget","693.9119338710072","257640","WidthTooLarge"
"research","banana","mess-4","12","236039","stopped","12000","event","0.045500263896358334","0.0511875","0.027767699761852768","true","true","MaxDrawsReached","1671.7360402633128","257640",""
"research","banana","mess-4","12","236039","stopped","12000","x","0.0","0.008147919780208124","0.08922518118706126","true","true","MaxDrawsReached","3484.5995480641673","257640",""
"research","banana","mess-4","12","236039","stopped","12000","xSquared","1.0","1.045326926559584","0.20914486013662326","true","true","MaxDrawsReached","1349.447170203737","257640",""
"research","banana","mess-4","12","236039","stopped","12000","y","0.0","0.015638928928024654","0.09149331564713145","true","true","MaxDrawsReached","1946.7782652444012","257640",""
"research","banana","mess-4","12","236039","stopped","12000","ySquared","0.57","0.6142780161287491","0.27749749327142675","true","false","MaxDrawsReached","693.9119338710072","257640","WidthTooLarge"
"research","banana","mess-4","13","243958","fixed","12000","event","0.045500263896358334","0.042833333333333334","0.01802761565115747","true","true","FixedBudget","3348.0817727291615","257984",""
"research","banana","mess-4","13","243958","fixed","12000","x","0.0","-0.020113610105650603","0.058483960353371056","true","true","FixedBudget","7613.529567779194","257984",""
"research","banana","mess-4","13","243958","fixed","12000","xSquared","1.0","0.9816019564888803","0.12713006803065724","true","true","FixedBudget","2984.421786754975","257984",""
"research","banana","mess-4","13","243958","fixed","12000","y","0.0","-0.005994171957055554","0.05678765986389805","true","true","FixedBudget","4412.155549866618","257984",""
"research","banana","mess-4","13","243958","fixed","12000","ySquared","0.57","0.5361479710255915","0.15692346312384878","true","true","FixedBudget","1384.1983755854917","257984",""
"research","banana","mess-4","13","243958","stopped","6000","event","0.045500263896358334","0.041541666666666664","0.020441190102160636","true","true","PrecisionReached","2529.047850643462","257984",""
"research","banana","mess-4","13","243958","stopped","6000","x","0.0","-0.0025208801233987943","0.07053671035366543","true","true","PrecisionReached","5182.234628239668","257984",""
"research","banana","mess-4","13","243958","stopped","6000","xSquared","1.0","0.9714894066379782","0.12653042266832085","true","true","PrecisionReached","2757.3598578920505","257984",""
"research","banana","mess-4","13","243958","stopped","6000","y","0.0","-0.007333793682562895","0.056510922648153133","true","true","PrecisionReached","4216.5528074017675","257984",""
"research","banana","mess-4","13","243958","stopped","6000","ySquared","0.57","0.5074066216999956","0.11186094211636158","false","true","PrecisionReached","1833.094606589574","257984",""
"research","banana","mess-4","14","251877","fixed","12000","event","0.045500263896358334","0.042083333333333334","0.01946455323628308","true","true","FixedBudget","2823.918640206557","257056",""
"research","banana","mess-4","14","251877","fixed","12000","x","0.0","0.004171479163252223","0.06162933519987578","true","true","FixedBudget","6806.194727762462","257056",""
"research","banana","mess-4","14","251877","fixed","12000","xSquared","1.0","0.9740559340967698","0.14891615149275392","true","true","FixedBudget","2148.7593645935717","257056",""
"research","banana","mess-4","14","251877","fixed","12000","y","0.0","-0.007067448002915144","0.06610920239946552","true","true","FixedBudget","3248.874023664624","257056",""
"research","banana","mess-4","14","251877","fixed","12000","ySquared","0.57","0.5350496116348257","0.20621648626000733","true","false","FixedBudget","882.7516088562885","257056","WidthTooLarge"
"research","banana","mess-4","14","251877","stopped","12000","event","0.045500263896358334","0.042083333333333334","0.01946455323628308","true","true","MaxDrawsReached","2823.918640206557","257056",""
"research","banana","mess-4","14","251877","stopped","12000","x","0.0","0.004171479163252223","0.06162933519987578","true","true","MaxDrawsReached","6806.194727762462","257056",""
"research","banana","mess-4","14","251877","stopped","12000","xSquared","1.0","0.9740559340967698","0.14891615149275392","true","true","MaxDrawsReached","2148.7593645935717","257056",""
"research","banana","mess-4","14","251877","stopped","12000","y","0.0","-0.007067448002915144","0.06610920239946552","true","true","MaxDrawsReached","3248.874023664624","257056",""
"research","banana","mess-4","14","251877","stopped","12000","ySquared","0.57","0.5350496116348257","0.20621648626000733","true","false","MaxDrawsReached","882.7516088562885","257056","WidthTooLarge"
"research","banana","mess-4","15","259796","fixed","12000","event","0.045500263896358334","0.035708333333333335","0.01474087344772172","false","true","FixedBudget","4205.66577984121","256756",""
"research","banana","mess-4","15","259796","fixed","12000","x","0.0","-0.005347334778117885","0.048724306269901214","true","true","FixedBudget","10568.080277785382","256756",""
"research","banana","mess-4","15","259796","fixed","12000","xSquared","1.0","0.9453603214980326","0.10110079374353483","false","true","FixedBudget","4136.1557720973115","256756",""
"research","banana","mess-4","15","259796","fixed","12000","y","0.0","-0.029846045465216797","0.046288429737918406","false","true","FixedBudget","6117.058338586736","256756",""
"research","banana","mess-4","15","259796","fixed","12000","ySquared","0.57","0.49472857658837555","0.09618689230688761","false","true","FixedBudget","2532.0641928046475","256756",""
"research","banana","mess-4","15","259796","stopped","2000","event","0.045500263896358334","0.0235","0.018099359674801915","false","true","PrecisionReached","1859.354201764717","256756",""
"research","banana","mess-4","15","259796","stopped","2000","x","0.0","-0.030418548112254307","0.08474085233101288","true","true","PrecisionReached","3225.2973894626707","256756",""
"research","banana","mess-4","15","259796","stopped","2000","xSquared","1.0","0.8735087551117002","0.13180572491664624","false","true","PrecisionReached","1824.9279605587774","256756",""
"research","banana","mess-4","15","259796","stopped","2000","y","0.0","-0.06081479876850521","0.06353411392125084","false","true","PrecisionReached","2689.373093819171","256756",""
"research","banana","mess-4","15","259796","stopped","2000","ySquared","0.57","0.41269209398363915","0.07517041994239176","false","true","PrecisionReached","1930.3433937633552","256756",""
"research","banana","mess-4","16","267715","fixed","12000","event","0.045500263896358334","0.03991666666666667","0.01887223762208896","true","true","FixedBudget","2855.746176632638","257048",""
"research","banana","mess-4","16","267715","fixed","12000","x","0.0","-0.0026406960714945305","0.05819805290898676","true","true","FixedBudget","7608.963142690754","257048",""
"research","banana","mess-4","16","267715","fixed","12000","xSquared","1.0","0.9710516058603469","0.1264397430880393","true","true","FixedBudget","2785.185059708987","257048",""
"research","banana","mess-4","16","267715","fixed","12000","y","0.0","-0.013659114071456563","0.0578327159738293","true","true","FixedBudget","4068.7964768463357","257048",""
"research","banana","mess-4","16","267715","fixed","12000","ySquared","0.57","0.5129416200049722","0.143961197679701","true","true","FixedBudget","1225.2631749554232","257048",""
"research","banana","mess-4","16","267715","stopped","2000","event","0.045500263896358334","0.032625","0.022942503759346495","false","true","PrecisionReached","1591.5203555678802","257048",""
"research","banana","mess-4","16","267715","stopped","2000","x","0.0","-0.00390849416575989","0.09201954646579714","true","true","PrecisionReached","2920.2377233741895","257048",""
"research","banana","mess-4","16","267715","stopped","2000","xSquared","1.0","0.9316162698591388","0.14968099394018336","true","true","PrecisionReached","1666.4867701019452","257048",""
"research","banana","mess-4","16","267715","stopped","2000","y","0.0","-0.024427926958091872","0.06796485160022503","true","true","PrecisionReached","2639.4066207487217","257048",""
"research","banana","mess-4","16","267715","stopped","2000","ySquared","0.57","0.45992862292088804","0.09772706198796538","false","true","PrecisionReached","1494.1209432696576","257048",""
"research","banana","mess-4","17","275634","fixed","12000","event","0.045500263896358334","0.044125","0.020523590730373176","true","true","FixedBudget","2657.555412526638","257596",""
"research","banana","mess-4","17","275634","fixed","12000","x","0.0","0.024449385073683327","0.06521526607487717","true","true","FixedBudget","6123.046935505601","257596",""
"research","banana","mess-4","17","275634","fixed","12000","xSquared","1.0","0.9818099537298931","0.13126882549446284","true","true","FixedBudget","2825.187542952594","257596",""
"research","banana","mess-4","17","275634","fixed","12000","y","0.0","-0.00819168584188738","0.06120991803676925","true","true","FixedBudget","3857.919266763344","257596",""
"research","banana","mess-4","17","275634","fixed","12000","ySquared","0.57","0.5446870369852764","0.1374552756286674","true","true","FixedBudget","1745.1942801436282","257596",""
"research","banana","mess-4","17","275634","stopped","10000","event","0.045500263896358334","0.04615","0.023281495754442105","true","true","PrecisionReached","2155.4355418746086","257596",""
"research","banana","mess-4","17","275634","stopped","10000","x","0.0","0.026566562332132282","0.07505928520085593","true","true","PrecisionReached","4684.06826393933","257596",""
"research","banana","mess-4","17","275634","stopped","10000","xSquared","1.0","0.9950277997830851","0.14858472014129898","true","true","PrecisionReached","2284.510716208786","257596",""
"research","banana","mess-4","17","275634","stopped","10000","y","0.0","-0.0037156549848560635","0.06947792312542886","true","true","PrecisionReached","3060.126210270568","257596",""
"research","banana","mess-4","17","275634","stopped","10000","ySquared","0.57","0.5565943056504452","0.15763043952668349","true","true","PrecisionReached","1417.0307763380463","257596",""
"research","banana","mess-4","18","283553","fixed","12000","event","0.045500263896358334","0.03891666666666667","0.016424323921506077","true","true","FixedBudget","3679.8055969013185","256496",""
"research","banana","mess-4","18","283553","fixed","12000","x","0.0","-0.006871882839648846","0.054239415952843054","true","true","FixedBudget","8663.947061564766","256496",""
"research","banana","mess-4","18","283553","fixed","12000","xSquared","1.0","0.9604261020767957","0.1154476122572583","true","true","FixedBudget","3305.7614618272405","256496",""
"research","banana","mess-4","18","283553","fixed","12000","y","0.0","-0.02016835767639613","0.04997800795477295","true","true","FixedBudget","5412.874131310506","256496",""
"research","banana","mess-4","18","283553","fixed","12000","ySquared","0.57","0.5098345303079005","0.11811549552048264","false","true","FixedBudget","1780.933418114863","256496",""
"research","banana","mess-4","18","283553","stopped","4000","event","0.045500263896358334","0.033","0.01934875646909565","false","true","PrecisionReached","2262.3281101864172","256496",""
"research","banana","mess-4","18","283553","stopped","4000","x","0.0","-0.01909643182112869","0.07686234191349652","true","true","PrecisionReached","4239.991024035612","256496",""
"research","banana","mess-4","18","283553","stopped","4000","xSquared","1.0","0.9441448873161882","0.12271643491996963","true","true","PrecisionReached","2536.687966080214","256496",""
"research","banana","mess-4","18","283553","stopped","4000","y","0.0","-0.027736810643492538","0.05782382445623682","true","true","PrecisionReached","3817.955528377197","256496",""
"research","banana","mess-4","18","283553","stopped","4000","ySquared","0.57","0.481745097308393","0.09443598043421565","false","true","PrecisionReached","1971.3977768634022","256496",""
"research","banana","mess-4","19","291472","fixed","12000","event","0.045500263896358334","0.05445833333333333","0.041934449736307354","true","false","FixedBudget","777.1526254345613","259736","WidthTooLarge"
"research","banana","mess-4","19","291472","fixed","12000","x","0.0","0.042424773300093754","0.13600807322840777","true","true","FixedBudget","1540.3278856785832","259736",""
"research","banana","mess-4","19","291472","fixed","12000","xSquared","1.0","1.0753920818507243","0.3835486303929941","true","false","FixedBudget","487.3082621804682","259736","WidthTooLarge"
"research","banana","mess-4","19","291472","fixed","12000","y","0.0","0.03150193640965278","0.1635080395119164","true","false","FixedBudget","683.0195291975463","259736","WidthTooLarge"
"research","banana","mess-4","19","291472","fixed","12000","ySquared","0.57","0.6890235927392714","0.6047971924560066","true","false","FixedBudget","276.95108852934874","259736","InsufficientMeanEss|WidthTooLarge"
"research","banana","mess-4","19","291472","stopped","12000","event","0.045500263896358334","0.05445833333333333","0.041934449736307354","true","false","MaxDrawsReached","777.1526254345613","259736","WidthTooLarge"
"research","banana","mess-4","19","291472","stopped","12000","x","0.0","0.042424773300093754","0.13600807322840777","true","true","MaxDrawsReached","1540.3278856785832","259736",""
"research","banana","mess-4","19","291472","stopped","12000","xSquared","1.0","1.0753920818507243","0.3835486303929941","true","false","MaxDrawsReached","487.3082621804682","259736","WidthTooLarge"
"research","banana","mess-4","19","291472","stopped","12000","y","0.0","0.03150193640965278","0.1635080395119164","true","false","MaxDrawsReached","683.0195291975463","259736","WidthTooLarge"
"research","banana","mess-4","19","291472","stopped","12000","ySquared","0.57","0.6890235927392714","0.6047971924560066","true","false","MaxDrawsReached","276.95108852934874","259736","InsufficientMeanEss|WidthTooLarge"
"research","banana","mess-4","20","299391","fixed","12000","event","0.045500263896358334","0.039125","0.012968858526571356","true","true","FixedBudget","5932.270388585267","257604",""
"research","banana","mess-4","20","299391","fixed","12000","x","0.0","0.021928278993618266","0.04683138461323789","true","true","FixedBudget","11558.503271645557","257604",""
"research","banana","mess-4","20","299391","fixed","12000","xSquared","1.0","0.9556326494344745","0.08215505954245096","false","true","FixedBudget","6224.775941783833","257604",""
"research","banana","mess-4","20","299391","fixed","12000","y","0.0","-0.021418392515796914","0.037681464468595945","false","true","FixedBudget","9262.57035395791","257604",""
"research","banana","mess-4","20","299391","fixed","12000","ySquared","0.57","0.49600462489199426","0.05951314492661526","false","true","FixedBudget","5258.35478015572","257604",""
"research","banana","mess-4","20","299391","stopped","4000","event","0.045500263896358334","0.03575","0.020517319351128143","true","true","PrecisionReached","2173.430472904913","257604",""
"research","banana","mess-4","20","299391","stopped","4000","x","0.0","0.04378295450829295","0.07567857638871837","false","true","PrecisionReached","4294.665171620976","257604",""
"research","banana","mess-4","20","299391","stopped","4000","xSquared","1.0","0.9286484429269487","0.1250146591014162","false","true","PrecisionReached","2452.9060726816087","257604",""
"research","banana","mess-4","20","299391","stopped","4000","y","0.0","-0.02656162582700472","0.06068196308588556","true","true","PrecisionReached","3384.684488434708","257604",""
"research","banana","mess-4","20","299391","stopped","4000","ySquared","0.57","0.47029260084580615","0.08885916998648888","false","true","PrecisionReached","2138.0212461897167","257604",""
"research","banana","mess-4","21","307310","fixed","12000","event","0.045500263896358334","0.042979166666666666","0.019269941916562693","true","true","FixedBudget","2939.826969818347","257948",""
"research","banana","mess-4","21","307310","fixed","12000","x","0.0","0.0032318437619635043","0.05995237272553537","true","true","FixedBudget","7247.593478584236","257948",""
"research","banana","mess-4","21","307310","fixed","12000","xSquared","1.0","0.9815399940942139","0.12298592805018517","true","true","FixedBudget","3128.41884212152","257948",""
"research","banana","mess-4","21","307310","fixed","12000","y","0.0","-0.0075650435003140615","0.05535961069566973","true","true","FixedBudget","4642.327469917301","257948",""
"research","banana","mess-4","21","307310","fixed","12000","ySquared","0.57","0.5361236813554541","0.12785709045448743","true","true","FixedBudget","1848.3580811994104","257948",""
"research","banana","mess-4","21","307310","stopped","4000","event","0.045500263896358334","0.0333125","0.022255167833440656","false","true","PrecisionReached","1725.6506382566631","257948",""
"research","banana","mess-4","21","307310","stopped","4000","x","0.0","-0.013382633318386572","0.07693894301643293","true","true","PrecisionReached","4200.458164303683","257948",""
"research","banana","mess-4","21","307310","stopped","4000","xSquared","1.0","0.9370242177398663","0.14023680276888398","true","true","PrecisionReached","1950.3025916624931","257948",""
"research","banana","mess-4","21","307310","stopped","4000","y","0.0","-0.030405211027862422","0.06317936090954154","true","true","PrecisionReached","3218.6445063657097","257948",""
"research","banana","mess-4","21","307310","stopped","4000","ySquared","0.57","0.4849877961614545","0.11504549383829371","false","true","PrecisionReached","1345.767863884816","257948",""
"research","banana","mess-4","22","315229","fixed","12000","event","0.045500263896358334","0.042333333333333334","0.01786313723098888","true","true","FixedBudget","3371.976712163058","256848",""
"research","banana","mess-4","22","315229","fixed","12000","x","0.0","0.002887142048872249","0.05757626787994186","true","true","FixedBudget","7894.258363771757","256848",""
"research","banana","mess-4","22","315229","fixed","12000","xSquared","1.0","0.9860497547947449","0.12157097655367576","true","true","FixedBudget","3204.5441229318485","256848",""
"research","banana","mess-4","22","315229","fixed","12000","y","0.0","-0.005188076368119798","0.052764676795045","true","true","FixedBudget","5046.22415442782","256848",""
"research","banana","mess-4","22","315229","fixed","12000","ySquared","0.57","0.529385432206281","0.13022589913542154","true","true","FixedBudget","1758.6266551361125","256848",""
"research","banana","mess-4","22","315229","stopped","6000","event","0.045500263896358334","0.035416666666666666","0.017934493530044702","false","true","PrecisionReached","2818.9115604899225","256848",""
"research","banana","mess-4","22","315229","stopped","6000","x","0.0","0.013709167960029217","0.06216681403161098","true","true","PrecisionReached","6450.83481222298","256848",""
"research","banana","mess-4","22","315229","stopped","6000","xSquared","1.0","0.9395237885003149","0.12027458126016148","false","true","PrecisionReached","2822.8744948756785","256848",""
"research","banana","mess-4","22","315229","stopped","6000","y","0.0","-0.023100205961934794","0.05333689451298813","true","true","PrecisionReached","4500.7477848348835","256848",""
"research","banana","mess-4","22","315229","stopped","6000","ySquared","0.57","0.4829564821647979","0.10247808329147999","false","true","PrecisionReached","1932.3034225901436","256848",""
"research","banana","mess-4","23","323148","fixed","12000","event","0.045500263896358334","0.04297916666666668","0.01861240054710757","true","true","FixedBudget","3151.2132990074915","256796",""
"research","banana","mess-4","23","323148","fixed","12000","x","0.0","0.006322852611605256","0.06003806700536828","true","true","FixedBudget","7203.006560169076","256796",""
"research","banana","mess-4","23","323148","fixed","12000","xSquared","1.0","0.9783218693235525","0.1293156646826672","true","true","FixedBudget","2862.7089273779243","256796",""
"research","banana","mess-4","23","323148","fixed","12000","y","0.0","-0.00790856719126598","0.057173580824942914","true","true","FixedBudget","4318.056838989438","256796",""
"research","banana","mess-4","23","323148","fixed","12000","ySquared","0.57","0.5318963551633291","0.14851111208211004","true","true","FixedBudget","1417.9298600754491","256796",""
"research","banana","mess-4","23","323148","stopped","4000","event","0.045500263896358334","0.03949999999999998","0.024188102270218784","true","true","PrecisionReached","1729.6801689222123","256796",""
"research","banana","mess-4","23","323148","stopped","4000","x","0.0","0.04177892147772555","0.07890075812798898","false","true","PrecisionReached","4051.094180514576","256796",""
"research","banana","mess-4","23","323148","stopped","4000","xSquared","1.0","0.9519419151223616","0.14730925524700175","true","true","PrecisionReached","1904.9175744382965","256796",""
"research","banana","mess-4","23","323148","stopped","4000","y","0.0","-0.017967220132754536","0.06944157676359174","true","true","PrecisionReached","2722.9252807603143","256796",""
"research","banana","mess-4","23","323148","stopped","4000","ySquared","0.57","0.4950361098380762","0.1094167137061461","false","true","PrecisionReached","1656.4381164712795","256796",""
"research","banana","mess-4","24","331067","fixed","12000","event","0.045500263896358334","0.04839583333333333","0.02895122396970115","true","true","FixedBudget","1458.2555821316398","260348",""
"research","banana","mess-4","24","331067","fixed","12000","x","0.0","-0.016297446480752986","0.09401846356126276","true","true","FixedBudget","3075.1999423919783","260348",""
"research","banana","mess-4","24","331067","fixed","12000","xSquared","1.0","1.024493169647633","0.24656433189811688","true","false","FixedBudget","984.2468407202732","260348","WidthTooLarge"
"research","banana","mess-4","24","331067","fixed","12000","y","0.0","0.009889473577214813","0.1053340779563155","true","true","FixedBudget","1466.1808019153393","260348",""
"research","banana","mess-4","24","331067","fixed","12000","ySquared","0.57","0.6130436760252684","0.3745180973350962","true","false","FixedBudget","487.07367901069523","260348","WidthTooLarge"
"research","banana","mess-4","24","331067","stopped","12000","event","0.045500263896358334","0.04839583333333333","0.02895122396970115","true","true","MaxDrawsReached","1458.2555821316398","260348",""
"research","banana","mess-4","24","331067","stopped","12000","x","0.0","-0.016297446480752986","0.09401846356126276","true","true","MaxDrawsReached","3075.1999423919783","260348",""
"research","banana","mess-4","24","331067","stopped","12000","xSquared","1.0","1.024493169647633","0.24656433189811688","true","false","MaxDrawsReached","984.2468407202732","260348","WidthTooLarge"
"research","banana","mess-4","24","331067","stopped","12000","y","0.0","0.009889473577214813","0.1053340779563155","true","true","MaxDrawsReached","1466.1808019153393","260348",""
"research","banana","mess-4","24","331067","stopped","12000","ySquared","0.57","0.6130436760252684","0.3745180973350962","true","false","MaxDrawsReached","487.07367901069523","260348","WidthTooLarge"
"research","banana","mess-4","25","338986","fixed","12000","event","0.045500263896358334","0.04416666666666667","0.01943756749706178","true","true","FixedBudget","2965.4879582448298","257356",""
"research","banana","mess-4","25","338986","fixed","12000","x","0.0","-0.017632151042431377","0.06473357636375267","true","true","FixedBudget","6298.704458203533","257356",""
"research","banana","mess-4","25","338986","fixed","12000","xSquared","1.0","0.9948164987294089","0.12706225669952476","true","true","FixedBudget","3013.9748381932063","257356",""
"research","banana","mess-4","25","338986","fixed","12000","y","0.0","-0.002994067859344751","0.05751441989504286","true","true","FixedBudget","4414.592257781638","257356",""
"research","banana","mess-4","25","338986","fixed","12000","ySquared","0.57","0.5502346832000982","0.1411508074185041","true","true","FixedBudget","1606.1570161507511","257356",""
"research","banana","mess-4","25","338986","stopped","10000","event","0.045500263896358334","0.04255","0.021069370099701806","true","true","PrecisionReached","2435.665093111428","257356",""
"research","banana","mess-4","25","338986","stopped","10000","x","0.0","-0.021990522128597312","0.06891961884629443","true","true","PrecisionReached","5514.147703213305","257356",""
"research","banana","mess-4","25","338986","stopped","10000","xSquared","1.0","0.9873517060332871","0.13588403475462518","true","true","PrecisionReached","2579.515460488222","257356",""
"research","banana","mess-4","25","338986","stopped","10000","y","0.0","-0.005090928441661147","0.06208211425598541","true","true","PrecisionReached","3754.9434260983408","257356",""
"research","banana","mess-4","25","338986","stopped","10000","ySquared","0.57","0.5453207569489027","0.1554602663565024","true","true","PrecisionReached","1307.8386193127283","257356",""
"research","banana","mess-4","26","346905","fixed","12000","event","0.045500263896358334","0.041125","0.020470760660538972","true","true","FixedBudget","2497.4864680678234","260256",""
"research","banana","mess-4","26","346905","fixed","12000","x","0.0","2.478401615355619E-4","0.06511318964154239","true","true","FixedBudget","6138.631518477908","260256",""
"research","banana","mess-4","26","346905","fixed","12000","xSquared","1.0","0.9806326169224069","0.16668376939455548","true","true","FixedBudget","1768.154683156257","260256",""
"research","banana","mess-4","26","346905","fixed","12000","y","0.0","-0.014802501026826259","0.0726531750750682","true","true","FixedBudget","2763.6824575773167","260256",""
"research","banana","mess-4","26","346905","fixed","12000","ySquared","0.57","0.5498791228547345","0.24735299588991294","true","false","FixedBudget","681.6099624497718","260256","WidthTooLarge"
"research","banana","mess-4","26","346905","stopped","12000","event","0.045500263896358334","0.041125","0.020470760660538972","true","true","MaxDrawsReached","2497.4864680678234","260256",""
"research","banana","mess-4","26","346905","stopped","12000","x","0.0","2.478401615355619E-4","0.06511318964154239","true","true","MaxDrawsReached","6138.631518477908","260256",""
"research","banana","mess-4","26","346905","stopped","12000","xSquared","1.0","0.9806326169224069","0.16668376939455548","true","true","MaxDrawsReached","1768.154683156257","260256",""
"research","banana","mess-4","26","346905","stopped","12000","y","0.0","-0.014802501026826259","0.0726531750750682","true","true","MaxDrawsReached","2763.6824575773167","260256",""
"research","banana","mess-4","26","346905","stopped","12000","ySquared","0.57","0.5498791228547345","0.24735299588991294","true","false","MaxDrawsReached","681.6099624497718","260256","WidthTooLarge"
"research","banana","mess-4","27","354824","fixed","12000","event","0.045500263896358334","0.04083333333333333","0.015229330774348336","true","true","FixedBudget","4481.779347681759","256884",""
"research","banana","mess-4","27","354824","fixed","12000","x","0.0","0.010037838205997018","0.04836828306568191","true","true","FixedBudget","10854.124273006408","256884",""
"research","banana","mess-4","27","354824","fixed","12000","xSquared","1.0","0.9568826213974471","0.09470829771383543","true","true","FixedBudget","4812.597859433077","256884",""
"research","banana","mess-4","27","354824","fixed","12000","y","0.0","-0.019729101191285625","0.042310487780981336","true","true","FixedBudget","7555.230381436971","256884",""
"research","banana","mess-4","27","354824","fixed","12000","ySquared","0.57","0.5100023308835803","0.07868271133121513","false","true","FixedBudget","3555.3567831446358","256884",""
"research","banana","mess-4","27","354824","stopped","6000","event","0.045500263896358334","0.03916666666666667","0.021874312988558558","true","true","PrecisionReached","2087.411519194477","256884",""
"research","banana","mess-4","27","354824","stopped","6000","x","0.0","0.02188681165405182","0.07118348540119303","true","true","PrecisionReached","4978.98713398707","256884",""
"research","banana","mess-4","27","354824","stopped","6000","xSquared","1.0","0.9510559301617022","0.13683750584311982","true","true","PrecisionReached","2308.1991126780263","256884",""
"research","banana","mess-4","27","354824","stopped","6000","y","0.0","-0.0219426613143357","0.06169494138734562","true","true","PrecisionReached","3518.792840238431","256884",""
"research","banana","mess-4","27","354824","stopped","6000","ySquared","0.57","0.5051201946037256","0.13041629051937317","true","true","PrecisionReached","1408.6769307698437","256884",""
"research","banana","mess-4","28","362743","fixed","12000","event","0.045500263896358334","0.04375","0.0205951199286438","true","true","FixedBudget","2617.725197230471","257788",""
"research","banana","mess-4","28","362743","fixed","12000","x","0.0","-0.008919648917626977","0.06473510224536905","true","true","FixedBudget","6278.972651986442","257788",""
"research","banana","mess-4","28","362743","fixed","12000","xSquared","1.0","0.9915164394246483","0.14078118735097958","true","true","FixedBudget","2461.2059931210883","257788",""
"research","banana","mess-4","28","362743","fixed","12000","y","0.0","-0.005628457778190876","0.06085423025019291","true","true","FixedBudget","3876.4883175047794","257788",""
"research","banana","mess-4","28","362743","fixed","12000","ySquared","0.57","0.5409314882323135","0.1679037430683116","true","false","FixedBudget","1145.8026687549266","257788","WidthTooLarge"
"research","banana","mess-4","28","362743","stopped","6000","event","0.045500263896358334","0.0495","0.027084016940392194","true","true","PrecisionReached","1702.3286685594533","257788",""
"research","banana","mess-4","28","362743","stopped","6000","x","0.0","0.002359336543748758","0.08693729559368472","true","true","PrecisionReached","3573.3350549624156","257788",""
"research","banana","mess-4","28","362743","stopped","6000","xSquared","1.0","1.0175977113685453","0.1630053185028259","true","true","PrecisionReached","1930.9296723130738","257788",""
"research","banana","mess-4","28","362743","stopped","6000","y","0.0","0.007704032561090313","0.07266916003052055","true","true","PrecisionReached","2781.6687025227466","257788",""
"research","banana","mess-4","28","362743","stopped","6000","ySquared","0.57","0.5535285271723269","0.1457107863785011","true","true","PrecisionReached","1412.9687374643077","257788",""
"research","banana","mess-4","29","370662","fixed","12000","event","0.045500263896358334","0.04622916666666667","0.04545772085111445","true","false","FixedBudget","566.301857190335","257596","WidthTooLarge"
"research","banana","mess-4","29","370662","fixed","12000","x","0.0","-0.026002806343555118","0.1538810159317457","true","false","FixedBudget","1152.4806707641185","257596","WidthTooLarge"
"research","banana","mess-4","29","370662","fixed","12000","xSquared","1.0","1.0289304630912581","0.4781730596204002","true","false","FixedBudget","306.2890211189559","257596","InsufficientMeanEss|WidthTooLarge"
"research","banana","mess-4","29","370662","fixed","12000","y","0.0","0.008703227116269502","0.20541504666234572","true","false","FixedBudget","429.94349991909723","257596","WidthTooLarge"
"research","banana","mess-4","29","370662","fixed","12000","ySquared","0.57","0.6836295338247168","0.9041427390338048","true","false","FixedBudget","170.30426010235084","257596","InsufficientMeanEss|WidthTooLarge"
"research","banana","mess-4","29","370662","stopped","4000","event","0.045500263896358334","0.031625","0.023417504873065376","false","true","PrecisionReached","1482.225086382324","257596",""
"research","banana","mess-4","29","370662","stopped","4000","x","0.0","0.007545292522967761","0.07690316573240305","true","true","PrecisionReached","4039.2163665673907","257596",""
"research","banana","mess-4","29","370662","stopped","4000","xSquared","1.0","0.9001020039994564","0.14516569058219386","false","true","PrecisionReached","1763.6685917054929","257596",""
"research","banana","mess-4","29","370662","stopped","4000","y","0.0","-0.04964247696289384","0.06629804281145163","false","true","PrecisionReached","2813.792254330631","257596",""
"research","banana","mess-4","29","370662","stopped","4000","ySquared","0.57","0.464067399160973","0.11033201136159718","false","true","PrecisionReached","1221.1386550280517","257596",""
"research","banana","mess-8","0","141011","fixed","12000","event","0.045500263896358334","0.04816666666666667","0.021755464697451692","true","true","FixedBudget","2570.8336273612554","472164",""
"research","banana","mess-8","0","141011","fixed","12000","x","0.0","-0.01344753379487329","0.06691787490835797","true","true","FixedBudget","6022.285403198856","472164",""
"research","banana","mess-8","0","141011","fixed","12000","xSquared","1.0","1.0162947926268933","0.15034315207463222","true","true","FixedBudget","2367.0075862808644","472164",""
"research","banana","mess-8","0","141011","fixed","12000","y","0.0","0.005504544679793999","0.06435364755125939","true","true","FixedBudget","3643.886572443042","472164",""
"research","banana","mess-8","0","141011","fixed","12000","ySquared","0.57","0.5686317811604789","0.16102399347161464","true","true","FixedBudget","1408.1707806013726","472164",""
"research","banana","mess-8","0","141011","stopped","10000","event","0.045500263896358334","0.05055","0.024280307024482674","true","true","PrecisionReached","2160.677346192445","472164",""
"research","banana","mess-8","0","141011","stopped","10000","x","0.0","-0.008630179967360263","0.07459194450946079","true","true","PrecisionReached","4925.160423814268","472164",""
"research","banana","mess-8","0","141011","stopped","10000","xSquared","1.0","1.0325962817437309","0.16481365326490913","true","true","PrecisionReached","2009.9747820548803","472164",""
"research","banana","mess-8","0","141011","stopped","10000","y","0.0","0.012703257879574714","0.07013884495114392","true","true","PrecisionReached","3113.9241343007784","472164",""
"research","banana","mess-8","0","141011","stopped","10000","ySquared","0.57","0.5773532873060905","0.17213701266078055","true","true","PrecisionReached","1231.2677252720962","472164",""
"research","banana","mess-8","1","148930","fixed","12000","event","0.045500263896358334","0.0515625","0.022746548907456816","true","true","FixedBudget","2508.5043078314256","472660",""
"research","banana","mess-8","1","148930","fixed","12000","x","0.0","0.021347350317283742","0.07165470625107212","true","true","FixedBudget","5295.599349764758","472660",""
"research","banana","mess-8","1","148930","fixed","12000","xSquared","1.0","1.0249307018059184","0.14860272468135466","true","true","FixedBudget","2422.4863463455954","472660",""
"research","banana","mess-8","1","148930","fixed","12000","y","0.0","0.010129353307289146","0.06569491788615844","true","true","FixedBudget","3543.446174563972","472660",""
"research","banana","mess-8","1","148930","fixed","12000","ySquared","0.57","0.5763197670168274","0.16051410141201689","true","true","FixedBudget","1387.5278189345238","472660",""
"research","banana","mess-8","1","148930","stopped","6000","event","0.045500263896358334","0.051708333333333335","0.026957434607669428","true","true","PrecisionReached","1790.8433541874906","472660",""
"research","banana","mess-8","1","148930","stopped","6000","x","0.0","-1.0480009998603546E-4","0.08584777824020029","true","true","PrecisionReached","3696.463741909202","472660",""
"research","banana","mess-8","1","148930","stopped","6000","xSquared","1.0","1.0264370712229793","0.16061208188012147","true","true","PrecisionReached","1932.3670526713706","472660",""
"research","banana","mess-8","1","148930","stopped","6000","y","0.0","0.008681429702930954","0.07149434720026263","true","true","PrecisionReached","2840.73530260768","472660",""
"research","banana","mess-8","1","148930","stopped","6000","ySquared","0.57","0.5471693422562168","0.13600560808679568","true","true","PrecisionReached","1375.7222850566839","472660",""
"research","banana","mess-8","2","156849","fixed","12000","event","0.045500263896358334","0.0495","0.02669644671973599","true","true","FixedBudget","1752.0786467426024","473372",""
"research","banana","mess-8","2","156849","fixed","12000","x","0.0","-0.009239568662779418","0.0807338935326373","true","true","FixedBudget","4113.344084629761","473372",""
"research","banana","mess-8","2","156849","fixed","12000","xSquared","1.0","1.0102766998264892","0.2158274053494144","true","true","FixedBudget","1224.7384474737007","473372",""
"research","banana","mess-8","2","156849","fixed","12000","y","0.0","0.004340917199583183","0.09055670314162889","true","true","FixedBudget","1930.5695477467498","473372",""
"research","banana","mess-8","2","156849","fixed","12000","ySquared","0.57","0.5965367143430933","0.3040792335802601","true","false","FixedBudget","581.0422633758795","473372","WidthTooLarge"
"research","banana","mess-8","2","156849","stopped","8000","event","0.045500263896358334","0.0435","0.020367723234354464","true","true","PrecisionReached","2661.932163766248","473372",""
"research","banana","mess-8","2","156849","stopped","8000","x","0.0","-0.0083089812661159","0.06601146125811629","true","true","PrecisionReached","5868.848338820507","473372",""
"research","banana","mess-8","2","156849","stopped","8000","xSquared","1.0","0.9636403424262137","0.12736973791302203","true","true","PrecisionReached","2861.2783392004403","473372",""
"research","banana","mess-8","2","156849","stopped","8000","y","0.0","-0.015564295263159611","0.058047302429727936","true","true","PrecisionReached","4162.01304386087","473372",""
"research","banana","mess-8","2","156849","stopped","8000","ySquared","0.57","0.5286385847154297","0.1319605954267207","true","true","PrecisionReached","1627.0880342738237","473372",""
"research","banana","mess-8","3","164768","fixed","12000","event","0.045500263896358334","0.0499375","0.0223711569578716","true","true","FixedBudget","2515.968976401881","473092",""
"research","banana","mess-8","3","164768","fixed","12000","x","0.0","0.013639726432937871","0.0732116150546943","true","true","FixedBudget","5120.263497040829","473092",""
"research","banana","mess-8","3","164768","fixed","12000","xSquared","1.0","1.0342540158525624","0.15785223141250268","true","true","FixedBudget","2252.343398949776","473092",""
"research","banana","mess-8","3","164768","fixed","12000","y","0.0","0.01032974232063788","0.06902672863474116","true","true","FixedBudget","3233.7334637861686","473092",""
"research","banana","mess-8","3","164768","fixed","12000","ySquared","0.57","0.580651324543058","0.18104848411065422","true","true","FixedBudget","1261.3639302432991","473092",""
"research","banana","mess-8","3","164768","stopped","4000","event","0.045500263896358334","0.035875","0.019539973443197082","true","true","PrecisionReached","2404.3551078811515","473092",""
"research","banana","mess-8","3","164768","stopped","4000","x","0.0","9.820965593330122E-4","0.07711795942353228","true","true","PrecisionReached","4205.684066221293","473092",""
"research","banana","mess-8","3","164768","stopped","4000","xSquared","1.0","0.9423817209637912","0.13330909272175862","true","true","PrecisionReached","2293.062530397471","473092",""
"research","banana","mess-8","3","164768","stopped","4000","y","0.0","-0.030465654484944205","0.05866026685867984","false","true","PrecisionReached","3674.740166915788","473092",""
"research","banana","mess-8","3","164768","stopped","4000","ySquared","0.57","0.47735191405146826","0.0901957003607597","false","true","PrecisionReached","2122.950637226565","473092",""
"research","banana","mess-8","4","172687","fixed","12000","event","0.045500263896358334","0.050229166666666665","0.029370429285419362","true","true","FixedBudget","1467.7679875164592","473364",""
"research","banana","mess-8","4","172687","fixed","12000","x","0.0","-0.0024739507578670494","0.09697799795120335","true","true","FixedBudget","2966.8017908518127","473364",""
"research","banana","mess-8","4","172687","fixed","12000","xSquared","1.0","1.0513184612160664","0.25378088868459","true","false","FixedBudget","946.2006052453912","473364","WidthTooLarge"
"research","banana","mess-8","4","172687","fixed","12000","y","0.0","0.023003486194134726","0.10897805776158635","true","true","FixedBudget","1381.2433131180394","473364",""
"research","banana","mess-8","4","172687","fixed","12000","ySquared","0.57","0.618609767183582","0.3860913050238349","true","false","FixedBudget","442.46342503278805","473364","WidthTooLarge"
"research","banana","mess-8","4","172687","stopped","4000","event","0.045500263896358334","0.035125","0.021344750498736447","true","true","PrecisionReached","1974.3607843703244","473364",""
"research","banana","mess-8","4","172687","stopped","4000","x","0.0","-0.011419735600214365","0.07398424563719956","true","true","PrecisionReached","4460.287515044398","473364",""
"research","banana","mess-8","4","172687","stopped","4000","xSquared","1.0","0.9199868645674554","0.13628446777884207","false","true","PrecisionReached","2094.535500460813","473364",""
"research","banana","mess-8","4","172687","stopped","4000","y","0.0","-0.02677106014427899","0.06031884484826275","true","true","PrecisionReached","3432.2165781870053","473364",""
"research","banana","mess-8","4","172687","stopped","4000","ySquared","0.57","0.469242101638368","0.0978706762632518","false","true","PrecisionReached","1739.8120311376595","473364",""
"research","banana","mess-8","5","180606","fixed","12000","event","0.045500263896358334","0.0464375","0.025480208322135472","true","true","FixedBudget","1810.152832710377","471276",""
"research","banana","mess-8","5","180606","fixed","12000","x","0.0","0.0016987043232112864","0.08480986487647622","true","true","FixedBudget","3734.514196287366","471276",""
"research","banana","mess-8","5","180606","fixed","12000","xSquared","1.0","1.0121034308998507","0.19931516975481056","true","true","FixedBudget","1397.9463382885692","471276",""
"research","banana","mess-8","5","180606","fixed","12000","y","0.0","0.004741952243646291","0.08676899927886515","true","true","FixedBudget","2064.9858095747095","471276",""
"research","banana","mess-8","5","180606","fixed","12000","ySquared","0.57","0.5858139657538114","0.27044027758192063","true","false","FixedBudget","710.8923337634027","471276","WidthTooLarge"
"research","banana","mess-8","5","180606","stopped","12000","event","0.045500263896358334","0.0464375","0.025480208322135472","true","true","MaxDrawsReached","1810.152832710377","471276",""
"research","banana","mess-8","5","180606","stopped","12000","x","0.0","0.0016987043232112864","0.08480986487647622","true","true","MaxDrawsReached","3734.514196287366","471276",""
"research","banana","mess-8","5","180606","stopped","12000","xSquared","1.0","1.0121034308998507","0.19931516975481056","true","true","MaxDrawsReached","1397.9463382885692","471276",""
"research","banana","mess-8","5","180606","stopped","12000","y","0.0","0.004741952243646291","0.08676899927886515","true","true","MaxDrawsReached","2064.9858095747095","471276",""
"research","banana","mess-8","5","180606","stopped","12000","ySquared","0.57","0.5858139657538114","0.27044027758192063","true","false","MaxDrawsReached","710.8923337634027","471276","WidthTooLarge"
"research","banana","mess-8","6","188525","fixed","12000","event","0.045500263896358334","0.043895833333333335","0.015590754045341507","true","true","FixedBudget","4582.447170587537","471916",""
"research","banana","mess-8","6","188525","fixed","12000","x","0.0","0.016198156353796733","0.05231258927401575","true","true","FixedBudget","9545.519484906083","471916",""
"research","banana","mess-8","6","188525","fixed","12000","xSquared","1.0","0.9845200395662814","0.09762614789724512","true","true","FixedBudget","4853.83670880293","471916",""
"research","banana","mess-8","6","188525","fixed","12000","y","0.0","-0.007510313124454562","0.04344645479312093","true","true","FixedBudget","7283.248071260744","471916",""
"research","banana","mess-8","6","188525","fixed","12000","ySquared","0.57","0.5180573977053572","0.08348301312432652","false","true","FixedBudget","3501.0317956643275","471916",""
"research","banana","mess-8","6","188525","stopped","4000","event","0.045500263896358334","0.04725","0.026980661476629305","true","true","PrecisionReached","1641.333672062576","471916",""
"research","banana","mess-8","6","188525","stopped","4000","x","0.0","0.020699233257805538","0.08838868048598825","true","true","PrecisionReached","3344.601713799732","471916",""
"research","banana","mess-8","6","188525","stopped","4000","xSquared","1.0","0.98493003120928","0.16288689015473978","true","true","PrecisionReached","1797.93584240358","471916",""
"research","banana","mess-8","6","188525","stopped","4000","y","0.0","1.6003010882015278E-4","0.0723926756257926","true","true","PrecisionReached","2717.277316177732","471916",""
"research","banana","mess-8","6","188525","stopped","4000","ySquared","0.57","0.5365398037947746","0.13271901876834175","true","true","PrecisionReached","1427.8160060946468","471916",""
"research","banana","mess-8","7","196444","fixed","12000","event","0.045500263896358334","0.043770833333333335","0.02311687725062169","true","true","FixedBudget","2078.699281132873","471548",""
"research","banana","mess-8","7","196444","fixed","12000","x","0.0","0.009116604248777138","0.06548950106400432","true","true","FixedBudget","6101.770149774849","471548",""
"research","banana","mess-8","7","196444","fixed","12000","xSquared","1.0","0.9861264637972247","0.1546157862723843","true","true","FixedBudget","2078.4554450092637","471548",""
"research","banana","mess-8","7","196444","fixed","12000","y","0.0","-6.103394216023586E-4","0.06762219226069638","true","true","FixedBudget","3205.5630645451806","471548",""
"research","banana","mess-8","7","196444","fixed","12000","ySquared","0.57","0.5523061920451332","0.16948311183865553","true","false","FixedBudget","1166.959154066786","471548","WidthTooLarge"
"research","banana","mess-8","7","196444","stopped","12000","event","0.045500263896358334","0.043770833333333335","0.02311687725062169","true","true","MaxDrawsReached","2078.699281132873","471548",""
"research","banana","mess-8","7","196444","stopped","12000","x","0.0","0.009116604248777138","0.06548950106400432","true","true","MaxDrawsReached","6101.770149774849","471548",""
"research","banana","mess-8","7","196444","stopped","12000","xSquared","1.0","0.9861264637972247","0.1546157862723843","true","true","MaxDrawsReached","2078.4554450092637","471548",""
"research","banana","mess-8","7","196444","stopped","12000","y","0.0","-6.103394216023586E-4","0.06762219226069638","true","true","MaxDrawsReached","3205.5630645451806","471548",""
"research","banana","mess-8","7","196444","stopped","12000","ySquared","0.57","0.5523061920451332","0.16948311183865553","true","false","MaxDrawsReached","1166.959154066786","471548","WidthTooLarge"
"research","banana","mess-8","8","204363","fixed","12000","event","0.045500263896358334","0.0506875","0.02440658954329028","true","true","FixedBudget","2143.8730969020635","471844",""
"research","banana","mess-8","8","204363","fixed","12000","x","0.0","0.010426705919465484","0.07958157756338094","true","true","FixedBudget","4292.836981304469","471844",""
"research","banana","mess-8","8","204363","fixed","12000","xSquared","1.0","1.0245009711767625","0.19241678772523746","true","true","FixedBudget","1543.6638753936397","471844",""
"research","banana","mess-8","8","204363","fixed","12000","y","0.0","0.01405854223318892","0.08387234688947211","true","true","FixedBudget","2261.813519917116","471844",""
"research","banana","mess-8","8","204363","fixed","12000","ySquared","0.57","0.5997004046043144","0.2751278837113996","true","false","FixedBudget","675.3019790919433","471844","WidthTooLarge"
"research","banana","mess-8","8","204363","stopped","12000","event","0.045500263896358334","0.0506875","0.02440658954329028","true","true","MaxDrawsReached","2143.8730969020635","471844",""
"research","banana","mess-8","8","204363","stopped","12000","x","0.0","0.010426705919465484","0.07958157756338094","true","true","MaxDrawsReached","4292.836981304469","471844",""
"research","banana","mess-8","8","204363","stopped","12000","xSquared","1.0","1.0245009711767625","0.19241678772523746","true","true","MaxDrawsReached","1543.6638753936397","471844",""
"research","banana","mess-8","8","204363","stopped","12000","y","0.0","0.01405854223318892","0.08387234688947211","true","true","MaxDrawsReached","2261.813519917116","471844",""
"research","banana","mess-8","8","204363","stopped","12000","ySquared","0.57","0.5997004046043144","0.2751278837113996","true","false","MaxDrawsReached","675.3019790919433","471844","WidthTooLarge"
"research","banana","mess-8","9","212282","fixed","12000","event","0.045500263896358334","0.044020833333333335","0.02062450041968323","true","true","FixedBudget","2625.6873440258064","472612",""
"research","banana","mess-8","9","212282","fixed","12000","x","0.0","0.01300449275236315","0.0658912024706452","true","true","FixedBudget","6015.237618904646","472612",""
"research","banana","mess-8","9","212282","fixed","12000","xSquared","1.0","0.9841903186943066","0.15519042359269591","true","true","FixedBudget","2103.447792935011","472612",""
"research","banana","mess-8","9","212282","fixed","12000","y","0.0","-0.007933978471072385","0.0667995467682737","true","true","FixedBudget","3330.2598435795308","472612",""
"research","banana","mess-8","9","212282","fixed","12000","ySquared","0.57","0.5599777567043279","0.20704338540206124","true","false","FixedBudget","985.3765356763146","472612","WidthTooLarge"
"research","banana","mess-8","9","212282","stopped","12000","event","0.045500263896358334","0.044020833333333335","0.02062450041968323","true","true","MaxDrawsReached","2625.6873440258064","472612",""
"research","banana","mess-8","9","212282","stopped","12000","x","0.0","0.01300449275236315","0.0658912024706452","true","true","MaxDrawsReached","6015.237618904646","472612",""
"research","banana","mess-8","9","212282","stopped","12000","xSquared","1.0","0.9841903186943066","0.15519042359269591","true","true","MaxDrawsReached","2103.447792935011","472612",""
"research","banana","mess-8","9","212282","stopped","12000","y","0.0","-0.007933978471072385","0.0667995467682737","true","true","MaxDrawsReached","3330.2598435795308","472612",""
"research","banana","mess-8","9","212282","stopped","12000","ySquared","0.57","0.5599777567043279","0.20704338540206124","true","false","MaxDrawsReached","985.3765356763146","472612","WidthTooLarge"
"research","banana","mess-8","10","220201","fixed","12000","event","0.045500263896358334","0.0379375","0.013168454790541838","false","true","FixedBudget","5586.059526735922","470236",""
"research","banana","mess-8","10","220201","fixed","12000","x","0.0","0.020377760169908166","0.04587569681496979","true","true","FixedBudget","11873.994444836831","470236",""
"research","banana","mess-8","10","220201","fixed","12000","xSquared","1.0","0.9419990812401047","0.08310596208922062","false","true","FixedBudget","5976.132472966506","470236",""
"research","banana","mess-8","10","220201","fixed","12000","y","0.0","-0.025575728667351555","0.03807595098900436","false","true","FixedBudget","9022.40393804612","470236",""
"research","banana","mess-8","10","220201","fixed","12000","ySquared","0.57","0.4935107292134278","0.06206159421549585","false","true","FixedBudget","5031.3686369861825","470236",""
"research","banana","mess-8","10","220201","stopped","4000","event","0.045500263896358334","0.0371875","0.023089772774666055","true","true","PrecisionReached","1782.4636404851226","470236",""
"research","banana","mess-8","10","220201","stopped","4000","x","0.0","0.03722099490755251","0.07990294572603415","true","true","PrecisionReached","3884.600466111092","470236",""
"research","banana","mess-8","10","220201","stopped","4000","xSquared","1.0","0.9298882281951326","0.14590947314037733","true","true","PrecisionReached","1931.874345231355","470236",""
"research","banana","mess-8","10","220201","stopped","4000","y","0.0","-0.02780622435880828","0.06774515386921137","true","true","PrecisionReached","2869.1704308789267","470236",""
"research","banana","mess-8","10","220201","stopped","4000","ySquared","0.57","0.49689865085209173","0.11312163657565767","false","true","PrecisionReached","1568.7488524048188","470236",""
"research","banana","mess-8","11","228120","fixed","12000","event","0.045500263896358334","0.043354166666666666","0.022170086838032867","true","true","FixedBudget","2239.496752888156","471788",""
"research","banana","mess-8","11","228120","fixed","12000","x","0.0","-0.007135337830778937","0.0673556344905708","true","true","FixedBudget","5762.091040256431","471788",""
"research","banana","mess-8","11","228120","fixed","12000","xSquared","1.0","0.9850249442780038","0.17685901452325462","true","true","FixedBudget","1619.3044218025614","471788",""
"research","banana","mess-8","11","228120","fixed","12000","y","0.0","-0.008214655815152239","0.07752958637598326","true","true","FixedBudget","2465.080600614779","471788",""
"research","banana","mess-8","11","228120","fixed","12000","ySquared","0.57","0.5583613508017746","0.2505835345814902","true","false","FixedBudget","677.548428012093","471788","WidthTooLarge"
"research","banana","mess-8","11","228120","stopped","2000","event","0.045500263896358334","0.0375","0.02816659155784721","true","true","PrecisionReached","1207.5687185161175","471788",""
"research","banana","mess-8","11","228120","stopped","2000","x","0.0","0.0051910799494966076","0.09325756721659563","true","true","PrecisionReached","2855.5224987535266","471788",""
"research","banana","mess-8","11","228120","stopped","2000","xSquared","1.0","0.9356594700479534","0.17526061536210688","true","true","PrecisionReached","1298.5333917163903","471788",""
"research","banana","mess-8","11","228120","stopped","2000","y","0.0","-0.03615777503868589","0.07855296795149243","true","true","PrecisionReached","2084.075374516091","471788",""
"research","banana","mess-8","11","228120","stopped","2000","ySquared","0.57","0.48580336521125855","0.10662963853896686","false","true","PrecisionReached","1359.2807197459158","471788",""
"research","banana","mess-8","12","236039","fixed","12000","event","0.045500263896358334","0.03975","0.015395292602452077","true","true","FixedBudget","4274.140086309145","471452",""
"research","banana","mess-8","12","236039","fixed","12000","x","0.0","-0.0010520678047830911","0.05148799251683415","true","true","FixedBudget","9690.054098758568","471452",""
"research","banana","mess-8","12","236039","fixed","12000","xSquared","1.0","0.9679109844717322","0.10406128838482928","true","true","FixedBudget","4242.0301173183","471452",""
"research","banana","mess-8","12","236039","fixed","12000","y","0.0","-0.013034425500181301","0.046889542712989035","true","true","FixedBudget","6301.766970826251","471452",""
"research","banana","mess-8","12","236039","fixed","12000","ySquared","0.57","0.5222187372307611","0.1066292304151221","true","true","FixedBudget","2514.9037446276816","471452",""
"research","banana","mess-8","12","236039","stopped","8000","event","0.045500263896358334","0.04209375","0.02006697269786598","true","true","PrecisionReached","2657.56947684283","471452",""
"research","banana","mess-8","12","236039","stopped","8000","x","0.0","0.0027784126318106533","0.06509037171962298","true","true","PrecisionReached","6166.349351203046","471452",""
"research","banana","mess-8","12","236039","stopped","8000","xSquared","1.0","0.9843676045792356","0.13546440075047222","true","true","PrecisionReached","2632.4200803048034","471452",""
"research","banana","mess-8","12","236039","stopped","8000","y","0.0","-0.007808866008848447","0.06067818756921788","true","true","PrecisionReached","3867.331900396611","471452",""
"research","banana","mess-8","12","236039","stopped","8000","ySquared","0.57","0.5365599864615294","0.1426690621752255","true","true","PrecisionReached","1566.7239014904883","471452",""
"research","banana","mess-8","13","243958","fixed","12000","event","0.045500263896358334","0.04077083333333331","0.018643672573933234","true","true","FixedBudget","2986.1541851629136","471148",""
"research","banana","mess-8","13","243958","fixed","12000","x","0.0","-0.02991379752789536","0.06036901303065581","true","true","FixedBudget","7094.36631290971","471148",""
"research","banana","mess-8","13","243958","fixed","12000","xSquared","1.0","0.9750733838221728","0.13631338231388443","true","true","FixedBudget","2645.1412760971493","471148",""
"research","banana","mess-8","13","243958","fixed","12000","y","0.0","-0.00675297334353564","0.05881658221071175","true","true","FixedBudget","4128.510018051233","471148",""
"research","banana","mess-8","13","243958","fixed","12000","ySquared","0.57","0.5381787116371148","0.16546297625233308","true","true","FixedBudget","1350.4653328844881","471148",""
"research","banana","mess-8","13","243958","stopped","10000","event","0.045500263896358334","0.04190000000000005","0.020256384329039253","true","true","PrecisionReached","2596.6057492411046","471148",""
"research","banana","mess-8","13","243958","stopped","10000","x","0.0","-0.033686491953132336","0.06570894354691977","false","true","PrecisionReached","6094.995399327515","471148",""
"research","banana","mess-8","13","243958","stopped","10000","xSquared","1.0","0.987007896719795","0.14792374547629594","true","true","PrecisionReached","2344.596621699374","471148",""
"research","banana","mess-8","13","243958","stopped","10000","y","0.0","-0.0024794784399853054","0.06404804666009739","true","true","PrecisionReached","3554.9913773421267","471148",""
"research","banana","mess-8","13","243958","stopped","10000","ySquared","0.57","0.5494778384219952","0.1809138414604543","true","true","PrecisionReached","1250.7037177691714","471148",""
"research","banana","mess-8","14","251877","fixed","12000","event","0.045500263896358334","0.041354166666666664","0.014924787123216751","true","true","FixedBudget","4723.504901488913","471116",""
"research","banana","mess-8","14","251877","fixed","12000","x","0.0","-0.012224659941721894","0.04846228410229413","true","true","FixedBudget","10836.244208920754","471116",""
"research","banana","mess-8","14","251877","fixed","12000","xSquared","1.0","0.9590715780514609","0.09286434357929484","true","true","FixedBudget","5054.7637816945025","471116",""
"research","banana","mess-8","14","251877","fixed","12000","y","0.0","-0.01933772093858932","0.0425349896160067","true","true","FixedBudget","7426.270489574526","471116",""
"research","banana","mess-8","14","251877","fixed","12000","ySquared","0.57","0.5066183420157826","0.08309934463607942","false","true","FixedBudget","3297.4834151340838","471116",""
"research","banana","mess-8","14","251877","stopped","6000","event","0.045500263896358334","0.03929166666666667","0.01963595033234385","true","true","PrecisionReached","2598.366483001601","471116",""
"research","banana","mess-8","14","251877","stopped","6000","x","0.0","0.0021896815164770267","0.06324008943439668","true","true","PrecisionReached","6353.526835557667","471116",""
"research","banana","mess-8","14","251877","stopped","6000","xSquared","1.0","0.9573918982164912","0.12136548828183823","true","true","PrecisionReached","2894.115425091143","471116",""
"research","banana","mess-8","14","251877","stopped","6000","y","0.0","-0.019963748216163313","0.05479056254912624","true","true","PrecisionReached","4379.218673204848","471116",""
"research","banana","mess-8","14","251877","stopped","6000","ySquared","0.57","0.4957300023321325","0.10286106912649592","false","true","PrecisionReached","1915.504068983341","471116",""
"research","banana","mess-8","15","259796","fixed","12000","event","0.045500263896358334","0.05241666666666667","0.029613276938395522","true","true","FixedBudget","1503.2010659993139","474620",""
"research","banana","mess-8","15","259796","fixed","12000","x","0.0","4.6214866720706294E-4","0.09812247783301974","true","true","FixedBudget","2912.879635961903","474620",""
"research","banana","mess-8","15","259796","fixed","12000","xSquared","1.0","1.0567115202456203","0.243504133625217","true","false","FixedBudget","1086.376640588857","474620","WidthTooLarge"
"research","banana","mess-8","15","259796","fixed","12000","y","0.0","0.023268284896629493","0.10668860697378538","true","true","FixedBudget","1509.9584461408313","474620",""
"research","banana","mess-8","15","259796","fixed","12000","ySquared","0.57","0.6481280621536069","0.3766762152026695","true","false","FixedBudget","540.6226787412897","474620","WidthTooLarge"
"research","banana","mess-8","15","259796","stopped","12000","event","0.045500263896358334","0.05241666666666667","0.029613276938395522","true","true","MaxDrawsReached","1503.2010659993139","474620",""
"research","banana","mess-8","15","259796","stopped","12000","x","0.0","4.6214866720706294E-4","0.09812247783301974","true","true","MaxDrawsReached","2912.879635961903","474620",""
"research","banana","mess-8","15","259796","stopped","12000","xSquared","1.0","1.0567115202456203","0.243504133625217","true","false","MaxDrawsReached","1086.376640588857","474620","WidthTooLarge"
"research","banana","mess-8","15","259796","stopped","12000","y","0.0","0.023268284896629493","0.10668860697378538","true","true","MaxDrawsReached","1509.9584461408313","474620",""
"research","banana","mess-8","15","259796","stopped","12000","ySquared","0.57","0.6481280621536069","0.3766762152026695","true","false","MaxDrawsReached","540.6226787412897","474620","WidthTooLarge"
"research","banana","mess-8","16","267715","fixed","12000","event","0.045500263896358334","0.03972916666666667","0.014458891771952606","true","true","FixedBudget","4843.244324776292","470452",""
"research","banana","mess-8","16","267715","fixed","12000","x","0.0","0.006362104464507745","0.048362844460654676","true","true","FixedBudget","10778.06900015556","470452",""
"research","banana","mess-8","16","267715","fixed","12000","xSquared","1.0","0.9499044872693991","0.09497358158888512","false","true","FixedBudget","4748.751679038719","470452",""
"research","banana","mess-8","16","267715","fixed","12000","y","0.0","-0.0185080146402824","0.042243656994266084","true","true","FixedBudget","7796.942889609252","470452",""
"research","banana","mess-8","16","267715","fixed","12000","ySquared","0.57","0.49580316299188193","0.08427190260417361","false","true","FixedBudget","3073.142165342564","470452",""
"research","banana","mess-8","16","267715","stopped","4000","event","0.045500263896358334","0.035375","0.02114283394038811","true","true","PrecisionReached","2026.0486006959725","470452",""
"research","banana","mess-8","16","267715","stopped","4000","x","0.0","-0.020414168456012127","0.06929942553003705","true","true","PrecisionReached","5041.037380146187","470452",""
"research","banana","mess-8","16","267715","stopped","4000","xSquared","1.0","0.912549157938465","0.1338201743573654","false","true","PrecisionReached","2155.664151287301","470452",""
"research","banana","mess-8","16","267715","stopped","4000","y","0.0","-0.032919970790311615","0.062430441681586214","false","true","PrecisionReached","3178.786181140144","470452",""
"research","banana","mess-8","16","267715","stopped","4000","ySquared","0.57","0.4678858625929224","0.1077433271684733","false","true","PrecisionReached","1508.9094351035706","470452",""
"research","banana","mess-8","17","275634","fixed","12000","event","0.045500263896358334","0.048541666666666664","0.024349706723780493","true","true","FixedBudget","2067.3794103170444","473020",""
"research","banana","mess-8","17","275634","fixed","12000","x","0.0","0.018143403520661572","0.07530281885916264","true","true","FixedBudget","4772.121522351777","473020",""
"research","banana","mess-8","17","275634","fixed","12000","xSquared","1.0","1.0199313823310008","0.16886191189067967","true","true","FixedBudget","1878.1604070108833","473020",""
"research","banana","mess-8","17","275634","fixed","12000","y","0.0","0.001318605802715006","0.07296635303498983","true","true","FixedBudget","2868.4644850265704","473020",""
"research","banana","mess-8","17","275634","fixed","12000","ySquared","0.57","0.5754304918932038","0.2040387706126598","true","false","FixedBudget","986.7915629879682","473020","WidthTooLarge"
"research","banana","mess-8","17","275634","stopped","12000","event","0.045500263896358334","0.048541666666666664","0.024349706723780493","true","true","MaxDrawsReached","2067.3794103170444","473020",""
"research","banana","mess-8","17","275634","stopped","12000","x","0.0","0.018143403520661572","0.07530281885916264","true","true","MaxDrawsReached","4772.121522351777","473020",""
"research","banana","mess-8","17","275634","stopped","12000","xSquared","1.0","1.0199313823310008","0.16886191189067967","true","true","MaxDrawsReached","1878.1604070108833","473020",""
"research","banana","mess-8","17","275634","stopped","12000","y","0.0","0.001318605802715006","0.07296635303498983","true","true","MaxDrawsReached","2868.4644850265704","473020",""
"research","banana","mess-8","17","275634","stopped","12000","ySquared","0.57","0.5754304918932038","0.2040387706126598","true","false","MaxDrawsReached","986.7915629879682","473020","WidthTooLarge"
"research","banana","mess-8","18","283553","fixed","12000","event","0.045500263896358334","0.03575","0.012975464002352244","false","true","FixedBudget","5434.043338271768","470012",""
"research","banana","mess-8","18","283553","fixed","12000","x","0.0","-0.018112413424060614","0.04218452054059925","true","true","FixedBudget","14484.073870978402","470012",""
"research","banana","mess-8","18","283553","fixed","12000","xSquared","1.0","0.92294496200456","0.08176226501374902","false","true","FixedBudget","5971.563264671065","470012",""
"research","banana","mess-8","18","283553","fixed","12000","y","0.0","-0.03434853820800643","0.03692351175874797","false","true","FixedBudget","9366.748092644328","470012",""
"research","banana","mess-8","18","283553","fixed","12000","ySquared","0.57","0.48234217666376766","0.07443659149829882","false","true","FixedBudget","3483.174111367394","470012",""
"research","banana","mess-8","18","283553","stopped","2000","event","0.045500263896358334","0.030875","0.021277820948987624","false","true","PrecisionReached","1754.2072593544917","470012",""
"research","banana","mess-8","18","283553","stopped","2000","x","0.0","-0.02485995512070216","0.08670383456955061","true","true","PrecisionReached","3199.681466691483","470012",""
"research","banana","mess-8","18","283553","stopped","2000","xSquared","1.0","0.9068406725570746","0.15481955848161616","false","true","PrecisionReached","1515.8896903926393","470012",""
"research","banana","mess-8","18","283553","stopped","2000","y","0.0","-0.052675038826177634","0.07373926094882673","false","true","PrecisionReached","2232.405016563149","470012",""
"research","banana","mess-8","18","283553","stopped","2000","ySquared","0.57","0.46009667669286336","0.08609992873101156","false","true","PrecisionReached","1773.1436760978795","470012",""
"research","banana","mess-8","19","291472","fixed","12000","event","0.045500263896358334","0.0515","0.026332309169913838","true","true","FixedBudget","1869.6911466455203","473668",""
"research","banana","mess-8","19","291472","fixed","12000","x","0.0","0.014523658728762268","0.0845662989335212","true","true","FixedBudget","3890.0515493870903","473668",""
"research","banana","mess-8","19","291472","fixed","12000","xSquared","1.0","1.0484173343248226","0.1996129886781699","true","true","FixedBudget","1506.9844228854454","473668",""
"research","banana","mess-8","19","291472","fixed","12000","y","0.0","0.02075583353908872","0.08814026910986651","true","true","FixedBudget","2121.146040625377","473668",""
"research","banana","mess-8","19","291472","fixed","12000","ySquared","0.57","0.6213228796481646","0.255969889139377","true","false","FixedBudget","882.848439080985","473668","WidthTooLarge"
"research","banana","mess-8","19","291472","stopped","12000","event","0.045500263896358334","0.0515","0.026332309169913838","true","true","MaxDrawsReached","1869.6911466455203","473668",""
"research","banana","mess-8","19","291472","stopped","12000","x","0.0","0.014523658728762268","0.0845662989335212","true","true","MaxDrawsReached","3890.0515493870903","473668",""
"research","banana","mess-8","19","291472","stopped","12000","xSquared","1.0","1.0484173343248226","0.1996129886781699","true","true","MaxDrawsReached","1506.9844228854454","473668",""
"research","banana","mess-8","19","291472","stopped","12000","y","0.0","0.02075583353908872","0.08814026910986651","true","true","MaxDrawsReached","2121.146040625377","473668",""
"research","banana","mess-8","19","291472","stopped","12000","ySquared","0.57","0.6213228796481646","0.255969889139377","true","false","MaxDrawsReached","882.848439080985","473668","WidthTooLarge"
"research","banana","mess-8","20","299391","fixed","12000","event","0.045500263896358334","0.045083333333333336","0.021816353903770236","true","true","FixedBudget","2400.603033933896","471260",""
"research","banana","mess-8","20","299391","fixed","12000","x","0.0","0.003776812382182637","0.06713175966912763","true","true","FixedBudget","5842.451145678255","471260",""
"research","banana","mess-8","20","299391","fixed","12000","xSquared","1.0","0.9920971401390533","0.15494017975216304","true","true","FixedBudget","2116.9241971831825","471260",""
"research","banana","mess-8","20","299391","fixed","12000","y","0.0","-0.0014164908834690682","0.06758986617365151","true","true","FixedBudget","3189.899896011258","471260",""
"research","banana","mess-8","20","299391","fixed","12000","ySquared","0.57","0.5490837817198062","0.18587642960523176","true","false","FixedBudget","1026.2010967128563","471260","WidthTooLarge"
"research","banana","mess-8","20","299391","stopped","12000","event","0.045500263896358334","0.045083333333333336","0.021816353903770236","true","true","MaxDrawsReached","2400.603033933896","471260",""
"research","banana","mess-8","20","299391","stopped","12000","x","0.0","0.003776812382182637","0.06713175966912763","true","true","MaxDrawsReached","5842.451145678255","471260",""
"research","banana","mess-8","20","299391","stopped","12000","xSquared","1.0","0.9920971401390533","0.15494017975216304","true","true","MaxDrawsReached","2116.9241971831825","471260",""
"research","banana","mess-8","20","299391","stopped","12000","y","0.0","-0.0014164908834690682","0.06758986617365151","true","true","MaxDrawsReached","3189.899896011258","471260",""
"research","banana","mess-8","20","299391","stopped","12000","ySquared","0.57","0.5490837817198062","0.18587642960523176","true","false","MaxDrawsReached","1026.2010967128563","471260","WidthTooLarge"
"research","banana","mess-8","21","307310","fixed","12000","event","0.045500263896358334","0.04908333333333333","0.02014782414964911","true","true","FixedBudget","3051.570466537453","471284",""
"research","banana","mess-8","21","307310","fixed","12000","x","0.0","-0.008376226725094749","0.06549941290071312","true","true","FixedBudget","6234.605031163598","471284",""
"research","banana","mess-8","21","307310","fixed","12000","xSquared","1.0","1.007884566645097","0.14620716041383283","true","true","FixedBudget","2489.9742140251615","471284",""
"research","banana","mess-8","21","307310","fixed","12000","y","0.0","8.643586758561861E-4","0.06468088422183424","true","true","FixedBudget","3658.0359210544025","471284",""
"research","banana","mess-8","21","307310","fixed","12000","ySquared","0.57","0.5766299911503714","0.1870678439438698","true","true","FixedBudget","1185.2694747653154","471284",""
"research","banana","mess-8","21","307310","stopped","12000","event","0.045500263896358334","0.04908333333333333","0.02014782414964911","true","true","PrecisionReached","3051.570466537453","471284",""
"research","banana","mess-8","21","307310","stopped","12000","x","0.0","-0.008376226725094749","0.06549941290071312","true","true","PrecisionReached","6234.605031163598","471284",""
"research","banana","mess-8","21","307310","stopped","12000","xSquared","1.0","1.007884566645097","0.14620716041383283","true","true","PrecisionReached","2489.9742140251615","471284",""
"research","banana","mess-8","21","307310","stopped","12000","y","0.0","8.643586758561861E-4","0.06468088422183424","true","true","PrecisionReached","3658.0359210544025","471284",""
"research","banana","mess-8","21","307310","stopped","12000","ySquared","0.57","0.5766299911503714","0.1870678439438698","true","true","PrecisionReached","1185.2694747653154","471284",""
"research","banana","mess-8","22","315229","fixed","12000","event","0.045500263896358334","0.03941666666666667","0.01410984543814302","true","true","FixedBudget","5047.468616325271","470532",""
"research","banana","mess-8","22","315229","fixed","12000","x","0.0","0.010847684335097418","0.047367220107356625","true","true","FixedBudget","11574.035696820147","470532",""
"research","banana","mess-8","22","315229","fixed","12000","xSquared","1.0","0.9562617981583637","0.09402637568812755","true","true","FixedBudget","4925.04525595606","470532",""
"research","banana","mess-8","22","315229","fixed","12000","y","0.0","-0.017700011009709443","0.042337312602631204","true","true","FixedBudget","7415.148633043148","470532",""
"research","banana","mess-8","22","315229","fixed","12000","ySquared","0.57","0.5011120412837401","0.08506319794570992","false","true","FixedBudget","2987.9010904762295","470532",""
"research","banana","mess-8","22","315229","stopped","8000","event","0.045500263896358334","0.03921875","0.01763335309243177","true","true","PrecisionReached","3216.297262047581","470532",""
"research","banana","mess-8","22","315229","stopped","8000","x","0.0","0.002923238867126754","0.06116066563324495","true","true","PrecisionReached","7159.292997052997","470532",""
"research","banana","mess-8","22","315229","stopped","8000","xSquared","1.0","0.9551802168054566","0.1200827418926897","true","true","PrecisionReached","3021.671967425418","470532",""
"research","banana","mess-8","22","315229","stopped","8000","y","0.0","-0.014136939084435363","0.05429867330549864","true","true","PrecisionReached","4515.286792833378","470532",""
"research","banana","mess-8","22","315229","stopped","8000","ySquared","0.57","0.5017981516540923","0.11311781231890222","false","true","PrecisionReached","1770.1006862834952","470532",""
"research","banana","mess-8","23","323148","fixed","12000","event","0.045500263896358334","0.043833333333333335","0.020052135159061932","true","true","FixedBudget","2766.432317947731","472244",""
"research","banana","mess-8","23","323148","fixed","12000","x","0.0","0.034807169427662044","0.06328267910152806","false","true","FixedBudget","6510.6979399524325","472244",""
"research","banana","mess-8","23","323148","fixed","12000","xSquared","1.0","0.9836244524755788","0.144507524113992","true","true","FixedBudget","2390.1843496010297","472244",""
"research","banana","mess-8","23","323148","fixed","12000","y","0.0","-0.004949705309175378","0.06440446351117175","true","true","FixedBudget","3502.7038476092926","472244",""
"research","banana","mess-8","23","323148","fixed","12000","ySquared","0.57","0.5474589884262991","0.17003269550292915","true","true","FixedBudget","1260.8668893757258","472244",""
"research","banana","mess-8","23","323148","stopped","8000","event","0.045500263896358334","0.04109375","0.02043855926130388","true","true","PrecisionReached","2503.566254098633","472244",""
"research","banana","mess-8","23","323148","stopped","8000","x","0.0","0.01616661264751773","0.06203054849482723","true","true","PrecisionReached","6635.005146920569","472244",""
"research","banana","mess-8","23","323148","stopped","8000","xSquared","1.0","0.9621942719743308","0.13465504612626286","true","true","PrecisionReached","2475.7418661414267","472244",""
"research","banana","mess-8","23","323148","stopped","8000","y","0.0","-0.018465545509054104","0.062329282988198176","true","true","PrecisionReached","3508.097775762556","472244",""
"research","banana","mess-8","23","323148","stopped","8000","ySquared","0.57","0.5138501763856054","0.12313032923697825","true","true","PrecisionReached","1561.9833351453156","472244",""
"research","banana","mess-8","24","331067","fixed","12000","event","0.045500263896358334","0.052645833333333336","0.03027669896656367","true","true","FixedBudget","1443.9844849558904","473772",""
"research","banana","mess-8","24","331067","fixed","12000","x","0.0","0.009260770469440072","0.09306703870736947","true","true","FixedBudget","3216.398642288256","473772",""
"research","banana","mess-8","24","331067","fixed","12000","xSquared","1.0","1.0497694839137737","0.23360951876169356","true","false","FixedBudget","1148.5627712863704","473772","WidthTooLarge"
"research","banana","mess-8","24","331067","fixed","12000","y","0.0","0.01814170727315287","0.1017428704229137","true","true","FixedBudget","1639.563145720907","473772",""
"research","banana","mess-8","24","331067","fixed","12000","ySquared","0.57","0.6398178900633188","0.31487400700941376","true","false","FixedBudget","649.1696562063943","473772","WidthTooLarge"
"research","banana","mess-8","24","331067","stopped","8000","event","0.045500263896358334","0.04653125","0.022264014313221444","true","true","PrecisionReached","2375.4831837792685","473772",""
"research","banana","mess-8","24","331067","stopped","8000","x","0.0","0.017740026409902798","0.06836578933732776","true","true","PrecisionReached","5591.846208862733","473772",""
"research","banana","mess-8","24","331067","stopped","8000","xSquared","1.0","0.9850628301809305","0.14029284217774743","true","true","PrecisionReached","2407.6306488825458","473772",""
"research","banana","mess-8","24","331067","stopped","8000","y","0.0","-0.010437313292519512","0.06384119380196798","true","true","PrecisionReached","3516.416745032931","473772",""
"research","banana","mess-8","24","331067","stopped","8000","ySquared","0.57","0.5401100022552472","0.13620003614642956","true","true","PrecisionReached","1483.5041760041322","473772",""
"research","banana","mess-8","25","338986","fixed","12000","event","0.045500263896358334","0.044354166666666694","0.01749510715823935","true","true","FixedBudget","3675.3726500427183","471044",""
"research","banana","mess-8","25","338986","fixed","12000","x","0.0","0.010764216403752691","0.05271888433451838","true","true","FixedBudget","9365.700261624186","471044",""
"research","banana","mess-8","25","338986","fixed","12000","xSquared","1.0","0.9808910735983445","0.10808423058499743","true","true","FixedBudget","3990.4081484000426","471044",""
"research","banana","mess-8","25","338986","fixed","12000","y","0.0","-0.008638586893373601","0.04752466102248977","true","true","FixedBudget","6146.56096144163","471044",""
"research","banana","mess-8","25","338986","fixed","12000","ySquared","0.57","0.5231533431776247","0.10087040462513214","true","true","FixedBudget","2416.2282574212372","471044",""
"research","banana","mess-8","25","338986","stopped","4000","event","0.045500263896358334","0.03818750000000004","0.023862117427412743","true","true","PrecisionReached","1712.0442373272328","471044",""
"research","banana","mess-8","25","338986","stopped","4000","x","0.0","0.01649883060821855","0.07662951177563035","true","true","PrecisionReached","4318.455582901417","471044",""
"research","banana","mess-8","25","338986","stopped","4000","xSquared","1.0","0.9557031039087769","0.1465368347545812","true","true","PrecisionReached","1961.391675692566","471044",""
"research","banana","mess-8","25","338986","stopped","4000","y","0.0","-0.01459619029978021","0.06672185299363739","true","true","PrecisionReached","2986.1992916547842","471044",""
"research","banana","mess-8","25","338986","stopped","4000","ySquared","0.57","0.5010930494244028","0.11127801164274032","false","true","PrecisionReached","1605.4845257640936","471044",""
"research","banana","mess-8","26","346905","fixed","12000","event","0.045500263896358334","0.051875","0.046358525692710546","true","false","FixedBudget","607.3900515566037","473028","WidthTooLarge"
"research","banana","mess-8","26","346905","fixed","12000","x","0.0","-0.05338743135654955","0.1449412188583776","true","true","FixedBudget","1340.1154372535345","473028",""
"research","banana","mess-8","26","346905","fixed","12000","xSquared","1.0","1.0636241284642276","0.40694437021086144","true","false","FixedBudget","425.9474125593979","473028","WidthTooLarge"
"research","banana","mess-8","26","346905","fixed","12000","y","0.0","0.032679272437485224","0.17763245816543471","true","false","FixedBudget","577.2477449343951","473028","WidthTooLarge"
"research","banana","mess-8","26","346905","fixed","12000","ySquared","0.57","0.6873516573086269","0.6683598722301335","true","false","FixedBudget","236.14757695939085","473028","InsufficientMeanEss|WidthTooLarge"
"research","banana","mess-8","26","346905","stopped","6000","event","0.045500263896358334","0.03825","0.0229528921161473","true","true","PrecisionReached","1853.2373746210058","473028",""
"research","banana","mess-8","26","346905","stopped","6000","x","0.0","-0.017330837415572065","0.07292960566860011","true","true","PrecisionReached","4834.599121193198","473028",""
"research","banana","mess-8","26","346905","stopped","6000","xSquared","1.0","0.9599885329079567","0.15078040749284535","true","true","PrecisionReached","1921.2253186066773","473028",""
"research","banana","mess-8","26","346905","stopped","6000","y","0.0","-0.01120492178327484","0.06485756450513487","true","true","PrecisionReached","3115.7024680897694","473028",""
"research","banana","mess-8","26","346905","stopped","6000","ySquared","0.57","0.49394137640758384","0.12996887236054036","false","true","PrecisionReached","1331.6748491226454","473028",""
"research","banana","mess-8","27","354824","fixed","12000","event","0.045500263896358334","0.03941666666666667","0.01438718504274786","true","true","FixedBudget","4854.745651784417","470036",""
"research","banana","mess-8","27","354824","fixed","12000","x","0.0","-0.0055908907773876415","0.04703627104964762","true","true","FixedBudget","11357.662718667263","470036",""
"research","banana","mess-8","27","354824","fixed","12000","xSquared","1.0","0.9468166268125128","0.08849297306028685","false","true","FixedBudget","5360.5839804786265","470036",""
"research","banana","mess-8","27","354824","fixed","12000","y","0.0","-0.01964053952531941","0.040337582609111314","true","true","FixedBudget","8083.770938619462","470036",""
"research","banana","mess-8","27","354824","fixed","12000","ySquared","0.57","0.4959848817179142","0.07263512653671092","false","true","FixedBudget","3761.8904937358066","470036",""
"research","banana","mess-8","27","354824","stopped","6000","event","0.045500263896358334","0.04054166666666666","0.022532218801245004","true","true","PrecisionReached","2033.443194359353","470036",""
"research","banana","mess-8","27","354824","stopped","6000","x","0.0","-0.010796446190673714","0.07495615235443531","true","true","PrecisionReached","4526.5517953029685","470036",""
"research","banana","mess-8","27","354824","stopped","6000","xSquared","1.0","0.9583466840191189","0.1368132609018875","true","true","PrecisionReached","2314.147469069636","470036",""
"research","banana","mess-8","27","354824","stopped","6000","y","0.0","-0.01264645223192562","0.06266652700586209","true","true","PrecisionReached","3438.22465250224","470036",""
"research","banana","mess-8","27","354824","stopped","6000","ySquared","0.57","0.5088968532809577","0.12101495614865548","false","true","PrecisionReached","1522.9574724494262","470036",""
"research","banana","mess-8","28","362743","fixed","12000","event","0.045500263896358334","0.04939583333333333","0.025533344396971514","true","true","FixedBudget","1911.5154929433274","472436",""
"research","banana","mess-8","28","362743","fixed","12000","x","0.0","0.018239878033429635","0.0784144508115938","true","true","FixedBudget","4398.801780646079","472436",""
"research","banana","mess-8","28","362743","fixed","12000","xSquared","1.0","1.0194481864981533","0.1812788912036552","true","true","FixedBudget","1727.8331902659531","472436",""
"research","banana","mess-8","28","362743","fixed","12000","y","0.0","0.00913253746371484","0.07930544147939277","true","true","FixedBudget","2532.2827916642987","472436",""
"research","banana","mess-8","28","362743","fixed","12000","ySquared","0.57","0.6001714547967836","0.2153096664181152","true","false","FixedBudget","1047.9236528740885","472436","WidthTooLarge"
"research","banana","mess-8","28","362743","stopped","12000","event","0.045500263896358334","0.04939583333333333","0.025533344396971514","true","true","MaxDrawsReached","1911.5154929433274","472436",""
"research","banana","mess-8","28","362743","stopped","12000","x","0.0","0.018239878033429635","0.0784144508115938","true","true","MaxDrawsReached","4398.801780646079","472436",""
"research","banana","mess-8","28","362743","stopped","12000","xSquared","1.0","1.0194481864981533","0.1812788912036552","true","true","MaxDrawsReached","1727.8331902659531","472436",""
"research","banana","mess-8","28","362743","stopped","12000","y","0.0","0.00913253746371484","0.07930544147939277","true","true","MaxDrawsReached","2532.2827916642987","472436",""
"research","banana","mess-8","28","362743","stopped","12000","ySquared","0.57","0.6001714547967836","0.2153096664181152","true","false","MaxDrawsReached","1047.9236528740885","472436","WidthTooLarge"
"research","banana","mess-8","29","370662","fixed","12000","event","0.045500263896358334","0.04691666666666667","0.02775352053174563","true","true","FixedBudget","1540.724752948674","472356",""
"research","banana","mess-8","29","370662","fixed","12000","x","0.0","-0.0024583086014622335","0.08394854273996367","true","true","FixedBudget","3833.7868890855957","472356",""
"research","banana","mess-8","29","370662","fixed","12000","xSquared","1.0","1.0180138131284169","0.2344402688029566","true","false","FixedBudget","1037.3404777654418","472356","WidthTooLarge"
"research","banana","mess-8","29","370662","fixed","12000","y","0.0","0.008548692948974312","0.10164866509710223","true","true","FixedBudget","1543.405787599804","472356",""
"research","banana","mess-8","29","370662","fixed","12000","ySquared","0.57","0.6009427537458323","0.34585691837841365","true","false","FixedBudget","484.4934341540825","472356","WidthTooLarge"
"research","banana","mess-8","29","370662","stopped","12000","event","0.045500263896358334","0.04691666666666667","0.02775352053174563","true","true","MaxDrawsReached","1540.724752948674","472356",""
"research","banana","mess-8","29","370662","stopped","12000","x","0.0","-0.0024583086014622335","0.08394854273996367","true","true","MaxDrawsReached","3833.7868890855957","472356",""
"research","banana","mess-8","29","370662","stopped","12000","xSquared","1.0","1.0180138131284169","0.2344402688029566","true","false","MaxDrawsReached","1037.3404777654418","472356","WidthTooLarge"
"research","banana","mess-8","29","370662","stopped","12000","y","0.0","0.008548692948974312","0.10164866509710223","true","true","MaxDrawsReached","1543.405787599804","472356",""
"research","banana","mess-8","29","370662","stopped","12000","ySquared","0.57","0.6009427537458323","0.34585691837841365","true","false","MaxDrawsReached","484.4934341540825","472356","WidthTooLarge"
"research","banana","qslice-cauchy","0","141011","fixed","12000","event","0.045500263896358334","0.041791666666666664","0.012053485127765504","true","true","FixedBudget","7315.222841798685","433808",""
"research","banana","qslice-cauchy","0","141011","fixed","12000","x","0.0","0.006616165952247566","0.03758343292484132","true","true","FixedBudget","18448.13267026024","433808",""
"research","banana","qslice-cauchy","0","141011","fixed","12000","xSquared","1.0","0.9818869091831413","0.10146886221007799","true","true","FixedBudget","5217.410287942423","433808",""
"research","banana","qslice-cauchy","0","141011","fixed","12000","y","0.0","-0.007198646661923047","0.04639648369354954","true","true","FixedBudget","7043.346855694219","433808",""
"research","banana","qslice-cauchy","0","141011","fixed","12000","ySquared","0.57","0.5713278643695797","0.1306774386443586","true","true","FixedBudget","3594.123853080422","433808",""
"research","banana","qslice-cauchy","0","141011","stopped","4000","event","0.045500263896358334","0.041625","0.021220828208241196","true","true","PrecisionReached","2351.1825962000835","433808",""
"research","banana","qslice-cauchy","0","141011","stopped","4000","x","0.0","0.0012234611156317077","0.06258336598197549","true","true","PrecisionReached","6660.2394160247595","433808",""
"research","banana","qslice-cauchy","0","141011","stopped","4000","xSquared","1.0","0.982849549151259","0.17518298019855094","true","true","PrecisionReached","1724.3112959181399","433808",""
"research","banana","qslice-cauchy","0","141011","stopped","4000","y","0.0","-0.006128378555736919","0.08046490753135477","true","true","PrecisionReached","2305.4276351674753","433808",""
"research","banana","qslice-cauchy","0","141011","stopped","4000","ySquared","0.57","0.5624348648663438","0.21633321182901763","true","true","PrecisionReached","1208.6144379926793","433808",""
"research","banana","qslice-cauchy","1","148930","fixed","12000","event","0.045500263896358334","0.043520833333333335","0.01155637033508205","true","true","FixedBudget","8272.428352097697","433599",""
"research","banana","qslice-cauchy","1","148930","fixed","12000","x","0.0","-0.004322563142498362","0.03720147264128408","true","true","FixedBudget","19488.508415702443","433599",""
"research","banana","qslice-cauchy","1","148930","fixed","12000","xSquared","1.0","0.9727570874274543","0.08638991518108678","true","true","FixedBudget","6686.380211243588","433599",""
"research","banana","qslice-cauchy","1","148930","fixed","12000","y","0.0","-0.014325776181058236","0.040980339473151176","true","true","FixedBudget","8704.077414646079","433599",""
"research","banana","qslice-cauchy","1","148930","fixed","12000","ySquared","0.57","0.550975701480201","0.08543207475964833","true","true","FixedBudget","5495.24428276472","433599",""
"research","banana","qslice-cauchy","1","148930","stopped","4000","event","0.045500263896358334","0.0450625","0.02107682114263598","true","true","PrecisionReached","2570.995430629605","433599",""
"research","banana","qslice-cauchy","1","148930","stopped","4000","x","0.0","-0.0138581994697599","0.06744960832276582","true","true","PrecisionReached","6217.430322137061","433599",""
"research","banana","qslice-cauchy","1","148930","stopped","4000","xSquared","1.0","0.9802109415301575","0.16281447170678628","true","true","PrecisionReached","1985.9742250199063","433599",""
"research","banana","qslice-cauchy","1","148930","stopped","4000","y","0.0","-0.015193286797481331","0.07615138189502252","true","true","PrecisionReached","2646.083555187444","433599",""
"research","banana","qslice-cauchy","1","148930","stopped","4000","ySquared","0.57","0.5783772503211166","0.17832295844116258","true","true","PrecisionReached","1543.0376503229704","433599",""
"research","banana","qslice-cauchy","2","156849","fixed","12000","event","0.045500263896358334","0.044583333333333336","0.011922585379759881","true","true","FixedBudget","7952.939249891317","434320",""
"research","banana","qslice-cauchy","2","156849","fixed","12000","x","0.0","0.005881562036252008","0.037765835460669084","true","true","FixedBudget","19646.611044497287","434320",""
"research","banana","qslice-cauchy","2","156849","fixed","12000","xSquared","1.0","0.9891038994257669","0.08979798458952383","true","true","FixedBudget","6346.453352165501","434320",""
"research","banana","qslice-cauchy","2","156849","fixed","12000","y","0.0","-0.004707021826924174","0.04243104134997646","true","true","FixedBudget","8293.83514504625","434320",""
"research","banana","qslice-cauchy","2","156849","fixed","12000","ySquared","0.57","0.5626478753807688","0.08977279517452322","true","true","FixedBudget","5452.905908483004","434320",""
"research","banana","qslice-cauchy","2","156849","stopped","4000","event","0.045500263896358334","0.0500625","0.022551298229537078","true","true","PrecisionReached","2481.9084853688773","434320",""
"research","banana","qslice-cauchy","2","156849","stopped","4000","x","0.0","0.008034555263360277","0.06900910135690759","true","true","PrecisionReached","6084.031439350624","434320",""
"research","banana","qslice-cauchy","2","156849","stopped","4000","xSquared","1.0","1.0082433873050278","0.17145351847411397","true","true","PrecisionReached","1935.3304263542996","434320",""
"research","banana","qslice-cauchy","2","156849","stopped","4000","y","0.0","0.0018103205197799177","0.08129356166784851","true","true","PrecisionReached","2451.6736486202644","434320",""
"research","banana","qslice-cauchy","2","156849","stopped","4000","ySquared","0.57","0.6104582942774003","0.1947101267191779","true","true","PrecisionReached","1574.5094186864628","434320",""
"research","banana","qslice-cauchy","3","164768","fixed","12000","event","0.045500263896358334","0.04616666666666667","0.01352986583166315","true","true","FixedBudget","6384.358011510921","434321",""
"research","banana","qslice-cauchy","3","164768","fixed","12000","x","0.0","-0.006721992814311711","0.04308855287109964","true","true","FixedBudget","14779.186912049501","434321",""
"research","banana","qslice-cauchy","3","164768","fixed","12000","xSquared","1.0","1.01048706836936","0.10117570752848357","true","true","FixedBudget","5252.214673085987","434321",""
"research","banana","qslice-cauchy","3","164768","fixed","12000","y","0.0","0.005311363493679444","0.04701567522693548","true","true","FixedBudget","6929.001370091155","434321",""
"research","banana","qslice-cauchy","3","164768","fixed","12000","ySquared","0.57","0.5771305093746208","0.10572619333797384","true","true","FixedBudget","4044.9490364155586","434321",""
"research","banana","qslice-cauchy","3","164768","stopped","6000","event","0.045500263896358334","0.04745833333333333","0.021291643181408262","true","true","PrecisionReached","2646.6124552587858","434321",""
"research","banana","qslice-cauchy","3","164768","stopped","6000","x","0.0","-0.00858497014483775","0.06903086427454068","true","true","PrecisionReached","5688.298524742089","434321",""
"research","banana","qslice-cauchy","3","164768","stopped","6000","xSquared","1.0","1.0213817528237268","0.16092081427356889","true","true","PrecisionReached","2192.2623125068926","434321",""
"research","banana","qslice-cauchy","3","164768","stopped","6000","y","0.0","0.009599799324593872","0.07369133414492576","true","true","PrecisionReached","2925.8796403858573","434321",""
"research","banana","qslice-cauchy","3","164768","stopped","6000","ySquared","0.57","0.5987477556514393","0.1825053001074934","true","true","PrecisionReached","1645.9650390571705","434321",""
"research","banana","qslice-cauchy","4","172687","fixed","12000","event","0.045500263896358334","0.0456875","0.012648423144444074","true","true","FixedBudget","7323.904136736057","432483",""
"research","banana","qslice-cauchy","4","172687","fixed","12000","x","0.0","-0.0023015576786707403","0.039445865586013575","true","true","FixedBudget","19642.214843944887","432483",""
"research","banana","qslice-cauchy","4","172687","fixed","12000","xSquared","1.0","1.004806795908865","0.09692986029842042","true","true","FixedBudget","5736.568108816267","432483",""
"research","banana","qslice-cauchy","4","172687","fixed","12000","y","0.0","0.0031120876045100943","0.044717877923200866","true","true","FixedBudget","7629.853506724394","432483",""
"research","banana","qslice-cauchy","4","172687","fixed","12000","ySquared","0.57","0.5715064481857951","0.10157162687901213","true","true","FixedBudget","4673.759124192757","432483",""
"research","banana","qslice-cauchy","4","172687","stopped","4000","event","0.045500263896358334","0.05075","0.025659537287968277","true","true","PrecisionReached","1941.9601153207","432483",""
"research","banana","qslice-cauchy","4","172687","stopped","4000","x","0.0","0.014244252637999832","0.07143627968546847","true","true","PrecisionReached","5565.682061652746","432483",""
"research","banana","qslice-cauchy","4","172687","stopped","4000","xSquared","1.0","1.0428690758834578","0.20382978049487932","true","true","PrecisionReached","1485.1437019323082","432483",""
"research","banana","qslice-cauchy","4","172687","stopped","4000","y","0.0","0.020752886624914924","0.09389323476089353","true","true","PrecisionReached","1903.9729556754567","432483",""
"research","banana","qslice-cauchy","4","172687","stopped","4000","ySquared","0.57","0.632854304657124","0.2490761514182566","true","true","PrecisionReached","1223.4975875503783","432483",""
"research","banana","qslice-cauchy","5","180606","fixed","12000","event","0.045500263896358334","0.04622916666666667","0.014233208462084847","true","true","FixedBudget","5776.405599937787","433938",""
"research","banana","qslice-cauchy","5","180606","fixed","12000","x","0.0","0.010234053102609053","0.041955126931359096","true","true","FixedBudget","15146.140011812182","433938",""
"research","banana","qslice-cauchy","5","180606","fixed","12000","xSquared","1.0","1.0046484662396842","0.11287994183216851","true","true","FixedBudget","4342.671116887817","433938",""
"research","banana","qslice-cauchy","5","180606","fixed","12000","y","0.0","0.00391556175656247","0.05122634040542038","true","true","FixedBudget","5913.5623486193135","433938",""
"research","banana","qslice-cauchy","5","180606","fixed","12000","ySquared","0.57","0.5847147259013331","0.13250021207325283","true","true","FixedBudget","3207.3752656018905","433938",""
"research","banana","qslice-cauchy","5","180606","stopped","2000","event","0.045500263896358334","0.045125","0.027327455303253888","true","true","PrecisionReached","1531.4886880613662","433938",""
"research","banana","qslice-cauchy","5","180606","stopped","2000","x","0.0","-0.01933764544608163","0.09812860120589055","true","true","PrecisionReached","2715.2475089953946","433938",""
"research","banana","qslice-cauchy","5","180606","stopped","2000","xSquared","1.0","0.985410163746193","0.19244157738672507","true","true","PrecisionReached","1255.5265714627697","433938",""
"research","banana","qslice-cauchy","5","180606","stopped","2000","y","0.0","-0.006483565005877129","0.09501185705987197","true","true","PrecisionReached","1565.7739351194916","433938",""
"research","banana","qslice-cauchy","5","180606","stopped","2000","ySquared","0.57","0.5325624150427091","0.14231155585776087","true","true","PrecisionReached","1369.1148930451177","433938",""
"research","banana","qslice-cauchy","6","188525","fixed","12000","event","0.045500263896358334","0.0503125","0.013197019307426906","true","true","FixedBudget","7644.231885210486","433979",""
"research","banana","qslice-cauchy","6","188525","fixed","12000","x","0.0","-3.2998379569049163E-4","0.04086991046055919","true","true","FixedBudget","16289.515648056074","433979",""
"research","banana","qslice-cauchy","6","188525","fixed","12000","xSquared","1.0","1.025208956005441","0.10234673926690496","true","true","FixedBudget","5762.1452612830535","433979",""
"research","banana","qslice-cauchy","6","188525","fixed","12000","y","0.0","0.007153293191252692","0.047281753027893315","true","true","FixedBudget","7398.804879958538","433979",""
"research","banana","qslice-cauchy","6","188525","fixed","12000","ySquared","0.57","0.6077372749524397","0.1258941271337251","true","true","FixedBudget","4348.811857764688","433979",""
"research","banana","qslice-cauchy","6","188525","stopped","6000","event","0.045500263896358334","0.050541666666666665","0.01934256464782477","true","true","PrecisionReached","3447.61000590364","433979",""
"research","banana","qslice-cauchy","6","188525","stopped","6000","x","0.0","-0.010194684314740243","0.06098275927463798","true","true","PrecisionReached","7363.666660150954","433979",""
"research","banana","qslice-cauchy","6","188525","stopped","6000","xSquared","1.0","1.0319051013555418","0.15930092576860988","true","true","PrecisionReached","2425.350387662959","433979",""
"research","banana","qslice-cauchy","6","188525","stopped","6000","y","0.0","0.011066818819949177","0.07077118882301535","true","true","PrecisionReached","3358.033969886485","433979",""
"research","banana","qslice-cauchy","6","188525","stopped","6000","ySquared","0.57","0.6211623997487586","0.20916029251290003","true","true","PrecisionReached","1800.308536339517","433979",""
"research","banana","qslice-cauchy","7","196444","fixed","12000","event","0.045500263896358334","0.043708333333333335","0.013116037713542732","true","true","FixedBudget","7065.4824926942165","433337",""
"research","banana","qslice-cauchy","7","196444","fixed","12000","x","0.0","0.005074492835049016","0.03743536146866579","true","true","FixedBudget","18768.909169229904","433337",""
"research","banana","qslice-cauchy","7","196444","fixed","12000","xSquared","1.0","0.9910856320152883","0.09147269781157275","true","true","FixedBudget","6357.194991671788","433337",""
"research","banana","qslice-cauchy","7","196444","fixed","12000","y","0.0","-0.007667830325232439","0.043036631781851485","true","true","FixedBudget","8397.456576974771","433337",""
"research","banana","qslice-cauchy","7","196444","fixed","12000","ySquared","0.57","0.5507519327944216","0.08277976660340695","true","true","FixedBudget","5499.4353434246605","433337",""
"research","banana","qslice-cauchy","7","196444","stopped","4000","event","0.045500263896358334","0.048875","0.02397249677683536","true","true","PrecisionReached","2146.93612899519","433337",""
"research","banana","qslice-cauchy","7","196444","stopped","4000","x","0.0","0.017059507880292202","0.0693892753907299","true","true","PrecisionReached","5708.820684251188","433337",""
"research","banana","qslice-cauchy","7","196444","stopped","4000","xSquared","1.0","1.0359334013513888","0.1716857880891714","true","true","PrecisionReached","1843.5791094570054","433337",""
"research","banana","qslice-cauchy","7","196444","stopped","4000","y","0.0","0.012579345070616643","0.07990098508985237","true","true","PrecisionReached","2442.2154423479974","433337",""
"research","banana","qslice-cauchy","7","196444","stopped","4000","ySquared","0.57","0.5876028801170233","0.15559356755071596","true","true","PrecisionReached","1735.2869594938247","433337",""
"research","banana","qslice-cauchy","8","204363","fixed","12000","event","0.045500263896358334","0.04522916666666667","0.012222138481919786","true","true","FixedBudget","7672.316810665924","435022",""
"research","banana","qslice-cauchy","8","204363","fixed","12000","x","0.0","-0.005015786120590837","0.03804980439809637","true","true","FixedBudget","18119.743085714203","435022",""
"research","banana","qslice-cauchy","8","204363","fixed","12000","xSquared","1.0","0.9884728562077241","0.09028175131914076","true","true","FixedBudget","6376.096531889941","435022",""
"research","banana","qslice-cauchy","8","204363","fixed","12000","y","0.0","-0.006689072522965134","0.042507862997220466","true","true","FixedBudget","8246.658985163183","435022",""
"research","banana","qslice-cauchy","8","204363","fixed","12000","ySquared","0.57","0.5614977117376967","0.08698342946736815","true","true","FixedBudget","5714.987803378291","435022",""
"research","banana","qslice-cauchy","8","204363","stopped","2000","event","0.045500263896358334","0.0475","0.027091558077172822","true","true","PrecisionReached","1636.210100473226","435022",""
"research","banana","qslice-cauchy","8","204363","stopped","2000","x","0.0","-0.0011470033925478074","0.08613134783365776","true","true","PrecisionReached","3568.478265759231","435022",""
"research","banana","qslice-cauchy","8","204363","stopped","2000","xSquared","1.0","0.9973731554295002","0.18562779557708806","true","true","PrecisionReached","1410.4973150637948","435022",""
"research","banana","qslice-cauchy","8","204363","stopped","2000","y","0.0","-0.002588974018365109","0.09097197813708836","true","true","PrecisionReached","1734.859995248342","435022",""
"research","banana","qslice-cauchy","8","204363","stopped","2000","ySquared","0.57","0.5409244971916001","0.1372366843375812","true","true","PrecisionReached","1531.2756981472114","435022",""
"research","banana","qslice-cauchy","9","212282","fixed","12000","event","0.045500263896358334","0.04583333333333333","0.012170176439201694","true","true","FixedBudget","7836.373609653052","434117",""
"research","banana","qslice-cauchy","9","212282","fixed","12000","x","0.0","-0.007477700702354206","0.037541040372784024","true","true","FixedBudget","18892.06367725234","434117",""
"research","banana","qslice-cauchy","9","212282","fixed","12000","xSquared","1.0","1.0032588887494442","0.09015388625212195","true","true","FixedBudget","6440.610429723363","434117",""
"research","banana","qslice-cauchy","9","212282","fixed","12000","y","0.0","-3.446798526266087E-4","0.042169076303129466","true","true","FixedBudget","8396.109656579501","434117",""
"research","banana","qslice-cauchy","9","212282","fixed","12000","ySquared","0.57","0.5625526456484632","0.0967987994041371","true","true","FixedBudget","5040.506120872906","434117",""
"research","banana","qslice-cauchy","9","212282","stopped","4000","event","0.045500263896358334","0.043625","0.02003599597769913","true","true","PrecisionReached","2758.4370538023863","434117",""
"research","banana","qslice-cauchy","9","212282","stopped","4000","x","0.0","-0.0012024746149830179","0.06719945788808067","true","true","PrecisionReached","5809.47185553406","434117",""
"research","banana","qslice-cauchy","9","212282","stopped","4000","xSquared","1.0","0.9884336720661605","0.1539809796588411","true","true","PrecisionReached","2158.257284136546","434117",""
"research","banana","qslice-cauchy","9","212282","stopped","4000","y","0.0","-0.008256568152458801","0.07202351720161616","true","true","PrecisionReached","2866.3416914149","434117",""
"research","banana","qslice-cauchy","9","212282","stopped","4000","ySquared","0.57","0.5602839250744663","0.18025497881661784","true","true","PrecisionReached","1504.4350269776344","434117",""
"research","banana","qslice-cauchy","10","220201","fixed","12000","event","0.045500263896358334","0.043645833333333335","0.011705083735696084","true","true","FixedBudget","8085.664048774373","433434",""
"research","banana","qslice-cauchy","10","220201","fixed","12000","x","0.0","-0.006128410112070964","0.03806051349039347","true","true","FixedBudget","18612.923878394315","433434",""
"research","banana","qslice-cauchy","10","220201","fixed","12000","xSquared","1.0","0.9845303395011786","0.09155154751288852","true","true","FixedBudget","6210.03542355487","433434",""
"research","banana","qslice-cauchy","10","220201","fixed","12000","y","0.0","-0.00863213640222188","0.042771506462149333","true","true","FixedBudget","8214.39529750246","433434",""
"research","banana","qslice-cauchy","10","220201","fixed","12000","ySquared","0.57","0.5662896746242256","0.11275830486337535","true","true","FixedBudget","4087.909775428289","433434",""
"research","banana","qslice-cauchy","10","220201","stopped","6000","event","0.045500263896358334","0.04595833333333333","0.01725800550253987","true","true","PrecisionReached","3907.1731100768266","433434",""
"research","banana","qslice-cauchy","10","220201","stopped","6000","x","0.0","0.006612566079975013","0.05414197854620718","true","true","PrecisionReached","9068.60641367954","433434",""
"research","banana","qslice-cauchy","10","220201","stopped","6000","xSquared","1.0","1.0016488829582872","0.14402407786147087","true","true","PrecisionReached","2736.7426831648295","433434",""
"research","banana","qslice-cauchy","10","220201","stopped","6000","y","0.0","-0.001782421230593606","0.06628764723808515","true","true","PrecisionReached","3622.3064249874933","433434",""
"research","banana","qslice-cauchy","10","220201","stopped","6000","ySquared","0.57","0.5997088392019548","0.2030914969068031","true","true","PrecisionReached","1698.9467780703533","433434",""
"research","banana","qslice-cauchy","11","228120","fixed","12000","event","0.045500263896358334","0.04829166666666666","0.014308535774804652","true","true","FixedBudget","5957.840568727723","434682",""
"research","banana","qslice-cauchy","11","228120","fixed","12000","x","0.0","-0.0023453051892896593","0.04182254572446507","true","true","FixedBudget","15692.76844584212","434682",""
"research","banana","qslice-cauchy","11","228120","fixed","12000","xSquared","1.0","1.0173869211896773","0.11051160681239036","true","true","FixedBudget","4726.55396207319","434682",""
"research","banana","qslice-cauchy","11","228120","fixed","12000","y","0.0","0.006354767839762521","0.05013269446077756","true","true","FixedBudget","6357.15800844945","434682",""
"research","banana","qslice-cauchy","11","228120","fixed","12000","ySquared","0.57","0.6020478830114999","0.13467157394794582","true","true","FixedBudget","3268.448830186439","434682",""
"research","banana","qslice-cauchy","11","228120","stopped","6000","event","0.045500263896358334","0.05454166666666667","0.024246599390054725","true","true","PrecisionReached","2327.9913991420526","434682",""
"research","banana","qslice-cauchy","11","228120","stopped","6000","x","0.0","0.003444220363233663","0.06601204955415386","true","true","PrecisionReached","6430.657089480211","434682",""
"research","banana","qslice-cauchy","11","228120","stopped","6000","xSquared","1.0","1.0558310236253106","0.1887347033105608","true","true","PrecisionReached","1847.8349153613483","434682",""
"research","banana","qslice-cauchy","11","228120","stopped","6000","y","0.0","0.021740900450298306","0.08492769683209435","true","true","PrecisionReached","2403.1811077236134","434682",""
"research","banana","qslice-cauchy","11","228120","stopped","6000","ySquared","0.57","0.6535625371831008","0.246465247196905","true","true","PrecisionReached","1285.105433988846","434682",""
"research","banana","qslice-cauchy","12","236039","fixed","12000","event","0.045500263896358334","0.04616666666666667","0.013365686601731312","true","true","FixedBudget","6597.129464848508","433879",""
"research","banana","qslice-cauchy","12","236039","fixed","12000","x","0.0","-3.1763739491608156E-4","0.03766282192146586","true","true","FixedBudget","18702.515990957174","433879",""
"research","banana","qslice-cauchy","12","236039","fixed","12000","xSquared","1.0","0.9995915905988113","0.10350848798496196","true","true","FixedBudget","5154.773556144633","433879",""
"research","banana","qslice-cauchy","12","236039","fixed","12000","y","0.0","-0.0016960804879198044","0.04738832240526354","true","true","FixedBudget","7041.842960126463","433879",""
"research","banana","qslice-cauchy","12","236039","fixed","12000","ySquared","0.57","0.5864427262049317","0.12480603391037418","true","true","FixedBudget","3484.4662534419303","433879",""
"research","banana","qslice-cauchy","12","236039","stopped","4000","event","0.045500263896358334","0.049","0.020434709781691512","true","true","PrecisionReached","2961.8355629319494","433879",""
"research","banana","qslice-cauchy","12","236039","stopped","4000","x","0.0","-0.0076411939260825346","0.06515084310978465","true","true","PrecisionReached","6301.144462969165","433879",""
"research","banana","qslice-cauchy","12","236039","stopped","4000","xSquared","1.0","1.0038113824009036","0.15102046960311544","true","true","PrecisionReached","2352.3116745365264","433879",""
"research","banana","qslice-cauchy","12","236039","stopped","4000","y","0.0","0.0015632755793539843","0.07238750304111412","true","true","PrecisionReached","2952.893820035188","433879",""
"research","banana","qslice-cauchy","12","236039","stopped","4000","ySquared","0.57","0.5829825413570617","0.1395927728635106","true","true","PrecisionReached","2275.7891210695975","433879",""
"research","banana","qslice-cauchy","13","243958","fixed","12000","event","0.045500263896358334","0.04945833333333333","0.014063493867922274","true","true","FixedBudget","6308.5184578272","435043",""
"research","banana","qslice-cauchy","13","243958","fixed","12000","x","0.0","0.0025870881888765407","0.04361355920447708","true","true","FixedBudget","15254.243752401693","435043",""
"research","banana","qslice-cauchy","13","243958","fixed","12000","xSquared","1.0","1.0384248710916666","0.11404050447130248","true","true","FixedBudget","4607.801663322263","435043",""
"research","banana","qslice-cauchy","13","243958","fixed","12000","y","0.0","0.01866192930530608","0.05181198307896187","true","true","FixedBudget","6117.983519446198","435043",""
"research","banana","qslice-cauchy","13","243958","fixed","12000","ySquared","0.57","0.6191699674129165","0.15535425134846534","true","true","FixedBudget","3007.3307908918096","435043",""
"research","banana","qslice-cauchy","13","243958","stopped","2000","event","0.045500263896358334","0.0485","0.026497239453663658","true","true","PrecisionReached","1744.607403040828","435043",""
"research","banana","qslice-cauchy","13","243958","stopped","2000","x","0.0","8.203646457130009E-4","0.09250141178052118","true","true","PrecisionReached","3197.9392901102274","435043",""
"research","banana","qslice-cauchy","13","243958","stopped","2000","xSquared","1.0","1.0309053177144851","0.1895429773261711","true","true","PrecisionReached","1417.8277660787796","435043",""
"research","banana","qslice-cauchy","13","243958","stopped","2000","y","0.0","0.017615507888385284","0.09166951859903555","true","true","PrecisionReached","1763.3996180299596","435043",""
"research","banana","qslice-cauchy","13","243958","stopped","2000","ySquared","0.57","0.5585904773441739","0.15570895949693783","true","true","PrecisionReached","1483.8200308390733","435043",""
"research","banana","qslice-cauchy","14","251877","fixed","12000","event","0.045500263896358334","0.0511875","0.014688956320873553","true","true","FixedBudget","6223.771288216027","435505",""
"research","banana","qslice-cauchy","14","251877","fixed","12000","x","0.0","0.010375088516301867","0.04189029422006725","true","true","FixedBudget","15771.307545257154","435505",""
"research","banana","qslice-cauchy","14","251877","fixed","12000","xSquared","1.0","1.04288435450929","0.1174599662924508","true","true","FixedBudget","4348.3369698297365","435505",""
"research","banana","qslice-cauchy","14","251877","fixed","12000","y","0.0","0.020713377599858362","0.05289395767422817","true","true","FixedBudget","5882.926412803553","435505",""
"research","banana","qslice-cauchy","14","251877","fixed","12000","ySquared","0.57","0.6205870353128966","0.16047679511423557","true","true","FixedBudget","2591.6540034175437","435505",""
"research","banana","qslice-cauchy","14","251877","stopped","2000","event","0.045500263896358334","0.045125","0.024573720565682987","true","true","PrecisionReached","1893.958016179574","435505",""
"research","banana","qslice-cauchy","14","251877","stopped","2000","x","0.0","-0.01570911179528256","0.09411341951803434","true","true","PrecisionReached","3154.8879736061754","435505",""
"research","banana","qslice-cauchy","14","251877","stopped","2000","xSquared","1.0","1.0179042888880967","0.17919340403209497","true","true","PrecisionReached","1489.5443713084685","435505",""
"research","banana","qslice-cauchy","14","251877","stopped","2000","y","0.0","0.011875953742629175","0.0877677496134544","true","true","PrecisionReached","1816.6223415289753","435505",""
"research","banana","qslice-cauchy","14","251877","stopped","2000","ySquared","0.57","0.5273540697752872","0.13269756687333928","true","true","PrecisionReached","1598.8094256007246","435505",""
"research","banana","qslice-cauchy","15","259796","fixed","12000","event","0.045500263896358334","0.04429166666666667","0.011557867267621194","true","true","FixedBudget","8450.113354163263","433191",""
"research","banana","qslice-cauchy","15","259796","fixed","12000","x","0.0","-1.1334982297667162E-4","0.037121882131305364","true","true","FixedBudget","19038.189231770626","433191",""
"research","banana","qslice-cauchy","15","259796","fixed","12000","xSquared","1.0","0.9885130824819031","0.08422816488332865","true","true","FixedBudget","7002.624314573777","433191",""
"research","banana","qslice-cauchy","15","259796","fixed","12000","y","0.0","-0.0019058952184010103","0.03989249807208757","true","true","FixedBudget","9059.951019538572","433191",""
"research","banana","qslice-cauchy","15","259796","fixed","12000","ySquared","0.57","0.5432603645184064","0.07997881142342635","true","true","FixedBudget","5921.891946342129","433191",""
"research","banana","qslice-cauchy","15","259796","stopped","4000","event","0.045500263896358334","0.0433125","0.019638517609824574","true","true","PrecisionReached","2851.591038855944","433191",""
"research","banana","qslice-cauchy","15","259796","stopped","4000","x","0.0","0.0013066748329425004","0.06107340312945343","true","true","PrecisionReached","6955.332393670817","433191",""
"research","banana","qslice-cauchy","15","259796","stopped","4000","xSquared","1.0","0.9774658524174786","0.14154217753820791","true","true","PrecisionReached","2402.2091614627657","433191",""
"research","banana","qslice-cauchy","15","259796","stopped","4000","y","0.0","-0.005678810884359287","0.06739091924129399","true","true","PrecisionReached","3121.152320013601","433191",""
"research","banana","qslice-cauchy","15","259796","stopped","4000","ySquared","0.57","0.534100092623317","0.11961248409714685","true","true","PrecisionReached","2408.4557710906374","433191",""
"research","banana","qslice-cauchy","16","267715","fixed","12000","event","0.045500263896358334","0.042","0.01244164855849216","true","true","FixedBudget","6898.618658323","434603",""
"research","banana","qslice-cauchy","16","267715","fixed","12000","x","0.0","-0.0029789331707764655","0.037273554139075786","true","true","FixedBudget","18675.466243556304","434603",""
"research","banana","qslice-cauchy","16","267715","fixed","12000","xSquared","1.0","0.9661006652286486","0.09584871230505974","true","true","FixedBudget","5544.296811575609","434603",""
"research","banana","qslice-cauchy","16","267715","fixed","12000","y","0.0","-0.018985959577233813","0.04521188800908404","true","true","FixedBudget","7211.700478905053","434603",""
"research","banana","qslice-cauchy","16","267715","fixed","12000","ySquared","0.57","0.5558038133375575","0.10841879642509075","true","true","FixedBudget","4375.982687002487","434603",""
"research","banana","qslice-cauchy","16","267715","stopped","4000","event","0.045500263896358334","0.042","0.01997767697253896","true","true","PrecisionReached","2675.753616585924","434603",""
"research","banana","qslice-cauchy","16","267715","stopped","4000","x","0.0","-0.00940838184782844","0.06197560915564338","true","true","PrecisionReached","6638.986976852618","434603",""
"research","banana","qslice-cauchy","16","267715","stopped","4000","xSquared","1.0","0.9608644829087636","0.1389603514099866","true","true","PrecisionReached","2414.0284839808996","434603",""
"research","banana","qslice-cauchy","16","267715","stopped","4000","y","0.0","-0.021260109665731997","0.06645188863436857","true","true","PrecisionReached","3172.335955801217","434603",""
"research","banana","qslice-cauchy","16","267715","stopped","4000","ySquared","0.57","0.5254536494236701","0.11698520523475751","true","true","PrecisionReached","2225.8874974183186","434603",""
"research","banana","qslice-cauchy","17","275634","fixed","12000","event","0.045500263896358334","0.0475","0.012630298045131416","true","true","FixedBudget","7527.21973834217","434919",""
"research","banana","qslice-cauchy","17","275634","fixed","12000","x","0.0","-0.005471979159996421","0.0385136228615821","true","true","FixedBudget","18962.71287027661","434919",""
"research","banana","qslice-cauchy","17","275634","fixed","12000","xSquared","1.0","1.0090997288687606","0.09555839000785725","true","true","FixedBudget","5998.487080604201","434919",""
"research","banana","qslice-cauchy","17","275634","fixed","12000","y","0.0","0.0027809352849833546","0.04405250729510747","true","true","FixedBudget","7967.363436167662","434919",""
"research","banana","qslice-cauchy","17","275634","fixed","12000","ySquared","0.57","0.5825838732322528","0.10633321577513023","true","true","FixedBudget","4527.134818350625","434919",""
"research","banana","qslice-cauchy","17","275634","stopped","4000","event","0.045500263896358334","0.0415","0.02047778747839501","true","true","PrecisionReached","2517.650525541357","434919",""
"research","banana","qslice-cauchy","17","275634","stopped","4000","x","0.0","-0.015752461427574582","0.06334323008571861","true","true","PrecisionReached","6359.339502943152","434919",""
"research","banana","qslice-cauchy","17","275634","stopped","4000","xSquared","1.0","0.9616193845033623","0.14985946066515202","true","true","PrecisionReached","2184.348115003709","434919",""
"research","banana","qslice-cauchy","17","275634","stopped","4000","y","0.0","-0.017287630287599165","0.06944504292801179","true","true","PrecisionReached","3017.1101279718996","434919",""
"research","banana","qslice-cauchy","17","275634","stopped","4000","ySquared","0.57","0.548515698905566","0.14545274426972002","true","true","PrecisionReached","1729.2198403318985","434919",""
"research","banana","qslice-cauchy","18","283553","fixed","12000","event","0.045500263896358334","0.048125","0.012980094053167008","true","true","FixedBudget","7216.027554092417","435072",""
"research","banana","qslice-cauchy","18","283553","fixed","12000","x","0.0","-0.0033806168733903075","0.03989018952308108","true","true","FixedBudget","17441.026096361875","435072",""
"research","banana","qslice-cauchy","18","283553","fixed","12000","xSquared","1.0","1.0201566626621517","0.0968862229982466","true","true","FixedBudget","5866.08582038766","435072",""
"research","banana","qslice-cauchy","18","283553","fixed","12000","y","0.0","0.010620214202708755","0.044482380045006494","true","true","FixedBudget","7826.1306854138365","435072",""
"research","banana","qslice-cauchy","18","283553","fixed","12000","ySquared","0.57","0.5835846682944377","0.10168314141318656","true","true","FixedBudget","4741.282240289485","435072",""
"research","banana","qslice-cauchy","18","283553","stopped","2000","event","0.045500263896358334","0.041375","0.026259737638962728","true","true","PrecisionReached","1647.6603946379687","435072",""
"research","banana","qslice-cauchy","18","283553","stopped","2000","x","0.0","0.021831405501807177","0.08667138432430899","true","true","PrecisionReached","3520.893940344239","435072",""
"research","banana","qslice-cauchy","18","283553","stopped","2000","xSquared","1.0","0.9969276594708025","0.18366094025152435","true","true","PrecisionReached","1418.4455899568925","435072",""
"research","banana","qslice-cauchy","18","283553","stopped","2000","y","0.0","0.0025677328272932787","0.08896615937160597","true","true","PrecisionReached","1775.434505986636","435072",""
"research","banana","qslice-cauchy","18","283553","stopped","2000","ySquared","0.57","0.5294333677246987","0.15677776592262768","true","true","PrecisionReached","1339.0012871173553","435072",""
"research","banana","qslice-cauchy","19","291472","fixed","12000","event","0.045500263896358334","0.042166666666666665","0.012673150496336655","true","true","FixedBudget","6674.108020687032","434372",""
"research","banana","qslice-cauchy","19","291472","fixed","12000","x","0.0","0.0037670313770798297","0.03722153367338792","true","true","FixedBudget","18714.541445483952","434372",""
"research","banana","qslice-cauchy","19","291472","fixed","12000","xSquared","1.0","0.9769466045449394","0.09594503072122801","true","true","FixedBudget","5519.376590812832","434372",""
"research","banana","qslice-cauchy","19","291472","fixed","12000","y","0.0","-0.012070716009563776","0.04424453098840029","true","true","FixedBudget","7536.589078196642","434372",""
"research","banana","qslice-cauchy","19","291472","fixed","12000","ySquared","0.57","0.5560382214966155","0.0979081094128347","true","true","FixedBudget","4625.693238888405","434372",""
"research","banana","qslice-cauchy","19","291472","stopped","2000","event","0.045500263896358334","0.041","0.026732669393539157","true","true","PrecisionReached","1460.3812544935472","434372",""
"research","banana","qslice-cauchy","19","291472","stopped","2000","x","0.0","-0.022902257255602174","0.09015566901681023","true","true","PrecisionReached","3163.1060202947765","434372",""
"research","banana","qslice-cauchy","19","291472","stopped","2000","xSquared","1.0","0.9691399567265327","0.19070676557529018","true","true","PrecisionReached","1228.2150779040041","434372",""
"research","banana","qslice-cauchy","19","291472","stopped","2000","y","0.0","-0.017988622513972152","0.09074715228757098","true","true","PrecisionReached","1652.3536505327288","434372",""
"research","banana","qslice-cauchy","19","291472","stopped","2000","ySquared","0.57","0.5129731334211677","0.1443530096989504","true","true","PrecisionReached","1221.6779244726958","434372",""
"research","banana","qslice-cauchy","20","299391","fixed","12000","event","0.045500263896358334","0.03902083333333333","0.011102788995817469","false","true","FixedBudget","8073.271138268947","432696",""
"research","banana","qslice-cauchy","20","299391","fixed","12000","x","0.0","-0.0012108077439643428","0.038321126872056153","true","true","FixedBudget","18107.971291305887","432696",""
"research","banana","qslice-cauchy","20","299391","fixed","12000","xSquared","1.0","0.9585008198405686","0.08513326482544517","true","true","FixedBudget","6615.22099873652","432696",""
"research","banana","qslice-cauchy","20","299391","fixed","12000","y","0.0","-0.016608185676733833","0.039499246663004306","true","true","FixedBudget","9107.392879144152","432696",""
"research","banana","qslice-cauchy","20","299391","fixed","12000","ySquared","0.57","0.5356636667493542","0.08811843049168072","true","true","FixedBudget","5368.525060297876","432696",""
"research","banana","qslice-cauchy","20","299391","stopped","2000","event","0.045500263896358334","0.03525","0.024305355679627303","true","true","PrecisionReached","1527.9825256985785","432696",""
"research","banana","qslice-cauchy","20","299391","stopped","2000","x","0.0","2.7131280564315907E-4","0.08393467595451963","true","true","PrecisionReached","3547.3630961107942","432696",""
"research","banana","qslice-cauchy","20","299391","stopped","2000","xSquared","1.0","0.9258542469172085","0.17663753284033365","true","true","PrecisionReached","1318.93266493214","432696",""
"research","banana","qslice-cauchy","20","299391","stopped","2000","y","0.0","-0.027183869353952894","0.08498699744023665","true","true","PrecisionReached","1830.855282558036","432696",""
"research","banana","qslice-cauchy","20","299391","stopped","2000","ySquared","0.57","0.4989467928400999","0.1363575676293972","false","true","PrecisionReached","1231.4679983890596","432696",""
"research","banana","qslice-cauchy","21","307310","fixed","12000","event","0.045500263896358334","0.04572916666666667","0.012912607412351087","true","true","FixedBudget","6946.087364016157","434434",""
"research","banana","qslice-cauchy","21","307310","fixed","12000","x","0.0","0.006832035616270382","0.03795363587259833","true","true","FixedBudget","18543.578755138748","434434",""
"research","banana","qslice-cauchy","21","307310","fixed","12000","xSquared","1.0","1.0065080874105694","0.09324247369750636","true","true","FixedBudget","6082.78547875422","434434",""
"research","banana","qslice-cauchy","21","307310","fixed","12000","y","0.0","0.004027520657308659","0.04287677287339354","true","true","FixedBudget","8188.796146280655","434434",""
"research","banana","qslice-cauchy","21","307310","fixed","12000","ySquared","0.57","0.5672486382308035","0.09125637576877461","true","true","FixedBudget","5160.561252192318","434434",""
"research","banana","qslice-cauchy","21","307310","stopped","4000","event","0.045500263896358334","0.0433125","0.020949867309457332","true","true","PrecisionReached","2505.7751213249026","434434",""
"research","banana","qslice-cauchy","21","307310","stopped","4000","x","0.0","0.010510899374984117","0.06561982813953697","true","true","PrecisionReached","6096.616121567164","434434",""
"research","banana","qslice-cauchy","21","307310","stopped","4000","xSquared","1.0","0.9892048554781253","0.15149087016004514","true","true","PrecisionReached","2129.0010792138305","434434",""
"research","banana","qslice-cauchy","21","307310","stopped","4000","y","0.0","-0.0010236920597721244","0.06997651198848504","true","true","PrecisionReached","2929.250317500598","434434",""
"research","banana","qslice-cauchy","21","307310","stopped","4000","ySquared","0.57","0.5404314508644666","0.12408907752120185","true","true","PrecisionReached","2170.6705819157673","434434",""
"research","banana","qslice-cauchy","22","315229","fixed","12000","event","0.045500263896358334","0.045020833333333336","0.013427784170473817","true","true","FixedBudget","6559.998988248486","433907",""
"research","banana","qslice-cauchy","22","315229","fixed","12000","x","0.0","0.00438906589151071","0.038605280799873604","true","true","FixedBudget","17760.442160601822","433907",""
"research","banana","qslice-cauchy","22","315229","fixed","12000","xSquared","1.0","0.9973610303160054","0.10013374909881048","true","true","FixedBudget","5435.031938231642","433907",""
"research","banana","qslice-cauchy","22","315229","fixed","12000","y","0.0","-0.0013547186858715587","0.04596475644967512","true","true","FixedBudget","7377.676573192376","433907",""
"research","banana","qslice-cauchy","22","315229","fixed","12000","ySquared","0.57","0.5718403622091559","0.11196793044249145","true","true","FixedBudget","4156.610380573047","433907",""
"research","banana","qslice-cauchy","22","315229","stopped","4000","event","0.045500263896358334","0.0454375","0.024745776168595593","true","true","PrecisionReached","1879.9137804289871","433907",""
"research","banana","qslice-cauchy","22","315229","stopped","4000","x","0.0","0.007289293545998055","0.07045277752797043","true","true","PrecisionReached","5392.4861079476805","433907",""
"research","banana","qslice-cauchy","22","315229","stopped","4000","xSquared","1.0","1.0085254458282544","0.17820303240218835","true","true","PrecisionReached","1670.7064288776862","433907",""
"research","banana","qslice-cauchy","22","315229","stopped","4000","y","0.0","0.0025599991833786806","0.08153405891393156","true","true","PrecisionReached","2289.7120718032097","433907",""
"research","banana","qslice-cauchy","22","315229","stopped","4000","ySquared","0.57","0.5735122088264049","0.19409249243035262","true","true","PrecisionReached","1198.584262223068","433907",""
"research","banana","qslice-cauchy","23","323148","fixed","12000","event","0.045500263896358334","0.04622916666666667","0.013158548865633994","true","true","FixedBudget","6758.453116632861","434442",""
"research","banana","qslice-cauchy","23","323148","fixed","12000","x","0.0","0.0026721423567911406","0.04055773727963411","true","true","FixedBudget","16286.91747435831","434442",""
"research","banana","qslice-cauchy","23","323148","fixed","12000","xSquared","1.0","1.0094532363717217","0.09843974433782153","true","true","FixedBudget","5688.679029708129","434442",""
"research","banana","qslice-cauchy","23","323148","fixed","12000","y","0.0","0.004228645591249358","0.04591326533763474","true","true","FixedBudget","7425.619901087587","434442",""
"research","banana","qslice-cauchy","23","323148","fixed","12000","ySquared","0.57","0.5898193887981253","0.10648423624231303","true","true","FixedBudget","4755.890837183527","434442",""
"research","banana","qslice-cauchy","23","323148","stopped","4000","event","0.045500263896358334","0.047625","0.024718937701937355","true","true","PrecisionReached","1994.4126801273862","434442",""
"research","banana","qslice-cauchy","23","323148","stopped","4000","x","0.0","-0.008571366174598749","0.0693237784307866","true","true","PrecisionReached","5560.033473689827","434442",""
"research","banana","qslice-cauchy","23","323148","stopped","4000","xSquared","1.0","1.0068209745802021","0.18314592023285897","true","true","PrecisionReached","1765.1597990208288","434442",""
"research","banana","qslice-cauchy","23","323148","stopped","4000","y","0.0","-0.0023493338210865966","0.08435212237162874","true","true","PrecisionReached","2315.5626191167657","434442",""
"research","banana","qslice-cauchy","23","323148","stopped","4000","ySquared","0.57","0.5890539870771239","0.1861955427726951","true","true","PrecisionReached","1448.1813864505698","434442",""
"research","banana","qslice-cauchy","24","331067","fixed","12000","event","0.045500263896358334","0.0464375","0.012427580048304255","true","true","FixedBudget","7609.358660633881","433688",""
"research","banana","qslice-cauchy","24","331067","fixed","12000","x","0.0","0.0016467604749299536","0.04183770131141825","true","true","FixedBudget","16941.3005258561","433688",""
"research","banana","qslice-cauchy","24","331067","fixed","12000","xSquared","1.0","1.0092914503638661","0.09990609595540123","true","true","FixedBudget","5513.560982528746","433688",""
"research","banana","qslice-cauchy","24","331067","fixed","12000","y","0.0","0.003967196365871062","0.045868118912791536","true","true","FixedBudget","7326.771401479238","433688",""
"research","banana","qslice-cauchy","24","331067","fixed","12000","ySquared","0.57","0.5808220174731614","0.12410386118192833","true","true","FixedBudget","3579.5102120776464","433688",""
"research","banana","qslice-cauchy","24","331067","stopped","4000","event","0.045500263896358334","0.0480625","0.023180572750454428","true","true","PrecisionReached","2259.892404837095","433688",""
"research","banana","qslice-cauchy","24","331067","stopped","4000","x","0.0","0.0018565871827948","0.07128339274174589","true","true","PrecisionReached","5396.600787043809","433688",""
"research","banana","qslice-cauchy","24","331067","stopped","4000","xSquared","1.0","1.0154539730152914","0.17929856607136913","true","true","PrecisionReached","1743.4528242414212","433688",""
"research","banana","qslice-cauchy","24","331067","stopped","4000","y","0.0","0.00451608963630068","0.0825045148721799","true","true","PrecisionReached","2377.223636402318","433688",""
"research","banana","qslice-cauchy","24","331067","stopped","4000","ySquared","0.57","0.5911519668783752","0.2088289832438247","true","true","PrecisionReached","1320.314741348647","433688",""
"research","banana","qslice-cauchy","25","338986","fixed","12000","event","0.045500263896358334","0.04845833333333333","0.013181551730520514","true","true","FixedBudget","7043.1413574520075","434466",""
"research","banana","qslice-cauchy","25","338986","fixed","12000","x","0.0","0.007433913484123589","0.041418662561026436","true","true","FixedBudget","15828.862278377157","434466",""
"research","banana","qslice-cauchy","25","338986","fixed","12000","xSquared","1.0","1.0232036980163757","0.10025989055245281","true","true","FixedBudget","5564.609901899266","434466",""
"research","banana","qslice-cauchy","25","338986","fixed","12000","y","0.0","0.007601008448479607","0.047193561140556756","true","true","FixedBudget","7039.127759975991","434466",""
"research","banana","qslice-cauchy","25","338986","fixed","12000","ySquared","0.57","0.5907770593599234","0.1112187916390451","true","true","FixedBudget","4206.820630438504","434466",""
"research","banana","qslice-cauchy","25","338986","stopped","2000","event","0.045500263896358334","0.0435","0.025701268858905307","true","true","PrecisionReached","1671.9124911601803","434466",""
"research","banana","qslice-cauchy","25","338986","stopped","2000","x","0.0","0.02651119708771843","0.08990891805167645","true","true","PrecisionReached","3223.817277926944","434466",""
"research","banana","qslice-cauchy","25","338986","stopped","2000","xSquared","1.0","0.9825130009266432","0.1914884615806551","true","true","PrecisionReached","1383.9256237673528","434466",""
"research","banana","qslice-cauchy","25","338986","stopped","2000","y","0.0","-0.013087063363521667","0.08984984549427838","true","true","PrecisionReached","1819.0617557524504","434466",""
"research","banana","qslice-cauchy","25","338986","stopped","2000","ySquared","0.57","0.5534368758376977","0.18599390320906625","true","true","PrecisionReached","1184.3225121552737","434466",""
"research","banana","qslice-cauchy","26","346905","fixed","12000","event","0.045500263896358334","0.04641666666666667","0.01291014316691199","true","true","FixedBudget","7064.519043110696","435212",""
"research","banana","qslice-cauchy","26","346905","fixed","12000","x","0.0","0.010138685371168799","0.03720252968037491","true","true","FixedBudget","19374.252119478133","435212",""
"research","banana","qslice-cauchy","26","346905","fixed","12000","xSquared","1.0","1.010440803736819","0.09816624715228929","true","true","FixedBudget","5578.775424160709","435212",""
"research","banana","qslice-cauchy","26","346905","fixed","12000","y","0.0","0.004551497839921148","0.045613506984882785","true","true","FixedBudget","7462.611644510267","435212",""
"research","banana","qslice-cauchy","26","346905","fixed","12000","ySquared","0.57","0.5799459970810252","0.1030160091820897","true","true","FixedBudget","4751.7652236248205","435212",""
"research","banana","qslice-cauchy","26","346905","stopped","4000","event","0.045500263896358334","0.0474375","0.022616621423846645","true","true","PrecisionReached","2344.6666782011466","435212",""
"research","banana","qslice-cauchy","26","346905","stopped","4000","x","0.0","0.01817889781025117","0.06563960831414084","true","true","PrecisionReached","6278.715503853538","435212",""
"research","banana","qslice-cauchy","26","346905","stopped","4000","xSquared","1.0","1.0195822370919165","0.18036451496846775","true","true","PrecisionReached","1747.9688132566423","435212",""
"research","banana","qslice-cauchy","26","346905","stopped","4000","y","0.0","0.007259989029724467","0.08355285083583194","true","true","PrecisionReached","2299.61274389991","435212",""
"research","banana","qslice-cauchy","26","346905","stopped","4000","ySquared","0.57","0.6049142286229678","0.21208972846769736","true","true","PrecisionReached","1436.9462496071203","435212",""
"research","banana","qslice-cauchy","27","354824","fixed","12000","event","0.045500263896358334","0.044333333333333336","0.0130845301734828","true","true","FixedBudget","6567.858033500375","433465",""
"research","banana","qslice-cauchy","27","354824","fixed","12000","x","0.0","0.0030245506623797908","0.04078675950578575","true","true","FixedBudget","15905.57995089866","433465",""
"research","banana","qslice-cauchy","27","354824","fixed","12000","xSquared","1.0","0.9969851735288396","0.10055139527523801","true","true","FixedBudget","5411.501598910961","433465",""
"research","banana","qslice-cauchy","27","354824","fixed","12000","y","0.0","-3.5116857393602263E-4","0.046444765434036105","true","true","FixedBudget","7182.59347151012","433465",""
"research","banana","qslice-cauchy","27","354824","fixed","12000","ySquared","0.57","0.583783381072366","0.13700957199691058","true","true","FixedBudget","3736.050741293489","433465",""
"research","banana","qslice-cauchy","27","354824","stopped","4000","event","0.045500263896358334","0.0440625","0.021498001968614486","true","true","PrecisionReached","2418.932396976138","433465",""
"research","banana","qslice-cauchy","27","354824","stopped","4000","x","0.0","-0.00421793004490377","0.07255160231385717","true","true","PrecisionReached","5024.613767032075","433465",""
"research","banana","qslice-cauchy","27","354824","stopped","4000","xSquared","1.0","0.9965134378942223","0.1513092367029441","true","true","PrecisionReached","2188.6729382364433","433465",""
"research","banana","qslice-cauchy","27","354824","stopped","4000","y","0.0","-0.0021142046123513447","0.07110130607509732","true","true","PrecisionReached","2920.970888981053","433465",""
"research","banana","qslice-cauchy","27","354824","stopped","4000","ySquared","0.57","0.5563711217527199","0.14898542045294194","true","true","PrecisionReached","1817.273503582825","433465",""
"research","banana","qslice-cauchy","28","362743","fixed","12000","event","0.045500263896358334","0.044708333333333336","0.011856167328860138","true","true","FixedBudget","8063.786634496364","435120",""
"research","banana","qslice-cauchy","28","362743","fixed","12000","x","0.0","-0.0037622372687979855","0.03847640813201938","true","true","FixedBudget","18056.55586809049","435120",""
"research","banana","qslice-cauchy","28","362743","fixed","12000","xSquared","1.0","0.9876518283553509","0.08448832917837604","true","true","FixedBudget","7001.511577080856","435120",""
"research","banana","qslice-cauchy","28","362743","fixed","12000","y","0.0","-0.006462810527607665","0.04032645479202209","true","true","FixedBudget","9040.160757936828","435120",""
"research","banana","qslice-cauchy","28","362743","fixed","12000","ySquared","0.57","0.5539694158514881","0.07753160092314226","true","true","FixedBudget","6344.638942485978","435120",""
"research","banana","qslice-cauchy","28","362743","stopped","4000","event","0.045500263896358334","0.046625","0.022569952681832733","true","true","PrecisionReached","2316.021580544871","435120",""
"research","banana","qslice-cauchy","28","362743","stopped","4000","x","0.0","-0.0028354993302033282","0.06325050987817682","true","true","PrecisionReached","6846.878800483053","435120",""
"research","banana","qslice-cauchy","28","362743","stopped","4000","xSquared","1.0","0.9900995876418753","0.15500902747121725","true","true","PrecisionReached","2130.7304082733585","435120",""
"research","banana","qslice-cauchy","28","362743","stopped","4000","y","0.0","-0.010828398405924089","0.07346477522994915","true","true","PrecisionReached","2776.9753957596854","435120",""
"research","banana","qslice-cauchy","28","362743","stopped","4000","ySquared","0.57","0.5648058870704022","0.14311841023059388","true","true","PrecisionReached","1881.2595989146705","435120",""
"research","banana","qslice-cauchy","29","370662","fixed","12000","event","0.045500263896358334","0.0434375","0.011511797923537515","true","true","FixedBudget","8321.374289202513","433551",""
"research","banana","qslice-cauchy","29","370662","fixed","12000","x","0.0","-3.0490129178750713E-4","0.03641198720795571","true","true","FixedBudget","19758.99277755125","433551",""
"research","banana","qslice-cauchy","29","370662","fixed","12000","xSquared","1.0","0.9831107741803183","0.08333500217869975","true","true","FixedBudget","6984.141240692035","433551",""
"research","banana","qslice-cauchy","29","370662","fixed","12000","y","0.0","-0.005470254898605642","0.040272952759199176","true","true","FixedBudget","8813.048772559749","433551",""
"research","banana","qslice-cauchy","29","370662","fixed","12000","ySquared","0.57","0.5386095498371386","0.06961146016601141","true","true","FixedBudget","6755.462115390939","433551",""
"research","banana","qslice-cauchy","29","370662","stopped","4000","event","0.045500263896358334","0.0434375","0.021271774057866375","true","true","PrecisionReached","2437.204914219588","433551",""
"research","banana","qslice-cauchy","29","370662","stopped","4000","x","0.0","-1.2490130450126813E-5","0.06601575396696188","true","true","PrecisionReached","5985.4876904472285","433551",""
"research","banana","qslice-cauchy","29","370662","stopped","4000","xSquared","1.0","0.9828187262680164","0.15062921286162728","true","true","PrecisionReached","2113.854510453985","433551",""
"research","banana","qslice-cauchy","29","370662","stopped","4000","y","0.0","-0.006924719730785955","0.07235589342931563","true","true","PrecisionReached","2695.7199999010095","433551",""
"research","banana","qslice-cauchy","29","370662","stopped","4000","ySquared","0.57","0.5317903706652112","0.12726429174774342","true","true","PrecisionReached","1842.4043772375162","433551",""
"research","gaussian","figaro-block","0","141011","fixed","12000","event","0.045500263896358334","0.04689583333333333","0.012290726685565957","true","true","FixedBudget","7934.292506687632","86901",""
"research","gaussian","figaro-block","0","141011","fixed","12000","x","0.0","-0.007548495802724153","0.07623180679258795","true","true","FixedBudget","4642.782483413165","86901",""
"research","gaussian","figaro-block","0","141011","fixed","12000","xSquared","1.0","1.0166510340516515","0.09977679558527097","true","true","FixedBudget","5645.430424920579","86901",""
"research","gaussian","figaro-block","0","141011","fixed","12000","y","0.0","-0.015225846791871334","0.07845409827828641","true","true","FixedBudget","4378.398633839382","86901",""
"research","gaussian","figaro-block","0","141011","fixed","12000","ySquared","1.0","1.0156463515674483","0.09223424278448387","true","true","FixedBudget","6309.386357898402","86901",""
"research","gaussian","figaro-block","0","141011","stopped","4000","event","0.045500263896358334","0.0453125","0.021003048794735663","true","true","PrecisionReached","2602.770478910185","86901",""
"research","gaussian","figaro-block","0","141011","stopped","4000","x","0.0","0.022931379376042837","0.1298083504621968","true","true","PrecisionReached","1559.002013805995","86901",""
"research","gaussian","figaro-block","0","141011","stopped","4000","xSquared","1.0","0.9902875470261275","0.1662530566250652","true","true","PrecisionReached","1897.276237017807","86901",""
"research","gaussian","figaro-block","0","141011","stopped","4000","y","0.0","-0.026949461571991407","0.12959261861631807","true","true","PrecisionReached","1583.648321660553","86901",""
"research","gaussian","figaro-block","0","141011","stopped","4000","ySquared","1.0","1.002796090690648","0.14921413142307619","true","true","PrecisionReached","2304.268513407806","86901",""
"research","gaussian","figaro-block","1","148930","fixed","12000","event","0.045500263896358334","0.043375","0.011398271869215422","true","true","FixedBudget","8476.301373704426","86819",""
"research","gaussian","figaro-block","1","148930","fixed","12000","x","0.0","0.01488132057557251","0.07310611932553772","true","true","FixedBudget","4896.665538893721","86819",""
"research","gaussian","figaro-block","1","148930","fixed","12000","xSquared","1.0","0.9862845479373257","0.09030360623520128","true","true","FixedBudget","6322.5330729729085","86819",""
"research","gaussian","figaro-block","1","148930","fixed","12000","y","0.0","-0.004301741925769653","0.07431827790970727","true","true","FixedBudget","4747.797062692419","86819",""
"research","gaussian","figaro-block","1","148930","fixed","12000","ySquared","1.0","0.9880714670333903","0.09530685156363036","true","true","FixedBudget","5901.05486241368","86819",""
"research","gaussian","figaro-block","1","148930","stopped","4000","event","0.045500263896358334","0.0424375","0.018584765089741266","true","true","PrecisionReached","3122.655427794","86819",""
"research","gaussian","figaro-block","1","148930","stopped","4000","x","0.0","0.04566128671055228","0.12780457235824705","true","true","PrecisionReached","1568.8373685821552","86819",""
"research","gaussian","figaro-block","1","148930","stopped","4000","xSquared","1.0","0.9675785849207836","0.14114874897492127","true","true","PrecisionReached","2495.377153962373","86819",""
"research","gaussian","figaro-block","1","148930","stopped","4000","y","0.0","-0.01504531252001129","0.1286544889227083","true","true","PrecisionReached","1555.4011637371677","86819",""
"research","gaussian","figaro-block","1","148930","stopped","4000","ySquared","1.0","0.9702247496637357","0.1693444119102926","true","true","PrecisionReached","2093.132249963489","86819",""
"research","gaussian","figaro-block","2","156849","fixed","12000","event","0.045500263896358334","0.05125","0.012471546417444853","true","true","FixedBudget","8296.754549133664","86996",""
"research","gaussian","figaro-block","2","156849","fixed","12000","x","0.0","-0.009902942228396494","0.07786167355270084","true","true","FixedBudget","4571.994453296847","86996",""
"research","gaussian","figaro-block","2","156849","fixed","12000","xSquared","1.0","1.0444574315809128","0.09727926414295862","true","true","FixedBudget","6159.331551650773","86996",""
"research","gaussian","figaro-block","2","156849","fixed","12000","y","0.0","0.0026294466254854765","0.07564412034461686","true","true","FixedBudget","4795.390133902984","86996",""
"research","gaussian","figaro-block","2","156849","fixed","12000","ySquared","1.0","1.0338892152361208","0.09398493621665635","true","true","FixedBudget","6474.577757635613","86996",""
"research","gaussian","figaro-block","2","156849","stopped","4000","event","0.045500263896358334","0.0511875","0.021865429669561","true","true","PrecisionReached","2989.515079384909","86996",""
"research","gaussian","figaro-block","2","156849","stopped","4000","x","0.0","0.013184087717964754","0.12474639826535082","true","true","PrecisionReached","1751.4287832309965","86996",""
"research","gaussian","figaro-block","2","156849","stopped","4000","xSquared","1.0","1.0270716087451641","0.16231570663263648","true","true","PrecisionReached","2111.2891044632415","86996",""
"research","gaussian","figaro-block","2","156849","stopped","4000","y","0.0","8.174545113972531E-4","0.13452562549390967","true","true","PrecisionReached","1538.1955979576492","86996",""
"research","gaussian","figaro-block","2","156849","stopped","4000","ySquared","1.0","1.04881909636887","0.1813785829118679","true","true","PrecisionReached","1787.0191416343669","86996",""
"research","gaussian","figaro-block","3","164768","fixed","12000","event","0.045500263896358334","0.042104166666666665","0.011955061021727229","true","true","FixedBudget","7489.329949618044","86736",""
"research","gaussian","figaro-block","3","164768","fixed","12000","x","0.0","-0.005299365977068149","0.07325392933324751","true","true","FixedBudget","4875.082240935737","86736",""
"research","gaussian","figaro-block","3","164768","fixed","12000","xSquared","1.0","0.9857186458144318","0.09034872973612518","true","true","FixedBudget","6230.429947815201","86736",""
"research","gaussian","figaro-block","3","164768","fixed","12000","y","0.0","-0.020346730431879623","0.07847815373045353","true","true","FixedBudget","4738.539078318376","86736",""
"research","gaussian","figaro-block","3","164768","fixed","12000","ySquared","1.0","1.0366287936894527","0.10007150455908938","true","true","FixedBudget","6264.139297105914","86736",""
"research","gaussian","figaro-block","3","164768","stopped","4000","event","0.045500263896358334","0.04225","0.01926953777941127","true","true","PrecisionReached","2892.3948132013456","86736",""
"research","gaussian","figaro-block","3","164768","stopped","4000","x","0.0","-0.0295336688993888","0.12635139929288325","true","true","PrecisionReached","1662.7551898449756","86736",""
"research","gaussian","figaro-block","3","164768","stopped","4000","xSquared","1.0","1.0010268201345438","0.14835198704307337","true","true","PrecisionReached","2330.030972448012","86736",""
"research","gaussian","figaro-block","3","164768","stopped","4000","y","0.0","-0.01869503810868789","0.12630519798002243","true","true","PrecisionReached","1678.6146493467681","86736",""
"research","gaussian","figaro-block","3","164768","stopped","4000","ySquared","1.0","1.0093053527761875","0.16498245425243407","true","true","PrecisionReached","2020.6462982827309","86736",""
"research","gaussian","figaro-block","4","172687","fixed","12000","event","0.045500263896358334","0.04691666666666667","0.012063946597039544","true","true","FixedBudget","8154.219730374035","87109",""
"research","gaussian","figaro-block","4","172687","fixed","12000","x","0.0","0.034861872204086986","0.07449177054566739","true","true","FixedBudget","4874.27655901225","87109",""
"research","gaussian","figaro-block","4","172687","fixed","12000","xSquared","1.0","1.0203312141878875","0.09175568354378566","true","true","FixedBudget","6392.241635958767","87109",""
"research","gaussian","figaro-block","4","172687","fixed","12000","y","0.0","-0.0034957458445837204","0.07807183703346801","true","true","FixedBudget","4336.872912961069","87109",""
"research","gaussian","figaro-block","4","172687","fixed","12000","ySquared","1.0","0.9960189993286267","0.09326402756856023","true","true","FixedBudget","6171.135295657313","87109",""
"research","gaussian","figaro-block","4","172687","stopped","4000","event","0.045500263896358334","0.05","0.021406308185523887","true","true","PrecisionReached","2751.2582450097284","87109",""
"research","gaussian","figaro-block","4","172687","stopped","4000","x","0.0","0.007535667377820077","0.13321129465837883","true","true","PrecisionReached","1567.6567829623657","87109",""
"research","gaussian","figaro-block","4","172687","stopped","4000","xSquared","1.0","1.0481786718853408","0.16175548598040174","true","true","PrecisionReached","2170.878878733345","87109",""
"research","gaussian","figaro-block","4","172687","stopped","4000","y","0.0","-0.030413994345038536","0.1332124194705799","true","true","PrecisionReached","1467.630097417634","87109",""
"research","gaussian","figaro-block","4","172687","stopped","4000","ySquared","1.0","0.9821864832065343","0.16510792020915285","true","true","PrecisionReached","1954.276628143115","87109",""
"research","gaussian","figaro-block","5","180606","fixed","12000","event","0.045500263896358334","0.051458333333333335","0.013445504004987036","true","true","FixedBudget","7165.741783903427","87078",""
"research","gaussian","figaro-block","5","180606","fixed","12000","x","0.0","0.013173182988928778","0.08010711431275913","true","true","FixedBudget","4309.096426140984","87078",""
"research","gaussian","figaro-block","5","180606","fixed","12000","xSquared","1.0","1.0420714962373856","0.1048011014715645","true","true","FixedBudget","5489.45772383953","87078",""
"research","gaussian","figaro-block","5","180606","fixed","12000","y","0.0","0.01732786492235805","0.07444624309803294","true","true","FixedBudget","4870.889919403641","87078",""
"research","gaussian","figaro-block","5","180606","fixed","12000","ySquared","1.0","1.0174635701758732","0.09331739515015275","true","true","FixedBudget","6412.937218568643","87078",""
"research","gaussian","figaro-block","5","180606","stopped","4000","event","0.045500263896358334","0.0536875","0.02455354136153242","true","true","PrecisionReached","2236.66413576486","87078",""
"research","gaussian","figaro-block","5","180606","stopped","4000","x","0.0","0.03445704833645458","0.1340262607358251","true","true","PrecisionReached","1527.2115596549438","87078",""
"research","gaussian","figaro-block","5","180606","stopped","4000","xSquared","1.0","1.0347996867724902","0.17493327102420195","true","true","PrecisionReached","1894.0229765615263","87078",""
"research","gaussian","figaro-block","5","180606","stopped","4000","y","0.0","0.054394898189459084","0.12312878939158774","true","true","PrecisionReached","1754.300221663774","87078",""
"research","gaussian","figaro-block","5","180606","stopped","4000","ySquared","1.0","1.0050375315777806","0.15215882587145677","true","true","PrecisionReached","2235.8560821753986","87078",""
"research","gaussian","figaro-block","6","188525","fixed","12000","event","0.045500263896358334","0.04647916666666667","0.01254538482464211","true","true","FixedBudget","7569.616250351629","87115",""
"research","gaussian","figaro-block","6","188525","fixed","12000","x","0.0","-0.020746024259003848","0.07449103372480709","true","true","FixedBudget","4796.892546232048","87115",""
"research","gaussian","figaro-block","6","188525","fixed","12000","xSquared","1.0","1.0033469379080304","0.09395523746425476","true","true","FixedBudget","5834.086761430365","87115",""
"research","gaussian","figaro-block","6","188525","fixed","12000","y","0.0","-0.0055908085076787906","0.07391946410876943","true","true","FixedBudget","4812.665214379834","87115",""
"research","gaussian","figaro-block","6","188525","fixed","12000","ySquared","1.0","0.9908633681010878","0.08839922218080595","true","true","FixedBudget","6446.170225088249","87115",""
"research","gaussian","figaro-block","6","188525","stopped","4000","event","0.045500263896358334","0.04275","0.019835662228787167","true","true","PrecisionReached","2760.510352727249","87115",""
"research","gaussian","figaro-block","6","188525","stopped","4000","x","0.0","-0.03130566106169819","0.12237155763084058","true","true","PrecisionReached","1757.8696407239127","87115",""
"research","gaussian","figaro-block","6","188525","stopped","4000","xSquared","1.0","0.9927851671896577","0.1505233822947456","true","true","PrecisionReached","2139.4029224252504","87115",""
"research","gaussian","figaro-block","6","188525","stopped","4000","y","0.0","-0.0071570951313091324","0.13041206514300363","true","true","PrecisionReached","1560.76305047238","87115",""
"research","gaussian","figaro-block","6","188525","stopped","4000","ySquared","1.0","1.0001691803418946","0.15067723442070363","true","true","PrecisionReached","2223.834980508372","87115",""
"research","gaussian","figaro-block","7","196444","fixed","12000","event","0.045500263896358334","0.051270833333333335","0.012539090519989604","true","true","FixedBudget","8210.767447017915","87114",""
"research","gaussian","figaro-block","7","196444","fixed","12000","x","0.0","-0.018775632697296762","0.07702683492704278","true","true","FixedBudget","4659.7939369105725","87114",""
"research","gaussian","figaro-block","7","196444","fixed","12000","xSquared","1.0","1.0420644097595055","0.09250175772992779","true","true","FixedBudget","6737.796397308286","87114",""
"research","gaussian","figaro-block","7","196444","fixed","12000","y","0.0","-0.02150270779468988","0.07288757844654602","true","true","FixedBudget","4989.732767300828","87114",""
"research","gaussian","figaro-block","7","196444","fixed","12000","ySquared","1.0","0.9992683427272006","0.08822631077710619","true","true","FixedBudget","6624.546186231038","87114",""
"research","gaussian","figaro-block","7","196444","stopped","4000","event","0.045500263896358334","0.046875","0.020797323722307966","true","true","PrecisionReached","2741.558596469788","87114",""
"research","gaussian","figaro-block","7","196444","stopped","4000","x","0.0","-0.0353266541754913","0.12961040610054325","true","true","PrecisionReached","1596.9228808474263","87114",""
"research","gaussian","figaro-block","7","196444","stopped","4000","xSquared","1.0","1.0119948109016188","0.15348876428397873","true","true","PrecisionReached","2263.764982661762","87114",""
"research","gaussian","figaro-block","7","196444","stopped","4000","y","0.0","-0.04114328954668878","0.11731162155499891","true","true","PrecisionReached","1821.0391486294732","87114",""
"research","gaussian","figaro-block","7","196444","stopped","4000","ySquared","1.0","0.9459277029634667","0.1347578078363678","true","true","PrecisionReached","2583.5442968166235","87114",""
"research","gaussian","figaro-block","8","204363","fixed","12000","event","0.045500263896358334","0.042770833333333334","0.011420829878203427","true","true","FixedBudget","8330.508436532333","86880",""
"research","gaussian","figaro-block","8","204363","fixed","12000","x","0.0","0.012796509889492505","0.07446416712974527","true","true","FixedBudget","4743.566012333982","86880",""
"research","gaussian","figaro-block","8","204363","fixed","12000","xSquared","1.0","0.9857163116793529","0.09103403292530399","true","true","FixedBudget","6247.843408011908","86880",""
"research","gaussian","figaro-block","8","204363","fixed","12000","y","0.0","-0.009005746825286653","0.0748553746939875","true","true","FixedBudget","4645.416569039956","86880",""
"research","gaussian","figaro-block","8","204363","fixed","12000","ySquared","1.0","0.9808517139934514","0.08598144828533391","true","true","FixedBudget","6703.803821675537","86880",""
"research","gaussian","figaro-block","8","204363","stopped","4000","event","0.045500263896358334","0.044875","0.020763149798760736","true","true","PrecisionReached","2638.7575839918063","86880",""
"research","gaussian","figaro-block","8","204363","stopped","4000","x","0.0","0.01810730247111237","0.12889799114005068","true","true","PrecisionReached","1601.3816737280517","86880",""
"research","gaussian","figaro-block","8","204363","stopped","4000","xSquared","1.0","1.0027851156898828","0.17142384931357826","true","true","PrecisionReached","1869.5816445984883","86880",""
"research","gaussian","figaro-block","8","204363","stopped","4000","y","0.0","-0.017394308020969307","0.1235956016661513","true","true","PrecisionReached","1671.1250072296136","86880",""
"research","gaussian","figaro-block","8","204363","stopped","4000","ySquared","1.0","0.9621222783499221","0.14097298135073605","true","true","PrecisionReached","2410.4686573696404","86880",""
"research","gaussian","figaro-block","9","212282","fixed","12000","event","0.045500263896358334","0.050625","0.013526588238683067","true","true","FixedBudget","6971.552239279451","86896",""
"research","gaussian","figaro-block","9","212282","fixed","12000","x","0.0","0.0044054085787805786","0.0770871383155223","true","true","FixedBudget","4674.429022669461","86896",""
"research","gaussian","figaro-block","9","212282","fixed","12000","xSquared","1.0","1.046639864215049","0.10344603033907931","true","true","FixedBudget","5615.0595812176425","86896",""
"research","gaussian","figaro-block","9","212282","fixed","12000","y","0.0","-0.0010330953722523795","0.07463234006205637","true","true","FixedBudget","4850.902276906509","86896",""
"research","gaussian","figaro-block","9","212282","fixed","12000","ySquared","1.0","1.018061233761619","0.09699600190304782","true","true","FixedBudget","6015.900053556726","86896",""
"research","gaussian","figaro-block","9","212282","stopped","4000","event","0.045500263896358334","0.051875","0.022767551926685035","true","true","PrecisionReached","2518.328213797877","86896",""
"research","gaussian","figaro-block","9","212282","stopped","4000","x","0.0","0.01672170819615104","0.1306266622627197","true","true","PrecisionReached","1633.909712625188","86896",""
"research","gaussian","figaro-block","9","212282","stopped","4000","xSquared","1.0","1.0507176047832618","0.16696751128318096","true","true","PrecisionReached","2093.1930293736755","86896",""
"research","gaussian","figaro-block","9","212282","stopped","4000","y","0.0","-0.04237672258563041","0.13261359081825574","true","true","PrecisionReached","1548.9114427688742","86896",""
"research","gaussian","figaro-block","9","212282","stopped","4000","ySquared","1.0","1.0281124091352158","0.16977071446153186","true","true","PrecisionReached","2027.6011681987814","86896",""
"research","gaussian","figaro-block","10","220201","fixed","12000","event","0.045500263896358334","0.05125","0.012963709266974604","true","true","FixedBudget","7909.673272283696","86821",""
"research","gaussian","figaro-block","10","220201","fixed","12000","x","0.0","-0.0059335763441785705","0.07963001128674171","true","true","FixedBudget","4346.647016960315","86821",""
"research","gaussian","figaro-block","10","220201","fixed","12000","xSquared","1.0","1.0385309717331959","0.09978623856200175","true","true","FixedBudget","6215.100606912609","86821",""
"research","gaussian","figaro-block","10","220201","fixed","12000","y","0.0","-7.316191136196581E-4","0.07656047460838743","true","true","FixedBudget","4663.180611446337","86821",""
"research","gaussian","figaro-block","10","220201","fixed","12000","ySquared","1.0","1.0298844431599519","0.09242018082984267","true","true","FixedBudget","6594.114523670931","86821",""
"research","gaussian","figaro-block","10","220201","stopped","4000","event","0.045500263896358334","0.05325","0.023055943396087148","true","true","PrecisionReached","2517.1577068649594","86821",""
"research","gaussian","figaro-block","10","220201","stopped","4000","x","0.0","0.02257784343412217","0.1319909424787167","true","true","PrecisionReached","1612.1060984518676","86821",""
"research","gaussian","figaro-block","10","220201","stopped","4000","xSquared","1.0","1.0586922859210925","0.17119620001015542","true","true","PrecisionReached","2079.2527354660747","86821",""
"research","gaussian","figaro-block","10","220201","stopped","4000","y","0.0","0.030452515731847596","0.13053380828047725","true","true","PrecisionReached","1610.803510394736","86821",""
"research","gaussian","figaro-block","10","220201","stopped","4000","ySquared","1.0","1.0350386700822602","0.16581645768327014","true","true","PrecisionReached","2109.1709950931313","86821",""
"research","gaussian","figaro-block","11","228120","fixed","12000","event","0.045500263896358334","0.046875","0.012606560525339806","true","true","FixedBudget","8000.577911196393","87028",""
"research","gaussian","figaro-block","11","228120","fixed","12000","x","0.0","-0.022038857409963697","0.07293667644889613","true","true","FixedBudget","5039.066002809664","87028",""
"research","gaussian","figaro-block","11","228120","fixed","12000","xSquared","1.0","1.0058080255518191","0.09467864758149848","true","true","FixedBudget","6272.14286579683","87028",""
"research","gaussian","figaro-block","11","228120","fixed","12000","y","0.0","-0.026350340392694904","0.07387243497906311","true","true","FixedBudget","4830.329293890964","87028",""
"research","gaussian","figaro-block","11","228120","fixed","12000","ySquared","1.0","0.9938981325715894","0.08872085418562164","true","true","FixedBudget","6619.325989760341","87028",""
"research","gaussian","figaro-block","11","228120","stopped","4000","event","0.045500263896358334","0.0539375","0.023636540766461645","true","true","PrecisionReached","2424.17574330071","87028",""
"research","gaussian","figaro-block","11","228120","stopped","4000","x","0.0","-0.014556327435242933","0.1297531819231148","true","true","PrecisionReached","1634.1006232894993","87028",""
"research","gaussian","figaro-block","11","228120","stopped","4000","xSquared","1.0","1.0367697117513062","0.18441245230520373","true","true","PrecisionReached","1885.732927117374","87028",""
"research","gaussian","figaro-block","11","228120","stopped","4000","y","0.0","-0.04598978726585329","0.13148878779244622","true","true","PrecisionReached","1526.976241713232","87028",""
"research","gaussian","figaro-block","11","228120","stopped","4000","ySquared","1.0","0.9968066099811539","0.15659700576261487","true","true","PrecisionReached","2140.8226078345588","87028",""
"research","gaussian","figaro-block","12","236039","fixed","12000","event","0.045500263896358334","0.04475","0.011424122647290914","true","true","FixedBudget","8692.957782435256","86923",""
"research","gaussian","figaro-block","12","236039","fixed","12000","x","0.0","-0.009230909077861504","0.07187836773343491","true","true","FixedBudget","5085.08066141659","86923",""
"research","gaussian","figaro-block","12","236039","fixed","12000","xSquared","1.0","0.9899846083064985","0.08813331190577071","true","true","FixedBudget","6765.79982677849","86923",""
"research","gaussian","figaro-block","12","236039","fixed","12000","y","0.0","-3.287387006550846E-4","0.07350336676647569","true","true","FixedBudget","4907.970796813581","86923",""
"research","gaussian","figaro-block","12","236039","fixed","12000","ySquared","1.0","0.9991099467971627","0.08769036518614942","true","true","FixedBudget","6867.873070903252","86923",""
"research","gaussian","figaro-block","12","236039","stopped","4000","event","0.045500263896358334","0.0435625","0.01935376995658417","true","true","PrecisionReached","2952.2935420625176","86923",""
"research","gaussian","figaro-block","12","236039","stopped","4000","x","0.0","4.7253790373558147E-4","0.12518769819710554","true","true","PrecisionReached","1654.9084055555663","86923",""
"research","gaussian","figaro-block","12","236039","stopped","4000","xSquared","1.0","0.977183386502679","0.1536780098818464","true","true","PrecisionReached","2195.2202889833625","86923",""
"research","gaussian","figaro-block","12","236039","stopped","4000","y","0.0","0.02187891934153613","0.12513441736023626","true","true","PrecisionReached","1612.4338735076033","86923",""
"research","gaussian","figaro-block","12","236039","stopped","4000","ySquared","1.0","0.951771400119038","0.14849003309288775","true","true","PrecisionReached","2212.4275666198973","86923",""
"research","gaussian","figaro-block","13","243958","fixed","12000","event","0.045500263896358334","0.0478125","0.012105560727069448","true","true","FixedBudget","8245.12616367515","87042",""
"research","gaussian","figaro-block","13","243958","fixed","12000","x","0.0","0.005940656747405182","0.07593798753895462","true","true","FixedBudget","4716.204160206916","87042",""
"research","gaussian","figaro-block","13","243958","fixed","12000","xSquared","1.0","1.0247608436390239","0.09721318426458991","true","true","FixedBudget","5946.0788369491875","87042",""
"research","gaussian","figaro-block","13","243958","fixed","12000","y","0.0","-0.012495866598531302","0.07174479160608462","true","true","FixedBudget","5114.713641549737","87042",""
"research","gaussian","figaro-block","13","243958","fixed","12000","ySquared","1.0","0.9921269330394566","0.08913193070073229","true","true","FixedBudget","6505.5022114381345","87042",""
"research","gaussian","figaro-block","13","243958","stopped","4000","event","0.045500263896358334","0.053","0.022070548452919742","true","true","PrecisionReached","2734.770536594412","87042",""
"research","gaussian","figaro-block","13","243958","stopped","4000","x","0.0","-0.020641285377248075","0.13237973413121393","true","true","PrecisionReached","1589.285667971741","87042",""
"research","gaussian","figaro-block","13","243958","stopped","4000","xSquared","1.0","1.049784071093062","0.17220957522705058","true","true","PrecisionReached","2054.9464983620496","87042",""
"research","gaussian","figaro-block","13","243958","stopped","4000","y","0.0","0.005804860887581698","0.13391778711407787","true","true","PrecisionReached","1523.4943774730484","87042",""
"research","gaussian","figaro-block","13","243958","stopped","4000","ySquared","1.0","1.0294619642771727","0.16150158832366518","true","true","PrecisionReached","2106.8022445058664","87042",""
"research","gaussian","figaro-block","14","251877","fixed","12000","event","0.045500263896358334","0.044083333333333335","0.011222705709224982","true","true","FixedBudget","8879.786188928767","87125",""
"research","gaussian","figaro-block","14","251877","fixed","12000","x","0.0","0.008265992760373209","0.07386138292015883","true","true","FixedBudget","4812.422282884514","87125",""
"research","gaussian","figaro-block","14","251877","fixed","12000","xSquared","1.0","0.9892940480769559","0.08456246945799041","true","true","FixedBudget","7222.532000297495","87125",""
"research","gaussian","figaro-block","14","251877","fixed","12000","y","0.0","0.022829587890868197","0.07865256359340608","true","true","FixedBudget","4295.568210070485","87125",""
"research","gaussian","figaro-block","14","251877","fixed","12000","ySquared","1.0","1.001772705386911","0.08958658410843812","true","true","FixedBudget","6446.229221691488","87125",""
"research","gaussian","figaro-block","14","251877","stopped","4000","event","0.045500263896358334","0.049","0.022024615591544047","true","true","PrecisionReached","2575.83773164594","87125",""
"research","gaussian","figaro-block","14","251877","stopped","4000","x","0.0","-0.006226770438004958","0.13114279114270758","true","true","PrecisionReached","1542.5205797437932","87125",""
"research","gaussian","figaro-block","14","251877","stopped","4000","xSquared","1.0","0.9995749495330271","0.15816767005492557","true","true","PrecisionReached","2150.2874588621403","87125",""
"research","gaussian","figaro-block","14","251877","stopped","4000","y","0.0","0.03002391939051341","0.13473336489492194","true","true","PrecisionReached","1478.5482372000258","87125",""
"research","gaussian","figaro-block","14","251877","stopped","4000","ySquared","1.0","1.0121653621763929","0.17640796178269647","true","true","PrecisionReached","1799.6071285784137","87125",""
"research","gaussian","figaro-block","15","259796","fixed","12000","event","0.045500263896358334","0.04583333333333333","0.011833534921282758","true","true","FixedBudget","8322.463587499853","86851",""
"research","gaussian","figaro-block","15","259796","fixed","12000","x","0.0","0.012350246217528671","0.07416876291853053","true","true","FixedBudget","4971.696216674723","86851",""
"research","gaussian","figaro-block","15","259796","fixed","12000","xSquared","1.0","1.0048488855083744","0.09238135359984956","true","true","FixedBudget","6197.995455473464","86851",""
"research","gaussian","figaro-block","15","259796","fixed","12000","y","0.0","0.003249234408404522","0.07625211702270189","true","true","FixedBudget","4636.5488131184675","86851",""
"research","gaussian","figaro-block","15","259796","fixed","12000","ySquared","1.0","1.010904470851662","0.09703066859805515","true","true","FixedBudget","5909.8956316316335","86851",""
"research","gaussian","figaro-block","15","259796","stopped","4000","event","0.045500263896358334","0.0454375","0.021101346435663568","true","true","PrecisionReached","2585.3524485056414","86851",""
"research","gaussian","figaro-block","15","259796","stopped","4000","x","0.0","0.021728904052567333","0.1288658033559884","true","true","PrecisionReached","1668.847416135901","86851",""
"research","gaussian","figaro-block","15","259796","stopped","4000","xSquared","1.0","0.9824533278311625","0.16432652215862992","true","true","PrecisionReached","1923.9067835845938","86851",""
"research","gaussian","figaro-block","15","259796","stopped","4000","y","0.0","-0.015425833682400247","0.13271259621931564","true","true","PrecisionReached","1487.3391637490563","86851",""
"research","gaussian","figaro-block","15","259796","stopped","4000","ySquared","1.0","0.987228540214488","0.16944962484317846","true","true","PrecisionReached","2014.5880382369469","86851",""
"research","gaussian","figaro-block","16","267715","fixed","12000","event","0.045500263896358334","0.04564583333333333","0.011853711069129287","true","true","FixedBudget","8228.207553336224","87106",""
"research","gaussian","figaro-block","16","267715","fixed","12000","x","0.0","0.011381769530745767","0.0771755776705649","true","true","FixedBudget","4535.044392099802","87106",""
"research","gaussian","figaro-block","16","267715","fixed","12000","xSquared","1.0","1.0178725401152025","0.09013289336875477","true","true","FixedBudget","6687.294364614764","87106",""
"research","gaussian","figaro-block","16","267715","fixed","12000","y","0.0","-0.0024539616330005454","0.07507347964897415","true","true","FixedBudget","4739.1743304396105","87106",""
"research","gaussian","figaro-block","16","267715","fixed","12000","ySquared","1.0","1.006410540041152","0.0919099526538234","true","true","FixedBudget","6512.858491997433","87106",""
"research","gaussian","figaro-block","16","267715","stopped","4000","event","0.045500263896358334","0.046375","0.02064512096806104","true","true","PrecisionReached","2769.145745642477","87106",""
"research","gaussian","figaro-block","16","267715","stopped","4000","x","0.0","0.013134592592125127","0.14523389793260158","true","true","PrecisionReached","1316.5208878633402","87106",""
"research","gaussian","figaro-block","16","267715","stopped","4000","xSquared","1.0","1.0464393218213066","0.15894712941389552","true","true","PrecisionReached","2202.0320154912274","87106",""
"research","gaussian","figaro-block","16","267715","stopped","4000","y","0.0","0.032204321153364635","0.13580731071278695","true","true","PrecisionReached","1468.2009297722439","87106",""
"research","gaussian","figaro-block","16","267715","stopped","4000","ySquared","1.0","1.0212962689501173","0.16900492275691945","true","true","PrecisionReached","2114.208940331691","87106",""
"research","gaussian","figaro-block","17","275634","fixed","12000","event","0.045500263896358334","0.042354166666666665","0.01034079596250451","true","true","FixedBudget","10066.913223823603","87043",""
"research","gaussian","figaro-block","17","275634","fixed","12000","x","0.0","0.006934870747565103","0.07227402113510892","true","true","FixedBudget","4964.374943700168","87043",""
"research","gaussian","figaro-block","17","275634","fixed","12000","xSquared","1.0","0.9771183949448448","0.07963894622850445","true","true","FixedBudget","7788.313882922039","87043",""
"research","gaussian","figaro-block","17","275634","fixed","12000","y","0.0","-0.01716236879333466","0.07582772827728988","true","true","FixedBudget","4620.363599945673","87043",""
"research","gaussian","figaro-block","17","275634","fixed","12000","ySquared","1.0","1.0012829492179318","0.09170617339757323","true","true","FixedBudget","6257.093207487924","87043",""
"research","gaussian","figaro-block","17","275634","stopped","4000","event","0.045500263896358334","0.042125","0.01870602925870043","true","true","PrecisionReached","3060.6017946770894","87043",""
"research","gaussian","figaro-block","17","275634","stopped","4000","x","0.0","0.010224167495337555","0.1275487587963855","true","true","PrecisionReached","1577.7623558667085","87043",""
"research","gaussian","figaro-block","17","275634","stopped","4000","xSquared","1.0","0.9672076186902482","0.1376732701604026","true","true","PrecisionReached","2568.0406588600276","87043",""
"research","gaussian","figaro-block","17","275634","stopped","4000","y","0.0","-0.01673761419002351","0.13448301776677402","true","true","PrecisionReached","1483.664780610877","87043",""
"research","gaussian","figaro-block","17","275634","stopped","4000","ySquared","1.0","1.0112760253768827","0.15711559390390537","true","true","PrecisionReached","2261.3713191820752","87043",""
"research","gaussian","figaro-block","18","283553","fixed","12000","event","0.045500263896358334","0.04754166666666667","0.011854508759755317","true","true","FixedBudget","8551.778884430118","86969",""
"research","gaussian","figaro-block","18","283553","fixed","12000","x","0.0","0.049086362733117395","0.07383289779343812","false","true","FixedBudget","4877.003998091713","86969",""
"research","gaussian","figaro-block","18","283553","fixed","12000","xSquared","1.0","1.0041373047405326","0.08642809420799774","true","true","FixedBudget","7133.321870619701","86969",""
"research","gaussian","figaro-block","18","283553","fixed","12000","y","0.0","-0.022730944263366748","0.07585856113516233","true","true","FixedBudget","4660.966545882385","86969",""
"research","gaussian","figaro-block","18","283553","fixed","12000","ySquared","1.0","1.0111229676373252","0.09413341548666833","true","true","FixedBudget","6312.313199637203","86969",""
"research","gaussian","figaro-block","18","283553","stopped","4000","event","0.045500263896358334","0.047375","0.02021206479444757","true","true","PrecisionReached","2932.048357628529","86969",""
"research","gaussian","figaro-block","18","283553","stopped","4000","x","0.0","0.05590788045657358","0.1263269649147802","true","true","PrecisionReached","1645.018986646681","86969",""
"research","gaussian","figaro-block","18","283553","stopped","4000","xSquared","1.0","0.9922292039613553","0.14909207008505032","true","true","PrecisionReached","2425.3220264440856","86969",""
"research","gaussian","figaro-block","18","283553","stopped","4000","y","0.0","-0.01846904736161048","0.12799758796957356","true","true","PrecisionReached","1612.7723991147418","86969",""
"research","gaussian","figaro-block","18","283553","stopped","4000","ySquared","1.0","0.9958734144338072","0.15288939370460478","true","true","PrecisionReached","2177.266464059991","86969",""
"research","gaussian","figaro-block","19","291472","fixed","12000","event","0.045500263896358334","0.04572916666666667","0.012850368673856217","true","true","FixedBudget","7013.534867286387","86758",""
"research","gaussian","figaro-block","19","291472","fixed","12000","x","0.0","0.0019199568239256504","0.07935978453379798","true","true","FixedBudget","4288.275486037512","86758",""
"research","gaussian","figaro-block","19","291472","fixed","12000","xSquared","1.0","1.0176115139663247","0.10577692814363344","true","true","FixedBudget","5121.480889810087","86758",""
"research","gaussian","figaro-block","19","291472","fixed","12000","y","0.0","0.006488427565120691","0.07731740501616052","true","true","FixedBudget","4395.03994487096","86758",""
"research","gaussian","figaro-block","19","291472","fixed","12000","ySquared","1.0","0.9899941675693493","0.09604593559214619","true","true","FixedBudget","5841.935727144322","86758",""
"research","gaussian","figaro-block","19","291472","stopped","4000","event","0.045500263896358334","0.0458125","0.02006672583602666","true","true","PrecisionReached","2881.283388757068","86758",""
"research","gaussian","figaro-block","19","291472","stopped","4000","x","0.0","-0.014005311584669666","0.13647911115171574","true","true","PrecisionReached","1433.2671986083021","86758",""
"research","gaussian","figaro-block","19","291472","stopped","4000","xSquared","1.0","1.0060577699465454","0.16078406929133784","true","true","PrecisionReached","2062.1114248775225","86758",""
"research","gaussian","figaro-block","19","291472","stopped","4000","y","0.0","-0.001490501500621244","0.12683495052848973","true","true","PrecisionReached","1609.471004275863","86758",""
"research","gaussian","figaro-block","19","291472","stopped","4000","ySquared","1.0","0.9755302456883559","0.15006762148187874","true","true","PrecisionReached","2178.3102122521855","86758",""
"research","gaussian","figaro-block","20","299391","fixed","12000","event","0.045500263896358334","0.0476875","0.01212964500996358","true","true","FixedBudget","8192.020998769853","86985",""
"research","gaussian","figaro-block","20","299391","fixed","12000","x","0.0","-0.018017339836586155","0.07859895130655731","true","true","FixedBudget","4401.277203446937","86985",""
"research","gaussian","figaro-block","20","299391","fixed","12000","xSquared","1.0","1.024817699504457","0.09703144832424675","true","true","FixedBudget","5896.058336556886","86985",""
"research","gaussian","figaro-block","20","299391","fixed","12000","y","0.0","0.021837799413649273","0.07661003426026511","true","true","FixedBudget","4590.750203139178","86985",""
"research","gaussian","figaro-block","20","299391","fixed","12000","ySquared","1.0","0.985249914149432","0.08534961378236869","true","true","FixedBudget","7031.239576852362","86985",""
"research","gaussian","figaro-block","20","299391","stopped","4000","event","0.045500263896358334","0.0489375","0.020931794302530192","true","true","PrecisionReached","2819.416360780618","86985",""
"research","gaussian","figaro-block","20","299391","stopped","4000","x","0.0","-0.017124570599373","0.13037200718720873","true","true","PrecisionReached","1592.985767854712","86985",""
"research","gaussian","figaro-block","20","299391","stopped","4000","xSquared","1.0","1.020432142393026","0.15933924446011805","true","true","PrecisionReached","2076.285394691876","86985",""
"research","gaussian","figaro-block","20","299391","stopped","4000","y","0.0","0.06871137069485961","0.14116118793984994","true","true","PrecisionReached","1341.4819788498567","86985",""
"research","gaussian","figaro-block","20","299391","stopped","4000","ySquared","1.0","1.0118712525394646","0.1473510547700574","true","true","PrecisionReached","2473.2392569060194","86985",""
"research","gaussian","figaro-block","21","307310","fixed","12000","event","0.045500263896358334","0.043520833333333335","0.011394221890248841","true","true","FixedBudget","8509.54953540889","86911",""
"research","gaussian","figaro-block","21","307310","fixed","12000","x","0.0","0.006459875126958448","0.0744135032419838","true","true","FixedBudget","4834.252914856089","86911",""
"research","gaussian","figaro-block","21","307310","fixed","12000","xSquared","1.0","0.9986435281740684","0.08735140646945458","true","true","FixedBudget","6687.92433514","86911",""
"research","gaussian","figaro-block","21","307310","fixed","12000","y","0.0","-4.364880097740276E-5","0.07606616746844665","true","true","FixedBudget","4700.833446141509","86911",""
"research","gaussian","figaro-block","21","307310","fixed","12000","ySquared","1.0","1.0248368596136168","0.09405091484698754","true","true","FixedBudget","6371.82918651593","86911",""
"research","gaussian","figaro-block","21","307310","stopped","4000","event","0.045500263896358334","0.0405","0.019541234835535153","true","true","PrecisionReached","2700.95463131004","86911",""
"research","gaussian","figaro-block","21","307310","stopped","4000","x","0.0","0.008215195255223406","0.12505202931215254","true","true","PrecisionReached","1661.6498387520387","86911",""
"research","gaussian","figaro-block","21","307310","stopped","4000","xSquared","1.0","0.9791058362082596","0.15352953425378815","true","true","PrecisionReached","2063.3892952689253","86911",""
"research","gaussian","figaro-block","21","307310","stopped","4000","y","0.0","0.011414243304691096","0.129985278484417","true","true","PrecisionReached","1604.6604816305312","86911",""
"research","gaussian","figaro-block","21","307310","stopped","4000","ySquared","1.0","1.0216581093421813","0.15770128239173817","true","true","PrecisionReached","2255.754142151111","86911",""
"research","gaussian","figaro-block","22","315229","fixed","12000","event","0.045500263896358334","0.04685416666666667","0.011651251642550708","true","true","FixedBudget","8731.032518182345","86975",""
"research","gaussian","figaro-block","22","315229","fixed","12000","x","0.0","0.020704800901773623","0.07767781123512482","true","true","FixedBudget","4464.6897936848945","86975",""
"research","gaussian","figaro-block","22","315229","fixed","12000","xSquared","1.0","1.0154661030604508","0.0874657924103961","true","true","FixedBudget","7074.136020912603","86975",""
"research","gaussian","figaro-block","22","315229","fixed","12000","y","0.0","-0.0012067668208002869","0.07632732377974134","true","true","FixedBudget","4677.045120371441","86975",""
"research","gaussian","figaro-block","22","315229","fixed","12000","ySquared","1.0","1.001342868295018","0.09257069132002962","true","true","FixedBudget","6295.5440297177365","86975",""
"research","gaussian","figaro-block","22","315229","stopped","4000","event","0.045500263896358334","0.045125","0.01873018246557066","true","true","PrecisionReached","3259.8755174029952","86975",""
"research","gaussian","figaro-block","22","315229","stopped","4000","x","0.0","0.05276009134693049","0.13171947211835297","true","true","PrecisionReached","1531.217008350973","86975",""
"research","gaussian","figaro-block","22","315229","stopped","4000","xSquared","1.0","1.0037406083092313","0.14679044354472012","true","true","PrecisionReached","2481.0517854621335","86975",""
"research","gaussian","figaro-block","22","315229","stopped","4000","y","0.0","0.0011976713463237032","0.12884144624798116","true","true","PrecisionReached","1621.5654724934295","86975",""
"research","gaussian","figaro-block","22","315229","stopped","4000","ySquared","1.0","1.0142032321392414","0.17179440523004436","true","true","PrecisionReached","1999.1389772082202","86975",""
"research","gaussian","figaro-block","23","323148","fixed","12000","event","0.045500263896358334","0.0430625","0.0113187048755076","true","true","FixedBudget","8536.749523095808","86929",""
"research","gaussian","figaro-block","23","323148","fixed","12000","x","0.0","0.0019222412989952087","0.07298138866564145","true","true","FixedBudget","4988.33302358172","86929",""
"research","gaussian","figaro-block","23","323148","fixed","12000","xSquared","1.0","0.9849957239622136","0.08980900297681277","true","true","FixedBudget","6297.041967158686","86929",""
"research","gaussian","figaro-block","23","323148","fixed","12000","y","0.0","0.014432825545954042","0.07742074364955788","true","true","FixedBudget","4457.507417964167","86929",""
"research","gaussian","figaro-block","23","323148","fixed","12000","ySquared","1.0","1.0069163839471156","0.09419646309124514","true","true","FixedBudget","6227.444453581218","86929",""
"research","gaussian","figaro-block","23","323148","stopped","4000","event","0.045500263896358334","0.041","0.019076248018572745","true","true","PrecisionReached","2867.7272169171774","86929",""
"research","gaussian","figaro-block","23","323148","stopped","4000","x","0.0","0.01166480222081967","0.12419114306573825","true","true","PrecisionReached","1697.3977163158277","86929",""
"research","gaussian","figaro-block","23","323148","stopped","4000","xSquared","1.0","0.9865144998244282","0.14320599809658224","true","true","PrecisionReached","2400.332317705223","86929",""
"research","gaussian","figaro-block","23","323148","stopped","4000","y","0.0","0.05687109438857907","0.13314406575260154","true","true","PrecisionReached","1486.9259226499578","86929",""
"research","gaussian","figaro-block","23","323148","stopped","4000","ySquared","1.0","0.9963770505011695","0.16169701369089592","true","true","PrecisionReached","2077.2960066572773","86929",""
"research","gaussian","figaro-block","24","331067","fixed","12000","event","0.045500263896358334","0.044520833333333336","0.012313566973152177","true","true","FixedBudget","7445.947188450151","86832",""
"research","gaussian","figaro-block","24","331067","fixed","12000","x","0.0","-0.00893626596637187","0.07669503846053875","true","true","FixedBudget","4494.192770866563","86832",""
"research","gaussian","figaro-block","24","331067","fixed","12000","xSquared","1.0","0.9961342093624563","0.09686284735582729","true","true","FixedBudget","5654.726199183822","86832",""
"research","gaussian","figaro-block","24","331067","fixed","12000","y","0.0","0.003507386157467929","0.07646986065658504","true","true","FixedBudget","4446.090069498603","86832",""
"research","gaussian","figaro-block","24","331067","fixed","12000","ySquared","1.0","0.9796278188007301","0.09113773768903408","true","true","FixedBudget","6368.467953576058","86832",""
"research","gaussian","figaro-block","24","331067","stopped","4000","event","0.045500263896358334","0.046","0.019676948784513964","true","true","PrecisionReached","3008.2365987318135","86832",""
"research","gaussian","figaro-block","24","331067","stopped","4000","x","0.0","-0.007422615263995791","0.1288370959146911","true","true","PrecisionReached","1603.5836892378368","86832",""
"research","gaussian","figaro-block","24","331067","stopped","4000","xSquared","1.0","1.0029425283168023","0.15119385188662016","true","true","PrecisionReached","2293.2432789275144","86832",""
"research","gaussian","figaro-block","24","331067","stopped","4000","y","0.0","-0.013633784984004915","0.12523942704046084","true","true","PrecisionReached","1595.3568807738761","86832",""
"research","gaussian","figaro-block","24","331067","stopped","4000","ySquared","1.0","0.9429839813832923","0.15253686723799154","true","true","PrecisionReached","2044.6690377605246","86832",""
"research","gaussian","figaro-block","25","338986","fixed","12000","event","0.045500263896358334","0.04775","0.01258148790108166","true","true","FixedBudget","8371.25676951394","86731",""
"research","gaussian","figaro-block","25","338986","fixed","12000","x","0.0","-0.011386707779439287","0.07636396193492535","true","true","FixedBudget","4662.596567174606","86731",""
"research","gaussian","figaro-block","25","338986","fixed","12000","xSquared","1.0","1.0246050847751833","0.09331616104095573","true","true","FixedBudget","6669.69031018673","86731",""
"research","gaussian","figaro-block","25","338986","fixed","12000","y","0.0","-0.01060054923786602","0.07839683160704668","true","true","FixedBudget","4399.208550446107","86731",""
"research","gaussian","figaro-block","25","338986","fixed","12000","ySquared","1.0","1.0188641377067933","0.09155110410169406","true","true","FixedBudget","6534.380750279969","86731",""
"research","gaussian","figaro-block","25","338986","stopped","4000","event","0.045500263896358334","0.0401875","0.017980123437128584","true","true","PrecisionReached","3166.746861287996","86731",""
"research","gaussian","figaro-block","25","338986","stopped","4000","x","0.0","0.015908123322878","0.12336452053971161","true","true","PrecisionReached","1687.5365833388857","86731",""
"research","gaussian","figaro-block","25","338986","stopped","4000","xSquared","1.0","0.9678900366715282","0.13860416914714596","true","true","PrecisionReached","2499.5216261078162","86731",""
"research","gaussian","figaro-block","25","338986","stopped","4000","y","0.0","0.0054108379442463495","0.13168244765705897","true","true","PrecisionReached","1531.0602517257907","86731",""
"research","gaussian","figaro-block","25","338986","stopped","4000","ySquared","1.0","1.0003212136651372","0.15691154609072192","true","true","PrecisionReached","2136.860838194456","86731",""
"research","gaussian","figaro-block","26","346905","fixed","12000","event","0.045500263896358334","0.048666666666666664","0.011928575016096801","true","true","FixedBudget","8635.557521122515","86964",""
"research","gaussian","figaro-block","26","346905","fixed","12000","x","0.0","-0.026348250784468563","0.07597526816594757","true","true","FixedBudget","4660.210477197097","86964",""
"research","gaussian","figaro-block","26","346905","fixed","12000","xSquared","1.0","1.0142480551430073","0.09232327767677599","true","true","FixedBudget","6704.3528118643335","86964",""
"research","gaussian","figaro-block","26","346905","fixed","12000","y","0.0","0.01617888654313715","0.07201160105946987","true","true","FixedBudget","5101.261085297849","86964",""
"research","gaussian","figaro-block","26","346905","fixed","12000","ySquared","1.0","0.9969957883551408","0.0880018705702002","true","true","FixedBudget","6922.854133291251","86964",""
"research","gaussian","figaro-block","26","346905","stopped","4000","event","0.045500263896358334","0.041625","0.01876547229413557","true","true","PrecisionReached","3006.7133014671153","86964",""
"research","gaussian","figaro-block","26","346905","stopped","4000","x","0.0","-0.01845839777821845","0.12196142371528496","true","true","PrecisionReached","1707.1517097633587","86964",""
"research","gaussian","figaro-block","26","346905","stopped","4000","xSquared","1.0","0.9570848142237471","0.1387608283692841","true","true","PrecisionReached","2473.999187697588","86964",""
"research","gaussian","figaro-block","26","346905","stopped","4000","y","0.0","-0.025604407248250527","0.12124598186995646","true","true","PrecisionReached","1756.7820339172508","86964",""
"research","gaussian","figaro-block","26","346905","stopped","4000","ySquared","1.0","0.9736969358742659","0.1368558091619818","true","true","PrecisionReached","2585.988534242232","86964",""
"research","gaussian","figaro-block","27","354824","fixed","12000","event","0.045500263896358334","0.042375","0.011462342157303844","true","true","FixedBudget","8197.126710879811","87104",""
"research","gaussian","figaro-block","27","354824","fixed","12000","x","0.0","-0.008779807115613547","0.07393525646095425","true","true","FixedBudget","4751.665042444044","87104",""
"research","gaussian","figaro-block","27","354824","fixed","12000","xSquared","1.0","0.9787685195561366","0.08678130739506526","true","true","FixedBudget","6710.733049590077","87104",""
"research","gaussian","figaro-block","27","354824","fixed","12000","y","0.0","0.013155379124454525","0.07324769692633437","true","true","FixedBudget","4865.221342388304","87104",""
"research","gaussian","figaro-block","27","354824","fixed","12000","ySquared","1.0","0.9837024784200555","0.08996569191760714","true","true","FixedBudget","6458.573874563888","87104",""
"research","gaussian","figaro-block","27","354824","stopped","4000","event","0.045500263896358334","0.0394375","0.020201371947232337","true","true","PrecisionReached","2471.1737986750513","87104",""
"research","gaussian","figaro-block","27","354824","stopped","4000","x","0.0","-0.031064884328214415","0.12124523430374086","true","true","PrecisionReached","1716.4265126821158","87104",""
"research","gaussian","figaro-block","27","354824","stopped","4000","xSquared","1.0","0.9516426546050074","0.14167398291018565","true","true","PrecisionReached","2311.1215879220026","87104",""
"research","gaussian","figaro-block","27","354824","stopped","4000","y","0.0","-0.00286132726516386","0.12292008068675646","true","true","PrecisionReached","1718.8918978871193","87104",""
"research","gaussian","figaro-block","27","354824","stopped","4000","ySquared","1.0","0.9785354793597866","0.1465135531623222","true","true","PrecisionReached","2369.408983172314","87104",""
"research","gaussian","figaro-block","28","362743","fixed","12000","event","0.045500263896358334","0.04795833333333333","0.012361329750661813","true","true","FixedBudget","7930.359086881196","87084",""
"research","gaussian","figaro-block","28","362743","fixed","12000","x","0.0","-0.027564824200219662","0.07613911738315163","true","true","FixedBudget","4691.00337632145","87084",""
"research","gaussian","figaro-block","28","362743","fixed","12000","xSquared","1.0","1.0254161401107458","0.0933418061306344","true","true","FixedBudget","6483.368510057253","87084",""
"research","gaussian","figaro-block","28","362743","fixed","12000","y","0.0","-0.011025072454997738","0.07615598226253315","true","true","FixedBudget","4576.361957493562","87084",""
"research","gaussian","figaro-block","28","362743","fixed","12000","ySquared","1.0","1.0001796168868606","0.09427845989597501","true","true","FixedBudget","6153.903300032942","87084",""
"research","gaussian","figaro-block","28","362743","stopped","4000","event","0.045500263896358334","0.051","0.02329929544472711","true","true","PrecisionReached","2366.312546245285","87084",""
"research","gaussian","figaro-block","28","362743","stopped","4000","x","0.0","-0.021686120535927944","0.13800126819281058","true","true","PrecisionReached","1455.6753396244997","87084",""
"research","gaussian","figaro-block","28","362743","stopped","4000","xSquared","1.0","1.0449725500640348","0.17349728334572148","true","true","PrecisionReached","2018.0691105572703","87084",""
"research","gaussian","figaro-block","28","362743","stopped","4000","y","0.0","-0.011100810803722116","0.12512315454184744","true","true","PrecisionReached","1684.3528800474983","87084",""
"research","gaussian","figaro-block","28","362743","stopped","4000","ySquared","1.0","0.9936673512618621","0.16418238181365188","true","true","PrecisionReached","1949.9248826073679","87084",""
"research","gaussian","figaro-block","29","370662","fixed","12000","event","0.045500263896358334","0.04789583333333333","0.013149782003975855","true","true","FixedBudget","7534.7832407003925","86935",""
"research","gaussian","figaro-block","29","370662","fixed","12000","x","0.0","6.594277219060807E-4","0.07829947433990461","true","true","FixedBudget","4424.028240295697","86935",""
"research","gaussian","figaro-block","29","370662","fixed","12000","xSquared","1.0","1.0219568756085033","0.10034849307601743","true","true","FixedBudget","5632.926554976962","86935",""
"research","gaussian","figaro-block","29","370662","fixed","12000","y","0.0","-0.004884068307980272","0.07575659368308432","true","true","FixedBudget","4632.2152374009465","86935",""
"research","gaussian","figaro-block","29","370662","fixed","12000","ySquared","1.0","1.0016978748125374","0.08809075444335274","true","true","FixedBudget","6757.328388571501","86935",""
"research","gaussian","figaro-block","29","370662","stopped","4000","event","0.045500263896358334","0.0515","0.021357343495394473","true","true","PrecisionReached","2842.3096781332783","86935",""
"research","gaussian","figaro-block","29","370662","stopped","4000","x","0.0","0.03996623982760905","0.14151038036354324","true","true","PrecisionReached","1379.5285145530922","86935",""
"research","gaussian","figaro-block","29","370662","stopped","4000","xSquared","1.0","1.0424421163809627","0.16254403684436666","true","true","PrecisionReached","2159.9035400829152","86935",""
"research","gaussian","figaro-block","29","370662","stopped","4000","y","0.0","0.013273369006218672","0.12476628657103125","true","true","PrecisionReached","1643.0120287361538","86935",""
"research","gaussian","figaro-block","29","370662","stopped","4000","ySquared","1.0","0.9638142473930793","0.13516712441544676","true","true","PrecisionReached","2547.8162750451424","86935",""
"research","gaussian","mess-1","0","141011","fixed","12000","event","0.045500263896358334","0.043479166666666666","0.007293604938423068","true","true","FixedBudget","20748.86628535713","56004",""
"research","gaussian","mess-1","0","141011","fixed","12000","x","0.0","-0.006755881907828717","0.02380876338298054","true","true","FixedBudget","46425.57089350999","56004",""
"research","gaussian","mess-1","0","141011","fixed","12000","xSquared","1.0","0.9916255822745965","0.05658042498535075","true","true","FixedBudget","16560.856522032976","56004",""
"research","gaussian","mess-1","0","141011","fixed","12000","y","0.0","1.1753355049837211E-4","0.023825679670306174","true","true","FixedBudget","47995.842631165535","56004",""
"research","gaussian","mess-1","0","141011","fixed","12000","ySquared","1.0","0.9797801545266398","0.058139724819737656","true","true","FixedBudget","15898.723265483779","56004",""
"research","gaussian","mess-1","0","141011","stopped","2000","event","0.045500263896358334","0.0385","0.01754625212683749","true","true","PrecisionReached","3191.462366669241","56004",""
"research","gaussian","mess-1","0","141011","stopped","2000","x","0.0","-0.017270496281178046","0.05771570982817165","true","true","PrecisionReached","7975.987329144573","56004",""
"research","gaussian","mess-1","0","141011","stopped","2000","xSquared","1.0","0.9562944819792177","0.14112305366343844","true","true","PrecisionReached","2515.265138242386","56004",""
"research","gaussian","mess-1","0","141011","stopped","2000","y","0.0","-0.008072548384867151","0.062220396935261574","true","true","PrecisionReached","7510.6742093175935","56004",""
"research","gaussian","mess-1","0","141011","stopped","2000","ySquared","1.0","1.035529902613558","0.14697185272363447","true","true","PrecisionReached","2666.7333328956734","56004",""
"research","gaussian","mess-1","1","148930","fixed","12000","event","0.045500263896358334","0.044020833333333335","0.007350622926867253","true","true","FixedBudget","21972.216892639215","56004",""
"research","gaussian","mess-1","1","148930","fixed","12000","x","0.0","-8.397269073578961E-4","0.02347954002608984","true","true","FixedBudget","47961.6820766991","56004",""
"research","gaussian","mess-1","1","148930","fixed","12000","xSquared","1.0","0.9935689183749028","0.05624471334991735","true","true","FixedBudget","16786.235143489354","56004",""
"research","gaussian","mess-1","1","148930","fixed","12000","y","0.0","0.0022927132572305164","0.023493149068388012","true","true","FixedBudget","48000.0","56004",""
"research","gaussian","mess-1","1","148930","fixed","12000","ySquared","1.0","0.9982120190571614","0.05941799805128825","true","true","FixedBudget","15557.546010214823","56004",""
"research","gaussian","mess-1","1","148930","stopped","2000","event","0.045500263896358334","0.03925","0.016813654926857356","true","true","PrecisionReached","3803.743967799924","56004",""
"research","gaussian","mess-1","1","148930","stopped","2000","x","0.0","2.944283820407456E-4","0.05607188962622123","true","true","PrecisionReached","8000.0","56004",""
"research","gaussian","mess-1","1","148930","stopped","2000","xSquared","1.0","0.9476150950878999","0.13561781437132545","true","true","PrecisionReached","2797.521231921251","56004",""
"research","gaussian","mess-1","1","148930","stopped","2000","y","0.0","0.004422805781413408","0.05942225008463271","true","true","PrecisionReached","7731.447152391218","56004",""
"research","gaussian","mess-1","1","148930","stopped","2000","ySquared","1.0","1.0285343401307017","0.14399995283799627","true","true","PrecisionReached","2742.261642942111","56004",""
"research","gaussian","mess-1","2","156849","fixed","12000","event","0.045500263896358334","0.04575","0.007597752488461536","true","true","FixedBudget","20071.793601791298","56004",""
"research","gaussian","mess-1","2","156849","fixed","12000","x","0.0","0.005458905426405869","0.023454361888432983","true","true","FixedBudget","48000.0","56004",""
"research","gaussian","mess-1","2","156849","fixed","12000","xSquared","1.0","0.9949432051315149","0.05748740277885983","true","true","FixedBudget","15858.78698596604","56004",""
"research","gaussian","mess-1","2","156849","fixed","12000","y","0.0","0.0024050840952588026","0.023403643933955307","true","true","FixedBudget","47986.871305244524","56004",""
"research","gaussian","mess-1","2","156849","fixed","12000","ySquared","1.0","0.9903500724859194","0.057530511747510754","true","true","FixedBudget","15818.66633541565","56004",""
"research","gaussian","mess-1","2","156849","stopped","2000","event","0.045500263896358334","0.050125","0.01953078583507845","true","true","PrecisionReached","3313.064174166869","56004",""
"research","gaussian","mess-1","2","156849","stopped","2000","x","0.0","-0.011027471202091133","0.058223217865113884","true","true","PrecisionReached","8000.0","56004",""
"research","gaussian","mess-1","2","156849","stopped","2000","xSquared","1.0","1.0218464516423058","0.14223895218066065","true","true","PrecisionReached","2736.1704411969586","56004",""
"research","gaussian","mess-1","2","156849","stopped","2000","y","0.0","-0.017818115543603102","0.058080384711397676","true","true","PrecisionReached","8000.0","56004",""
"research","gaussian","mess-1","2","156849","stopped","2000","ySquared","1.0","1.0170354914629949","0.14236156277274647","true","true","PrecisionReached","2683.201589550916","56004",""
"research","gaussian","mess-1","3","164768","fixed","12000","event","0.045500263896358334","0.043291666666666666","0.007375295457976867","true","true","FixedBudget","20208.2271538205","56004",""
"research","gaussian","mess-1","3","164768","fixed","12000","x","0.0","7.976045972239443E-4","0.023432456841180928","true","true","FixedBudget","48000.0","56004",""
"research","gaussian","mess-1","3","164768","fixed","12000","xSquared","1.0","0.9930565237875477","0.0578904810382166","true","true","FixedBudget","15834.309830903805","56004",""
"research","gaussian","mess-1","3","164768","fixed","12000","y","0.0","-1.669487647442125E-4","0.023669455578220276","true","true","FixedBudget","47696.20078187872","56004",""
"research","gaussian","mess-1","3","164768","fixed","12000","ySquared","1.0","1.0068322966784122","0.05981424932980204","true","true","FixedBudget","15909.942493061906","56004",""
"research","gaussian","mess-1","3","164768","stopped","2000","event","0.045500263896358334","0.048625","0.018826184138475463","true","true","PrecisionReached","3464.457081639695","56004",""
"research","gaussian","mess-1","3","164768","stopped","2000","x","0.0","-0.007649509793772713","0.05839727530175868","true","true","PrecisionReached","8000.0","56004",""
"research","gaussian","mess-1","3","164768","stopped","2000","xSquared","1.0","1.0279013549093774","0.14273472246377672","true","true","PrecisionReached","2729.783527034326","56004",""
"research","gaussian","mess-1","3","164768","stopped","2000","y","0.0","-0.006671925481372409","0.05874266202155877","true","true","PrecisionReached","8000.0","56004",""
"research","gaussian","mess-1","3","164768","stopped","2000","ySquared","1.0","0.9934724883765198","0.1370636307576826","true","true","PrecisionReached","2705.4214979258436","56004",""
"research","gaussian","mess-1","4","172687","fixed","12000","event","0.045500263896358334","0.04447916666666667","0.00731375002840707","true","true","FixedBudget","21087.24166683458","56004",""
"research","gaussian","mess-1","4","172687","fixed","12000","x","0.0","0.004963219347228431","0.024924571604028296","true","true","FixedBudget","47624.301139542375","56004",""
"research","gaussian","mess-1","4","172687","fixed","12000","xSquared","1.0","0.9987891227848142","0.05685418529339464","true","true","FixedBudget","16642.293911416902","56004",""
"research","gaussian","mess-1","4","172687","fixed","12000","y","0.0","0.0016552907347955337","0.023470221410396373","true","true","FixedBudget","47804.38530284947","56004",""
"research","gaussian","mess-1","4","172687","fixed","12000","ySquared","1.0","0.9922020324082499","0.058614435345370856","true","true","FixedBudget","15695.280104756574","56004",""
"research","gaussian","mess-1","4","172687","stopped","2000","event","0.045500263896358334","0.045375","0.018474539468361056","true","true","PrecisionReached","3368.6092747214007","56004",""
"research","gaussian","mess-1","4","172687","stopped","2000","x","0.0","-0.008124591660709557","0.05941939938607371","true","true","PrecisionReached","7949.69426839443","56004",""
"research","gaussian","mess-1","4","172687","stopped","2000","xSquared","1.0","1.011069262325345","0.14079765356363122","true","true","PrecisionReached","2661.6555968749635","56004",""
"research","gaussian","mess-1","4","172687","stopped","2000","y","0.0","0.010162765467427448","0.06453575088660578","true","true","PrecisionReached","7279.616464730507","56004",""
"research","gaussian","mess-1","4","172687","stopped","2000","ySquared","1.0","0.9899430786538057","0.13430806369436482","true","true","PrecisionReached","2904.4575980889203","56004",""
"research","gaussian","mess-1","5","180606","fixed","12000","event","0.045500263896358334","0.043520833333333335","0.007259159531151321","true","true","FixedBudget","20965.40394074084","56004",""
"research","gaussian","mess-1","5","180606","fixed","12000","x","0.0","5.662812274609408E-5","0.024023371557292995","true","true","FixedBudget","45723.728249038984","56004",""
"research","gaussian","mess-1","5","180606","fixed","12000","xSquared","1.0","0.9942746222113934","0.055949983378751185","true","true","FixedBudget","16592.775451970774","56004",""
"research","gaussian","mess-1","5","180606","fixed","12000","y","0.0","-0.005326711899844239","0.023376466816314504","true","true","FixedBudget","48000.0","56004",""
"research","gaussian","mess-1","5","180606","fixed","12000","ySquared","1.0","0.9883442722508439","0.058037920629894414","true","true","FixedBudget","15383.239652535256","56004",""
"research","gaussian","mess-1","5","180606","stopped","2000","event","0.045500263896358334","0.04525","0.017718589808997407","true","true","PrecisionReached","3652.5686132300825","56004",""
"research","gaussian","mess-1","5","180606","stopped","2000","x","0.0","0.0014092432160375257","0.0576575735183182","true","true","PrecisionReached","8000.0","56004",""
"research","gaussian","mess-1","5","180606","stopped","2000","xSquared","1.0","1.0019709492915392","0.13387175757357614","true","true","PrecisionReached","2910.835418452328","56004",""
"research","gaussian","mess-1","5","180606","stopped","2000","y","0.0","-0.0015340395877805335","0.05692684848311236","true","true","PrecisionReached","8000.0","56004",""
"research","gaussian","mess-1","5","180606","stopped","2000","ySquared","1.0","0.9484832892117158","0.15261489500118247","true","true","PrecisionReached","2279.6497527093493","56004",""
"research","gaussian","mess-1","6","188525","fixed","12000","event","0.045500263896358334","0.043979166666666666","0.00742139147001267","true","true","FixedBudget","20647.9171039047","56004",""
"research","gaussian","mess-1","6","188525","fixed","12000","x","0.0","-0.004557083675005624","0.02330803270902894","true","true","FixedBudget","48000.0","56004",""
"research","gaussian","mess-1","6","188525","fixed","12000","xSquared","1.0","0.9825585880352994","0.05667999995925623","true","true","FixedBudget","16030.8622760279","56004",""
"research","gaussian","mess-1","6","188525","fixed","12000","y","0.0","0.0050082357933685095","0.02522516786284342","true","true","FixedBudget","47658.992552610434","56004",""
"research","gaussian","mess-1","6","188525","fixed","12000","ySquared","1.0","1.0112656347837043","0.05752147308016315","true","true","FixedBudget","16548.240597486954","56004",""
"research","gaussian","mess-1","6","188525","stopped","2000","event","0.045500263896358334","0.049625","0.019833223644936677","true","true","PrecisionReached","3251.3395696045654","56004",""
"research","gaussian","mess-1","6","188525","stopped","2000","x","0.0","-0.004279646361686762","0.058499515676800014","true","true","PrecisionReached","8000.0","56004",""
"research","gaussian","mess-1","6","188525","stopped","2000","xSquared","1.0","1.0314633448936197","0.15660613517304767","true","true","PrecisionReached","2690.2312884797007","56004",""
"research","gaussian","mess-1","6","188525","stopped","2000","y","0.0","0.013172700985268238","0.06135680611771531","true","true","PrecisionReached","7860.655148913729","56004",""
"research","gaussian","mess-1","6","188525","stopped","2000","ySquared","1.0","0.9915329122830832","0.14593745846248565","true","true","PrecisionReached","2770.717558929306","56004",""
"research","gaussian","mess-1","7","196444","fixed","12000","event","0.045500263896358334","0.04589583333333333","0.007197157814013419","true","true","FixedBudget","22436.246315557535","56004",""
"research","gaussian","mess-1","7","196444","fixed","12000","x","0.0","1.9596577839908758E-4","0.023983912538606975","true","true","FixedBudget","47673.3630052708","56004",""
"research","gaussian","mess-1","7","196444","fixed","12000","xSquared","1.0","1.0068674060656653","0.056068801112642286","true","true","FixedBudget","16732.593148818363","56004",""
"research","gaussian","mess-1","7","196444","fixed","12000","y","0.0","-0.0028002560176536573","0.023598660642481915","true","true","FixedBudget","48000.0","56004",""
"research","gaussian","mess-1","7","196444","fixed","12000","ySquared","1.0","1.0072009579329269","0.06106858458147197","true","true","FixedBudget","15425.444690504273","56004",""
"research","gaussian","mess-1","7","196444","stopped","2000","event","0.045500263896358334","0.0485","0.01740890802041978","true","true","PrecisionReached","4041.6240250543774","56004",""
"research","gaussian","mess-1","7","196444","stopped","2000","x","0.0","0.003089836368576515","0.05791415139947883","true","true","PrecisionReached","8000.0","56004",""
"research","gaussian","mess-1","7","196444","stopped","2000","xSquared","1.0","1.0109159342927807","0.13334265696620806","true","true","PrecisionReached","2960.2977232655917","56004",""
"research","gaussian","mess-1","7","196444","stopped","2000","y","0.0","8.529715475101285E-4","0.05916212394069593","true","true","PrecisionReached","7687.3592504932785","56004",""
"research","gaussian","mess-1","7","196444","stopped","2000","ySquared","1.0","1.0047933583322575","0.17153779370173497","true","true","PrecisionReached","2107.2455778214926","56004",""
"research","gaussian","mess-1","8","204363","fixed","12000","event","0.045500263896358334","0.04533333333333334","0.007748788951856134","true","true","FixedBudget","19522.360129728295","56004",""
"research","gaussian","mess-1","8","204363","fixed","12000","x","0.0","0.002462396934546085","0.024051688522478132","true","true","FixedBudget","48000.0","56004",""
"research","gaussian","mess-1","8","204363","fixed","12000","xSquared","1.0","0.9909962784694532","0.06046078387613866","true","true","FixedBudget","15122.41278118772","56004",""
"research","gaussian","mess-1","8","204363","fixed","12000","y","0.0","0.0015581075055803029","0.02445271126833235","true","true","FixedBudget","46736.750102174294","56004",""
"research","gaussian","mess-1","8","204363","fixed","12000","ySquared","1.0","1.0177439094297656","0.06308323595506894","true","true","FixedBudget","15778.301462489964","56004",""
"research","gaussian","mess-1","8","204363","stopped","2000","event","0.045500263896358334","0.046","0.018787093182937597","true","true","PrecisionReached","3555.415199637839","56004",""
"research","gaussian","mess-1","8","204363","stopped","2000","x","0.0","-0.012633727944652007","0.059879012450305386","true","true","PrecisionReached","7793.017546570542","56004",""
"research","gaussian","mess-1","8","204363","stopped","2000","xSquared","1.0","0.9803498393901846","0.13167724447884052","true","true","PrecisionReached","2985.7923035909735","56004",""
"research","gaussian","mess-1","8","204363","stopped","2000","y","0.0","-0.001964808544756072","0.061864498811391076","true","true","PrecisionReached","8000.0","56004",""
"research","gaussian","mess-1","8","204363","stopped","2000","ySquared","1.0","1.0325133609252466","0.1518230618340838","true","true","PrecisionReached","2405.2162279869794","56004",""
"research","gaussian","mess-1","9","212282","fixed","12000","event","0.045500263896358334","0.0438125","0.007482973416525874","true","true","FixedBudget","21183.327644250672","56004",""
"research","gaussian","mess-1","9","212282","fixed","12000","x","0.0","0.002802237756960646","0.024384002187409593","true","true","FixedBudget","48000.0","56004",""
"research","gaussian","mess-1","9","212282","fixed","12000","xSquared","1.0","0.9846276069482809","0.05756730221757066","true","true","FixedBudget","16169.610528273992","56004",""
"research","gaussian","mess-1","9","212282","fixed","12000","y","0.0","-0.006078602582378134","0.023743566751867572","true","true","FixedBudget","47994.482712077086","56004",""
"research","gaussian","mess-1","9","212282","fixed","12000","ySquared","1.0","0.9935280288304466","0.05622964744846446","true","true","FixedBudget","16593.11480252065","56004",""
"research","gaussian","mess-1","9","212282","stopped","2000","event","0.045500263896358334","0.040375","0.017137046308034025","true","true","PrecisionReached","3501.7939580822867","56004",""
"research","gaussian","mess-1","9","212282","stopped","2000","x","0.0","-0.009057188850142728","0.05625385507507771","true","true","PrecisionReached","7975.6659166625495","56004",""
"research","gaussian","mess-1","9","212282","stopped","2000","xSquared","1.0","0.9509562971419117","0.13306827766435567","true","true","PrecisionReached","2678.1241320695012","56004",""
"research","gaussian","mess-1","9","212282","stopped","2000","y","0.0","-0.013342290593964856","0.05766327178564957","true","true","PrecisionReached","7880.197962358222","56004",""
"research","gaussian","mess-1","9","212282","stopped","2000","ySquared","1.0","0.9873373315494847","0.1372143958331459","true","true","PrecisionReached","2680.3718816905316","56004",""
"research","gaussian","mess-1","10","220201","fixed","12000","event","0.045500263896358334","0.0468125","0.007514232114684499","true","true","FixedBudget","20973.65689940961","56004",""
"research","gaussian","mess-1","10","220201","fixed","12000","x","0.0","0.002611914903796031","0.02374063777763604","true","true","FixedBudget","48000.0","56004",""
"research","gaussian","mess-1","10","220201","fixed","12000","xSquared","1.0","1.019355590783446","0.05720563002005682","true","true","FixedBudget","16702.50191518471","56004",""
"research","gaussian","mess-1","10","220201","fixed","12000","y","0.0","0.002225070858057565","0.023370527414967188","true","true","FixedBudget","47562.073939230046","56004",""
"research","gaussian","mess-1","10","220201","fixed","12000","ySquared","1.0","0.9788064194332103","0.05693263885926568","true","true","FixedBudget","15922.998358955538","56004",""
"research","gaussian","mess-1","10","220201","stopped","2000","event","0.045500263896358334","0.045375","0.0182909752380157","true","true","PrecisionReached","3436.5618037092927","56004",""
"research","gaussian","mess-1","10","220201","stopped","2000","x","0.0","0.0054421251391452985","0.05959415701353087","true","true","PrecisionReached","8000.0","56004",""
"research","gaussian","mess-1","10","220201","stopped","2000","xSquared","1.0","1.0218609477540357","0.1403670877474612","true","true","PrecisionReached","2698.5905648143075","56004",""
"research","gaussian","mess-1","10","220201","stopped","2000","y","0.0","0.02787090280715887","0.05933630893435882","true","true","PrecisionReached","7693.2020554634","56004",""
"research","gaussian","mess-1","10","220201","stopped","2000","ySquared","1.0","1.021245637848439","0.14344179984587976","true","true","PrecisionReached","2732.7095796040617","56004",""
"research","gaussian","mess-1","11","228120","fixed","12000","event","0.045500263896358334","0.0483125","0.007541921373479621","true","true","FixedBudget","21769.269013981837","56004",""
"research","gaussian","mess-1","11","228120","fixed","12000","x","0.0","-0.0031959109279208198","0.023710559905237648","true","true","FixedBudget","48000.0","56004",""
"research","gaussian","mess-1","11","228120","fixed","12000","xSquared","1.0","1.0109961498333988","0.05895042432728499","true","true","FixedBudget","16734.666553402083","56004",""
"research","gaussian","mess-1","11","228120","fixed","12000","y","0.0","2.280472444815551E-5","0.023950031652795904","true","true","FixedBudget","46831.794952132484","56004",""
"research","gaussian","mess-1","11","228120","fixed","12000","ySquared","1.0","1.0074763501162542","0.05656629920047329","true","true","FixedBudget","16447.43610459577","56004",""
"research","gaussian","mess-1","11","228120","stopped","2000","event","0.045500263896358334","0.054625","0.020651772564423847","true","true","PrecisionReached","3213.877631310528","56004",""
"research","gaussian","mess-1","11","228120","stopped","2000","x","0.0","-4.950253395312743E-4","0.06160914909072594","true","true","PrecisionReached","7578.179102584386","56004",""
"research","gaussian","mess-1","11","228120","stopped","2000","xSquared","1.0","1.0518819196921638","0.15229559502431045","true","true","PrecisionReached","2672.387902332244","56004",""
"research","gaussian","mess-1","11","228120","stopped","2000","y","0.0","0.003651289519347678","0.06259828522278293","true","true","PrecisionReached","7295.789579211494","56004",""
"research","gaussian","mess-1","11","228120","stopped","2000","ySquared","1.0","1.0281930862118678","0.14226729754998488","true","true","PrecisionReached","2809.0778772627073","56004",""
"research","gaussian","mess-1","12","236039","fixed","12000","event","0.045500263896358334","0.04558333333333333","0.007537979659887142","true","true","FixedBudget","20408.410191564963","56004",""
"research","gaussian","mess-1","12","236039","fixed","12000","x","0.0","0.0029948504209829085","0.023636620383817482","true","true","FixedBudget","47707.262466853725","56004",""
"research","gaussian","mess-1","12","236039","fixed","12000","xSquared","1.0","1.0042825980814751","0.05800237154363664","true","true","FixedBudget","15789.826428445069","56004",""
"research","gaussian","mess-1","12","236039","fixed","12000","y","0.0","0.008450998016810096","0.02372482794064002","true","true","FixedBudget","47381.745616105254","56004",""
"research","gaussian","mess-1","12","236039","fixed","12000","ySquared","1.0","1.0049509536679526","0.05953234508073829","true","true","FixedBudget","15983.30132817232","56004",""
"research","gaussian","mess-1","12","236039","stopped","2000","event","0.045500263896358334","0.04875","0.019299879670817532","true","true","PrecisionReached","3304.521089377137","56004",""
"research","gaussian","mess-1","12","236039","stopped","2000","x","0.0","1.7998027548471462E-4","0.059149757660534","true","true","PrecisionReached","7850.3532992530845","56004",""
"research","gaussian","mess-1","12","236039","stopped","2000","xSquared","1.0","1.0347768746409747","0.14321371439722322","true","true","PrecisionReached","2679.289857263851","56004",""
"research","gaussian","mess-1","12","236039","stopped","2000","y","0.0","0.013124279773241765","0.05733182365697461","true","true","PrecisionReached","7958.042665639319","56004",""
"research","gaussian","mess-1","12","236039","stopped","2000","ySquared","1.0","0.9856556968569423","0.13882923199540276","true","true","PrecisionReached","2783.958745432505","56004",""
"research","gaussian","mess-1","13","243958","fixed","12000","event","0.045500263896358334","0.04758333333333333","0.007646867280472177","true","true","FixedBudget","20569.22562604697","56004",""
"research","gaussian","mess-1","13","243958","fixed","12000","x","0.0","-0.005428508466166049","0.02372495752526821","true","true","FixedBudget","47763.429732843324","56004",""
"research","gaussian","mess-1","13","243958","fixed","12000","xSquared","1.0","1.013014885682868","0.05924747552230427","true","true","FixedBudget","15837.11156173192","56004",""
"research","gaussian","mess-1","13","243958","fixed","12000","y","0.0","8.694776078532751E-4","0.023643430019644324","true","true","FixedBudget","47389.48621387214","56004",""
"research","gaussian","mess-1","13","243958","fixed","12000","ySquared","1.0","0.9883235949121079","0.05908850636794854","true","true","FixedBudget","15831.613855372372","56004",""
"research","gaussian","mess-1","13","243958","stopped","2000","event","0.045500263896358334","0.05125","0.01971803881715933","true","true","PrecisionReached","3319.4540775645346","56004",""
"research","gaussian","mess-1","13","243958","stopped","2000","x","0.0","0.010463085957559848","0.05931727848185324","true","true","PrecisionReached","7740.0952539463115","56004",""
"research","gaussian","mess-1","13","243958","stopped","2000","xSquared","1.0","1.026140042219048","0.15013303707179868","true","true","PrecisionReached","2666.896665461919","56004",""
"research","gaussian","mess-1","13","243958","stopped","2000","y","0.0","-0.001007343731748156","0.05726011675514178","true","true","PrecisionReached","8000.0","56004",""
"research","gaussian","mess-1","13","243958","stopped","2000","ySquared","1.0","0.9882036433058075","0.13699706862170133","true","true","PrecisionReached","2649.6648637720878","56004",""
"research","gaussian","mess-1","14","251877","fixed","12000","event","0.045500263896358334","0.0459375","0.007532175558036386","true","true","FixedBudget","20689.375502426894","56004",""
"research","gaussian","mess-1","14","251877","fixed","12000","x","0.0","2.595304007642074E-4","0.02404590570506374","true","true","FixedBudget","48000.0","56004",""
"research","gaussian","mess-1","14","251877","fixed","12000","xSquared","1.0","0.9988892698213452","0.05772993360085089","true","true","FixedBudget","16020.793632547544","56004",""
"research","gaussian","mess-1","14","251877","fixed","12000","y","0.0","0.005954665016401184","0.023625352903626187","true","true","FixedBudget","48000.0","56004",""
"research","gaussian","mess-1","14","251877","fixed","12000","ySquared","1.0","1.0049903157961753","0.060927842299974236","true","true","FixedBudget","14404.495014196264","56004",""
"research","gaussian","mess-1","14","251877","stopped","2000","event","0.045500263896358334","0.04325","0.018477470417264073","true","true","PrecisionReached","3812.376357286936","56004",""
"research","gaussian","mess-1","14","251877","stopped","2000","x","0.0","0.014449910955342204","0.05823201893389927","true","true","PrecisionReached","8000.0","56004",""
"research","gaussian","mess-1","14","251877","stopped","2000","xSquared","1.0","0.9765078971025982","0.13672037344703783","true","true","PrecisionReached","2952.317933185015","56004",""
"research","gaussian","mess-1","14","251877","stopped","2000","y","0.0","0.007933948521194056","0.05809331505769909","true","true","PrecisionReached","8000.0","56004",""
"research","gaussian","mess-1","14","251877","stopped","2000","ySquared","1.0","0.9860276785926696","0.1410869268425003","true","true","PrecisionReached","2604.772564335656","56004",""
"research","gaussian","mess-1","15","259796","fixed","12000","event","0.045500263896358334","0.0471875","0.007697629849662936","true","true","FixedBudget","20138.335233877795","56004",""
"research","gaussian","mess-1","15","259796","fixed","12000","x","0.0","0.0017365267492545078","0.024174547100047825","true","true","FixedBudget","48000.0","56004",""
"research","gaussian","mess-1","15","259796","fixed","12000","xSquared","1.0","1.0120084103358498","0.05823328012788659","true","true","FixedBudget","15696.098328188235","56004",""
"research","gaussian","mess-1","15","259796","fixed","12000","y","0.0","-0.0021671157750857706","0.023490092581921772","true","true","FixedBudget","47989.26468355114","56004",""
"research","gaussian","mess-1","15","259796","fixed","12000","ySquared","1.0","0.9977285467727888","0.056431355223318644","true","true","FixedBudget","16438.046911497804","56004",""
"research","gaussian","mess-1","15","259796","stopped","2000","event","0.045500263896358334","0.040875","0.017001744534552714","true","true","PrecisionReached","3599.9332244178495","56004",""
"research","gaussian","mess-1","15","259796","stopped","2000","x","0.0","-0.0035401366032314086","0.0583078577739787","true","true","PrecisionReached","8000.0","56004",""
"research","gaussian","mess-1","15","259796","stopped","2000","xSquared","1.0","0.9719920769580991","0.13084593950338663","true","true","PrecisionReached","2894.764302156764","56004",""
"research","gaussian","mess-1","15","259796","stopped","2000","y","0.0","0.002609734032139599","0.059631353204575674","true","true","PrecisionReached","8000.0","56004",""
"research","gaussian","mess-1","15","259796","stopped","2000","ySquared","1.0","1.0307145379631288","0.14152619674365105","true","true","PrecisionReached","2680.015097311175","56004",""
"research","gaussian","mess-1","16","267715","fixed","12000","event","0.045500263896358334","0.04633333333333333","0.0076468936536365556","true","true","FixedBudget","20055.02677447306","56004",""
"research","gaussian","mess-1","16","267715","fixed","12000","x","0.0","0.001738520287271464","0.023939089024057253","true","true","FixedBudget","47951.727702298886","56004",""
"research","gaussian","mess-1","16","267715","fixed","12000","xSquared","1.0","1.005430685889622","0.05865795833251488","true","true","FixedBudget","15535.895941366849","56004",""
"research","gaussian","mess-1","16","267715","fixed","12000","y","0.0","-4.5819272098776564E-4","0.023723358769411177","true","true","FixedBudget","48000.0","56004",""
"research","gaussian","mess-1","16","267715","fixed","12000","ySquared","1.0","1.017865705410251","0.06131185391682244","true","true","FixedBudget","15163.431727484893","56004",""
"research","gaussian","mess-1","16","267715","stopped","2000","event","0.045500263896358334","0.043625","0.017474679975746105","true","true","PrecisionReached","3626.54970013203","56004",""
"research","gaussian","mess-1","16","267715","stopped","2000","x","0.0","0.023480054671090992","0.059018947772246276","true","true","PrecisionReached","7998.227647242428","56004",""
"research","gaussian","mess-1","16","267715","stopped","2000","xSquared","1.0","0.977351468567822","0.13081356608589342","true","true","PrecisionReached","2853.483826762863","56004",""
"research","gaussian","mess-1","16","267715","stopped","2000","y","0.0","0.014105693673790415","0.05886023521833918","true","true","PrecisionReached","8000.0","56004",""
"research","gaussian","mess-1","16","267715","stopped","2000","ySquared","1.0","0.982920715986914","0.13427435345765715","true","true","PrecisionReached","3117.1391945973287","56004",""
"research","gaussian","mess-1","17","275634","fixed","12000","event","0.045500263896358334","0.044395833333333336","0.007152221043861132","true","true","FixedBudget","22011.09200678772","56004",""
"research","gaussian","mess-1","17","275634","fixed","12000","x","0.0","0.01012061053461466","0.023390291679821634","true","true","FixedBudget","48000.0","56004",""
"research","gaussian","mess-1","17","275634","fixed","12000","xSquared","1.0","0.9895876526402372","0.05514907520884483","true","true","FixedBudget","17100.565083274305","56004",""
"research","gaussian","mess-1","17","275634","fixed","12000","y","0.0","0.001952980626887868","0.023702382082369956","true","true","FixedBudget","47037.73901559592","56004",""
"research","gaussian","mess-1","17","275634","fixed","12000","ySquared","1.0","0.9957008840152344","0.05773088352958061","true","true","FixedBudget","16139.277216299795","56004",""
"research","gaussian","mess-1","17","275634","stopped","2000","event","0.045500263896358334","0.0445","0.017486544696509846","true","true","PrecisionReached","3690.890309282674","56004",""
"research","gaussian","mess-1","17","275634","stopped","2000","x","0.0","-0.0016547914080564663","0.059059328747191234","true","true","PrecisionReached","7890.794328797268","56004",""
"research","gaussian","mess-1","17","275634","stopped","2000","xSquared","1.0","0.9858987409363535","0.1396047605343075","true","true","PrecisionReached","2759.944082325854","56004",""
"research","gaussian","mess-1","17","275634","stopped","2000","y","0.0","8.806851436693464E-5","0.05877886767253276","true","true","PrecisionReached","7392.808947831097","56004",""
"research","gaussian","mess-1","17","275634","stopped","2000","ySquared","1.0","0.9408469080401958","0.12589996602709563","true","true","PrecisionReached","3142.02295184958","56004",""
"research","gaussian","mess-1","18","283553","fixed","12000","event","0.045500263896358334","0.0471875","0.007553220688428037","true","true","FixedBudget","20915.74148502063","56004",""
"research","gaussian","mess-1","18","283553","fixed","12000","x","0.0","-0.00184301960635036","0.02350392527325023","true","true","FixedBudget","48000.0","56004",""
"research","gaussian","mess-1","18","283553","fixed","12000","xSquared","1.0","0.9991261154325559","0.056844018894613636","true","true","FixedBudget","16395.697131194942","56004",""
"research","gaussian","mess-1","18","283553","fixed","12000","y","0.0","0.001075126809123833","0.02379595204181261","true","true","FixedBudget","46477.50378804172","56004",""
"research","gaussian","mess-1","18","283553","fixed","12000","ySquared","1.0","0.9916222725133639","0.05888752779568324","true","true","FixedBudget","15243.929950784213","56004",""
"research","gaussian","mess-1","18","283553","stopped","2000","event","0.045500263896358334","0.047625","0.019100380248750402","true","true","PrecisionReached","3299.950227066831","56004",""
"research","gaussian","mess-1","18","283553","stopped","2000","x","0.0","-0.0035028741867784152","0.05702257865125979","true","true","PrecisionReached","8000.0","56004",""
"research","gaussian","mess-1","18","283553","stopped","2000","xSquared","1.0","0.980032977226211","0.14217209970425648","true","true","PrecisionReached","2609.860732655088","56004",""
"research","gaussian","mess-1","18","283553","stopped","2000","y","0.0","0.0026892583436509687","0.061017248427933254","true","true","PrecisionReached","7862.952590246555","56004",""
"research","gaussian","mess-1","18","283553","stopped","2000","ySquared","1.0","0.9738567767256663","0.13773698667425083","true","true","PrecisionReached","2696.07401831232","56004",""
"research","gaussian","mess-1","19","291472","fixed","12000","event","0.045500263896358334","0.04535416666666667","0.007590885729689704","true","true","FixedBudget","19942.41565330098","56004",""
"research","gaussian","mess-1","19","291472","fixed","12000","x","0.0","-0.00405298685443356","0.0238175350332576","true","true","FixedBudget","47884.05948015732","56004",""
"research","gaussian","mess-1","19","291472","fixed","12000","xSquared","1.0","1.0087610757351764","0.05854245066910362","true","true","FixedBudget","16142.771437636198","56004",""
"research","gaussian","mess-1","19","291472","fixed","12000","y","0.0","-0.0018790750533069223","0.02367462329068132","true","true","FixedBudget","48000.0","56004",""
"research","gaussian","mess-1","19","291472","fixed","12000","ySquared","1.0","1.013691269852666","0.05944132458306137","true","true","FixedBudget","15317.766301335085","56004",""
"research","gaussian","mess-1","19","291472","stopped","2000","event","0.045500263896358334","0.044625","0.017905576285574466","true","true","PrecisionReached","3529.58736403855","56004",""
"research","gaussian","mess-1","19","291472","stopped","2000","x","0.0","-0.011299061768941465","0.0578724203490918","true","true","PrecisionReached","8000.0","56004",""
"research","gaussian","mess-1","19","291472","stopped","2000","xSquared","1.0","1.000428094889762","0.14658228587204578","true","true","PrecisionReached","2541.110376626226","56004",""
"research","gaussian","mess-1","19","291472","stopped","2000","y","0.0","-0.022122264470240877","0.056781152210712206","true","true","PrecisionReached","8000.0","56004",""
"research","gaussian","mess-1","19","291472","stopped","2000","ySquared","1.0","0.9722290999106407","0.14881572074179555","true","true","PrecisionReached","2273.248347445937","56004",""
"research","gaussian","mess-1","20","299391","fixed","12000","event","0.045500263896358334","0.0449375","0.007499104420422388","true","true","FixedBudget","20761.741622847105","56004",""
"research","gaussian","mess-1","20","299391","fixed","12000","x","0.0","-0.00583380440702036","0.023461863301639886","true","true","FixedBudget","48000.0","56004",""
"research","gaussian","mess-1","20","299391","fixed","12000","xSquared","1.0","0.9955839472309053","0.05609509431146692","true","true","FixedBudget","16388.635691797554","56004",""
"research","gaussian","mess-1","20","299391","fixed","12000","y","0.0","-0.006834211987415073","0.023436996562592727","true","true","FixedBudget","48000.0","56004",""
"research","gaussian","mess-1","20","299391","fixed","12000","ySquared","1.0","0.9934874136203976","0.05514342288410971","true","true","FixedBudget","17017.117442967312","56004",""
"research","gaussian","mess-1","20","299391","stopped","2000","event","0.045500263896358334","0.042625","0.017356011076753393","true","true","PrecisionReached","3595.796273232711","56004",""
"research","gaussian","mess-1","20","299391","stopped","2000","x","0.0","0.001290529766953874","0.05813455947586713","true","true","PrecisionReached","7688.51946725318","56004",""
"research","gaussian","mess-1","20","299391","stopped","2000","xSquared","1.0","0.9789573879450716","0.13129866894596962","true","true","PrecisionReached","2930.0647778668977","56004",""
"research","gaussian","mess-1","20","299391","stopped","2000","y","0.0","-0.011079849892819515","0.0569159151660461","true","true","PrecisionReached","8000.0","56004",""
"research","gaussian","mess-1","20","299391","stopped","2000","ySquared","1.0","0.9764805471618304","0.1423422585681699","true","true","PrecisionReached","2675.5912008008695","56004",""
"research","gaussian","mess-1","21","307310","fixed","12000","event","0.045500263896358334","0.044020833333333335","0.007210405079284918","true","true","FixedBudget","21482.78381172714","56004",""
"research","gaussian","mess-1","21","307310","fixed","12000","x","0.0","-0.008535954153290615","0.02360886364421136","true","true","FixedBudget","47930.414437269974","56004",""
"research","gaussian","mess-1","21","307310","fixed","12000","xSquared","1.0","0.9917392118982974","0.055782019114809754","true","true","FixedBudget","16720.530100449883","56004",""
"research","gaussian","mess-1","21","307310","fixed","12000","y","0.0","0.002294895422850385","0.023698814544767927","true","true","FixedBudget","47607.800604789445","56004",""
"research","gaussian","mess-1","21","307310","fixed","12000","ySquared","1.0","1.0074660847684924","0.05947241165681817","true","true","FixedBudget","15018.731952250993","56004",""
"research","gaussian","mess-1","21","307310","stopped","2000","event","0.045500263896358334","0.051","0.02099758260044941","true","true","PrecisionReached","3405.8075876138123","56004",""
"research","gaussian","mess-1","21","307310","stopped","2000","x","0.0","-0.0031062457787882636","0.058925400667775574","true","true","PrecisionReached","8000.0","56004",""
"research","gaussian","mess-1","21","307310","stopped","2000","xSquared","1.0","1.0465274853687723","0.15288424344551038","true","true","PrecisionReached","2771.358291617621","56004",""
"research","gaussian","mess-1","21","307310","stopped","2000","y","0.0","0.021571944598035797","0.059091454638561615","true","true","PrecisionReached","7661.723681646494","56004",""
"research","gaussian","mess-1","21","307310","stopped","2000","ySquared","1.0","1.0024532041807996","0.15273771077353085","true","true","PrecisionReached","2466.2952606315325","56004",""
"research","gaussian","mess-1","22","315229","fixed","12000","event","0.045500263896358334","0.0458125","0.007649667770222973","true","true","FixedBudget","20298.77200238809","56004",""
"research","gaussian","mess-1","22","315229","fixed","12000","x","0.0","0.005967817453481239","0.0241233579285134","true","true","FixedBudget","46031.428160536205","56004",""
"research","gaussian","mess-1","22","315229","fixed","12000","xSquared","1.0","1.0093507190438047","0.05942963781952995","true","true","FixedBudget","14965.077945957528","56004",""
"research","gaussian","mess-1","22","315229","fixed","12000","y","0.0","0.0031295483994591144","0.024076759080021097","true","true","FixedBudget","47050.03519708034","56004",""
"research","gaussian","mess-1","22","315229","fixed","12000","ySquared","1.0","1.0057562266639608","0.055635022966853534","true","true","FixedBudget","17252.550497199292","56004",""
"research","gaussian","mess-1","22","315229","stopped","2000","event","0.045500263896358334","0.05025","0.0205418641734105","true","true","PrecisionReached","3002.023602947554","56004",""
"research","gaussian","mess-1","22","315229","stopped","2000","x","0.0","8.690225730693668E-4","0.060615837489366074","true","true","PrecisionReached","7546.12648510956","56004",""
"research","gaussian","mess-1","22","315229","stopped","2000","xSquared","1.0","1.044595555015091","0.15616302225703618","true","true","PrecisionReached","2430.23653627301","56004",""
"research","gaussian","mess-1","22","315229","stopped","2000","y","0.0","2.703857764465578E-4","0.06389886245080982","true","true","PrecisionReached","7478.2232641194605","56004",""
"research","gaussian","mess-1","22","315229","stopped","2000","ySquared","1.0","0.9821933385458788","0.13855701026131476","true","true","PrecisionReached","2855.63241888837","56004",""
"research","gaussian","mess-1","23","323148","fixed","12000","event","0.045500263896358334","0.0455625","0.007550349473290194","true","true","FixedBudget","20245.296012274383","56004",""
"research","gaussian","mess-1","23","323148","fixed","12000","x","0.0","0.001594782427253083","0.02368581086895618","true","true","FixedBudget","47230.746096067596","56004",""
"research","gaussian","mess-1","23","323148","fixed","12000","xSquared","1.0","0.9983877146655776","0.05784849991999933","true","true","FixedBudget","15849.224366361337","56004",""
"research","gaussian","mess-1","23","323148","fixed","12000","y","0.0","8.515133674330544E-4","0.02368744806523215","true","true","FixedBudget","47389.928751000785","56004",""
"research","gaussian","mess-1","23","323148","fixed","12000","ySquared","1.0","0.994264975210797","0.05715728171484663","true","true","FixedBudget","15950.793944794968","56004",""
"research","gaussian","mess-1","23","323148","stopped","2000","event","0.045500263896358334","0.03875","0.016049481220215885","true","true","PrecisionReached","4161.46209741726","56004",""
"research","gaussian","mess-1","23","323148","stopped","2000","x","0.0","0.0016483804156768866","0.05579411766089066","true","true","PrecisionReached","7996.4412990949395","56004",""
"research","gaussian","mess-1","23","323148","stopped","2000","xSquared","1.0","0.9378349188083601","0.12189290516348439","false","true","PrecisionReached","3266.1909840955627","56004",""
"research","gaussian","mess-1","23","323148","stopped","2000","y","0.0","0.005281714493249989","0.05789593489968935","true","true","PrecisionReached","7742.045479268383","56004",""
"research","gaussian","mess-1","23","323148","stopped","2000","ySquared","1.0","0.9777229547487077","0.135035781579116","true","true","PrecisionReached","2762.9013255623177","56004",""
"research","gaussian","mess-1","24","331067","fixed","12000","event","0.045500263896358334","0.043979166666666666","0.007409867275352258","true","true","FixedBudget","20938.693520763893","56004",""
"research","gaussian","mess-1","24","331067","fixed","12000","x","0.0","0.0048289629363647","0.0234368109513292","true","true","FixedBudget","47682.74660942797","56004",""
"research","gaussian","mess-1","24","331067","fixed","12000","xSquared","1.0","0.9868823024914655","0.055728813083199776","true","true","FixedBudget","16807.080625590002","56004",""
"research","gaussian","mess-1","24","331067","fixed","12000","y","0.0","-0.010099908549479286","0.02354306583396438","true","true","FixedBudget","47628.199965201005","56004",""
"research","gaussian","mess-1","24","331067","fixed","12000","ySquared","1.0","0.9947902954440389","0.05602370633964494","true","true","FixedBudget","16254.480751401632","56004",""
"research","gaussian","mess-1","24","331067","stopped","2000","event","0.045500263896358334","0.045375","0.018455303115485485","true","true","PrecisionReached","3527.7842183351286","56004",""
"research","gaussian","mess-1","24","331067","stopped","2000","x","0.0","0.013892959193081755","0.058454161270719535","true","true","PrecisionReached","7910.694030195498","56004",""
"research","gaussian","mess-1","24","331067","stopped","2000","xSquared","1.0","1.0185428867977633","0.13921638098616773","true","true","PrecisionReached","2858.870752338137","56004",""
"research","gaussian","mess-1","24","331067","stopped","2000","y","0.0","-0.0025610489439462647","0.06423700380136543","true","true","PrecisionReached","7565.9362910103555","56004",""
"research","gaussian","mess-1","24","331067","stopped","2000","ySquared","1.0","1.0106537436102536","0.14123815297964767","true","true","PrecisionReached","2620.817370066028","56004",""
"research","gaussian","mess-1","25","338986","fixed","12000","event","0.045500263896358334","0.04504166666666667","0.007704774315732728","true","true","FixedBudget","20466.367831874522","56004",""
"research","gaussian","mess-1","25","338986","fixed","12000","x","0.0","0.0037048813029805228","0.02440772960779226","true","true","FixedBudget","47833.54770126824","56004",""
"research","gaussian","mess-1","25","338986","fixed","12000","xSquared","1.0","1.0041157819700364","0.06063112049203366","true","true","FixedBudget","16027.95192375393","56004",""
"research","gaussian","mess-1","25","338986","fixed","12000","y","0.0","-1.615551459055453E-5","0.023600802660006644","true","true","FixedBudget","48000.0","56004",""
"research","gaussian","mess-1","25","338986","fixed","12000","ySquared","1.0","1.0073759680882326","0.05821787434783953","true","true","FixedBudget","16097.4375505354","56004",""
"research","gaussian","mess-1","25","338986","stopped","2000","event","0.045500263896358334","0.044375","0.01772153799596976","true","true","PrecisionReached","3584.028785293731","56004",""
"research","gaussian","mess-1","25","338986","stopped","2000","x","0.0","0.02853621071801571","0.06312377734467875","true","true","PrecisionReached","7782.306631417456","56004",""
"research","gaussian","mess-1","25","338986","stopped","2000","xSquared","1.0","1.0185655151378665","0.14675886949270267","true","true","PrecisionReached","2704.8993458971263","56004",""
"research","gaussian","mess-1","25","338986","stopped","2000","y","0.0","0.005460526688959133","0.05951945326673576","true","true","PrecisionReached","8000.0","56004",""
"research","gaussian","mess-1","25","338986","stopped","2000","ySquared","1.0","1.0161442494813095","0.15150646559612013","true","true","PrecisionReached","2520.2282681963793","56004",""
"research","gaussian","mess-1","26","346905","fixed","12000","event","0.045500263896358334","0.04729166666666667","0.007706064580414703","true","true","FixedBudget","20178.129422731832","56004",""
"research","gaussian","mess-1","26","346905","fixed","12000","x","0.0","0.009122314838490575","0.02421192488034876","true","true","FixedBudget","47932.41132876092","56004",""
"research","gaussian","mess-1","26","346905","fixed","12000","xSquared","1.0","1.009678030695697","0.05845166419838793","true","true","FixedBudget","16369.170498063093","56004",""
"research","gaussian","mess-1","26","346905","fixed","12000","y","0.0","0.006260541436395872","0.023578741853463734","true","true","FixedBudget","47538.2792630569","56004",""
"research","gaussian","mess-1","26","346905","fixed","12000","ySquared","1.0","0.9958607311714267","0.058396584853228115","true","true","FixedBudget","15711.538248872514","56004",""
"research","gaussian","mess-1","26","346905","stopped","2000","event","0.045500263896358334","0.0525","0.02215451898544422","true","true","PrecisionReached","2690.06214110572","56004",""
"research","gaussian","mess-1","26","346905","stopped","2000","x","0.0","0.017951293717288125","0.059440201205719606","true","true","PrecisionReached","8000.0","56004",""
"research","gaussian","mess-1","26","346905","stopped","2000","xSquared","1.0","1.0498526844399467","0.1549497906221747","true","true","PrecisionReached","2467.5812791880253","56004",""
"research","gaussian","mess-1","26","346905","stopped","2000","y","0.0","0.004445626201325048","0.0593686068516209","true","true","PrecisionReached","7602.969325090992","56004",""
"research","gaussian","mess-1","26","346905","stopped","2000","ySquared","1.0","0.9803000300975295","0.15079006467140127","true","true","PrecisionReached","2357.6618966282285","56004",""
"research","gaussian","mess-1","27","354824","fixed","12000","event","0.045500263896358334","0.0465625","0.007568210661652474","true","true","FixedBudget","20570.52109527504","56004",""
"research","gaussian","mess-1","27","354824","fixed","12000","x","0.0","-0.0021487934227613636","0.02461088538470463","true","true","FixedBudget","47374.77220683764","56004",""
"research","gaussian","mess-1","27","354824","fixed","12000","xSquared","1.0","1.0108402935012122","0.05875597606318494","true","true","FixedBudget","15511.486125251888","56004",""
"research","gaussian","mess-1","27","354824","fixed","12000","y","0.0","-0.0019300766359137134","0.023594117132483664","true","true","FixedBudget","48000.0","56004",""
"research","gaussian","mess-1","27","354824","fixed","12000","ySquared","1.0","1.0068090441388917","0.05946037246199613","true","true","FixedBudget","15461.791669407628","56004",""
"research","gaussian","mess-1","27","354824","stopped","2000","event","0.045500263896358334","0.0475","0.01957362821624265","true","true","PrecisionReached","3134.471783095455","56004",""
"research","gaussian","mess-1","27","354824","stopped","2000","x","0.0","0.015596080482034591","0.05847329108924742","true","true","PrecisionReached","7915.260814889873","56004",""
"research","gaussian","mess-1","27","354824","stopped","2000","xSquared","1.0","1.0051090557780027","0.13871822413848897","true","true","PrecisionReached","2661.418027376379","56004",""
"research","gaussian","mess-1","27","354824","stopped","2000","y","0.0","-0.007087636969400513","0.0564846522617609","true","true","PrecisionReached","8000.0","56004",""
"research","gaussian","mess-1","27","354824","stopped","2000","ySquared","1.0","0.9616679713831613","0.12867556526217266","true","true","PrecisionReached","3016.0524274330346","56004",""
"research","gaussian","mess-1","28","362743","fixed","12000","event","0.045500263896358334","0.04466666666666667","0.007440541254718769","true","true","FixedBudget","20456.56053307762","56004",""
"research","gaussian","mess-1","28","362743","fixed","12000","x","0.0","-0.001836372273744391","0.023468701345999717","true","true","FixedBudget","48000.0","56004",""
"research","gaussian","mess-1","28","362743","fixed","12000","xSquared","1.0","0.9961336839864099","0.057733062178459034","true","true","FixedBudget","15871.436642131426","56004",""
"research","gaussian","mess-1","28","362743","fixed","12000","y","0.0","-4.5012718390499695E-4","0.02423693095447885","true","true","FixedBudget","47366.59974373653","56004",""
"research","gaussian","mess-1","28","362743","fixed","12000","ySquared","1.0","1.0187385138228326","0.05874766613363444","true","true","FixedBudget","15786.25761228335","56004",""
"research","gaussian","mess-1","28","362743","stopped","2000","event","0.045500263896358334","0.042625","0.017478797241766538","true","true","PrecisionReached","3572.730767231383","56004",""
"research","gaussian","mess-1","28","362743","stopped","2000","x","0.0","0.0035673758897547397","0.05671723640994033","true","true","PrecisionReached","8000.0","56004",""
"research","gaussian","mess-1","28","362743","stopped","2000","xSquared","1.0","0.9695659818681207","0.13778717351382216","true","true","PrecisionReached","2678.747258892735","56004",""
"research","gaussian","mess-1","28","362743","stopped","2000","y","0.0","0.014488233437250864","0.05915971387177814","true","true","PrecisionReached","7856.376431152202","56004",""
"research","gaussian","mess-1","28","362743","stopped","2000","ySquared","1.0","1.0361293251042507","0.1404221504351026","true","true","PrecisionReached","2662.7588922230625","56004",""
"research","gaussian","mess-1","29","370662","fixed","12000","event","0.045500263896358334","0.045020833333333336","0.007335785345596259","true","true","FixedBudget","21203.98047039477","56004",""
"research","gaussian","mess-1","29","370662","fixed","12000","x","0.0","0.002919474139245773","0.024985533920097322","true","true","FixedBudget","45607.680705398954","56004",""
"research","gaussian","mess-1","29","370662","fixed","12000","xSquared","1.0","1.0051542532717745","0.057940709292707504","true","true","FixedBudget","15728.11298517185","56004",""
"research","gaussian","mess-1","29","370662","fixed","12000","y","0.0","-0.005908466332536305","0.023755459593332584","true","true","FixedBudget","47907.205383878216","56004",""
"research","gaussian","mess-1","29","370662","fixed","12000","ySquared","1.0","1.0186837928396468","0.057544386868655546","true","true","FixedBudget","16625.518840691573","56004",""
"research","gaussian","mess-1","29","370662","stopped","2000","event","0.045500263896358334","0.047375","0.01876466280967771","true","true","PrecisionReached","3402.0297626109905","56004",""
"research","gaussian","mess-1","29","370662","stopped","2000","x","0.0","0.00727537695765005","0.061082478686831976","true","true","PrecisionReached","7164.520950805695","56004",""
"research","gaussian","mess-1","29","370662","stopped","2000","xSquared","1.0","1.0071515967795432","0.1435734679290255","true","true","PrecisionReached","2566.279769197563","56004",""
"research","gaussian","mess-1","29","370662","stopped","2000","y","0.0","-0.007055986810849485","0.05774881549044967","true","true","PrecisionReached","8000.0","56004",""
"research","gaussian","mess-1","29","370662","stopped","2000","ySquared","1.0","1.0051924516676471","0.13193360107717875","true","true","PrecisionReached","2990.7387720481433","56004",""
"research","gaussian","mess-4","0","141011","fixed","12000","event","0.045500263896358334","0.043125","0.0073878816959096075","true","true","FixedBudget","21227.077894658552","224004",""
"research","gaussian","mess-4","0","141011","fixed","12000","x","0.0","-0.002873716856445982","0.02359385208373318","true","true","FixedBudget","47315.676409666026","224004",""
"research","gaussian","mess-4","0","141011","fixed","12000","xSquared","1.0","0.988548942568253","0.055261464302707446","true","true","FixedBudget","16854.78908495812","224004",""
"research","gaussian","mess-4","0","141011","fixed","12000","y","0.0","-0.007436791712630786","0.02376781798515713","true","true","FixedBudget","47707.50293449437","224004",""
"research","gaussian","mess-4","0","141011","fixed","12000","ySquared","1.0","1.0155136514941","0.059056846984420625","true","true","FixedBudget","15640.753143971844","224004",""
"research","gaussian","mess-4","0","141011","stopped","2000","event","0.045500263896358334","0.040375","0.0164277918757751","true","true","PrecisionReached","3810.694607302196","224004",""
"research","gaussian","mess-4","0","141011","stopped","2000","x","0.0","0.009986603338175984","0.05722117670712154","true","true","PrecisionReached","7991.1013493151595","224004",""
"research","gaussian","mess-4","0","141011","stopped","2000","xSquared","1.0","0.9858610386734257","0.13819177061925303","true","true","PrecisionReached","2673.428162970757","224004",""
"research","gaussian","mess-4","0","141011","stopped","2000","y","0.0","-0.01649316383264976","0.06255196133542136","true","true","PrecisionReached","7746.306972546608","224004",""
"research","gaussian","mess-4","0","141011","stopped","2000","ySquared","1.0","1.0600380589640905","0.15789612532225342","true","true","PrecisionReached","2590.394436829373","224004",""
"research","gaussian","mess-4","1","148930","fixed","12000","event","0.045500263896358334","0.04777083333333333","0.008219740627622613","true","true","FixedBudget","18613.033634862448","224004",""
"research","gaussian","mess-4","1","148930","fixed","12000","x","0.0","9.569485481803752E-4","0.02403360335757236","true","true","FixedBudget","47402.08419122797","224004",""
"research","gaussian","mess-4","1","148930","fixed","12000","xSquared","1.0","1.0316500494220107","0.06149202792363819","false","true","FixedBudget","15182.51344342741","224004",""
"research","gaussian","mess-4","1","148930","fixed","12000","y","0.0","-0.004062914047130661","0.023710391334821876","true","true","FixedBudget","46678.413117841585","224004",""
"research","gaussian","mess-4","1","148930","fixed","12000","ySquared","1.0","0.9887752324152974","0.05628016872637877","true","true","FixedBudget","16395.262717514062","224004",""
"research","gaussian","mess-4","1","148930","stopped","2000","event","0.045500263896358334","0.043875","0.01781793675676089","true","true","PrecisionReached","3507.239452921577","224004",""
"research","gaussian","mess-4","1","148930","stopped","2000","x","0.0","6.02904279850297E-4","0.060613272550266516","true","true","PrecisionReached","7462.2812039104865","224004",""
"research","gaussian","mess-4","1","148930","stopped","2000","xSquared","1.0","1.0329012138728102","0.13019887456398527","true","true","PrecisionReached","2889.3542708881364","224004",""
"research","gaussian","mess-4","1","148930","stopped","2000","y","0.0","-0.00391182140264168","0.06099346420245608","true","true","PrecisionReached","7077.183387121043","224004",""
"research","gaussian","mess-4","1","148930","stopped","2000","ySquared","1.0","0.9919397845442027","0.1344854630338955","true","true","PrecisionReached","2748.5691696622707","224004",""
"research","gaussian","mess-4","2","156849","fixed","12000","event","0.045500263896358334","0.04560416666666667","0.007550112251549365","true","true","FixedBudget","20264.198924852903","224004",""
"research","gaussian","mess-4","2","156849","fixed","12000","x","0.0","3.9487340155108797E-4","0.023626233360401535","true","true","FixedBudget","47466.159753624066","224004",""
"research","gaussian","mess-4","2","156849","fixed","12000","xSquared","1.0","0.9983203972582992","0.05768068148056009","true","true","FixedBudget","15808.33411841849","224004",""
"research","gaussian","mess-4","2","156849","fixed","12000","y","0.0","0.0027275453353851065","0.023675899248649598","true","true","FixedBudget","48000.0","224004",""
"research","gaussian","mess-4","2","156849","fixed","12000","ySquared","1.0","1.0138044479904456","0.06039826131271641","true","true","FixedBudget","15107.689268415246","224004",""
"research","gaussian","mess-4","2","156849","stopped","2000","event","0.045500263896358334","0.0445","0.018562644713578234","true","true","PrecisionReached","3275.3629962524424","224004",""
"research","gaussian","mess-4","2","156849","stopped","2000","x","0.0","-0.0015119702879398123","0.05903132213091675","true","true","PrecisionReached","7725.539811404209","224004",""
"research","gaussian","mess-4","2","156849","stopped","2000","xSquared","1.0","1.0142532163781302","0.14209751068202942","true","true","PrecisionReached","2548.883609008335","224004",""
"research","gaussian","mess-4","2","156849","stopped","2000","y","0.0","0.009840568309320341","0.0583267712444946","true","true","PrecisionReached","8000.0","224004",""
"research","gaussian","mess-4","2","156849","stopped","2000","ySquared","1.0","1.025459309427727","0.15496493525420682","true","true","PrecisionReached","2389.7090272949094","224004",""
"research","gaussian","mess-4","3","164768","fixed","12000","event","0.045500263896358334","0.045625","0.007602762141254862","true","true","FixedBudget","19993.20059597691","224004",""
"research","gaussian","mess-4","3","164768","fixed","12000","x","0.0","5.316044357028815E-4","0.024465764870299975","true","true","FixedBudget","46689.93180458338","224004",""
"research","gaussian","mess-4","3","164768","fixed","12000","xSquared","1.0","1.0083838048806393","0.05826876238425328","true","true","FixedBudget","15778.796481923444","224004",""
"research","gaussian","mess-4","3","164768","fixed","12000","y","0.0","0.006594999827744696","0.024575793604929674","true","true","FixedBudget","47938.52942228972","224004",""
"research","gaussian","mess-4","3","164768","fixed","12000","ySquared","1.0","0.9973940379268972","0.060516005563912324","true","true","FixedBudget","15339.938520289248","224004",""
"research","gaussian","mess-4","3","164768","stopped","2000","event","0.045500263896358334","0.045375","0.01806252320801015","true","true","PrecisionReached","3524.0417595566682","224004",""
"research","gaussian","mess-4","3","164768","stopped","2000","x","0.0","0.009960605253653165","0.05790292289459295","true","true","PrecisionReached","8000.0","224004",""
"research","gaussian","mess-4","3","164768","stopped","2000","xSquared","1.0","1.0106136459878108","0.13893667087605566","true","true","PrecisionReached","2681.270193355732","224004",""
"research","gaussian","mess-4","3","164768","stopped","2000","y","0.0","-0.0031916784845066604","0.06073940455054412","true","true","PrecisionReached","8000.0","224004",""
"research","gaussian","mess-4","3","164768","stopped","2000","ySquared","1.0","0.9863447153106365","0.12845435071978797","true","true","PrecisionReached","2918.1995388969285","224004",""
"research","gaussian","mess-4","4","172687","fixed","12000","event","0.045500263896358334","0.04652083333333333","0.007585910772044033","true","true","FixedBudget","20457.2113559011","224004",""
"research","gaussian","mess-4","4","172687","fixed","12000","x","0.0","-0.0036912638774828643","0.02362102196901021","true","true","FixedBudget","48000.0","224004",""
"research","gaussian","mess-4","4","172687","fixed","12000","xSquared","1.0","1.0091164134250372","0.05891158538271008","true","true","FixedBudget","15508.532637043787","224004",""
"research","gaussian","mess-4","4","172687","fixed","12000","y","0.0","-3.6209296768796584E-4","0.023037059300509075","true","true","FixedBudget","48000.0","224004",""
"research","gaussian","mess-4","4","172687","fixed","12000","ySquared","1.0","0.9598252679607007","0.054405747238702305","false","true","FixedBudget","16536.51432927547","224004",""
"research","gaussian","mess-4","4","172687","stopped","2000","event","0.045500263896358334","0.04525","0.018887660983086342","true","true","PrecisionReached","3548.8353614631196","224004",""
"research","gaussian","mess-4","4","172687","stopped","2000","x","0.0","-0.005376973225304504","0.05718213451093532","true","true","PrecisionReached","8000.0","224004",""
"research","gaussian","mess-4","4","172687","stopped","2000","xSquared","1.0","0.9855417176201595","0.1405691969522823","true","true","PrecisionReached","2575.7291888671416","224004",""
"research","gaussian","mess-4","4","172687","stopped","2000","y","0.0","0.011225874598310037","0.05740930990213116","true","true","PrecisionReached","7637.8448664529105","224004",""
"research","gaussian","mess-4","4","172687","stopped","2000","ySquared","1.0","0.9485161930913266","0.12524176805588694","true","true","PrecisionReached","2944.1115382921407","224004",""
"research","gaussian","mess-4","5","180606","fixed","12000","event","0.045500263896358334","0.04633333333333333","0.007963149610967593","true","true","FixedBudget","18613.878513145322","224004",""
"research","gaussian","mess-4","5","180606","fixed","12000","x","0.0","-0.0032516846864435456","0.023515474247277117","true","true","FixedBudget","47855.509174548526","224004",""
"research","gaussian","mess-4","5","180606","fixed","12000","xSquared","1.0","0.9971048574441734","0.059813509285734666","true","true","FixedBudget","15474.039507200172","224004",""
"research","gaussian","mess-4","5","180606","fixed","12000","y","0.0","-0.0011425204439992065","0.02361647289315341","true","true","FixedBudget","47776.78269629093","224004",""
"research","gaussian","mess-4","5","180606","fixed","12000","ySquared","1.0","1.0040245684105722","0.05910076371715577","true","true","FixedBudget","15983.314488106162","224004",""
"research","gaussian","mess-4","5","180606","stopped","2000","event","0.045500263896358334","0.049375","0.019424867387525517","true","true","PrecisionReached","3312.1268684625984","224004",""
"research","gaussian","mess-4","5","180606","stopped","2000","x","0.0","-0.005562974820533584","0.06221779416567429","true","true","PrecisionReached","7829.126272049442","224004",""
"research","gaussian","mess-4","5","180606","stopped","2000","xSquared","1.0","1.0236395422189382","0.14257889426367523","true","true","PrecisionReached","2739.0005600336917","224004",""
"research","gaussian","mess-4","5","180606","stopped","2000","y","0.0","0.005978230780079502","0.05892379021040756","true","true","PrecisionReached","7803.787099493919","224004",""
"research","gaussian","mess-4","5","180606","stopped","2000","ySquared","1.0","1.0208302385087216","0.14551572620161712","true","true","PrecisionReached","2726.7674970018484","224004",""
"research","gaussian","mess-4","6","188525","fixed","12000","event","0.045500263896358334","0.04552083333333334","0.007310037216720979","true","true","FixedBudget","21579.46531580599","224004",""
"research","gaussian","mess-4","6","188525","fixed","12000","x","0.0","0.006914819462513266","0.023565083022098664","true","true","FixedBudget","48000.0","224004",""
"research","gaussian","mess-4","6","188525","fixed","12000","xSquared","1.0","1.0043767781593318","0.056567088406128084","true","true","FixedBudget","16471.82208856639","224004",""
"research","gaussian","mess-4","6","188525","fixed","12000","y","0.0","-0.0014749600688165332","0.023439962567599726","true","true","FixedBudget","47947.0878582048","224004",""
"research","gaussian","mess-4","6","188525","fixed","12000","ySquared","1.0","0.9764201828353076","0.05396642854616194","true","true","FixedBudget","17016.56753650585","224004",""
"research","gaussian","mess-4","6","188525","stopped","2000","event","0.045500263896358334","0.047375","0.018436207591271535","true","true","PrecisionReached","3657.1958038854223","224004",""
"research","gaussian","mess-4","6","188525","stopped","2000","x","0.0","0.029745861713459054","0.05851664465165196","false","true","PrecisionReached","7902.148394143809","224004",""
"research","gaussian","mess-4","6","188525","stopped","2000","xSquared","1.0","1.0203105013668778","0.1392643335691649","true","true","PrecisionReached","2748.44643374063","224004",""
"research","gaussian","mess-4","6","188525","stopped","2000","y","0.0","0.01062299987667814","0.05596481212603969","true","true","PrecisionReached","8000.0","224004",""
"research","gaussian","mess-4","6","188525","stopped","2000","ySquared","1.0","0.9441120924541277","0.12708191686277154","true","true","PrecisionReached","2861.422816069675","224004",""
"research","gaussian","mess-4","7","196444","fixed","12000","event","0.045500263896358334","0.0445625","0.007420345872860361","true","true","FixedBudget","20522.33302558631","224004",""
"research","gaussian","mess-4","7","196444","fixed","12000","x","0.0","-0.011547658539603323","0.023716467263807786","true","true","FixedBudget","47230.3627005348","224004",""
"research","gaussian","mess-4","7","196444","fixed","12000","xSquared","1.0","0.9867547813151875","0.05639815948427644","true","true","FixedBudget","16340.226792008416","224004",""
"research","gaussian","mess-4","7","196444","fixed","12000","y","0.0","-0.008173441606250664","0.024682771531674086","true","true","FixedBudget","46974.304763572756","224004",""
"research","gaussian","mess-4","7","196444","fixed","12000","ySquared","1.0","0.9981578136761893","0.05605418256913364","true","true","FixedBudget","16874.02143497855","224004",""
"research","gaussian","mess-4","7","196444","stopped","2000","event","0.045500263896358334","0.043625","0.017693798868332583","true","true","PrecisionReached","3537.2839477865305","224004",""
"research","gaussian","mess-4","7","196444","stopped","2000","x","0.0","-0.029741314603675018","0.05804565317060721","false","true","PrecisionReached","7739.412617544868","224004",""
"research","gaussian","mess-4","7","196444","stopped","2000","xSquared","1.0","0.9480523090773699","0.132543252676476","true","true","PrecisionReached","2744.134095588864","224004",""
"research","gaussian","mess-4","7","196444","stopped","2000","y","0.0","-0.0074076588998305826","0.0614070593522725","true","true","PrecisionReached","7313.951627194763","224004",""
"research","gaussian","mess-4","7","196444","stopped","2000","ySquared","1.0","1.034522196375284","0.15058584713504294","true","true","PrecisionReached","2502.5145390704665","224004",""
"research","gaussian","mess-4","8","204363","fixed","12000","event","0.045500263896358334","0.046125","0.0077922292319253005","true","true","FixedBudget","20683.024178794967","224004",""
"research","gaussian","mess-4","8","204363","fixed","12000","x","0.0","0.01220081941079576","0.02365225164679455","false","true","FixedBudget","48000.0","224004",""
"research","gaussian","mess-4","8","204363","fixed","12000","xSquared","1.0","1.0119217092161337","0.05877709826746035","true","true","FixedBudget","16359.703958864653","224004",""
"research","gaussian","mess-4","8","204363","fixed","12000","y","0.0","0.004388613030589905","0.02343143643006969","true","true","FixedBudget","48000.0","224004",""
"research","gaussian","mess-4","8","204363","fixed","12000","ySquared","1.0","0.9929886603893574","0.05735368383130366","true","true","FixedBudget","16162.379060413503","224004",""
"research","gaussian","mess-4","8","204363","stopped","2000","event","0.045500263896358334","0.04175","0.017022975604345573","true","true","PrecisionReached","3732.7683460479116","224004",""
"research","gaussian","mess-4","8","204363","stopped","2000","x","0.0","0.013479492338497212","0.056694383371167556","true","true","PrecisionReached","8000.0","224004",""
"research","gaussian","mess-4","8","204363","stopped","2000","xSquared","1.0","0.9689537869084597","0.13244983923127565","true","true","PrecisionReached","2829.810012024004","224004",""
"research","gaussian","mess-4","8","204363","stopped","2000","y","0.0","0.019553262382038583","0.05624907558738388","true","true","PrecisionReached","8000.0","224004",""
"research","gaussian","mess-4","8","204363","stopped","2000","ySquared","1.0","0.9539956867979739","0.13041309418036212","true","true","PrecisionReached","2791.7167334423166","224004",""
"research","gaussian","mess-4","9","212282","fixed","12000","event","0.045500263896358334","0.0423125","0.007208388570840847","true","true","FixedBudget","20697.568306110174","224004",""
"research","gaussian","mess-4","9","212282","fixed","12000","x","0.0","0.0017681870840473568","0.025571802610277937","true","true","FixedBudget","47977.36953182039","224004",""
"research","gaussian","mess-4","9","212282","fixed","12000","xSquared","1.0","0.9769376507692653","0.05657577324063458","true","true","FixedBudget","16033.80987074132","224004",""
"research","gaussian","mess-4","9","212282","fixed","12000","y","0.0","0.008597698853595903","0.023529458100475624","true","true","FixedBudget","47798.96670583283","224004",""
"research","gaussian","mess-4","9","212282","fixed","12000","ySquared","1.0","0.9971749400341641","0.05609689783750867","true","true","FixedBudget","16232.498661760283","224004",""
"research","gaussian","mess-4","9","212282","stopped","2000","event","0.045500263896358334","0.043625","0.01938066925845933","true","true","PrecisionReached","2948.3195711977282","224004",""
"research","gaussian","mess-4","9","212282","stopped","2000","x","0.0","-0.0017972073876280081","0.057023248566681284","true","true","PrecisionReached","8000.0","224004",""
"research","gaussian","mess-4","9","212282","stopped","2000","xSquared","1.0","0.9692562394251611","0.14876279876671825","true","true","PrecisionReached","2430.341523343111","224004",""
"research","gaussian","mess-4","9","212282","stopped","2000","y","0.0","6.914542264910561E-4","0.05638325675734645","true","true","PrecisionReached","8000.0","224004",""
"research","gaussian","mess-4","9","212282","stopped","2000","ySquared","1.0","0.9581689168213982","0.13452711040170284","true","true","PrecisionReached","2747.9327741132442","224004",""
"research","gaussian","mess-4","10","220201","fixed","12000","event","0.045500263896358334","0.04841666666666666","0.007991557995316112","true","true","FixedBudget","19146.173962954676","224004",""
"research","gaussian","mess-4","10","220201","fixed","12000","x","0.0","-0.003603860926331026","0.02384359963001403","true","true","FixedBudget","47541.289350907304","224004",""
"research","gaussian","mess-4","10","220201","fixed","12000","xSquared","1.0","1.01839659295903","0.0602751434691847","true","true","FixedBudget","15091.104618988555","224004",""
"research","gaussian","mess-4","10","220201","fixed","12000","y","0.0","-0.00542871912795978","0.02382859647967762","true","true","FixedBudget","45927.456439914844","224004",""
"research","gaussian","mess-4","10","220201","fixed","12000","ySquared","1.0","0.9826054014166978","0.057474762195350866","true","true","FixedBudget","15890.265402683506","224004",""
"research","gaussian","mess-4","10","220201","stopped","2000","event","0.045500263896358334","0.04875","0.020486940549641782","true","true","PrecisionReached","2932.672158190717","224004",""
"research","gaussian","mess-4","10","220201","stopped","2000","x","0.0","0.011158476934869932","0.05916636090800098","true","true","PrecisionReached","7628.840971141516","224004",""
"research","gaussian","mess-4","10","220201","stopped","2000","xSquared","1.0","1.0062678075600273","0.13709770003986532","true","true","PrecisionReached","2691.184244659229","224004",""
"research","gaussian","mess-4","10","220201","stopped","2000","y","0.0","0.011669532301072205","0.058800578270012165","true","true","PrecisionReached","7567.778440198414","224004",""
"research","gaussian","mess-4","10","220201","stopped","2000","ySquared","1.0","0.9859233500615195","0.1411181036592971","true","true","PrecisionReached","2749.9600654190285","224004",""
"research","gaussian","mess-4","11","228120","fixed","12000","event","0.045500263896358334","0.04777083333333333","0.007979622134323988","true","true","FixedBudget","19615.53574720044","224004",""
"research","gaussian","mess-4","11","228120","fixed","12000","x","0.0","0.004063312393972021","0.02373691795543884","true","true","FixedBudget","47361.83129243113","224004",""
"research","gaussian","mess-4","11","228120","fixed","12000","xSquared","1.0","1.005497688961601","0.06288964264075828","true","true","FixedBudget","15525.144228162795","224004",""
"research","gaussian","mess-4","11","228120","fixed","12000","y","0.0","0.0032207494985945218","0.02357501220553341","true","true","FixedBudget","47272.69810300028","224004",""
"research","gaussian","mess-4","11","228120","fixed","12000","ySquared","1.0","0.9778602733730608","0.056941906704011606","true","true","FixedBudget","15660.31284158942","224004",""
"research","gaussian","mess-4","11","228120","stopped","2000","event","0.045500263896358334","0.04675","0.019116958242154685","true","true","PrecisionReached","3236.676441908705","224004",""
"research","gaussian","mess-4","11","228120","stopped","2000","x","0.0","0.005184123332248353","0.06343191037346038","true","true","PrecisionReached","7854.576213101748","224004",""
"research","gaussian","mess-4","11","228120","stopped","2000","xSquared","1.0","1.0308064956152616","0.15702314176383547","true","true","PrecisionReached","2364.331095864559","224004",""
"research","gaussian","mess-4","11","228120","stopped","2000","y","0.0","0.01768876403465436","0.05845809526585809","true","true","PrecisionReached","7823.9081266322355","224004",""
"research","gaussian","mess-4","11","228120","stopped","2000","ySquared","1.0","1.0076263188806296","0.16363766366907212","true","true","PrecisionReached","2257.7134333703643","224004",""
"research","gaussian","mess-4","12","236039","fixed","12000","event","0.045500263896358334","0.043333333333333335","0.007399821971602873","true","true","FixedBudget","20092.935734494105","224004",""
"research","gaussian","mess-4","12","236039","fixed","12000","x","0.0","-6.552356670229825E-4","0.023345910958430905","true","true","FixedBudget","48000.0","224004",""
"research","gaussian","mess-4","12","236039","fixed","12000","xSquared","1.0","0.985734320477094","0.05797946419282339","true","true","FixedBudget","15418.016550770239","224004",""
"research","gaussian","mess-4","12","236039","fixed","12000","y","0.0","-0.0011768584595210907","0.025144608689523472","true","true","FixedBudget","45447.99851781256","224004",""
"research","gaussian","mess-4","12","236039","fixed","12000","ySquared","1.0","1.0116722154794324","0.06078574612762653","true","true","FixedBudget","14671.500601440837","224004",""
"research","gaussian","mess-4","12","236039","stopped","2000","event","0.045500263896358334","0.039","0.016972242016860574","true","true","PrecisionReached","3453.4884144748576","224004",""
"research","gaussian","mess-4","12","236039","stopped","2000","x","0.0","0.006392760643270642","0.05606756271173259","true","true","PrecisionReached","8000.0","224004",""
"research","gaussian","mess-4","12","236039","stopped","2000","xSquared","1.0","0.947509631710227","0.1354306830248515","true","true","PrecisionReached","2650.7579116175993","224004",""
"research","gaussian","mess-4","12","236039","stopped","2000","y","0.0","0.020928486067199215","0.0590293853198496","true","true","PrecisionReached","7735.9197897566755","224004",""
"research","gaussian","mess-4","12","236039","stopped","2000","ySquared","1.0","1.0159850286796432","0.14534520829741443","true","true","PrecisionReached","2735.3102775152875","224004",""
"research","gaussian","mess-4","13","243958","fixed","12000","event","0.045500263896358334","0.045875","0.007661493905940774","true","true","FixedBudget","20637.953637695387","224004",""
"research","gaussian","mess-4","13","243958","fixed","12000","x","0.0","0.0028942896383529204","0.024084019286849355","true","true","FixedBudget","45532.91032374214","224004",""
"research","gaussian","mess-4","13","243958","fixed","12000","xSquared","1.0","0.9930847042625067","0.057712549964747395","true","true","FixedBudget","16168.09347613507","224004",""
"research","gaussian","mess-4","13","243958","fixed","12000","y","0.0","0.007388644865893024","0.02389725796881609","true","true","FixedBudget","47252.191373817375","224004",""
"research","gaussian","mess-4","13","243958","fixed","12000","ySquared","1.0","1.0082344202494755","0.05709428617026022","true","true","FixedBudget","16427.842338180017","224004",""
"research","gaussian","mess-4","13","243958","stopped","2000","event","0.045500263896358334","0.045","0.018846946696666287","true","true","PrecisionReached","3211.3106640333517","224004",""
"research","gaussian","mess-4","13","243958","stopped","2000","x","0.0","0.024451612537181533","0.059033569192844415","true","true","PrecisionReached","7559.727510893128","224004",""
"research","gaussian","mess-4","13","243958","stopped","2000","xSquared","1.0","0.9931556303289416","0.14050024598536648","true","true","PrecisionReached","2642.1808904579625","224004",""
"research","gaussian","mess-4","13","243958","stopped","2000","y","0.0","-0.0061779317410771695","0.05814693865076929","true","true","PrecisionReached","7786.153534801317","224004",""
"research","gaussian","mess-4","13","243958","stopped","2000","ySquared","1.0","0.9918475941947388","0.14111592879292392","true","true","PrecisionReached","2776.1134264434418","224004",""
"research","gaussian","mess-4","14","251877","fixed","12000","event","0.045500263896358334","0.04629166666666667","0.007651437326617716","true","true","FixedBudget","20306.231494698644","224004",""
"research","gaussian","mess-4","14","251877","fixed","12000","x","0.0","-0.0010816014123494755","0.024161978990976492","true","true","FixedBudget","46396.13757518597","224004",""
"research","gaussian","mess-4","14","251877","fixed","12000","xSquared","1.0","1.0039089673066153","0.058970415580147935","true","true","FixedBudget","15942.750103950119","224004",""
"research","gaussian","mess-4","14","251877","fixed","12000","y","0.0","0.001076186523715661","0.02341880032846858","true","true","FixedBudget","48000.0","224004",""
"research","gaussian","mess-4","14","251877","fixed","12000","ySquared","1.0","0.9918998706352993","0.060350652175084216","true","true","FixedBudget","15984.289283840202","224004",""
"research","gaussian","mess-4","14","251877","stopped","2000","event","0.045500263896358334","0.0465","0.017687335266791476","true","true","PrecisionReached","3761.813623305085","224004",""
"research","gaussian","mess-4","14","251877","stopped","2000","x","0.0","-0.0027581912629042193","0.06089784059517542","true","true","PrecisionReached","7286.249152880815","224004",""
"research","gaussian","mess-4","14","251877","stopped","2000","xSquared","1.0","1.0180347641885978","0.1402751360544916","true","true","PrecisionReached","2953.3243415412608","224004",""
"research","gaussian","mess-4","14","251877","stopped","2000","y","0.0","0.00767255804538558","0.058411608164954894","true","true","PrecisionReached","7713.437757470376","224004",""
"research","gaussian","mess-4","14","251877","stopped","2000","ySquared","1.0","0.9915706180009698","0.1387664117639227","true","true","PrecisionReached","2726.3240814922724","224004",""
"research","gaussian","mess-4","15","259796","fixed","12000","event","0.045500263896358334","0.047","0.007921430616412744","true","true","FixedBudget","18944.655480263253","224004",""
"research","gaussian","mess-4","15","259796","fixed","12000","x","0.0","4.432408824526224E-4","0.02452956755714036","true","true","FixedBudget","46862.34767605463","224004",""
"research","gaussian","mess-4","15","259796","fixed","12000","xSquared","1.0","1.0092870643584244","0.059329173178147586","true","true","FixedBudget","15272.127283161704","224004",""
"research","gaussian","mess-4","15","259796","fixed","12000","y","0.0","-8.159311371906952E-4","0.023509011973351146","true","true","FixedBudget","47882.85598385247","224004",""
"research","gaussian","mess-4","15","259796","fixed","12000","ySquared","1.0","0.9971164750179349","0.05588591386417658","true","true","FixedBudget","16720.528944442034","224004",""
"research","gaussian","mess-4","15","259796","stopped","2000","event","0.045500263896358334","0.045875","0.019940451740941716","true","true","PrecisionReached","3040.7227879417183","224004",""
"research","gaussian","mess-4","15","259796","stopped","2000","x","0.0","0.0010771237413556012","0.06004731699586052","true","true","PrecisionReached","7671.148532612866","224004",""
"research","gaussian","mess-4","15","259796","stopped","2000","xSquared","1.0","1.0098203811253827","0.14736092797655664","true","true","PrecisionReached","2668.0061623794545","224004",""
"research","gaussian","mess-4","15","259796","stopped","2000","y","0.0","-0.003618319504801626","0.06095035352705792","true","true","PrecisionReached","8000.0","224004",""
"research","gaussian","mess-4","15","259796","stopped","2000","ySquared","1.0","1.004978895343462","0.13936751980236345","true","true","PrecisionReached","2814.856383046317","224004",""
"research","gaussian","mess-4","16","267715","fixed","12000","event","0.045500263896358334","0.04729166666666667","0.00759367126536119","true","true","FixedBudget","20736.91738807251","224004",""
"research","gaussian","mess-4","16","267715","fixed","12000","x","0.0","-0.0012360573155685284","0.023746466320328063","true","true","FixedBudget","47913.04548210095","224004",""
"research","gaussian","mess-4","16","267715","fixed","12000","xSquared","1.0","1.0180033661738497","0.05849662444788608","true","true","FixedBudget","16615.577999974466","224004",""
"research","gaussian","mess-4","16","267715","fixed","12000","y","0.0","-0.013607933070762801","0.024142129584942496","false","true","FixedBudget","47878.53340257438","224004",""
"research","gaussian","mess-4","16","267715","fixed","12000","ySquared","1.0","0.9886844672103192","0.05712297843616153","true","true","FixedBudget","15651.872766314795","224004",""
"research","gaussian","mess-4","16","267715","stopped","2000","event","0.045500263896358334","0.044625","0.018721612389298044","true","true","PrecisionReached","3984.6822615538963","224004",""
"research","gaussian","mess-4","16","267715","stopped","2000","x","0.0","0.007016664707814091","0.05783108659741886","true","true","PrecisionReached","7972.196965144987","224004",""
"research","gaussian","mess-4","16","267715","stopped","2000","xSquared","1.0","1.0045546530685379","0.13210884046218874","true","true","PrecisionReached","3242.7667275537924","224004",""
"research","gaussian","mess-4","16","267715","stopped","2000","y","0.0","-0.014199279288434452","0.05874976529287122","true","true","PrecisionReached","8000.0","224004",""
"research","gaussian","mess-4","16","267715","stopped","2000","ySquared","1.0","1.0404901688884605","0.15011564837121272","true","true","PrecisionReached","2394.999179161627","224004",""
"research","gaussian","mess-4","17","275634","fixed","12000","event","0.045500263896358334","0.047875","0.0074975929390722834","true","true","FixedBudget","21520.98962502739","224004",""
"research","gaussian","mess-4","17","275634","fixed","12000","x","0.0","0.00170784300554086","0.023967664100346574","true","true","FixedBudget","47183.97695811223","224004",""
"research","gaussian","mess-4","17","275634","fixed","12000","xSquared","1.0","1.0097192035276463","0.05702574247326068","true","true","FixedBudget","16647.40119183307","224004",""
"research","gaussian","mess-4","17","275634","fixed","12000","y","0.0","-0.004540957476240982","0.024396739330887998","true","true","FixedBudget","46662.58015295865","224004",""
"research","gaussian","mess-4","17","275634","fixed","12000","ySquared","1.0","1.0213737141509631","0.05925421585378869","true","true","FixedBudget","15761.061665702804","224004",""
"research","gaussian","mess-4","17","275634","stopped","2000","event","0.045500263896358334","0.053125","0.019115423614071512","true","true","PrecisionReached","3654.030603249582","224004",""
"research","gaussian","mess-4","17","275634","stopped","2000","x","0.0","-0.013478981627594977","0.06296445054539328","true","true","PrecisionReached","7703.388054099556","224004",""
"research","gaussian","mess-4","17","275634","stopped","2000","xSquared","1.0","1.0419015904651732","0.14984388132067314","true","true","PrecisionReached","2745.459762855778","224004",""
"research","gaussian","mess-4","17","275634","stopped","2000","y","0.0","-0.009302868933569304","0.06091107619870391","true","true","PrecisionReached","7469.320987818017","224004",""
"research","gaussian","mess-4","17","275634","stopped","2000","ySquared","1.0","1.034952286530405","0.1458236426328408","true","true","PrecisionReached","2587.163981128597","224004",""
"research","gaussian","mess-4","18","283553","fixed","12000","event","0.045500263896358334","0.045020833333333336","0.00739828627212075","true","true","FixedBudget","20847.23015694183","224004",""
"research","gaussian","mess-4","18","283553","fixed","12000","x","0.0","0.006111616306479384","0.024081610599531473","true","true","FixedBudget","47419.77960856327","224004",""
"research","gaussian","mess-4","18","283553","fixed","12000","xSquared","1.0","0.9885915647165631","0.05636282722688889","true","true","FixedBudget","16207.35271468855","224004",""
"research","gaussian","mess-4","18","283553","fixed","12000","y","0.0","-0.0015423290167237425","0.023597242601341377","true","true","FixedBudget","48000.0","224004",""
"research","gaussian","mess-4","18","283553","fixed","12000","ySquared","1.0","1.0070744546489245","0.05976154628079406","true","true","FixedBudget","16298.890567992332","224004",""
"research","gaussian","mess-4","18","283553","stopped","2000","event","0.045500263896358334","0.043875","0.017217593766782325","true","true","PrecisionReached","4010.2023649283933","224004",""
"research","gaussian","mess-4","18","283553","stopped","2000","x","0.0","0.02026996378968393","0.056164814997829784","true","true","PrecisionReached","7967.055944537701","224004",""
"research","gaussian","mess-4","18","283553","stopped","2000","xSquared","1.0","0.9472541302045794","0.1420093951292283","true","true","PrecisionReached","2642.2196004660186","224004",""
"research","gaussian","mess-4","18","283553","stopped","2000","y","0.0","-0.004349725819270817","0.0580146817734247","true","true","PrecisionReached","8000.0","224004",""
"research","gaussian","mess-4","18","283553","stopped","2000","ySquared","1.0","1.014437920356883","0.14753449115467537","true","true","PrecisionReached","2535.3904924497647","224004",""
"research","gaussian","mess-4","19","291472","fixed","12000","event","0.045500263896358334","0.044208333333333336","0.007595909035142452","true","true","FixedBudget","20612.843657399946","224004",""
"research","gaussian","mess-4","19","291472","fixed","12000","x","0.0","-0.0016779713116412687","0.023485880199218868","true","true","FixedBudget","47614.052481158935","224004",""
"research","gaussian","mess-4","19","291472","fixed","12000","xSquared","1.0","0.9895707870001056","0.05639872351049275","true","true","FixedBudget","15909.500978677464","224004",""
"research","gaussian","mess-4","19","291472","fixed","12000","y","0.0","0.0019074292268150828","0.024324400711913333","true","true","FixedBudget","47760.47152390292","224004",""
"research","gaussian","mess-4","19","291472","fixed","12000","ySquared","1.0","0.9904175785250393","0.055149773136699075","true","true","FixedBudget","16782.82181421824","224004",""
"research","gaussian","mess-4","19","291472","stopped","2000","event","0.045500263896358334","0.04875","0.0192550469747072","true","true","PrecisionReached","3466.123185291072","224004",""
"research","gaussian","mess-4","19","291472","stopped","2000","x","0.0","-0.0018946997833948487","0.058307803733366435","true","true","PrecisionReached","8000.0","224004",""
"research","gaussian","mess-4","19","291472","stopped","2000","xSquared","1.0","1.0246992876886645","0.14637746455902204","true","true","PrecisionReached","2559.386953621757","224004",""
"research","gaussian","mess-4","19","291472","stopped","2000","y","0.0","0.0018136235660770605","0.05731313009515956","true","true","PrecisionReached","8000.0","224004",""
"research","gaussian","mess-4","19","291472","stopped","2000","ySquared","1.0","0.9900365872441588","0.1352657099574694","true","true","PrecisionReached","2794.1525649910886","224004",""
"research","gaussian","mess-4","20","299391","fixed","12000","event","0.045500263896358334","0.04585416666666667","0.0078107348152806726","true","true","FixedBudget","20807.093404854804","224004",""
"research","gaussian","mess-4","20","299391","fixed","12000","x","0.0","-0.005708083818335763","0.02422381536018293","true","true","FixedBudget","48000.0","224004",""
"research","gaussian","mess-4","20","299391","fixed","12000","xSquared","1.0","1.0005136877010425","0.05743318060756916","true","true","FixedBudget","16636.851312356186","224004",""
"research","gaussian","mess-4","20","299391","fixed","12000","y","0.0","-1.721507249148324E-4","0.02351675108060038","true","true","FixedBudget","47938.01395225628","224004",""
"research","gaussian","mess-4","20","299391","fixed","12000","ySquared","1.0","0.9989218125754025","0.05806895499046081","true","true","FixedBudget","16063.14971743635","224004",""
"research","gaussian","mess-4","20","299391","stopped","2000","event","0.045500263896358334","0.043125","0.018290534203833836","true","true","PrecisionReached","3658.9095418123793","224004",""
"research","gaussian","mess-4","20","299391","stopped","2000","x","0.0","-9.189243313577067E-4","0.05791553745991238","true","true","PrecisionReached","7769.131391534052","224004",""
"research","gaussian","mess-4","20","299391","stopped","2000","xSquared","1.0","0.9817809049959421","0.1379957359225565","true","true","PrecisionReached","2934.092790285423","224004",""
"research","gaussian","mess-4","20","299391","stopped","2000","y","0.0","-0.006921601093336449","0.05771555932520951","true","true","PrecisionReached","7852.177582741094","224004",""
"research","gaussian","mess-4","20","299391","stopped","2000","ySquared","1.0","0.9854817890909348","0.13629543304563546","true","true","PrecisionReached","2702.764825074568","224004",""
"research","gaussian","mess-4","21","307310","fixed","12000","event","0.045500263896358334","0.046354166666666696","0.0075354445297866075","true","true","FixedBudget","20661.47573012372","224004",""
"research","gaussian","mess-4","21","307310","fixed","12000","x","0.0","-0.0074699112477922824","0.02478975594263648","true","true","FixedBudget","48000.0","224004",""
"research","gaussian","mess-4","21","307310","fixed","12000","xSquared","1.0","0.9965139362272764","0.058565154497170605","true","true","FixedBudget","15650.768479561948","224004",""
"research","gaussian","mess-4","21","307310","fixed","12000","y","0.0","-5.966290381852757E-4","0.024074509879455253","true","true","FixedBudget","45867.73813687178","224004",""
"research","gaussian","mess-4","21","307310","fixed","12000","ySquared","1.0","1.0016573657610415","0.058663900657547674","true","true","FixedBudget","15487.9756493171","224004",""
"research","gaussian","mess-4","21","307310","stopped","2000","event","0.045500263896358334","0.041000000000000036","0.017506597723533534","true","true","PrecisionReached","3405.237440382324","224004",""
"research","gaussian","mess-4","21","307310","stopped","2000","x","0.0","-0.0022006912229737274","0.06201170068525847","true","true","PrecisionReached","8000.0","224004",""
"research","gaussian","mess-4","21","307310","stopped","2000","xSquared","1.0","0.9602105506324143","0.13456570281805136","true","true","PrecisionReached","2619.0455711536047","224004",""
"research","gaussian","mess-4","21","307310","stopped","2000","y","0.0","-0.026510724263953345","0.057486562257854285","true","true","PrecisionReached","8000.0","224004",""
"research","gaussian","mess-4","21","307310","stopped","2000","ySquared","1.0","0.9967369546207789","0.15214973650692645","true","true","PrecisionReached","2469.203937201162","224004",""
"research","gaussian","mess-4","22","315229","fixed","12000","event","0.045500263896358334","0.04275","0.007149145887347377","true","true","FixedBudget","21960.82920118449","224004",""
"research","gaussian","mess-4","22","315229","fixed","12000","x","0.0","-4.6131348450018095E-4","0.02333645832161775","true","true","FixedBudget","47592.23843178489","224004",""
"research","gaussian","mess-4","22","315229","fixed","12000","xSquared","1.0","0.9765689666627826","0.05515555315921296","true","true","FixedBudget","16774.667033060272","224004",""
"research","gaussian","mess-4","22","315229","fixed","12000","y","0.0","-7.931700063197045E-4","0.023491860211145243","true","true","FixedBudget","47931.65274431292","224004",""
"research","gaussian","mess-4","22","315229","fixed","12000","ySquared","1.0","0.9966766776199177","0.0560085586545342","true","true","FixedBudget","16833.610606227398","224004",""
"research","gaussian","mess-4","22","315229","stopped","2000","event","0.045500263896358334","0.04375","0.017611589524202102","true","true","PrecisionReached","3580.146816042152","224004",""
"research","gaussian","mess-4","22","315229","stopped","2000","x","0.0","-0.011036197599204378","0.057967104292064725","true","true","PrecisionReached","7738.953054952321","224004",""
"research","gaussian","mess-4","22","315229","stopped","2000","xSquared","1.0","0.9798305402397758","0.13296428106042082","true","true","PrecisionReached","2821.121514251418","224004",""
"research","gaussian","mess-4","22","315229","stopped","2000","y","0.0","-0.011059225216283497","0.057104252999088306","true","true","PrecisionReached","8000.0","224004",""
"research","gaussian","mess-4","22","315229","stopped","2000","ySquared","1.0","0.9829524226448195","0.14093486455165732","true","true","PrecisionReached","2738.4817714643746","224004",""
"research","gaussian","mess-4","23","323148","fixed","12000","event","0.045500263896358334","0.04806250000000001","0.007743049884109078","true","true","FixedBudget","20253.21050411391","224004",""
"research","gaussian","mess-4","23","323148","fixed","12000","x","0.0","-0.0015776545351053883","0.02404122623943746","true","true","FixedBudget","46722.465538073295","224004",""
"research","gaussian","mess-4","23","323148","fixed","12000","xSquared","1.0","1.017505691396443","0.05841783098852703","true","true","FixedBudget","16289.478792508999","224004",""
"research","gaussian","mess-4","23","323148","fixed","12000","y","0.0","1.7200415423745952E-4","0.023614081235286664","true","true","FixedBudget","47396.03094339001","224004",""
"research","gaussian","mess-4","23","323148","fixed","12000","ySquared","1.0","0.9958201154478868","0.056456171068701655","true","true","FixedBudget","16314.67107418296","224004",""
"research","gaussian","mess-4","23","323148","stopped","2000","event","0.045500263896358334","0.047374999999999945","0.01839870800074293","true","true","PrecisionReached","3538.7100905244847","224004",""
"research","gaussian","mess-4","23","323148","stopped","2000","x","0.0","0.005210628454868971","0.05970494977811157","true","true","PrecisionReached","7740.58211162193","224004",""
"research","gaussian","mess-4","23","323148","stopped","2000","xSquared","1.0","1.0334659931462284","0.1441634829088333","true","true","PrecisionReached","2650.156530743008","224004",""
"research","gaussian","mess-4","23","323148","stopped","2000","y","0.0","0.0024892577894799484","0.05933051044631038","true","true","PrecisionReached","8000.0","224004",""
"research","gaussian","mess-4","23","323148","stopped","2000","ySquared","1.0","0.9819850169143405","0.1298475827262015","true","true","PrecisionReached","2834.7016734447193","224004",""
"research","gaussian","mess-4","24","331067","fixed","12000","event","0.045500263896358334","0.043125","0.007184085953499856","true","true","FixedBudget","21219.955799951153","224004",""
"research","gaussian","mess-4","24","331067","fixed","12000","x","0.0","-0.005169681855824115","0.02329207482684178","true","true","FixedBudget","47962.192527444415","224004",""
"research","gaussian","mess-4","24","331067","fixed","12000","xSquared","1.0","0.9804467728381235","0.055782978819269295","true","true","FixedBudget","16178.898707885279","224004",""
"research","gaussian","mess-4","24","331067","fixed","12000","y","0.0","0.002024804330975072","0.02357784887014493","true","true","FixedBudget","47689.458400736636","224004",""
"research","gaussian","mess-4","24","331067","fixed","12000","ySquared","1.0","0.9989168376020772","0.059630853368713405","true","true","FixedBudget","15298.299101888972","224004",""
"research","gaussian","mess-4","24","331067","stopped","2000","event","0.045500263896358334","0.0455","0.018313940604491607","true","true","PrecisionReached","3526.131856257904","224004",""
"research","gaussian","mess-4","24","331067","stopped","2000","x","0.0","-0.005781394793517247","0.05927281003354179","true","true","PrecisionReached","7892.7654265645415","224004",""
"research","gaussian","mess-4","24","331067","stopped","2000","xSquared","1.0","1.0187585335440412","0.13787289352315552","true","true","PrecisionReached","2772.3017403711583","224004",""
"research","gaussian","mess-4","24","331067","stopped","2000","y","0.0","0.013162397088627431","0.05877431602569573","true","true","PrecisionReached","7521.7874150009275","224004",""
"research","gaussian","mess-4","24","331067","stopped","2000","ySquared","1.0","0.9790945569190477","0.1364052014338361","true","true","PrecisionReached","2754.339692916126","224004",""
"research","gaussian","mess-4","25","338986","fixed","12000","event","0.045500263896358334","0.04604166666666667","0.007517775876132673","true","true","FixedBudget","20625.519333318523","224004",""
"research","gaussian","mess-4","25","338986","fixed","12000","x","0.0","0.010980775434674017","0.02522467817281219","true","true","FixedBudget","46612.41271083284","224004",""
"research","gaussian","mess-4","25","338986","fixed","12000","xSquared","1.0","1.0030560275302696","0.05782075593067962","true","true","FixedBudget","16077.006775278776","224004",""
"research","gaussian","mess-4","25","338986","fixed","12000","y","0.0","-7.098026047337169E-4","0.02672413639634989","true","true","FixedBudget","45036.44282674159","224004",""
"research","gaussian","mess-4","25","338986","fixed","12000","ySquared","1.0","1.0063924145246252","0.06050110613634893","true","true","FixedBudget","14895.484864439331","224004",""
"research","gaussian","mess-4","25","338986","stopped","2000","event","0.045500263896358334","0.041125","0.01664350783034238","true","true","PrecisionReached","3778.562568900954","224004",""
"research","gaussian","mess-4","25","338986","stopped","2000","x","0.0","0.010960518594176571","0.05961018105969652","true","true","PrecisionReached","8000.0","224004",""
"research","gaussian","mess-4","25","338986","stopped","2000","xSquared","1.0","0.9812648631907419","0.134049858417044","true","true","PrecisionReached","2826.78338616522","224004",""
"research","gaussian","mess-4","25","338986","stopped","2000","y","0.0","0.010045143251150856","0.058375787413688936","true","true","PrecisionReached","8000.0","224004",""
"research","gaussian","mess-4","25","338986","stopped","2000","ySquared","1.0","1.0038085665397611","0.14861581476457908","true","true","PrecisionReached","2331.7124896667415","224004",""
"research","gaussian","mess-4","26","346905","fixed","12000","event","0.045500263896358334","0.04772916666666667","0.007761488583144831","true","true","FixedBudget","20024.30662940688","224004",""
"research","gaussian","mess-4","26","346905","fixed","12000","x","0.0","-0.005152485828084197","0.025132101171323317","true","true","FixedBudget","47784.99310715122","224004",""
"research","gaussian","mess-4","26","346905","fixed","12000","xSquared","1.0","1.0114762682621081","0.059902060248214026","true","true","FixedBudget","15586.232613611399","224004",""
"research","gaussian","mess-4","26","346905","fixed","12000","y","0.0","-0.0015139205171892378","0.02342078344545667","true","true","FixedBudget","48000.0","224004",""
"research","gaussian","mess-4","26","346905","fixed","12000","ySquared","1.0","0.9920690005910449","0.0584930509842647","true","true","FixedBudget","16142.383611388004","224004",""
"research","gaussian","mess-4","26","346905","stopped","2000","event","0.045500263896358334","0.051875","0.021598135538365038","true","true","PrecisionReached","2798.5922301596293","224004",""
"research","gaussian","mess-4","26","346905","stopped","2000","x","0.0","-0.003925462041865835","0.05780530148113938","true","true","PrecisionReached","8000.0","224004",""
"research","gaussian","mess-4","26","346905","stopped","2000","xSquared","1.0","1.0071253609585749","0.16125962800708143","true","true","PrecisionReached","2276.0334419487695","224004",""
"research","gaussian","mess-4","26","346905","stopped","2000","y","0.0","-0.005331039161060591","0.05790534557288337","true","true","PrecisionReached","8000.0","224004",""
"research","gaussian","mess-4","26","346905","stopped","2000","ySquared","1.0","1.010627414623996","0.13976254588093573","true","true","PrecisionReached","2900.0477748829544","224004",""
"research","gaussian","mess-4","27","354824","fixed","12000","event","0.045500263896358334","0.04641666666666667","0.007481199356752604","true","true","FixedBudget","21124.270703880942","224004",""
"research","gaussian","mess-4","27","354824","fixed","12000","x","0.0","-0.011811272622210378","0.02374650676398293","true","true","FixedBudget","48000.0","224004",""
"research","gaussian","mess-4","27","354824","fixed","12000","xSquared","1.0","1.007397169043006","0.056809245396223985","true","true","FixedBudget","16562.996708032006","224004",""
"research","gaussian","mess-4","27","354824","fixed","12000","y","0.0","0.002611329834125986","0.023621383680163196","true","true","FixedBudget","47136.35387272535","224004",""
"research","gaussian","mess-4","27","354824","fixed","12000","ySquared","1.0","0.990983545474106","0.060167756258275286","true","true","FixedBudget","16169.081332459236","224004",""
"research","gaussian","mess-4","27","354824","stopped","2000","event","0.045500263896358334","0.044625","0.017107201882203323","true","true","PrecisionReached","3866.7187234442254","224004",""
"research","gaussian","mess-4","27","354824","stopped","2000","x","0.0","-0.014493628019701443","0.057593710411573684","true","true","PrecisionReached","8000.0","224004",""
"research","gaussian","mess-4","27","354824","stopped","2000","xSquared","1.0","0.9999606413290268","0.13246655894187","true","true","PrecisionReached","2969.5586067227114","224004",""
"research","gaussian","mess-4","27","354824","stopped","2000","y","0.0","-0.004440132463996105","0.05799619655226401","true","true","PrecisionReached","8000.0","224004",""
"research","gaussian","mess-4","27","354824","stopped","2000","ySquared","1.0","1.0137923692467203","0.14792739018731366","true","true","PrecisionReached","2643.845358229653","224004",""
"research","gaussian","mess-4","28","362743","fixed","12000","event","0.045500263896358334","0.0460625","0.00759636372919866","true","true","FixedBudget","20209.66535485046","224004",""
"research","gaussian","mess-4","28","362743","fixed","12000","x","0.0","0.0013409801574881808","0.024138862569825358","true","true","FixedBudget","46170.658100579814","224004",""
"research","gaussian","mess-4","28","362743","fixed","12000","xSquared","1.0","1.012482827225654","0.05866610247763097","true","true","FixedBudget","15816.168527393038","224004",""
"research","gaussian","mess-4","28","362743","fixed","12000","y","0.0","0.003438504519569799","0.023610073985729785","true","true","FixedBudget","47572.68365374976","224004",""
"research","gaussian","mess-4","28","362743","fixed","12000","ySquared","1.0","0.9992042852983211","0.057746589371216434","true","true","FixedBudget","16236.132809764513","224004",""
"research","gaussian","mess-4","28","362743","stopped","2000","event","0.045500263896358334","0.04625","0.020543394270124315","true","true","PrecisionReached","2774.280225025534","224004",""
"research","gaussian","mess-4","28","362743","stopped","2000","x","0.0","-0.01675335149887558","0.06052783133464386","true","true","PrecisionReached","7614.339667106472","224004",""
"research","gaussian","mess-4","28","362743","stopped","2000","xSquared","1.0","1.028329366298979","0.164159223781114","true","true","PrecisionReached","2258.890958939364","224004",""
"research","gaussian","mess-4","28","362743","stopped","2000","y","0.0","0.007589663209446262","0.0597764939915985","true","true","PrecisionReached","7690.428449644051","224004",""
"research","gaussian","mess-4","28","362743","stopped","2000","ySquared","1.0","0.9891334774240697","0.14278455486939454","true","true","PrecisionReached","2670.476764295267","224004",""
"research","gaussian","mess-4","29","370662","fixed","12000","event","0.045500263896358334","0.044458333333333336","0.007424597374833941","true","true","FixedBudget","20524.430603609002","224004",""
"research","gaussian","mess-4","29","370662","fixed","12000","x","0.0","-0.0039869348273360306","0.0238767574413988","true","true","FixedBudget","47949.05156798823","224004",""
"research","gaussian","mess-4","29","370662","fixed","12000","xSquared","1.0","0.9892192017077596","0.0572654075740883","true","true","FixedBudget","16040.466044045736","224004",""
"research","gaussian","mess-4","29","370662","fixed","12000","y","0.0","0.0059020658867015964","0.02367912642622391","true","true","FixedBudget","48000.0","224004",""
"research","gaussian","mess-4","29","370662","fixed","12000","ySquared","1.0","1.0141082358295426","0.06012712021835182","true","true","FixedBudget","15281.107651169963","224004",""
"research","gaussian","mess-4","29","370662","stopped","2000","event","0.045500263896358334","0.042","0.016322477441448945","true","true","PrecisionReached","4008.58489870952","224004",""
"research","gaussian","mess-4","29","370662","stopped","2000","x","0.0","9.968405915536938E-4","0.056787506535198234","true","true","PrecisionReached","7936.701913538864","224004",""
"research","gaussian","mess-4","29","370662","stopped","2000","xSquared","1.0","0.96221883913304","0.12541964647036732","true","true","PrecisionReached","2976.692547153792","224004",""
"research","gaussian","mess-4","29","370662","stopped","2000","y","0.0","0.009984842535569999","0.05904784093463029","true","true","PrecisionReached","8000.0","224004",""
"research","gaussian","mess-4","29","370662","stopped","2000","ySquared","1.0","1.0509711417281202","0.16005406342230874","true","true","PrecisionReached","2498.7418045303684","224004",""
"research","gaussian","mess-8","0","141011","fixed","12000","event","0.045500263896358334","0.043708333333333335","0.007262700102486474","true","true","FixedBudget","21031.08087970724","448004",""
"research","gaussian","mess-8","0","141011","fixed","12000","x","0.0","0.0032659387774963966","0.023458947028288497","true","true","FixedBudget","47252.123831150115","448004",""
"research","gaussian","mess-8","0","141011","fixed","12000","xSquared","1.0","0.9798055430898022","0.05522493490876859","true","true","FixedBudget","16893.702722245725","448004",""
"research","gaussian","mess-8","0","141011","fixed","12000","y","0.0","-6.411123019525178E-4","0.024107680096506427","true","true","FixedBudget","48000.0","448004",""
"research","gaussian","mess-8","0","141011","fixed","12000","ySquared","1.0","0.9999778639114196","0.056807806765754754","true","true","FixedBudget","16232.072123250964","448004",""
"research","gaussian","mess-8","0","141011","stopped","2000","event","0.045500263896358334","0.042","0.017974378584888286","true","true","PrecisionReached","3305.6393573351443","448004",""
"research","gaussian","mess-8","0","141011","stopped","2000","x","0.0","0.004648552978236159","0.05555117031798947","true","true","PrecisionReached","8000.0","448004",""
"research","gaussian","mess-8","0","141011","stopped","2000","xSquared","1.0","0.9301180273244382","0.13729995174448686","false","true","PrecisionReached","2823.8814306430495","448004",""
"research","gaussian","mess-8","0","141011","stopped","2000","y","0.0","0.007612754084615148","0.05705074779920384","true","true","PrecisionReached","7929.996832112336","448004",""
"research","gaussian","mess-8","0","141011","stopped","2000","ySquared","1.0","0.9724631165241613","0.13870926085306556","true","true","PrecisionReached","2649.1365460318625","448004",""
"research","gaussian","mess-8","1","148930","fixed","12000","event","0.045500263896358334","0.0480625","0.007946423331246852","true","true","FixedBudget","20016.328589886332","448004",""
"research","gaussian","mess-8","1","148930","fixed","12000","x","0.0","-0.0012140388234180288","0.023661970722953854","true","true","FixedBudget","48000.0","448004",""
"research","gaussian","mess-8","1","148930","fixed","12000","xSquared","1.0","1.0126060001881443","0.05863778594876608","true","true","FixedBudget","16100.070789749607","448004",""
"research","gaussian","mess-8","1","148930","fixed","12000","y","0.0","-0.007571184878384596","0.02365533264405806","true","true","FixedBudget","48000.0","448004",""
"research","gaussian","mess-8","1","148930","fixed","12000","ySquared","1.0","1.0120937809954154","0.06097864859440395","true","true","FixedBudget","15199.274155614596","448004",""
"research","gaussian","mess-8","1","148930","stopped","2000","event","0.045500263896358334","0.04525","0.019028263367040082","true","true","PrecisionReached","3273.543150795833","448004",""
"research","gaussian","mess-8","1","148930","stopped","2000","x","0.0","-0.014459753110993068","0.0578750790857875","true","true","PrecisionReached","8000.0","448004",""
"research","gaussian","mess-8","1","148930","stopped","2000","xSquared","1.0","1.009751897251807","0.13968709525892062","true","true","PrecisionReached","2633.9551300312946","448004",""
"research","gaussian","mess-8","1","148930","stopped","2000","y","0.0","-0.028394394205914164","0.05912293665638454","true","true","PrecisionReached","7846.708943094041","448004",""
"research","gaussian","mess-8","1","148930","stopped","2000","ySquared","1.0","1.034164936228948","0.15966421242944004","true","true","PrecisionReached","2479.1830547450204","448004",""
"research","gaussian","mess-8","2","156849","fixed","12000","event","0.045500263896358334","0.0435","0.007130387648743328","true","true","FixedBudget","21719.566215071252","448004",""
"research","gaussian","mess-8","2","156849","fixed","12000","x","0.0","0.0031959362122150337","0.023404872656276318","true","true","FixedBudget","48000.0","448004",""
"research","gaussian","mess-8","2","156849","fixed","12000","xSquared","1.0","0.9907294696256626","0.055767838061527054","true","true","FixedBudget","16794.01127755409","448004",""
"research","gaussian","mess-8","2","156849","fixed","12000","y","0.0","0.006788781294693624","0.024233556622521538","true","true","FixedBudget","48000.0","448004",""
"research","gaussian","mess-8","2","156849","fixed","12000","ySquared","1.0","1.0088167170173734","0.05957247664296576","true","true","FixedBudget","15829.090372994326","448004",""
"research","gaussian","mess-8","2","156849","stopped","2000","event","0.045500263896358334","0.045625","0.017786701771564637","true","true","PrecisionReached","3653.251118057048","448004",""
"research","gaussian","mess-8","2","156849","stopped","2000","x","0.0","0.009956524371489806","0.057439716805399756","true","true","PrecisionReached","8000.0","448004",""
"research","gaussian","mess-8","2","156849","stopped","2000","xSquared","1.0","0.99451060550992","0.14033637568894275","true","true","PrecisionReached","2727.5566060243377","448004",""
"research","gaussian","mess-8","2","156849","stopped","2000","y","0.0","0.01384401430041704","0.05664955227451471","true","true","PrecisionReached","8000.0","448004",""
"research","gaussian","mess-8","2","156849","stopped","2000","ySquared","1.0","0.9674322391812629","0.12859850965792682","true","true","PrecisionReached","2844.7878860261576","448004",""
"research","gaussian","mess-8","3","164768","fixed","12000","event","0.045500263896358334","0.04627083333333333","0.007689959496744391","true","true","FixedBudget","19805.57607942966","448004",""
"research","gaussian","mess-8","3","164768","fixed","12000","x","0.0","-4.5353421113292214E-4","0.023655454451974214","true","true","FixedBudget","47795.50019836385","448004",""
"research","gaussian","mess-8","3","164768","fixed","12000","xSquared","1.0","1.0063293647223481","0.061254301869586365","true","true","FixedBudget","15222.030914913517","448004",""
"research","gaussian","mess-8","3","164768","fixed","12000","y","0.0","-0.0016315180719803646","0.023788856040823616","true","true","FixedBudget","47216.42786462757","448004",""
"research","gaussian","mess-8","3","164768","fixed","12000","ySquared","1.0","1.0067883786604954","0.061443579293885726","true","true","FixedBudget","15336.950860077333","448004",""
"research","gaussian","mess-8","3","164768","stopped","2000","event","0.045500263896358334","0.045875","0.01875463516377889","true","true","PrecisionReached","3431.6892781630545","448004",""
"research","gaussian","mess-8","3","164768","stopped","2000","x","0.0","0.012477899102668943","0.058899402332120654","true","true","PrecisionReached","8000.0","448004",""
"research","gaussian","mess-8","3","164768","stopped","2000","xSquared","1.0","1.001566151154569","0.15054808733706956","true","true","PrecisionReached","2582.3872305250816","448004",""
"research","gaussian","mess-8","3","164768","stopped","2000","y","0.0","-0.0032345567606388848","0.05907494582126264","true","true","PrecisionReached","7710.349707996666","448004",""
"research","gaussian","mess-8","3","164768","stopped","2000","ySquared","1.0","1.0137638057283047","0.1473057584315747","true","true","PrecisionReached","2650.739396478588","448004",""
"research","gaussian","mess-8","4","172687","fixed","12000","event","0.045500263896358334","0.043333333333333335","0.007215855369645714","true","true","FixedBudget","21130.52552283063","448004",""
"research","gaussian","mess-8","4","172687","fixed","12000","x","0.0","-1.4584386305238617E-4","0.023216585572159387","true","true","FixedBudget","48000.0","448004",""
"research","gaussian","mess-8","4","172687","fixed","12000","xSquared","1.0","0.9748431550874542","0.05479706825550204","true","true","FixedBudget","16639.48994091063","448004",""
"research","gaussian","mess-8","4","172687","fixed","12000","y","0.0","0.0021992865818807328","0.0238000816326064","true","true","FixedBudget","46920.95624166264","448004",""
"research","gaussian","mess-8","4","172687","fixed","12000","ySquared","1.0","1.001434725794939","0.05961691716665608","true","true","FixedBudget","15141.342035296168","448004",""
"research","gaussian","mess-8","4","172687","stopped","2000","event","0.045500263896358334","0.046","0.018401871942981995","true","true","PrecisionReached","3439.779776020107","448004",""
"research","gaussian","mess-8","4","172687","stopped","2000","x","0.0","0.014769981970311763","0.05746036617176982","true","true","PrecisionReached","8000.0","448004",""
"research","gaussian","mess-8","4","172687","stopped","2000","xSquared","1.0","0.9953447285300772","0.14206458718362197","true","true","PrecisionReached","2650.5470935829885","448004",""
"research","gaussian","mess-8","4","172687","stopped","2000","y","0.0","-0.012978315217511582","0.05856854202552816","true","true","PrecisionReached","7675.580824153559","448004",""
"research","gaussian","mess-8","4","172687","stopped","2000","ySquared","1.0","0.9921226687154403","0.14531162499738629","true","true","PrecisionReached","2575.5995725168377","448004",""
"research","gaussian","mess-8","5","180606","fixed","12000","event","0.045500263896358334","0.046125","0.007655629852109832","true","true","FixedBudget","19923.663110482496","448004",""
"research","gaussian","mess-8","5","180606","fixed","12000","x","0.0","0.008891970354352963","0.024326013121565754","true","true","FixedBudget","47564.10753297806","448004",""
"research","gaussian","mess-8","5","180606","fixed","12000","xSquared","1.0","0.9988367873494401","0.05772795865193804","true","true","FixedBudget","15780.116272375002","448004",""
"research","gaussian","mess-8","5","180606","fixed","12000","y","0.0","-7.621932079622806E-4","0.024060240496105986","true","true","FixedBudget","47151.21478132616","448004",""
"research","gaussian","mess-8","5","180606","fixed","12000","ySquared","1.0","1.0043642920416027","0.05901328538724448","true","true","FixedBudget","15387.289161156725","448004",""
"research","gaussian","mess-8","5","180606","stopped","2000","event","0.045500263896358334","0.051375","0.019696434516506208","true","true","PrecisionReached","3414.6937531977287","448004",""
"research","gaussian","mess-8","5","180606","stopped","2000","x","0.0","5.629920691823109E-4","0.06011241214519882","true","true","PrecisionReached","8000.0","448004",""
"research","gaussian","mess-8","5","180606","stopped","2000","xSquared","1.0","1.0077994339442573","0.1534905249934402","true","true","PrecisionReached","2579.2972016425674","448004",""
"research","gaussian","mess-8","5","180606","stopped","2000","y","0.0","-0.006641424805369001","0.05804197308247071","true","true","PrecisionReached","8000.0","448004",""
"research","gaussian","mess-8","5","180606","stopped","2000","ySquared","1.0","1.015417740708723","0.14800947526441446","true","true","PrecisionReached","2433.61018925997","448004",""
"research","gaussian","mess-8","6","188525","fixed","12000","event","0.045500263896358334","0.04777083333333333","0.0077007391162571695","true","true","FixedBudget","20358.3545734196","448004",""
"research","gaussian","mess-8","6","188525","fixed","12000","x","0.0","0.0023552652045100153","0.024400832991575964","true","true","FixedBudget","47789.35034692172","448004",""
"research","gaussian","mess-8","6","188525","fixed","12000","xSquared","1.0","1.0147598142285987","0.05848077818744448","true","true","FixedBudget","15916.60125882791","448004",""
"research","gaussian","mess-8","6","188525","fixed","12000","y","0.0","0.0030565171905942434","0.023713116005500808","true","true","FixedBudget","46728.801880406354","448004",""
"research","gaussian","mess-8","6","188525","fixed","12000","ySquared","1.0","0.9900629241589306","0.058165699458540235","true","true","FixedBudget","16425.75568249917","448004",""
"research","gaussian","mess-8","6","188525","stopped","2000","event","0.045500263896358334","0.0485","0.01938464609457313","true","true","PrecisionReached","3259.7419305533076","448004",""
"research","gaussian","mess-8","6","188525","stopped","2000","x","0.0","-0.0133901237871894","0.059093386749985974","true","true","PrecisionReached","7708.823733353618","448004",""
"research","gaussian","mess-8","6","188525","stopped","2000","xSquared","1.0","1.0143648875256592","0.15345216770062522","true","true","PrecisionReached","2471.983309625472","448004",""
"research","gaussian","mess-8","6","188525","stopped","2000","y","0.0","-0.00564411747122634","0.05654027989220652","true","true","PrecisionReached","7865.347968528618","448004",""
"research","gaussian","mess-8","6","188525","stopped","2000","ySquared","1.0","0.9473272121921184","0.12272181670913845","true","true","PrecisionReached","3022.7880812101366","448004",""
"research","gaussian","mess-8","7","196444","fixed","12000","event","0.045500263896358334","0.045145833333333336","0.007618515998637377","true","true","FixedBudget","20514.01346584136","448004",""
"research","gaussian","mess-8","7","196444","fixed","12000","x","0.0","-0.0014639352862542143","0.023842490201006986","true","true","FixedBudget","46616.188942284796","448004",""
"research","gaussian","mess-8","7","196444","fixed","12000","xSquared","1.0","0.998476217033599","0.05993515417629825","true","true","FixedBudget","15766.403043475895","448004",""
"research","gaussian","mess-8","7","196444","fixed","12000","y","0.0","-2.806665101579009E-4","0.023518514274198564","true","true","FixedBudget","47620.491694113385","448004",""
"research","gaussian","mess-8","7","196444","fixed","12000","ySquared","1.0","0.992454206675901","0.05625217643693937","true","true","FixedBudget","16533.741581357957","448004",""
"research","gaussian","mess-8","7","196444","stopped","2000","event","0.045500263896358334","0.052875","0.02152568508076684","true","true","PrecisionReached","2868.7463925306342","448004",""
"research","gaussian","mess-8","7","196444","stopped","2000","x","0.0","-0.016875373922988657","0.05912218828881035","true","true","PrecisionReached","8000.0","448004",""
"research","gaussian","mess-8","7","196444","stopped","2000","xSquared","1.0","1.0538042011026956","0.16863837278318367","true","true","PrecisionReached","2192.5185189996923","448004",""
"research","gaussian","mess-8","7","196444","stopped","2000","y","0.0","-0.011681474064565434","0.060007519210694055","true","true","PrecisionReached","7960.05458689767","448004",""
"research","gaussian","mess-8","7","196444","stopped","2000","ySquared","1.0","1.0079958183306093","0.13990876789513781","true","true","PrecisionReached","2789.2528280092224","448004",""
"research","gaussian","mess-8","8","204363","fixed","12000","event","0.045500263896358334","0.044333333333333336","0.007586295314581092","true","true","FixedBudget","20099.906215043276","448004",""
"research","gaussian","mess-8","8","204363","fixed","12000","x","0.0","0.009624534370708593","0.02348393965095839","true","true","FixedBudget","48000.0","448004",""
"research","gaussian","mess-8","8","204363","fixed","12000","xSquared","1.0","0.9975169447226366","0.056558527720505465","true","true","FixedBudget","16292.01379772918","448004",""
"research","gaussian","mess-8","8","204363","fixed","12000","y","0.0","-8.849848988037867E-5","0.023484938687575393","true","true","FixedBudget","48000.0","448004",""
"research","gaussian","mess-8","8","204363","fixed","12000","ySquared","1.0","0.9975091860918484","0.056249163341624886","true","true","FixedBudget","16799.613300278594","448004",""
"research","gaussian","mess-8","8","204363","stopped","2000","event","0.045500263896358334","0.0415","0.01630051966036808","true","true","PrecisionReached","3973.6147104429815","448004",""
"research","gaussian","mess-8","8","204363","stopped","2000","x","0.0","0.02978659529294264","0.058832253501814286","false","true","PrecisionReached","7534.648879295584","448004",""
"research","gaussian","mess-8","8","204363","stopped","2000","xSquared","1.0","0.9834166212093071","0.1297792628027581","true","true","PrecisionReached","2782.35068950731","448004",""
"research","gaussian","mess-8","8","204363","stopped","2000","y","0.0","0.017678308384350278","0.058127840878945965","true","true","PrecisionReached","8000.0","448004",""
"research","gaussian","mess-8","8","204363","stopped","2000","ySquared","1.0","0.9905031556644827","0.1429017061962127","true","true","PrecisionReached","2849.2036094164455","448004",""
"research","gaussian","mess-8","9","212282","fixed","12000","event","0.045500263896358334","0.04620833333333333","0.007858147410446733","true","true","FixedBudget","19093.11332903536","448004",""
"research","gaussian","mess-8","9","212282","fixed","12000","x","0.0","-0.0016186009177833194","0.023891142205087403","true","true","FixedBudget","46880.08513931033","448004",""
"research","gaussian","mess-8","9","212282","fixed","12000","xSquared","1.0","1.0082312367031263","0.05974526964519454","true","true","FixedBudget","14935.350822233302","448004",""
"research","gaussian","mess-8","9","212282","fixed","12000","y","0.0","-0.0012897071197474075","0.025077980278475423","true","true","FixedBudget","47693.36427889128","448004",""
"research","gaussian","mess-8","9","212282","fixed","12000","ySquared","1.0","1.0080755158284243","0.06280139081028209","true","true","FixedBudget","15350.877643055746","448004",""
"research","gaussian","mess-8","9","212282","stopped","2000","event","0.045500263896358334","0.04525","0.01950899279125425","true","true","PrecisionReached","3012.9157991381926","448004",""
"research","gaussian","mess-8","9","212282","stopped","2000","x","0.0","0.012924450293450684","0.05813759743130788","true","true","PrecisionReached","7845.56386343456","448004",""
"research","gaussian","mess-8","9","212282","stopped","2000","xSquared","1.0","0.9992231554200327","0.14424870940945916","true","true","PrecisionReached","2460.3447906112683","448004",""
"research","gaussian","mess-8","9","212282","stopped","2000","y","0.0","8.603149698845902E-4","0.06094263908488789","true","true","PrecisionReached","7691.043700358023","448004",""
"research","gaussian","mess-8","9","212282","stopped","2000","ySquared","1.0","0.9980437247242061","0.15044621532896327","true","true","PrecisionReached","2395.9651280265994","448004",""
"research","gaussian","mess-8","10","220201","fixed","12000","event","0.045500263896358334","0.045","0.007477416589587077","true","true","FixedBudget","20589.4439524473","448004",""
"research","gaussian","mess-8","10","220201","fixed","12000","x","0.0","-0.01009546267470715","0.023898170982953253","true","true","FixedBudget","46378.90119359707","448004",""
"research","gaussian","mess-8","10","220201","fixed","12000","xSquared","1.0","0.9981387867509456","0.05751148035680203","true","true","FixedBudget","15917.29382538021","448004",""
"research","gaussian","mess-8","10","220201","fixed","12000","y","0.0","0.00922133942479153","0.023333737612112892","true","true","FixedBudget","48000.0","448004",""
"research","gaussian","mess-8","10","220201","fixed","12000","ySquared","1.0","0.9847912023842424","0.05692894483794108","true","true","FixedBudget","16514.234562159094","448004",""
"research","gaussian","mess-8","10","220201","stopped","2000","event","0.045500263896358334","0.048125","0.019179750387338216","true","true","PrecisionReached","3313.4647666429264","448004",""
"research","gaussian","mess-8","10","220201","stopped","2000","x","0.0","0.006094677377041474","0.06168967042276769","true","true","PrecisionReached","7613.354018525641","448004",""
"research","gaussian","mess-8","10","220201","stopped","2000","xSquared","1.0","1.0151737835913341","0.14885688851215342","true","true","PrecisionReached","2460.1885955527273","448004",""
"research","gaussian","mess-8","10","220201","stopped","2000","y","0.0","0.012657083463889052","0.058731550588982044","true","true","PrecisionReached","7611.881856529292","448004",""
"research","gaussian","mess-8","10","220201","stopped","2000","ySquared","1.0","0.9893657240940272","0.13980859163898665","true","true","PrecisionReached","2699.608172937709","448004",""
"research","gaussian","mess-8","11","228120","fixed","12000","event","0.045500263896358334","0.04722916666666667","0.007604385473672667","true","true","FixedBudget","20652.550266320617","448004",""
"research","gaussian","mess-8","11","228120","fixed","12000","x","0.0","-0.004632143752189233","0.02439447973346444","true","true","FixedBudget","45586.48731625619","448004",""
"research","gaussian","mess-8","11","228120","fixed","12000","xSquared","1.0","1.012265693988762","0.05898591718239568","true","true","FixedBudget","15754.619829894642","448004",""
"research","gaussian","mess-8","11","228120","fixed","12000","y","0.0","0.005545107370569735","0.02512422790159898","true","true","FixedBudget","47072.26183621911","448004",""
"research","gaussian","mess-8","11","228120","fixed","12000","ySquared","1.0","1.0106299017343616","0.05862736676783222","true","true","FixedBudget","15773.229802512049","448004",""
"research","gaussian","mess-8","11","228120","stopped","2000","event","0.045500263896358334","0.050375","0.019316533524219894","true","true","PrecisionReached","3402.963218422698","448004",""
"research","gaussian","mess-8","11","228120","stopped","2000","x","0.0","-0.005676098140338537","0.05924245191682323","true","true","PrecisionReached","7739.12862160297","448004",""
"research","gaussian","mess-8","11","228120","stopped","2000","xSquared","1.0","1.023348003064085","0.1510117303889263","true","true","PrecisionReached","2454.2817825599163","448004",""
"research","gaussian","mess-8","11","228120","stopped","2000","y","0.0","-0.006502347052196045","0.05908715011786003","true","true","PrecisionReached","7749.72321737542","448004",""
"research","gaussian","mess-8","11","228120","stopped","2000","ySquared","1.0","1.0193934805246387","0.14145275795354975","true","true","PrecisionReached","2690.1174653773082","448004",""
"research","gaussian","mess-8","12","236039","fixed","12000","event","0.045500263896358334","0.04845833333333333","0.007725205510309804","true","true","FixedBudget","20505.926594278957","448004",""
"research","gaussian","mess-8","12","236039","fixed","12000","x","0.0","0.005595842731200729","0.023965979018103163","true","true","FixedBudget","47123.50424360099","448004",""
"research","gaussian","mess-8","12","236039","fixed","12000","xSquared","1.0","1.0198541424847922","0.05817288530266044","true","true","FixedBudget","16033.199513599035","448004",""
"research","gaussian","mess-8","12","236039","fixed","12000","y","0.0","-0.002030905225971935","0.02465655497495523","true","true","FixedBudget","46616.51172521857","448004",""
"research","gaussian","mess-8","12","236039","fixed","12000","ySquared","1.0","0.9900828643929461","0.05545431776365676","true","true","FixedBudget","16301.242551754276","448004",""
"research","gaussian","mess-8","12","236039","stopped","2000","event","0.045500263896358334","0.0455","0.018098856489428976","true","true","PrecisionReached","3519.11530802547","448004",""
"research","gaussian","mess-8","12","236039","stopped","2000","x","0.0","0.013135789473385229","0.0576268893172493","true","true","PrecisionReached","7902.901870705081","448004",""
"research","gaussian","mess-8","12","236039","stopped","2000","xSquared","1.0","0.9889271170158862","0.13529717433891317","true","true","PrecisionReached","2869.5057356874768","448004",""
"research","gaussian","mess-8","12","236039","stopped","2000","y","0.0","0.007968230163488021","0.05803651157985138","true","true","PrecisionReached","7894.138601167698","448004",""
"research","gaussian","mess-8","12","236039","stopped","2000","ySquared","1.0","1.0018124685056922","0.14298287226022655","true","true","PrecisionReached","2610.8028197993885","448004",""
"research","gaussian","mess-8","13","243958","fixed","12000","event","0.045500263896358334","0.04677083333333333","0.007528666506252393","true","true","FixedBudget","20875.62606736933","448004",""
"research","gaussian","mess-8","13","243958","fixed","12000","x","0.0","0.005113840864653496","0.02365857649252493","true","true","FixedBudget","48000.0","448004",""
"research","gaussian","mess-8","13","243958","fixed","12000","xSquared","1.0","1.0123401890487502","0.06039271255823038","true","true","FixedBudget","15038.486612548038","448004",""
"research","gaussian","mess-8","13","243958","fixed","12000","y","0.0","0.003486160732584842","0.02357664020537607","true","true","FixedBudget","48000.0","448004",""
"research","gaussian","mess-8","13","243958","fixed","12000","ySquared","1.0","1.0022710571691036","0.059711898034295","true","true","FixedBudget","15274.052763142327","448004",""
"research","gaussian","mess-8","13","243958","stopped","2000","event","0.045500263896358334","0.04675","0.017830212207143276","true","true","PrecisionReached","3720.693074296469","448004",""
"research","gaussian","mess-8","13","243958","stopped","2000","x","0.0","-0.011814120930700334","0.059258619445634673","true","true","PrecisionReached","7708.469822175829","448004",""
"research","gaussian","mess-8","13","243958","stopped","2000","xSquared","1.0","1.0199578591496818","0.1389663944956007","true","true","PrecisionReached","2712.528657617996","448004",""
"research","gaussian","mess-8","13","243958","stopped","2000","y","0.0","0.013114877778312717","0.05725052034190417","true","true","PrecisionReached","8000.0","448004",""
"research","gaussian","mess-8","13","243958","stopped","2000","ySquared","1.0","0.9880434240152364","0.13999840780365308","true","true","PrecisionReached","2746.5326270027854","448004",""
"research","gaussian","mess-8","14","251877","fixed","12000","event","0.045500263896358334","0.04604166666666667","0.007571181336601999","true","true","FixedBudget","20649.14668840987","448004",""
"research","gaussian","mess-8","14","251877","fixed","12000","x","0.0","-0.0013218926649252172","0.0236507675930733","true","true","FixedBudget","47919.498642614206","448004",""
"research","gaussian","mess-8","14","251877","fixed","12000","xSquared","1.0","0.9999165741488351","0.05922011098169607","true","true","FixedBudget","15221.040681759103","448004",""
"research","gaussian","mess-8","14","251877","fixed","12000","y","0.0","-0.001418293600084164","0.02365756058967362","true","true","FixedBudget","47177.5605705476","448004",""
"research","gaussian","mess-8","14","251877","fixed","12000","ySquared","1.0","0.9948854574345078","0.058033040339292005","true","true","FixedBudget","16337.023096042809","448004",""
"research","gaussian","mess-8","14","251877","stopped","2000","event","0.045500263896358334","0.051625","0.020179591411007076","true","true","PrecisionReached","3191.2723200563714","448004",""
"research","gaussian","mess-8","14","251877","stopped","2000","x","0.0","-0.020257502303436592","0.05910004558274852","true","true","PrecisionReached","8000.0","448004",""
"research","gaussian","mess-8","14","251877","stopped","2000","xSquared","1.0","1.053140799432076","0.1600697400841999","true","true","PrecisionReached","2406.126974459356","448004",""
"research","gaussian","mess-8","14","251877","stopped","2000","y","0.0","0.0026361266180961462","0.059539222073754464","true","true","PrecisionReached","8000.0","448004",""
"research","gaussian","mess-8","14","251877","stopped","2000","ySquared","1.0","1.0684413388514462","0.15557378699780136","true","true","PrecisionReached","2484.17162826318","448004",""
"research","gaussian","mess-8","15","259796","fixed","12000","event","0.045500263896358334","0.04849999999999999","0.00802894231558157","true","true","FixedBudget","19893.012114208897","448004",""
"research","gaussian","mess-8","15","259796","fixed","12000","x","0.0","-0.0036280307966891634","0.024086459036837992","true","true","FixedBudget","48000.0","448004",""
"research","gaussian","mess-8","15","259796","fixed","12000","xSquared","1.0","1.0227027658500134","0.061267026624930804","true","true","FixedBudget","15040.687029312438","448004",""
"research","gaussian","mess-8","15","259796","fixed","12000","y","0.0","0.0043935553688198015","0.024134645389763044","true","true","FixedBudget","48000.0","448004",""
"research","gaussian","mess-8","15","259796","fixed","12000","ySquared","1.0","1.0321475026753997","0.06176934571128135","false","true","FixedBudget","15155.08891361238","448004",""
"research","gaussian","mess-8","15","259796","stopped","2000","event","0.045500263896358334","0.04662500000000003","0.01953760041265356","true","true","PrecisionReached","3090.925936219864","448004",""
"research","gaussian","mess-8","15","259796","stopped","2000","x","0.0","0.007826741489374456","0.058002965597706874","true","true","PrecisionReached","7917.516407925688","448004",""
"research","gaussian","mess-8","15","259796","stopped","2000","xSquared","1.0","1.0036156804644971","0.14267587478743085","true","true","PrecisionReached","2563.209476743869","448004",""
"research","gaussian","mess-8","15","259796","stopped","2000","y","0.0","0.02316933730087606","0.06475607764729886","true","true","PrecisionReached","7171.848293090464","448004",""
"research","gaussian","mess-8","15","259796","stopped","2000","ySquared","1.0","1.0222469915351475","0.1459297063797354","true","true","PrecisionReached","2527.004935863894","448004",""
"research","gaussian","mess-8","16","267715","fixed","12000","event","0.045500263896358334","0.04745833333333333","0.007562595566773147","true","true","FixedBudget","20977.701971963408","448004",""
"research","gaussian","mess-8","16","267715","fixed","12000","x","0.0","0.0028955556705687613","0.024053164186066876","true","true","FixedBudget","48000.0","448004",""
"research","gaussian","mess-8","16","267715","fixed","12000","xSquared","1.0","1.0097405764472314","0.0574689342896664","true","true","FixedBudget","16236.137850159159","448004",""
"research","gaussian","mess-8","16","267715","fixed","12000","y","0.0","-0.005198902138423889","0.023342437864167374","true","true","FixedBudget","48000.0","448004",""
"research","gaussian","mess-8","16","267715","fixed","12000","ySquared","1.0","0.9854676527753046","0.05684406397234761","true","true","FixedBudget","16189.46563643359","448004",""
"research","gaussian","mess-8","16","267715","stopped","2000","event","0.045500263896358334","0.045125","0.017339982409718197","true","true","PrecisionReached","3803.7754707288946","448004",""
"research","gaussian","mess-8","16","267715","stopped","2000","x","0.0","-9.023714887974599E-4","0.057384147923108704","true","true","PrecisionReached","8000.0","448004",""
"research","gaussian","mess-8","16","267715","stopped","2000","xSquared","1.0","0.9924891719075919","0.13663248972784411","true","true","PrecisionReached","2796.577203152591","448004",""
"research","gaussian","mess-8","16","267715","stopped","2000","y","0.0","-0.008511552305434544","0.05727373032266072","true","true","PrecisionReached","8000.0","448004",""
"research","gaussian","mess-8","16","267715","stopped","2000","ySquared","1.0","0.9887450204237662","0.13091230911169632","true","true","PrecisionReached","2982.0508535901668","448004",""
"research","gaussian","mess-8","17","275634","fixed","12000","event","0.045500263896358334","0.04729166666666667","0.008161528483107907","true","true","FixedBudget","20838.70165789424","448004",""
"research","gaussian","mess-8","17","275634","fixed","12000","x","0.0","0.001077120111398877","0.0241036277106694","true","true","FixedBudget","46649.421094740006","448004",""
"research","gaussian","mess-8","17","275634","fixed","12000","xSquared","1.0","1.0211942844772852","0.061585244954440434","true","true","FixedBudget","15767.307858472954","448004",""
"research","gaussian","mess-8","17","275634","fixed","12000","y","0.0","0.0019209522176028698","0.023527943463197025","true","true","FixedBudget","47953.085535681246","448004",""
"research","gaussian","mess-8","17","275634","fixed","12000","ySquared","1.0","1.0001908949968934","0.057551153819410915","true","true","FixedBudget","16549.5135076844","448004",""
"research","gaussian","mess-8","17","275634","stopped","2000","event","0.045500263896358334","0.04775","0.019441498441878386","true","true","PrecisionReached","3193.1059438555426","448004",""
"research","gaussian","mess-8","17","275634","stopped","2000","x","0.0","0.007062862157695471","0.06185964858754038","true","true","PrecisionReached","7771.825268429792","448004",""
"research","gaussian","mess-8","17","275634","stopped","2000","xSquared","1.0","1.0397998322815207","0.14700042017101667","true","true","PrecisionReached","2584.829656768275","448004",""
"research","gaussian","mess-8","17","275634","stopped","2000","y","0.0","-0.0037356888792552355","0.05892725924554329","true","true","PrecisionReached","8000.0","448004",""
"research","gaussian","mess-8","17","275634","stopped","2000","ySquared","1.0","1.0465978098724034","0.15566004192218935","true","true","PrecisionReached","2667.759768435782","448004",""
"research","gaussian","mess-8","18","283553","fixed","12000","event","0.045500263896358334","0.042895833333333334","0.007365851973793395","true","true","FixedBudget","20083.13653016105","448004",""
"research","gaussian","mess-8","18","283553","fixed","12000","x","0.0","-0.004138485452014118","0.023241531623650107","true","true","FixedBudget","48000.0","448004",""
"research","gaussian","mess-8","18","283553","fixed","12000","xSquared","1.0","0.976956310011857","0.05738670280685663","true","true","FixedBudget","15429.71756199456","448004",""
"research","gaussian","mess-8","18","283553","fixed","12000","y","0.0","-0.0022707675770332614","0.023998793838626808","true","true","FixedBudget","46299.85616627478","448004",""
"research","gaussian","mess-8","18","283553","fixed","12000","ySquared","1.0","0.9928867336578086","0.05502625680411744","true","true","FixedBudget","16697.59135412233","448004",""
"research","gaussian","mess-8","18","283553","stopped","2000","event","0.045500263896358334","0.045","0.017750917963417","true","true","PrecisionReached","3620.117711610563","448004",""
"research","gaussian","mess-8","18","283553","stopped","2000","x","0.0","-0.020697718679051347","0.06288060884919223","true","true","PrecisionReached","7681.520998208388","448004",""
"research","gaussian","mess-8","18","283553","stopped","2000","xSquared","1.0","0.9727538789691973","0.1441456194709059","true","true","PrecisionReached","2462.3278237753875","448004",""
"research","gaussian","mess-8","18","283553","stopped","2000","y","0.0","-0.0039922453155805115","0.05886492420640022","true","true","PrecisionReached","7844.057287325272","448004",""
"research","gaussian","mess-8","18","283553","stopped","2000","ySquared","1.0","1.0158143771642227","0.14241472078926115","true","true","PrecisionReached","2494.734966636483","448004",""
"research","gaussian","mess-8","19","291472","fixed","12000","event","0.045500263896358334","0.043583333333333335","0.007468684172020013","true","true","FixedBudget","20218.920784381255","448004",""
"research","gaussian","mess-8","19","291472","fixed","12000","x","0.0","-0.004790216248777568","0.0234443599974097","true","true","FixedBudget","48000.0","448004",""
"research","gaussian","mess-8","19","291472","fixed","12000","xSquared","1.0","0.9940879897382808","0.05818058944100648","true","true","FixedBudget","16135.251535034744","448004",""
"research","gaussian","mess-8","19","291472","fixed","12000","y","0.0","0.0017912899920833336","0.024156769736473772","true","true","FixedBudget","47170.68564292526","448004",""
"research","gaussian","mess-8","19","291472","fixed","12000","ySquared","1.0","1.0149802164726034","0.05888429692749088","true","true","FixedBudget","16131.804478896564","448004",""
"research","gaussian","mess-8","19","291472","stopped","2000","event","0.045500263896358334","0.045625","0.019089913577654792","true","true","PrecisionReached","3171.4834393362594","448004",""
"research","gaussian","mess-8","19","291472","stopped","2000","x","0.0","-0.002956199101396745","0.05833961948072331","true","true","PrecisionReached","8000.0","448004",""
"research","gaussian","mess-8","19","291472","stopped","2000","xSquared","1.0","1.0164338922271219","0.14117063706611319","true","true","PrecisionReached","2619.850462906653","448004",""
"research","gaussian","mess-8","19","291472","stopped","2000","y","0.0","-0.012709058529680073","0.05839211288866575","true","true","PrecisionReached","7843.059657304731","448004",""
"research","gaussian","mess-8","19","291472","stopped","2000","ySquared","1.0","1.0076624561058531","0.14592840540553764","true","true","PrecisionReached","2612.1067038574006","448004",""
"research","gaussian","mess-8","20","299391","fixed","12000","event","0.045500263896358334","0.04564583333333333","0.007496858804781121","true","true","FixedBudget","20570.992678290302","448004",""
"research","gaussian","mess-8","20","299391","fixed","12000","x","0.0","-0.006507863587351004","0.0238309803823267","true","true","FixedBudget","47048.25119554257","448004",""
"research","gaussian","mess-8","20","299391","fixed","12000","xSquared","1.0","1.006798070609066","0.0580031604517923","true","true","FixedBudget","15942.033513167693","448004",""
"research","gaussian","mess-8","20","299391","fixed","12000","y","0.0","0.00592444292267813","0.023686521524452418","true","true","FixedBudget","47996.034193518135","448004",""
"research","gaussian","mess-8","20","299391","fixed","12000","ySquared","1.0","1.0146581627269644","0.05822964542673111","true","true","FixedBudget","16174.418421668033","448004",""
"research","gaussian","mess-8","20","299391","stopped","2000","event","0.045500263896358334","0.0455","0.018441288577956128","true","true","PrecisionReached","3389.6373948307814","448004",""
"research","gaussian","mess-8","20","299391","stopped","2000","x","0.0","-0.006431365285182844","0.06468540282779782","true","true","PrecisionReached","7595.365953152063","448004",""
"research","gaussian","mess-8","20","299391","stopped","2000","xSquared","1.0","1.0006742487965394","0.14473310524159017","true","true","PrecisionReached","2515.349655405638","448004",""
"research","gaussian","mess-8","20","299391","stopped","2000","y","0.0","4.697233398859302E-4","0.05722924159823928","true","true","PrecisionReached","8000.0","448004",""
"research","gaussian","mess-8","20","299391","stopped","2000","ySquared","1.0","0.9871374414804606","0.13935202891243542","true","true","PrecisionReached","2647.072183803634","448004",""
"research","gaussian","mess-8","21","307310","fixed","12000","event","0.045500263896358334","0.0448125","0.007273858394691777","true","true","FixedBudget","21471.447215523167","448004",""
"research","gaussian","mess-8","21","307310","fixed","12000","x","0.0","0.0030174375171961865","0.02347137140673261","true","true","FixedBudget","48000.0","448004",""
"research","gaussian","mess-8","21","307310","fixed","12000","xSquared","1.0","0.9963660912938108","0.0579821983805567","true","true","FixedBudget","15982.437384127676","448004",""
"research","gaussian","mess-8","21","307310","fixed","12000","y","0.0","0.0031626039705909704","0.02364479456194823","true","true","FixedBudget","47250.726932642465","448004",""
"research","gaussian","mess-8","21","307310","fixed","12000","ySquared","1.0","0.9926340757618409","0.05626784610369961","true","true","FixedBudget","16292.965251970092","448004",""
"research","gaussian","mess-8","21","307310","stopped","2000","event","0.045500263896358334","0.0425","0.01640035025279438","true","true","PrecisionReached","4274.465752569212","448004",""
"research","gaussian","mess-8","21","307310","stopped","2000","x","0.0","-2.4439240336554535E-4","0.057144051143492074","true","true","PrecisionReached","7972.244556754175","448004",""
"research","gaussian","mess-8","21","307310","stopped","2000","xSquared","1.0","0.9807859820405435","0.1289688543330985","true","true","PrecisionReached","2986.2226185766717","448004",""
"research","gaussian","mess-8","21","307310","stopped","2000","y","0.0","0.0029153665180790735","0.05865075591312076","true","true","PrecisionReached","7833.5771041406215","448004",""
"research","gaussian","mess-8","21","307310","stopped","2000","ySquared","1.0","0.9570679762302425","0.13410549976499755","true","true","PrecisionReached","2623.938524264997","448004",""
"research","gaussian","mess-8","22","315229","fixed","12000","event","0.045500263896358334","0.04591666666666667","0.007444372822320275","true","true","FixedBudget","20979.91047352221","448004",""
"research","gaussian","mess-8","22","315229","fixed","12000","x","0.0","6.16309214480415E-4","0.024017447386389397","true","true","FixedBudget","46542.76804704056","448004",""
"research","gaussian","mess-8","22","315229","fixed","12000","xSquared","1.0","1.011586137523067","0.05766641107209338","true","true","FixedBudget","16358.081584706704","448004",""
"research","gaussian","mess-8","22","315229","fixed","12000","y","0.0","0.0018232381079248405","0.02436858059797989","true","true","FixedBudget","48000.0","448004",""
"research","gaussian","mess-8","22","315229","fixed","12000","ySquared","1.0","0.9967441263914449","0.05701143886556766","true","true","FixedBudget","16363.803703593996","448004",""
"research","gaussian","mess-8","22","315229","stopped","2000","event","0.045500263896358334","0.048625","0.01889622738749429","true","true","PrecisionReached","3487.3189086759917","448004",""
"research","gaussian","mess-8","22","315229","stopped","2000","x","0.0","-0.008984986584370747","0.05945792890368545","true","true","PrecisionReached","7861.3547011863375","448004",""
"research","gaussian","mess-8","22","315229","stopped","2000","xSquared","1.0","1.0471333454069134","0.14401338035109737","true","true","PrecisionReached","2698.0571128715305","448004",""
"research","gaussian","mess-8","22","315229","stopped","2000","y","0.0","-0.010647697882977702","0.05930658966048556","true","true","PrecisionReached","7947.461689697042","448004",""
"research","gaussian","mess-8","22","315229","stopped","2000","ySquared","1.0","1.0410870616114078","0.1412960832862806","true","true","PrecisionReached","2780.876144488886","448004",""
"research","gaussian","mess-8","23","323148","fixed","12000","event","0.045500263896358334","0.04635416666666667","0.007552216285434688","true","true","FixedBudget","20569.808747114","448004",""
"research","gaussian","mess-8","23","323148","fixed","12000","x","0.0","0.0050011272527015205","0.02358565532876383","true","true","FixedBudget","48000.0","448004",""
"research","gaussian","mess-8","23","323148","fixed","12000","xSquared","1.0","1.0061082975808116","0.059141546208817675","true","true","FixedBudget","15781.677813808517","448004",""
"research","gaussian","mess-8","23","323148","fixed","12000","y","0.0","-0.007140689560874991","0.023625010486318283","true","true","FixedBudget","48000.0","448004",""
"research","gaussian","mess-8","23","323148","fixed","12000","ySquared","1.0","1.0094945894324958","0.058857262166486984","true","true","FixedBudget","15495.694964389606","448004",""
"research","gaussian","mess-8","23","323148","stopped","2000","event","0.045500263896358334","0.050375","0.019869239211382454","true","true","PrecisionReached","3216.2749072775146","448004",""
"research","gaussian","mess-8","23","323148","stopped","2000","x","0.0","0.009300483365547563","0.06069870292407292","true","true","PrecisionReached","7813.493912830506","448004",""
"research","gaussian","mess-8","23","323148","stopped","2000","xSquared","1.0","1.0457789474223125","0.16295737285084272","true","true","PrecisionReached","2401.255079636708","448004",""
"research","gaussian","mess-8","23","323148","stopped","2000","y","0.0","-0.007924633053800312","0.058663959402957246","true","true","PrecisionReached","7762.168456211479","448004",""
"research","gaussian","mess-8","23","323148","stopped","2000","ySquared","1.0","1.006478413471526","0.138049071615571","true","true","PrecisionReached","2743.3198764977956","448004",""
"research","gaussian","mess-8","24","331067","fixed","12000","event","0.045500263896358334","0.04539583333333334","0.007685767754633631","true","true","FixedBudget","19470.091966854594","448004",""
"research","gaussian","mess-8","24","331067","fixed","12000","x","0.0","-0.0027481850798871665","0.023572343074223984","true","true","FixedBudget","47925.58561060455","448004",""
"research","gaussian","mess-8","24","331067","fixed","12000","xSquared","1.0","0.9937319678042607","0.05797591110075674","true","true","FixedBudget","15695.0980853218","448004",""
"research","gaussian","mess-8","24","331067","fixed","12000","y","0.0","0.004631991458856066","0.02383964980634338","true","true","FixedBudget","46577.02261007296","448004",""
"research","gaussian","mess-8","24","331067","fixed","12000","ySquared","1.0","0.9974189383426467","0.05887600697478324","true","true","FixedBudget","15397.463290981612","448004",""
"research","gaussian","mess-8","24","331067","stopped","2000","event","0.045500263896358334","0.048875","0.01818844685134293","true","true","PrecisionReached","3729.765929803418","448004",""
"research","gaussian","mess-8","24","331067","stopped","2000","x","0.0","-0.007130579727484876","0.057751723294547815","true","true","PrecisionReached","8000.0","448004",""
"research","gaussian","mess-8","24","331067","stopped","2000","xSquared","1.0","1.0052947355645192","0.13509199947136058","true","true","PrecisionReached","2934.269755900747","448004",""
"research","gaussian","mess-8","24","331067","stopped","2000","y","0.0","0.02073453280983928","0.058951100315646376","true","true","PrecisionReached","7592.040836415461","448004",""
"research","gaussian","mess-8","24","331067","stopped","2000","ySquared","1.0","0.9944471816868321","0.14527955803913253","true","true","PrecisionReached","2440.0636028146196","448004",""
"research","gaussian","mess-8","25","338986","fixed","12000","event","0.045500263896358334","0.04577083333333333","0.00756682156993983","true","true","FixedBudget","20341.519274639482","448004",""
"research","gaussian","mess-8","25","338986","fixed","12000","x","0.0","-0.001644800503343813","0.02455986297015813","true","true","FixedBudget","46820.600506508716","448004",""
"research","gaussian","mess-8","25","338986","fixed","12000","xSquared","1.0","0.9994243864589558","0.05841847732711099","true","true","FixedBudget","15806.437047312234","448004",""
"research","gaussian","mess-8","25","338986","fixed","12000","y","0.0","0.0011130142205861837","0.023661879233122192","true","true","FixedBudget","48000.0","448004",""
"research","gaussian","mess-8","25","338986","fixed","12000","ySquared","1.0","1.0125979345725094","0.05957321831022087","true","true","FixedBudget","15926.83250737962","448004",""
"research","gaussian","mess-8","25","338986","stopped","2000","event","0.045500263896358334","0.03975","0.018175669014165226","true","true","PrecisionReached","3138.7815164396748","448004",""
"research","gaussian","mess-8","25","338986","stopped","2000","x","0.0","0.003232467229991265","0.05591469617421481","true","true","PrecisionReached","8000.0","448004",""
"research","gaussian","mess-8","25","338986","stopped","2000","xSquared","1.0","0.9423197656519942","0.14195531953377188","true","true","PrecisionReached","2507.1939404490886","448004",""
"research","gaussian","mess-8","25","338986","stopped","2000","y","0.0","-0.0036983779443500175","0.05826126817218643","true","true","PrecisionReached","8000.0","448004",""
"research","gaussian","mess-8","25","338986","stopped","2000","ySquared","1.0","1.0230744056037961","0.15901346819342665","true","true","PrecisionReached","2459.600387577192","448004",""
"research","gaussian","mess-8","26","346905","fixed","12000","event","0.045500263896358334","0.0454375","0.007573527863730158","true","true","FixedBudget","21348.830992585972","448004",""
"research","gaussian","mess-8","26","346905","fixed","12000","x","0.0","0.0020903242913219433","0.02375379539200734","true","true","FixedBudget","46747.836130322314","448004",""
"research","gaussian","mess-8","26","346905","fixed","12000","xSquared","1.0","0.9938623677602971","0.05645546820455551","true","true","FixedBudget","16908.8515283359","448004",""
"research","gaussian","mess-8","26","346905","fixed","12000","y","0.0","7.679357821355204E-4","0.023787750049304324","true","true","FixedBudget","47535.81331485855","448004",""
"research","gaussian","mess-8","26","346905","fixed","12000","ySquared","1.0","1.0050027483101656","0.05947660353040844","true","true","FixedBudget","15595.114175979284","448004",""
"research","gaussian","mess-8","26","346905","stopped","2000","event","0.045500263896358334","0.043375","0.019113622549839098","true","true","PrecisionReached","3514.3281543791413","448004",""
"research","gaussian","mess-8","26","346905","stopped","2000","x","0.0","-0.001847668057384455","0.058803955206649355","true","true","PrecisionReached","7721.6230175275205","448004",""
"research","gaussian","mess-8","26","346905","stopped","2000","xSquared","1.0","1.0059460836807597","0.1534406473216661","true","true","PrecisionReached","2931.0106395181124","448004",""
"research","gaussian","mess-8","26","346905","stopped","2000","y","0.0","-0.008108478008102549","0.06234867406537283","true","true","PrecisionReached","7960.90334882113","448004",""
"research","gaussian","mess-8","26","346905","stopped","2000","ySquared","1.0","1.0272349028186423","0.1496755946988243","true","true","PrecisionReached","2493.134501381989","448004",""
"research","gaussian","mess-8","27","354824","fixed","12000","event","0.045500263896358334","0.04616666666666667","0.008072228882723293","true","true","FixedBudget","17935.656487723714","448004",""
"research","gaussian","mess-8","27","354824","fixed","12000","x","0.0","-0.005553417376560454","0.024220493346963946","true","true","FixedBudget","45402.88775036122","448004",""
"research","gaussian","mess-8","27","354824","fixed","12000","xSquared","1.0","1.0035975531386694","0.061336283065666485","true","true","FixedBudget","14825.395353313195","448004",""
"research","gaussian","mess-8","27","354824","fixed","12000","y","0.0","-2.0525745725086253E-4","0.023868026420863622","true","true","FixedBudget","48000.0","448004",""
"research","gaussian","mess-8","27","354824","fixed","12000","ySquared","1.0","1.016939453824158","0.06102280574645665","true","true","FixedBudget","15839.536318739463","448004",""
"research","gaussian","mess-8","27","354824","stopped","2000","event","0.045500263896358334","0.045625","0.018608385046510034","true","true","PrecisionReached","3608.478977267202","448004",""
"research","gaussian","mess-8","27","354824","stopped","2000","x","0.0","-0.007396223855261008","0.0573840333470102","true","true","PrecisionReached","7959.25654729676","448004",""
"research","gaussian","mess-8","27","354824","stopped","2000","xSquared","1.0","0.9758025695339438","0.1368937279095238","true","true","PrecisionReached","2826.5688715568117","448004",""
"research","gaussian","mess-8","27","354824","stopped","2000","y","0.0","0.01324580737375547","0.05985313384568745","true","true","PrecisionReached","8000.0","448004",""
"research","gaussian","mess-8","27","354824","stopped","2000","ySquared","1.0","1.0799058667730557","0.1590639740050979","false","true","PrecisionReached","2440.039251916626","448004",""
"research","gaussian","mess-8","28","362743","fixed","12000","event","0.045500263896358334","0.043270833333333335","0.00750568098510429","true","true","FixedBudget","20599.663717864056","448004",""
"research","gaussian","mess-8","28","362743","fixed","12000","x","0.0","-0.005646110806431182","0.023460304659407214","true","true","FixedBudget","48000.0","448004",""
"research","gaussian","mess-8","28","362743","fixed","12000","xSquared","1.0","0.9954495221603918","0.057279178269392175","true","true","FixedBudget","15965.855844628735","448004",""
"research","gaussian","mess-8","28","362743","fixed","12000","y","0.0","-0.009227538942151892","0.024054244028466166","true","true","FixedBudget","46066.01527253924","448004",""
"research","gaussian","mess-8","28","362743","fixed","12000","ySquared","1.0","0.9995665099450346","0.05664945864443173","true","true","FixedBudget","16327.193408376366","448004",""
"research","gaussian","mess-8","28","362743","stopped","2000","event","0.045500263896358334","0.046875","0.018059313199850314","true","true","PrecisionReached","3636.1109163646433","448004",""
"research","gaussian","mess-8","28","362743","stopped","2000","x","0.0","-0.0030736091017706316","0.058336879085302745","true","true","PrecisionReached","8000.0","448004",""
"research","gaussian","mess-8","28","362743","stopped","2000","xSquared","1.0","1.0257273345097169","0.14341746602068972","true","true","PrecisionReached","2679.002382128559","448004",""
"research","gaussian","mess-8","28","362743","stopped","2000","y","0.0","-0.00947280790297822","0.05693880105752032","true","true","PrecisionReached","8000.0","448004",""
"research","gaussian","mess-8","28","362743","stopped","2000","ySquared","1.0","0.9772328630377147","0.13172426183107472","true","true","PrecisionReached","2826.0292699146144","448004",""
"research","gaussian","mess-8","29","370662","fixed","12000","event","0.045500263896358334","0.043020833333333335","0.007573506915811788","true","true","FixedBudget","20663.592129487934","448004",""
"research","gaussian","mess-8","29","370662","fixed","12000","x","0.0","-0.012858058101850811","0.02346181127130018","false","true","FixedBudget","48000.0","448004",""
"research","gaussian","mess-8","29","370662","fixed","12000","xSquared","1.0","0.9877350889442177","0.0573522369412087","true","true","FixedBudget","16360.432170705993","448004",""
"research","gaussian","mess-8","29","370662","fixed","12000","y","0.0","0.003330295718143972","0.023692275036864684","true","true","FixedBudget","46779.28639327457","448004",""
"research","gaussian","mess-8","29","370662","fixed","12000","ySquared","1.0","0.9893929094771156","0.055996567485312954","true","true","FixedBudget","16364.91390438455","448004",""
"research","gaussian","mess-8","29","370662","stopped","2000","event","0.045500263896358334","0.04","0.016927988882173714","true","true","PrecisionReached","3556.877717935155","448004",""
"research","gaussian","mess-8","29","370662","stopped","2000","x","0.0","-0.025502756817695094","0.05927994915063586","true","true","PrecisionReached","8000.0","448004",""
"research","gaussian","mess-8","29","370662","stopped","2000","xSquared","1.0","0.9693182370519241","0.13556804670998887","true","true","PrecisionReached","2709.247065859976","448004",""
"research","gaussian","mess-8","29","370662","stopped","2000","y","0.0","0.003154854824340081","0.06420500884249158","true","true","PrecisionReached","7481.371723970942","448004",""
"research","gaussian","mess-8","29","370662","stopped","2000","ySquared","1.0","0.9960020075196316","0.14054160582017258","true","true","PrecisionReached","2896.1636395914206","448004",""
"research","gaussian","qslice-cauchy","0","141011","fixed","12000","event","0.045500263896358334","0.04741666666666667","0.005982150743441932","true","true","FixedBudget","35760.06162585644","340939",""
"research","gaussian","qslice-cauchy","0","141011","fixed","12000","x","0.0","0.0010234411516433228","0.024944652813174352","true","true","FixedBudget","48000.0","340939",""
"research","gaussian","qslice-cauchy","0","141011","fixed","12000","xSquared","1.0","1.0029738242268367","0.042350747420155196","true","true","FixedBudget","32539.247252524","340939",""
"research","gaussian","qslice-cauchy","0","141011","fixed","12000","y","0.0","8.850299490607005E-4","0.023815811394008644","true","true","FixedBudget","47439.03551757274","340939",""
"research","gaussian","qslice-cauchy","0","141011","fixed","12000","ySquared","1.0","1.0138267654566837","0.044565355532313625","true","true","FixedBudget","33084.39908616505","340939",""
"research","gaussian","qslice-cauchy","0","141011","stopped","2000","event","0.045500263896358334","0.04925","0.01534849005022081","true","true","PrecisionReached","6056.981404899913","340939",""
"research","gaussian","qslice-cauchy","0","141011","stopped","2000","x","0.0","-0.014260727211339086","0.05836320767173187","true","true","PrecisionReached","8000.0","340939",""
"research","gaussian","qslice-cauchy","0","141011","stopped","2000","xSquared","1.0","1.0268473182126336","0.10749001522259764","true","true","PrecisionReached","5122.010788401395","340939",""
"research","gaussian","qslice-cauchy","0","141011","stopped","2000","y","0.0","-0.010233054476572412","0.058709618551145905","true","true","PrecisionReached","7982.30242783313","340939",""
"research","gaussian","qslice-cauchy","0","141011","stopped","2000","ySquared","1.0","1.0366738064494814","0.10766746478778136","true","true","PrecisionReached","4862.81038170467","340939",""
"research","gaussian","qslice-cauchy","1","148930","fixed","12000","event","0.045500263896358334","0.044708333333333336","0.005568980273710598","true","true","FixedBudget","36549.06815716447","341080",""
"research","gaussian","qslice-cauchy","1","148930","fixed","12000","x","0.0","0.005343039554704498","0.02354109149654862","true","true","FixedBudget","48000.0","341080",""
"research","gaussian","qslice-cauchy","1","148930","fixed","12000","xSquared","1.0","1.0023135451605036","0.041913601713189454","true","true","FixedBudget","32229.4149102978","341080",""
"research","gaussian","qslice-cauchy","1","148930","fixed","12000","y","0.0","0.008600231496342037","0.024031099604287832","true","true","FixedBudget","48000.0","341080",""
"research","gaussian","qslice-cauchy","1","148930","fixed","12000","ySquared","1.0","1.0107369186259907","0.04151710408078067","true","true","FixedBudget","31687.708814016994","341080",""
"research","gaussian","qslice-cauchy","1","148930","stopped","2000","event","0.045500263896358334","0.042","0.01260519847480685","true","true","PrecisionReached","6721.4637954946265","341080",""
"research","gaussian","qslice-cauchy","1","148930","stopped","2000","x","0.0","0.018017937896810943","0.05772024415301127","true","true","PrecisionReached","8000.0","341080",""
"research","gaussian","qslice-cauchy","1","148930","stopped","2000","xSquared","1.0","0.9893033459679886","0.09983886277014664","true","true","PrecisionReached","6045.325269349448","341080",""
"research","gaussian","qslice-cauchy","1","148930","stopped","2000","y","0.0","-0.013027973236613422","0.05856429628835991","true","true","PrecisionReached","7989.44802730174","341080",""
"research","gaussian","qslice-cauchy","1","148930","stopped","2000","ySquared","1.0","1.0297020765945735","0.10232865196468109","true","true","PrecisionReached","5314.452917043363","341080",""
"research","gaussian","qslice-cauchy","2","156849","fixed","12000","event","0.045500263896358334","0.04666666666666667","0.005661564986997029","true","true","FixedBudget","37644.90276223821","341717",""
"research","gaussian","qslice-cauchy","2","156849","fixed","12000","x","0.0","-0.010558775711922985","0.02362605651833843","true","true","FixedBudget","47741.87714298861","341717",""
"research","gaussian","qslice-cauchy","2","156849","fixed","12000","xSquared","1.0","1.0042156551545625","0.04106109463068782","true","true","FixedBudget","32884.822649957285","341717",""
"research","gaussian","qslice-cauchy","2","156849","fixed","12000","y","0.0","-5.923202486732282E-4","0.02354903991197746","true","true","FixedBudget","48000.0","341717",""
"research","gaussian","qslice-cauchy","2","156849","fixed","12000","ySquared","1.0","1.002962285316603","0.04124977323758152","true","true","FixedBudget","30847.467969041223","341717",""
"research","gaussian","qslice-cauchy","2","156849","stopped","2000","event","0.045500263896358334","0.047375","0.013375676334000336","true","true","PrecisionReached","6695.578961269692","341717",""
"research","gaussian","qslice-cauchy","2","156849","stopped","2000","x","0.0","-0.008397276972350376","0.05988398390269918","true","true","PrecisionReached","7708.2652767160025","341717",""
"research","gaussian","qslice-cauchy","2","156849","stopped","2000","xSquared","1.0","1.0086873250552668","0.10059902580603783","true","true","PrecisionReached","5131.263411193147","341717",""
"research","gaussian","qslice-cauchy","2","156849","stopped","2000","y","0.0","0.005646512660212433","0.06259335556157215","true","true","PrecisionReached","7794.791128661676","341717",""
"research","gaussian","qslice-cauchy","2","156849","stopped","2000","ySquared","1.0","1.0054554191321028","0.10007266487797653","true","true","PrecisionReached","5297.105123218259","341717",""
"research","gaussian","qslice-cauchy","3","164768","fixed","12000","event","0.045500263896358334","0.04779166666666667","0.0057519345346470005","true","true","FixedBudget","36851.034455020075","340878",""
"research","gaussian","qslice-cauchy","3","164768","fixed","12000","x","0.0","0.008635962246623663","0.02372286264778833","true","true","FixedBudget","47887.209809548476","340878",""
"research","gaussian","qslice-cauchy","3","164768","fixed","12000","xSquared","1.0","1.0155058270825197","0.041376813851402856","true","true","FixedBudget","32319.379122165195","340878",""
"research","gaussian","qslice-cauchy","3","164768","fixed","12000","y","0.0","0.0026373008087114957","0.02379724259484845","true","true","FixedBudget","47794.76103339011","340878",""
"research","gaussian","qslice-cauchy","3","164768","fixed","12000","ySquared","1.0","0.9803931534283294","0.03939656647497373","true","true","FixedBudget","32892.66347557522","340878",""
"research","gaussian","qslice-cauchy","3","164768","stopped","2000","event","0.045500263896358334","0.04975","0.014594807076024743","true","true","PrecisionReached","5890.914058218924","340878",""
"research","gaussian","qslice-cauchy","3","164768","stopped","2000","x","0.0","-0.004958231381725131","0.06000861318427878","true","true","PrecisionReached","8000.0","340878",""
"research","gaussian","qslice-cauchy","3","164768","stopped","2000","xSquared","1.0","1.0207041228294824","0.10224182155419981","true","true","PrecisionReached","5383.576926182198","340878",""
"research","gaussian","qslice-cauchy","3","164768","stopped","2000","y","0.0","0.0026167807866348536","0.06008707701204947","true","true","PrecisionReached","8000.0","340878",""
"research","gaussian","qslice-cauchy","3","164768","stopped","2000","ySquared","1.0","0.9689616206047502","0.09336717028744393","true","true","PrecisionReached","5747.457974392911","340878",""
"research","gaussian","qslice-cauchy","4","172687","fixed","12000","event","0.045500263896358334","0.045375","0.005679284641494695","true","true","FixedBudget","36736.83491060901","339909",""
"research","gaussian","qslice-cauchy","4","172687","fixed","12000","x","0.0","0.0012708568820987975","0.023559556631487257","true","true","FixedBudget","47805.967030769956","339909",""
"research","gaussian","qslice-cauchy","4","172687","fixed","12000","xSquared","1.0","0.9998016224372426","0.041707471890422","true","true","FixedBudget","31010.89500160486","339909",""
"research","gaussian","qslice-cauchy","4","172687","fixed","12000","y","0.0","-0.006808402696567573","0.023775282535956618","true","true","FixedBudget","47403.31534407507","339909",""
"research","gaussian","qslice-cauchy","4","172687","fixed","12000","ySquared","1.0","1.0096639055660006","0.0440323228157381","true","true","FixedBudget","32106.26103657615","339909",""
"research","gaussian","qslice-cauchy","4","172687","stopped","2000","event","0.045500263896358334","0.046875","0.014117534098196076","true","true","PrecisionReached","5950.0674883784395","339909",""
"research","gaussian","qslice-cauchy","4","172687","stopped","2000","x","0.0","-9.269244422579481E-4","0.05774401622527613","true","true","PrecisionReached","7988.474978664384","339909",""
"research","gaussian","qslice-cauchy","4","172687","stopped","2000","xSquared","1.0","1.0035286686893405","0.10716498982323243","true","true","PrecisionReached","5050.324027740258","339909",""
"research","gaussian","qslice-cauchy","4","172687","stopped","2000","y","0.0","-0.009311134905067187","0.0590210793447974","true","true","PrecisionReached","7738.779382096887","339909",""
"research","gaussian","qslice-cauchy","4","172687","stopped","2000","ySquared","1.0","1.01572324353934","0.10304202579998122","true","true","PrecisionReached","5172.268332662961","339909",""
"research","gaussian","qslice-cauchy","5","180606","fixed","12000","event","0.045500263896358334","0.04627083333333333","0.00561176580677686","true","true","FixedBudget","37190.884468361844","340856",""
"research","gaussian","qslice-cauchy","5","180606","fixed","12000","x","0.0","-0.007420955125703621","0.023380193567765484","true","true","FixedBudget","48000.0","340856",""
"research","gaussian","qslice-cauchy","5","180606","fixed","12000","xSquared","1.0","0.9886861150771247","0.04017793660984639","true","true","FixedBudget","32352.703366513786","340856",""
"research","gaussian","qslice-cauchy","5","180606","fixed","12000","y","0.0","-0.0034400596781274384","0.02354196165142435","true","true","FixedBudget","47927.71962553419","340856",""
"research","gaussian","qslice-cauchy","5","180606","fixed","12000","ySquared","1.0","1.0008615343035117","0.040930239209278935","true","true","FixedBudget","32509.888080726927","340856",""
"research","gaussian","qslice-cauchy","5","180606","stopped","2000","event","0.045500263896358334","0.051125","0.015185705403503356","true","true","PrecisionReached","5583.683911045329","340856",""
"research","gaussian","qslice-cauchy","5","180606","stopped","2000","x","0.0","-0.007853186205095675","0.057504511593115724","true","true","PrecisionReached","7967.075353033745","340856",""
"research","gaussian","qslice-cauchy","5","180606","stopped","2000","xSquared","1.0","0.9926160805316719","0.10665139663235622","true","true","PrecisionReached","4943.069295569556","340856",""
"research","gaussian","qslice-cauchy","5","180606","stopped","2000","y","0.0","-0.031038179536225785","0.058241148556062994","false","true","PrecisionReached","7862.757948445008","340856",""
"research","gaussian","qslice-cauchy","5","180606","stopped","2000","ySquared","1.0","1.0057788728154502","0.10080346198359126","true","true","PrecisionReached","5636.380425249947","340856",""
"research","gaussian","qslice-cauchy","6","188525","fixed","12000","event","0.045500263896358334","0.044104166666666667","0.005477983466951831","true","true","FixedBudget","37286.52869278143","340874",""
"research","gaussian","qslice-cauchy","6","188525","fixed","12000","x","0.0","-0.0057597674815139666","0.024580253056987758","true","true","FixedBudget","46476.0635564558","340874",""
"research","gaussian","qslice-cauchy","6","188525","fixed","12000","xSquared","1.0","0.9963901922381689","0.042187281146948856","true","true","FixedBudget","32887.44384874102","340874",""
"research","gaussian","qslice-cauchy","6","188525","fixed","12000","y","0.0","-1.7854088199209528E-4","0.023742982008243457","true","true","FixedBudget","48000.0","340874",""
"research","gaussian","qslice-cauchy","6","188525","fixed","12000","ySquared","1.0","1.0195501183673283","0.04058553981112498","true","true","FixedBudget","33187.9195759595","340874",""
"research","gaussian","qslice-cauchy","6","188525","stopped","2000","event","0.045500263896358334","0.043875","0.013943877334989427","true","true","PrecisionReached","5732.6071946226275","340874",""
"research","gaussian","qslice-cauchy","6","188525","stopped","2000","x","0.0","0.014216776587888447","0.05728984269801844","true","true","PrecisionReached","8000.0","340874",""
"research","gaussian","qslice-cauchy","6","188525","stopped","2000","xSquared","1.0","0.9894310400928046","0.10858718310445088","true","true","PrecisionReached","5301.375430929135","340874",""
"research","gaussian","qslice-cauchy","6","188525","stopped","2000","y","0.0","0.008693483558696924","0.06048273098008602","true","true","PrecisionReached","7815.606395919512","340874",""
"research","gaussian","qslice-cauchy","6","188525","stopped","2000","ySquared","1.0","1.0380570147849026","0.10483928965990674","true","true","PrecisionReached","5547.970287844455","340874",""
"research","gaussian","qslice-cauchy","7","196444","fixed","12000","event","0.045500263896358334","0.044125","0.005488063585423439","true","true","FixedBudget","37166.42176233168","341059",""
"research","gaussian","qslice-cauchy","7","196444","fixed","12000","x","0.0","-7.846206742917194E-4","0.023470018142776054","true","true","FixedBudget","47853.60314702763","341059",""
"research","gaussian","qslice-cauchy","7","196444","fixed","12000","xSquared","1.0","0.9932042404293723","0.039957368096131145","true","true","FixedBudget","32205.539983232127","341059",""
"research","gaussian","qslice-cauchy","7","196444","fixed","12000","y","0.0","-0.011345529827777145","0.023596904251159918","true","true","FixedBudget","47171.64615039636","341059",""
"research","gaussian","qslice-cauchy","7","196444","fixed","12000","ySquared","1.0","0.9897929983005906","0.04046710936846928","true","true","FixedBudget","31897.941153316555","341059",""
"research","gaussian","qslice-cauchy","7","196444","stopped","2000","event","0.045500263896358334","0.04675","0.014369542086603942","true","true","PrecisionReached","5834.707441368449","341059",""
"research","gaussian","qslice-cauchy","7","196444","stopped","2000","x","0.0","-0.007066158321878596","0.06030356815240136","true","true","PrecisionReached","8000.0","341059",""
"research","gaussian","qslice-cauchy","7","196444","stopped","2000","xSquared","1.0","1.002226448566238","0.10510338639562314","true","true","PrecisionReached","4880.308889082989","341059",""
"research","gaussian","qslice-cauchy","7","196444","stopped","2000","y","0.0","-0.017403560860407064","0.06137546116194105","true","true","PrecisionReached","6910.839743817576","341059",""
"research","gaussian","qslice-cauchy","7","196444","stopped","2000","ySquared","1.0","0.9810835998461176","0.09565891285935839","true","true","PrecisionReached","5412.514094544502","341059",""
"research","gaussian","qslice-cauchy","8","204363","fixed","12000","event","0.045500263896358334","0.04497916666666667","0.005537048536431683","true","true","FixedBudget","37185.257057390256","340494",""
"research","gaussian","qslice-cauchy","8","204363","fixed","12000","x","0.0","0.0010477724803071853","0.023963749665150934","true","true","FixedBudget","47190.53829055398","340494",""
"research","gaussian","qslice-cauchy","8","204363","fixed","12000","xSquared","1.0","0.9978512257052362","0.04035215832733958","true","true","FixedBudget","32378.51050347904","340494",""
"research","gaussian","qslice-cauchy","8","204363","fixed","12000","y","0.0","0.003797829716948531","0.0235991576053749","true","true","FixedBudget","47566.8277428715","340494",""
"research","gaussian","qslice-cauchy","8","204363","fixed","12000","ySquared","1.0","0.9981602427348342","0.0408213637007883","true","true","FixedBudget","31589.78345378847","340494",""
"research","gaussian","qslice-cauchy","8","204363","stopped","2000","event","0.045500263896358334","0.04575","0.013456268070961432","true","true","PrecisionReached","6399.5943589790595","340494",""
"research","gaussian","qslice-cauchy","8","204363","stopped","2000","x","0.0","-0.011932769452021486","0.05844520451726692","true","true","PrecisionReached","7749.431002665558","340494",""
"research","gaussian","qslice-cauchy","8","204363","stopped","2000","xSquared","1.0","0.9974270548807076","0.09751896153716548","true","true","PrecisionReached","5717.44291626341","340494",""
"research","gaussian","qslice-cauchy","8","204363","stopped","2000","y","0.0","-0.008311518789685168","0.0584627577843504","true","true","PrecisionReached","7747.249311752136","340494",""
"research","gaussian","qslice-cauchy","8","204363","stopped","2000","ySquared","1.0","0.9976719450933262","0.10027958776259603","true","true","PrecisionReached","5315.439163407102","340494",""
"research","gaussian","qslice-cauchy","9","212282","fixed","12000","event","0.045500263896358334","0.04639583333333333","0.005615461580030794","true","true","FixedBudget","37237.404085556474","340923",""
"research","gaussian","qslice-cauchy","9","212282","fixed","12000","x","0.0","0.004109094548431891","0.023657001538824468","true","true","FixedBudget","47927.08324376942","340923",""
"research","gaussian","qslice-cauchy","9","212282","fixed","12000","xSquared","1.0","1.0106585465451765","0.040709267073174814","true","true","FixedBudget","32487.269598634946","340923",""
"research","gaussian","qslice-cauchy","9","212282","fixed","12000","y","0.0","-8.982030748488912E-4","0.023953409206510838","true","true","FixedBudget","47725.27520003431","340923",""
"research","gaussian","qslice-cauchy","9","212282","fixed","12000","ySquared","1.0","1.006022084094703","0.04063832864580475","true","true","FixedBudget","32600.067174974618","340923",""
"research","gaussian","qslice-cauchy","9","212282","stopped","2000","event","0.045500263896358334","0.04525","0.014251797864338835","true","true","PrecisionReached","5766.833129156231","340923",""
"research","gaussian","qslice-cauchy","9","212282","stopped","2000","x","0.0","-0.01534493850554064","0.05780583230355677","true","true","PrecisionReached","7924.131383835199","340923",""
"research","gaussian","qslice-cauchy","9","212282","stopped","2000","xSquared","1.0","0.9978127351740567","0.10262806515180835","true","true","PrecisionReached","5150.720167024836","340923",""
"research","gaussian","qslice-cauchy","9","212282","stopped","2000","y","0.0","-0.010290016502623789","0.0608286343256092","true","true","PrecisionReached","7441.00066423205","340923",""
"research","gaussian","qslice-cauchy","9","212282","stopped","2000","ySquared","1.0","0.9828036106709886","0.09744959295567542","true","true","PrecisionReached","5489.63194372638","340923",""
"research","gaussian","qslice-cauchy","10","220201","fixed","12000","event","0.045500263896358334","0.04466666666666667","0.005550843965220804","true","true","FixedBudget","36755.60997818254","341664",""
"research","gaussian","qslice-cauchy","10","220201","fixed","12000","x","0.0","-0.006892388244156611","0.02343867240413073","true","true","FixedBudget","48000.0","341664",""
"research","gaussian","qslice-cauchy","10","220201","fixed","12000","xSquared","1.0","0.9936302874455358","0.041166282351772096","true","true","FixedBudget","32485.603261914577","341664",""
"research","gaussian","qslice-cauchy","10","220201","fixed","12000","y","0.0","3.722178487136629E-4","0.02360395370479592","true","true","FixedBudget","47861.31212130785","341664",""
"research","gaussian","qslice-cauchy","10","220201","fixed","12000","ySquared","1.0","1.0047337028436225","0.041333742426575754","true","true","FixedBudget","31660.382246850975","341664",""
"research","gaussian","qslice-cauchy","10","220201","stopped","2000","event","0.045500263896358334","0.04925","0.014006875974701344","true","true","PrecisionReached","6334.880739721269","341664",""
"research","gaussian","qslice-cauchy","10","220201","stopped","2000","x","0.0","0.004046641239657367","0.06000700421935959","true","true","PrecisionReached","7870.368862002167","341664",""
"research","gaussian","qslice-cauchy","10","220201","stopped","2000","xSquared","1.0","1.024757435312384","0.10247858354705526","true","true","PrecisionReached","5266.125193967283","341664",""
"research","gaussian","qslice-cauchy","10","220201","stopped","2000","y","0.0","0.002749936280955545","0.060057820940387155","true","true","PrecisionReached","7308.534652930225","341664",""
"research","gaussian","qslice-cauchy","10","220201","stopped","2000","ySquared","1.0","0.9747331962250934","0.09861547177172603","true","true","PrecisionReached","5462.687103409006","341664",""
"research","gaussian","qslice-cauchy","11","228120","fixed","12000","event","0.045500263896358334","0.0458125","0.005614379909614276","true","true","FixedBudget","36805.88964972449","341315",""
"research","gaussian","qslice-cauchy","11","228120","fixed","12000","x","0.0","-0.0016265554954613404","0.02378682038928014","true","true","FixedBudget","47667.533858323644","341315",""
"research","gaussian","qslice-cauchy","11","228120","fixed","12000","xSquared","1.0","0.995589511858199","0.04238852183368612","true","true","FixedBudget","31467.302974063237","341315",""
"research","gaussian","qslice-cauchy","11","228120","fixed","12000","y","0.0","0.0017407930847705977","0.023441792469660522","true","true","FixedBudget","48000.0","341315",""
"research","gaussian","qslice-cauchy","11","228120","fixed","12000","ySquared","1.0","0.9938503542004155","0.04110006162367519","true","true","FixedBudget","31357.608838716525","341315",""
"research","gaussian","qslice-cauchy","11","228120","stopped","2000","event","0.045500263896358334","0.048","0.014958998499583584","true","true","PrecisionReached","5776.988980771519","341315",""
"research","gaussian","qslice-cauchy","11","228120","stopped","2000","x","0.0","0.0028999079162394525","0.05808391060954708","true","true","PrecisionReached","7925.35060953853","341315",""
"research","gaussian","qslice-cauchy","11","228120","stopped","2000","xSquared","1.0","1.0073615393187532","0.11006332555242332","true","true","PrecisionReached","4932.981275262902","341315",""
"research","gaussian","qslice-cauchy","11","228120","stopped","2000","y","0.0","0.0025778200982682353","0.05776695335128127","true","true","PrecisionReached","7972.948995309836","341315",""
"research","gaussian","qslice-cauchy","11","228120","stopped","2000","ySquared","1.0","1.0023799031902199","0.10446865084413799","true","true","PrecisionReached","4980.2627610601485","341315",""
"research","gaussian","qslice-cauchy","12","236039","fixed","12000","event","0.045500263896358334","0.04577083333333333","0.005686224309443104","true","true","FixedBudget","35850.62484904311","341714",""
"research","gaussian","qslice-cauchy","12","236039","fixed","12000","x","0.0","-0.00629588601232034","0.024063738543180124","true","true","FixedBudget","47448.99565762042","341714",""
"research","gaussian","qslice-cauchy","12","236039","fixed","12000","xSquared","1.0","0.9966599133965037","0.042771398095890055","true","true","FixedBudget","31555.423299202404","341714",""
"research","gaussian","qslice-cauchy","12","236039","fixed","12000","y","0.0","-0.006928470129251935","0.023809794085766684","true","true","FixedBudget","46626.941883896325","341714",""
"research","gaussian","qslice-cauchy","12","236039","fixed","12000","ySquared","1.0","0.996015150688894","0.04031562217786813","true","true","FixedBudget","32496.7440690184","341714",""
"research","gaussian","qslice-cauchy","12","236039","stopped","2000","event","0.045500263896358334","0.042","0.013820441350416697","true","true","PrecisionReached","6437.556900226305","341714",""
"research","gaussian","qslice-cauchy","12","236039","stopped","2000","x","0.0","0.004138364832248831","0.056952093280299675","true","true","PrecisionReached","8000.0","341714",""
"research","gaussian","qslice-cauchy","12","236039","stopped","2000","xSquared","1.0","0.9776165315742429","0.10112085970879871","true","true","PrecisionReached","5082.067795710749","341714",""
"research","gaussian","qslice-cauchy","12","236039","stopped","2000","y","0.0","0.003052604377284912","0.06037012253324206","true","true","PrecisionReached","8000.0","341714",""
"research","gaussian","qslice-cauchy","12","236039","stopped","2000","ySquared","1.0","0.9924517416009825","0.09462944598210596","true","true","PrecisionReached","5655.9397235017805","341714",""
"research","gaussian","qslice-cauchy","13","243958","fixed","12000","event","0.045500263896358334","0.043895833333333335","0.005408687033629357","true","true","FixedBudget","38075.70933746117","341064",""
"research","gaussian","qslice-cauchy","13","243958","fixed","12000","x","0.0","-0.00584282987219531","0.023630873320814746","true","true","FixedBudget","46759.882390384686","341064",""
"research","gaussian","qslice-cauchy","13","243958","fixed","12000","xSquared","1.0","0.9838861003252919","0.039132108619159674","true","true","FixedBudget","33272.480117703286","341064",""
"research","gaussian","qslice-cauchy","13","243958","fixed","12000","y","0.0","6.058271132779458E-4","0.023652464148569863","true","true","FixedBudget","48000.0","341064",""
"research","gaussian","qslice-cauchy","13","243958","fixed","12000","ySquared","1.0","1.0117913967155197","0.04109090901730222","true","true","FixedBudget","32113.548411254258","341064",""
"research","gaussian","qslice-cauchy","13","243958","stopped","2000","event","0.045500263896358334","0.042875","0.013587728118769071","true","true","PrecisionReached","6659.086564690792","341064",""
"research","gaussian","qslice-cauchy","13","243958","stopped","2000","x","0.0","0.002982104925457474","0.06197731116056322","true","true","PrecisionReached","7038.5801822908725","341064",""
"research","gaussian","qslice-cauchy","13","243958","stopped","2000","xSquared","1.0","0.9748966959638228","0.09719084601105644","true","true","PrecisionReached","5616.519936516793","341064",""
"research","gaussian","qslice-cauchy","13","243958","stopped","2000","y","0.0","0.005193331283222302","0.0584811000110506","true","true","PrecisionReached","7867.612521014001","341064",""
"research","gaussian","qslice-cauchy","13","243958","stopped","2000","ySquared","1.0","0.9829470828628587","0.10003675535197337","true","true","PrecisionReached","5170.526429804943","341064",""
"research","gaussian","qslice-cauchy","14","251877","fixed","12000","event","0.045500263896358334","0.044208333333333336","0.0053812943360503135","true","true","FixedBudget","38725.50468903173","341383",""
"research","gaussian","qslice-cauchy","14","251877","fixed","12000","x","0.0","0.00939526102871624","0.024417958986390167","true","true","FixedBudget","47404.45909871805","341383",""
"research","gaussian","qslice-cauchy","14","251877","fixed","12000","xSquared","1.0","0.9917328499156737","0.03969830002138337","true","true","FixedBudget","33360.45718768999","341383",""
"research","gaussian","qslice-cauchy","14","251877","fixed","12000","y","0.0","0.007996455660249202","0.023642774500240448","true","true","FixedBudget","47093.91180449456","341383",""
"research","gaussian","qslice-cauchy","14","251877","fixed","12000","ySquared","1.0","0.991942377644599","0.04093032353742175","true","true","FixedBudget","32452.436162710124","341383",""
"research","gaussian","qslice-cauchy","14","251877","stopped","2000","event","0.045500263896358334","0.044625","0.013308823361513396","true","true","PrecisionReached","6429.957926904643","341383",""
"research","gaussian","qslice-cauchy","14","251877","stopped","2000","x","0.0","0.020822872101139422","0.06050822921885991","true","true","PrecisionReached","7347.792352178629","341383",""
"research","gaussian","qslice-cauchy","14","251877","stopped","2000","xSquared","1.0","1.013965255360916","0.10211378783967089","true","true","PrecisionReached","5329.058543367649","341383",""
"research","gaussian","qslice-cauchy","14","251877","stopped","2000","y","0.0","0.0049313570335541845","0.0629482530122441","true","true","PrecisionReached","7505.384587680983","341383",""
"research","gaussian","qslice-cauchy","14","251877","stopped","2000","ySquared","1.0","0.9720001787976406","0.09568138749312265","true","true","PrecisionReached","5407.661269038184","341383",""
"research","gaussian","qslice-cauchy","15","259796","fixed","12000","event","0.045500263896358334","0.04522916666666667","0.005647864530783393","true","true","FixedBudget","35929.60027353521","341043",""
"research","gaussian","qslice-cauchy","15","259796","fixed","12000","x","0.0","0.01082208215431299","0.02344885335309704","true","true","FixedBudget","48000.0","341043",""
"research","gaussian","qslice-cauchy","15","259796","fixed","12000","xSquared","1.0","0.9945632433752828","0.0407606058249275","true","true","FixedBudget","31176.984809261598","341043",""
"research","gaussian","qslice-cauchy","15","259796","fixed","12000","y","0.0","-0.004256943701991506","0.024676469020974395","true","true","FixedBudget","47526.65827775034","341043",""
"research","gaussian","qslice-cauchy","15","259796","fixed","12000","ySquared","1.0","0.9984579699238323","0.03983794064098554","true","true","FixedBudget","33415.12239458676","341043",""
"research","gaussian","qslice-cauchy","15","259796","stopped","2000","event","0.045500263896358334","0.042375","0.013321497503852302","true","true","PrecisionReached","6069.42475633557","341043",""
"research","gaussian","qslice-cauchy","15","259796","stopped","2000","x","0.0","0.01726992645165948","0.057804527223252126","true","true","PrecisionReached","7874.46401111136","341043",""
"research","gaussian","qslice-cauchy","15","259796","stopped","2000","xSquared","1.0","0.9915780786958678","0.09591999037777557","true","true","PrecisionReached","5616.963021071163","341043",""
"research","gaussian","qslice-cauchy","15","259796","stopped","2000","y","0.0","-0.009629499104291839","0.05767812051161369","true","true","PrecisionReached","7991.575251104128","341043",""
"research","gaussian","qslice-cauchy","15","259796","stopped","2000","ySquared","1.0","1.0017200267289559","0.09941223696137352","true","true","PrecisionReached","5339.095908494732","341043",""
"research","gaussian","qslice-cauchy","16","267715","fixed","12000","event","0.045500263896358334","0.04504166666666667","0.005592521196580354","true","true","FixedBudget","36499.489973947784","341268",""
"research","gaussian","qslice-cauchy","16","267715","fixed","12000","x","0.0","0.004034749460139042","0.024181534752696947","true","true","FixedBudget","47823.10278816136","341268",""
"research","gaussian","qslice-cauchy","16","267715","fixed","12000","xSquared","1.0","1.0007176288084754","0.04087385249468043","true","true","FixedBudget","32001.508952502227","341268",""
"research","gaussian","qslice-cauchy","16","267715","fixed","12000","y","0.0","0.004211305145493505","0.02394318225801662","true","true","FixedBudget","47271.4861596073","341268",""
"research","gaussian","qslice-cauchy","16","267715","fixed","12000","ySquared","1.0","0.995122223921182","0.040515797628801094","true","true","FixedBudget","32514.500726695165","341268",""
"research","gaussian","qslice-cauchy","16","267715","stopped","2000","event","0.045500263896358334","0.04675","0.014494213038045645","true","true","PrecisionReached","6118.634888485132","341268",""
"research","gaussian","qslice-cauchy","16","267715","stopped","2000","x","0.0","0.00786363302178672","0.060869580184260946","true","true","PrecisionReached","8000.0","341268",""
"research","gaussian","qslice-cauchy","16","267715","stopped","2000","xSquared","1.0","1.0126990668612232","0.10289312632458536","true","true","PrecisionReached","5196.311543690965","341268",""
"research","gaussian","qslice-cauchy","16","267715","stopped","2000","y","0.0","0.011673924331023988","0.059577089276962744","true","true","PrecisionReached","7905.905883330728","341268",""
"research","gaussian","qslice-cauchy","16","267715","stopped","2000","ySquared","1.0","0.9971543608512274","0.09821001038850363","true","true","PrecisionReached","5771.142296887894","341268",""
"research","gaussian","qslice-cauchy","17","275634","fixed","12000","event","0.045500263896358334","0.04610416666666667","0.005983644543172571","true","true","FixedBudget","36207.2644450794","340829",""
"research","gaussian","qslice-cauchy","17","275634","fixed","12000","x","0.0","-0.004800297688897115","0.023866704434645235","true","true","FixedBudget","46905.72513595295","340829",""
"research","gaussian","qslice-cauchy","17","275634","fixed","12000","xSquared","1.0","1.0067404211082012","0.04193418762336279","true","true","FixedBudget","31980.61381661483","340829",""
"research","gaussian","qslice-cauchy","17","275634","fixed","12000","y","0.0","-0.003998263207038999","0.023677441514057262","true","true","FixedBudget","47913.373700763215","340829",""
"research","gaussian","qslice-cauchy","17","275634","fixed","12000","ySquared","1.0","1.012115225253635","0.04145244098780424","true","true","FixedBudget","32047.29129622267","340829",""
"research","gaussian","qslice-cauchy","17","275634","stopped","2000","event","0.045500263896358334","0.045","0.015499090069180831","true","true","PrecisionReached","5630.189970104383","340829",""
"research","gaussian","qslice-cauchy","17","275634","stopped","2000","x","0.0","0.013819487996450497","0.059099939531972144","true","true","PrecisionReached","7514.632293012217","340829",""
"research","gaussian","qslice-cauchy","17","275634","stopped","2000","xSquared","1.0","0.9890476928624353","0.1066445413261488","true","true","PrecisionReached","5267.136452662077","340829",""
"research","gaussian","qslice-cauchy","17","275634","stopped","2000","y","0.0","-0.007218458956712581","0.06068773544267245","true","true","PrecisionReached","7818.88755261759","340829",""
"research","gaussian","qslice-cauchy","17","275634","stopped","2000","ySquared","1.0","1.0512606914407812","0.10649076806281128","true","true","PrecisionReached","5229.031921785593","340829",""
"research","gaussian","qslice-cauchy","18","283553","fixed","12000","event","0.045500263896358334","0.0449375","0.005529834205276591","true","true","FixedBudget","37249.434000111934","340917",""
"research","gaussian","qslice-cauchy","18","283553","fixed","12000","x","0.0","0.005371770816741783","0.024992764221420837","true","true","FixedBudget","47374.08482745334","340917",""
"research","gaussian","qslice-cauchy","18","283553","fixed","12000","xSquared","1.0","0.9980034127206607","0.04004986815972165","true","true","FixedBudget","32286.315668089737","340917",""
"research","gaussian","qslice-cauchy","18","283553","fixed","12000","y","0.0","-8.264763238842177E-4","0.02353645598488255","true","true","FixedBudget","48000.0","340917",""
"research","gaussian","qslice-cauchy","18","283553","fixed","12000","ySquared","1.0","1.0018909961278992","0.04083123014706756","true","true","FixedBudget","31825.51025402209","340917",""
"research","gaussian","qslice-cauchy","18","283553","stopped","2000","event","0.045500263896358334","0.041375","0.013085929980164888","true","true","PrecisionReached","6178.914561636784","340917",""
"research","gaussian","qslice-cauchy","18","283553","stopped","2000","x","0.0","0.016788501124035626","0.06527584247705356","true","true","PrecisionReached","7510.249678560938","340917",""
"research","gaussian","qslice-cauchy","18","283553","stopped","2000","xSquared","1.0","0.9861810775698348","0.09640894822971532","true","true","PrecisionReached","5296.438004564229","340917",""
"research","gaussian","qslice-cauchy","18","283553","stopped","2000","y","0.0","0.009135454557938849","0.05847726719898723","true","true","PrecisionReached","7711.173442638167","340917",""
"research","gaussian","qslice-cauchy","18","283553","stopped","2000","ySquared","1.0","0.9935338090167537","0.09524106417940047","true","true","PrecisionReached","5688.490548877522","340917",""
"research","gaussian","qslice-cauchy","19","291472","fixed","12000","event","0.045500263896358334","0.044145833333333336","0.005546441786217184","true","true","FixedBudget","36404.54748776365","341033",""
"research","gaussian","qslice-cauchy","19","291472","fixed","12000","x","0.0","0.0020696295654424324","0.02345175176542862","true","true","FixedBudget","47979.82536670068","341033",""
"research","gaussian","qslice-cauchy","19","291472","fixed","12000","xSquared","1.0","0.9942781890523897","0.040214603700685685","true","true","FixedBudget","32119.76601813374","341033",""
"research","gaussian","qslice-cauchy","19","291472","fixed","12000","y","0.0","-0.005307944114754326","0.02361823229582855","true","true","FixedBudget","48000.0","341033",""
"research","gaussian","qslice-cauchy","19","291472","fixed","12000","ySquared","1.0","1.0088926236582527","0.04210170906008529","true","true","FixedBudget","32911.832779495475","341033",""
"research","gaussian","qslice-cauchy","19","291472","stopped","2000","event","0.045500263896358334","0.042875","0.01410340403886375","true","true","PrecisionReached","5875.507223755018","341033",""
"research","gaussian","qslice-cauchy","19","291472","stopped","2000","x","0.0","0.00640930323454203","0.0588394381517838","true","true","PrecisionReached","7740.817664297174","341033",""
"research","gaussian","qslice-cauchy","19","291472","stopped","2000","xSquared","1.0","1.0097017304630702","0.10252856659799266","true","true","PrecisionReached","5121.361462607477","341033",""
"research","gaussian","qslice-cauchy","19","291472","stopped","2000","y","0.0","-0.021144220601097885","0.05794667237251006","true","true","PrecisionReached","7936.799913246639","341033",""
"research","gaussian","qslice-cauchy","19","291472","stopped","2000","ySquared","1.0","1.0044939648955766","0.09574245570235827","true","true","PrecisionReached","5672.608796485454","341033",""
"research","gaussian","qslice-cauchy","20","299391","fixed","12000","event","0.045500263896358334","0.04504166666666667","0.005519827177596344","true","true","FixedBudget","37467.189132015556","341032",""
"research","gaussian","qslice-cauchy","20","299391","fixed","12000","x","0.0","-0.007995544099743457","0.023692744768862295","true","true","FixedBudget","47066.70836503556","341032",""
"research","gaussian","qslice-cauchy","20","299391","fixed","12000","xSquared","1.0","0.9955641946462663","0.040378982226357836","true","true","FixedBudget","32711.873185059063","341032",""
"research","gaussian","qslice-cauchy","20","299391","fixed","12000","y","0.0","0.005510719677251363","0.023568407516609408","true","true","FixedBudget","47618.76171735467","341032",""
"research","gaussian","qslice-cauchy","20","299391","fixed","12000","ySquared","1.0","0.996663629447278","0.04093390078591577","true","true","FixedBudget","32128.94453562576","341032",""
"research","gaussian","qslice-cauchy","20","299391","stopped","2000","event","0.045500263896358334","0.04525","0.014040046430419654","true","true","PrecisionReached","5817.275114901944","341032",""
"research","gaussian","qslice-cauchy","20","299391","stopped","2000","x","0.0","-0.017362903743824987","0.059363226259928514","true","true","PrecisionReached","7454.879553350417","341032",""
"research","gaussian","qslice-cauchy","20","299391","stopped","2000","xSquared","1.0","0.9900552801067596","0.09937820385076615","true","true","PrecisionReached","5312.246853014584","341032",""
"research","gaussian","qslice-cauchy","20","299391","stopped","2000","y","0.0","0.01501427872238581","0.05800310012161536","true","true","PrecisionReached","7831.633297144466","341032",""
"research","gaussian","qslice-cauchy","20","299391","stopped","2000","ySquared","1.0","0.9928986713847328","0.10383852570498957","true","true","PrecisionReached","5480.856191672385","341032",""
"research","gaussian","qslice-cauchy","21","307310","fixed","12000","event","0.045500263896358334","0.043479166666666666","0.005338419698100292","true","true","FixedBudget","38922.98423163499","340761",""
"research","gaussian","qslice-cauchy","21","307310","fixed","12000","x","0.0","0.002009314485697855","0.023351253630431675","true","true","FixedBudget","48000.0","340761",""
"research","gaussian","qslice-cauchy","21","307310","fixed","12000","xSquared","1.0","0.9861891471600365","0.03920793064185148","true","true","FixedBudget","33719.339910840805","340761",""
"research","gaussian","qslice-cauchy","21","307310","fixed","12000","y","0.0","0.013750714131929187","0.023561698807386733","false","true","FixedBudget","48000.0","340761",""
"research","gaussian","qslice-cauchy","21","307310","fixed","12000","ySquared","1.0","1.004229600094168","0.04044265211220285","true","true","FixedBudget","32653.352105911446","340761",""
"research","gaussian","qslice-cauchy","21","307310","stopped","2000","event","0.045500263896358334","0.042","0.013022485324988143","true","true","PrecisionReached","6685.48851386079","340761",""
"research","gaussian","qslice-cauchy","21","307310","stopped","2000","x","0.0","0.0035671883794382575","0.05710557648862874","true","true","PrecisionReached","7937.2277146077095","340761",""
"research","gaussian","qslice-cauchy","21","307310","stopped","2000","xSquared","1.0","0.9751762300676553","0.10007363653902825","true","true","PrecisionReached","5950.746184841837","340761",""
"research","gaussian","qslice-cauchy","21","307310","stopped","2000","y","0.0","0.025326892659608857","0.057375583262762375","true","true","PrecisionReached","8000.0","340761",""
"research","gaussian","qslice-cauchy","21","307310","stopped","2000","ySquared","1.0","0.9928335708207351","0.09863348588573563","true","true","PrecisionReached","5665.9821905468425","340761",""
"research","gaussian","qslice-cauchy","22","315229","fixed","12000","event","0.045500263896358334","0.04454166666666667","0.005514290492226289","true","true","FixedBudget","37145.15137865779","341308",""
"research","gaussian","qslice-cauchy","22","315229","fixed","12000","x","0.0","-0.0016469829292129479","0.02352030988015941","true","true","FixedBudget","47966.90080527182","341308",""
"research","gaussian","qslice-cauchy","22","315229","fixed","12000","xSquared","1.0","0.9998289729339829","0.04223972840928561","true","true","FixedBudget","32189.092221131512","341308",""
"research","gaussian","qslice-cauchy","22","315229","fixed","12000","y","0.0","0.0037557208440059386","0.023844592623694108","true","true","FixedBudget","46699.53371367162","341308",""
"research","gaussian","qslice-cauchy","22","315229","fixed","12000","ySquared","1.0","1.0004497572800561","0.04110237538254232","true","true","FixedBudget","31951.53628055747","341308",""
"research","gaussian","qslice-cauchy","22","315229","stopped","2000","event","0.045500263896358334","0.042","0.013713953149107554","true","true","PrecisionReached","6077.479893372705","341308",""
"research","gaussian","qslice-cauchy","22","315229","stopped","2000","x","0.0","-0.0034452737412065115","0.059879243846432124","true","true","PrecisionReached","7736.013196261906","341308",""
"research","gaussian","qslice-cauchy","22","315229","stopped","2000","xSquared","1.0","1.0035931643834948","0.10147016795039641","true","true","PrecisionReached","5271.097430849558","341308",""
"research","gaussian","qslice-cauchy","22","315229","stopped","2000","y","0.0","-0.006334234448807208","0.060792322145086126","true","true","PrecisionReached","7361.728008882774","341308",""
"research","gaussian","qslice-cauchy","22","315229","stopped","2000","ySquared","1.0","1.0000153688970872","0.10627595573428439","true","true","PrecisionReached","5210.761184033353","341308",""
"research","gaussian","qslice-cauchy","23","323148","fixed","12000","event","0.045500263896358334","0.04620833333333333","0.00559634423825668","true","true","FixedBudget","37348.07181164039","340584",""
"research","gaussian","qslice-cauchy","23","323148","fixed","12000","x","0.0","0.0014109131194836033","0.023594108553214716","true","true","FixedBudget","48000.0","340584",""
"research","gaussian","qslice-cauchy","23","323148","fixed","12000","xSquared","1.0","1.0068065774319706","0.040634164906283035","true","true","FixedBudget","32707.300483343835","340584",""
"research","gaussian","qslice-cauchy","23","323148","fixed","12000","y","0.0","4.4611476371844705E-5","0.023853477251551382","true","true","FixedBudget","46755.464381014484","340584",""
"research","gaussian","qslice-cauchy","23","323148","fixed","12000","ySquared","1.0","1.002380414133314","0.040830421460314424","true","true","FixedBudget","32174.52054209159","340584",""
"research","gaussian","qslice-cauchy","23","323148","stopped","2000","event","0.045500263896358334","0.0415","0.013727135976255734","true","true","PrecisionReached","5897.337334247812","340584",""
"research","gaussian","qslice-cauchy","23","323148","stopped","2000","x","0.0","0.005349583085533682","0.05685800881576357","true","true","PrecisionReached","8000.0","340584",""
"research","gaussian","qslice-cauchy","23","323148","stopped","2000","xSquared","1.0","0.9744007165735094","0.09704979968158906","true","true","PrecisionReached","5456.316817937775","340584",""
"research","gaussian","qslice-cauchy","23","323148","stopped","2000","y","0.0","0.010802369637284412","0.0601871103585656","true","true","PrecisionReached","7601.860153309994","340584",""
"research","gaussian","qslice-cauchy","23","323148","stopped","2000","ySquared","1.0","0.9828023431814271","0.09417978286506015","true","true","PrecisionReached","5875.770421900328","340584",""
"research","gaussian","qslice-cauchy","24","331067","fixed","12000","event","0.045500263896358334","0.044333333333333336","0.005586518020815928","true","true","FixedBudget","36029.44852657648","340186",""
"research","gaussian","qslice-cauchy","24","331067","fixed","12000","x","0.0","-0.003420247678095456","0.024240292939625385","true","true","FixedBudget","45357.39510663348","340186",""
"research","gaussian","qslice-cauchy","24","331067","fixed","12000","xSquared","1.0","1.004212662926938","0.04246986122081772","true","true","FixedBudget","30761.383725782263","340186",""
"research","gaussian","qslice-cauchy","24","331067","fixed","12000","y","0.0","-0.0013796754449011406","0.023804862409341498","true","true","FixedBudget","47001.30114116737","340186",""
"research","gaussian","qslice-cauchy","24","331067","fixed","12000","ySquared","1.0","1.0035496350434308","0.04149147745976027","true","true","FixedBudget","32593.26935005985","340186",""
"research","gaussian","qslice-cauchy","24","331067","stopped","2000","event","0.045500263896358334","0.0455","0.01413172550987508","true","true","PrecisionReached","5996.527780243987","340186",""
"research","gaussian","qslice-cauchy","24","331067","stopped","2000","x","0.0","-0.01541160821216625","0.060512732053239565","true","true","PrecisionReached","7748.453001406142","340186",""
"research","gaussian","qslice-cauchy","24","331067","stopped","2000","xSquared","1.0","1.0097466892647655","0.1089489341547475","true","true","PrecisionReached","4904.787791817288","340186",""
"research","gaussian","qslice-cauchy","24","331067","stopped","2000","y","0.0","0.0075179247001239125","0.05791900514300918","true","true","PrecisionReached","7791.335009776289","340186",""
"research","gaussian","qslice-cauchy","24","331067","stopped","2000","ySquared","1.0","0.984760343866979","0.09973355933036876","true","true","PrecisionReached","5436.83966273218","340186",""
"research","gaussian","qslice-cauchy","25","338986","fixed","12000","event","0.045500263896358334","0.04654166666666667","0.005754707066960353","true","true","FixedBudget","35563.165068338756","340621",""
"research","gaussian","qslice-cauchy","25","338986","fixed","12000","x","0.0","0.0029176965603139315","0.023540291314506776","true","true","FixedBudget","48000.0","340621",""
"research","gaussian","qslice-cauchy","25","338986","fixed","12000","xSquared","1.0","1.0022253741338123","0.04138657101821358","true","true","FixedBudget","31747.554789928865","340621",""
"research","gaussian","qslice-cauchy","25","338986","fixed","12000","y","0.0","7.441977835220825E-5","0.024010189762103264","true","true","FixedBudget","45636.78925201555","340621",""
"research","gaussian","qslice-cauchy","25","338986","fixed","12000","ySquared","1.0","0.9912953552755341","0.0397801837695804","true","true","FixedBudget","32035.729409356078","340621",""
"research","gaussian","qslice-cauchy","25","338986","stopped","2000","event","0.045500263896358334","0.044125","0.015037703888984531","true","true","PrecisionReached","5920.049224069554","340621",""
"research","gaussian","qslice-cauchy","25","338986","stopped","2000","x","0.0","0.009477606918714354","0.05751496800388527","true","true","PrecisionReached","8000.0","340621",""
"research","gaussian","qslice-cauchy","25","338986","stopped","2000","xSquared","1.0","0.9760243926537087","0.10904393171996506","true","true","PrecisionReached","4708.795733752896","340621",""
"research","gaussian","qslice-cauchy","25","338986","stopped","2000","y","0.0","0.002436748756826812","0.05729529963915591","true","true","PrecisionReached","7914.615513455732","340621",""
"research","gaussian","qslice-cauchy","25","338986","stopped","2000","ySquared","1.0","0.9788632091668547","0.09903553050595526","true","true","PrecisionReached","5248.87373222499","340621",""
"research","gaussian","qslice-cauchy","26","346905","fixed","12000","event","0.045500263896358334","0.0455625","0.005562313221813008","true","true","FixedBudget","37303.308905105296","340757",""
"research","gaussian","qslice-cauchy","26","346905","fixed","12000","x","0.0","0.0016297186586606838","0.02359819426005252","true","true","FixedBudget","48000.0","340757",""
"research","gaussian","qslice-cauchy","26","346905","fixed","12000","xSquared","1.0","1.007155962381139","0.041103571697033804","true","true","FixedBudget","32121.085146558806","340757",""
"research","gaussian","qslice-cauchy","26","346905","fixed","12000","y","0.0","4.0741606888183846E-4","0.024373033319864946","true","true","FixedBudget","46353.2225403436","340757",""
"research","gaussian","qslice-cauchy","26","346905","fixed","12000","ySquared","1.0","1.0046237566261418","0.040172606067263555","true","true","FixedBudget","32885.44750033126","340757",""
"research","gaussian","qslice-cauchy","26","346905","stopped","2000","event","0.045500263896358334","0.047","0.014559488451548145","true","true","PrecisionReached","5608.503131485942","340757",""
"research","gaussian","qslice-cauchy","26","346905","stopped","2000","x","0.0","9.62655051754524E-4","0.05777360231534333","true","true","PrecisionReached","8000.0","340757",""
"research","gaussian","qslice-cauchy","26","346905","stopped","2000","xSquared","1.0","1.0060066270308723","0.1033885634214195","true","true","PrecisionReached","4993.428935261008","340757",""
"research","gaussian","qslice-cauchy","26","346905","stopped","2000","y","0.0","-0.019709047737683782","0.0572617576386994","true","true","PrecisionReached","8000.0","340757",""
"research","gaussian","qslice-cauchy","26","346905","stopped","2000","ySquared","1.0","0.9886477131073061","0.09522990016580199","true","true","PrecisionReached","5801.273096142309","340757",""
"research","gaussian","qslice-cauchy","27","354824","fixed","12000","event","0.045500263896358334","0.044270833333333336","0.005490165065467223","true","true","FixedBudget","37255.03118607013","340085",""
"research","gaussian","qslice-cauchy","27","354824","fixed","12000","x","0.0","0.005760806032325538","0.024459520221698665","true","true","FixedBudget","47362.695995914335","340085",""
"research","gaussian","qslice-cauchy","27","354824","fixed","12000","xSquared","1.0","0.9972417412194252","0.03969547781270935","true","true","FixedBudget","33543.5739494633","340085",""
"research","gaussian","qslice-cauchy","27","354824","fixed","12000","y","0.0","-0.005358176123685554","0.023490754448157392","true","true","FixedBudget","47818.645415450555","340085",""
"research","gaussian","qslice-cauchy","27","354824","fixed","12000","ySquared","1.0","0.9942613151435267","0.04015172535589574","true","true","FixedBudget","32671.927159469953","340085",""
"research","gaussian","qslice-cauchy","27","354824","stopped","2000","event","0.045500263896358334","0.04275","0.013629341696041873","true","true","PrecisionReached","5847.364615855407","340085",""
"research","gaussian","qslice-cauchy","27","354824","stopped","2000","x","0.0","0.010181768761657883","0.05838679307248214","true","true","PrecisionReached","7858.395040880349","340085",""
"research","gaussian","qslice-cauchy","27","354824","stopped","2000","xSquared","1.0","1.0093906241331703","0.09427827087029518","true","true","PrecisionReached","5575.671186629722","340085",""
"research","gaussian","qslice-cauchy","27","354824","stopped","2000","y","0.0","-0.01087819843672272","0.058736327954779274","true","true","PrecisionReached","7611.793364268808","340085",""
"research","gaussian","qslice-cauchy","27","354824","stopped","2000","ySquared","1.0","0.9894732908761863","0.09635634162249443","true","true","PrecisionReached","5336.8495453467785","340085",""
"research","gaussian","qslice-cauchy","28","362743","fixed","12000","event","0.045500263896358334","0.0438125","0.005379851874529178","true","true","FixedBudget","38415.249587882136","341340",""
"research","gaussian","qslice-cauchy","28","362743","fixed","12000","x","0.0","0.005219776237487483","0.023624436829744036","true","true","FixedBudget","47053.7312719819","341340",""
"research","gaussian","qslice-cauchy","28","362743","fixed","12000","xSquared","1.0","0.9895226886187825","0.04000147944393098","true","true","FixedBudget","33710.81549263672","341340",""
"research","gaussian","qslice-cauchy","28","362743","fixed","12000","y","0.0","-0.002082270066586789","0.02506692211342344","true","true","FixedBudget","47486.46992624451","341340",""
"research","gaussian","qslice-cauchy","28","362743","fixed","12000","ySquared","1.0","1.00517107203136","0.040514321506043637","true","true","FixedBudget","32642.30087737762","341340",""
"research","gaussian","qslice-cauchy","28","362743","stopped","2000","event","0.045500263896358334","0.04275","0.01362674180233986","true","true","PrecisionReached","5849.596106982237","341340",""
"research","gaussian","qslice-cauchy","28","362743","stopped","2000","x","0.0","0.007590196269365412","0.057641191297677946","true","true","PrecisionReached","7673.924488199828","341340",""
"research","gaussian","qslice-cauchy","28","362743","stopped","2000","xSquared","1.0","0.9606407887189313","0.09831458008726769","true","true","PrecisionReached","5032.166888150888","341340",""
"research","gaussian","qslice-cauchy","28","362743","stopped","2000","y","0.0","0.004528170833437484","0.05957326333924542","true","true","PrecisionReached","7761.871290015549","341340",""
"research","gaussian","qslice-cauchy","28","362743","stopped","2000","ySquared","1.0","1.0378374979714045","0.10497693083838387","true","true","PrecisionReached","5394.415925483998","341340",""
"research","gaussian","qslice-cauchy","29","370662","fixed","12000","event","0.045500263896358334","0.04616666666666667","0.005581881050667324","true","true","FixedBudget","37509.6539586208","340609",""
"research","gaussian","qslice-cauchy","29","370662","fixed","12000","x","0.0","-0.003485019535216516","0.023838647229140635","true","true","FixedBudget","47030.23242917782","340609",""
"research","gaussian","qslice-cauchy","29","370662","fixed","12000","xSquared","1.0","1.0070299297389957","0.04066853648864107","true","true","FixedBudget","32289.09173111108","340609",""
"research","gaussian","qslice-cauchy","29","370662","fixed","12000","y","0.0","-0.0011137986635996466","0.02437383058565427","true","true","FixedBudget","47610.78502304726","340609",""
"research","gaussian","qslice-cauchy","29","370662","fixed","12000","ySquared","1.0","1.0052569405705274","0.0404296347422807","true","true","FixedBudget","32744.86248586367","340609",""
"research","gaussian","qslice-cauchy","29","370662","stopped","2000","event","0.045500263896358334","0.046875","0.013726650837346078","true","true","PrecisionReached","6293.763348074679","340609",""
"research","gaussian","qslice-cauchy","29","370662","stopped","2000","x","0.0","0.0032483101420468508","0.058171500513145284","true","true","PrecisionReached","7956.586560328848","340609",""
"research","gaussian","qslice-cauchy","29","370662","stopped","2000","xSquared","1.0","1.0143863616090165","0.09987481779119717","true","true","PrecisionReached","5448.032751724167","340609",""
"research","gaussian","qslice-cauchy","29","370662","stopped","2000","y","0.0","-0.004370356639227926","0.057846240779684754","true","true","PrecisionReached","7862.702366965547","340609",""
"research","gaussian","qslice-cauchy","29","370662","stopped","2000","ySquared","1.0","0.9912473650398276","0.10379933013183387","true","true","PrecisionReached","5035.054845720791","340609",""
"research","unequal-modes","figaro-block","0","141011","fixed","12000","event","0.20000000000000037","0.5","NaN","false","false","FixedBudget","4.000333361113426","78523","InvalidRHat|InsufficientBulkEss|InsufficientMeanEss|UnavailableMcse"
"research","unequal-modes","figaro-block","0","141011","fixed","12000","x","-2.4","0.004704943931596706","10.310783257057127","true","false","FixedBudget","4.057135856016659","78523","InvalidRHat|InsufficientBulkEss|InsufficientMeanEss|WidthTooLarge"
"research","unequal-modes","figaro-block","0","141011","fixed","12000","xSquared","16.25","16.251754718735082","0.21867322289800328","true","true","FixedBudget","9104.235798240074","78523",""
"research","unequal-modes","figaro-block","0","141011","fixed","12000","y","0.0","-0.003263649344487529","0.09013357236144627","true","true","FixedBudget","3288.2053183650746","78523",""
"research","unequal-modes","figaro-block","0","141011","fixed","12000","ySquared","1.0","1.006545689623137","0.10688111296044199","true","true","FixedBudget","4839.0653708942755","78523",""
"research","unequal-modes","figaro-block","0","141011","stopped","12000","event","0.20000000000000037","0.5","NaN","false","false","MaxDrawsReached","4.000333361113426","78523","InvalidRHat|InsufficientBulkEss|InsufficientMeanEss|UnavailableMcse"
"research","unequal-modes","figaro-block","0","141011","stopped","12000","x","-2.4","0.004704943931596706","10.310783257057127","true","false","MaxDrawsReached","4.057135856016659","78523","InvalidRHat|InsufficientBulkEss|InsufficientMeanEss|WidthTooLarge"
"research","unequal-modes","figaro-block","0","141011","stopped","12000","xSquared","16.25","16.251754718735082","0.21867322289800328","true","true","MaxDrawsReached","9104.235798240074","78523",""
"research","unequal-modes","figaro-block","0","141011","stopped","12000","y","0.0","-0.003263649344487529","0.09013357236144627","true","true","MaxDrawsReached","3288.2053183650746","78523",""
"research","unequal-modes","figaro-block","0","141011","stopped","12000","ySquared","1.0","1.006545689623137","0.10688111296044199","true","true","MaxDrawsReached","4839.0653708942755","78523",""
"research","unequal-modes","figaro-block","1","148930","fixed","12000","event","0.20000000000000037","0.5","NaN","false","false","FixedBudget","4.000333361113426","78382","InvalidRHat|InsufficientBulkEss|InsufficientMeanEss|UnavailableMcse"
"research","unequal-modes","figaro-block","1","148930","fixed","12000","x","-2.4","0.0010517747323883775","10.303517655249006","true","false","FixedBudget","4.0559398266039155","78382","InvalidRHat|InsufficientBulkEss|InsufficientMeanEss|WidthTooLarge"
"research","unequal-modes","figaro-block","1","148930","fixed","12000","xSquared","16.25","16.224053645685114","0.21578918287283716","true","true","FixedBudget","9149.495635298827","78382",""
"research","unequal-modes","figaro-block","1","148930","fixed","12000","y","0.0","-0.04299233639184219","0.08766501169353169","true","true","FixedBudget","3461.195871712672","78382",""
"research","unequal-modes","figaro-block","1","148930","fixed","12000","ySquared","1.0","1.0040971960720104","0.110107537070046","true","true","FixedBudget","4576.156602026982","78382",""
"research","unequal-modes","figaro-block","1","148930","stopped","12000","event","0.20000000000000037","0.5","NaN","false","false","MaxDrawsReached","4.000333361113426","78382","InvalidRHat|InsufficientBulkEss|InsufficientMeanEss|UnavailableMcse"
"research","unequal-modes","figaro-block","1","148930","stopped","12000","x","-2.4","0.0010517747323883775","10.303517655249006","true","false","MaxDrawsReached","4.0559398266039155","78382","InvalidRHat|InsufficientBulkEss|InsufficientMeanEss|WidthTooLarge"
"research","unequal-modes","figaro-block","1","148930","stopped","12000","xSquared","16.25","16.224053645685114","0.21578918287283716","true","true","MaxDrawsReached","9149.495635298827","78382",""
"research","unequal-modes","figaro-block","1","148930","stopped","12000","y","0.0","-0.04299233639184219","0.08766501169353169","true","true","MaxDrawsReached","3461.195871712672","78382",""
"research","unequal-modes","figaro-block","1","148930","stopped","12000","ySquared","1.0","1.0040971960720104","0.110107537070046","true","true","MaxDrawsReached","4576.156602026982","78382",""
"research","unequal-modes","figaro-block","2","156849","fixed","12000","event","0.20000000000000037","0.5","NaN","false","false","FixedBudget","4.000333361113426","78465","InvalidRHat|InsufficientBulkEss|InsufficientMeanEss|UnavailableMcse"
"research","unequal-modes","figaro-block","2","156849","fixed","12000","x","-2.4","0.0010826806790920074","10.33326645141085","true","false","FixedBudget","4.057163983807669","78465","InvalidRHat|InsufficientBulkEss|InsufficientMeanEss|WidthTooLarge"
"research","unequal-modes","figaro-block","2","156849","fixed","12000","xSquared","16.25","16.322799673255325","0.22885914663749635","true","true","FixedBudget","8923.47019309478","78465",""
"research","unequal-modes","figaro-block","2","156849","fixed","12000","y","0.0","0.006882592140842081","0.09321219736041887","true","true","FixedBudget","3210.9986523061148","78465",""
"research","unequal-modes","figaro-block","2","156849","fixed","12000","ySquared","1.0","1.0512402654489952","0.12154443871948155","true","true","FixedBudget","4292.168680639092","78465",""
"research","unequal-modes","figaro-block","2","156849","stopped","12000","event","0.20000000000000037","0.5","NaN","false","false","MaxDrawsReached","4.000333361113426","78465","InvalidRHat|InsufficientBulkEss|InsufficientMeanEss|UnavailableMcse"
"research","unequal-modes","figaro-block","2","156849","stopped","12000","x","-2.4","0.0010826806790920074","10.33326645141085","true","false","MaxDrawsReached","4.057163983807669","78465","InvalidRHat|InsufficientBulkEss|InsufficientMeanEss|WidthTooLarge"
"research","unequal-modes","figaro-block","2","156849","stopped","12000","xSquared","16.25","16.322799673255325","0.22885914663749635","true","true","MaxDrawsReached","8923.47019309478","78465",""
"research","unequal-modes","figaro-block","2","156849","stopped","12000","y","0.0","0.006882592140842081","0.09321219736041887","true","true","MaxDrawsReached","3210.9986523061148","78465",""
"research","unequal-modes","figaro-block","2","156849","stopped","12000","ySquared","1.0","1.0512402654489952","0.12154443871948155","true","true","MaxDrawsReached","4292.168680639092","78465",""
"research","unequal-modes","figaro-block","3","164768","fixed","12000","event","0.20000000000000037","0.25","NaN","false","false","FixedBudget","4.000333361113426","78478","InvalidRHat|InsufficientBulkEss|InsufficientMeanEss|UnavailableMcse"
"research","unequal-modes","figaro-block","3","164768","fixed","12000","x","-2.4","-2.004080342999007","8.944267712012962","true","false","FixedBudget","4.074321503559981","78478","InvalidRHat|InsufficientBulkEss|InsufficientMeanEss|WidthTooLarge"
"research","unequal-modes","figaro-block","3","164768","fixed","12000","xSquared","16.25","16.29756271053551","0.22157763416481727","true","true","FixedBudget","8674.748334730339","78478",""
"research","unequal-modes","figaro-block","3","164768","fixed","12000","y","0.0","-0.010486489772246643","0.0853072413921925","true","true","FixedBudget","3716.808487795721","78478",""
"research","unequal-modes","figaro-block","3","164768","fixed","12000","ySquared","1.0","1.0192615470788786","0.10720947542917304","true","true","FixedBudget","5323.108855259739","78478",""
"research","unequal-modes","figaro-block","3","164768","stopped","12000","event","0.20000000000000037","0.25","NaN","false","false","MaxDrawsReached","4.000333361113426","78478","InvalidRHat|InsufficientBulkEss|InsufficientMeanEss|UnavailableMcse"
"research","unequal-modes","figaro-block","3","164768","stopped","12000","x","-2.4","-2.004080342999007","8.944267712012962","true","false","MaxDrawsReached","4.074321503559981","78478","InvalidRHat|InsufficientBulkEss|InsufficientMeanEss|WidthTooLarge"
"research","unequal-modes","figaro-block","3","164768","stopped","12000","xSquared","16.25","16.29756271053551","0.22157763416481727","true","true","MaxDrawsReached","8674.748334730339","78478",""
"research","unequal-modes","figaro-block","3","164768","stopped","12000","y","0.0","-0.010486489772246643","0.0853072413921925","true","true","MaxDrawsReached","3716.808487795721","78478",""
"research","unequal-modes","figaro-block","3","164768","stopped","12000","ySquared","1.0","1.0192615470788786","0.10720947542917304","true","true","MaxDrawsReached","5323.108855259739","78478",""
"research","unequal-modes","figaro-block","4","172687","fixed","12000","event","0.20000000000000037","0.75","NaN","false","false","FixedBudget","4.000333361113426","78504","InvalidRHat|InsufficientBulkEss|InsufficientMeanEss|UnavailableMcse"
"research","unequal-modes","figaro-block","4","172687","fixed","12000","x","-2.4","2.0088338779434562","8.949545557538732","true","false","FixedBudget","4.07531930774219","78504","InvalidRHat|InsufficientBulkEss|InsufficientMeanEss|WidthTooLarge"
"research","unequal-modes","figaro-block","4","172687","fixed","12000","xSquared","16.25","16.334147589069087","0.22903994059267896","true","true","FixedBudget","8697.031015921888","78504",""
"research","unequal-modes","figaro-block","4","172687","fixed","12000","y","0.0","0.0107115958169971","0.09117026216070526","true","true","FixedBudget","3178.286536364213","78504",""
"research","unequal-modes","figaro-block","4","172687","fixed","12000","ySquared","1.0","0.9955115767594084","0.10004919595054361","true","true","FixedBudget","5027.827289587495","78504",""
"research","unequal-modes","figaro-block","4","172687","stopped","12000","event","0.20000000000000037","0.75","NaN","false","false","MaxDrawsReached","4.000333361113426","78504","InvalidRHat|InsufficientBulkEss|InsufficientMeanEss|UnavailableMcse"
"research","unequal-modes","figaro-block","4","172687","stopped","12000","x","-2.4","2.0088338779434562","8.949545557538732","true","false","MaxDrawsReached","4.07531930774219","78504","InvalidRHat|InsufficientBulkEss|InsufficientMeanEss|WidthTooLarge"
"research","unequal-modes","figaro-block","4","172687","stopped","12000","xSquared","16.25","16.334147589069087","0.22903994059267896","true","true","MaxDrawsReached","8697.031015921888","78504",""
"research","unequal-modes","figaro-block","4","172687","stopped","12000","y","0.0","0.0107115958169971","0.09117026216070526","true","true","MaxDrawsReached","3178.286536364213","78504",""
"research","unequal-modes","figaro-block","4","172687","stopped","12000","ySquared","1.0","0.9955115767594084","0.10004919595054361","true","true","MaxDrawsReached","5027.827289587495","78504",""
"research","unequal-modes","figaro-block","5","180606","fixed","12000","event","0.20000000000000037","0.25","NaN","false","false","FixedBudget","4.000333361113426","78464","InvalidRHat|InsufficientBulkEss|InsufficientMeanEss|UnavailableMcse"
"research","unequal-modes","figaro-block","5","180606","fixed","12000","x","-2.4","-1.9912278620764141","8.928914265450386","true","false","FixedBudget","4.074554110970392","78464","InvalidRHat|InsufficientBulkEss|InsufficientMeanEss|WidthTooLarge"
"research","unequal-modes","figaro-block","5","180606","fixed","12000","xSquared","16.25","16.20478489692312","0.22149500815108916","true","true","FixedBudget","8660.32498645052","78464",""
"research","unequal-modes","figaro-block","5","180606","fixed","12000","y","0.0","0.017706422648150255","0.08410154989489071","true","true","FixedBudget","3627.802154235496","78464",""
"research","unequal-modes","figaro-block","5","180606","fixed","12000","ySquared","1.0","0.9671396817444338","0.09893916257257303","true","true","FixedBudget","5174.039718583552","78464",""
"research","unequal-modes","figaro-block","5","180606","stopped","12000","event","0.20000000000000037","0.25","NaN","false","false","MaxDrawsReached","4.000333361113426","78464","InvalidRHat|InsufficientBulkEss|InsufficientMeanEss|UnavailableMcse"
"research","unequal-modes","figaro-block","5","180606","stopped","12000","x","-2.4","-1.9912278620764141","8.928914265450386","true","false","MaxDrawsReached","4.074554110970392","78464","InvalidRHat|InsufficientBulkEss|InsufficientMeanEss|WidthTooLarge"
"research","unequal-modes","figaro-block","5","180606","stopped","12000","xSquared","16.25","16.20478489692312","0.22149500815108916","true","true","MaxDrawsReached","8660.32498645052","78464",""
"research","unequal-modes","figaro-block","5","180606","stopped","12000","y","0.0","0.017706422648150255","0.08410154989489071","true","true","MaxDrawsReached","3627.802154235496","78464",""
"research","unequal-modes","figaro-block","5","180606","stopped","12000","ySquared","1.0","0.9671396817444338","0.09893916257257303","true","true","MaxDrawsReached","5174.039718583552","78464",""
"research","unequal-modes","figaro-block","6","188525","fixed","12000","event","0.20000000000000037","0.5","NaN","false","false","FixedBudget","4.000333361113426","78346","InvalidRHat|InsufficientBulkEss|InsufficientMeanEss|UnavailableMcse"
"research","unequal-modes","figaro-block","6","188525","fixed","12000","x","-2.4","-0.004927185134748768","10.330202610165484","true","false","FixedBudget","4.0562818248780115","78346","InvalidRHat|InsufficientBulkEss|InsufficientMeanEss|WidthTooLarge"
"research","unequal-modes","figaro-block","6","188525","fixed","12000","xSquared","16.25","16.309597705016998","0.2208069067145549","true","true","FixedBudget","8890.646864716413","78346",""
"research","unequal-modes","figaro-block","6","188525","fixed","12000","y","0.0","0.003256766045454107","0.08643027428600733","true","true","FixedBudget","3500.228191660258","78346",""
"research","unequal-modes","figaro-block","6","188525","fixed","12000","ySquared","1.0","0.9852118299535872","0.10513228152627796","true","true","FixedBudget","4695.3905517099065","78346",""
"research","unequal-modes","figaro-block","6","188525","stopped","12000","event","0.20000000000000037","0.5","NaN","false","false","MaxDrawsReached","4.000333361113426","78346","InvalidRHat|InsufficientBulkEss|InsufficientMeanEss|UnavailableMcse"
"research","unequal-modes","figaro-block","6","188525","stopped","12000","x","-2.4","-0.004927185134748768","10.330202610165484","true","false","MaxDrawsReached","4.0562818248780115","78346","InvalidRHat|InsufficientBulkEss|InsufficientMeanEss|WidthTooLarge"
"research","unequal-modes","figaro-block","6","188525","stopped","12000","xSquared","16.25","16.309597705016998","0.2208069067145549","true","true","MaxDrawsReached","8890.646864716413","78346",""
"research","unequal-modes","figaro-block","6","188525","stopped","12000","y","0.0","0.003256766045454107","0.08643027428600733","true","true","MaxDrawsReached","3500.228191660258","78346",""
"research","unequal-modes","figaro-block","6","188525","stopped","12000","ySquared","1.0","0.9852118299535872","0.10513228152627796","true","true","MaxDrawsReached","4695.3905517099065","78346",""
"research","unequal-modes","figaro-block","7","196444","fixed","12000","event","0.20000000000000037","0.75","NaN","false","false","FixedBudget","4.000333361113426","78438","InvalidRHat|InsufficientBulkEss|InsufficientMeanEss|UnavailableMcse"
"research","unequal-modes","figaro-block","7","196444","fixed","12000","x","-2.4","1.9965419474473487","8.951638120453978","true","false","FixedBudget","4.075043373448147","78438","InvalidRHat|InsufficientBulkEss|InsufficientMeanEss|WidthTooLarge"
"research","unequal-modes","figaro-block","7","196444","fixed","12000","xSquared","16.25","16.289832665772547","0.22092421930615355","true","true","FixedBudget","8863.106039234444","78438",""
"research","unequal-modes","figaro-block","7","196444","fixed","12000","y","0.0","-0.022875712392731895","0.08651336592586586","true","true","FixedBudget","3457.958837570003","78438",""
"research","unequal-modes","figaro-block","7","196444","fixed","12000","ySquared","1.0","0.9756993766344084","0.10474858998165655","true","true","FixedBudget","4878.9614211429525","78438",""
"research","unequal-modes","figaro-block","7","196444","stopped","12000","event","0.20000000000000037","0.75","NaN","false","false","MaxDrawsReached","4.000333361113426","78438","InvalidRHat|InsufficientBulkEss|InsufficientMeanEss|UnavailableMcse"
"research","unequal-modes","figaro-block","7","196444","stopped","12000","x","-2.4","1.9965419474473487","8.951638120453978","true","false","MaxDrawsReached","4.075043373448147","78438","InvalidRHat|InsufficientBulkEss|InsufficientMeanEss|WidthTooLarge"
"research","unequal-modes","figaro-block","7","196444","stopped","12000","xSquared","16.25","16.289832665772547","0.22092421930615355","true","true","MaxDrawsReached","8863.106039234444","78438",""
"research","unequal-modes","figaro-block","7","196444","stopped","12000","y","0.0","-0.022875712392731895","0.08651336592586586","true","true","MaxDrawsReached","3457.958837570003","78438",""
"research","unequal-modes","figaro-block","7","196444","stopped","12000","ySquared","1.0","0.9756993766344084","0.10474858998165655","true","true","MaxDrawsReached","4878.9614211429525","78438",""
"research","unequal-modes","figaro-block","8","204363","fixed","12000","event","0.20000000000000037","0.5","NaN","false","false","FixedBudget","4.000333361113426","78457","InvalidRHat|InsufficientBulkEss|InsufficientMeanEss|UnavailableMcse"
"research","unequal-modes","figaro-block","8","204363","fixed","12000","x","-2.4","0.004702233481301832","10.311468681499443","true","false","FixedBudget","4.0558080371117065","78457","InvalidRHat|InsufficientBulkEss|InsufficientMeanEss|WidthTooLarge"
"research","unequal-modes","figaro-block","8","204363","fixed","12000","xSquared","16.25","16.248595908436087","0.22709310197795662","true","true","FixedBudget","8208.761869204038","78457",""
"research","unequal-modes","figaro-block","8","204363","fixed","12000","y","0.0","-0.002857850110075111","0.08707575420691235","true","true","FixedBudget","3401.6390384262963","78457",""
"research","unequal-modes","figaro-block","8","204363","fixed","12000","ySquared","1.0","0.9718140377158622","0.0959605933100331","true","true","FixedBudget","5177.0705076052145","78457",""
"research","unequal-modes","figaro-block","8","204363","stopped","12000","event","0.20000000000000037","0.5","NaN","false","false","MaxDrawsReached","4.000333361113426","78457","InvalidRHat|InsufficientBulkEss|InsufficientMeanEss|UnavailableMcse"
"research","unequal-modes","figaro-block","8","204363","stopped","12000","x","-2.4","0.004702233481301832","10.311468681499443","true","false","MaxDrawsReached","4.0558080371117065","78457","InvalidRHat|InsufficientBulkEss|InsufficientMeanEss|WidthTooLarge"
"research","unequal-modes","figaro-block","8","204363","stopped","12000","xSquared","16.25","16.248595908436087","0.22709310197795662","true","true","MaxDrawsReached","8208.761869204038","78457",""
"research","unequal-modes","figaro-block","8","204363","stopped","12000","y","0.0","-0.002857850110075111","0.08707575420691235","true","true","MaxDrawsReached","3401.6390384262963","78457",""
"research","unequal-modes","figaro-block","8","204363","stopped","12000","ySquared","1.0","0.9718140377158622","0.0959605933100331","true","true","MaxDrawsReached","5177.0705076052145","78457",""
"research","unequal-modes","figaro-block","9","212282","fixed","12000","event","0.20000000000000037","0.25","NaN","false","false","FixedBudget","4.000333361113426","78646","InvalidRHat|InsufficientBulkEss|InsufficientMeanEss|UnavailableMcse"
"research","unequal-modes","figaro-block","9","212282","fixed","12000","x","-2.4","-2.0031873692453903","8.909541117101993","true","false","FixedBudget","4.0764948821590155","78646","InvalidRHat|InsufficientBulkEss|InsufficientMeanEss|WidthTooLarge"
"research","unequal-modes","figaro-block","9","212282","fixed","12000","xSquared","16.25","16.2053048815461","0.22151277516380796","true","true","FixedBudget","8815.559792041366","78646",""
"research","unequal-modes","figaro-block","9","212282","fixed","12000","y","0.0","0.022396162239167072","0.08688849112939538","true","true","FixedBudget","3622.4079312743524","78646",""
"research","unequal-modes","figaro-block","9","212282","fixed","12000","ySquared","1.0","1.0309320019083725","0.11119638861308107","true","true","FixedBudget","4688.953921731254","78646",""
"research","unequal-modes","figaro-block","9","212282","stopped","12000","event","0.20000000000000037","0.25","NaN","false","false","MaxDrawsReached","4.000333361113426","78646","InvalidRHat|InsufficientBulkEss|InsufficientMeanEss|UnavailableMcse"
"research","unequal-modes","figaro-block","9","212282","stopped","12000","x","-2.4","-2.0031873692453903","8.909541117101993","true","false","MaxDrawsReached","4.0764948821590155","78646","InvalidRHat|InsufficientBulkEss|InsufficientMeanEss|WidthTooLarge"
"research","unequal-modes","figaro-block","9","212282","stopped","12000","xSquared","16.25","16.2053048815461","0.22151277516380796","true","true","MaxDrawsReached","8815.559792041366","78646",""
"research","unequal-modes","figaro-block","9","212282","stopped","12000","y","0.0","0.022396162239167072","0.08688849112939538","true","true","MaxDrawsReached","3622.4079312743524","78646",""
"research","unequal-modes","figaro-block","9","212282","stopped","12000","ySquared","1.0","1.0309320019083725","0.11119638861308107","true","true","MaxDrawsReached","4688.953921731254","78646",""
"research","unequal-modes","figaro-block","10","220201","fixed","12000","event","0.20000000000000037","1.0","NaN","false","false","FixedBudget","NaN","78352","InvalidRHat|InsufficientBulkEss|InsufficientMeanEss|UnavailableMcse|InvalidTargetWidth"
"research","unequal-modes","figaro-block","10","220201","fixed","12000","x","-2.4","3.998530245749492","0.02857309258154352","false","true","FixedBudget","8055.733108376254","78352",""
"research","unequal-modes","figaro-block","10","220201","fixed","12000","xSquared","16.25","16.236052722496055","0.2294529108964203","true","true","FixedBudget","8079.842316861938","78352",""
"research","unequal-modes","figaro-block","10","220201","fixed","12000","y","0.0","-0.015075845568705892","0.08840781617378024","true","true","FixedBudget","3447.1127411451116","78352",""
"research","unequal-modes","figaro-block","10","220201","fixed","12000","ySquared","1.0","1.0153852193630222","0.10905970536465519","true","true","FixedBudget","4713.685298228114","78352",""
"research","unequal-modes","figaro-block","10","220201","stopped","12000","event","0.20000000000000037","1.0","NaN","false","false","MaxDrawsReached","NaN","78352","InvalidRHat|InsufficientBulkEss|InsufficientMeanEss|UnavailableMcse|InvalidTargetWidth"
"research","unequal-modes","figaro-block","10","220201","stopped","12000","x","-2.4","3.998530245749492","0.02857309258154352","false","true","MaxDrawsReached","8055.733108376254","78352",""
"research","unequal-modes","figaro-block","10","220201","stopped","12000","xSquared","16.25","16.236052722496055","0.2294529108964203","true","true","MaxDrawsReached","8079.842316861938","78352",""
"research","unequal-modes","figaro-block","10","220201","stopped","12000","y","0.0","-0.015075845568705892","0.08840781617378024","true","true","MaxDrawsReached","3447.1127411451116","78352",""
"research","unequal-modes","figaro-block","10","220201","stopped","12000","ySquared","1.0","1.0153852193630222","0.10905970536465519","true","true","MaxDrawsReached","4713.685298228114","78352",""
"research","unequal-modes","figaro-block","11","228120","fixed","12000","event","0.20000000000000037","0.5","NaN","false","false","FixedBudget","4.000333361113426","78563","InvalidRHat|InsufficientBulkEss|InsufficientMeanEss|UnavailableMcse"
"research","unequal-modes","figaro-block","11","228120","fixed","12000","x","-2.4","-0.011452634109639703","10.323044928800021","true","false","FixedBudget","4.056095286680423","78563","InvalidRHat|InsufficientBulkEss|InsufficientMeanEss|WidthTooLarge"
"research","unequal-modes","figaro-block","11","228120","fixed","12000","xSquared","16.25","16.286361983105408","0.22422415664464096","true","true","FixedBudget","8517.418595842497","78563",""
"research","unequal-modes","figaro-block","11","228120","fixed","12000","y","0.0","-0.02689910228150738","0.09096909124980652","true","true","FixedBudget","3307.4381935861743","78563",""
"research","unequal-modes","figaro-block","11","228120","fixed","12000","ySquared","1.0","1.0320027448663898","0.10887480872983367","true","true","FixedBudget","4765.239017252664","78563",""
"research","unequal-modes","figaro-block","11","228120","stopped","12000","event","0.20000000000000037","0.5","NaN","false","false","MaxDrawsReached","4.000333361113426","78563","InvalidRHat|InsufficientBulkEss|InsufficientMeanEss|UnavailableMcse"
"research","unequal-modes","figaro-block","11","228120","stopped","12000","x","-2.4","-0.011452634109639703","10.323044928800021","true","false","MaxDrawsReached","4.056095286680423","78563","InvalidRHat|InsufficientBulkEss|InsufficientMeanEss|WidthTooLarge"
"research","unequal-modes","figaro-block","11","228120","stopped","12000","xSquared","16.25","16.286361983105408","0.22422415664464096","true","true","MaxDrawsReached","8517.418595842497","78563",""
"research","unequal-modes","figaro-block","11","228120","stopped","12000","y","0.0","-0.02689910228150738","0.09096909124980652","true","true","MaxDrawsReached","3307.4381935861743","78563",""
"research","unequal-modes","figaro-block","11","228120","stopped","12000","ySquared","1.0","1.0320027448663898","0.10887480872983367","true","true","MaxDrawsReached","4765.239017252664","78563",""
"research","unequal-modes","figaro-block","12","236039","fixed","12000","event","0.20000000000000037","0.0","NaN","false","false","FixedBudget","NaN","78326","InvalidRHat|InsufficientBulkEss|InsufficientMeanEss|UnavailableMcse|InvalidTargetWidth"
"research","unequal-modes","figaro-block","12","236039","fixed","12000","x","-2.4","-4.001986697849126","0.027138952539746387","false","true","FixedBudget","9053.720234597917","78326",""
"research","unequal-modes","figaro-block","12","236039","fixed","12000","xSquared","16.25","16.264480992285264","0.22002340694670247","true","true","FixedBudget","9031.434424491668","78326",""
"research","unequal-modes","figaro-block","12","236039","fixed","12000","y","0.0","0.011526060710792985","0.08369590852960085","true","true","FixedBudget","3754.6926108584917","78326",""
"research","unequal-modes","figaro-block","12","236039","fixed","12000","ySquared","1.0","0.9911465212738536","0.09871943586958906","true","true","FixedBudget","5345.89191293795","78326",""
"research","unequal-modes","figaro-block","12","236039","stopped","12000","event","0.20000000000000037","0.0","NaN","false","false","MaxDrawsReached","NaN","78326","InvalidRHat|InsufficientBulkEss|InsufficientMeanEss|UnavailableMcse|InvalidTargetWidth"
"research","unequal-modes","figaro-block","12","236039","stopped","12000","x","-2.4","-4.001986697849126","0.027138952539746387","false","true","MaxDrawsReached","9053.720234597917","78326",""
"research","unequal-modes","figaro-block","12","236039","stopped","12000","xSquared","16.25","16.264480992285264","0.22002340694670247","true","true","MaxDrawsReached","9031.434424491668","78326",""
"research","unequal-modes","figaro-block","12","236039","stopped","12000","y","0.0","0.011526060710792985","0.08369590852960085","true","true","MaxDrawsReached","3754.6926108584917","78326",""
"research","unequal-modes","figaro-block","12","236039","stopped","12000","ySquared","1.0","0.9911465212738536","0.09871943586958906","true","true","MaxDrawsReached","5345.89191293795","78326",""
"research","unequal-modes","figaro-block","13","243958","fixed","12000","event","0.20000000000000037","0.5","NaN","false","false","FixedBudget","4.000333361113426","78589","InvalidRHat|InsufficientBulkEss|InsufficientMeanEss|UnavailableMcse"
"research","unequal-modes","figaro-block","13","243958","fixed","12000","x","-2.4","0.007345027549154004","10.300068593910813","true","false","FixedBudget","4.057809661166192","78589","InvalidRHat|InsufficientBulkEss|InsufficientMeanEss|WidthTooLarge"
"research","unequal-modes","figaro-block","13","243958","fixed","12000","xSquared","16.25","16.220720900255994","0.2246930358165175","true","true","FixedBudget","8715.264327169327","78589",""
"research","unequal-modes","figaro-block","13","243958","fixed","12000","y","0.0","0.009861647720188604","0.087779686202691","true","true","FixedBudget","3479.284439283344","78589",""
"research","unequal-modes","figaro-block","13","243958","fixed","12000","ySquared","1.0","1.0102214718834133","0.10127651319294459","true","true","FixedBudget","5115.925183224338","78589",""
"research","unequal-modes","figaro-block","13","243958","stopped","12000","event","0.20000000000000037","0.5","NaN","false","false","MaxDrawsReached","4.000333361113426","78589","InvalidRHat|InsufficientBulkEss|InsufficientMeanEss|UnavailableMcse"
"research","unequal-modes","figaro-block","13","243958","stopped","12000","x","-2.4","0.007345027549154004","10.300068593910813","true","false","MaxDrawsReached","4.057809661166192","78589","InvalidRHat|InsufficientBulkEss|InsufficientMeanEss|WidthTooLarge"
"research","unequal-modes","figaro-block","13","243958","stopped","12000","xSquared","16.25","16.220720900255994","0.2246930358165175","true","true","MaxDrawsReached","8715.264327169327","78589",""
"research","unequal-modes","figaro-block","13","243958","stopped","12000","y","0.0","0.009861647720188604","0.087779686202691","true","true","MaxDrawsReached","3479.284439283344","78589",""
"research","unequal-modes","figaro-block","13","243958","stopped","12000","ySquared","1.0","1.0102214718834133","0.10127651319294459","true","true","MaxDrawsReached","5115.925183224338","78589",""
"research","unequal-modes","figaro-block","14","251877","fixed","12000","event","0.20000000000000037","1.0","NaN","false","false","FixedBudget","NaN","78480","InvalidRHat|InsufficientBulkEss|InsufficientMeanEss|UnavailableMcse|InvalidTargetWidth"
"research","unequal-modes","figaro-block","14","251877","fixed","12000","x","-2.4","4.001651819528836","0.028195593306994466","false","true","FixedBudget","9013.769759944576","78480",""
"research","unequal-modes","figaro-block","14","251877","fixed","12000","xSquared","16.25","16.259930224215264","0.22555792837270494","true","true","FixedBudget","9040.429896357078","78480",""
"research","unequal-modes","figaro-block","14","251877","fixed","12000","y","0.0","0.02543903443388973","0.09090099937751482","true","true","FixedBudget","3212.477948041287","78480",""
"research","unequal-modes","figaro-block","14","251877","fixed","12000","ySquared","1.0","1.0008181781776202","0.10884351724470262","true","true","FixedBudget","4630.837301853509","78480",""
"research","unequal-modes","figaro-block","14","251877","stopped","12000","event","0.20000000000000037","1.0","NaN","false","false","MaxDrawsReached","NaN","78480","InvalidRHat|InsufficientBulkEss|InsufficientMeanEss|UnavailableMcse|InvalidTargetWidth"
"research","unequal-modes","figaro-block","14","251877","stopped","12000","x","-2.4","4.001651819528836","0.028195593306994466","false","true","MaxDrawsReached","9013.769759944576","78480",""
"research","unequal-modes","figaro-block","14","251877","stopped","12000","xSquared","16.25","16.259930224215264","0.22555792837270494","true","true","MaxDrawsReached","9040.429896357078","78480",""
"research","unequal-modes","figaro-block","14","251877","stopped","12000","y","0.0","0.02543903443388973","0.09090099937751482","true","true","MaxDrawsReached","3212.477948041287","78480",""
"research","unequal-modes","figaro-block","14","251877","stopped","12000","ySquared","1.0","1.0008181781776202","0.10884351724470262","true","true","MaxDrawsReached","4630.837301853509","78480",""
"research","unequal-modes","figaro-block","15","259796","fixed","12000","event","0.20000000000000037","0.5","NaN","false","false","FixedBudget","4.000333361113426","78466","InvalidRHat|InsufficientBulkEss|InsufficientMeanEss|UnavailableMcse"
"research","unequal-modes","figaro-block","15","259796","fixed","12000","x","-2.4","-0.0011648376686830275","10.310209557967465","true","false","FixedBudget","4.056612339711493","78466","InvalidRHat|InsufficientBulkEss|InsufficientMeanEss|WidthTooLarge"
"research","unequal-modes","figaro-block","15","259796","fixed","12000","xSquared","16.25","16.247828650086525","0.2200404151058838","true","true","FixedBudget","8846.783209298437","78466",""
"research","unequal-modes","figaro-block","15","259796","fixed","12000","y","0.0","0.008640947239560992","0.08422280610880487","true","true","FixedBudget","3775.559677369439","78466",""
"research","unequal-modes","figaro-block","15","259796","fixed","12000","ySquared","1.0","1.0091824467950357","0.10132284745413724","true","true","FixedBudget","5021.815477596085","78466",""
"research","unequal-modes","figaro-block","15","259796","stopped","12000","event","0.20000000000000037","0.5","NaN","false","false","MaxDrawsReached","4.000333361113426","78466","InvalidRHat|InsufficientBulkEss|InsufficientMeanEss|UnavailableMcse"
"research","unequal-modes","figaro-block","15","259796","stopped","12000","x","-2.4","-0.0011648376686830275","10.310209557967465","true","false","MaxDrawsReached","4.056612339711493","78466","InvalidRHat|InsufficientBulkEss|InsufficientMeanEss|WidthTooLarge"
"research","unequal-modes","figaro-block","15","259796","stopped","12000","xSquared","16.25","16.247828650086525","0.2200404151058838","true","true","MaxDrawsReached","8846.783209298437","78466",""
"research","unequal-modes","figaro-block","15","259796","stopped","12000","y","0.0","0.008640947239560992","0.08422280610880487","true","true","MaxDrawsReached","3775.559677369439","78466",""
"research","unequal-modes","figaro-block","15","259796","stopped","12000","ySquared","1.0","1.0091824467950357","0.10132284745413724","true","true","MaxDrawsReached","5021.815477596085","78466",""
"research","unequal-modes","figaro-block","16","267715","fixed","12000","event","0.20000000000000037","0.25","NaN","false","false","FixedBudget","4.000333361113426","78655","InvalidRHat|InsufficientBulkEss|InsufficientMeanEss|UnavailableMcse"
"research","unequal-modes","figaro-block","16","267715","fixed","12000","x","-2.4","-1.997821637383032","8.933526981393669","true","false","FixedBudget","4.074022544595984","78655","InvalidRHat|InsufficientBulkEss|InsufficientMeanEss|WidthTooLarge"
"research","unequal-modes","figaro-block","16","267715","fixed","12000","xSquared","16.25","16.24213886953155","0.22139088778017796","true","true","FixedBudget","8848.910734670251","78655",""
"research","unequal-modes","figaro-block","16","267715","fixed","12000","y","0.0","0.015459896203295465","0.08786604991989132","true","true","FixedBudget","3439.583627626809","78655",""
"research","unequal-modes","figaro-block","16","267715","fixed","12000","ySquared","1.0","1.0008030251513291","0.09878368446655136","true","true","FixedBudget","5345.624279818982","78655",""
"research","unequal-modes","figaro-block","16","267715","stopped","12000","event","0.20000000000000037","0.25","NaN","false","false","MaxDrawsReached","4.000333361113426","78655","InvalidRHat|InsufficientBulkEss|InsufficientMeanEss|UnavailableMcse"
"research","unequal-modes","figaro-block","16","267715","stopped","12000","x","-2.4","-1.997821637383032","8.933526981393669","true","false","MaxDrawsReached","4.074022544595984","78655","InvalidRHat|InsufficientBulkEss|InsufficientMeanEss|WidthTooLarge"
"research","unequal-modes","figaro-block","16","267715","stopped","12000","xSquared","16.25","16.24213886953155","0.22139088778017796","true","true","MaxDrawsReached","8848.910734670251","78655",""
"research","unequal-modes","figaro-block","16","267715","stopped","12000","y","0.0","0.015459896203295465","0.08786604991989132","true","true","MaxDrawsReached","3439.583627626809","78655",""
"research","unequal-modes","figaro-block","16","267715","stopped","12000","ySquared","1.0","1.0008030251513291","0.09878368446655136","true","true","MaxDrawsReached","5345.624279818982","78655",""
"research","unequal-modes","figaro-block","17","275634","fixed","12000","event","0.20000000000000037","0.0","NaN","false","false","FixedBudget","NaN","78605","InvalidRHat|InsufficientBulkEss|InsufficientMeanEss|UnavailableMcse|InvalidTargetWidth"
"research","unequal-modes","figaro-block","17","275634","fixed","12000","x","-2.4","-3.9945935754652555","0.027552198534591187","false","true","FixedBudget","8827.74446788692","78605",""
"research","unequal-modes","figaro-block","17","275634","fixed","12000","xSquared","16.25","16.209276490665925","0.2220208729835189","true","true","FixedBudget","8831.043744934037","78605",""
"research","unequal-modes","figaro-block","17","275634","fixed","12000","y","0.0","-0.004825275725530848","0.08879993750661573","true","true","FixedBudget","3362.577823716485","78605",""
"research","unequal-modes","figaro-block","17","275634","fixed","12000","ySquared","1.0","0.9990899434207083","0.1049671985363328","true","true","FixedBudget","4783.444488519885","78605",""
"research","unequal-modes","figaro-block","17","275634","stopped","12000","event","0.20000000000000037","0.0","NaN","false","false","MaxDrawsReached","NaN","78605","InvalidRHat|InsufficientBulkEss|InsufficientMeanEss|UnavailableMcse|InvalidTargetWidth"
"research","unequal-modes","figaro-block","17","275634","stopped","12000","x","-2.4","-3.9945935754652555","0.027552198534591187","false","true","MaxDrawsReached","8827.74446788692","78605",""
"research","unequal-modes","figaro-block","17","275634","stopped","12000","xSquared","16.25","16.209276490665925","0.2220208729835189","true","true","MaxDrawsReached","8831.043744934037","78605",""
"research","unequal-modes","figaro-block","17","275634","stopped","12000","y","0.0","-0.004825275725530848","0.08879993750661573","true","true","MaxDrawsReached","3362.577823716485","78605",""
"research","unequal-modes","figaro-block","17","275634","stopped","12000","ySquared","1.0","0.9990899434207083","0.1049671985363328","true","true","MaxDrawsReached","4783.444488519885","78605",""
"research","unequal-modes","figaro-block","18","283553","fixed","12000","event","0.20000000000000037","0.75","NaN","false","false","FixedBudget","4.000333361113426","78457","InvalidRHat|InsufficientBulkEss|InsufficientMeanEss|UnavailableMcse"
"research","unequal-modes","figaro-block","18","283553","fixed","12000","x","-2.4","2.009292676778948","8.932690918756393","true","false","FixedBudget","4.075186955941441","78457","InvalidRHat|InsufficientBulkEss|InsufficientMeanEss|WidthTooLarge"
"research","unequal-modes","figaro-block","18","283553","fixed","12000","xSquared","16.25","16.2893125054569","0.2292597957209393","true","true","FixedBudget","8239.512823337142","78457",""
"research","unequal-modes","figaro-block","18","283553","fixed","12000","y","0.0","-0.021623212588577467","0.0879062179850979","true","true","FixedBudget","3440.572743955266","78457",""
"research","unequal-modes","figaro-block","18","283553","fixed","12000","ySquared","1.0","1.0022346011073555","0.10866420957661374","true","true","FixedBudget","4707.299938875163","78457",""
"research","unequal-modes","figaro-block","18","283553","stopped","12000","event","0.20000000000000037","0.75","NaN","false","false","MaxDrawsReached","4.000333361113426","78457","InvalidRHat|InsufficientBulkEss|InsufficientMeanEss|UnavailableMcse"
"research","unequal-modes","figaro-block","18","283553","stopped","12000","x","-2.4","2.009292676778948","8.932690918756393","true","false","MaxDrawsReached","4.075186955941441","78457","InvalidRHat|InsufficientBulkEss|InsufficientMeanEss|WidthTooLarge"
"research","unequal-modes","figaro-block","18","283553","stopped","12000","xSquared","16.25","16.2893125054569","0.2292597957209393","true","true","MaxDrawsReached","8239.512823337142","78457",""
"research","unequal-modes","figaro-block","18","283553","stopped","12000","y","0.0","-0.021623212588577467","0.0879062179850979","true","true","MaxDrawsReached","3440.572743955266","78457",""
"research","unequal-modes","figaro-block","18","283553","stopped","12000","ySquared","1.0","1.0022346011073555","0.10866420957661374","true","true","MaxDrawsReached","4707.299938875163","78457",""
"research","unequal-modes","figaro-block","19","291472","fixed","12000","event","0.20000000000000037","0.75","NaN","false","false","FixedBudget","4.000333361113426","78358","InvalidRHat|InsufficientBulkEss|InsufficientMeanEss|UnavailableMcse"
"research","unequal-modes","figaro-block","19","291472","fixed","12000","x","-2.4","2.005570814308524","8.936331327467325","true","false","FixedBudget","4.073532220762336","78358","InvalidRHat|InsufficientBulkEss|InsufficientMeanEss|WidthTooLarge"
"research","unequal-modes","figaro-block","19","291472","fixed","12000","xSquared","16.25","16.279379101206757","0.23103769501463547","true","true","FixedBudget","8434.145998937558","78358",""
"research","unequal-modes","figaro-block","19","291472","fixed","12000","y","0.0","0.014608118691173955","0.08690280445382693","true","true","FixedBudget","3438.084195688656","78358",""
"research","unequal-modes","figaro-block","19","291472","fixed","12000","ySquared","1.0","0.9785333100016147","0.10550363933262498","true","true","FixedBudget","4471.374703755564","78358",""
"research","unequal-modes","figaro-block","19","291472","stopped","12000","event","0.20000000000000037","0.75","NaN","false","false","MaxDrawsReached","4.000333361113426","78358","InvalidRHat|InsufficientBulkEss|InsufficientMeanEss|UnavailableMcse"
"research","unequal-modes","figaro-block","19","291472","stopped","12000","x","-2.4","2.005570814308524","8.936331327467325","true","false","MaxDrawsReached","4.073532220762336","78358","InvalidRHat|InsufficientBulkEss|InsufficientMeanEss|WidthTooLarge"
"research","unequal-modes","figaro-block","19","291472","stopped","12000","xSquared","16.25","16.279379101206757","0.23103769501463547","true","true","MaxDrawsReached","8434.145998937558","78358",""
"research","unequal-modes","figaro-block","19","291472","stopped","12000","y","0.0","0.014608118691173955","0.08690280445382693","true","true","MaxDrawsReached","3438.084195688656","78358",""
"research","unequal-modes","figaro-block","19","291472","stopped","12000","ySquared","1.0","0.9785333100016147","0.10550363933262498","true","true","MaxDrawsReached","4471.374703755564","78358",""
"research","unequal-modes","figaro-block","20","299391","fixed","12000","event","0.20000000000000037","0.5","NaN","false","false","FixedBudget","4.000333361113426","78498","InvalidRHat|InsufficientBulkEss|InsufficientMeanEss|UnavailableMcse"
"research","unequal-modes","figaro-block","20","299391","fixed","12000","x","-2.4","-0.004237541302281489","10.307828327053928","true","false","FixedBudget","4.056371271730899","78498","InvalidRHat|InsufficientBulkEss|InsufficientMeanEss|WidthTooLarge"
"research","unequal-modes","figaro-block","20","299391","fixed","12000","xSquared","16.25","16.239375871472966","0.2241640134843813","true","true","FixedBudget","8562.448752204918","78498",""
"research","unequal-modes","figaro-block","20","299391","fixed","12000","y","0.0","0.02065550042385564","0.0871097127629319","true","true","FixedBudget","3436.534194115128","78498",""
"research","unequal-modes","figaro-block","20","299391","fixed","12000","ySquared","1.0","0.9829675426265067","0.09641241060120039","true","true","FixedBudget","5316.369566380154","78498",""
"research","unequal-modes","figaro-block","20","299391","stopped","12000","event","0.20000000000000037","0.5","NaN","false","false","MaxDrawsReached","4.000333361113426","78498","InvalidRHat|InsufficientBulkEss|InsufficientMeanEss|UnavailableMcse"
"research","unequal-modes","figaro-block","20","299391","stopped","12000","x","-2.4","-0.004237541302281489","10.307828327053928","true","false","MaxDrawsReached","4.056371271730899","78498","InvalidRHat|InsufficientBulkEss|InsufficientMeanEss|WidthTooLarge"
"research","unequal-modes","figaro-block","20","299391","stopped","12000","xSquared","16.25","16.239375871472966","0.2241640134843813","true","true","MaxDrawsReached","8562.448752204918","78498",""
"research","unequal-modes","figaro-block","20","299391","stopped","12000","y","0.0","0.02065550042385564","0.0871097127629319","true","true","MaxDrawsReached","3436.534194115128","78498",""
"research","unequal-modes","figaro-block","20","299391","stopped","12000","ySquared","1.0","0.9829675426265067","0.09641241060120039","true","true","MaxDrawsReached","5316.369566380154","78498",""
"research","unequal-modes","figaro-block","21","307310","fixed","12000","event","0.20000000000000037","0.75","NaN","false","false","FixedBudget","4.000333361113426","78468","InvalidRHat|InsufficientBulkEss|InsufficientMeanEss|UnavailableMcse"
"research","unequal-modes","figaro-block","21","307310","fixed","12000","x","-2.4","1.9965852235354382","8.904341703918194","true","false","FixedBudget","4.075865508076061","78468","InvalidRHat|InsufficientBulkEss|InsufficientMeanEss|WidthTooLarge"
"research","unequal-modes","figaro-block","21","307310","fixed","12000","xSquared","16.25","16.162791124645572","0.22434551073964334","true","true","FixedBudget","8527.885334333952","78468",""
"research","unequal-modes","figaro-block","21","307310","fixed","12000","y","0.0","0.027632050806959907","0.08449736981522354","true","true","FixedBudget","3724.730795608653","78468",""
"research","unequal-modes","figaro-block","21","307310","fixed","12000","ySquared","1.0","1.0027874125254683","0.10292233624197451","true","true","FixedBudget","5111.4529612702445","78468",""
"research","unequal-modes","figaro-block","21","307310","stopped","12000","event","0.20000000000000037","0.75","NaN","false","false","MaxDrawsReached","4.000333361113426","78468","InvalidRHat|InsufficientBulkEss|InsufficientMeanEss|UnavailableMcse"
"research","unequal-modes","figaro-block","21","307310","stopped","12000","x","-2.4","1.9965852235354382","8.904341703918194","true","false","MaxDrawsReached","4.075865508076061","78468","InvalidRHat|InsufficientBulkEss|InsufficientMeanEss|WidthTooLarge"
"research","unequal-modes","figaro-block","21","307310","stopped","12000","xSquared","16.25","16.162791124645572","0.22434551073964334","true","true","MaxDrawsReached","8527.885334333952","78468",""
"research","unequal-modes","figaro-block","21","307310","stopped","12000","y","0.0","0.027632050806959907","0.08449736981522354","true","true","MaxDrawsReached","3724.730795608653","78468",""
"research","unequal-modes","figaro-block","21","307310","stopped","12000","ySquared","1.0","1.0027874125254683","0.10292233624197451","true","true","MaxDrawsReached","5111.4529612702445","78468",""
"research","unequal-modes","figaro-block","22","315229","fixed","12000","event","0.20000000000000037","0.5","NaN","false","false","FixedBudget","4.000333361113426","78480","InvalidRHat|InsufficientBulkEss|InsufficientMeanEss|UnavailableMcse"
"research","unequal-modes","figaro-block","22","315229","fixed","12000","x","-2.4","0.0015245900005251833","10.312573351297084","true","false","FixedBudget","4.054892614995101","78480","InvalidRHat|InsufficientBulkEss|InsufficientMeanEss|WidthTooLarge"
"research","unequal-modes","figaro-block","22","315229","fixed","12000","xSquared","16.25","16.24838954045344","0.22087289163749257","true","true","FixedBudget","8999.849591084165","78480",""
"research","unequal-modes","figaro-block","22","315229","fixed","12000","y","0.0","0.010320874016361961","0.08577551852866348","true","true","FixedBudget","3565.777806175583","78480",""
"research","unequal-modes","figaro-block","22","315229","fixed","12000","ySquared","1.0","0.9778971198444344","0.0928022256461436","true","true","FixedBudget","5677.6308517845155","78480",""
"research","unequal-modes","figaro-block","22","315229","stopped","12000","event","0.20000000000000037","0.5","NaN","false","false","MaxDrawsReached","4.000333361113426","78480","InvalidRHat|InsufficientBulkEss|InsufficientMeanEss|UnavailableMcse"
"research","unequal-modes","figaro-block","22","315229","stopped","12000","x","-2.4","0.0015245900005251833","10.312573351297084","true","false","MaxDrawsReached","4.054892614995101","78480","InvalidRHat|InsufficientBulkEss|InsufficientMeanEss|WidthTooLarge"
"research","unequal-modes","figaro-block","22","315229","stopped","12000","xSquared","16.25","16.24838954045344","0.22087289163749257","true","true","MaxDrawsReached","8999.849591084165","78480",""
"research","unequal-modes","figaro-block","22","315229","stopped","12000","y","0.0","0.010320874016361961","0.08577551852866348","true","true","MaxDrawsReached","3565.777806175583","78480",""
"research","unequal-modes","figaro-block","22","315229","stopped","12000","ySquared","1.0","0.9778971198444344","0.0928022256461436","true","true","MaxDrawsReached","5677.6308517845155","78480",""
"research","unequal-modes","figaro-block","23","323148","fixed","12000","event","0.20000000000000037","0.25","NaN","false","false","FixedBudget","4.000333361113426","78242","InvalidRHat|InsufficientBulkEss|InsufficientMeanEss|UnavailableMcse"
"research","unequal-modes","figaro-block","23","323148","fixed","12000","x","-2.4","-1.9967179963663177","8.932355577566241","true","false","FixedBudget","4.072362945075722","78242","InvalidRHat|InsufficientBulkEss|InsufficientMeanEss|WidthTooLarge"
"research","unequal-modes","figaro-block","23","323148","fixed","12000","xSquared","16.25","16.22952855731749","0.21726558403021368","true","true","FixedBudget","8764.83276817313","78242",""
"research","unequal-modes","figaro-block","23","323148","fixed","12000","y","0.0","0.012427804996476333","0.08624449018572189","true","true","FixedBudget","3549.0952779991635","78242",""
"research","unequal-modes","figaro-block","23","323148","fixed","12000","ySquared","1.0","0.9948202342907031","0.09461080376594747","true","true","FixedBudget","5494.664795638154","78242",""
"research","unequal-modes","figaro-block","23","323148","stopped","12000","event","0.20000000000000037","0.25","NaN","false","false","MaxDrawsReached","4.000333361113426","78242","InvalidRHat|InsufficientBulkEss|InsufficientMeanEss|UnavailableMcse"
"research","unequal-modes","figaro-block","23","323148","stopped","12000","x","-2.4","-1.9967179963663177","8.932355577566241","true","false","MaxDrawsReached","4.072362945075722","78242","InvalidRHat|InsufficientBulkEss|InsufficientMeanEss|WidthTooLarge"
"research","unequal-modes","figaro-block","23","323148","stopped","12000","xSquared","16.25","16.22952855731749","0.21726558403021368","true","true","MaxDrawsReached","8764.83276817313","78242",""
"research","unequal-modes","figaro-block","23","323148","stopped","12000","y","0.0","0.012427804996476333","0.08624449018572189","true","true","MaxDrawsReached","3549.0952779991635","78242",""
"research","unequal-modes","figaro-block","23","323148","stopped","12000","ySquared","1.0","0.9948202342907031","0.09461080376594747","true","true","MaxDrawsReached","5494.664795638154","78242",""
"research","unequal-modes","figaro-block","24","331067","fixed","12000","event","0.20000000000000037","0.5","NaN","false","false","FixedBudget","4.000333361113426","78281","InvalidRHat|InsufficientBulkEss|InsufficientMeanEss|UnavailableMcse"
"research","unequal-modes","figaro-block","24","331067","fixed","12000","x","-2.4","0.004382873863709502","10.301987859761685","true","false","FixedBudget","4.055775823333893","78281","InvalidRHat|InsufficientBulkEss|InsufficientMeanEss|WidthTooLarge"
"research","unequal-modes","figaro-block","24","331067","fixed","12000","xSquared","16.25","16.21859860490597","0.22124658826955787","true","true","FixedBudget","8706.45825700687","78281",""
"research","unequal-modes","figaro-block","24","331067","fixed","12000","y","0.0","0.03340741137185166","0.0911804965894948","true","true","FixedBudget","3119.1899721534623","78281",""
"research","unequal-modes","figaro-block","24","331067","fixed","12000","ySquared","1.0","0.9782239759696116","0.1044649308840051","true","true","FixedBudget","4656.007285882446","78281",""
"research","unequal-modes","figaro-block","24","331067","stopped","12000","event","0.20000000000000037","0.5","NaN","false","false","MaxDrawsReached","4.000333361113426","78281","InvalidRHat|InsufficientBulkEss|InsufficientMeanEss|UnavailableMcse"
"research","unequal-modes","figaro-block","24","331067","stopped","12000","x","-2.4","0.004382873863709502","10.301987859761685","true","false","MaxDrawsReached","4.055775823333893","78281","InvalidRHat|InsufficientBulkEss|InsufficientMeanEss|WidthTooLarge"
"research","unequal-modes","figaro-block","24","331067","stopped","12000","xSquared","16.25","16.21859860490597","0.22124658826955787","true","true","MaxDrawsReached","8706.45825700687","78281",""
"research","unequal-modes","figaro-block","24","331067","stopped","12000","y","0.0","0.03340741137185166","0.0911804965894948","true","true","MaxDrawsReached","3119.1899721534623","78281",""
"research","unequal-modes","figaro-block","24","331067","stopped","12000","ySquared","1.0","0.9782239759696116","0.1044649308840051","true","true","MaxDrawsReached","4656.007285882446","78281",""
"research","unequal-modes","figaro-block","25","338986","fixed","12000","event","0.20000000000000037","0.75","NaN","false","false","FixedBudget","4.000333361113426","78201","InvalidRHat|InsufficientBulkEss|InsufficientMeanEss|UnavailableMcse"
"research","unequal-modes","figaro-block","25","338986","fixed","12000","x","-2.4","2.000515682399934","8.934166272380923","true","false","FixedBudget","4.07453534469904","78201","InvalidRHat|InsufficientBulkEss|InsufficientMeanEss|WidthTooLarge"
"research","unequal-modes","figaro-block","25","338986","fixed","12000","xSquared","16.25","16.256206239253338","0.2203235547905216","true","true","FixedBudget","8815.110741887243","78201",""
"research","unequal-modes","figaro-block","25","338986","fixed","12000","y","0.0","0.008680435468662706","0.0925679540739425","true","true","FixedBudget","3145.9702534236358","78201",""
"research","unequal-modes","figaro-block","25","338986","fixed","12000","ySquared","1.0","1.0157924023858593","0.10412646345468357","true","true","FixedBudget","5041.745498569956","78201",""
"research","unequal-modes","figaro-block","25","338986","stopped","12000","event","0.20000000000000037","0.75","NaN","false","false","MaxDrawsReached","4.000333361113426","78201","InvalidRHat|InsufficientBulkEss|InsufficientMeanEss|UnavailableMcse"
"research","unequal-modes","figaro-block","25","338986","stopped","12000","x","-2.4","2.000515682399934","8.934166272380923","true","false","MaxDrawsReached","4.07453534469904","78201","InvalidRHat|InsufficientBulkEss|InsufficientMeanEss|WidthTooLarge"
"research","unequal-modes","figaro-block","25","338986","stopped","12000","xSquared","16.25","16.256206239253338","0.2203235547905216","true","true","MaxDrawsReached","8815.110741887243","78201",""
"research","unequal-modes","figaro-block","25","338986","stopped","12000","y","0.0","0.008680435468662706","0.0925679540739425","true","true","MaxDrawsReached","3145.9702534236358","78201",""
"research","unequal-modes","figaro-block","25","338986","stopped","12000","ySquared","1.0","1.0157924023858593","0.10412646345468357","true","true","MaxDrawsReached","5041.745498569956","78201",""
"research","unequal-modes","figaro-block","26","346905","fixed","12000","event","0.20000000000000037","0.5","NaN","false","false","FixedBudget","4.000333361113426","78394","InvalidRHat|InsufficientBulkEss|InsufficientMeanEss|UnavailableMcse"
"research","unequal-modes","figaro-block","26","346905","fixed","12000","x","-2.4","-0.0038589944200850823","10.305658004085362","true","false","FixedBudget","4.0568148438811695","78394","InvalidRHat|InsufficientBulkEss|InsufficientMeanEss|WidthTooLarge"
"research","unequal-modes","figaro-block","26","346905","fixed","12000","xSquared","16.25","16.234310160151793","0.21599060648829874","true","true","FixedBudget","9260.499887431526","78394",""
"research","unequal-modes","figaro-block","26","346905","fixed","12000","y","0.0","0.00659755713515342","0.08291432386015306","true","true","FixedBudget","3823.7175305038163","78394",""
"research","unequal-modes","figaro-block","26","346905","fixed","12000","ySquared","1.0","0.990514451415945","0.10071760629004774","true","true","FixedBudget","5175.496422738494","78394",""
"research","unequal-modes","figaro-block","26","346905","stopped","12000","event","0.20000000000000037","0.5","NaN","false","false","MaxDrawsReached","4.000333361113426","78394","InvalidRHat|InsufficientBulkEss|InsufficientMeanEss|UnavailableMcse"
"research","unequal-modes","figaro-block","26","346905","stopped","12000","x","-2.4","-0.0038589944200850823","10.305658004085362","true","false","MaxDrawsReached","4.0568148438811695","78394","InvalidRHat|InsufficientBulkEss|InsufficientMeanEss|WidthTooLarge"
"research","unequal-modes","figaro-block","26","346905","stopped","12000","xSquared","16.25","16.234310160151793","0.21599060648829874","true","true","MaxDrawsReached","9260.499887431526","78394",""
"research","unequal-modes","figaro-block","26","346905","stopped","12000","y","0.0","0.00659755713515342","0.08291432386015306","true","true","MaxDrawsReached","3823.7175305038163","78394",""
"research","unequal-modes","figaro-block","26","346905","stopped","12000","ySquared","1.0","0.990514451415945","0.10071760629004774","true","true","MaxDrawsReached","5175.496422738494","78394",""
"research","unequal-modes","figaro-block","27","354824","fixed","12000","event","0.20000000000000037","0.75","NaN","false","false","FixedBudget","4.000333361113426","78380","InvalidRHat|InsufficientBulkEss|InsufficientMeanEss|UnavailableMcse"
"research","unequal-modes","figaro-block","27","354824","fixed","12000","x","-2.4","1.9985161760897359","8.972129521936186","true","false","FixedBudget","4.072570748176651","78380","InvalidRHat|InsufficientBulkEss|InsufficientMeanEss|WidthTooLarge"
"research","unequal-modes","figaro-block","27","354824","fixed","12000","xSquared","16.25","16.34661370858838","0.21997430923067837","true","true","FixedBudget","8862.277270312054","78380",""
"research","unequal-modes","figaro-block","27","354824","fixed","12000","y","0.0","-0.0047716011271177194","0.08502820028087735","true","true","FixedBudget","3660.3950867926706","78380",""
"research","unequal-modes","figaro-block","27","354824","fixed","12000","ySquared","1.0","0.9971503717339698","0.09941228783715488","true","true","FixedBudget","5295.068127445242","78380",""
"research","unequal-modes","figaro-block","27","354824","stopped","12000","event","0.20000000000000037","0.75","NaN","false","false","MaxDrawsReached","4.000333361113426","78380","InvalidRHat|InsufficientBulkEss|InsufficientMeanEss|UnavailableMcse"
"research","unequal-modes","figaro-block","27","354824","stopped","12000","x","-2.4","1.9985161760897359","8.972129521936186","true","false","MaxDrawsReached","4.072570748176651","78380","InvalidRHat|InsufficientBulkEss|InsufficientMeanEss|WidthTooLarge"
"research","unequal-modes","figaro-block","27","354824","stopped","12000","xSquared","16.25","16.34661370858838","0.21997430923067837","true","true","MaxDrawsReached","8862.277270312054","78380",""
"research","unequal-modes","figaro-block","27","354824","stopped","12000","y","0.0","-0.0047716011271177194","0.08502820028087735","true","true","MaxDrawsReached","3660.3950867926706","78380",""
"research","unequal-modes","figaro-block","27","354824","stopped","12000","ySquared","1.0","0.9971503717339698","0.09941228783715488","true","true","MaxDrawsReached","5295.068127445242","78380",""
"research","unequal-modes","figaro-block","28","362743","fixed","12000","event","0.20000000000000037","0.25","NaN","false","false","FixedBudget","4.000333361113426","78363","InvalidRHat|InsufficientBulkEss|InsufficientMeanEss|UnavailableMcse"
"research","unequal-modes","figaro-block","28","362743","fixed","12000","x","-2.4","-2.0092868334464504","8.919442717655501","true","false","FixedBudget","4.07496167870302","78363","InvalidRHat|InsufficientBulkEss|InsufficientMeanEss|WidthTooLarge"
"research","unequal-modes","figaro-block","28","362743","fixed","12000","xSquared","16.25","16.252298288916364","0.2291480288227802","true","true","FixedBudget","8190.448584332326","78363",""
"research","unequal-modes","figaro-block","28","362743","fixed","12000","y","0.0","-6.524772932883782E-5","0.08951799101230012","true","true","FixedBudget","3334.187885039721","78363",""
"research","unequal-modes","figaro-block","28","362743","fixed","12000","ySquared","1.0","1.0067172881734965","0.10773021854008537","true","true","FixedBudget","4752.354521124835","78363",""
"research","unequal-modes","figaro-block","28","362743","stopped","12000","event","0.20000000000000037","0.25","NaN","false","false","MaxDrawsReached","4.000333361113426","78363","InvalidRHat|InsufficientBulkEss|InsufficientMeanEss|UnavailableMcse"
"research","unequal-modes","figaro-block","28","362743","stopped","12000","x","-2.4","-2.0092868334464504","8.919442717655501","true","false","MaxDrawsReached","4.07496167870302","78363","InvalidRHat|InsufficientBulkEss|InsufficientMeanEss|WidthTooLarge"
"research","unequal-modes","figaro-block","28","362743","stopped","12000","xSquared","16.25","16.252298288916364","0.2291480288227802","true","true","MaxDrawsReached","8190.448584332326","78363",""
"research","unequal-modes","figaro-block","28","362743","stopped","12000","y","0.0","-6.524772932883782E-5","0.08951799101230012","true","true","MaxDrawsReached","3334.187885039721","78363",""
"research","unequal-modes","figaro-block","28","362743","stopped","12000","ySquared","1.0","1.0067172881734965","0.10773021854008537","true","true","MaxDrawsReached","4752.354521124835","78363",""
"research","unequal-modes","figaro-block","29","370662","fixed","12000","event","0.20000000000000037","0.5","NaN","false","false","FixedBudget","4.000333361113426","78308","InvalidRHat|InsufficientBulkEss|InsufficientMeanEss|UnavailableMcse"
"research","unequal-modes","figaro-block","29","370662","fixed","12000","x","-2.4","5.391696259371415E-4","10.316864822887027","true","false","FixedBudget","4.055630799778401","78308","InvalidRHat|InsufficientBulkEss|InsufficientMeanEss|WidthTooLarge"
"research","unequal-modes","figaro-block","29","370662","fixed","12000","xSquared","16.25","16.26487396735219","0.22643483562274783","true","true","FixedBudget","8321.316375622322","78308",""
"research","unequal-modes","figaro-block","29","370662","fixed","12000","y","0.0","-0.0053979580838077745","0.08593665993691063","true","true","FixedBudget","3568.617959947754","78308",""
"research","unequal-modes","figaro-block","29","370662","fixed","12000","ySquared","1.0","0.9930395419976006","0.10735905676435725","true","true","FixedBudget","4498.874186827522","78308",""
"research","unequal-modes","figaro-block","29","370662","stopped","12000","event","0.20000000000000037","0.5","NaN","false","false","MaxDrawsReached","4.000333361113426","78308","InvalidRHat|InsufficientBulkEss|InsufficientMeanEss|UnavailableMcse"
"research","unequal-modes","figaro-block","29","370662","stopped","12000","x","-2.4","5.391696259371415E-4","10.316864822887027","true","false","MaxDrawsReached","4.055630799778401","78308","InvalidRHat|InsufficientBulkEss|InsufficientMeanEss|WidthTooLarge"
"research","unequal-modes","figaro-block","29","370662","stopped","12000","xSquared","16.25","16.26487396735219","0.22643483562274783","true","true","MaxDrawsReached","8321.316375622322","78308",""
"research","unequal-modes","figaro-block","29","370662","stopped","12000","y","0.0","-0.0053979580838077745","0.08593665993691063","true","true","MaxDrawsReached","3568.617959947754","78308",""
"research","unequal-modes","figaro-block","29","370662","stopped","12000","ySquared","1.0","0.9930395419976006","0.10735905676435725","true","true","MaxDrawsReached","4498.874186827522","78308",""
"research","unequal-modes","mess-1","0","141011","fixed","12000","event","0.20000000000000037","0.19795833333333332","0.021136333156293634","true","true","FixedBudget","9432.235300495133","198524",""
"research","unequal-modes","mess-1","0","141011","fixed","12000","x","-2.4","-2.410174121027815","0.1825719045887151","true","true","FixedBudget","8225.854748225882","198524",""
"research","unequal-modes","mess-1","0","141011","fixed","12000","xSquared","16.25","16.140019431975283","0.48692448724707","true","true","FixedBudget","1788.4027520778443","198524",""
"research","unequal-modes","mess-1","0","141011","fixed","12000","y","0.0","0.017302508743844758","0.10358575091034639","true","true","FixedBudget","2639.7349537396485","198524",""
"research","unequal-modes","mess-1","0","141011","fixed","12000","ySquared","1.0","1.0675272566677716","0.1753072633803833","true","true","FixedBudget","2031.97136767703","198524",""
"research","unequal-modes","mess-1","0","141011","stopped","8000","event","0.20000000000000037","0.19903125","0.025752087226458463","true","true","PrecisionReached","6379.985561321474","198524",""
"research","unequal-modes","mess-1","0","141011","stopped","8000","x","-2.4","-2.3924837672286188","0.22312048120365807","true","true","PrecisionReached","5498.431329749565","198524",""
"research","unequal-modes","mess-1","0","141011","stopped","8000","xSquared","16.25","16.037570859855386","0.5817463500226387","true","true","PrecisionReached","1233.2595969575018","198524",""
"research","unequal-modes","mess-1","0","141011","stopped","8000","y","0.0","0.006695031340244739","0.12881746791670562","true","true","PrecisionReached","1710.7776860881322","198524",""
"research","unequal-modes","mess-1","0","141011","stopped","8000","ySquared","1.0","1.069679246956479","0.22454289037958494","true","true","PrecisionReached","1264.0335218173236","198524",""
"research","unequal-modes","mess-1","1","148930","fixed","12000","event","0.20000000000000037","0.20358333333333334","0.02218865848261634","true","true","FixedBudget","8740.246230357865","200502",""
"research","unequal-modes","mess-1","1","148930","fixed","12000","x","-2.4","-2.3621695125837876","0.18935336758212684","true","true","FixedBudget","7805.989160164371","200502",""
"research","unequal-modes","mess-1","1","148930","fixed","12000","xSquared","16.25","16.12543309678187","0.5196622761388733","true","true","FixedBudget","1573.1780140919477","200502",""
"research","unequal-modes","mess-1","1","148930","fixed","12000","y","0.0","-0.005450927906611058","0.08789192207225832","true","true","FixedBudget","3341.124993118786","200502",""
"research","unequal-modes","mess-1","1","148930","fixed","12000","ySquared","1.0","0.9725248728988162","0.13220304052757265","true","true","FixedBudget","2605.2918037320633","200502",""
"research","unequal-modes","mess-1","1","148930","stopped","10000","event","0.20000000000000037","0.20345","0.024316390244301985","true","true","PrecisionReached","7274.070986523114","200502",""
"research","unequal-modes","mess-1","1","148930","stopped","10000","x","-2.4","-2.367295057864132","0.2073643116399886","true","true","PrecisionReached","6513.6212605888095","200502",""
"research","unequal-modes","mess-1","1","148930","stopped","10000","xSquared","16.25","16.157318806974597","0.5575307392565768","true","true","PrecisionReached","1363.604529170379","200502",""
"research","unequal-modes","mess-1","1","148930","stopped","10000","y","0.0","-0.015369117878096916","0.09857692128601762","true","true","PrecisionReached","2686.230393375982","200502",""
"research","unequal-modes","mess-1","1","148930","stopped","10000","ySquared","1.0","0.9837687910836176","0.14916871059982983","true","true","PrecisionReached","2083.6961796476994","200502",""
"research","unequal-modes","mess-1","2","156849","fixed","12000","event","0.20000000000000037","0.20133333333333334","0.020978413106207638","true","true","FixedBudget","9697.03972474328","199856",""
"research","unequal-modes","mess-1","2","156849","fixed","12000","x","-2.4","-2.36371146919082","0.17466784088189174","true","true","FixedBudget","9025.713192844156","199856",""
"research","unequal-modes","mess-1","2","156849","fixed","12000","xSquared","16.25","15.962517225004445","0.45224692971225433","false","true","FixedBudget","1984.4525786235902","199856",""
"research","unequal-modes","mess-1","2","156849","fixed","12000","y","0.0","-2.5026459146548774E-4","0.09084604368760517","true","true","FixedBudget","3142.830372956934","199856",""
"research","unequal-modes","mess-1","2","156849","fixed","12000","ySquared","1.0","0.9773042973477051","0.13800892761183023","true","true","FixedBudget","2706.0375148343874","199856",""
"research","unequal-modes","mess-1","2","156849","stopped","8000","event","0.20000000000000037","0.203","0.026053558251241803","true","true","PrecisionReached","6480.934501532203","199856",""
"research","unequal-modes","mess-1","2","156849","stopped","8000","x","-2.4","-2.345409330510541","0.21617078880980406","true","true","PrecisionReached","6066.911359142778","199856",""
"research","unequal-modes","mess-1","2","156849","stopped","8000","xSquared","16.25","15.875458499948426","0.5716490255564257","false","true","PrecisionReached","1277.487471568022","199856",""
"research","unequal-modes","mess-1","2","156849","stopped","8000","y","0.0","0.0043361932132650605","0.11222051468184459","true","true","PrecisionReached","2060.821781186303","199856",""
"research","unequal-modes","mess-1","2","156849","stopped","8000","ySquared","1.0","0.9778800284258624","0.15972633937422254","true","true","PrecisionReached","1937.332517536899","199856",""
"research","unequal-modes","mess-1","3","164768","fixed","12000","event","0.20000000000000037","0.1955","0.021081609308753527","true","true","FixedBudget","9392.224987071928","199242",""
"research","unequal-modes","mess-1","3","164768","fixed","12000","x","-2.4","-2.4190104777541075","0.17756997801836663","true","true","FixedBudget","8641.045397052076","199242",""
"research","unequal-modes","mess-1","3","164768","fixed","12000","xSquared","16.25","16.11763321008503","0.5003497741494811","true","true","FixedBudget","1773.1787862620506","199242",""
"research","unequal-modes","mess-1","3","164768","fixed","12000","y","0.0","0.0035150037957027702","0.09760940458001693","true","true","FixedBudget","2793.8817046979","199242",""
"research","unequal-modes","mess-1","3","164768","fixed","12000","ySquared","1.0","1.0029828161555372","0.16516154984228867","true","true","FixedBudget","2046.7283968897918","199242",""
"research","unequal-modes","mess-1","3","164768","stopped","10000","event","0.20000000000000037","0.1984","0.02285267520378892","true","true","PrecisionReached","8082.2129658408","199242",""
"research","unequal-modes","mess-1","3","164768","stopped","10000","x","-2.4","-2.3958398700003634","0.1934492393102801","true","true","PrecisionReached","7466.041310353633","199242",""
"research","unequal-modes","mess-1","3","164768","stopped","10000","xSquared","16.25","16.083423184810798","0.5549626937785559","true","true","PrecisionReached","1448.16936939615","199242",""
"research","unequal-modes","mess-1","3","164768","stopped","10000","y","0.0","9.287498321655652E-5","0.10477540451810373","true","true","PrecisionReached","2432.599942976743","199242",""
"research","unequal-modes","mess-1","3","164768","stopped","10000","ySquared","1.0","1.0062001562748437","0.18534949232066608","true","true","PrecisionReached","1660.6258432873267","199242",""
"research","unequal-modes","mess-1","4","172687","fixed","12000","event","0.20000000000000037","0.19325","0.020408212129570905","true","true","FixedBudget","9934.63133331482","199208",""
"research","unequal-modes","mess-1","4","172687","fixed","12000","x","-2.4","-2.451333310471635","0.17751977339291516","true","true","FixedBudget","8646.593359208535","199208",""
"research","unequal-modes","mess-1","4","172687","fixed","12000","xSquared","16.25","16.275839830553895","0.5141413315094683","true","true","FixedBudget","1632.2367246499737","199208",""
"research","unequal-modes","mess-1","4","172687","fixed","12000","y","0.0","-0.01595390376980077","0.09483339228077081","true","true","FixedBudget","2995.508290266393","199208",""
"research","unequal-modes","mess-1","4","172687","fixed","12000","ySquared","1.0","1.0153102857229188","0.14472173534883506","true","true","FixedBudget","2543.7928930471753","199208",""
"research","unequal-modes","mess-1","4","172687","stopped","10000","event","0.20000000000000037","0.190625","0.02232220648333375","true","true","PrecisionReached","8358.348897150307","199208",""
"research","unequal-modes","mess-1","4","172687","stopped","10000","x","-2.4","-2.469452463360081","0.19314968946899827","true","true","PrecisionReached","7187.671113432246","199208",""
"research","unequal-modes","mess-1","4","172687","stopped","10000","xSquared","16.25","16.20168084935481","0.5642619223047861","true","true","PrecisionReached","1355.550694512046","199208",""
"research","unequal-modes","mess-1","4","172687","stopped","10000","y","0.0","-0.019201309830223","0.10650804817373191","true","true","PrecisionReached","2391.788727198468","199208",""
"research","unequal-modes","mess-1","4","172687","stopped","10000","ySquared","1.0","1.0226788074912019","0.16158517639834924","true","true","PrecisionReached","2068.505949476444","199208",""
"research","unequal-modes","mess-1","5","180606","fixed","12000","event","0.20000000000000037","0.20495833333333333","0.021928692844802658","true","true","FixedBudget","8993.59196997134","199232",""
"research","unequal-modes","mess-1","5","180606","fixed","12000","x","-2.4","-2.3696991537770136","0.18994014403397871","true","true","FixedBudget","7884.582360114859","199232",""
"research","unequal-modes","mess-1","5","180606","fixed","12000","xSquared","16.25","16.333357322147382","0.5116508962153845","true","true","FixedBudget","1658.9679825601804","199232",""
"research","unequal-modes","mess-1","5","180606","fixed","12000","y","0.0","0.01834095052077278","0.09504728968971518","true","true","FixedBudget","3000.3727168149508","199232",""
"research","unequal-modes","mess-1","5","180606","fixed","12000","ySquared","1.0","1.0216320445882312","0.15666171041355004","true","true","FixedBudget","2240.3250008424266","199232",""
"research","unequal-modes","mess-1","5","180606","stopped","10000","event","0.20000000000000037","0.205825","0.02454640882181408","true","true","PrecisionReached","7510.00901307827","199232",""
"research","unequal-modes","mess-1","5","180606","stopped","10000","x","-2.4","-2.362502007554135","0.2075011601542827","true","true","PrecisionReached","6634.147687113784","199232",""
"research","unequal-modes","mess-1","5","180606","stopped","10000","xSquared","16.25","16.344114520778472","0.55799325886065","true","true","PrecisionReached","1400.9056239193978","199232",""
"research","unequal-modes","mess-1","5","180606","stopped","10000","y","0.0","0.019660775954152165","0.10433905796973544","true","true","PrecisionReached","2477.124015313967","199232",""
"research","unequal-modes","mess-1","5","180606","stopped","10000","ySquared","1.0","1.0164868107537792","0.1719012518177757","true","true","PrecisionReached","1824.370886828099","199232",""
"research","unequal-modes","mess-1","6","188525","fixed","12000","event","0.20000000000000037","0.1999375","0.02137073491977483","true","true","FixedBudget","9295.707633356737","198919",""
"research","unequal-modes","mess-1","6","188525","fixed","12000","x","-2.4","-2.403549283186023","0.18084351279093397","true","true","FixedBudget","8512.606860479245","198919",""
"research","unequal-modes","mess-1","6","188525","fixed","12000","xSquared","16.25","16.266801795887197","0.499957512374017","true","true","FixedBudget","1741.7721206181643","198919",""
"research","unequal-modes","mess-1","6","188525","fixed","12000","y","0.0","0.012875689668981727","0.10098159131823935","true","true","FixedBudget","2601.278473024619","198919",""
"research","unequal-modes","mess-1","6","188525","fixed","12000","ySquared","1.0","0.9996318851871564","0.14446277303984442","true","true","FixedBudget","2472.321821932532","198919",""
"research","unequal-modes","mess-1","6","188525","stopped","10000","event","0.20000000000000037","0.1995","0.023349779992374475","true","true","PrecisionReached","7773.984287008046","198919",""
"research","unequal-modes","mess-1","6","188525","stopped","10000","x","-2.4","-2.40872372995682","0.1991183711489819","true","true","PrecisionReached","7176.1445264896465","198919",""
"research","unequal-modes","mess-1","6","188525","stopped","10000","xSquared","16.25","16.269815303759213","0.560772710820882","true","true","PrecisionReached","1388.8313210091578","198919",""
"research","unequal-modes","mess-1","6","188525","stopped","10000","y","0.0","0.013980629501291475","0.11097274717086067","true","true","PrecisionReached","2153.541976854209","198919",""
"research","unequal-modes","mess-1","6","188525","stopped","10000","ySquared","1.0","0.9994612215540573","0.1550038786928976","true","true","PrecisionReached","2150.560579736656","198919",""
"research","unequal-modes","mess-1","7","196444","fixed","12000","event","0.20000000000000037","0.197125","0.021368945324751958","true","true","FixedBudget","9198.704420402084","200047",""
"research","unequal-modes","mess-1","7","196444","fixed","12000","x","-2.4","-2.4162338785085145","0.18078736845542143","true","true","FixedBudget","8395.847393686794","200047",""
"research","unequal-modes","mess-1","7","196444","fixed","12000","xSquared","16.25","16.17763774439141","0.5038685401661895","true","true","FixedBudget","1675.5483518676117","200047",""
"research","unequal-modes","mess-1","7","196444","fixed","12000","y","0.0","0.015560267608897893","0.08530206077834866","true","true","FixedBudget","3506.9482910002407","200047",""
"research","unequal-modes","mess-1","7","196444","fixed","12000","ySquared","1.0","0.9617330933175084","0.1300255793771774","true","true","FixedBudget","2701.9516383820096","200047",""
"research","unequal-modes","mess-1","7","196444","stopped","10000","event","0.20000000000000037","0.1964","0.02334741962447898","true","true","PrecisionReached","7684.37661248953","200047",""
"research","unequal-modes","mess-1","7","196444","stopped","10000","x","-2.4","-2.4254483640960762","0.19570829497092646","true","true","PrecisionReached","7156.764049838784","200047",""
"research","unequal-modes","mess-1","7","196444","stopped","10000","xSquared","16.25","16.211131012203502","0.5302709592456621","true","true","PrecisionReached","1463.4558836129484","200047",""
"research","unequal-modes","mess-1","7","196444","stopped","10000","y","0.0","0.011405409672053668","0.09471593171399648","true","true","PrecisionReached","2840.29422046547","200047",""
"research","unequal-modes","mess-1","7","196444","stopped","10000","ySquared","1.0","0.9602033869617242","0.13394886403276285","true","true","PrecisionReached","2465.054391728985","200047",""
"research","unequal-modes","mess-1","8","204363","fixed","12000","event","0.20000000000000037","0.19977083333333334","0.021774755704879783","true","true","FixedBudget","9178.382841343706","198559",""
"research","unequal-modes","mess-1","8","204363","fixed","12000","x","-2.4","-2.3986455449461346","0.1843157433123617","true","true","FixedBudget","8354.753166448994","198559",""
"research","unequal-modes","mess-1","8","204363","fixed","12000","xSquared","16.25","16.190944513464824","0.49682467272162373","true","true","FixedBudget","1752.1575784812314","198559",""
"research","unequal-modes","mess-1","8","204363","fixed","12000","y","0.0","3.7345890676165894E-5","0.09302149959093045","true","true","FixedBudget","3055.833316936941","198559",""
"research","unequal-modes","mess-1","8","204363","fixed","12000","ySquared","1.0","0.9963068968921212","0.14124366005631656","true","true","FixedBudget","2531.0883485936806","198559",""
"research","unequal-modes","mess-1","8","204363","stopped","10000","event","0.20000000000000037","0.1994","0.023645135387911492","true","true","PrecisionReached","7578.131508678049","198559",""
"research","unequal-modes","mess-1","8","204363","stopped","10000","x","-2.4","-2.4061161337504786","0.20070610022656207","true","true","PrecisionReached","6879.9845101021365","198559",""
"research","unequal-modes","mess-1","8","204363","stopped","10000","xSquared","16.25","16.23187353692303","0.5435576349519458","true","true","PrecisionReached","1452.7402938654207","198559",""
"research","unequal-modes","mess-1","8","204363","stopped","10000","y","0.0","-0.008094331396651722","0.10125760660057762","true","true","PrecisionReached","2613.681705601345","198559",""
"research","unequal-modes","mess-1","8","204363","stopped","10000","ySquared","1.0","1.009790277819941","0.15915695346567588","true","true","PrecisionReached","2053.335815728113","198559",""
"research","unequal-modes","mess-1","9","212282","fixed","12000","event","0.20000000000000037","0.1950625","0.020604988066446676","true","true","FixedBudget","9815.092802940995","198555",""
"research","unequal-modes","mess-1","9","212282","fixed","12000","x","-2.4","-2.442950507241937","0.17794078451138237","true","true","FixedBudget","8678.315194920024","198555",""
"research","unequal-modes","mess-1","9","212282","fixed","12000","xSquared","16.25","16.32141266356452","0.4870747102663857","true","true","FixedBudget","1812.5714986922533","198555",""
"research","unequal-modes","mess-1","9","212282","fixed","12000","y","0.0","0.034108697772056704","0.0960814646745145","true","true","FixedBudget","2909.98480086146","198555",""
"research","unequal-modes","mess-1","9","212282","fixed","12000","ySquared","1.0","1.0133643798464655","0.15555372605228032","true","true","FixedBudget","2328.045234668536","198555",""
"research","unequal-modes","mess-1","9","212282","stopped","8000","event","0.20000000000000037","0.19671875","0.02542867821033778","true","true","PrecisionReached","6485.949103777656","198555",""
"research","unequal-modes","mess-1","9","212282","stopped","8000","x","-2.4","-2.4243163878927168","0.2194334393506076","true","true","PrecisionReached","5705.171228856345","198555",""
"research","unequal-modes","mess-1","9","212282","stopped","8000","xSquared","16.25","16.227935112507357","0.5834241848240546","true","true","PrecisionReached","1249.0772517100002","198555",""
"research","unequal-modes","mess-1","9","212282","stopped","8000","y","0.0","0.03459527320226127","0.11360595495461889","true","true","PrecisionReached","2104.214119218556","198555",""
"research","unequal-modes","mess-1","9","212282","stopped","8000","ySquared","1.0","1.0244530718969496","0.1932099777190918","true","true","PrecisionReached","1599.1316867043963","198555",""
"research","unequal-modes","mess-1","10","220201","fixed","12000","event","0.20000000000000037","0.2031875","0.02123369162492245","true","true","FixedBudget","9530.27235423996","199872",""
"research","unequal-modes","mess-1","10","220201","fixed","12000","x","-2.4","-2.378745346321919","0.17860641826517948","true","true","FixedBudget","8855.054036084468","199872",""
"research","unequal-modes","mess-1","10","220201","fixed","12000","xSquared","16.25","16.30187245420127","0.4694687439736538","true","true","FixedBudget","1929.0907428839048","199872",""
"research","unequal-modes","mess-1","10","220201","fixed","12000","y","0.0","-0.008460853141823543","0.08913657359530452","true","true","FixedBudget","3313.8735103691565","199872",""
"research","unequal-modes","mess-1","10","220201","fixed","12000","ySquared","1.0","0.992146803214245","0.13822782214781837","true","true","FixedBudget","2645.320951219151","199872",""
"research","unequal-modes","mess-1","10","220201","stopped","8000","event","0.20000000000000037","0.20215625","0.025550799293279945","true","true","PrecisionReached","6556.978528125739","199872",""
"research","unequal-modes","mess-1","10","220201","stopped","8000","x","-2.4","-2.3957840781251027","0.2155976005731988","true","true","PrecisionReached","6079.489275085486","199872",""
"research","unequal-modes","mess-1","10","220201","stopped","8000","xSquared","16.25","16.387270853289778","0.576392800701633","true","true","PrecisionReached","1288.3635856181334","199872",""
"research","unequal-modes","mess-1","10","220201","stopped","8000","y","0.0","-0.005071560569943623","0.1115148415469383","true","true","PrecisionReached","2116.7337909145567","199872",""
"research","unequal-modes","mess-1","10","220201","stopped","8000","ySquared","1.0","0.9918251719576368","0.1655461290204325","true","true","PrecisionReached","1815.6964138562075","199872",""
"research","unequal-modes","mess-1","11","228120","fixed","12000","event","0.20000000000000037","0.20175","0.021408770225153473","true","true","FixedBudget","9325.502158609406","199022",""
"research","unequal-modes","mess-1","11","228120","fixed","12000","x","-2.4","-2.394193493810531","0.18105789580334797","true","true","FixedBudget","8592.455260936742","199022",""
"research","unequal-modes","mess-1","11","228120","fixed","12000","xSquared","16.25","16.34542774639735","0.4921767543630461","true","true","FixedBudget","1724.9796973711714","199022",""
"research","unequal-modes","mess-1","11","228120","fixed","12000","y","0.0","0.00371529984685659","0.10476489595960131","true","true","FixedBudget","2583.7687134459106","199022",""
"research","unequal-modes","mess-1","11","228120","fixed","12000","ySquared","1.0","1.0685322123984455","0.1636955823442825","true","true","FixedBudget","2256.2597129185383","199022",""
"research","unequal-modes","mess-1","11","228120","stopped","10000","event","0.20000000000000037","0.200875","0.023423169018190863","true","true","PrecisionReached","7765.2297682166245","199022",""
"research","unequal-modes","mess-1","11","228120","stopped","10000","x","-2.4","-2.3996864634535604","0.19720129462859692","true","true","PrecisionReached","7231.622085215779","199022",""
"research","unequal-modes","mess-1","11","228120","stopped","10000","xSquared","16.25","16.354697345160147","0.5355055093673354","true","true","PrecisionReached","1449.332971440868","199022",""
"research","unequal-modes","mess-1","11","228120","stopped","10000","y","0.0","0.0026048503537565715","0.11627355457664627","true","true","PrecisionReached","2103.8642689751737","199022",""
"research","unequal-modes","mess-1","11","228120","stopped","10000","ySquared","1.0","1.0717101855632816","0.18297886867787055","true","true","PrecisionReached","1844.4610222328242","199022",""
"research","unequal-modes","mess-1","12","236039","fixed","12000","event","0.20000000000000037","0.19591666666666666","0.0206856718738191","true","true","FixedBudget","9770.940732338406","199175",""
"research","unequal-modes","mess-1","12","236039","fixed","12000","x","-2.4","-2.4431508856883184","0.17342417983450717","true","true","FixedBudget","9152.563988345208","199175",""
"research","unequal-modes","mess-1","12","236039","fixed","12000","xSquared","16.25","16.340899460740403","0.48694499162744603","true","true","FixedBudget","1767.5893835352967","199175",""
"research","unequal-modes","mess-1","12","236039","fixed","12000","y","0.0","-0.009959509390582433","0.10061873414311971","true","true","FixedBudget","2747.3261969494597","199175",""
"research","unequal-modes","mess-1","12","236039","fixed","12000","ySquared","1.0","1.0481075047674746","0.15601915117782877","true","true","FixedBudget","2253.728261285806","199175",""
"research","unequal-modes","mess-1","12","236039","stopped","8000","event","0.20000000000000037","0.19559375","0.02581862820817205","true","true","PrecisionReached","6264.289275422721","199175",""
"research","unequal-modes","mess-1","12","236039","stopped","8000","x","-2.4","-2.4434450283541818","0.2191232325666937","true","true","PrecisionReached","5869.591621588897","199175",""
"research","unequal-modes","mess-1","12","236039","stopped","8000","xSquared","16.25","16.301653770417516","0.5881336938779044","true","true","PrecisionReached","1224.7239000623301","199175",""
"research","unequal-modes","mess-1","12","236039","stopped","8000","y","0.0","-0.01765441049786043","0.12621540525159128","true","true","PrecisionReached","1739.1302826010897","199175",""
"research","unequal-modes","mess-1","12","236039","stopped","8000","ySquared","1.0","1.0441881932906623","0.19339500257125813","true","true","PrecisionReached","1385.9078875208745","199175",""
"research","unequal-modes","mess-1","13","243958","fixed","12000","event","0.20000000000000037","0.196125","0.020211973019210593","true","true","FixedBudget","10242.530312429302","199706",""
"research","unequal-modes","mess-1","13","243958","fixed","12000","x","-2.4","-2.424030489145994","0.17297232951783073","true","true","FixedBudget","9135.203832197143","199706",""
"research","unequal-modes","mess-1","13","243958","fixed","12000","xSquared","16.25","16.174289575727297","0.4702347682364157","true","true","FixedBudget","1840.076755766435","199706",""
"research","unequal-modes","mess-1","13","243958","fixed","12000","y","0.0","0.038665182757441574","0.09782201516569777","true","true","FixedBudget","2693.1715280367034","199706",""
"research","unequal-modes","mess-1","13","243958","fixed","12000","ySquared","1.0","0.9725280792669588","0.1459585177436429","true","true","FixedBudget","2372.6443590658787","199706",""
"research","unequal-modes","mess-1","13","243958","stopped","8000","event","0.20000000000000037","0.1955","0.02473173717924013","true","true","PrecisionReached","6824.5070577737415","199706",""
"research","unequal-modes","mess-1","13","243958","stopped","8000","x","-2.4","-2.4320901463008644","0.2113040823104413","true","true","PrecisionReached","6100.141803602662","199706",""
"research","unequal-modes","mess-1","13","243958","stopped","8000","xSquared","16.25","16.177439916023825","0.5679337739808287","true","true","PrecisionReached","1249.8302341979993","199706",""
"research","unequal-modes","mess-1","13","243958","stopped","8000","y","0.0","0.03523949619252331","0.11894381109505921","true","true","PrecisionReached","1821.2422444222575","199706",""
"research","unequal-modes","mess-1","13","243958","stopped","8000","ySquared","1.0","0.9720729491015474","0.18564798771434063","true","true","PrecisionReached","1515.5389466111026","199706",""
"research","unequal-modes","mess-1","14","251877","fixed","12000","event","0.20000000000000037","0.2012708333333333","0.020743461766975016","true","true","FixedBudget","9915.648344572659","199510",""
"research","unequal-modes","mess-1","14","251877","fixed","12000","x","-2.4","-2.3789229852912617","0.1755080719208499","true","true","FixedBudget","9022.766716660306","199510",""
"research","unequal-modes","mess-1","14","251877","fixed","12000","xSquared","16.25","16.131300788989332","0.4915282807536093","true","true","FixedBudget","1796.344264401607","199510",""
"research","unequal-modes","mess-1","14","251877","fixed","12000","y","0.0","-0.01645486331197099","0.09418918473919186","true","true","FixedBudget","3057.04024128177","199510",""
"research","unequal-modes","mess-1","14","251877","fixed","12000","ySquared","1.0","1.0221510768371895","0.1492055157163018","true","true","FixedBudget","2508.6490448182485","199510",""
"research","unequal-modes","mess-1","14","251877","stopped","10000","event","0.20000000000000037","0.1997","0.02242324379067743","true","true","PrecisionReached","8436.047421079107","199510",""
"research","unequal-modes","mess-1","14","251877","stopped","10000","x","-2.4","-2.39102395045242","0.18915985877189467","true","true","PrecisionReached","7785.549982947878","199510",""
"research","unequal-modes","mess-1","14","251877","stopped","10000","xSquared","16.25","16.16427344738407","0.5476567280875626","true","true","PrecisionReached","1471.9490564540238","199510",""
"research","unequal-modes","mess-1","14","251877","stopped","10000","y","0.0","-0.01340889918750876","0.10311661897180552","true","true","PrecisionReached","2548.1298350116917","199510",""
"research","unequal-modes","mess-1","14","251877","stopped","10000","ySquared","1.0","1.0210578680632216","0.16430045316692343","true","true","PrecisionReached","2017.2962459811374","199510",""
"research","unequal-modes","mess-1","15","259796","fixed","12000","event","0.20000000000000037","0.1941666666666667","0.021119545927062694","true","true","FixedBudget","9310.091478094293","198598",""
"research","unequal-modes","mess-1","15","259796","fixed","12000","x","-2.4","-2.451794500571012","0.1792383898419777","true","true","FixedBudget","8504.800093678205","198598",""
"research","unequal-modes","mess-1","15","259796","fixed","12000","xSquared","16.25","16.30621634640193","0.480091902379257","true","true","FixedBudget","1845.574667451051","198598",""
"research","unequal-modes","mess-1","15","259796","fixed","12000","y","0.0","-0.024498710887171704","0.09336596977228345","true","true","FixedBudget","2835.8400466325056","198598",""
"research","unequal-modes","mess-1","15","259796","fixed","12000","ySquared","1.0","0.9320420598342933","0.13705472316530168","true","true","FixedBudget","2535.77399815293","198598",""
"research","unequal-modes","mess-1","15","259796","stopped","8000","event","0.20000000000000037","0.2013125","0.02649994207617027","true","true","PrecisionReached","6076.667909261838","198598",""
"research","unequal-modes","mess-1","15","259796","stopped","8000","x","-2.4","-2.3904180890867455","0.22364212197633743","true","true","PrecisionReached","5587.758852005999","198598",""
"research","unequal-modes","mess-1","15","259796","stopped","8000","xSquared","16.25","16.24431128835192","0.5820386062712057","true","true","PrecisionReached","1230.523552917352","198598",""
"research","unequal-modes","mess-1","15","259796","stopped","8000","y","0.0","-0.03890343518896344","0.1158632396644886","true","true","PrecisionReached","1902.7498943888957","198598",""
"research","unequal-modes","mess-1","15","259796","stopped","8000","ySquared","1.0","0.963934984198435","0.17469857079503417","true","true","PrecisionReached","1648.3054393288585","198598",""
"research","unequal-modes","mess-1","16","267715","fixed","12000","event","0.20000000000000037","0.1973125","0.021222503015137954","true","true","FixedBudget","9332.78131528696","200186",""
"research","unequal-modes","mess-1","16","267715","fixed","12000","x","-2.4","-2.413842752362042","0.1814307015906121","true","true","FixedBudget","8352.041539280724","200186",""
"research","unequal-modes","mess-1","16","267715","fixed","12000","xSquared","16.25","16.18547402136456","0.5011619133562185","true","true","FixedBudget","1714.956869518391","200186",""
"research","unequal-modes","mess-1","16","267715","fixed","12000","y","0.0","0.04406637193798357","0.09542964479749855","true","true","FixedBudget","2810.8274327896597","200186",""
"research","unequal-modes","mess-1","16","267715","fixed","12000","ySquared","1.0","0.96643155769073","0.13286917173682064","true","true","FixedBudget","2737.9418132955616","200186",""
"research","unequal-modes","mess-1","16","267715","stopped","8000","event","0.20000000000000037","0.19678125000000002","0.02612523872870693","true","true","PrecisionReached","6226.803807936101","200186",""
"research","unequal-modes","mess-1","16","267715","stopped","8000","x","-2.4","-2.419554524723348","0.22400543926967398","true","true","PrecisionReached","5611.44820513539","200186",""
"research","unequal-modes","mess-1","16","267715","stopped","8000","xSquared","16.25","16.17742589693851","0.5739291576228038","true","true","PrecisionReached","1268.9455010804952","200186",""
"research","unequal-modes","mess-1","16","267715","stopped","8000","y","0.0","0.045177779611433766","0.11907561075572964","true","true","PrecisionReached","1820.5053015708502","200186",""
"research","unequal-modes","mess-1","16","267715","stopped","8000","ySquared","1.0","0.9746311687755146","0.15550890530210962","true","true","PrecisionReached","1974.6827881187144","200186",""
"research","unequal-modes","mess-1","17","275634","fixed","12000","event","0.20000000000000037","0.19914583333333333","0.02120825031834502","true","true","FixedBudget","9410.618780364572","199476",""
"research","unequal-modes","mess-1","17","275634","fixed","12000","x","-2.4","-2.4087699770115143","0.17808744783617467","true","true","FixedBudget","8716.14571432412","199476",""
"research","unequal-modes","mess-1","17","275634","fixed","12000","xSquared","16.25","16.217859403204972","0.4833101782790173","true","true","FixedBudget","1814.7538788170773","199476",""
"research","unequal-modes","mess-1","17","275634","fixed","12000","y","0.0","0.02088337005532226","0.10368061205245326","true","true","FixedBudget","2475.1373843602346","199476",""
"research","unequal-modes","mess-1","17","275634","fixed","12000","ySquared","1.0","1.0029518920220077","0.14028152566084506","true","true","FixedBudget","2614.2623448144795","199476",""
"research","unequal-modes","mess-1","17","275634","stopped","10000","event","0.20000000000000037","0.198375","0.023031247187102425","true","true","PrecisionReached","7956.613964784879","199476",""
"research","unequal-modes","mess-1","17","275634","stopped","10000","x","-2.4","-2.4202024636412767","0.19296137377555425","true","true","PrecisionReached","7419.4998788906905","199476",""
"research","unequal-modes","mess-1","17","275634","stopped","10000","xSquared","16.25","16.266413048978027","0.5287824675561751","true","true","PrecisionReached","1498.4033750183999","199476",""
"research","unequal-modes","mess-1","17","275634","stopped","10000","y","0.0","0.014626964712646462","0.10983973900717517","true","true","PrecisionReached","2201.128858487346","199476",""
"research","unequal-modes","mess-1","17","275634","stopped","10000","ySquared","1.0","1.0008115193003106","0.15417842108258092","true","true","PrecisionReached","2145.6886289576237","199476",""
"research","unequal-modes","mess-1","18","283553","fixed","12000","event","0.20000000000000037","0.20091666666666666","0.021090914546717947","true","true","FixedBudget","9579.005246824052","199440",""
"research","unequal-modes","mess-1","18","283553","fixed","12000","x","-2.4","-2.388889065890095","0.18000508003654953","true","true","FixedBudget","8629.08127214609","199440",""
"research","unequal-modes","mess-1","18","283553","fixed","12000","xSquared","16.25","16.241702297510827","0.4558885512178649","true","true","FixedBudget","1990.111275894933","199440",""
"research","unequal-modes","mess-1","18","283553","fixed","12000","y","0.0","0.008051153848450357","0.10264620527624543","true","true","FixedBudget","2553.766585014057","199440",""
"research","unequal-modes","mess-1","18","283553","fixed","12000","ySquared","1.0","1.0138916946110847","0.14821641581437422","true","true","FixedBudget","2448.7155514517226","199440",""
"research","unequal-modes","mess-1","18","283553","stopped","8000","event","0.20000000000000037","0.20725","0.02678941992185426","true","true","PrecisionReached","6278.0980035414095","199440",""
"research","unequal-modes","mess-1","18","283553","stopped","8000","x","-2.4","-2.3289816713677998","0.2236241838942355","true","true","PrecisionReached","5817.811434948464","199440",""
"research","unequal-modes","mess-1","18","283553","stopped","8000","xSquared","16.25","16.2226736226567","0.5378912677642851","true","true","PrecisionReached","1391.4299984448642","199440",""
"research","unequal-modes","mess-1","18","283553","stopped","8000","y","0.0","0.025333398464510395","0.12487199802461722","true","true","PrecisionReached","1753.6731054159332","199440",""
"research","unequal-modes","mess-1","18","283553","stopped","8000","ySquared","1.0","1.0309591963736942","0.18129575725468033","true","true","PrecisionReached","1677.9499227379606","199440",""
"research","unequal-modes","mess-1","19","291472","fixed","12000","event","0.20000000000000037","0.18960416666666666","0.01997895837913025","false","true","FixedBudget","10247.684722805821","200413",""
"research","unequal-modes","mess-1","19","291472","fixed","12000","x","-2.4","-2.4895469824636374","0.17221066278384753","false","true","FixedBudget","9083.518156427326","200413",""
"research","unequal-modes","mess-1","19","291472","fixed","12000","xSquared","16.25","16.347959267444978","0.4514704517467322","true","true","FixedBudget","2016.5404725726987","200413",""
"research","unequal-modes","mess-1","19","291472","fixed","12000","y","0.0","-0.026089562393624033","0.10082133049698896","true","true","FixedBudget","2711.800928323598","200413",""
"research","unequal-modes","mess-1","19","291472","fixed","12000","ySquared","1.0","1.0393072996197845","0.15216384125129837","true","true","FixedBudget","2362.6472778662446","200413",""
"research","unequal-modes","mess-1","19","291472","stopped","8000","event","0.20000000000000037","0.19253125","0.024973715482169437","true","true","PrecisionReached","6615.586575352972","200413",""
"research","unequal-modes","mess-1","19","291472","stopped","8000","x","-2.4","-2.4673042951569863","0.2157850124770084","true","true","PrecisionReached","5885.915281836045","200413",""
"research","unequal-modes","mess-1","19","291472","stopped","8000","xSquared","16.25","16.413987987312378","0.5644817788904049","true","true","PrecisionReached","1317.8350393248352","200413",""
"research","unequal-modes","mess-1","19","291472","stopped","8000","y","0.0","-0.03135379429520979","0.12361216391982273","true","true","PrecisionReached","1767.4294539595328","200413",""
"research","unequal-modes","mess-1","19","291472","stopped","8000","ySquared","1.0","1.0185354629393042","0.1847667746706738","true","true","PrecisionReached","1566.8718702483511","200413",""
"research","unequal-modes","mess-1","20","299391","fixed","12000","event","0.20000000000000037","0.20366666666666666","0.02224166934974616","true","true","FixedBudget","9251.501810950705","198822",""
"research","unequal-modes","mess-1","20","299391","fixed","12000","x","-2.4","-2.374796615119908","0.1884774364625039","true","true","FixedBudget","8286.343285997727","198822",""
"research","unequal-modes","mess-1","20","299391","fixed","12000","xSquared","16.25","16.259760233838637","0.4602331102003547","true","true","FixedBudget","1969.6878616061283","198822",""
"research","unequal-modes","mess-1","20","299391","fixed","12000","y","0.0","0.026873979828597405","0.09929527917181388","true","true","FixedBudget","2704.2483419867312","198822",""
"research","unequal-modes","mess-1","20","299391","fixed","12000","ySquared","1.0","1.005339333680496","0.13596108205830407","true","true","FixedBudget","2637.0663354739036","198822",""
"research","unequal-modes","mess-1","20","299391","stopped","8000","event","0.20000000000000037","0.20725","0.027358338127703875","true","true","PrecisionReached","6273.959232459286","198822",""
"research","unequal-modes","mess-1","20","299391","stopped","8000","x","-2.4","-2.3381602699317448","0.2319782492932956","true","true","PrecisionReached","5759.238338397973","198822",""
"research","unequal-modes","mess-1","20","299391","stopped","8000","xSquared","16.25","16.231354524199187","0.5638152366320367","true","true","PrecisionReached","1336.9353892900594","198822",""
"research","unequal-modes","mess-1","20","299391","stopped","8000","y","0.0","0.016070590488920344","0.11935149428933257","true","true","PrecisionReached","1886.7998926174103","198822",""
"research","unequal-modes","mess-1","20","299391","stopped","8000","ySquared","1.0","1.0129420158931348","0.16473769207539643","true","true","PrecisionReached","1799.742938434149","198822",""
"research","unequal-modes","mess-1","21","307310","fixed","12000","event","0.20000000000000037","0.19752083333333337","0.020815373533621635","true","true","FixedBudget","9709.155495223393","199384",""
"research","unequal-modes","mess-1","21","307310","fixed","12000","x","-2.4","-2.4225088265989463","0.1817887202651866","true","true","FixedBudget","8388.833843940733","199384",""
"research","unequal-modes","mess-1","21","307310","fixed","12000","xSquared","16.25","16.314121781597194","0.50355828117647","true","true","FixedBudget","1687.544953880077","199384",""
"research","unequal-modes","mess-1","21","307310","fixed","12000","y","0.0","0.018932343272720698","0.10520075623523419","true","true","FixedBudget","2450.4116921862383","199384",""
"research","unequal-modes","mess-1","21","307310","fixed","12000","ySquared","1.0","1.0221765097902076","0.17150529953044472","true","true","FixedBudget","1999.9203024723129","199384",""
"research","unequal-modes","mess-1","21","307310","stopped","10000","event","0.20000000000000037","0.20109999999999995","0.022835032962331595","true","true","PrecisionReached","8177.230014531719","199384",""
"research","unequal-modes","mess-1","21","307310","stopped","10000","x","-2.4","-2.3931516100522225","0.19621696890284565","true","true","PrecisionReached","7295.375921844222","199384",""
"research","unequal-modes","mess-1","21","307310","stopped","10000","xSquared","16.25","16.310345123404907","0.549317751380189","true","true","PrecisionReached","1385.5620694914096","199384",""
"research","unequal-modes","mess-1","21","307310","stopped","10000","y","0.0","0.015397623791046644","0.10539471593990006","true","true","PrecisionReached","2406.954944138478","199384",""
"research","unequal-modes","mess-1","21","307310","stopped","10000","ySquared","1.0","1.0076340286747711","0.18534850716918946","true","true","PrecisionReached","1667.7741335631179","199384",""
"research","unequal-modes","mess-1","22","315229","fixed","12000","event","0.20000000000000037","0.2056458333333333","0.021429743832379056","true","true","FixedBudget","9573.795194222546","198946",""
"research","unequal-modes","mess-1","22","315229","fixed","12000","x","-2.4","-2.354042490038657","0.18445782960829035","true","true","FixedBudget","8595.727020164313","198946",""
"research","unequal-modes","mess-1","22","315229","fixed","12000","xSquared","16.25","16.204189846251403","0.5071722019426396","true","true","FixedBudget","1703.286824402242","198946",""
"research","unequal-modes","mess-1","22","315229","fixed","12000","y","0.0","-0.0032290668226002683","0.10071084210015152","true","true","FixedBudget","2746.462103629762","198946",""
"research","unequal-modes","mess-1","22","315229","fixed","12000","ySquared","1.0","1.0496081193413658","0.17675164334570953","true","true","FixedBudget","1936.3201238005336","198946",""
"research","unequal-modes","mess-1","22","315229","stopped","10000","event","0.20000000000000037","0.20647499999999996","0.023201224193788866","true","true","PrecisionReached","8078.138504527784","198946",""
"research","unequal-modes","mess-1","22","315229","stopped","10000","x","-2.4","-2.3461625777498374","0.19709316426241083","true","true","PrecisionReached","7301.168065614406","198946",""
"research","unequal-modes","mess-1","22","315229","stopped","10000","xSquared","16.25","16.190855108040907","0.5436399005404975","true","true","PrecisionReached","1478.4014378708257","198946",""
"research","unequal-modes","mess-1","22","315229","stopped","10000","y","0.0","-0.016089473569468993","0.10696584234650926","true","true","PrecisionReached","2415.812175683169","198946",""
"research","unequal-modes","mess-1","22","315229","stopped","10000","ySquared","1.0","1.0417327667608862","0.19621711229913696","true","true","PrecisionReached","1565.273660267625","198946",""
"research","unequal-modes","mess-1","23","323148","fixed","12000","event","0.20000000000000037","0.20270833333333332","0.02126087451461927","true","true","FixedBudget","9905.362226526224","199461",""
"research","unequal-modes","mess-1","23","323148","fixed","12000","x","-2.4","-2.388645387254199","0.18108135527561287","true","true","FixedBudget","8663.513369812285","199461",""
"research","unequal-modes","mess-1","23","323148","fixed","12000","xSquared","16.25","16.409435124681888","0.49939085874109257","true","true","FixedBudget","1754.088571752437","199461",""
"research","unequal-modes","mess-1","23","323148","fixed","12000","y","0.0","-0.019324948777164286","0.10262064200940332","true","true","FixedBudget","2532.5542028715217","199461",""
"research","unequal-modes","mess-1","23","323148","fixed","12000","ySquared","1.0","1.0052784496761298","0.14251408889378103","true","true","FixedBudget","2524.7166238021723","199461",""
"research","unequal-modes","mess-1","23","323148","stopped","10000","event","0.20000000000000037","0.20445","0.022956512357595105","true","true","PrecisionReached","8476.1695528617","199461",""
"research","unequal-modes","mess-1","23","323148","stopped","10000","x","-2.4","-2.3728854856161847","0.19551130616442985","true","true","PrecisionReached","7558.3464001394905","199461",""
"research","unequal-modes","mess-1","23","323148","stopped","10000","xSquared","16.25","16.37373517384778","0.5633123537702245","true","true","PrecisionReached","1381.1663612989662","199461",""
"research","unequal-modes","mess-1","23","323148","stopped","10000","y","0.0","-0.02941161281948368","0.11077542006319802","true","true","PrecisionReached","2202.4883535359227","199461",""
"research","unequal-modes","mess-1","23","323148","stopped","10000","ySquared","1.0","1.0192111880845678","0.16021564310873418","true","true","PrecisionReached","2056.9416711252993","199461",""
"research","unequal-modes","mess-1","24","331067","fixed","12000","event","0.20000000000000037","0.19766666666666666","0.0215918831646966","true","true","FixedBudget","9516.622466868359","199095",""
"research","unequal-modes","mess-1","24","331067","fixed","12000","x","-2.4","-2.407749428180144","0.18343291038718676","true","true","FixedBudget","8629.271267876724","199095",""
"research","unequal-modes","mess-1","24","331067","fixed","12000","xSquared","16.25","16.123082520682267","0.5122229117041055","true","true","FixedBudget","1635.3707957817028","199095",""
"research","unequal-modes","mess-1","24","331067","fixed","12000","y","0.0","-0.028869517556515234","0.09448679071851385","true","true","FixedBudget","2927.829573284689","199095",""
"research","unequal-modes","mess-1","24","331067","fixed","12000","ySquared","1.0","0.985716789470533","0.15119475135029337","true","true","FixedBudget","2342.988117693993","199095",""
"research","unequal-modes","mess-1","24","331067","stopped","10000","event","0.20000000000000037","0.199125","0.023563719182499367","true","true","PrecisionReached","7852.357103829944","199095",""
"research","unequal-modes","mess-1","24","331067","stopped","10000","x","-2.4","-2.39814364915535","0.20050362994407137","true","true","PrecisionReached","7035.453263134926","199095",""
"research","unequal-modes","mess-1","24","331067","stopped","10000","xSquared","16.25","16.15097895866248","0.5567384382194412","true","true","PrecisionReached","1360.6253624726714","199095",""
"research","unequal-modes","mess-1","24","331067","stopped","10000","y","0.0","-0.021904100947072402","0.10497762455731859","true","true","PrecisionReached","2353.1849013839574","199095",""
"research","unequal-modes","mess-1","24","331067","stopped","10000","ySquared","1.0","0.977592196537449","0.1682235159668298","true","true","PrecisionReached","1884.980825599422","199095",""
"research","unequal-modes","mess-1","25","338986","fixed","12000","event","0.20000000000000037","0.1971875","0.020398154708528765","true","true","FixedBudget","10097.525127422306","199742",""
"research","unequal-modes","mess-1","25","338986","fixed","12000","x","-2.4","-2.42221356773325","0.17439948780901882","true","true","FixedBudget","9066.340764193603","199742",""
"research","unequal-modes","mess-1","25","338986","fixed","12000","xSquared","16.25","16.25720714800641","0.48613528808035666","true","true","FixedBudget","1833.5062123573723","199742",""
"research","unequal-modes","mess-1","25","338986","fixed","12000","y","0.0","-0.017342418250058333","0.09376417604452147","true","true","FixedBudget","2967.083323908818","199742",""
"research","unequal-modes","mess-1","25","338986","fixed","12000","ySquared","1.0","0.983180599962123","0.15607424222471214","true","true","FixedBudget","2227.0872412910358","199742",""
"research","unequal-modes","mess-1","25","338986","stopped","8000","event","0.20000000000000037","0.19553125","0.024816772044902","true","true","PrecisionReached","6778.638820441441","199742",""
"research","unequal-modes","mess-1","25","338986","stopped","8000","x","-2.4","-2.438104335305807","0.2111363404067797","true","true","PrecisionReached","6138.007766960908","199742",""
"research","unequal-modes","mess-1","25","338986","stopped","8000","xSquared","16.25","16.25404474226359","0.5727411099284394","true","true","PrecisionReached","1325.5418693009442","199742",""
"research","unequal-modes","mess-1","25","338986","stopped","8000","y","0.0","-0.031611669163954526","0.11262361444277971","true","true","PrecisionReached","2071.4595529505727","199742",""
"research","unequal-modes","mess-1","25","338986","stopped","8000","ySquared","1.0","0.9909821165667817","0.19866092842785865","true","true","PrecisionReached","1460.1208189030508","199742",""
"research","unequal-modes","mess-1","26","346905","fixed","12000","event","0.20000000000000037","0.20058333333333334","0.021021070255085223","true","true","FixedBudget","9694.15074347352","199621",""
"research","unequal-modes","mess-1","26","346905","fixed","12000","x","-2.4","-2.3870577438124028","0.17895368485835159","true","true","FixedBudget","8611.513256568785","199621",""
"research","unequal-modes","mess-1","26","346905","fixed","12000","xSquared","16.25","16.089049987141497","0.4931680881835246","true","true","FixedBudget","1774.656773109135","199621",""
"research","unequal-modes","mess-1","26","346905","fixed","12000","y","0.0","-0.0012026341869394441","0.09015092374229096","true","true","FixedBudget","3221.7517030073955","199621",""
"research","unequal-modes","mess-1","26","346905","fixed","12000","ySquared","1.0","0.9865744574315035","0.14698934120188017","true","true","FixedBudget","2463.474690602446","199621",""
"research","unequal-modes","mess-1","26","346905","stopped","10000","event","0.20000000000000037","0.1991","0.023213573818238895","true","true","PrecisionReached","7853.632006152992","199621",""
"research","unequal-modes","mess-1","26","346905","stopped","10000","x","-2.4","-2.3974114919119027","0.19854655150469736","true","true","PrecisionReached","6961.058190877847","199621",""
"research","unequal-modes","mess-1","26","346905","stopped","10000","xSquared","16.25","16.086972713693363","0.54782635954551","true","true","PrecisionReached","1434.325260088656","199621",""
"research","unequal-modes","mess-1","26","346905","stopped","10000","y","0.0","-0.006217247109243984","0.09638383369602761","true","true","PrecisionReached","2781.4823039389","199621",""
"research","unequal-modes","mess-1","26","346905","stopped","10000","ySquared","1.0","0.9736366837598007","0.16035447632129587","true","true","PrecisionReached","2013.1141383970023","199621",""
"research","unequal-modes","mess-1","27","354824","fixed","12000","event","0.20000000000000037","0.19658333333333333","0.02023210996731023","true","true","FixedBudget","10240.19852509387","199339",""
"research","unequal-modes","mess-1","27","354824","fixed","12000","x","-2.4","-2.426990461412969","0.16926302678378746","true","true","FixedBudget","9604.079521626476","199339",""
"research","unequal-modes","mess-1","27","354824","fixed","12000","xSquared","16.25","16.25784740212656","0.48788960725075764","true","true","FixedBudget","1755.5316442472013","199339",""
"research","unequal-modes","mess-1","27","354824","fixed","12000","y","0.0","0.014769082387423249","0.09233317824801748","true","true","FixedBudget","3016.768353992908","199339",""
"research","unequal-modes","mess-1","27","354824","fixed","12000","ySquared","1.0","0.9692863093733775","0.13707458423288815","true","true","FixedBudget","2538.300757194008","199339",""
"research","unequal-modes","mess-1","27","354824","stopped","8000","event","0.20000000000000037","0.19471875000000005","0.02506046471097526","true","true","PrecisionReached","6626.509765132337","199339",""
"research","unequal-modes","mess-1","27","354824","stopped","8000","x","-2.4","-2.439989724052749","0.20938142050822658","true","true","PrecisionReached","6216.151549162137","199339",""
"research","unequal-modes","mess-1","27","354824","stopped","8000","xSquared","16.25","16.22165140777437","0.5854102225747547","true","true","PrecisionReached","1205.2986267116135","199339",""
"research","unequal-modes","mess-1","27","354824","stopped","8000","y","0.0","0.033152699518278594","0.11454507702900796","true","true","PrecisionReached","1902.5687169338505","199339",""
"research","unequal-modes","mess-1","27","354824","stopped","8000","ySquared","1.0","0.9416568950748557","0.16084141578948324","true","true","PrecisionReached","1703.8876963778125","199339",""
"research","unequal-modes","mess-1","28","362743","fixed","12000","event","0.20000000000000037","0.19341666666666665","0.020819612693801327","true","true","FixedBudget","9552.148036679402","200120",""
"research","unequal-modes","mess-1","28","362743","fixed","12000","x","-2.4","-2.4556802499718926","0.17664852022587832","true","true","FixedBudget","8713.504241881354","200120",""
"research","unequal-modes","mess-1","28","362743","fixed","12000","xSquared","16.25","16.27531107494893","0.4935497577144764","true","true","FixedBudget","1687.813957837648","200120",""
"research","unequal-modes","mess-1","28","362743","fixed","12000","y","0.0","-0.004066884836792628","0.08795987376967757","true","true","FixedBudget","3228.8327549839505","200120",""
"research","unequal-modes","mess-1","28","362743","fixed","12000","ySquared","1.0","0.9412807519463695","0.13767375927541434","true","true","FixedBudget","2360.116614197354","200120",""
"research","unequal-modes","mess-1","28","362743","stopped","10000","event","0.20000000000000037","0.191625","0.022463230849387294","true","true","PrecisionReached","8147.523264953176","200120",""
"research","unequal-modes","mess-1","28","362743","stopped","10000","x","-2.4","-2.4628892835254876","0.1906788602832495","true","true","PrecisionReached","7409.421590298332","200120",""
"research","unequal-modes","mess-1","28","362743","stopped","10000","xSquared","16.25","16.216252520009906","0.5427881604986656","true","true","PrecisionReached","1394.174601044384","200120",""
"research","unequal-modes","mess-1","28","362743","stopped","10000","y","0.0","0.004501275503845159","0.09623588478994109","true","true","PrecisionReached","2715.699534840023","200120",""
"research","unequal-modes","mess-1","28","362743","stopped","10000","ySquared","1.0","0.947676436881499","0.15829329548754614","true","true","PrecisionReached","1817.9423343670921","200120",""
"research","unequal-modes","mess-1","29","370662","fixed","12000","event","0.20000000000000037","0.19829166666666667","0.021232248282013696","true","true","FixedBudget","10038.482870283371","199290",""
"research","unequal-modes","mess-1","29","370662","fixed","12000","x","-2.4","-2.417194629900963","0.17912520397421322","true","true","FixedBudget","9355.318624040234","199290",""
"research","unequal-modes","mess-1","29","370662","fixed","12000","xSquared","16.25","16.328688467142186","0.5008116432792155","true","true","FixedBudget","1674.019484254864","199290",""
"research","unequal-modes","mess-1","29","370662","fixed","12000","y","0.0","0.004282281132252708","0.09702711376863316","true","true","FixedBudget","2764.5006962019634","199290",""
"research","unequal-modes","mess-1","29","370662","fixed","12000","ySquared","1.0","0.9806360444095316","0.13815153289282728","true","true","FixedBudget","2535.1966559448147","199290",""
"research","unequal-modes","mess-1","29","370662","stopped","8000","event","0.20000000000000037","0.2039375","0.025178353642177197","true","true","PrecisionReached","6796.687799911472","199290",""
"research","unequal-modes","mess-1","29","370662","stopped","8000","x","-2.4","-2.363551449402088","0.2095429960192777","true","true","PrecisionReached","6479.663222110506","199290",""
"research","unequal-modes","mess-1","29","370662","stopped","8000","xSquared","16.25","16.30628226426754","0.5590778152345226","true","true","PrecisionReached","1309.3413599574362","199290",""
"research","unequal-modes","mess-1","29","370662","stopped","8000","y","0.0","0.006397988566035462","0.12323867137585212","true","true","PrecisionReached","1733.6602132498167","199290",""
"research","unequal-modes","mess-1","29","370662","stopped","8000","ySquared","1.0","0.9921291138707632","0.17249650790156923","true","true","PrecisionReached","1653.33657133529","199290",""
"research","unequal-modes","mess-4","0","141011","fixed","12000","event","0.20000000000000037","0.19920833333333332","0.015542926504943108","true","true","FixedBudget","17691.593101609902","365228",""
"research","unequal-modes","mess-4","0","141011","fixed","12000","x","-2.4","-2.413057766369229","0.13996765644837447","true","true","FixedBudget","14255.331120009612","365228",""
"research","unequal-modes","mess-4","0","141011","fixed","12000","xSquared","16.25","16.254312275105427","0.4726943500088044","true","true","FixedBudget","1911.6653777782064","365228",""
"research","unequal-modes","mess-4","0","141011","fixed","12000","y","0.0","-0.014150849890439132","0.08819330634755676","true","true","FixedBudget","3391.6472022503267","365228",""
"research","unequal-modes","mess-4","0","141011","fixed","12000","ySquared","1.0","0.994182707968976","0.1417221524128932","true","true","FixedBudget","2585.598120050415","365228",""
"research","unequal-modes","mess-4","0","141011","stopped","10000","event","0.20000000000000037","0.1995","0.01668244852795039","true","true","PrecisionReached","15382.605091673482","365228",""
"research","unequal-modes","mess-4","0","141011","stopped","10000","x","-2.4","-2.407109614608408","0.14946925775289943","true","true","PrecisionReached","12384.894354479657","365228",""
"research","unequal-modes","mess-4","0","141011","stopped","10000","xSquared","16.25","16.219536540017067","0.5209446325861794","true","true","PrecisionReached","1542.2287021004493","365228",""
"research","unequal-modes","mess-4","0","141011","stopped","10000","y","0.0","-0.00447720466427487","0.09936877879097865","true","true","PrecisionReached","2677.3429955349725","365228",""
"research","unequal-modes","mess-4","0","141011","stopped","10000","ySquared","1.0","0.996110800696001","0.15541324453942273","true","true","PrecisionReached","2152.2914435841344","365228",""
"research","unequal-modes","mess-4","1","148930","fixed","12000","event","0.20000000000000037","0.19945833333333332","0.015428491054048086","true","true","FixedBudget","19477.003533977077","364908",""
"research","unequal-modes","mess-4","1","148930","fixed","12000","x","-2.4","-2.4035016958644104","0.13891299091762593","true","true","FixedBudget","14759.611213305998","364908",""
"research","unequal-modes","mess-4","1","148930","fixed","12000","xSquared","16.25","16.17957278855144","0.4859045141837574","true","true","FixedBudget","1845.5885186936819","364908",""
"research","unequal-modes","mess-4","1","148930","fixed","12000","y","0.0","0.007950356454074825","0.0904203949420897","true","true","FixedBudget","3239.3131997893875","364908",""
"research","unequal-modes","mess-4","1","148930","fixed","12000","ySquared","1.0","0.9979529119341772","0.16002642798525216","true","true","FixedBudget","2204.6056274975213","364908",""
"research","unequal-modes","mess-4","1","148930","stopped","8000","event","0.20000000000000037","0.20259375","0.01901854016230813","true","true","PrecisionReached","12470.616426066637","364908",""
"research","unequal-modes","mess-4","1","148930","stopped","8000","x","-2.4","-2.383453337064951","0.1696363155178034","true","true","PrecisionReached","10286.613167578775","364908",""
"research","unequal-modes","mess-4","1","148930","stopped","8000","xSquared","16.25","16.247028571674104","0.6028442533769454","true","true","PrecisionReached","1204.1330218181288","364908",""
"research","unequal-modes","mess-4","1","148930","stopped","8000","y","0.0","0.012906123815280557","0.11255199506089149","true","true","PrecisionReached","2123.347107868169","364908",""
"research","unequal-modes","mess-4","1","148930","stopped","8000","ySquared","1.0","1.0136570342933118","0.20591616737364885","true","true","PrecisionReached","1444.2907655820522","364908",""
"research","unequal-modes","mess-4","2","156849","fixed","12000","event","0.20000000000000037","0.19883333333333333","0.015775824233873505","true","true","FixedBudget","17706.823333278466","366900",""
"research","unequal-modes","mess-4","2","156849","fixed","12000","x","-2.4","-2.405921343495716","0.1390213179147765","true","true","FixedBudget","14305.11921892586","366900",""
"research","unequal-modes","mess-4","2","156849","fixed","12000","xSquared","16.25","16.20565951350232","0.4686964599154023","true","true","FixedBudget","1834.3564419107317","366900",""
"research","unequal-modes","mess-4","2","156849","fixed","12000","y","0.0","-0.0032430899065407637","0.09150730110486699","true","true","FixedBudget","3148.0437912368425","366900",""
"research","unequal-modes","mess-4","2","156849","fixed","12000","ySquared","1.0","0.993238759041729","0.13837939467774693","true","true","FixedBudget","2595.6827684667774","366900",""
"research","unequal-modes","mess-4","2","156849","stopped","8000","event","0.20000000000000037","0.19584375","0.01898339527779232","true","true","PrecisionReached","11802.046780104605","366900",""
"research","unequal-modes","mess-4","2","156849","stopped","8000","x","-2.4","-2.4320882653137375","0.17100568620123602","true","true","PrecisionReached","9342.507734571023","366900",""
"research","unequal-modes","mess-4","2","156849","stopped","8000","xSquared","16.25","16.20887989669536","0.5443199851235756","true","true","PrecisionReached","1307.81837054457","366900",""
"research","unequal-modes","mess-4","2","156849","stopped","8000","y","0.0","0.001662867931111589","0.11215661423519853","true","true","PrecisionReached","2093.098188175559","366900",""
"research","unequal-modes","mess-4","2","156849","stopped","8000","ySquared","1.0","0.992048422138569","0.17193093893669525","true","true","PrecisionReached","1676.027223727228","366900",""
"research","unequal-modes","mess-4","3","164768","fixed","12000","event","0.20000000000000037","0.21150000000000002","0.016002894937041934","false","true","FixedBudget","17282.961391125747","363744",""
"research","unequal-modes","mess-4","3","164768","fixed","12000","x","-2.4","-2.316374648381596","0.14109613458227918","false","true","FixedBudget","14603.895493032816","363744",""
"research","unequal-modes","mess-4","3","164768","fixed","12000","xSquared","16.25","16.320171991722145","0.460137592285771","true","true","FixedBudget","1988.4988158226881","363744",""
"research","unequal-modes","mess-4","3","164768","fixed","12000","y","0.0","-0.02616048054034603","0.08525905186069235","true","true","FixedBudget","3624.5668813536004","363744",""
"research","unequal-modes","mess-4","3","164768","fixed","12000","ySquared","1.0","0.9934207037562628","0.14728633325847942","true","true","FixedBudget","2411.5986812224382","363744",""
"research","unequal-modes","mess-4","3","164768","stopped","8000","event","0.20000000000000037","0.21246874999999998","0.019888374528652466","false","true","PrecisionReached","11227.21402409716","363744",""
"research","unequal-modes","mess-4","3","164768","stopped","8000","x","-2.4","-2.3111013320114857","0.17592972829322448","false","true","PrecisionReached","9431.886543534805","363744",""
"research","unequal-modes","mess-4","3","164768","stopped","8000","xSquared","16.25","16.340597314229207","0.5861845586908782","true","true","PrecisionReached","1240.0363398843633","363744",""
"research","unequal-modes","mess-4","3","164768","stopped","8000","y","0.0","-0.019533333498374383","0.10455408367362738","true","true","PrecisionReached","2423.723309261867","363744",""
"research","unequal-modes","mess-4","3","164768","stopped","8000","ySquared","1.0","0.9986729227320033","0.16872649138671234","true","true","PrecisionReached","1779.77234119016","363744",""
"research","unequal-modes","mess-4","4","172687","fixed","12000","event","0.20000000000000037","0.2","0.015189567140412582","true","true","FixedBudget","18404.8543648735","365528",""
"research","unequal-modes","mess-4","4","172687","fixed","12000","x","-2.4","-2.396515221523126","0.13620545686385024","true","true","FixedBudget","14930.85241713112","365528",""
"research","unequal-modes","mess-4","4","172687","fixed","12000","xSquared","16.25","16.18015868910884","0.49913417223847556","true","true","FixedBudget","1791.1626018969957","365528",""
"research","unequal-modes","mess-4","4","172687","fixed","12000","y","0.0","-0.02973584869228607","0.09079145797090628","true","true","FixedBudget","3193.1262795489283","365528",""
"research","unequal-modes","mess-4","4","172687","fixed","12000","ySquared","1.0","0.9926357439361968","0.14175426160485285","true","true","FixedBudget","2558.495481472427","365528",""
"research","unequal-modes","mess-4","4","172687","stopped","10000","event","0.20000000000000037","0.201975","0.016692393745823014","true","true","PrecisionReached","15352.598087081231","365528",""
"research","unequal-modes","mess-4","4","172687","stopped","10000","x","-2.4","-2.379631696943772","0.15019541174097217","true","true","PrecisionReached","12349.230224198629","365528",""
"research","unequal-modes","mess-4","4","172687","stopped","10000","xSquared","16.25","16.159236454555497","0.5523069077572623","true","true","PrecisionReached","1456.660499445779","365528",""
"research","unequal-modes","mess-4","4","172687","stopped","10000","y","0.0","-0.022081068101311496","0.09828893198701037","true","true","PrecisionReached","2744.4879675698908","365528",""
"research","unequal-modes","mess-4","4","172687","stopped","10000","ySquared","1.0","0.9994877275057448","0.15495498192214016","true","true","PrecisionReached","2140.977395743129","365528",""
"research","unequal-modes","mess-4","5","180606","fixed","12000","event","0.20000000000000037","0.20120833333333332","0.015674656716357673","true","true","FixedBudget","18883.31087574408","366580",""
"research","unequal-modes","mess-4","5","180606","fixed","12000","x","-2.4","-2.4017463233278677","0.14202383720137798","true","true","FixedBudget","15459.113942973017","366580",""
"research","unequal-modes","mess-4","5","180606","fixed","12000","xSquared","16.25","16.400654462750733","0.5007918897418738","true","true","FixedBudget","1702.370760641951","366580",""
"research","unequal-modes","mess-4","5","180606","fixed","12000","y","0.0","-0.00875307051610097","0.08777938561294177","true","true","FixedBudget","3416.0096870343264","366580",""
"research","unequal-modes","mess-4","5","180606","fixed","12000","ySquared","1.0","0.9918237837907246","0.12815875594559378","true","true","FixedBudget","2984.1702848660216","366580",""
"research","unequal-modes","mess-4","5","180606","stopped","8000","event","0.20000000000000037","0.1995625","0.018851771856203573","true","true","PrecisionReached","12483.599512291641","366580",""
"research","unequal-modes","mess-4","5","180606","stopped","8000","x","-2.4","-2.4180817632192007","0.17107956463229684","true","true","PrecisionReached","10107.699581014791","366580",""
"research","unequal-modes","mess-4","5","180606","stopped","8000","xSquared","16.25","16.40964128480262","0.5709056221619129","true","true","PrecisionReached","1262.5410953838464","366580",""
"research","unequal-modes","mess-4","5","180606","stopped","8000","y","0.0","-0.01336116642268248","0.10864616953428709","true","true","PrecisionReached","2208.598133194577","366580",""
"research","unequal-modes","mess-4","5","180606","stopped","8000","ySquared","1.0","0.9824642100224292","0.15577929970291504","true","true","PrecisionReached","1999.8862252787935","366580",""
"research","unequal-modes","mess-4","6","188525","fixed","12000","event","0.20000000000000037","0.19779166666666667","0.015940342030480715","true","true","FixedBudget","17380.176353436575","366728",""
"research","unequal-modes","mess-4","6","188525","fixed","12000","x","-2.4","-2.4231301894350192","0.142456687325281","true","true","FixedBudget","13877.73676760875","366728",""
"research","unequal-modes","mess-4","6","188525","fixed","12000","xSquared","16.25","16.326669263090103","0.47022304160972117","true","true","FixedBudget","1909.6492344706326","366728",""
"research","unequal-modes","mess-4","6","188525","fixed","12000","y","0.0","0.005222020310303166","0.09902291985682303","true","true","FixedBudget","2723.2920041984094","366728",""
"research","unequal-modes","mess-4","6","188525","fixed","12000","ySquared","1.0","1.0061766606407105","0.15263808055654138","true","true","FixedBudget","2418.2582631177834","366728",""
"research","unequal-modes","mess-4","6","188525","stopped","8000","event","0.20000000000000037","0.1991875","0.020193948244601436","true","true","PrecisionReached","11394.671008859177","366728",""
"research","unequal-modes","mess-4","6","188525","stopped","8000","x","-2.4","-2.4160247129146737","0.18071470946682888","true","true","PrecisionReached","9139.376350517654","366728",""
"research","unequal-modes","mess-4","6","188525","stopped","8000","xSquared","16.25","16.38297809585108","0.6000212790143261","true","true","PrecisionReached","1188.7227964528402","366728",""
"research","unequal-modes","mess-4","6","188525","stopped","8000","y","0.0","-0.00415142745578731","0.12724184172377206","true","true","PrecisionReached","1706.143424383245","366728",""
"research","unequal-modes","mess-4","6","188525","stopped","8000","ySquared","1.0","1.0408182500372551","0.20371779257014483","true","true","PrecisionReached","1521.7884820284148","366728",""
"research","unequal-modes","mess-4","7","196444","fixed","12000","event","0.20000000000000037","0.19704166666666667","0.014919549259364619","true","true","FixedBudget","18864.394718031755","365908",""
"research","unequal-modes","mess-4","7","196444","fixed","12000","x","-2.4","-2.411638513278885","0.1284604619398547","true","true","FixedBudget","16572.19370091046","365908",""
"research","unequal-modes","mess-4","7","196444","fixed","12000","xSquared","16.25","16.120235473071375","0.488706316513524","true","true","FixedBudget","1783.9984750208162","365908",""
"research","unequal-modes","mess-4","7","196444","fixed","12000","y","0.0","-0.005983243390876414","0.08615412619939397","true","true","FixedBudget","3576.6491110337956","365908",""
"research","unequal-modes","mess-4","7","196444","fixed","12000","ySquared","1.0","1.0003243576677516","0.14897816248118823","true","true","FixedBudget","2279.6073947824225","365908",""
"research","unequal-modes","mess-4","7","196444","stopped","8000","event","0.20000000000000037","0.195125","0.01815295803170278","true","true","PrecisionReached","12648.943986275139","365908",""
"research","unequal-modes","mess-4","7","196444","stopped","8000","x","-2.4","-2.42299208531732","0.15441438079544967","true","true","PrecisionReached","11386.665152831509","365908",""
"research","unequal-modes","mess-4","7","196444","stopped","8000","xSquared","16.25","16.091530854859343","0.5794571013340173","true","true","PrecisionReached","1259.2103191877047","365908",""
"research","unequal-modes","mess-4","7","196444","stopped","8000","y","0.0","-0.02018160439636507","0.09959389250757673","true","true","PrecisionReached","2567.6589971702992","365908",""
"research","unequal-modes","mess-4","7","196444","stopped","8000","ySquared","1.0","0.9600178973313166","0.1630250176643958","true","true","PrecisionReached","1737.701584478185","365908",""
"research","unequal-modes","mess-4","8","204363","fixed","12000","event","0.20000000000000037","0.19945833333333332","0.01550241671714094","true","true","FixedBudget","17633.580769521614","365396",""
"research","unequal-modes","mess-4","8","204363","fixed","12000","x","-2.4","-2.4069990347398567","0.136163502548938","true","true","FixedBudget","14975.703733161627","365396",""
"research","unequal-modes","mess-4","8","204363","fixed","12000","xSquared","16.25","16.255421629105275","0.501267783168138","true","true","FixedBudget","1766.4197596541428","365396",""
"research","unequal-modes","mess-4","8","204363","fixed","12000","y","0.0","-0.014692241123594768","0.09047777777937681","true","true","FixedBudget","3206.6844981295108","365396",""
"research","unequal-modes","mess-4","8","204363","fixed","12000","ySquared","1.0","0.9893083070758091","0.1455053814477024","true","true","FixedBudget","2506.549623741408","365396",""
"research","unequal-modes","mess-4","8","204363","stopped","10000","event","0.20000000000000037","0.199975","0.01705775914418249","true","true","PrecisionReached","14592.85664650073","365396",""
"research","unequal-modes","mess-4","8","204363","stopped","10000","x","-2.4","-2.3995740915274464","0.14930706474835975","true","true","PrecisionReached","12486.630923767812","365396",""
"research","unequal-modes","mess-4","8","204363","stopped","10000","xSquared","16.25","16.246156356683162","0.5561232973938303","true","true","PrecisionReached","1430.2018210411973","365396",""
"research","unequal-modes","mess-4","8","204363","stopped","10000","y","0.0","-0.021041325568595698","0.1013689108399212","true","true","PrecisionReached","2617.2418015039566","365396",""
"research","unequal-modes","mess-4","8","204363","stopped","10000","ySquared","1.0","1.0137669047903228","0.16791095499645042","true","true","PrecisionReached","1992.9584929742066","365396",""
"research","unequal-modes","mess-4","9","212282","fixed","12000","event","0.20000000000000037","0.1968125","0.015093747299126893","true","true","FixedBudget","18681.450818907728","365448",""
"research","unequal-modes","mess-4","9","212282","fixed","12000","x","-2.4","-2.4296751977316915","0.13707931485967023","true","true","FixedBudget","14854.429922832995","365448",""
"research","unequal-modes","mess-4","9","212282","fixed","12000","xSquared","16.25","16.24866651744658","0.49456937899061765","true","true","FixedBudget","1786.7939220329806","365448",""
"research","unequal-modes","mess-4","9","212282","fixed","12000","y","0.0","0.021148379189818156","0.09081095209188021","true","true","FixedBudget","3202.547831249867","365448",""
"research","unequal-modes","mess-4","9","212282","fixed","12000","ySquared","1.0","0.9955521989662302","0.14213107188375912","true","true","FixedBudget","2581.0218208123997","365448",""
"research","unequal-modes","mess-4","9","212282","stopped","8000","event","0.20000000000000037","0.1970625","0.01943305706185658","true","true","PrecisionReached","12376.899422896504","365448",""
"research","unequal-modes","mess-4","9","212282","stopped","8000","x","-2.4","-2.4383213516415974","0.17597833698164903","true","true","PrecisionReached","9743.616091271027","365448",""
"research","unequal-modes","mess-4","9","212282","stopped","8000","xSquared","16.25","16.37079709334571","0.5954534497515033","true","true","PrecisionReached","1229.8868516427856","365448",""
"research","unequal-modes","mess-4","9","212282","stopped","8000","y","0.0","0.01416844295543207","0.11349835652070774","true","true","PrecisionReached","2072.181617899039","365448",""
"research","unequal-modes","mess-4","9","212282","stopped","8000","ySquared","1.0","1.0059720481915964","0.18455974703139863","true","true","PrecisionReached","1557.0365687938806","365448",""
"research","unequal-modes","mess-4","10","220201","fixed","12000","event","0.20000000000000037","0.20391666666666663","0.015210892571071229","true","true","FixedBudget","18908.616348026782","366060",""
"research","unequal-modes","mess-4","10","220201","fixed","12000","x","-2.4","-2.367145581956739","0.13646519667466095","true","true","FixedBudget","15280.162150243788","366060",""
"research","unequal-modes","mess-4","10","220201","fixed","12000","xSquared","16.25","16.249577150882715","0.5088452219434364","true","true","FixedBudget","1797.5094439770296","366060",""
"research","unequal-modes","mess-4","10","220201","fixed","12000","y","0.0","0.01048599904333121","0.08789878644411982","true","true","FixedBudget","3367.6201840850435","366060",""
"research","unequal-modes","mess-4","10","220201","fixed","12000","ySquared","1.0","0.9804701379959606","0.1413004324725212","true","true","FixedBudget","2418.1460585185528","366060",""
"research","unequal-modes","mess-4","10","220201","stopped","8000","event","0.20000000000000037","0.20699999999999996","0.018698024054799593","true","true","PrecisionReached","12461.198864700486","366060",""
"research","unequal-modes","mess-4","10","220201","stopped","8000","x","-2.4","-2.345487730403972","0.16952811221985656","true","true","PrecisionReached","9937.995409587988","366060",""
"research","unequal-modes","mess-4","10","220201","stopped","8000","xSquared","16.25","16.26285509834099","0.6168754724636493","true","true","PrecisionReached","1220.7170450960143","366060",""
"research","unequal-modes","mess-4","10","220201","stopped","8000","y","0.0","0.010444551922629969","0.11358311892342202","true","true","PrecisionReached","2115.575819024528","366060",""
"research","unequal-modes","mess-4","10","220201","stopped","8000","ySquared","1.0","1.02847684671828","0.18204293991902062","true","true","PrecisionReached","1577.7345171975683","366060",""
"research","unequal-modes","mess-4","11","228120","fixed","12000","event","0.20000000000000037","0.20266666666666666","0.015361596304688507","true","true","FixedBudget","18174.093071019975","365860",""
"research","unequal-modes","mess-4","11","228120","fixed","12000","x","-2.4","-2.3672189351609587","0.13432437868694466","true","true","FixedBudget","15435.531164012975","365860",""
"research","unequal-modes","mess-4","11","228120","fixed","12000","xSquared","16.25","16.09741140549912","0.48213726731426704","true","true","FixedBudget","1812.7988952147732","365860",""
"research","unequal-modes","mess-4","11","228120","fixed","12000","y","0.0","-0.010191020286466568","0.08611282840445803","true","true","FixedBudget","3530.5819056745004","365860",""
"research","unequal-modes","mess-4","11","228120","fixed","12000","ySquared","1.0","0.9865623146696327","0.14198974560083708","true","true","FixedBudget","2466.442882067984","365860",""
"research","unequal-modes","mess-4","11","228120","stopped","10000","event","0.20000000000000037","0.2043","0.017080742636650062","true","true","PrecisionReached","14787.992942438475","365860",""
"research","unequal-modes","mess-4","11","228120","stopped","10000","x","-2.4","-2.3527663612489653","0.14883268545147776","true","true","PrecisionReached","12658.808737513044","365860",""
"research","unequal-modes","mess-4","11","228120","stopped","10000","xSquared","16.25","16.100873601328786","0.5135172948001526","true","true","PrecisionReached","1583.7271198528927","365860",""
"research","unequal-modes","mess-4","11","228120","stopped","10000","y","0.0","-0.013880943840536342","0.09329680446019271","true","true","PrecisionReached","2968.7292050218525","365860",""
"research","unequal-modes","mess-4","11","228120","stopped","10000","ySquared","1.0","0.9738342653770646","0.16130609767287776","true","true","PrecisionReached","1880.4254431041281","365860",""
"research","unequal-modes","mess-4","12","236039","fixed","12000","event","0.20000000000000037","0.20014583333333333","0.015418089766701035","true","true","FixedBudget","17873.080995526136","366544",""
"research","unequal-modes","mess-4","12","236039","fixed","12000","x","-2.4","-2.39169580357287","0.13727326501681955","true","true","FixedBudget","14702.357763164138","366544",""
"research","unequal-modes","mess-4","12","236039","fixed","12000","xSquared","16.25","16.159132317946757","0.4916238133252929","true","true","FixedBudget","1743.6204275648404","366544",""
"research","unequal-modes","mess-4","12","236039","fixed","12000","y","0.0","0.03955508393703844","0.09006093290914573","true","true","FixedBudget","3369.9026100742644","366544",""
"research","unequal-modes","mess-4","12","236039","fixed","12000","ySquared","1.0","1.0314455768274202","0.1584084194147885","true","true","FixedBudget","2407.3087837197113","366544",""
"research","unequal-modes","mess-4","12","236039","stopped","10000","event","0.20000000000000037","0.20205","0.017012176021334615","true","true","PrecisionReached","14784.94817639989","366544",""
"research","unequal-modes","mess-4","12","236039","stopped","10000","x","-2.4","-2.373904457366396","0.14995986954768792","true","true","PrecisionReached","12383.430645231085","366544",""
"research","unequal-modes","mess-4","12","236039","stopped","10000","xSquared","16.25","16.128093865986628","0.5610122122193817","true","true","PrecisionReached","1349.5899786051325","366544",""
"research","unequal-modes","mess-4","12","236039","stopped","10000","y","0.0","0.03316265389793749","0.09510871016382182","true","true","PrecisionReached","3027.089762509122","366544",""
"research","unequal-modes","mess-4","12","236039","stopped","10000","ySquared","1.0","1.0328174471499356","0.17417939403644733","true","true","PrecisionReached","2031.8229638629955","366544",""
"research","unequal-modes","mess-4","13","243958","fixed","12000","event","0.20000000000000037","0.20110416666666667","0.015068359553818871","true","true","FixedBudget","18854.03837303119","365004",""
"research","unequal-modes","mess-4","13","243958","fixed","12000","x","-2.4","-2.3901491012034617","0.13357718202021934","true","true","FixedBudget","15833.604849484893","365004",""
"research","unequal-modes","mess-4","13","243958","fixed","12000","xSquared","16.25","16.259822252772906","0.4822035098803744","true","true","FixedBudget","1817.6697469132325","365004",""
"research","unequal-modes","mess-4","13","243958","fixed","12000","y","0.0","-0.0034885919178543334","0.08481163983708911","true","true","FixedBudget","3578.5329708277113","365004",""
"research","unequal-modes","mess-4","13","243958","fixed","12000","ySquared","1.0","0.9698804270298352","0.13714162180725978","true","true","FixedBudget","2647.8378282998333","365004",""
"research","unequal-modes","mess-4","13","243958","stopped","8000","event","0.20000000000000037","0.19803125","0.018388410359765982","true","true","PrecisionReached","12465.523530591361","365004",""
"research","unequal-modes","mess-4","13","243958","stopped","8000","x","-2.4","-2.423204715973611","0.16321591424017876","true","true","PrecisionReached","10507.776548175549","365004",""
"research","unequal-modes","mess-4","13","243958","stopped","8000","xSquared","16.25","16.341215442632603","0.5891149405073026","true","true","PrecisionReached","1234.320193509931","365004",""
"research","unequal-modes","mess-4","13","243958","stopped","8000","y","0.0","0.014549471677467174","0.10808660388765316","true","true","PrecisionReached","2248.142733972153","365004",""
"research","unequal-modes","mess-4","13","243958","stopped","8000","ySquared","1.0","0.9898121765445681","0.17312969588047614","true","true","PrecisionReached","1716.9700114978361","365004",""
"research","unequal-modes","mess-4","14","251877","fixed","12000","event","0.20000000000000037","0.208125","0.015599398901456773","false","true","FixedBudget","18372.09505585366","364068",""
"research","unequal-modes","mess-4","14","251877","fixed","12000","x","-2.4","-2.3271281497267555","0.13889411852519903","false","true","FixedBudget","14777.470420070427","364068",""
"research","unequal-modes","mess-4","14","251877","fixed","12000","xSquared","16.25","16.157017494964027","0.48830985152452844","true","true","FixedBudget","1786.925789030418","364068",""
"research","unequal-modes","mess-4","14","251877","fixed","12000","y","0.0","0.013193675886372824","0.08125887050422845","true","true","FixedBudget","3906.2086445128566","364068",""
"research","unequal-modes","mess-4","14","251877","fixed","12000","ySquared","1.0","0.9720119044212095","0.1314588522420646","true","true","FixedBudget","2763.3880376024385","364068",""
"research","unequal-modes","mess-4","14","251877","stopped","8000","event","0.20000000000000037","0.20803125","0.018559340638232804","true","true","PrecisionReached","12694.607000476926","364068",""
"research","unequal-modes","mess-4","14","251877","stopped","8000","x","-2.4","-2.3245977842624708","0.1618764336968157","true","true","PrecisionReached","10840.780604880538","364068",""
"research","unequal-modes","mess-4","14","251877","stopped","8000","xSquared","16.25","16.107113768441124","0.5936661907165102","true","true","PrecisionReached","1197.7174749176759","364068",""
"research","unequal-modes","mess-4","14","251877","stopped","8000","y","0.0","0.004191513878386843","0.09772296408705958","true","true","PrecisionReached","2694.4009349280977","364068",""
"research","unequal-modes","mess-4","14","251877","stopped","8000","ySquared","1.0","0.9695174512189757","0.16404318611646476","true","true","PrecisionReached","1812.0402624185574","364068",""
"research","unequal-modes","mess-4","15","259796","fixed","12000","event","0.20000000000000037","0.19775","0.015731691610867394","true","true","FixedBudget","17040.561306737276","366704",""
"research","unequal-modes","mess-4","15","259796","fixed","12000","x","-2.4","-2.4313788739258486","0.14246952860287004","true","true","FixedBudget","13775.001571158413","366704",""
"research","unequal-modes","mess-4","15","259796","fixed","12000","xSquared","16.25","16.446552127106383","0.48602668307237124","true","true","FixedBudget","1773.328471157929","366704",""
"research","unequal-modes","mess-4","15","259796","fixed","12000","y","0.0","0.0016155447630261666","0.09318712523850975","true","true","FixedBudget","3103.6883544347156","366704",""
"research","unequal-modes","mess-4","15","259796","fixed","12000","ySquared","1.0","1.0155185315072797","0.14274603607405573","true","true","FixedBudget","2556.2602148672295","366704",""
"research","unequal-modes","mess-4","15","259796","stopped","8000","event","0.20000000000000037","0.201","0.019711978479548718","true","true","PrecisionReached","11418.299021567442","366704",""
"research","unequal-modes","mess-4","15","259796","stopped","8000","x","-2.4","-2.4021515093223225","0.17595353347555778","true","true","PrecisionReached","9403.736609782012","366704",""
"research","unequal-modes","mess-4","15","259796","stopped","8000","xSquared","16.25","16.438337351303232","0.5911515719380257","true","true","PrecisionReached","1210.6096326259255","366704",""
"research","unequal-modes","mess-4","15","259796","stopped","8000","y","0.0","-0.009177662701431721","0.10674582848712613","true","true","PrecisionReached","2250.240167336638","366704",""
"research","unequal-modes","mess-4","15","259796","stopped","8000","ySquared","1.0","0.966186215329357","0.16392271300496825","true","true","PrecisionReached","1707.3155593134763","366704",""
"research","unequal-modes","mess-4","16","267715","fixed","12000","event","0.20000000000000037","0.20052083333333334","0.014998000807538155","true","true","FixedBudget","18925.782968409938","364844",""
"research","unequal-modes","mess-4","16","267715","fixed","12000","x","-2.4","-2.395732029515134","0.13527483251476596","true","true","FixedBudget","15202.111531945522","364844",""
"research","unequal-modes","mess-4","16","267715","fixed","12000","xSquared","16.25","16.2213043723529","0.4836641213933688","true","true","FixedBudget","1803.0388320936272","364844",""
"research","unequal-modes","mess-4","16","267715","fixed","12000","y","0.0","-0.0037492880337386403","0.0892471151958718","true","true","FixedBudget","3386.8080235452367","364844",""
"research","unequal-modes","mess-4","16","267715","fixed","12000","ySquared","1.0","1.0164400333655068","0.16069491664000857","true","true","FixedBudget","2130.811073816477","364844",""
"research","unequal-modes","mess-4","16","267715","stopped","10000","event","0.20000000000000037","0.201725","0.016905977569019424","true","true","PrecisionReached","15556.332409030034","364844",""
"research","unequal-modes","mess-4","16","267715","stopped","10000","x","-2.4","-2.3899052790775386","0.15047079395457408","true","true","PrecisionReached","12357.917481045193","364844",""
"research","unequal-modes","mess-4","16","267715","stopped","10000","xSquared","16.25","16.25417390401102","0.5317456928693035","true","true","PrecisionReached","1472.2084789332064","364844",""
"research","unequal-modes","mess-4","16","267715","stopped","10000","y","0.0","-0.019162474271394503","0.09445978414419917","true","true","PrecisionReached","3034.257285763872","364844",""
"research","unequal-modes","mess-4","16","267715","stopped","10000","ySquared","1.0","1.0204637839907111","0.18351608260429864","true","true","PrecisionReached","1679.41818374875","364844",""
"research","unequal-modes","mess-4","17","275634","fixed","12000","event","0.20000000000000037","0.19477083333333334","0.015300292978876574","true","true","FixedBudget","19009.67455989387","365892",""
"research","unequal-modes","mess-4","17","275634","fixed","12000","x","-2.4","-2.4344961322869305","0.13520081127588573","true","true","FixedBudget","15083.792753478076","365892",""
"research","unequal-modes","mess-4","17","275634","fixed","12000","xSquared","16.25","16.129745649151225","0.48173945157513615","true","true","FixedBudget","1874.6495519377454","365892",""
"research","unequal-modes","mess-4","17","275634","fixed","12000","y","0.0","-0.010811814902077943","0.08916277555267373","true","true","FixedBudget","3259.819138447735","365892",""
"research","unequal-modes","mess-4","17","275634","fixed","12000","ySquared","1.0","0.9765836579609007","0.1444222685682634","true","true","FixedBudget","2443.8189590190045","365892",""
"research","unequal-modes","mess-4","17","275634","stopped","8000","event","0.20000000000000037","0.1984375","0.01841122090272565","true","true","PrecisionReached","12453.851499736038","365892",""
"research","unequal-modes","mess-4","17","275634","stopped","8000","x","-2.4","-2.404694018660407","0.1640638160758048","true","true","PrecisionReached","10164.706255558049","365892",""
"research","unequal-modes","mess-4","17","275634","stopped","8000","xSquared","16.25","16.091462848187145","0.5670927011835697","true","true","PrecisionReached","1324.5787739687912","365892",""
"research","unequal-modes","mess-4","17","275634","stopped","8000","y","0.0","-0.013469846005381259","0.10419645646852407","true","true","PrecisionReached","2343.6109447724752","365892",""
"research","unequal-modes","mess-4","17","275634","stopped","8000","ySquared","1.0","0.9588835714954584","0.16855125799603332","true","true","PrecisionReached","1755.1392052866322","365892",""
"research","unequal-modes","mess-4","18","283553","fixed","12000","event","0.20000000000000037","0.19643750000000004","0.015699198760245715","true","true","FixedBudget","18986.01154817773","365100",""
"research","unequal-modes","mess-4","18","283553","fixed","12000","x","-2.4","-2.4170289956876463","0.13964455277128054","true","true","FixedBudget","15807.252016264689","365100",""
"research","unequal-modes","mess-4","18","283553","fixed","12000","xSquared","16.25","16.108654603858646","0.5007385995405729","true","true","FixedBudget","1706.8427884949413","365100",""
"research","unequal-modes","mess-4","18","283553","fixed","12000","y","0.0","-0.004482226493020436","0.0904543683331112","true","true","FixedBudget","3196.1767966681737","365100",""
"research","unequal-modes","mess-4","18","283553","fixed","12000","ySquared","1.0","0.9853613902201729","0.14407588824208953","true","true","FixedBudget","2453.5135055493574","365100",""
"research","unequal-modes","mess-4","18","283553","stopped","10000","event","0.20000000000000037","0.19642499999999996","0.016171838361931836","true","true","PrecisionReached","16072.582138212665","365100",""
"research","unequal-modes","mess-4","18","283553","stopped","10000","x","-2.4","-2.4132170692655057","0.1480096205154884","true","true","PrecisionReached","13561.545573312082","365100",""
"research","unequal-modes","mess-4","18","283553","stopped","10000","xSquared","16.25","16.08109271046616","0.5634626159076068","true","true","PrecisionReached","1355.7571255628015","365100",""
"research","unequal-modes","mess-4","18","283553","stopped","10000","y","0.0","-7.708852934307231E-5","0.09631307140868697","true","true","PrecisionReached","2719.5677458943196","365100",""
"research","unequal-modes","mess-4","18","283553","stopped","10000","ySquared","1.0","0.9505289352523917","0.14968326842964616","true","true","PrecisionReached","2035.1094147050092","365100",""
"research","unequal-modes","mess-4","19","291472","fixed","12000","event","0.20000000000000037","0.202","0.01550049330572974","true","true","FixedBudget","17806.002065337332","364736",""
"research","unequal-modes","mess-4","19","291472","fixed","12000","x","-2.4","-2.3793654574103607","0.13469058321208688","true","true","FixedBudget","15370.344709927618","364736",""
"research","unequal-modes","mess-4","19","291472","fixed","12000","xSquared","16.25","16.167802834351637","0.49767964901254746","true","true","FixedBudget","1753.651254052678","364736",""
"research","unequal-modes","mess-4","19","291472","fixed","12000","y","0.0","-1.32304494588259E-4","0.09138726916032855","true","true","FixedBudget","3286.217338000519","364736",""
"research","unequal-modes","mess-4","19","291472","fixed","12000","ySquared","1.0","1.0341046510233518","0.15516629259994058","true","true","FixedBudget","2395.6170405766566","364736",""
"research","unequal-modes","mess-4","19","291472","stopped","8000","event","0.20000000000000037","0.19953125","0.01911251353856439","true","true","PrecisionReached","11604.526255262721","364736",""
"research","unequal-modes","mess-4","19","291472","stopped","8000","x","-2.4","-2.3959448365038227","0.1668798919885992","true","true","PrecisionReached","9936.56088913761","364736",""
"research","unequal-modes","mess-4","19","291472","stopped","8000","xSquared","16.25","16.166999998560073","0.5946218422799665","true","true","PrecisionReached","1210.2828141609218","364736",""
"research","unequal-modes","mess-4","19","291472","stopped","8000","y","0.0","0.001899775958043276","0.11308119968162006","true","true","PrecisionReached","2169.9109327448105","364736",""
"research","unequal-modes","mess-4","19","291472","stopped","8000","ySquared","1.0","1.0454818540276283","0.1860866329366656","true","true","PrecisionReached","1631.373626340516","364736",""
"research","unequal-modes","mess-4","20","299391","fixed","12000","event","0.20000000000000037","0.20208333333333334","0.015518049576253915","true","true","FixedBudget","17771.20848477882","364520",""
"research","unequal-modes","mess-4","20","299391","fixed","12000","x","-2.4","-2.3906585824460773","0.14040132116125714","true","true","FixedBudget","14215.59203053459","364520",""
"research","unequal-modes","mess-4","20","299391","fixed","12000","xSquared","16.25","16.27379507802119","0.5164588579866028","true","true","FixedBudget","1624.8556981012734","364520",""
"research","unequal-modes","mess-4","20","299391","fixed","12000","y","0.0","0.01798650223180598","0.0937958694179221","true","true","FixedBudget","2911.3196576034616","364520",""
"research","unequal-modes","mess-4","20","299391","fixed","12000","ySquared","1.0","0.9653830827948024","0.136855311534224","true","true","FixedBudget","2636.002822169288","364520",""
"research","unequal-modes","mess-4","20","299391","stopped","10000","event","0.20000000000000037","0.20155","0.016932432960494598","true","true","PrecisionReached","14915.744407482078","364520",""
"research","unequal-modes","mess-4","20","299391","stopped","10000","x","-2.4","-2.3929802784659637","0.15259618939369127","true","true","PrecisionReached","12180.626757970678","364520",""
"research","unequal-modes","mess-4","20","299391","stopped","10000","xSquared","16.25","16.26816865975173","0.5685322969014746","true","true","PrecisionReached","1346.7508357185138","364520",""
"research","unequal-modes","mess-4","20","299391","stopped","10000","y","0.0","0.021050947050251567","0.10077076593786757","true","true","PrecisionReached","2495.011607767128","364520",""
"research","unequal-modes","mess-4","20","299391","stopped","10000","ySquared","1.0","0.9550766666400734","0.1447924590192451","true","true","PrecisionReached","2281.782749167292","364520",""
"research","unequal-modes","mess-4","21","307310","fixed","12000","event","0.20000000000000037","0.19827083333333329","0.015607025068809389","true","true","FixedBudget","17320.06261701279","366332",""
"research","unequal-modes","mess-4","21","307310","fixed","12000","x","-2.4","-2.432493406536773","0.13853575440324306","true","true","FixedBudget","14534.330188575886","366332",""
"research","unequal-modes","mess-4","21","307310","fixed","12000","xSquared","16.25","16.427335290817553","0.49521156614410033","true","true","FixedBudget","1785.1645926855258","366332",""
"research","unequal-modes","mess-4","21","307310","fixed","12000","y","0.0","-0.0020831629339856383","0.0945255657769107","true","true","FixedBudget","2980.584369491615","366332",""
"research","unequal-modes","mess-4","21","307310","fixed","12000","ySquared","1.0","1.0034567770069405","0.15312071242374084","true","true","FixedBudget","2366.871062890945","366332",""
"research","unequal-modes","mess-4","21","307310","stopped","8000","event","0.20000000000000037","0.19943750000000005","0.019189263614104685","true","true","PrecisionReached","11507.822877460618","366332",""
"research","unequal-modes","mess-4","21","307310","stopped","8000","x","-2.4","-2.417043089958036","0.17119490984011804","true","true","PrecisionReached","9565.618417973288","366332",""
"research","unequal-modes","mess-4","21","307310","stopped","8000","xSquared","16.25","16.324115291764986","0.6004643487684211","true","true","PrecisionReached","1242.0228165340386","366332",""
"research","unequal-modes","mess-4","21","307310","stopped","8000","y","0.0","-0.011693106458024988","0.11714264781246919","true","true","PrecisionReached","1974.6807511658258","366332",""
"research","unequal-modes","mess-4","21","307310","stopped","8000","ySquared","1.0","1.0211214498041445","0.19606694184809048","true","true","PrecisionReached","1534.4640393325324","366332",""
"research","unequal-modes","mess-4","22","315229","fixed","12000","event","0.20000000000000037","0.2000625","0.016385507405633777","true","true","FixedBudget","16866.20202891304","365616",""
"research","unequal-modes","mess-4","22","315229","fixed","12000","x","-2.4","-2.411898576699151","0.14176269582018405","true","true","FixedBudget","14610.927936925631","365616",""
"research","unequal-modes","mess-4","22","315229","fixed","12000","xSquared","16.25","16.40280701718965","0.4614744671973007","true","true","FixedBudget","1965.8986280724696","365616",""
"research","unequal-modes","mess-4","22","315229","fixed","12000","y","0.0","-0.017101545721224465","0.09399180069852364","true","true","FixedBudget","2942.651485158043","365616",""
"research","unequal-modes","mess-4","22","315229","fixed","12000","ySquared","1.0","0.9798175662788952","0.13769419627061186","true","true","FixedBudget","2666.4173271814097","365616",""
"research","unequal-modes","mess-4","22","315229","stopped","8000","event","0.20000000000000037","0.200125","0.020759236143809572","true","true","PrecisionReached","11224.849174561938","365616",""
"research","unequal-modes","mess-4","22","315229","stopped","8000","x","-2.4","-2.412225515256784","0.1797151492526131","true","true","PrecisionReached","9752.435257730456","365616",""
"research","unequal-modes","mess-4","22","315229","stopped","8000","xSquared","16.25","16.440585641954502","0.5483161651484708","true","true","PrecisionReached","1373.7647048557578","365616",""
"research","unequal-modes","mess-4","22","315229","stopped","8000","y","0.0","-0.003151113144846285","0.11038135039435094","true","true","PrecisionReached","2117.973915592081","365616",""
"research","unequal-modes","mess-4","22","315229","stopped","8000","ySquared","1.0","0.9723188954001051","0.16817124482828014","true","true","PrecisionReached","1761.385213596338","365616",""
"research","unequal-modes","mess-4","23","323148","fixed","12000","event","0.20000000000000037","0.20168750000000002","0.01528240975080916","true","true","FixedBudget","18857.328146284464","364276",""
"research","unequal-modes","mess-4","23","323148","fixed","12000","x","-2.4","-2.385866346394112","0.13812332018346216","true","true","FixedBudget","14745.104559951933","364276",""
"research","unequal-modes","mess-4","23","323148","fixed","12000","xSquared","16.25","16.278952170842107","0.5470322265053543","true","true","FixedBudget","1443.395779924304","364276",""
"research","unequal-modes","mess-4","23","323148","fixed","12000","y","0.0","0.01971864427036918","0.08921166412523485","true","true","FixedBudget","3369.175107303085","364276",""
"research","unequal-modes","mess-4","23","323148","fixed","12000","ySquared","1.0","1.0107197959210286","0.14907172449680953","true","true","FixedBudget","2354.6244730689514","364276",""
"research","unequal-modes","mess-4","23","323148","stopped","12000","event","0.20000000000000037","0.20168750000000002","0.01528240975080916","true","true","PrecisionReached","18857.328146284464","364276",""
"research","unequal-modes","mess-4","23","323148","stopped","12000","x","-2.4","-2.385866346394112","0.13812332018346216","true","true","PrecisionReached","14745.104559951933","364276",""
"research","unequal-modes","mess-4","23","323148","stopped","12000","xSquared","16.25","16.278952170842107","0.5470322265053543","true","true","PrecisionReached","1443.395779924304","364276",""
"research","unequal-modes","mess-4","23","323148","stopped","12000","y","0.0","0.01971864427036918","0.08921166412523485","true","true","PrecisionReached","3369.175107303085","364276",""
"research","unequal-modes","mess-4","23","323148","stopped","12000","ySquared","1.0","1.0107197959210286","0.14907172449680953","true","true","PrecisionReached","2354.6244730689514","364276",""
"research","unequal-modes","mess-4","24","331067","fixed","12000","event","0.20000000000000037","0.20060416666666667","0.015671431032595492","true","true","FixedBudget","17920.10641533557","365716",""
"research","unequal-modes","mess-4","24","331067","fixed","12000","x","-2.4","-2.3834935829513797","0.1363924464377298","true","true","FixedBudget","14947.18792206365","365716",""
"research","unequal-modes","mess-4","24","331067","fixed","12000","xSquared","16.25","16.125719214314636","0.46397454669262117","true","true","FixedBudget","1984.1961189608858","365716",""
"research","unequal-modes","mess-4","24","331067","fixed","12000","y","0.0","0.0031520714400564698","0.08327810769038842","true","true","FixedBudget","3659.7625490707737","365716",""
"research","unequal-modes","mess-4","24","331067","fixed","12000","ySquared","1.0","0.9563479222367519","0.12449982672736751","true","true","FixedBudget","2984.4188450860893","365716",""
"research","unequal-modes","mess-4","24","331067","stopped","8000","event","0.20000000000000037","0.1995","0.020045262103015368","true","true","PrecisionReached","11951.822653599524","365716",""
"research","unequal-modes","mess-4","24","331067","stopped","8000","x","-2.4","-2.4018625153193263","0.17403729686275612","true","true","PrecisionReached","10129.629322620829","365716",""
"research","unequal-modes","mess-4","24","331067","stopped","8000","xSquared","16.25","16.210048512863032","0.604768728889176","true","true","PrecisionReached","1187.6205073322537","365716",""
"research","unequal-modes","mess-4","24","331067","stopped","8000","y","0.0","0.01580683113132786","0.10442094668188541","true","true","PrecisionReached","2340.0718969784407","365716",""
"research","unequal-modes","mess-4","24","331067","stopped","8000","ySquared","1.0","0.9616335039033779","0.1566642417213563","true","true","PrecisionReached","1918.5784010955322","365716",""
"research","unequal-modes","mess-4","25","338986","fixed","12000","event","0.20000000000000037","0.20052083333333334","0.015998783310169875","true","true","FixedBudget","18197.209306824458","365696",""
"research","unequal-modes","mess-4","25","338986","fixed","12000","x","-2.4","-2.4066313836645903","0.14032094943412002","true","true","FixedBudget","15568.30786407885","365696",""
"research","unequal-modes","mess-4","25","338986","fixed","12000","xSquared","16.25","16.372264728764247","0.4724984070522959","true","true","FixedBudget","1879.2059758436537","365696",""
"research","unequal-modes","mess-4","25","338986","fixed","12000","y","0.0","-0.006923156081859783","0.09010944654602535","true","true","FixedBudget","3263.1879659179995","365696",""
"research","unequal-modes","mess-4","25","338986","fixed","12000","ySquared","1.0","0.9983903775961044","0.13560069079493794","true","true","FixedBudget","2773.5699309500515","365696",""
"research","unequal-modes","mess-4","25","338986","stopped","10000","event","0.20000000000000037","0.201475","0.016701815413697762","true","true","PrecisionReached","15306.90302080292","365696",""
"research","unequal-modes","mess-4","25","338986","stopped","10000","x","-2.4","-2.395952968495107","0.14623221801024305","true","true","PrecisionReached","13300.903214602029","365696",""
"research","unequal-modes","mess-4","25","338986","stopped","10000","xSquared","16.25","16.370556427665186","0.5276429018916585","true","true","PrecisionReached","1492.0618803422967","365696",""
"research","unequal-modes","mess-4","25","338986","stopped","10000","y","0.0","-0.005775171903810938","0.10178102790466492","true","true","PrecisionReached","2599.1976594729367","365696",""
"research","unequal-modes","mess-4","25","338986","stopped","10000","ySquared","1.0","1.0145705257687392","0.1537774120984946","true","true","PrecisionReached","2272.235539528507","365696",""
"research","unequal-modes","mess-4","26","346905","fixed","12000","event","0.20000000000000037","0.19583333333333333","0.015814022820818736","true","true","FixedBudget","18025.27214181236","366368",""
"research","unequal-modes","mess-4","26","346905","fixed","12000","x","-2.4","-2.42938479435952","0.14245442392444807","true","true","FixedBudget","14504.762020156633","366368",""
"research","unequal-modes","mess-4","26","346905","fixed","12000","xSquared","16.25","16.205415602166738","0.4798457707699984","true","true","FixedBudget","1931.6588068186138","366368",""
"research","unequal-modes","mess-4","26","346905","fixed","12000","y","0.0","0.005883475656192898","0.09227866244169208","true","true","FixedBudget","3119.1578923968486","366368",""
"research","unequal-modes","mess-4","26","346905","fixed","12000","ySquared","1.0","1.000810294906176","0.13933428846910403","true","true","FixedBudget","2671.6079375492645","366368",""
"research","unequal-modes","mess-4","26","346905","stopped","8000","event","0.20000000000000037","0.1969375","0.01846890830569928","true","true","PrecisionReached","12305.60694567331","366368",""
"research","unequal-modes","mess-4","26","346905","stopped","8000","x","-2.4","-2.425447818830343","0.169299170842778","true","true","PrecisionReached","9598.06768993491","366368",""
"research","unequal-modes","mess-4","26","346905","stopped","8000","xSquared","16.25","16.24818953550222","0.6089312016407553","true","true","PrecisionReached","1220.6325366091826","366368",""
"research","unequal-modes","mess-4","26","346905","stopped","8000","y","0.0","0.00943412917282601","0.10971972545034349","true","true","PrecisionReached","2149.556941427563","366368",""
"research","unequal-modes","mess-4","26","346905","stopped","8000","ySquared","1.0","0.9751025635112688","0.1743994775462313","true","true","PrecisionReached","1660.9363887826858","366368",""
"research","unequal-modes","mess-4","27","354824","fixed","12000","event","0.20000000000000037","0.20197916666666665","0.015558563124913997","true","true","FixedBudget","17671.972670555864","366368",""
"research","unequal-modes","mess-4","27","354824","fixed","12000","x","-2.4","-2.3705960861831663","0.1423582237216347","true","true","FixedBudget","13681.075382046087","366368",""
"research","unequal-modes","mess-4","27","354824","fixed","12000","xSquared","16.25","16.066498813792457","0.5087089323068295","true","true","FixedBudget","1682.0536397544697","366368",""
"research","unequal-modes","mess-4","27","354824","fixed","12000","y","0.0","-0.009046571674298676","0.09088615110708861","true","true","FixedBudget","3202.0106523794184","366368",""
"research","unequal-modes","mess-4","27","354824","fixed","12000","ySquared","1.0","0.9966683367068715","0.1507859763869742","true","true","FixedBudget","2454.8677500618173","366368",""
"research","unequal-modes","mess-4","27","354824","stopped","10000","event","0.20000000000000037","0.2027","0.01739886514630975","true","true","PrecisionReached","14655.256828690362","366368",""
"research","unequal-modes","mess-4","27","354824","stopped","10000","x","-2.4","-2.3624531116881746","0.15617706323243508","true","true","PrecisionReached","11614.588971040654","366368",""
"research","unequal-modes","mess-4","27","354824","stopped","10000","xSquared","16.25","16.06194906258601","0.5487725212770634","true","true","PrecisionReached","1438.8009521933309","366368",""
"research","unequal-modes","mess-4","27","354824","stopped","10000","y","0.0","-0.004044099847587801","0.1014796637958779","true","true","PrecisionReached","2618.943674607683","366368",""
"research","unequal-modes","mess-4","27","354824","stopped","10000","ySquared","1.0","1.0162163526030832","0.16829782582279904","true","true","PrecisionReached","2077.4348107491","366368",""
"research","unequal-modes","mess-4","28","362743","fixed","12000","event","0.20000000000000037","0.20004166666666667","0.015495700998217109","true","true","FixedBudget","18533.270277604934","365132",""
"research","unequal-modes","mess-4","28","362743","fixed","12000","x","-2.4","-2.401282437308608","0.14189428122531753","true","true","FixedBudget","14859.152096973467","365132",""
"research","unequal-modes","mess-4","28","362743","fixed","12000","xSquared","16.25","16.22334130286243","0.531275726724167","true","true","FixedBudget","1564.7152584038727","365132",""
"research","unequal-modes","mess-4","28","362743","fixed","12000","y","0.0","-0.010182565900467733","0.0889148657225","true","true","FixedBudget","3298.702852913319","365132",""
"research","unequal-modes","mess-4","28","362743","fixed","12000","ySquared","1.0","0.9827308167299642","0.1443006449513222","true","true","FixedBudget","2435.0271496295923","365132",""
"research","unequal-modes","mess-4","28","362743","stopped","10000","event","0.20000000000000037","0.2005","0.01675689456600622","true","true","PrecisionReached","15327.969737762754","365132",""
"research","unequal-modes","mess-4","28","362743","stopped","10000","x","-2.4","-2.4007549789384663","0.1520587680182193","true","true","PrecisionReached","12378.438690496389","365132",""
"research","unequal-modes","mess-4","28","362743","stopped","10000","xSquared","16.25","16.254277558752992","0.6039674608032807","true","true","PrecisionReached","1203.0517158256914","365132",""
"research","unequal-modes","mess-4","28","362743","stopped","10000","y","0.0","-0.021586137468591504","0.09812676492615563","true","true","PrecisionReached","2672.186314440276","365132",""
"research","unequal-modes","mess-4","28","362743","stopped","10000","ySquared","1.0","0.9699411295475378","0.15507769658300433","true","true","PrecisionReached","2041.0394475484154","365132",""
"research","unequal-modes","mess-4","29","370662","fixed","12000","event","0.20000000000000037","0.2057916666666667","0.01613980681891698","true","true","FixedBudget","18373.132110998988","365068",""
"research","unequal-modes","mess-4","29","370662","fixed","12000","x","-2.4","-2.3470350208779998","0.14013872406179","true","true","FixedBudget","15019.075984175444","365068",""
"research","unequal-modes","mess-4","29","370662","fixed","12000","xSquared","16.25","16.181915933872393","0.45995650245776126","true","true","FixedBudget","1980.87796856675","365068",""
"research","unequal-modes","mess-4","29","370662","fixed","12000","y","0.0","0.00496364982111186","0.0826022069926863","true","true","FixedBudget","3828.868621067236","365068",""
"research","unequal-modes","mess-4","29","370662","fixed","12000","ySquared","1.0","0.9843769564046858","0.14609721118462535","true","true","FixedBudget","2546.5843900263894","365068",""
"research","unequal-modes","mess-4","29","370662","stopped","8000","event","0.20000000000000037","0.20218749999999996","0.019629807767433748","true","true","PrecisionReached","11793.187744145705","365068",""
"research","unequal-modes","mess-4","29","370662","stopped","8000","x","-2.4","-2.3745664026955273","0.17398305191731217","true","true","PrecisionReached","9480.34915223753","365068",""
"research","unequal-modes","mess-4","29","370662","stopped","8000","xSquared","16.25","16.142089152189428","0.5635983726806602","true","true","PrecisionReached","1304.2328829864432","365068",""
"research","unequal-modes","mess-4","29","370662","stopped","8000","y","0.0","-0.01669574770454152","0.10146853588685222","true","true","PrecisionReached","2539.8086793681287","365068",""
"research","unequal-modes","mess-4","29","370662","stopped","8000","ySquared","1.0","0.9855505833029069","0.17916017319292635","true","true","PrecisionReached","1701.36888626248","365068",""
"research","unequal-modes","mess-8","0","141011","fixed","12000","event","0.20000000000000037","0.19791666666666666","0.012892894635130226","true","true","FixedBudget","25698.356875754846","580244",""
"research","unequal-modes","mess-8","0","141011","fixed","12000","x","-2.4","-2.4182766392659425","0.11945315952163035","true","true","FixedBudget","19875.390061998158","580244",""
"research","unequal-modes","mess-8","0","141011","fixed","12000","xSquared","16.25","16.285921921087585","0.4920200190365639","true","true","FixedBudget","1777.3141186852124","580244",""
"research","unequal-modes","mess-8","0","141011","fixed","12000","y","0.0","0.013511139056260557","0.08498297702940127","true","true","FixedBudget","3601.716990209969","580244",""
"research","unequal-modes","mess-8","0","141011","fixed","12000","ySquared","1.0","0.9802822765790584","0.12537129270756966","true","true","FixedBudget","3185.0553812233943","580244",""
"research","unequal-modes","mess-8","0","141011","stopped","8000","event","0.20000000000000037","0.19753125","0.015758409154620973","true","true","PrecisionReached","17195.51228420141","580244",""
"research","unequal-modes","mess-8","0","141011","stopped","8000","x","-2.4","-2.4248805468288266","0.14808244290783737","true","true","PrecisionReached","13210.819521008827","580244",""
"research","unequal-modes","mess-8","0","141011","stopped","8000","xSquared","16.25","16.321295297664463","0.5837663594457102","true","true","PrecisionReached","1278.6994542687603","580244",""
"research","unequal-modes","mess-8","0","141011","stopped","8000","y","0.0","0.02337440966507187","0.10729829699384615","true","true","PrecisionReached","2311.603724912329","580244",""
"research","unequal-modes","mess-8","0","141011","stopped","8000","ySquared","1.0","1.0032932474263865","0.15793146320663745","true","true","PrecisionReached","2102.6870191973867","580244",""
"research","unequal-modes","mess-8","1","148930","fixed","12000","event","0.20000000000000037","0.20054166666666667","0.013392977327254658","true","true","FixedBudget","23721.895310106564","579404",""
"research","unequal-modes","mess-8","1","148930","fixed","12000","x","-2.4","-2.4045245945753235","0.12665907807787372","true","true","FixedBudget","17502.805331598138","579404",""
"research","unequal-modes","mess-8","1","148930","fixed","12000","xSquared","16.25","16.361530033857818","0.49563333371609675","true","true","FixedBudget","1773.9751696522053","579404",""
"research","unequal-modes","mess-8","1","148930","fixed","12000","y","0.0","0.021072305535400737","0.08359175768042594","true","true","FixedBudget","3681.872563618964","579404",""
"research","unequal-modes","mess-8","1","148930","fixed","12000","ySquared","1.0","0.9698205009308433","0.1331977870272529","true","true","FixedBudget","2715.5539887529967","579404",""
"research","unequal-modes","mess-8","1","148930","stopped","8000","event","0.20000000000000037","0.1988125","0.016477666499583273","true","true","PrecisionReached","15775.7920951025","579404",""
"research","unequal-modes","mess-8","1","148930","stopped","8000","x","-2.4","-2.4187194124506948","0.1556322318355958","true","true","PrecisionReached","11751.897989553037","579404",""
"research","unequal-modes","mess-8","1","148930","stopped","8000","xSquared","16.25","16.359352569130312","0.6048248925344385","true","true","PrecisionReached","1185.576571962097","579404",""
"research","unequal-modes","mess-8","1","148930","stopped","8000","y","0.0","-0.003677452847581031","0.10157917726751342","true","true","PrecisionReached","2482.3818268586183","579404",""
"research","unequal-modes","mess-8","1","148930","stopped","8000","ySquared","1.0","0.9651089172355602","0.16163891563420962","true","true","PrecisionReached","1773.0258657508891","579404",""
"research","unequal-modes","mess-8","2","156849","fixed","12000","event","0.20000000000000037","0.19977083333333334","0.013476758663665496","true","true","FixedBudget","24398.772609965017","580284",""
"research","unequal-modes","mess-8","2","156849","fixed","12000","x","-2.4","-2.397805547581151","0.12610264586203593","true","true","FixedBudget","18078.940913379407","580284",""
"research","unequal-modes","mess-8","2","156849","fixed","12000","xSquared","16.25","16.11670527887659","0.5030572866285874","true","true","FixedBudget","1744.4839555797805","580284",""
"research","unequal-modes","mess-8","2","156849","fixed","12000","y","0.0","0.0036096188735340595","0.09074901642949268","true","true","FixedBudget","3130.479018094973","580284",""
"research","unequal-modes","mess-8","2","156849","fixed","12000","ySquared","1.0","0.971398162263307","0.13619057461915768","true","true","FixedBudget","2623.5669798819245","580284",""
"research","unequal-modes","mess-8","2","156849","stopped","10000","event","0.20000000000000037","0.201175","0.015295193220297505","true","true","PrecisionReached","20551.556612853576","580284",""
"research","unequal-modes","mess-8","2","156849","stopped","10000","x","-2.4","-2.3876738767403953","0.13996518540906344","true","true","PrecisionReached","15739.786775452905","580284",""
"research","unequal-modes","mess-8","2","156849","stopped","10000","xSquared","16.25","16.135298641068925","0.5520321341889397","true","true","PrecisionReached","1450.7790477398296","580284",""
"research","unequal-modes","mess-8","2","156849","stopped","10000","y","0.0","0.0013870477997872666","0.09722071053107033","true","true","PrecisionReached","2745.8909336518423","580284",""
"research","unequal-modes","mess-8","2","156849","stopped","10000","ySquared","1.0","0.9779051000340679","0.1530020978091976","true","true","PrecisionReached","2126.146042881394","580284",""
"research","unequal-modes","mess-8","3","164768","fixed","12000","event","0.20000000000000037","0.19602083333333334","0.013548285563255054","true","true","FixedBudget","22786.70557472457","579100",""
"research","unequal-modes","mess-8","3","164768","fixed","12000","x","-2.4","-2.439413834156176","0.12392149647382522","true","true","FixedBudget","17933.726035684573","579100",""
"research","unequal-modes","mess-8","3","164768","fixed","12000","xSquared","16.25","16.327472592066215","0.4707064205792769","true","true","FixedBudget","1897.5478831706325","579100",""
"research","unequal-modes","mess-8","3","164768","fixed","12000","y","0.0","0.02316419870035759","0.09216349753431814","true","true","FixedBudget","3075.122232170744","579100",""
"research","unequal-modes","mess-8","3","164768","fixed","12000","ySquared","1.0","0.9847223463895776","0.1361765252145577","true","true","FixedBudget","2711.7881753310153","579100",""
"research","unequal-modes","mess-8","3","164768","stopped","8000","event","0.20000000000000037","0.1930625","0.016539435739755904","true","true","PrecisionReached","15114.86137415638","579100",""
"research","unequal-modes","mess-8","3","164768","stopped","8000","x","-2.4","-2.464618591556224","0.14739881841116503","true","true","PrecisionReached","12577.179181776273","579100",""
"research","unequal-modes","mess-8","3","164768","stopped","8000","xSquared","16.25","16.370226173066683","0.5752529086518317","true","true","PrecisionReached","1250.4881132176852","579100",""
"research","unequal-modes","mess-8","3","164768","stopped","8000","y","0.0","0.032314531870266894","0.11468472045590397","true","true","PrecisionReached","1950.2804040258914","579100",""
"research","unequal-modes","mess-8","3","164768","stopped","8000","ySquared","1.0","0.9675411066212615","0.16078011754671387","true","true","PrecisionReached","1830.8512794582184","579100",""
"research","unequal-modes","mess-8","4","172687","fixed","12000","event","0.20000000000000037","0.20320833333333332","0.013802974075851836","true","true","FixedBudget","24765.48564870867","578740",""
"research","unequal-modes","mess-8","4","172687","fixed","12000","x","-2.4","-2.362973661232054","0.12637959580214164","true","true","FixedBudget","18182.56069368007","578740",""
"research","unequal-modes","mess-8","4","172687","fixed","12000","xSquared","16.25","16.107714361631043","0.5278856788403293","true","true","FixedBudget","1563.8544004946666","578740",""
"research","unequal-modes","mess-8","4","172687","fixed","12000","y","0.0","-0.003917586508960902","0.09465337679288055","true","true","FixedBudget","2977.901439278785","578740",""
"research","unequal-modes","mess-8","4","172687","fixed","12000","ySquared","1.0","1.0052775316793514","0.14606908479934808","true","true","FixedBudget","2455.594207275098","578740",""
"research","unequal-modes","mess-8","4","172687","stopped","10000","event","0.20000000000000037","0.201575","0.0152605933185874","true","true","PrecisionReached","20860.08378553642","578740",""
"research","unequal-modes","mess-8","4","172687","stopped","10000","x","-2.4","-2.385709436680101","0.13866997491275965","true","true","PrecisionReached","15328.397249769827","578740",""
"research","unequal-modes","mess-8","4","172687","stopped","10000","xSquared","16.25","16.233529870800677","0.5549809616178352","true","true","PrecisionReached","1405.272758136371","578740",""
"research","unequal-modes","mess-8","4","172687","stopped","10000","y","0.0","0.0078330886399538","0.10224100176591015","true","true","PrecisionReached","2509.269167324249","578740",""
"research","unequal-modes","mess-8","4","172687","stopped","10000","ySquared","1.0","0.9883696385392864","0.1541024022883537","true","true","PrecisionReached","2154.6041149004736","578740",""
"research","unequal-modes","mess-8","5","180606","fixed","12000","event","0.20000000000000037","0.20066666666666666","0.013048206278235998","true","true","FixedBudget","26059.22498561294","580068",""
"research","unequal-modes","mess-8","5","180606","fixed","12000","x","-2.4","-2.395739219665893","0.11988428201649862","true","true","FixedBudget","19605.423344992236","580068",""
"research","unequal-modes","mess-8","5","180606","fixed","12000","xSquared","16.25","16.356461340802223","0.49018505868050477","true","true","FixedBudget","1756.7828597859548","580068",""
"research","unequal-modes","mess-8","5","180606","fixed","12000","y","0.0","0.03534947607619887","0.09325556464773367","true","true","FixedBudget","3025.673988359396","580068",""
"research","unequal-modes","mess-8","5","180606","fixed","12000","ySquared","1.0","0.9926941708943842","0.14672845710028973","true","true","FixedBudget","2396.408216295384","580068",""
"research","unequal-modes","mess-8","5","180606","stopped","10000","event","0.20000000000000037","0.2035","0.014509615956463849","true","true","PrecisionReached","21626.817272520897","580068",""
"research","unequal-modes","mess-8","5","180606","stopped","10000","x","-2.4","-2.3690387093918206","0.1311643647227463","true","true","PrecisionReached","16861.124108474527","580068",""
"research","unequal-modes","mess-8","5","180606","stopped","10000","xSquared","16.25","16.324163118807665","0.5398089763016981","true","true","PrecisionReached","1440.433609145246","580068",""
"research","unequal-modes","mess-8","5","180606","stopped","10000","y","0.0","0.03939875729176451","0.09997277238415721","true","true","PrecisionReached","2689.963338151636","580068",""
"research","unequal-modes","mess-8","5","180606","stopped","10000","ySquared","1.0","1.0145414844404244","0.1607223492841824","true","true","PrecisionReached","2054.210524578937","580068",""
"research","unequal-modes","mess-8","6","188525","fixed","12000","event","0.20000000000000037","0.1961875","0.01295894067404677","true","true","FixedBudget","24922.424192222417","579748",""
"research","unequal-modes","mess-8","6","188525","fixed","12000","x","-2.4","-2.4159321750317386","0.11642344767125107","true","true","FixedBudget","20044.0778967707","579748",""
"research","unequal-modes","mess-8","6","188525","fixed","12000","xSquared","16.25","16.073518305064802","0.48514433532357704","true","true","FixedBudget","1774.481047049015","579748",""
"research","unequal-modes","mess-8","6","188525","fixed","12000","y","0.0","-0.005106666574335117","0.09156818259303483","true","true","FixedBudget","3233.067033574877","579748",""
"research","unequal-modes","mess-8","6","188525","fixed","12000","ySquared","1.0","1.0214374764135203","0.14883102832000344","true","true","FixedBudget","2592.017554948662","579748",""
"research","unequal-modes","mess-8","6","188525","stopped","8000","event","0.20000000000000037","0.19321875","0.01593005725016919","true","true","PrecisionReached","16688.03455066585","579748",""
"research","unequal-modes","mess-8","6","188525","stopped","8000","x","-2.4","-2.4400050011307615","0.14848364921551113","true","true","PrecisionReached","12558.92165868812","579748",""
"research","unequal-modes","mess-8","6","188525","stopped","8000","xSquared","16.25","16.07257153228277","0.5663068478140427","true","true","PrecisionReached","1261.959009186914","579748",""
"research","unequal-modes","mess-8","6","188525","stopped","8000","y","0.0","0.013865328576139868","0.11261261827191153","true","true","PrecisionReached","2123.747352569449","579748",""
"research","unequal-modes","mess-8","6","188525","stopped","8000","ySquared","1.0","1.0149660341324225","0.18101253482712734","true","true","PrecisionReached","1772.2292027115095","579748",""
"research","unequal-modes","mess-8","7","196444","fixed","12000","event","0.20000000000000037","0.19997916666666668","0.01349269647815325","true","true","FixedBudget","25325.581241108273","579172",""
"research","unequal-modes","mess-8","7","196444","fixed","12000","x","-2.4","-2.389656876107825","0.12250212837991706","true","true","FixedBudget","21082.815525730566","579172",""
"research","unequal-modes","mess-8","7","196444","fixed","12000","xSquared","16.25","16.1805151717679","0.46525195873239306","true","true","FixedBudget","1983.1126315377526","579172",""
"research","unequal-modes","mess-8","7","196444","fixed","12000","y","0.0","0.002907123793874103","0.08482445806638776","true","true","FixedBudget","3605.130604261819","579172",""
"research","unequal-modes","mess-8","7","196444","fixed","12000","ySquared","1.0","0.9773806731167597","0.1397240025908876","true","true","FixedBudget","2555.122563450762","579172",""
"research","unequal-modes","mess-8","7","196444","stopped","8000","event","0.20000000000000037","0.19675","0.016539163284125014","true","true","PrecisionReached","16295.615325923785","579172",""
"research","unequal-modes","mess-8","7","196444","stopped","8000","x","-2.4","-2.4235368765612124","0.15117523794518703","true","true","PrecisionReached","13208.931258200813","579172",""
"research","unequal-modes","mess-8","7","196444","stopped","8000","xSquared","16.25","16.26965307113254","0.5771894059635421","true","true","PrecisionReached","1319.3224029765101","579172",""
"research","unequal-modes","mess-8","7","196444","stopped","8000","y","0.0","0.010609787432365084","0.1027807256270522","true","true","PrecisionReached","2406.8534034068084","579172",""
"research","unequal-modes","mess-8","7","196444","stopped","8000","ySquared","1.0","0.9581120525509592","0.16390261020709557","true","true","PrecisionReached","1679.4932157268659","579172",""
"research","unequal-modes","mess-8","8","204363","fixed","12000","event","0.20000000000000037","0.19904166666666667","0.013484335780526593","true","true","FixedBudget","23270.086894970722","580020",""
"research","unequal-modes","mess-8","8","204363","fixed","12000","x","-2.4","-2.4056133770784838","0.1213085213114973","true","true","FixedBudget","18820.131331642853","580020",""
"research","unequal-modes","mess-8","8","204363","fixed","12000","xSquared","16.25","16.222206765993317","0.4767493444101629","true","true","FixedBudget","1892.5920530225576","580020",""
"research","unequal-modes","mess-8","8","204363","fixed","12000","y","0.0","-0.016557788986652167","0.08704301929976482","true","true","FixedBudget","3423.3178592599224","580020",""
"research","unequal-modes","mess-8","8","204363","fixed","12000","ySquared","1.0","0.9775382077162664","0.14196155988581544","true","true","FixedBudget","2547.332696932894","580020",""
"research","unequal-modes","mess-8","8","204363","stopped","8000","event","0.20000000000000037","0.1966875","0.01705184405330877","true","true","PrecisionReached","15217.541316377657","580020",""
"research","unequal-modes","mess-8","8","204363","stopped","8000","x","-2.4","-2.4192847413933403","0.15296256701799568","true","true","PrecisionReached","12072.536050453027","580020",""
"research","unequal-modes","mess-8","8","204363","stopped","8000","xSquared","16.25","16.15932359488495","0.5915881959817957","true","true","PrecisionReached","1220.0556037558306","580020",""
"research","unequal-modes","mess-8","8","204363","stopped","8000","y","0.0","-0.010767571945607957","0.10963390308502216","true","true","PrecisionReached","2192.7324122867594","580020",""
"research","unequal-modes","mess-8","8","204363","stopped","8000","ySquared","1.0","0.9931580509723974","0.19364594997030432","true","true","PrecisionReached","1488.2426590176108","580020",""
"research","unequal-modes","mess-8","9","212282","fixed","12000","event","0.20000000000000037","0.19910416666666667","0.013209296164157135","true","true","FixedBudget","24254.94120145601","577940",""
"research","unequal-modes","mess-8","9","212282","fixed","12000","x","-2.4","-2.404913644080461","0.12447016949125775","true","true","FixedBudget","17894.382502106324","577940",""
"research","unequal-modes","mess-8","9","212282","fixed","12000","xSquared","16.25","16.229466723347702","0.487741002941064","true","true","FixedBudget","1836.8294676400435","577940",""
"research","unequal-modes","mess-8","9","212282","fixed","12000","y","0.0","0.02968461206713703","0.09153333308689529","true","true","FixedBudget","3267.57036844383","577940",""
"research","unequal-modes","mess-8","9","212282","fixed","12000","ySquared","1.0","1.032407474748846","0.16350349938626108","true","true","FixedBudget","2224.816717797754","577940",""
"research","unequal-modes","mess-8","9","212282","stopped","8000","event","0.20000000000000037","0.1964375","0.016347084282261556","true","true","PrecisionReached","15971.487372882699","577940",""
"research","unequal-modes","mess-8","9","212282","stopped","8000","x","-2.4","-2.4310506268474548","0.14902232722445566","true","true","PrecisionReached","12467.078650839663","577940",""
"research","unequal-modes","mess-8","9","212282","stopped","8000","xSquared","16.25","16.271605461885223","0.595473178179882","true","true","PrecisionReached","1230.4005494597166","577940",""
"research","unequal-modes","mess-8","9","212282","stopped","8000","y","0.0","0.032843151803879686","0.10901336202390792","true","true","PrecisionReached","2263.837529581868","577940",""
"research","unequal-modes","mess-8","9","212282","stopped","8000","ySquared","1.0","1.014749622023797","0.1920483275128407","true","true","PrecisionReached","1504.5305456711828","577940",""
"research","unequal-modes","mess-8","10","220201","fixed","12000","event","0.20000000000000037","0.1984375","0.01337809421945938","true","true","FixedBudget","23587.169932916255","577900",""
"research","unequal-modes","mess-8","10","220201","fixed","12000","x","-2.4","-2.418734872102811","0.12227965886832512","true","true","FixedBudget","18582.87070434393","577900",""
"research","unequal-modes","mess-8","10","220201","fixed","12000","xSquared","16.25","16.31958799910557","0.4880034576425688","true","true","FixedBudget","1793.0453335489156","577900",""
"research","unequal-modes","mess-8","10","220201","fixed","12000","y","0.0","0.0017046871763423121","0.08537331459927891","true","true","FixedBudget","3596.117374250722","577900",""
"research","unequal-modes","mess-8","10","220201","fixed","12000","ySquared","1.0","0.9875889546856119","0.14986695871758154","true","true","FixedBudget","2260.528159452567","577900",""
"research","unequal-modes","mess-8","10","220201","stopped","8000","event","0.20000000000000037","0.2005625","0.016404768631128074","true","true","PrecisionReached","15812.54425371239","577900",""
"research","unequal-modes","mess-8","10","220201","stopped","8000","x","-2.4","-2.3932411467966284","0.14621339264289776","true","true","PrecisionReached","13061.81268294599","577900",""
"research","unequal-modes","mess-8","10","220201","stopped","8000","xSquared","16.25","16.248918534093765","0.5875356218580948","true","true","PrecisionReached","1233.2211081375428","577900",""
"research","unequal-modes","mess-8","10","220201","stopped","8000","y","0.0","0.004712734960625076","0.10328246685644034","true","true","PrecisionReached","2481.39837699265","577900",""
"research","unequal-modes","mess-8","10","220201","stopped","8000","ySquared","1.0","0.9973593130321867","0.16887477326926867","true","true","PrecisionReached","1755.999855565502","577900",""
"research","unequal-modes","mess-8","11","228120","fixed","12000","event","0.20000000000000037","0.20122916666666665","0.013958657769098803","true","true","FixedBudget","23605.853334576062","579532",""
"research","unequal-modes","mess-8","11","228120","fixed","12000","x","-2.4","-2.384500018797266","0.12798552301047214","true","true","FixedBudget","18050.03465050509","579532",""
"research","unequal-modes","mess-8","11","228120","fixed","12000","xSquared","16.25","16.173617396301573","0.47169043678268824","true","true","FixedBudget","1924.3303268210154","579532",""
"research","unequal-modes","mess-8","11","228120","fixed","12000","y","0.0","-0.0030366928848142294","0.08778831606752667","true","true","FixedBudget","3483.057092157738","579532",""
"research","unequal-modes","mess-8","11","228120","fixed","12000","ySquared","1.0","1.0114275791576444","0.15283802503540336","true","true","FixedBudget","2325.2521303921594","579532",""
"research","unequal-modes","mess-8","11","228120","stopped","8000","event","0.20000000000000037","0.20334375","0.017001740583439298","true","true","PrecisionReached","16098.478884076498","579532",""
"research","unequal-modes","mess-8","11","228120","stopped","8000","x","-2.4","-2.3669838952233864","0.15435388122718732","true","true","PrecisionReached","12474.806212222262","579532",""
"research","unequal-modes","mess-8","11","228120","stopped","8000","xSquared","16.25","16.19405097426036","0.5799941318160783","true","true","PrecisionReached","1292.334873921299","579532",""
"research","unequal-modes","mess-8","11","228120","stopped","8000","y","0.0","0.0060620044781383164","0.10442784854463551","true","true","PrecisionReached","2457.4287979823102","579532",""
"research","unequal-modes","mess-8","11","228120","stopped","8000","ySquared","1.0","1.0097681951239226","0.19071838578052405","true","true","PrecisionReached","1487.3787731433968","579532",""
"research","unequal-modes","mess-8","12","236039","fixed","12000","event","0.20000000000000037","0.2003125","0.013989507977458654","true","true","FixedBudget","23797.093191241736","579364",""
"research","unequal-modes","mess-8","12","236039","fixed","12000","x","-2.4","-2.389830301715363","0.12647201833872962","true","true","FixedBudget","18325.290914497687","579364",""
"research","unequal-modes","mess-8","12","236039","fixed","12000","xSquared","16.25","16.195683333969196","0.5120752926481721","true","true","FixedBudget","1597.3415143225318","579364",""
"research","unequal-modes","mess-8","12","236039","fixed","12000","y","0.0","0.0553560852764563","0.08908906742259427","false","true","FixedBudget","3409.945558762891","579364",""
"research","unequal-modes","mess-8","12","236039","fixed","12000","ySquared","1.0","1.0228127900749295","0.1519360934162739","true","true","FixedBudget","2428.1538258964597","579364",""
"research","unequal-modes","mess-8","12","236039","stopped","10000","event","0.20000000000000037","0.20245000000000002","0.015188691849691049","true","true","PrecisionReached","19757.12091783253","579364",""
"research","unequal-modes","mess-8","12","236039","stopped","10000","x","-2.4","-2.376414481339009","0.13598379761191845","true","true","PrecisionReached","15410.447031897857","579364",""
"research","unequal-modes","mess-8","12","236039","stopped","10000","xSquared","16.25","16.23939908805356","0.5635839724054845","true","true","PrecisionReached","1303.7460039313141","579364",""
"research","unequal-modes","mess-8","12","236039","stopped","10000","y","0.0","0.054665855680610775","0.09877712893303627","false","true","PrecisionReached","2769.424081189796","579364",""
"research","unequal-modes","mess-8","12","236039","stopped","10000","ySquared","1.0","1.0211043351499587","0.16675124229845445","true","true","PrecisionReached","1979.4165133352446","579364",""
"research","unequal-modes","mess-8","13","243958","fixed","12000","event","0.20000000000000037","0.20070833333333332","0.013691137862428825","true","true","FixedBudget","23241.57672828497","578884",""
"research","unequal-modes","mess-8","13","243958","fixed","12000","x","-2.4","-2.4023144359881594","0.12469891130547331","true","true","FixedBudget","18511.762923229235","578884",""
"research","unequal-modes","mess-8","13","243958","fixed","12000","xSquared","16.25","16.34505334273826","0.508203840731058","true","true","FixedBudget","1654.638692773129","578884",""
"research","unequal-modes","mess-8","13","243958","fixed","12000","y","0.0","0.009364967294572174","0.0875549711110556","true","true","FixedBudget","3359.2648818436464","578884",""
"research","unequal-modes","mess-8","13","243958","fixed","12000","ySquared","1.0","0.9703801916677941","0.13902519035987615","true","true","FixedBudget","2603.3394018499393","578884",""
"research","unequal-modes","mess-8","13","243958","stopped","10000","event","0.20000000000000037","0.199575","0.014919987050330286","true","true","PrecisionReached","19045.61049305853","578884",""
"research","unequal-modes","mess-8","13","243958","stopped","10000","x","-2.4","-2.4136319324014677","0.1350954845824741","true","true","PrecisionReached","15336.61725309549","578884",""
"research","unequal-modes","mess-8","13","243958","stopped","10000","xSquared","16.25","16.372067651960744","0.5584756142980878","true","true","PrecisionReached","1361.9124232416132","578884",""
"research","unequal-modes","mess-8","13","243958","stopped","10000","y","0.0","-0.001758023165782524","0.09849580656256779","true","true","PrecisionReached","2701.8274765429246","578884",""
"research","unequal-modes","mess-8","13","243958","stopped","10000","ySquared","1.0","0.9876190238523912","0.15680431754519197","true","true","PrecisionReached","2128.9775350047057","578884",""
"research","unequal-modes","mess-8","14","251877","fixed","12000","event","0.20000000000000037","0.19595833333333335","0.013716591791283657","true","true","FixedBudget","24211.28229935443","581468",""
"research","unequal-modes","mess-8","14","251877","fixed","12000","x","-2.4","-2.43237230414998","0.12625289077313773","true","true","FixedBudget","18169.84085526107","581468",""
"research","unequal-modes","mess-8","14","251877","fixed","12000","xSquared","16.25","16.26857580249004","0.5043922047952594","true","true","FixedBudget","1735.5034431114211","581468",""
"research","unequal-modes","mess-8","14","251877","fixed","12000","y","0.0","-5.215305426874983E-4","0.09110064264829103","true","true","FixedBudget","3289.3861699061626","581468",""
"research","unequal-modes","mess-8","14","251877","fixed","12000","ySquared","1.0","1.0286192788320603","0.15650819998350154","true","true","FixedBudget","2319.6415545046675","581468",""
"research","unequal-modes","mess-8","14","251877","stopped","8000","event","0.20000000000000037","0.19584375","0.01652592109854167","true","true","PrecisionReached","17308.95815324474","581468",""
"research","unequal-modes","mess-8","14","251877","stopped","8000","x","-2.4","-2.4395862783786755","0.15286459935844338","true","true","PrecisionReached","12442.858959389638","581468",""
"research","unequal-modes","mess-8","14","251877","stopped","8000","xSquared","16.25","16.346774654068838","0.6064754587055987","true","true","PrecisionReached","1196.5210863620184","581468",""
"research","unequal-modes","mess-8","14","251877","stopped","8000","y","0.0","0.021868698977968948","0.10955734733128183","true","true","PrecisionReached","2349.9780533012545","581468",""
"research","unequal-modes","mess-8","14","251877","stopped","8000","ySquared","1.0","1.0632477848051958","0.1901669717624329","true","true","PrecisionReached","1653.7024518715778","581468",""
"research","unequal-modes","mess-8","15","259796","fixed","12000","event","0.20000000000000037","0.1995","0.013426951285008922","true","true","FixedBudget","23509.998866824943","579212",""
"research","unequal-modes","mess-8","15","259796","fixed","12000","x","-2.4","-2.4040204077365397","0.12495144546838698","true","true","FixedBudget","17730.21605978071","579212",""
"research","unequal-modes","mess-8","15","259796","fixed","12000","xSquared","16.25","16.20953243180236","0.47627552259826716","true","true","FixedBudget","1863.1014911042196","579212",""
"research","unequal-modes","mess-8","15","259796","fixed","12000","y","0.0","-0.005760642498947366","0.09335229065597042","true","true","FixedBudget","3104.8753778955706","579212",""
"research","unequal-modes","mess-8","15","259796","fixed","12000","ySquared","1.0","1.0195418775549672","0.15347075353730874","true","true","FixedBudget","2406.274225536184","579212",""
"research","unequal-modes","mess-8","15","259796","stopped","8000","event","0.20000000000000037","0.20109375","0.016618162118818742","true","true","PrecisionReached","16182.814452707662","579212",""
"research","unequal-modes","mess-8","15","259796","stopped","8000","x","-2.4","-2.3988171263624647","0.15411797756281606","true","true","PrecisionReached","11718.323605155314","579212",""
"research","unequal-modes","mess-8","15","259796","stopped","8000","xSquared","16.25","16.24163991893819","0.5843437957804294","true","true","PrecisionReached","1256.941241397103","579212",""
"research","unequal-modes","mess-8","15","259796","stopped","8000","y","0.0","-0.0011140278543373405","0.11594767221191934","true","true","PrecisionReached","2030.5690977220277","579212",""
"research","unequal-modes","mess-8","15","259796","stopped","8000","ySquared","1.0","1.028571868924685","0.18333032433064309","true","true","PrecisionReached","1647.3281632110145","579212",""
"research","unequal-modes","mess-8","16","267715","fixed","12000","event","0.20000000000000037","0.20310416666666667","0.01391226939342098","true","true","FixedBudget","23653.779425018256","579148",""
"research","unequal-modes","mess-8","16","267715","fixed","12000","x","-2.4","-2.3754343114388288","0.12497198129705013","true","true","FixedBudget","18857.569071680493","579148",""
"research","unequal-modes","mess-8","16","267715","fixed","12000","xSquared","16.25","16.279821516554478","0.5189818978492803","true","true","FixedBudget","1641.1048122618668","579148",""
"research","unequal-modes","mess-8","16","267715","fixed","12000","y","0.0","0.005309565672438121","0.08503890046090724","true","true","FixedBudget","3698.40393200545","579148",""
"research","unequal-modes","mess-8","16","267715","fixed","12000","ySquared","1.0","1.0077633625115743","0.15761981212093687","true","true","FixedBudget","2340.9471471595793","579148",""
"research","unequal-modes","mess-8","16","267715","stopped","10000","event","0.20000000000000037","0.2032","0.015543855223371292","true","true","PrecisionReached","19666.52399629979","579148",""
"research","unequal-modes","mess-8","16","267715","stopped","10000","x","-2.4","-2.375756827589682","0.1409375982338773","true","true","PrecisionReached","15654.056901315911","579148",""
"research","unequal-modes","mess-8","16","267715","stopped","10000","xSquared","16.25","16.285342583946544","0.576804669278391","true","true","PrecisionReached","1349.90558522938","579148",""
"research","unequal-modes","mess-8","16","267715","stopped","10000","y","0.0","-0.008942358943077933","0.0896903961278108","true","true","PrecisionReached","3277.6381272858057","579148",""
"research","unequal-modes","mess-8","16","267715","stopped","10000","ySquared","1.0","0.9935342322126437","0.16730810581423022","true","true","PrecisionReached","2054.506715154231","579148",""
"research","unequal-modes","mess-8","17","275634","fixed","12000","event","0.20000000000000037","0.2013541666666666","0.013380982113326991","true","true","FixedBudget","24748.110267352342","579292",""
"research","unequal-modes","mess-8","17","275634","fixed","12000","x","-2.4","-2.383168003665099","0.12249752924932895","true","true","FixedBudget","18797.64353209887","579292",""
"research","unequal-modes","mess-8","17","275634","fixed","12000","xSquared","16.25","16.17582907424815","0.5079768986019485","true","true","FixedBudget","1722.4208842389137","579292",""
"research","unequal-modes","mess-8","17","275634","fixed","12000","y","0.0","8.412563803996687E-4","0.0874589982645772","true","true","FixedBudget","3428.5791435841365","579292",""
"research","unequal-modes","mess-8","17","275634","fixed","12000","ySquared","1.0","0.9881441162893075","0.13551543477104605","true","true","FixedBudget","2696.70436906302","579292",""
"research","unequal-modes","mess-8","17","275634","stopped","8000","event","0.20000000000000037","0.20365624999999998","0.01614022266394984","true","true","PrecisionReached","16522.92750682267","579292",""
"research","unequal-modes","mess-8","17","275634","stopped","8000","x","-2.4","-2.3662791021583374","0.1457180394314927","true","true","PrecisionReached","13288.728833989724","579292",""
"research","unequal-modes","mess-8","17","275634","stopped","8000","xSquared","16.25","16.230968034561783","0.6051261669319201","true","true","PrecisionReached","1219.0981841262633","579292",""
"research","unequal-modes","mess-8","17","275634","stopped","8000","y","0.0","0.00287702100109255","0.10401964317531051","true","true","PrecisionReached","2444.1772992551987","579292",""
"research","unequal-modes","mess-8","17","275634","stopped","8000","ySquared","1.0","0.9964587168693743","0.1626551926543685","true","true","PrecisionReached","1896.2883909555674","579292",""
"research","unequal-modes","mess-8","18","283553","fixed","12000","event","0.20000000000000037","0.2049375","0.01377559921066003","true","true","FixedBudget","23979.32073521728","579508",""
"research","unequal-modes","mess-8","18","283553","fixed","12000","x","-2.4","-2.35236737201393","0.12364508783252603","true","true","FixedBudget","20108.16652101222","579508",""
"research","unequal-modes","mess-8","18","283553","fixed","12000","xSquared","16.25","16.14176733076737","0.4622358473999852","true","true","FixedBudget","1895.1886310717246","579508",""
"research","unequal-modes","mess-8","18","283553","fixed","12000","y","0.0","-0.005523514854536012","0.08406691249655453","true","true","FixedBudget","3770.635983173543","579508",""
"research","unequal-modes","mess-8","18","283553","fixed","12000","ySquared","1.0","1.0040949906646093","0.13157410297815667","true","true","FixedBudget","2990.543492893454","579508",""
"research","unequal-modes","mess-8","18","283553","stopped","8000","event","0.20000000000000037","0.20828125","0.01657577597997892","true","true","PrecisionReached","16230.64734614796","579508",""
"research","unequal-modes","mess-8","18","283553","stopped","8000","x","-2.4","-2.3171464081516886","0.14702297754702562","false","true","PrecisionReached","13116.140822397192","579508",""
"research","unequal-modes","mess-8","18","283553","stopped","8000","xSquared","16.25","16.05156600965483","0.5570821526552459","true","true","PrecisionReached","1262.160681316646","579508",""
"research","unequal-modes","mess-8","18","283553","stopped","8000","y","0.0","-0.002759583206808823","0.1015756930907303","true","true","PrecisionReached","2551.338003186164","579508",""
"research","unequal-modes","mess-8","18","283553","stopped","8000","ySquared","1.0","0.991843608189182","0.16344962127150456","true","true","PrecisionReached","1944.9306809978332","579508",""
"research","unequal-modes","mess-8","19","291472","fixed","12000","event","0.20000000000000037","0.20114583333333333","0.013366065314663117","true","true","FixedBudget","23871.218378982165","578148",""
"research","unequal-modes","mess-8","19","291472","fixed","12000","x","-2.4","-2.3906166205448334","0.11892734091388057","true","true","FixedBudget","19746.25999203289","578148",""
"research","unequal-modes","mess-8","19","291472","fixed","12000","xSquared","16.25","16.238181078656265","0.4473164540638364","true","true","FixedBudget","2110.5636936558035","578148",""
"research","unequal-modes","mess-8","19","291472","fixed","12000","y","0.0","0.004234872865113148","0.08593406608168898","true","true","FixedBudget","3575.8140905696932","578148",""
"research","unequal-modes","mess-8","19","291472","fixed","12000","ySquared","1.0","0.9949706824450728","0.14333681490411387","true","true","FixedBudget","2614.5617361443215","578148",""
"research","unequal-modes","mess-8","19","291472","stopped","8000","event","0.20000000000000037","0.2039375","0.016332900830339458","true","true","PrecisionReached","16151.963681915822","578148",""
"research","unequal-modes","mess-8","19","291472","stopped","8000","x","-2.4","-2.374307761636839","0.146649022908737","true","true","PrecisionReached","13122.50767927036","578148",""
"research","unequal-modes","mess-8","19","291472","stopped","8000","xSquared","16.25","16.270622502413797","0.5502557839753994","true","true","PrecisionReached","1377.534565248002","578148",""
"research","unequal-modes","mess-8","19","291472","stopped","8000","y","0.0","-1.0414055605756367E-4","0.10853360482325736","true","true","PrecisionReached","2300.0895657184983","578148",""
"research","unequal-modes","mess-8","19","291472","stopped","8000","ySquared","1.0","1.0208583508262876","0.17955207757595845","true","true","PrecisionReached","1754.724024446902","578148",""
"research","unequal-modes","mess-8","20","299391","fixed","12000","event","0.20000000000000037","0.19822916666666668","0.013448975394473654","true","true","FixedBudget","24167.601888093046","578860",""
"research","unequal-modes","mess-8","20","299391","fixed","12000","x","-2.4","-2.4265810177966447","0.12376474931957761","true","true","FixedBudget","18730.68613312413","578860",""
"research","unequal-modes","mess-8","20","299391","fixed","12000","xSquared","16.25","16.366546372085644","0.5030928087295284","true","true","FixedBudget","1731.1075301608523","578860",""
"research","unequal-modes","mess-8","20","299391","fixed","12000","y","0.0","0.0027650875338322","0.08119312316040904","true","true","FixedBudget","3878.0703434237976","578860",""
"research","unequal-modes","mess-8","20","299391","fixed","12000","ySquared","1.0","0.9632841746173337","0.1278722717061722","true","true","FixedBudget","2910.661720534603","578860",""
"research","unequal-modes","mess-8","20","299391","stopped","10000","event","0.20000000000000037","0.1989","0.014815220449135412","true","true","PrecisionReached","20062.724998034322","578860",""
"research","unequal-modes","mess-8","20","299391","stopped","10000","x","-2.4","-2.4229426347895413","0.1368309621480627","true","true","PrecisionReached","15261.592640491273","578860",""
"research","unequal-modes","mess-8","20","299391","stopped","10000","xSquared","16.25","16.361826603761287","0.5529082402445948","true","true","PrecisionReached","1428.7090330471915","578860",""
"research","unequal-modes","mess-8","20","299391","stopped","10000","y","0.0","0.0031917552120387382","0.0884672179658422","true","true","PrecisionReached","3245.7084313585733","578860",""
"research","unequal-modes","mess-8","20","299391","stopped","10000","ySquared","1.0","0.9571364567111809","0.13283454721120075","true","true","PrecisionReached","2592.7386953708915","578860",""
"research","unequal-modes","mess-8","21","307310","fixed","12000","event","0.20000000000000037","0.20118749999999996","0.01371942908261041","true","true","FixedBudget","24108.26329724946","578108",""
"research","unequal-modes","mess-8","21","307310","fixed","12000","x","-2.4","-2.398280186701789","0.12783119429056428","true","true","FixedBudget","18309.255203767614","578108",""
"research","unequal-modes","mess-8","21","307310","fixed","12000","xSquared","16.25","16.34982699823536","0.5464644863555633","true","true","FixedBudget","1470.0115251040224","578108",""
"research","unequal-modes","mess-8","21","307310","fixed","12000","y","0.0","0.006836049674948663","0.09046799797050803","true","true","FixedBudget","3298.16057079906","578108",""
"research","unequal-modes","mess-8","21","307310","fixed","12000","ySquared","1.0","1.0171347922662042","0.1489959365449207","true","true","FixedBudget","2450.1638713933044","578108",""
"research","unequal-modes","mess-8","21","307310","stopped","12000","event","0.20000000000000037","0.20118749999999996","0.01371942908261041","true","true","PrecisionReached","24108.26329724946","578108",""
"research","unequal-modes","mess-8","21","307310","stopped","12000","x","-2.4","-2.398280186701789","0.12783119429056428","true","true","PrecisionReached","18309.255203767614","578108",""
"research","unequal-modes","mess-8","21","307310","stopped","12000","xSquared","16.25","16.34982699823536","0.5464644863555633","true","true","PrecisionReached","1470.0115251040224","578108",""
"research","unequal-modes","mess-8","21","307310","stopped","12000","y","0.0","0.006836049674948663","0.09046799797050803","true","true","PrecisionReached","3298.16057079906","578108",""
"research","unequal-modes","mess-8","21","307310","stopped","12000","ySquared","1.0","1.0171347922662042","0.1489959365449207","true","true","PrecisionReached","2450.1638713933044","578108",""
"research","unequal-modes","mess-8","22","315229","fixed","12000","event","0.20000000000000037","0.2015","0.012901181728506758","true","true","FixedBudget","25656.30936360477","578612",""
"research","unequal-modes","mess-8","22","315229","fixed","12000","x","-2.4","-2.3952201208334447","0.11898718892365835","true","true","FixedBudget","21876.834759550726","578612",""
"research","unequal-modes","mess-8","22","315229","fixed","12000","xSquared","16.25","16.372269956429367","0.5064077333483293","true","true","FixedBudget","1682.1502999033337","578612",""
"research","unequal-modes","mess-8","22","315229","fixed","12000","y","0.0","0.007763303066806615","0.08772961493372056","true","true","FixedBudget","3641.1858240229926","578612",""
"research","unequal-modes","mess-8","22","315229","fixed","12000","ySquared","1.0","1.055982883296974","0.15498570091266672","true","true","FixedBudget","2498.1483487859246","578612",""
"research","unequal-modes","mess-8","22","315229","stopped","10000","event","0.20000000000000037","0.202075","0.014299357982432726","true","true","PrecisionReached","20928.909023435015","578612",""
"research","unequal-modes","mess-8","22","315229","stopped","10000","x","-2.4","-2.391210454599016","0.13384835423905583","true","true","PrecisionReached","16957.054520944363","578612",""
"research","unequal-modes","mess-8","22","315229","stopped","10000","xSquared","16.25","16.367820916420296","0.5723012858185742","true","true","PrecisionReached","1334.5108562720313","578612",""
"research","unequal-modes","mess-8","22","315229","stopped","10000","y","0.0","-3.6137767191790626E-4","0.0938976523538827","true","true","PrecisionReached","3203.127720728569","578612",""
"research","unequal-modes","mess-8","22","315229","stopped","10000","ySquared","1.0","1.0640909987343976","0.17094692221344943","true","true","PrecisionReached","2122.397957588117","578612",""
"research","unequal-modes","mess-8","23","323148","fixed","12000","event","0.20000000000000037","0.1970625","0.01366356602816813","true","true","FixedBudget","23893.923351363745","579996",""
"research","unequal-modes","mess-8","23","323148","fixed","12000","x","-2.4","-2.4095555720921302","0.12435221631421231","true","true","FixedBudget","19230.138830276806","579996",""
"research","unequal-modes","mess-8","23","323148","fixed","12000","xSquared","16.25","16.164956552303934","0.5005754899186852","true","true","FixedBudget","1739.490540797991","579996",""
"research","unequal-modes","mess-8","23","323148","fixed","12000","y","0.0","0.002302534009230528","0.08673593320088994","true","true","FixedBudget","3434.3480774836926","579996",""
"research","unequal-modes","mess-8","23","323148","fixed","12000","ySquared","1.0","0.9735126233084886","0.13874574407691054","true","true","FixedBudget","2651.805480217841","579996",""
"research","unequal-modes","mess-8","23","323148","stopped","10000","event","0.20000000000000037","0.1996","0.014600601651844243","true","true","PrecisionReached","19889.83225186636","579996",""
"research","unequal-modes","mess-8","23","323148","stopped","10000","x","-2.4","-2.386279001855554","0.1306024924442712","true","true","PrecisionReached","16216.289698839619","579996",""
"research","unequal-modes","mess-8","23","323148","stopped","10000","xSquared","16.25","16.116287826854776","0.5527439446539445","true","true","PrecisionReached","1404.9726625947142","579996",""
"research","unequal-modes","mess-8","23","323148","stopped","10000","y","0.0","0.0013038256648627566","0.0955735744933216","true","true","PrecisionReached","2844.47202000727","579996",""
"research","unequal-modes","mess-8","23","323148","stopped","10000","ySquared","1.0","0.9789783116438416","0.15503572203124394","true","true","PrecisionReached","2193.0297425500726","579996",""
"research","unequal-modes","mess-8","24","331067","fixed","12000","event","0.20000000000000037","0.204625","0.013243268716348146","true","true","FixedBudget","24628.810909938737","579908",""
"research","unequal-modes","mess-8","24","331067","fixed","12000","x","-2.4","-2.3595661863141055","0.12197756712890992","true","true","FixedBudget","18955.822693089118","579908",""
"research","unequal-modes","mess-8","24","331067","fixed","12000","xSquared","16.25","16.194275909701904","0.5381258571277352","true","true","FixedBudget","1464.9162748714518","579908",""
"research","unequal-modes","mess-8","24","331067","fixed","12000","y","0.0","0.0340272021180511","0.08363730382398406","true","true","FixedBudget","3684.893100705843","579908",""
"research","unequal-modes","mess-8","24","331067","fixed","12000","ySquared","1.0","0.9723870784657731","0.13733436809105717","true","true","FixedBudget","2694.1949995577693","579908",""
"research","unequal-modes","mess-8","24","331067","stopped","10000","event","0.20000000000000037","0.205375","0.014594615440581719","true","true","PrecisionReached","20604.487398806647","579908",""
"research","unequal-modes","mess-8","24","331067","stopped","10000","x","-2.4","-2.3522408364181526","0.13538240067152177","true","true","PrecisionReached","16171.36419441248","579908",""
"research","unequal-modes","mess-8","24","331067","stopped","10000","xSquared","16.25","16.194855011110302","0.5951447836704294","true","true","PrecisionReached","1193.6790409382922","579908",""
"research","unequal-modes","mess-8","24","331067","stopped","10000","y","0.0","0.037281047028350334","0.09194002923768513","true","true","PrecisionReached","3094.272759442895","579908",""
"research","unequal-modes","mess-8","24","331067","stopped","10000","ySquared","1.0","0.9869040192477088","0.15230875313746337","true","true","PrecisionReached","2251.26627155992","579908",""
"research","unequal-modes","mess-8","25","338986","fixed","12000","event","0.20000000000000037","0.2028958333333334","0.013053939130261417","true","true","FixedBudget","25188.844165838313","578052",""
"research","unequal-modes","mess-8","25","338986","fixed","12000","x","-2.4","-2.3766215532331794","0.11789628513823561","true","true","FixedBudget","20422.989644555037","578052",""
"research","unequal-modes","mess-8","25","338986","fixed","12000","xSquared","16.25","16.251213731724352","0.4544954958841447","true","true","FixedBudget","2022.9263268706368","578052",""
"research","unequal-modes","mess-8","25","338986","fixed","12000","y","0.0","0.00599095907335645","0.08614094082719365","true","true","FixedBudget","3615.151576411124","578052",""
"research","unequal-modes","mess-8","25","338986","fixed","12000","ySquared","1.0","1.010783062377524","0.1566420461423349","true","true","FixedBudget","2299.909280597051","578052",""
"research","unequal-modes","mess-8","25","338986","stopped","8000","event","0.20000000000000037","0.20065624999999998","0.015865721727348327","true","true","PrecisionReached","16911.196347641882","578052",""
"research","unequal-modes","mess-8","25","338986","stopped","8000","x","-2.4","-2.3941993697108357","0.14077794129047044","true","true","PrecisionReached","14058.108655658083","578052",""
"research","unequal-modes","mess-8","25","338986","stopped","8000","xSquared","16.25","16.229751285275217","0.5235991261857091","true","true","PrecisionReached","1463.4624238542162","578052",""
"research","unequal-modes","mess-8","25","338986","stopped","8000","y","0.0","0.008202189572309004","0.10695506401045095","true","true","PrecisionReached","2379.512547989467","578052",""
"research","unequal-modes","mess-8","25","338986","stopped","8000","ySquared","1.0","1.0256790097042754","0.18753345309066027","true","true","PrecisionReached","1683.8575622148583","578052",""
"research","unequal-modes","mess-8","26","346905","fixed","12000","event","0.20000000000000037","0.20285416666666667","0.013207291056441492","true","true","FixedBudget","24603.529535828795","579428",""
"research","unequal-modes","mess-8","26","346905","fixed","12000","x","-2.4","-2.3735504715649025","0.11928073060669753","true","true","FixedBudget","19772.5565533237","579428",""
"research","unequal-modes","mess-8","26","346905","fixed","12000","xSquared","16.25","16.233603789693337","0.4797255218059898","true","true","FixedBudget","1866.1894948842282","579428",""
"research","unequal-modes","mess-8","26","346905","fixed","12000","y","0.0","0.024714916303810064","0.081817077493455","true","true","FixedBudget","3831.45750828826","579428",""
"research","unequal-modes","mess-8","26","346905","fixed","12000","ySquared","1.0","0.9669926221102897","0.1418638226546017","true","true","FixedBudget","2698.169760784811","579428",""
"research","unequal-modes","mess-8","26","346905","stopped","8000","event","0.20000000000000037","0.202625","0.01623151185865067","true","true","PrecisionReached","16366.277841238689","579428",""
"research","unequal-modes","mess-8","26","346905","stopped","8000","x","-2.4","-2.3857290234216437","0.1467275507198629","true","true","PrecisionReached","13167.102008105092","579428",""
"research","unequal-modes","mess-8","26","346905","stopped","8000","xSquared","16.25","16.372552921264496","0.586276278025341","true","true","PrecisionReached","1239.0165152919867","579428",""
"research","unequal-modes","mess-8","26","346905","stopped","8000","y","0.0","0.012223241924952388","0.0988442828612428","true","true","PrecisionReached","2590.457729763964","579428",""
"research","unequal-modes","mess-8","26","346905","stopped","8000","ySquared","1.0","0.9537618244510281","0.17457161835918644","true","true","PrecisionReached","1739.4315136923474","579428",""
"research","unequal-modes","mess-8","27","354824","fixed","12000","event","0.20000000000000037","0.19677083333333334","0.013650074976980503","true","true","FixedBudget","23322.91498763343","580092",""
"research","unequal-modes","mess-8","27","354824","fixed","12000","x","-2.4","-2.41088978067497","0.12440557619266779","true","true","FixedBudget","18392.446634355172","580092",""
"research","unequal-modes","mess-8","27","354824","fixed","12000","xSquared","16.25","16.09868599705357","0.5001098102715796","true","true","FixedBudget","1762.3532428473818","580092",""
"research","unequal-modes","mess-8","27","354824","fixed","12000","y","0.0","0.01593992874906691","0.09221708589531788","true","true","FixedBudget","3079.8928085531893","580092",""
"research","unequal-modes","mess-8","27","354824","fixed","12000","ySquared","1.0","0.987113275738273","0.14022660565484074","true","true","FixedBudget","2632.604528703872","580092",""
"research","unequal-modes","mess-8","27","354824","stopped","8000","event","0.20000000000000037","0.1976875","0.016691869488821173","true","true","PrecisionReached","15334.715875213597","580092",""
"research","unequal-modes","mess-8","27","354824","stopped","8000","x","-2.4","-2.4033283033310884","0.15105706227167057","true","true","PrecisionReached","12325.339294021951","580092",""
"research","unequal-modes","mess-8","27","354824","stopped","8000","xSquared","16.25","16.11188402923978","0.6057369556525705","true","true","PrecisionReached","1200.0014917362869","580092",""
"research","unequal-modes","mess-8","27","354824","stopped","8000","y","0.0","0.0057569897350078225","0.11544862650425561","true","true","PrecisionReached","1929.6494600607557","580092",""
"research","unequal-modes","mess-8","27","354824","stopped","8000","ySquared","1.0","0.9690877281419226","0.17104095386088589","true","true","PrecisionReached","1711.6767088998763","580092",""
"research","unequal-modes","mess-8","28","362743","fixed","12000","event","0.20000000000000037","0.19689583333333333","0.013956111627987544","true","true","FixedBudget","22946.726249646083","579828",""
"research","unequal-modes","mess-8","28","362743","fixed","12000","x","-2.4","-2.442356513855054","0.12748869576842695","true","true","FixedBudget","18369.934961542804","579828",""
"research","unequal-modes","mess-8","28","362743","fixed","12000","xSquared","16.25","16.437007939125774","0.4973092778275495","true","true","FixedBudget","1759.98613342634","579828",""
"research","unequal-modes","mess-8","28","362743","fixed","12000","y","0.0","-0.0030650361355377687","0.08951095718708309","true","true","FixedBudget","3415.071887755689","579828",""
"research","unequal-modes","mess-8","28","362743","fixed","12000","ySquared","1.0","1.0309865784895385","0.15158171111295543","true","true","FixedBudget","2380.2516069125504","579828",""
"research","unequal-modes","mess-8","28","362743","stopped","10000","event","0.20000000000000037","0.198","0.015553930363957599","true","true","PrecisionReached","19090.02564727974","579828",""
"research","unequal-modes","mess-8","28","362743","stopped","10000","x","-2.4","-2.4278749117912763","0.14146693752216782","true","true","PrecisionReached","15119.926739426515","579828",""
"research","unequal-modes","mess-8","28","362743","stopped","10000","xSquared","16.25","16.370110721624556","0.556426916613514","true","true","PrecisionReached","1412.8823681122094","579828",""
"research","unequal-modes","mess-8","28","362743","stopped","10000","y","0.0","-0.0075388674462470995","0.09656136392366893","true","true","PrecisionReached","2920.56446553448","579828",""
"research","unequal-modes","mess-8","28","362743","stopped","10000","ySquared","1.0","1.0261069460162495","0.16441715157752423","true","true","PrecisionReached","2003.2331586373157","579828",""
"research","unequal-modes","mess-8","29","370662","fixed","12000","event","0.20000000000000037","0.19541666666666668","0.01308847859919211","true","true","FixedBudget","24358.890155637542","580644",""
"research","unequal-modes","mess-8","29","370662","fixed","12000","x","-2.4","-2.440348618014194","0.1226155344816988","true","true","FixedBudget","19706.009527294063","580644",""
"research","unequal-modes","mess-8","29","370662","fixed","12000","xSquared","16.25","16.30272131444017","0.4860477095277011","true","true","FixedBudget","1819.6983307634905","580644",""
"research","unequal-modes","mess-8","29","370662","fixed","12000","y","0.0","-0.029265186908147056","0.09195937280627017","true","true","FixedBudget","3165.1138024568486","580644",""
"research","unequal-modes","mess-8","29","370662","fixed","12000","ySquared","1.0","1.0093616296254497","0.1498726581814616","true","true","FixedBudget","2452.1338476097667","580644",""
"research","unequal-modes","mess-8","29","370662","stopped","8000","event","0.20000000000000037","0.19384374999999998","0.016267939289363712","true","true","PrecisionReached","16470.729895350512","580644",""
"research","unequal-modes","mess-8","29","370662","stopped","8000","x","-2.4","-2.4484019753213886","0.14999564631553822","true","true","PrecisionReached","12891.143096607433","580644",""
"research","unequal-modes","mess-8","29","370662","stopped","8000","xSquared","16.25","16.255481035061553","0.5882034481451041","true","true","PrecisionReached","1214.7719539562324","580644",""
"research","unequal-modes","mess-8","29","370662","stopped","8000","y","0.0","-0.037082019577874936","0.11328532384246132","true","true","PrecisionReached","2125.0958618619493","580644",""
"research","unequal-modes","mess-8","29","370662","stopped","8000","ySquared","1.0","1.0289608997741888","0.18289135895136893","true","true","PrecisionReached","1728.2230488391708","580644",""
"research","unequal-modes","qslice-cauchy","0","141011","fixed","12000","event","0.20000000000000037","0.19643750000000004","0.036843856991119285","true","true","FixedBudget","3086.1503648300145","513734",""
"research","unequal-modes","qslice-cauchy","0","141011","fixed","12000","x","-2.4","-2.428886903266717","0.2958311875751345","true","true","FixedBudget","3142.0516838460107","513734",""
"research","unequal-modes","qslice-cauchy","0","141011","fixed","12000","xSquared","16.25","16.26040489983331","0.099687205217783","true","true","FixedBudget","46648.13687392177","513734",""
"research","unequal-modes","qslice-cauchy","0","141011","fixed","12000","y","0.0","0.007499938395861383","0.023766792947339653","true","true","FixedBudget","46583.72451350555","513734",""
"research","unequal-modes","qslice-cauchy","0","141011","fixed","12000","ySquared","1.0","0.9915093507652586","0.04103310571882011","true","true","FixedBudget","32823.74641397453","513734",""
"research","unequal-modes","qslice-cauchy","0","141011","stopped","6000","event","0.20000000000000037","0.19899999999999995","0.054849716131479265","true","true","PrecisionReached","1406.2064007273987","513734",""
"research","unequal-modes","qslice-cauchy","0","141011","stopped","6000","x","-2.4","-2.4091308650872785","0.43935838933091736","true","true","PrecisionReached","1437.460978613792","513734",""
"research","unequal-modes","qslice-cauchy","0","141011","stopped","6000","xSquared","16.25","16.258854409157117","0.14637067547389054","true","true","PrecisionReached","22464.615706832985","513734",""
"research","unequal-modes","qslice-cauchy","0","141011","stopped","6000","y","0.0","0.008200943984624898","0.03367409556140957","true","true","PrecisionReached","23209.234448938518","513734",""
"research","unequal-modes","qslice-cauchy","0","141011","stopped","6000","ySquared","1.0","0.9916762310923775","0.0578162972481373","true","true","PrecisionReached","16723.013271774842","513734",""
"research","unequal-modes","qslice-cauchy","1","148930","fixed","12000","event","0.20000000000000037","0.19197916666666667","0.03619324294376618","true","true","FixedBudget","3142.8587507371853","512879",""
"research","unequal-modes","qslice-cauchy","1","148930","fixed","12000","x","-2.4","-2.460658569606221","0.2903425299929292","true","true","FixedBudget","3203.03343989921","512879",""
"research","unequal-modes","qslice-cauchy","1","148930","fixed","12000","xSquared","16.25","16.228556081121518","0.09760402186237432","true","true","FixedBudget","44985.03212453486","512879",""
"research","unequal-modes","qslice-cauchy","1","148930","fixed","12000","y","0.0","-0.002166879361835794","0.023711123051884185","true","true","FixedBudget","47195.21843740772","512879",""
"research","unequal-modes","qslice-cauchy","1","148930","fixed","12000","ySquared","1.0","0.9943859712659779","0.041594750832817086","true","true","FixedBudget","30907.682150292094","512879",""
"research","unequal-modes","qslice-cauchy","1","148930","stopped","6000","event","0.20000000000000037","0.2085","0.05137734365791802","true","true","PrecisionReached","1659.3038935438792","512879",""
"research","unequal-modes","qslice-cauchy","1","148930","stopped","6000","x","-2.4","-2.3275221830628365","0.411837940108523","true","true","PrecisionReached","1690.7785715789735","512879",""
"research","unequal-modes","qslice-cauchy","1","148930","stopped","6000","xSquared","16.25","16.22241980617404","0.13975426254691048","true","true","PrecisionReached","21908.621915472242","512879",""
"research","unequal-modes","qslice-cauchy","1","148930","stopped","6000","y","0.0","0.006511533509915179","0.03370953446250888","true","true","PrecisionReached","23014.701921787335","512879",""
"research","unequal-modes","qslice-cauchy","1","148930","stopped","6000","ySquared","1.0","0.9854107705291085","0.05989365481660488","true","true","PrecisionReached","14692.761308599233","512879",""
"research","unequal-modes","qslice-cauchy","2","156849","fixed","12000","event","0.20000000000000037","0.19827083333333334","0.03621777597952421","true","true","FixedBudget","3216.2230302880685","513771",""
"research","unequal-modes","qslice-cauchy","2","156849","fixed","12000","x","-2.4","-2.413027869310242","0.29041792989195675","true","true","FixedBudget","3281.1264997378476","513771",""
"research","unequal-modes","qslice-cauchy","2","156849","fixed","12000","xSquared","16.25","16.24987764518371","0.09957924846412554","true","true","FixedBudget","47303.34891524246","513771",""
"research","unequal-modes","qslice-cauchy","2","156849","fixed","12000","y","0.0","-0.009791383454786473","0.023664920117540032","true","true","FixedBudget","48000.0","513771",""
"research","unequal-modes","qslice-cauchy","2","156849","fixed","12000","ySquared","1.0","1.012952849532204","0.04120811212888662","true","true","FixedBudget","32015.992286888402","513771",""
"research","unequal-modes","qslice-cauchy","2","156849","stopped","6000","event","0.20000000000000037","0.19258333333333333","0.04994168738403643","true","true","PrecisionReached","1654.6350973500785","513771",""
"research","unequal-modes","qslice-cauchy","2","156849","stopped","6000","x","-2.4","-2.456966434341062","0.40121590922123623","true","true","PrecisionReached","1691.0365836547182","513771",""
"research","unequal-modes","qslice-cauchy","2","156849","stopped","6000","xSquared","16.25","16.293133602027233","0.14751291067847375","true","true","PrecisionReached","23411.28654321338","513771",""
"research","unequal-modes","qslice-cauchy","2","156849","stopped","6000","y","0.0","-0.011064383637413133","0.033564629211794116","true","true","PrecisionReached","24000.0","513771",""
"research","unequal-modes","qslice-cauchy","2","156849","stopped","6000","ySquared","1.0","1.0188608825573064","0.05908460826347227","true","true","PrecisionReached","15464.191669561014","513771",""
"research","unequal-modes","qslice-cauchy","3","164768","fixed","12000","event","0.20000000000000037","0.20775","0.037383984926538605","true","true","FixedBudget","3125.6136359106267","513549",""
"research","unequal-modes","qslice-cauchy","3","164768","fixed","12000","x","-2.4","-2.3401144453868454","0.2997326656052748","true","true","FixedBudget","3181.3114835682327","513549",""
"research","unequal-modes","qslice-cauchy","3","164768","fixed","12000","xSquared","16.25","16.24503072422764","0.09581859906197632","true","true","FixedBudget","46596.11784585247","513549",""
"research","unequal-modes","qslice-cauchy","3","164768","fixed","12000","y","0.0","-0.0016028625899394966","0.023779368338503516","true","true","FixedBudget","47008.75219664992","513549",""
"research","unequal-modes","qslice-cauchy","3","164768","fixed","12000","ySquared","1.0","1.0015606820242589","0.04006329136647211","true","true","FixedBudget","32875.871082145924","513549",""
"research","unequal-modes","qslice-cauchy","3","164768","stopped","6000","event","0.20000000000000037","0.212125","0.052827247865663035","true","true","PrecisionReached","1589.4448010578228","513549",""
"research","unequal-modes","qslice-cauchy","3","164768","stopped","6000","x","-2.4","-2.306351786231672","0.4234757651672572","true","true","PrecisionReached","1620.2717043622547","513549",""
"research","unequal-modes","qslice-cauchy","3","164768","stopped","6000","xSquared","16.25","16.267206515308214","0.13565373110697068","true","true","PrecisionReached","23044.721404122098","513549",""
"research","unequal-modes","qslice-cauchy","3","164768","stopped","6000","y","0.0","0.002800070705846397","0.0336531093827567","true","true","PrecisionReached","23302.33838918421","513549",""
"research","unequal-modes","qslice-cauchy","3","164768","stopped","6000","ySquared","1.0","0.9943541182761418","0.05896781280573653","true","true","PrecisionReached","16757.337339993705","513549",""
"research","unequal-modes","qslice-cauchy","4","172687","fixed","12000","event","0.20000000000000037","0.21314583333333334","0.037915099160543135","true","true","FixedBudget","3096.3489765060676","512278",""
"research","unequal-modes","qslice-cauchy","4","172687","fixed","12000","x","-2.4","-2.2948163908131334","0.30376877331743257","true","true","FixedBudget","3155.728488395247","512278",""
"research","unequal-modes","qslice-cauchy","4","172687","fixed","12000","xSquared","16.25","16.23810364554503","0.09754414471757712","true","true","FixedBudget","45343.068880036015","512278",""
"research","unequal-modes","qslice-cauchy","4","172687","fixed","12000","y","0.0","0.006696852177441981","0.023735659315750265","true","true","FixedBudget","46580.01044587651","512278",""
"research","unequal-modes","qslice-cauchy","4","172687","fixed","12000","ySquared","1.0","0.9888232756088071","0.039932538251094864","true","true","FixedBudget","32960.68221900857","512278",""
"research","unequal-modes","qslice-cauchy","4","172687","stopped","4000","event","0.20000000000000037","0.231875","0.06118530655839878","false","true","PrecisionReached","1262.7368114595931","512278",""
"research","unequal-modes","qslice-cauchy","4","172687","stopped","4000","x","-2.4","-2.142106931782714","0.49155697074144217","false","true","PrecisionReached","1279.1871042882979","512278",""
"research","unequal-modes","qslice-cauchy","4","172687","stopped","4000","xSquared","16.25","16.234185295606725","0.17091602033587375","true","true","PrecisionReached","15055.784984728933","512278",""
"research","unequal-modes","qslice-cauchy","4","172687","stopped","4000","y","0.0","0.0137820720841475","0.0411388039017604","true","true","PrecisionReached","15436.019282283582","512278",""
"research","unequal-modes","qslice-cauchy","4","172687","stopped","4000","ySquared","1.0","0.9844669498265428","0.06854815347464954","true","true","PrecisionReached","10718.746690950476","512278",""
"research","unequal-modes","qslice-cauchy","5","180606","fixed","12000","event","0.20000000000000037","0.19558333333333333","0.036766292563626304","true","true","FixedBudget","3088.9894470945046","514337",""
"research","unequal-modes","qslice-cauchy","5","180606","fixed","12000","x","-2.4","-2.442744461979501","0.2954196387706478","true","true","FixedBudget","3135.887754021664","514337",""
"research","unequal-modes","qslice-cauchy","5","180606","fixed","12000","xSquared","16.25","16.278837431127847","0.09540619642679948","true","true","FixedBudget","47471.89326546932","514337",""
"research","unequal-modes","qslice-cauchy","5","180606","fixed","12000","y","0.0","8.313322464181816E-4","0.023547309295453383","true","true","FixedBudget","48000.0","514337",""
"research","unequal-modes","qslice-cauchy","5","180606","fixed","12000","ySquared","1.0","1.0028152158643202","0.04206673235030443","true","true","FixedBudget","32290.085741551222","514337",""
"research","unequal-modes","qslice-cauchy","5","180606","stopped","6000","event","0.20000000000000037","0.20270833333333332","0.052557161365557055","true","true","PrecisionReached","1552.8777691996584","514337",""
"research","unequal-modes","qslice-cauchy","5","180606","stopped","6000","x","-2.4","-2.3893536015225907","0.42122316217853073","true","true","PrecisionReached","1584.943475069769","514337",""
"research","unequal-modes","qslice-cauchy","5","180606","stopped","6000","xSquared","16.25","16.30462198730372","0.1426076415951975","true","true","PrecisionReached","23630.47523544772","514337",""
"research","unequal-modes","qslice-cauchy","5","180606","stopped","6000","y","0.0","-0.00362984761470464","0.033364062378867396","true","true","PrecisionReached","23775.39798938046","514337",""
"research","unequal-modes","qslice-cauchy","5","180606","stopped","6000","ySquared","1.0","0.9971928052685965","0.057384918867202955","true","true","PrecisionReached","16159.196487352508","514337",""
"research","unequal-modes","qslice-cauchy","6","188525","fixed","12000","event","0.20000000000000037","0.2126875","0.0391949332713421","true","true","FixedBudget","2892.8935469037306","514308",""
"research","unequal-modes","qslice-cauchy","6","188525","fixed","12000","x","-2.4","-2.2978489722150024","0.3158923686177549","true","true","FixedBudget","2923.194974379317","514308",""
"research","unequal-modes","qslice-cauchy","6","188525","fixed","12000","xSquared","16.25","16.270999701090958","0.09708284483139422","true","true","FixedBudget","45560.29981073608","514308",""
"research","unequal-modes","qslice-cauchy","6","188525","fixed","12000","y","0.0","-0.0025956018279566506","0.02434474574149286","true","true","FixedBudget","47786.24001289929","514308",""
"research","unequal-modes","qslice-cauchy","6","188525","fixed","12000","ySquared","1.0","1.0052186794967308","0.040741154740029345","true","true","FixedBudget","32300.204257551544","514308",""
"research","unequal-modes","qslice-cauchy","6","188525","stopped","6000","event","0.20000000000000037","0.20941666666666667","0.057532907964917904","true","true","PrecisionReached","1327.5121116806583","514308",""
"research","unequal-modes","qslice-cauchy","6","188525","stopped","6000","x","-2.4","-2.3224679843588207","0.46419400436919783","true","true","PrecisionReached","1338.5391469756792","514308",""
"research","unequal-modes","qslice-cauchy","6","188525","stopped","6000","xSquared","16.25","16.26106314779008","0.1370041873026227","true","true","PrecisionReached","22916.650160431847","514308",""
"research","unequal-modes","qslice-cauchy","6","188525","stopped","6000","y","0.0","-0.006673690269738464","0.03399526988774246","true","true","PrecisionReached","24000.0","514308",""
"research","unequal-modes","qslice-cauchy","6","188525","stopped","6000","ySquared","1.0","0.9974373852686351","0.05733772892182113","true","true","PrecisionReached","16393.472172089056","514308",""
"research","unequal-modes","qslice-cauchy","7","196444","fixed","12000","event","0.20000000000000037","0.198375","0.037762587444867525","true","true","FixedBudget","2959.6332868089166","513442",""
"research","unequal-modes","qslice-cauchy","7","196444","fixed","12000","x","-2.4","-2.413672306234651","0.30384263161330105","true","true","FixedBudget","3004.601675671206","513442",""
"research","unequal-modes","qslice-cauchy","7","196444","fixed","12000","xSquared","16.25","16.277374156070067","0.09682071010506492","true","true","FixedBudget","45564.239301234265","513442",""
"research","unequal-modes","qslice-cauchy","7","196444","fixed","12000","y","0.0","-0.0010933347216921518","0.024046044112691147","true","true","FixedBudget","47950.965914704866","513442",""
"research","unequal-modes","qslice-cauchy","7","196444","fixed","12000","ySquared","1.0","1.0021816871318898","0.040723484317653276","true","true","FixedBudget","32161.730190929273","513442",""
"research","unequal-modes","qslice-cauchy","7","196444","stopped","6000","event","0.20000000000000037","0.20279166666666668","0.05459343570816346","true","true","PrecisionReached","1439.6380872364891","513442",""
"research","unequal-modes","qslice-cauchy","7","196444","stopped","6000","x","-2.4","-2.3807472672457575","0.4394023960741536","true","true","PrecisionReached","1460.8973650859077","513442",""
"research","unequal-modes","qslice-cauchy","7","196444","stopped","6000","xSquared","16.25","16.29548660442391","0.1354071790788507","true","true","PrecisionReached","23237.838745304132","513442",""
"research","unequal-modes","qslice-cauchy","7","196444","stopped","6000","y","0.0","-9.968033045245628E-4","0.03334803607371154","true","true","PrecisionReached","24000.0","513442",""
"research","unequal-modes","qslice-cauchy","7","196444","stopped","6000","ySquared","1.0","1.0056340031707283","0.0587912325206284","true","true","PrecisionReached","15677.037227549048","513442",""
"research","unequal-modes","qslice-cauchy","8","204363","fixed","12000","event","0.20000000000000037","0.20454166666666668","0.03762889544550293","true","true","FixedBudget","3049.7166032871705","514483",""
"research","unequal-modes","qslice-cauchy","8","204363","fixed","12000","x","-2.4","-2.3640850231566386","0.30194277289348903","true","true","FixedBudget","3098.113041090314","514483",""
"research","unequal-modes","qslice-cauchy","8","204363","fixed","12000","xSquared","16.25","16.23139017394298","0.09849921646484508","true","true","FixedBudget","45764.38853496479","514483",""
"research","unequal-modes","qslice-cauchy","8","204363","fixed","12000","y","0.0","-0.0017484298253156588","0.023576014143628185","true","true","FixedBudget","48000.0","514483",""
"research","unequal-modes","qslice-cauchy","8","204363","fixed","12000","ySquared","1.0","1.0052639915434083","0.03982790092561963","true","true","FixedBudget","33589.84860832432","514483",""
"research","unequal-modes","qslice-cauchy","8","204363","stopped","6000","event","0.20000000000000037","0.21075","0.0579556633561201","true","true","PrecisionReached","1314.3246651988322","514483",""
"research","unequal-modes","qslice-cauchy","8","204363","stopped","6000","x","-2.4","-2.3154274450551307","0.46688025324783766","true","true","PrecisionReached","1324.5198503879212","514483",""
"research","unequal-modes","qslice-cauchy","8","204363","stopped","6000","xSquared","16.25","16.239409194463676","0.13940418947463198","true","true","PrecisionReached","22007.871657132306","514483",""
"research","unequal-modes","qslice-cauchy","8","204363","stopped","6000","y","0.0","-0.004258217569576051","0.0333871951757094","true","true","PrecisionReached","23949.203896234772","514483",""
"research","unequal-modes","qslice-cauchy","8","204363","stopped","6000","ySquared","1.0","1.0058808398482872","0.05599927679643715","true","true","PrecisionReached","16897.83525720508","514483",""
"research","unequal-modes","qslice-cauchy","9","212282","fixed","12000","event","0.20000000000000037","0.20510416666666667","0.03839927483641634","true","true","FixedBudget","2934.5523154167763","513600",""
"research","unequal-modes","qslice-cauchy","9","212282","fixed","12000","x","-2.4","-2.359903366988964","0.3098818900046303","true","true","FixedBudget","2958.0339361009705","513600",""
"research","unequal-modes","qslice-cauchy","9","212282","fixed","12000","xSquared","16.25","16.27181910483372","0.09628329595675175","true","true","FixedBudget","46061.37036474309","513600",""
"research","unequal-modes","qslice-cauchy","9","212282","fixed","12000","y","0.0","0.0025070553249552097","0.023885283253270696","true","true","FixedBudget","47292.930568118056","513600",""
"research","unequal-modes","qslice-cauchy","9","212282","fixed","12000","ySquared","1.0","1.0116907917079792","0.041255953970602804","true","true","FixedBudget","32408.594018862954","513600",""
"research","unequal-modes","qslice-cauchy","9","212282","stopped","6000","event","0.20000000000000037","0.21629166666666666","0.051607976488468606","true","true","PrecisionReached","1689.1679644373557","513600",""
"research","unequal-modes","qslice-cauchy","9","212282","stopped","6000","x","-2.4","-2.271038948225215","0.4156321548373725","true","true","PrecisionReached","1708.1999593907854","513600",""
"research","unequal-modes","qslice-cauchy","9","212282","stopped","6000","xSquared","16.25","16.276080474062713","0.13634196869447862","true","true","PrecisionReached","23103.81427894441","513600",""
"research","unequal-modes","qslice-cauchy","9","212282","stopped","6000","y","0.0","-0.004755965494542158","0.03491769271362445","true","true","PrecisionReached","23760.938596772598","513600",""
"research","unequal-modes","qslice-cauchy","9","212282","stopped","6000","ySquared","1.0","1.015815594073369","0.05766878058439652","true","true","PrecisionReached","16745.096763336616","513600",""
"research","unequal-modes","qslice-cauchy","10","220201","fixed","12000","event","0.20000000000000037","0.18943750000000004","0.034710877149630524","true","true","FixedBudget","3382.396238717013","513307",""
"research","unequal-modes","qslice-cauchy","10","220201","fixed","12000","x","-2.4","-2.4869327407523416","0.2792554819324155","true","true","FixedBudget","3434.9756822519967","513307",""
"research","unequal-modes","qslice-cauchy","10","220201","fixed","12000","xSquared","16.25","16.277918349219437","0.09642703895511032","true","true","FixedBudget","46419.98994351099","513307",""
"research","unequal-modes","qslice-cauchy","10","220201","fixed","12000","y","0.0","-6.375530264006724E-4","0.023836073514904528","true","true","FixedBudget","48000.0","513307",""
"research","unequal-modes","qslice-cauchy","10","220201","fixed","12000","ySquared","1.0","1.015555480474017","0.04105031876255876","true","true","FixedBudget","32095.46429111409","513307",""
"research","unequal-modes","qslice-cauchy","10","220201","stopped","6000","event","0.20000000000000037","0.18141666666666667","0.048909839064111824","true","true","PrecisionReached","1647.630640745265","513307",""
"research","unequal-modes","qslice-cauchy","10","220201","stopped","6000","x","-2.4","-2.549772281291478","0.39440525933999343","true","true","PrecisionReached","1666.595330103619","513307",""
"research","unequal-modes","qslice-cauchy","10","220201","stopped","6000","xSquared","16.25","16.269286017866914","0.1390552492028603","true","true","PrecisionReached","22838.35610838661","513307",""
"research","unequal-modes","qslice-cauchy","10","220201","stopped","6000","y","0.0","-0.005720803176314959","0.03430806593155154","true","true","PrecisionReached","24000.0","513307",""
"research","unequal-modes","qslice-cauchy","10","220201","stopped","6000","ySquared","1.0","1.0101135802214842","0.05639811298704237","true","true","PrecisionReached","16587.598860856768","513307",""
"research","unequal-modes","qslice-cauchy","11","228120","fixed","12000","event","0.20000000000000037","0.19914583333333333","0.039303327739012905","true","true","FixedBudget","2740.1176895723625","512297",""
"research","unequal-modes","qslice-cauchy","11","228120","fixed","12000","x","-2.4","-2.407524209828468","0.3156134844113233","true","true","FixedBudget","2782.223708478811","512297",""
"research","unequal-modes","qslice-cauchy","11","228120","fixed","12000","xSquared","16.25","16.23856376961949","0.09631540549651928","true","true","FixedBudget","46278.532150218605","512297",""
"research","unequal-modes","qslice-cauchy","11","228120","fixed","12000","y","0.0","-0.00195852090153964","0.023651157220775317","true","true","FixedBudget","47860.002731895765","512297",""
"research","unequal-modes","qslice-cauchy","11","228120","fixed","12000","ySquared","1.0","1.0087323811484334","0.04024978178556936","true","true","FixedBudget","33432.43653936772","512297",""
"research","unequal-modes","qslice-cauchy","11","228120","stopped","6000","event","0.20000000000000037","0.19770833333333335","0.0574165805504775","true","true","PrecisionReached","1277.0116338491332","512297",""
"research","unequal-modes","qslice-cauchy","11","228120","stopped","6000","x","-2.4","-2.4183628756536306","0.46301554139671564","true","true","PrecisionReached","1284.9914965544285","512297",""
"research","unequal-modes","qslice-cauchy","11","228120","stopped","6000","xSquared","16.25","16.22804379689689","0.1359629949582347","true","true","PrecisionReached","23010.54398427235","512297",""
"research","unequal-modes","qslice-cauchy","11","228120","stopped","6000","y","0.0","0.004592582648696525","0.034916201593510256","true","true","PrecisionReached","23786.226914521063","512297",""
"research","unequal-modes","qslice-cauchy","11","228120","stopped","6000","ySquared","1.0","1.0000129839191914","0.058432225373315536","true","true","PrecisionReached","16431.137311370574","512297",""
"research","unequal-modes","qslice-cauchy","12","236039","fixed","12000","event","0.20000000000000037","0.1956875","0.03571183318821295","true","true","FixedBudget","3275.4186152942066","513293",""
"research","unequal-modes","qslice-cauchy","12","236039","fixed","12000","x","-2.4","-2.4334187492476502","0.28623457282977105","true","true","FixedBudget","3340.4644807339328","513293",""
"research","unequal-modes","qslice-cauchy","12","236039","fixed","12000","xSquared","16.25","16.2336439445779","0.0957793199119644","true","true","FixedBudget","46621.8341427279","513293",""
"research","unequal-modes","qslice-cauchy","12","236039","fixed","12000","y","0.0","-0.003576743597510035","0.023506328978884963","true","true","FixedBudget","48000.0","513293",""
"research","unequal-modes","qslice-cauchy","12","236039","fixed","12000","ySquared","1.0","0.9993398793475905","0.040532449573780646","true","true","FixedBudget","32007.891473718963","513293",""
"research","unequal-modes","qslice-cauchy","12","236039","stopped","6000","event","0.20000000000000037","0.19095833333333334","0.05024645397551661","true","true","PrecisionReached","1624.093077253335","513293",""
"research","unequal-modes","qslice-cauchy","12","236039","stopped","6000","x","-2.4","-2.470504991377891","0.4030718876295083","true","true","PrecisionReached","1655.0969546217345","513293",""
"research","unequal-modes","qslice-cauchy","12","236039","stopped","6000","xSquared","16.25","16.23495236548747","0.13607765763918922","true","true","PrecisionReached","22903.928031924108","513293",""
"research","unequal-modes","qslice-cauchy","12","236039","stopped","6000","y","0.0","-0.012290205167385104","0.03339202349730191","true","true","PrecisionReached","23792.95052923969","513293",""
"research","unequal-modes","qslice-cauchy","12","236039","stopped","6000","ySquared","1.0","0.9997401907217689","0.05691647336106351","true","true","PrecisionReached","16152.78106959689","513293",""
"research","unequal-modes","qslice-cauchy","13","243958","fixed","12000","event","0.20000000000000037","0.19133333333333333","0.034877972086518945","true","true","FixedBudget","3375.6773237521666","513137",""
"research","unequal-modes","qslice-cauchy","13","243958","fixed","12000","x","-2.4","-2.469079120435053","0.28029217493605013","true","true","FixedBudget","3425.617605026734","513137",""
"research","unequal-modes","qslice-cauchy","13","243958","fixed","12000","xSquared","16.25","16.23681110156662","0.09568051934467534","true","true","FixedBudget","46655.57448700792","513137",""
"research","unequal-modes","qslice-cauchy","13","243958","fixed","12000","y","0.0","0.006136670272683276","0.024780185535227206","true","true","FixedBudget","46465.57367385587","513137",""
"research","unequal-modes","qslice-cauchy","13","243958","fixed","12000","ySquared","1.0","1.0013795411557393","0.04080694111199502","true","true","FixedBudget","32549.661292316145","513137",""
"research","unequal-modes","qslice-cauchy","13","243958","stopped","6000","event","0.20000000000000037","0.18420833333333334","0.047562957771210466","true","true","PrecisionReached","1763.0436965614135","513137",""
"research","unequal-modes","qslice-cauchy","13","243958","stopped","6000","x","-2.4","-2.5265532306376794","0.382264822205649","true","true","PrecisionReached","1791.0665308405123","513137",""
"research","unequal-modes","qslice-cauchy","13","243958","stopped","6000","xSquared","16.25","16.244634284718348","0.13629303576017116","true","true","PrecisionReached","23050.115407656882","513137",""
"research","unequal-modes","qslice-cauchy","13","243958","stopped","6000","y","0.0","0.008721770198292678","0.033553229259120965","true","true","PrecisionReached","23284.78040794783","513137",""
"research","unequal-modes","qslice-cauchy","13","243958","stopped","6000","ySquared","1.0","0.9877840175730458","0.057860744879076983","true","true","PrecisionReached","16208.517487745454","513137",""
"research","unequal-modes","qslice-cauchy","14","251877","fixed","12000","event","0.20000000000000037","0.19841666666666666","0.040015550946336326","true","true","FixedBudget","2636.1639997930306","514146",""
"research","unequal-modes","qslice-cauchy","14","251877","fixed","12000","x","-2.4","-2.4127260465342646","0.32065067397399577","true","true","FixedBudget","2691.564430675227","514146",""
"research","unequal-modes","qslice-cauchy","14","251877","fixed","12000","xSquared","16.25","16.248403580321014","0.09424123274803368","true","true","FixedBudget","47381.03556970826","514146",""
"research","unequal-modes","qslice-cauchy","14","251877","fixed","12000","y","0.0","0.011597988904206435","0.023596935920135974","true","true","FixedBudget","48000.0","514146",""
"research","unequal-modes","qslice-cauchy","14","251877","fixed","12000","ySquared","1.0","1.0071804125929515","0.043693076261377","true","true","FixedBudget","31566.81148459656","514146",""
"research","unequal-modes","qslice-cauchy","14","251877","stopped","6000","event","0.20000000000000037","0.1915","0.05338551670711118","true","true","PrecisionReached","1441.8303000099188","514146",""
"research","unequal-modes","qslice-cauchy","14","251877","stopped","6000","x","-2.4","-2.4682154388921482","0.4280336784289096","true","true","PrecisionReached","1473.4654439325157","514146",""
"research","unequal-modes","qslice-cauchy","14","251877","stopped","6000","xSquared","16.25","16.263554383238677","0.1395945869965709","true","true","PrecisionReached","23055.114682380292","514146",""
"research","unequal-modes","qslice-cauchy","14","251877","stopped","6000","y","0.0","0.011136337665679341","0.03481152796780488","true","true","PrecisionReached","23730.025329261396","514146",""
"research","unequal-modes","qslice-cauchy","14","251877","stopped","6000","ySquared","1.0","0.9968628406885789","0.05731729181013528","true","true","PrecisionReached","16443.15289214733","514146",""
"research","unequal-modes","qslice-cauchy","15","259796","fixed","12000","event","0.20000000000000037","0.19381250000000005","0.037539522340815805","true","true","FixedBudget","2942.6835228926293","513979",""
"research","unequal-modes","qslice-cauchy","15","259796","fixed","12000","x","-2.4","-2.449251781473869","0.30030378755429715","true","true","FixedBudget","3015.9816510212304","513979",""
"research","unequal-modes","qslice-cauchy","15","259796","fixed","12000","xSquared","16.25","16.247023050397104","0.09520826108211441","true","true","FixedBudget","47368.88884007304","513979",""
"research","unequal-modes","qslice-cauchy","15","259796","fixed","12000","y","0.0","0.0035017850559579955","0.02412885013237999","true","true","FixedBudget","47925.56230701755","513979",""
"research","unequal-modes","qslice-cauchy","15","259796","fixed","12000","ySquared","1.0","0.997054629752059","0.04057913829609317","true","true","FixedBudget","32029.655496451873","513979",""
"research","unequal-modes","qslice-cauchy","15","259796","stopped","6000","event","0.20000000000000037","0.1994583333333333","0.05507647242744244","true","true","PrecisionReached","1397.0634804993733","513979",""
"research","unequal-modes","qslice-cauchy","15","259796","stopped","6000","x","-2.4","-2.401246547826755","0.4400690345853349","true","true","PrecisionReached","1433.008837554624","513979",""
"research","unequal-modes","qslice-cauchy","15","259796","stopped","6000","xSquared","16.25","16.222290000147368","0.13630314147826988","true","true","PrecisionReached","22834.36791745524","513979",""
"research","unequal-modes","qslice-cauchy","15","259796","stopped","6000","y","0.0","1.2148297383829387E-5","0.033640849381400516","true","true","PrecisionReached","23228.797754770967","513979",""
"research","unequal-modes","qslice-cauchy","15","259796","stopped","6000","ySquared","1.0","0.990486114165045","0.05773694390626061","true","true","PrecisionReached","15688.027544944807","513979",""
"research","unequal-modes","qslice-cauchy","16","267715","fixed","12000","event","0.20000000000000037","0.21497916666666667","0.038716977606743155","true","true","FixedBudget","2987.981204809741","514255",""
"research","unequal-modes","qslice-cauchy","16","267715","fixed","12000","x","-2.4","-2.281663449290961","0.31076778290962986","true","true","FixedBudget","3034.8338981458546","514255",""
"research","unequal-modes","qslice-cauchy","16","267715","fixed","12000","xSquared","16.25","16.249411081518552","0.09348165299982808","true","true","FixedBudget","47624.39248024754","514255",""
"research","unequal-modes","qslice-cauchy","16","267715","fixed","12000","y","0.0","0.0021413085709710566","0.023649494140104223","true","true","FixedBudget","47387.706467407384","514255",""
"research","unequal-modes","qslice-cauchy","16","267715","fixed","12000","ySquared","1.0","0.9986382504472117","0.04102824864190786","true","true","FixedBudget","31799.06257992253","514255",""
"research","unequal-modes","qslice-cauchy","16","267715","stopped","6000","event","0.20000000000000037","0.21325","0.05572856758714988","true","true","PrecisionReached","1433.7792047347004","514255",""
"research","unequal-modes","qslice-cauchy","16","267715","stopped","6000","x","-2.4","-2.2964547670747826","0.4478310732781414","true","true","PrecisionReached","1452.5181425116782","514255",""
"research","unequal-modes","qslice-cauchy","16","267715","stopped","6000","xSquared","16.25","16.249544504055883","0.1350126029181143","true","true","PrecisionReached","23055.25495899119","514255",""
"research","unequal-modes","qslice-cauchy","16","267715","stopped","6000","y","0.0","-0.002478647144166346","0.03370165547051071","true","true","PrecisionReached","23836.714110012195","514255",""
"research","unequal-modes","qslice-cauchy","16","267715","stopped","6000","ySquared","1.0","1.0093388383970587","0.05972911772630988","true","true","PrecisionReached","15753.653772115349","514255",""
"research","unequal-modes","qslice-cauchy","17","275634","fixed","12000","event","0.20000000000000037","0.21527083333333333","0.04009654834206008","true","true","FixedBudget","2788.6512715202894","513788",""
"research","unequal-modes","qslice-cauchy","17","275634","fixed","12000","x","-2.4","-2.279704280188776","0.3213466191808455","true","true","FixedBudget","2846.702489772435","513788",""
"research","unequal-modes","qslice-cauchy","17","275634","fixed","12000","xSquared","16.25","16.27313847120953","0.09548486102521225","true","true","FixedBudget","46049.79990340638","513788",""
"research","unequal-modes","qslice-cauchy","17","275634","fixed","12000","y","0.0","-3.4089301466710964E-4","0.02375997633723498","true","true","FixedBudget","47986.80540886574","513788",""
"research","unequal-modes","qslice-cauchy","17","275634","fixed","12000","ySquared","1.0","1.0075146839468063","0.041141539229240465","true","true","FixedBudget","31563.547106656348","513788",""
"research","unequal-modes","qslice-cauchy","17","275634","stopped","6000","event","0.20000000000000037","0.22045833333333334","0.05852204607577884","true","true","PrecisionReached","1331.8002623390844","513788",""
"research","unequal-modes","qslice-cauchy","17","275634","stopped","6000","x","-2.4","-2.235636831686552","0.4691902048600094","true","true","PrecisionReached","1359.5532416969556","513788",""
"research","unequal-modes","qslice-cauchy","17","275634","stopped","6000","xSquared","16.25","16.2747673761114","0.13595793993845934","true","true","PrecisionReached","23224.15003307867","513788",""
"research","unequal-modes","qslice-cauchy","17","275634","stopped","6000","y","0.0","0.007237025949818177","0.03376248161186816","true","true","PrecisionReached","23805.80909184444","513788",""
"research","unequal-modes","qslice-cauchy","17","275634","stopped","6000","ySquared","1.0","0.9992873597395711","0.05868033140080986","true","true","PrecisionReached","15850.98172618523","513788",""
"research","unequal-modes","qslice-cauchy","18","283553","fixed","12000","event","0.20000000000000037","0.19827083333333334","0.03612786919416458","true","true","FixedBudget","3232.2505502119852","515401",""
"research","unequal-modes","qslice-cauchy","18","283553","fixed","12000","x","-2.4","-2.417582849473514","0.289590326848862","true","true","FixedBudget","3294.9123221750365","515401",""
"research","unequal-modes","qslice-cauchy","18","283553","fixed","12000","xSquared","16.25","16.256098062700566","0.09562209351124724","true","true","FixedBudget","46786.849499345306","515401",""
"research","unequal-modes","qslice-cauchy","18","283553","fixed","12000","y","0.0","0.0015798288169251995","0.02349484680903672","true","true","FixedBudget","48000.0","515401",""
"research","unequal-modes","qslice-cauchy","18","283553","fixed","12000","ySquared","1.0","0.9983535351179498","0.04069692296057306","true","true","FixedBudget","32142.600037901553","515401",""
"research","unequal-modes","qslice-cauchy","18","283553","stopped","6000","event","0.20000000000000037","0.19779166666666667","0.04924026463267565","true","true","PrecisionReached","1736.8673408232785","515401",""
"research","unequal-modes","qslice-cauchy","18","283553","stopped","6000","x","-2.4","-2.4259740477030114","0.3939002929552757","true","true","PrecisionReached","1777.947603110968","515401",""
"research","unequal-modes","qslice-cauchy","18","283553","stopped","6000","xSquared","16.25","16.27926886681084","0.14022416543749314","true","true","PrecisionReached","23623.010049920074","515401",""
"research","unequal-modes","qslice-cauchy","18","283553","stopped","6000","y","0.0","-3.325411829170899E-4","0.035175674760678864","true","true","PrecisionReached","23409.21802782607","515401",""
"research","unequal-modes","qslice-cauchy","18","283553","stopped","6000","ySquared","1.0","0.9872563102104523","0.0564851579315895","true","true","PrecisionReached","16290.728202854154","515401",""
"research","unequal-modes","qslice-cauchy","19","291472","fixed","12000","event","0.20000000000000037","0.20174999999999998","0.03758978803834995","true","true","FixedBudget","3024.934083481451","512846",""
"research","unequal-modes","qslice-cauchy","19","291472","fixed","12000","x","-2.4","-2.38174425436939","0.30225730152265856","true","true","FixedBudget","3058.4324902258254","512846",""
"research","unequal-modes","qslice-cauchy","19","291472","fixed","12000","xSquared","16.25","16.20078873269441","0.0980148174380833","false","true","FixedBudget","46256.33680581726","512846",""
"research","unequal-modes","qslice-cauchy","19","291472","fixed","12000","y","0.0","0.00393555058257089","0.02351537027589664","true","true","FixedBudget","47539.442843937606","512846",""
"research","unequal-modes","qslice-cauchy","19","291472","fixed","12000","ySquared","1.0","0.9905156082271576","0.04119257980211061","true","true","FixedBudget","30716.986772630426","512846",""
"research","unequal-modes","qslice-cauchy","19","291472","stopped","6000","event","0.20000000000000037","0.19229166666666664","0.05255495214596064","true","true","PrecisionReached","1492.4506648546947","512846",""
"research","unequal-modes","qslice-cauchy","19","291472","stopped","6000","x","-2.4","-2.4557077598170007","0.42392231495083643","true","true","PrecisionReached","1503.7496863700362","512846",""
"research","unequal-modes","qslice-cauchy","19","291472","stopped","6000","xSquared","16.25","16.212565469433294","0.1359620271282998","true","true","PrecisionReached","23323.965915456618","512846",""
"research","unequal-modes","qslice-cauchy","19","291472","stopped","6000","y","0.0","-0.009521838713521524","0.03443067485782932","true","true","PrecisionReached","23558.9494825326","512846",""
"research","unequal-modes","qslice-cauchy","19","291472","stopped","6000","ySquared","1.0","0.9839591255607762","0.0581732998569367","true","true","PrecisionReached","16217.174107829696","512846",""
"research","unequal-modes","qslice-cauchy","20","299391","fixed","12000","event","0.20000000000000037","0.19781249999999995","0.03689012295193501","true","true","FixedBudget","3094.6576737860896","513930",""
"research","unequal-modes","qslice-cauchy","20","299391","fixed","12000","x","-2.4","-2.421287491916762","0.2960114570299794","true","true","FixedBudget","3150.8669242949945","513930",""
"research","unequal-modes","qslice-cauchy","20","299391","fixed","12000","xSquared","16.25","16.26528113912925","0.10004851090245889","true","true","FixedBudget","46307.048509410335","513930",""
"research","unequal-modes","qslice-cauchy","20","299391","fixed","12000","y","0.0","-8.356425918879529E-4","0.024021375179384408","true","true","FixedBudget","46394.821807209","513930",""
"research","unequal-modes","qslice-cauchy","20","299391","fixed","12000","ySquared","1.0","1.0087007551766134","0.04380949829299773","true","true","FixedBudget","29001.55978677624","513930",""
"research","unequal-modes","qslice-cauchy","20","299391","stopped","6000","event","0.20000000000000037","0.18508333333333338","0.05178297935119517","true","true","PrecisionReached","1492.8586567757584","513930",""
"research","unequal-modes","qslice-cauchy","20","299391","stopped","6000","x","-2.4","-2.5207967738841255","0.4161623369982868","true","true","PrecisionReached","1519.0667901322363","513930",""
"research","unequal-modes","qslice-cauchy","20","299391","stopped","6000","xSquared","16.25","16.267075459030018","0.13816535181526465","true","true","PrecisionReached","23654.14880623695","513930",""
"research","unequal-modes","qslice-cauchy","20","299391","stopped","6000","y","0.0","-2.1030053378445768E-4","0.035272784772680206","true","true","PrecisionReached","22140.337021911353","513930",""
"research","unequal-modes","qslice-cauchy","20","299391","stopped","6000","ySquared","1.0","1.005524143816356","0.06448086806545322","true","true","PrecisionReached","14881.046915390865","513930",""
"research","unequal-modes","qslice-cauchy","21","307310","fixed","12000","event","0.20000000000000037","0.19564583333333332","0.036193525231539944","true","true","FixedBudget","3188.3012317208386","513655",""
"research","unequal-modes","qslice-cauchy","21","307310","fixed","12000","x","-2.4","-2.4372533401561043","0.2916524408274911","true","true","FixedBudget","3223.0142895341623","513655",""
"research","unequal-modes","qslice-cauchy","21","307310","fixed","12000","xSquared","16.25","16.26996460663785","0.09798721579579085","true","true","FixedBudget","45371.6318926442","513655",""
"research","unequal-modes","qslice-cauchy","21","307310","fixed","12000","y","0.0","-0.005468023844513573","0.023775667819150848","true","true","FixedBudget","47908.2213766062","513655",""
"research","unequal-modes","qslice-cauchy","21","307310","fixed","12000","ySquared","1.0","1.020434241661832","0.04256922334540932","true","true","FixedBudget","30517.829828650694","513655",""
"research","unequal-modes","qslice-cauchy","21","307310","stopped","6000","event","0.20000000000000037","0.20641666666666666","0.05422109575954037","true","true","PrecisionReached","1478.811997173312","513655",""
"research","unequal-modes","qslice-cauchy","21","307310","stopped","6000","x","-2.4","-2.352232599141626","0.4382433598198785","true","true","PrecisionReached","1487.0158165267412","513655",""
"research","unequal-modes","qslice-cauchy","21","307310","stopped","6000","xSquared","16.25","16.29353731154592","0.1463874361870364","true","true","PrecisionReached","22764.04662102564","513655",""
"research","unequal-modes","qslice-cauchy","21","307310","stopped","6000","y","0.0","-0.004383755141719778","0.03336601782547661","true","true","PrecisionReached","24000.0","513655",""
"research","unequal-modes","qslice-cauchy","21","307310","stopped","6000","ySquared","1.0","1.006737023486507","0.05980558156830175","true","true","PrecisionReached","15348.707584283049","513655",""
"research","unequal-modes","qslice-cauchy","22","315229","fixed","12000","event","0.20000000000000037","0.2125","0.03811646755157838","true","true","FixedBudget","3056.943445192482","513307",""
"research","unequal-modes","qslice-cauchy","22","315229","fixed","12000","x","-2.4","-2.3009146213362395","0.30601909345539746","true","true","FixedBudget","3109.1206054260047","513307",""
"research","unequal-modes","qslice-cauchy","22","315229","fixed","12000","xSquared","16.25","16.264834332622534","0.10446155178150289","true","true","FixedBudget","45755.463122067056","513307",""
"research","unequal-modes","qslice-cauchy","22","315229","fixed","12000","y","0.0","0.0022394528742482045","0.023708329412427828","true","true","FixedBudget","47992.85757535277","513307",""
"research","unequal-modes","qslice-cauchy","22","315229","fixed","12000","ySquared","1.0","0.9900261246158775","0.04019659048896213","true","true","FixedBudget","32014.765054438565","513307",""
"research","unequal-modes","qslice-cauchy","22","315229","stopped","6000","event","0.20000000000000037","0.19983333333333334","0.052187379297765624","true","true","PrecisionReached","1558.223170840984","513307",""
"research","unequal-modes","qslice-cauchy","22","315229","stopped","6000","x","-2.4","-2.401835507236009","0.4200143287637695","true","true","PrecisionReached","1585.4398034082349","513307",""
"research","unequal-modes","qslice-cauchy","22","315229","stopped","6000","xSquared","16.25","16.30699651022496","0.13808476783645124","true","true","PrecisionReached","22581.536532028946","513307",""
"research","unequal-modes","qslice-cauchy","22","315229","stopped","6000","y","0.0","0.0010930603117602633","0.035331942611504984","true","true","PrecisionReached","23178.354416046546","513307",""
"research","unequal-modes","qslice-cauchy","22","315229","stopped","6000","ySquared","1.0","0.9801412257041024","0.05580622505874661","true","true","PrecisionReached","16688.31240009886","513307",""
"research","unequal-modes","qslice-cauchy","23","323148","fixed","12000","event","0.20000000000000037","0.19833333333333333","0.038206702198139646","true","true","FixedBudget","2890.7705976224333","513352",""
"research","unequal-modes","qslice-cauchy","23","323148","fixed","12000","x","-2.4","-2.4137436115677393","0.3069440359161666","true","true","FixedBudget","2934.9534715393575","513352",""
"research","unequal-modes","qslice-cauchy","23","323148","fixed","12000","xSquared","16.25","16.244927500201783","0.09876117792563316","true","true","FixedBudget","44023.18810776286","513352",""
"research","unequal-modes","qslice-cauchy","23","323148","fixed","12000","y","0.0","-0.0025324285296774995","0.023985216704164886","true","true","FixedBudget","47871.052900402305","513352",""
"research","unequal-modes","qslice-cauchy","23","323148","fixed","12000","ySquared","1.0","1.0112077923046334","0.03945565889122813","true","true","FixedBudget","33327.98868374979","513352",""
"research","unequal-modes","qslice-cauchy","23","323148","stopped","4000","event","0.20000000000000037","0.1816875","0.057079635718645216","true","true","PrecisionReached","1211.1645295593312","513352",""
"research","unequal-modes","qslice-cauchy","23","323148","stopped","4000","x","-2.4","-2.549060017047719","0.4568236910937104","true","true","PrecisionReached","1240.6434415401754","513352",""
"research","unequal-modes","qslice-cauchy","23","323148","stopped","4000","xSquared","16.25","16.252609322486627","0.1708720795932406","true","true","PrecisionReached","14747.563270458231","513352",""
"research","unequal-modes","qslice-cauchy","23","323148","stopped","4000","y","0.0","0.0026899580895243247","0.0426164538488604","true","true","PrecisionReached","15403.176467440933","513352",""
"research","unequal-modes","qslice-cauchy","23","323148","stopped","4000","ySquared","1.0","1.0146665535779635","0.06828457503409892","true","true","PrecisionReached","11045.668403874171","513352",""
"research","unequal-modes","qslice-cauchy","24","331067","fixed","12000","event","0.20000000000000037","0.19335416666666666","0.03615355122917605","true","true","FixedBudget","3166.924448559699","512925",""
"research","unequal-modes","qslice-cauchy","24","331067","fixed","12000","x","-2.4","-2.4527082474735544","0.2905046253520092","true","true","FixedBudget","3219.5092761103106","512925",""
"research","unequal-modes","qslice-cauchy","24","331067","fixed","12000","xSquared","16.25","16.253246410296132","0.09744226704067382","true","true","FixedBudget","45746.589774673004","512925",""
"research","unequal-modes","qslice-cauchy","24","331067","fixed","12000","y","0.0","0.0108904215381036","0.023662412401735677","true","true","FixedBudget","47650.45685695623","512925",""
"research","unequal-modes","qslice-cauchy","24","331067","fixed","12000","ySquared","1.0","1.0001708393371247","0.04061230995039124","true","true","FixedBudget","32407.451056943573","512925",""
"research","unequal-modes","qslice-cauchy","24","331067","stopped","6000","event","0.20000000000000037","0.18791666666666668","0.051873552576497624","true","true","PrecisionReached","1505.1721028625539","512925",""
"research","unequal-modes","qslice-cauchy","24","331067","stopped","6000","x","-2.4","-2.4927012098210506","0.4168279072368634","true","true","PrecisionReached","1534.310308558309","512925",""
"research","unequal-modes","qslice-cauchy","24","331067","stopped","6000","xSquared","16.25","16.2577403685799","0.14391848573221983","true","true","PrecisionReached","22451.092525416992","512925",""
"research","unequal-modes","qslice-cauchy","24","331067","stopped","6000","y","0.0","0.015296023883402954","0.03329725343792929","true","true","PrecisionReached","24000.0","512925",""
"research","unequal-modes","qslice-cauchy","24","331067","stopped","6000","ySquared","1.0","1.0028065391479233","0.05664808516376873","true","true","PrecisionReached","16773.932778920556","512925",""
"research","unequal-modes","qslice-cauchy","25","338986","fixed","12000","event","0.20000000000000037","0.19289583333333332","0.036665049259888345","true","true","FixedBudget","3073.626478273719","514317",""
"research","unequal-modes","qslice-cauchy","25","338986","fixed","12000","x","-2.4","-2.455644437645493","0.2943214471978464","true","true","FixedBudget","3127.5199418286184","514317",""
"research","unequal-modes","qslice-cauchy","25","338986","fixed","12000","xSquared","16.25","16.238190740531415","0.09736511181690613","true","true","FixedBudget","45084.64112232697","514317",""
"research","unequal-modes","qslice-cauchy","25","338986","fixed","12000","y","0.0","-0.0015394165747891764","0.024244787263454505","true","true","FixedBudget","46128.26248538602","514317",""
"research","unequal-modes","qslice-cauchy","25","338986","fixed","12000","ySquared","1.0","0.9966124139251686","0.04083545418141344","true","true","FixedBudget","32161.306740102347","514317",""
"research","unequal-modes","qslice-cauchy","25","338986","stopped","6000","event","0.20000000000000037","0.18925","0.049430422168275076","true","true","PrecisionReached","1666.6578519888692","514317",""
"research","unequal-modes","qslice-cauchy","25","338986","stopped","6000","x","-2.4","-2.4853149285267895","0.3970294406313229","true","true","PrecisionReached","1697.6772773050768","514317",""
"research","unequal-modes","qslice-cauchy","25","338986","stopped","6000","xSquared","16.25","16.25975653515628","0.13793309371575155","true","true","PrecisionReached","22720.334385285056","514317",""
"research","unequal-modes","qslice-cauchy","25","338986","stopped","6000","y","0.0","0.0035014276502241537","0.03475848290870191","true","true","PrecisionReached","22566.83179667164","514317",""
"research","unequal-modes","qslice-cauchy","25","338986","stopped","6000","ySquared","1.0","0.9977519342269271","0.05737801174682475","true","true","PrecisionReached","16209.258535868763","514317",""
"research","unequal-modes","qslice-cauchy","26","346905","fixed","12000","event","0.20000000000000037","0.1924375","0.03658236468311161","true","true","FixedBudget","3081.9493622217283","514510",""
"research","unequal-modes","qslice-cauchy","26","346905","fixed","12000","x","-2.4","-2.4591056194487804","0.29376269632317503","true","true","FixedBudget","3127.2212302108605","514510",""
"research","unequal-modes","qslice-cauchy","26","346905","fixed","12000","xSquared","16.25","16.215508594832396","0.09620377731524261","true","true","FixedBudget","46010.175458335536","514510",""
"research","unequal-modes","qslice-cauchy","26","346905","fixed","12000","y","0.0","0.005821838944288449","0.02464315144602089","true","true","FixedBudget","47151.884314786956","514510",""
"research","unequal-modes","qslice-cauchy","26","346905","fixed","12000","ySquared","1.0","0.9953018493608857","0.040923498585656415","true","true","FixedBudget","31918.897074608616","514510",""
"research","unequal-modes","qslice-cauchy","26","346905","stopped","6000","event","0.20000000000000037","0.188875","0.05019014023292132","true","true","PrecisionReached","1614.126965046808","514510",""
"research","unequal-modes","qslice-cauchy","26","346905","stopped","6000","x","-2.4","-2.48784269844167","0.4019723870024142","true","true","PrecisionReached","1644.410275023583","514510",""
"research","unequal-modes","qslice-cauchy","26","346905","stopped","6000","xSquared","16.25","16.20065901446257","0.1370582385802632","true","true","PrecisionReached","22578.42859806133","514510",""
"research","unequal-modes","qslice-cauchy","26","346905","stopped","6000","y","0.0","-0.001045231620579845","0.03652108746030858","true","true","PrecisionReached","23626.954698276317","514510",""
"research","unequal-modes","qslice-cauchy","26","346905","stopped","6000","ySquared","1.0","0.9902196876675317","0.05624468611814238","true","true","PrecisionReached","16747.42566666592","514510",""
"research","unequal-modes","qslice-cauchy","27","354824","fixed","12000","event","0.20000000000000037","0.18925","0.03620259249717137","true","true","FixedBudget","3107.0389687096217","514571",""
"research","unequal-modes","qslice-cauchy","27","354824","fixed","12000","x","-2.4","-2.4892154420969423","0.2908283808246191","true","true","FixedBudget","3162.2881349328995","514571",""
"research","unequal-modes","qslice-cauchy","27","354824","fixed","12000","xSquared","16.25","16.27413450420717","0.09582149452293241","true","true","FixedBudget","46293.73596884332","514571",""
"research","unequal-modes","qslice-cauchy","27","354824","fixed","12000","y","0.0","0.007587761404507565","0.02378450924978467","true","true","FixedBudget","48000.0","514571",""
"research","unequal-modes","qslice-cauchy","27","354824","fixed","12000","ySquared","1.0","0.9986425374371292","0.04115902003948866","true","true","FixedBudget","32196.852188146604","514571",""
"research","unequal-modes","qslice-cauchy","27","354824","stopped","6000","event","0.20000000000000037","0.176375","0.04976756540297631","true","true","PrecisionReached","1556.6321719817295","514571",""
"research","unequal-modes","qslice-cauchy","27","354824","stopped","6000","x","-2.4","-2.5920714765355544","0.3996424606170646","true","true","PrecisionReached","1588.223419179251","514571",""
"research","unequal-modes","qslice-cauchy","27","354824","stopped","6000","xSquared","16.25","16.276296930294723","0.14547779690682705","true","true","PrecisionReached","23349.205634052283","514571",""
"research","unequal-modes","qslice-cauchy","27","354824","stopped","6000","y","0.0","0.010414464710247984","0.034008285861871296","true","true","PrecisionReached","24000.0","514571",""
"research","unequal-modes","qslice-cauchy","27","354824","stopped","6000","ySquared","1.0","0.9984860150813546","0.05729729805421386","true","true","PrecisionReached","16276.131332347051","514571",""
"research","unequal-modes","qslice-cauchy","28","362743","fixed","12000","event","0.20000000000000037","0.1946458333333333","0.03591981837699911","true","true","FixedBudget","3224.5339636828744","513478",""
"research","unequal-modes","qslice-cauchy","28","362743","fixed","12000","x","-2.4","-2.4447681585084027","0.28851159072749477","true","true","FixedBudget","3284.440537313058","513478",""
"research","unequal-modes","qslice-cauchy","28","362743","fixed","12000","xSquared","16.25","16.278018214239225","0.09670161748473774","true","true","FixedBudget","45936.23749291307","513478",""
"research","unequal-modes","qslice-cauchy","28","362743","fixed","12000","y","0.0","-0.0014404762248280134","0.02396872631971058","true","true","FixedBudget","46900.85528433783","513478",""
"research","unequal-modes","qslice-cauchy","28","362743","fixed","12000","ySquared","1.0","1.0152391689931317","0.04199229798311594","true","true","FixedBudget","32631.948608977837","513478",""
"research","unequal-modes","qslice-cauchy","28","362743","stopped","6000","event","0.20000000000000037","0.19795833333333335","0.05169376485939098","true","true","PrecisionReached","1576.909029394052","513478",""
"research","unequal-modes","qslice-cauchy","28","362743","stopped","6000","x","-2.4","-2.423310896924514","0.41581521749305556","true","true","PrecisionReached","1602.3612532083757","513478",""
"research","unequal-modes","qslice-cauchy","28","362743","stopped","6000","xSquared","16.25","16.31119651156211","0.13887641282705904","true","true","PrecisionReached","23036.748218399327","513478",""
"research","unequal-modes","qslice-cauchy","28","362743","stopped","6000","y","0.0","-0.001989832664417268","0.03542837535398076","true","true","PrecisionReached","23275.713220819925","513478",""
"research","unequal-modes","qslice-cauchy","28","362743","stopped","6000","ySquared","1.0","1.0025979070945672","0.05681955266327235","true","true","PrecisionReached","16772.574865351722","513478",""
"research","unequal-modes","qslice-cauchy","29","370662","fixed","12000","event","0.20000000000000037","0.20297916666666665","0.036388386631141745","true","true","FixedBudget","3242.640003298719","512712",""
"research","unequal-modes","qslice-cauchy","29","370662","fixed","12000","x","-2.4","-2.3728459934480526","0.29260584117228583","true","true","FixedBudget","3290.6732477902224","512712",""
"research","unequal-modes","qslice-cauchy","29","370662","fixed","12000","xSquared","16.25","16.24607142448233","0.09578557091122367","true","true","FixedBudget","47081.425241076126","512712",""
"research","unequal-modes","qslice-cauchy","29","370662","fixed","12000","y","0.0","0.0012952469672495859","0.0237299960236649","true","true","FixedBudget","48000.0","512712",""
"research","unequal-modes","qslice-cauchy","29","370662","fixed","12000","ySquared","1.0","1.0184368038700002","0.04192886206129947","true","true","FixedBudget","31468.50835163405","512712",""
"research","unequal-modes","qslice-cauchy","29","370662","stopped","6000","event","0.20000000000000037","0.20391666666666666","0.05077092611296784","true","true","PrecisionReached","1671.4497729353443","512712",""
"research","unequal-modes","qslice-cauchy","29","370662","stopped","6000","x","-2.4","-2.3672146089599186","0.40773682987695087","true","true","PrecisionReached","1700.4384995125838","512712",""
"research","unequal-modes","qslice-cauchy","29","370662","stopped","6000","xSquared","16.25","16.255150926311654","0.13628065743856616","true","true","PrecisionReached","23503.177763709802","512712",""
"research","unequal-modes","qslice-cauchy","29","370662","stopped","6000","y","0.0","-0.003621880028621849","0.03344695776626484","true","true","PrecisionReached","24000.0","512712",""
"research","unequal-modes","qslice-cauchy","29","370662","stopped","6000","ySquared","1.0","1.011621079943215","0.05801084459427154","true","true","PrecisionReached","16013.56483205739","512712",""
