jvm,seed,model,draws,method,mean,truth,ess,nanos,heap_delta
0,0,0,2000,0,0.49557673317536,0.5,1483.999834413575,37115300,16777216
0,0,0,2000,1,0.50373102734628,0.5,1479.6373190959553,7224600,4194304
0,0,0,2000,2,0.50373102734628,0.5,1479.6373190959553,4416200,0
0,0,0,2000,3,0.50373102734628,0.5,1479.6373190959553,4303600,4194304
0,0,0,20000,0,0.4974411011333865,0.5,14638.115936951406,190049500,-667854232
0,0,0,20000,1,0.507144495168095,0.5,14759.018173396658,13217000,12582912
0,0,0,20000,2,0.507144495168095,0.5,14759.018173396658,21200300,12582912
0,0,0,20000,3,0.507144495168095,0.5,14759.018173396658,18219500,12582912
0,0,1,2000,0,0.9872085553387954,0.9900990099009901,180.7335182491474,17566300,16777216
0,0,1,2000,1,0.9946849294380982,0.9900990099009901,179.5648788857563,1481800,4194304
0,0,1,2000,2,0.9946849294380982,0.9900990099009901,179.5648788857563,2284300,0
0,0,1,2000,3,0.9946849294380982,0.9900990099009901,179.5648788857563,2099400,4194304
0,0,1,20000,0,0.9861927269593268,0.9900990099009901,1719.6917238360024,106647500,150994944
0,0,1,20000,1,0.9898101136716773,0.9900990099009901,1741.2182190439826,8602900,12582912
0,0,1,20000,2,0.9898101136716773,0.9900990099009901,1741.2182190439826,7907100,12582912
0,0,1,20000,3,0.9898101136716773,0.9900990099009901,1741.2182190439826,7527200,12582912
0,0,2,2000,0,0.49252225446891956,0.49679988368583794,1489.5756833838605,81908700,62914560
0,0,2,2000,1,0.5005747189893939,0.49679988368583794,1485.2885258183135,10562800,4194304
0,0,2,2000,2,0.5005747189893939,0.49679988368583794,1485.2885258183135,14233700,0
0,0,2,2000,3,0.5005747189893939,0.49679988368583794,1485.2885258183135,10890400,4194304
0,0,2,20000,0,0.4941971903520817,0.49679988368583794,14695.781307608037,206855000,-65554704
0,0,2,20000,1,0.5039833445137045,0.49679988368583794,14815.722162872124,11828700,12582912
0,0,2,20000,2,0.5039833445137045,0.49679988368583794,14815.722162872124,9884700,8388608
0,0,2,20000,3,0.5039833445137045,0.49679988368583794,14815.722162872124,7402400,16777216
0,1,0,2000,3,0.49833476011728506,0.5,1451.651673672513,1065100,0
0,1,0,2000,2,0.49833476011728506,0.5,1451.651673672513,1072500,4194304
0,1,0,2000,1,0.49833476011728506,0.5,1451.651673672513,862900,0
0,1,0,2000,0,0.4998406661460387,0.5,1451.9272145276957,8377600,16777216
0,1,0,20000,3,0.5030571219272437,0.5,14662.854958246624,5691800,12582912
0,1,0,20000,2,0.5030571219272437,0.5,14662.854958246624,4933000,12582912
0,1,0,20000,1,0.5030571219272437,0.5,14662.854958246624,4894900,8388608
0,1,0,20000,0,0.5089465764105521,0.5,14671.025039626962,42174100,150994944
0,1,1,2000,3,0.989352506383413,0.9900990099009901,170.5556728410318,1602700,4194304
0,1,1,2000,2,0.989352506383413,0.9900990099009901,170.5556728410318,986900,0
0,1,1,2000,1,0.989352506383413,0.9900990099009901,170.5556728410318,694300,4194304
0,1,1,2000,0,0.9962865683188258,0.9900990099009901,166.90177912867208,7083300,12582912
0,1,1,20000,3,0.9915291897046976,0.9900990099009901,1682.7628196823105,5022800,16777216
0,1,1,20000,2,0.9915291897046976,0.9900990099009901,1682.7628196823105,4604800,8388608
0,1,1,20000,1,0.9915291897046976,0.9900990099009901,1682.7628196823105,5138800,12582912
0,1,1,20000,0,0.9928618822344562,0.9900990099009901,1782.608557052126,51866900,-618522336
0,1,2,2000,3,0.495085771379185,0.49679988368583794,1457.493850750301,1812600,4194304
0,1,2,2000,2,0.495085771379185,0.49679988368583794,1457.493850750301,1313300,4194304
0,1,2,2000,1,0.495085771379185,0.49679988368583794,1457.493850750301,1390000,0
0,1,2,2000,0,0.4964610476146426,0.49679988368583794,1457.8451467107996,21958900,83886080
0,1,2,20000,3,0.4998405447301294,0.49679988368583794,14719.953091973313,7632500,12582912
0,1,2,20000,2,0.4998405447301294,0.49679988368583794,14719.953091973313,7919000,12582912
0,1,2,20000,1,0.4998405447301294,0.49679988368583794,14719.953091973313,11933700,12582912
0,1,2,20000,0,0.5057429651415495,0.49679988368583794,14728.06161440678,206269500,41433216
0,2,0,2000,0,0.5012260829982775,0.5,1456.9982430720286,6971500,12582912
0,2,0,2000,1,0.48389318805950415,0.5,1464.6074874231551,830500,4194304
0,2,0,2000,2,0.48389318805950415,0.5,1464.6074874231551,1354200,4194304
0,2,0,2000,3,0.48389318805950415,0.5,1464.6074874231551,1056800,4194304
0,2,0,20000,0,0.503727998951877,0.5,14688.808691813023,41790400,146800640
0,2,0,20000,1,0.5008169838184251,0.5,14700.5590809097,5259400,12582912
0,2,0,20000,2,0.5008169838184251,0.5,14700.5590809097,5135700,12582912
0,2,0,20000,3,0.5008169838184251,0.5,14700.5590809097,5022700,16777216
0,2,1,2000,0,0.9965619113212206,0.9900990099009901,176.37080850272946,5878200,16777216
0,2,1,2000,1,0.9900932545964772,0.9900990099009901,171.68286045825948,748700,0
0,2,1,2000,2,0.9900932545964772,0.9900990099009901,171.68286045825948,1082500,4194304
0,2,1,2000,3,0.9900932545964772,0.9900990099009901,171.68286045825948,1013400,4194304
0,2,1,20000,0,0.9899446067025445,0.9900990099009901,1670.1393814916107,40346100,146800640
0,2,1,20000,1,0.9892748325019171,0.9900990099009901,1722.9002074836183,6571500,12582912
0,2,1,20000,2,0.9892748325019171,0.9900990099009901,1722.9002074836183,5626400,12582912
0,2,1,20000,3,0.9892748325019171,0.9900990099009901,1722.9002074836183,7163800,16777216
0,2,2,2000,0,0.49799278186561174,0.49679988368583794,1462.7125706126874,20576800,83886080
0,2,2,2000,1,0.4806849236151901,0.49679988368583794,1470.3031944991021,1418100,0
0,2,2,2000,2,0.4806849236151901,0.49679988368583794,1470.3031944991021,1658700,4194304
0,2,2,2000,3,0.4806849236151901,0.49679988368583794,1470.3031944991021,1267200,4194304
0,2,2,20000,0,0.500607411865723,0.49679988368583794,14745.480614113636,217648300,-695863224
0,2,2,20000,1,0.4976693134049015,0.49679988368583794,14757.327665106626,10913500,12582912
0,2,2,20000,2,0.4976693134049015,0.49679988368583794,14757.327665106626,10285300,12582912
0,2,2,20000,3,0.4976693134049015,0.49679988368583794,14757.327665106626,7201300,16777216
0,3,0,2000,3,0.4938623203283447,0.5,1450.4717224325898,1200200,8388608
0,3,0,2000,2,0.4938623203283447,0.5,1450.4717224325898,965300,0
0,3,0,2000,1,0.4938623203283447,0.5,1450.4717224325898,721800,4194304
0,3,0,2000,0,0.48709671156939677,0.5,1454.4071725622919,7118300,16777216
0,3,0,20000,3,0.5066487870573754,0.5,14624.356586796239,4621100,12582912
0,3,0,20000,2,0.5066487870573754,0.5,14624.356586796239,4722800,16777216
0,3,0,20000,1,0.5066487870573754,0.5,14624.356586796239,4632200,12582912
0,3,0,20000,0,0.5055502988599472,0.5,14615.293744639619,40770800,150994944
0,3,1,2000,3,0.9864508120190085,0.9900990099009901,182.63700413311713,1814200,4194304
0,3,1,2000,2,0.9864508120190085,0.9900990099009901,182.63700413311713,980900,4194304
0,3,1,2000,1,0.9864508120190085,0.9900990099009901,182.63700413311713,687900,0
0,3,1,2000,0,0.9930227174310957,0.9900990099009901,146.65103603829394,5243900,16777216
0,3,1,20000,3,0.9909877794555862,0.9900990099009901,1722.3192044701443,4596600,12582912
0,3,1,20000,2,0.9909877794555862,0.9900990099009901,1722.3192044701443,5307200,16777216
0,3,1,20000,1,0.9909877794555862,0.9900990099009901,1722.3192044701443,4616700,12582912
0,3,1,20000,0,0.9892595126888557,0.9900990099009901,1724.4632191911144,40633300,150994944
0,3,2,2000,3,0.49052722379375835,0.49679988368583794,1456.4318054639461,1792300,4194304
0,3,2,2000,2,0.49052722379375835,0.49679988368583794,1456.4318054639461,1365400,8388608
0,3,2,2000,1,0.49052722379375835,0.49679988368583794,1456.4318054639461,1452700,0
0,3,2,2000,0,0.48384042104208763,0.49679988368583794,1460.3667412425852,33494200,88080384
0,3,2,20000,3,0.5034216101194066,0.49679988368583794,14681.635280194816,7036000,16777216
0,3,2,20000,2,0.5034216101194066,0.49679988368583794,14681.635280194816,9400400,16777216
0,3,2,20000,1,0.5034216101194066,0.49679988368583794,14681.635280194816,12096300,8388608
0,3,2,20000,0,0.5023344561850873,0.49679988368583794,14672.869900908494,225320100,62957592
0,4,0,2000,0,0.4750793297089332,0.5,1456.1212755756821,6374800,16777216
0,4,0,2000,1,0.48770681029953755,0.5,1434.8320567258431,822100,4194304
0,4,0,2000,2,0.48770681029953755,0.5,1434.8320567258431,1180200,4194304
0,4,0,2000,3,0.48770681029953755,0.5,1434.8320567258431,996800,8388608
0,4,0,20000,0,0.4995829729619067,0.5,14621.668916726909,56080600,-743175088
0,4,0,20000,1,0.49882591674706644,0.5,14673.055917989515,7091400,8388608
0,4,0,20000,2,0.49882591674706644,0.5,14673.055917989515,5237200,16777216
0,4,0,20000,3,0.49882591674706644,0.5,14673.055917989515,4717900,16777216
0,4,1,2000,0,0.997638344263847,0.9900990099009901,161.8411738961546,5547000,16777216
0,4,1,2000,1,1.000589170991504,0.9900990099009901,156.60311244966806,736500,0
0,4,1,2000,2,1.000589170991504,0.9900990099009901,156.60311244966806,984500,4194304
0,4,1,2000,3,1.000589170991504,0.9900990099009901,156.60311244966806,1286900,8388608
0,4,1,20000,0,0.9881601831120949,0.9900990099009901,1713.7235235792673,46400100,150994944
0,4,1,20000,1,0.9887359896719448,0.9900990099009901,1706.43878307575,6956600,8388608
0,4,1,20000,2,0.9887359896719448,0.9900990099009901,1706.43878307575,5052100,16777216
0,4,1,20000,3,0.9887359896719448,0.9900990099009901,1706.43878307575,5730500,16777216
0,4,2,2000,0,0.47180748815067747,0.49679988368583794,1461.9893604254576,27175300,79691776
0,4,2,2000,1,0.4843665281518129,0.49679988368583794,1440.9017846973836,1681200,0
0,4,2,2000,2,0.4843665281518129,0.49679988368583794,1440.9017846973836,1773800,8388608
0,4,2,2000,3,0.4843665281518129,0.49679988368583794,1440.9017846973836,1195500,8388608
0,4,2,20000,0,0.4963597933154863,0.49679988368583794,14678.883907641679,236641900,-41518752
0,4,2,20000,1,0.4956365781875498,0.49679988368583794,14730.269803869309,11468500,12582912
0,4,2,20000,2,0.4956365781875498,0.49679988368583794,14730.269803869309,7953800,16777216
0,4,2,20000,3,0.4956365781875498,0.49679988368583794,14730.269803869309,7926200,20971520
0,5,0,2000,3,0.5008354866933993,0.5,1472.3978951423828,1238300,4194304
0,5,0,2000,2,0.5008354866933993,0.5,1472.3978951423828,1092800,8388608
0,5,0,2000,1,0.5008354866933993,0.5,1472.3978951423828,722400,0
0,5,0,2000,0,0.47966017417537704,0.5,1452.8180148082347,5691200,16777216
0,5,0,20000,3,0.49512976686040644,0.5,14667.797217072854,4799000,16777216
0,5,0,20000,2,0.49512976686040644,0.5,14667.797217072854,5162100,16777216
0,5,0,20000,1,0.49512976686040644,0.5,14667.797217072854,4634800,8388608
0,5,0,20000,0,0.501306215895723,0.5,14729.47266437527,43409300,150994944
0,5,1,2000,3,0.9972263218586785,0.9900990099009901,183.89237843767813,1833900,8388608
0,5,1,2000,2,0.9972263218586785,0.9900990099009901,183.89237843767813,1288600,4194304
0,5,1,2000,1,0.9972263218586785,0.9900990099009901,183.89237843767813,826900,4194304
0,5,1,2000,0,0.987482103140289,0.9900990099009901,155.43901022941662,4740600,16777216
0,5,1,20000,3,0.9909735488635876,0.9900990099009901,1738.7263145545191,4904000,16777216
0,5,1,20000,2,0.9909735488635876,0.9900990099009901,1738.7263145545191,6596200,16777216
0,5,1,20000,1,0.9909735488635876,0.9900990099009901,1738.7263145545191,6760800,8388608
0,5,1,20000,0,0.9890495893954383,0.9900990099009901,1756.563103076253,43137300,150994944
0,5,2,2000,3,0.49773258526997627,0.49679988368583794,1477.9923842285568,1617400,12582912
0,5,2,2000,2,0.49773258526997627,0.49679988368583794,1477.9923842285568,1363500,4194304
0,5,2,2000,1,0.49773258526997627,0.49679988368583794,1477.9923842285568,1703000,0
0,5,2,2000,0,0.4764068085636399,0.49679988368583794,1458.623862393163,39311800,-801474432
0,5,2,20000,3,0.4919509421068979,0.49679988368583794,14725.439053410066,7261200,16777216
0,5,2,20000,2,0.4919509421068979,0.49679988368583794,14725.439053410066,10635900,16777216
0,5,2,20000,1,0.4919509421068979,0.49679988368583794,14725.439053410066,11458800,12582912
0,5,2,20000,0,0.49816542396578706,0.49679988368583794,14786.307214329958,207789200,-24503776
0,6,0,2000,0,0.4792343945841859,0.5,1454.0955956513515,7403400,16777216
0,6,0,2000,1,0.46447483431064196,0.5,1449.9510243115785,1027800,0
0,6,0,2000,2,0.46447483431064196,0.5,1449.9510243115785,1439900,8388608
0,6,0,2000,3,0.46447483431064196,0.5,1449.9510243115785,1229800,4194304
0,6,0,20000,0,0.5026564357505272,0.5,14663.273921231792,57165000,150994944
0,6,0,20000,1,0.49443744225239905,0.5,14619.464661616867,4980500,12582912
0,6,0,20000,2,0.49443744225239905,0.5,14619.464661616867,5647900,16777216
0,6,0,20000,3,0.49443744225239905,0.5,14619.464661616867,4818100,16777216
0,6,1,2000,0,0.9863562995898857,0.9900990099009901,152.64785483193484,6041800,16777216
0,6,1,2000,1,0.9904144542051464,0.9900990099009901,141.44110365758797,948400,0
0,6,1,2000,2,0.9904144542051464,0.9900990099009901,141.44110365758797,1191100,8388608
0,6,1,2000,3,0.9904144542051464,0.9900990099009901,141.44110365758797,972800,4194304
0,6,1,20000,0,0.9900193805541245,0.9900990099009901,1692.7446478416628,57513000,150994944
0,6,1,20000,1,0.9891383421084653,0.9900990099009901,1648.31398854902,4820000,12582912
0,6,1,20000,2,0.9891383421084653,0.9900990099009901,1648.31398854902,5959400,16777216
0,6,1,20000,3,0.9891383421084653,0.9900990099009901,1648.31398854902,5465100,16777216
0,6,2,2000,0,0.47585891861563384,0.49679988368583794,1460.0675662706926,21108600,88080384
0,6,2,2000,1,0.4611176040098966,0.49679988368583794,1455.9263776534285,1569900,4194304
0,6,2,2000,2,0.4611176040098966,0.49679988368583794,1455.9263776534285,1791300,4194304
0,6,2,2000,3,0.4611176040098966,0.49679988368583794,1455.9263776534285,1646800,8388608
0,6,2,20000,0,0.4994438740250271,0.49679988368583794,14720.608380261478,214890200,3122832
0,6,2,20000,1,0.49120203099926213,0.49679988368583794,14677.243469196594,11276300,12582912
0,6,2,20000,2,0.49120203099926213,0.49679988368583794,14677.243469196594,10867300,16777216
0,6,2,20000,3,0.49120203099926213,0.49679988368583794,14677.243469196594,7706200,20971520
0,7,0,2000,3,0.5094356466112192,0.5,1466.3240927027625,1275000,8388608
0,7,0,2000,2,0.5094356466112192,0.5,1466.3240927027625,919000,4194304
0,7,0,2000,1,0.5094356466112192,0.5,1466.3240927027625,750000,0
0,7,0,2000,0,0.4979739737353776,0.5,1454.6245765501399,7291200,16777216
0,7,0,20000,3,0.4941783627656855,0.5,14634.433967315346,5657800,16777216
0,7,0,20000,2,0.4941783627656855,0.5,14634.433967315346,5152700,12582912
0,7,0,20000,1,0.4941783627656855,0.5,14634.433967315346,5666100,12582912
0,7,0,20000,0,0.4940902211660365,0.5,14558.092632630389,56611100,-742398656
0,7,1,2000,3,0.9943296200669566,0.9900990099009901,172.96471085857462,1651400,4194304
0,7,1,2000,2,0.9943296200669566,0.9900990099009901,172.96471085857462,1162300,8388608
0,7,1,2000,1,0.9943296200669566,0.9900990099009901,172.96471085857462,905500,0
0,7,1,2000,0,0.9956057692666891,0.9900990099009901,169.7211062407909,4936000,16777216
0,7,1,20000,3,0.991653613987985,0.9900990099009901,1709.1985516573006,4996900,16777216
0,7,1,20000,2,0.991653613987985,0.9900990099009901,1709.1985516573006,4935000,16777216
0,7,1,20000,1,0.991653613987985,0.9900990099009901,1709.1985516573006,5271400,12582912
0,7,1,20000,0,0.9936920955732679,0.9900990099009901,1703.954724378269,42377300,150994944
0,7,2,2000,3,0.5061424773979851,0.49679988368583794,1472.1263438264853,1592400,8388608
0,7,2,2000,2,0.5061424773979851,0.49679988368583794,1472.1263438264853,1471700,4194304
0,7,2,2000,1,0.5061424773979851,0.49679988368583794,1472.1263438264853,1603400,4194304
0,7,2,2000,0,0.49464407043562486,0.49679988368583794,1460.4783755959118,23495800,88080384
0,7,2,20000,3,0.49095570326559707,0.49679988368583794,14692.408570761518,7915200,16777216
0,7,2,20000,2,0.49095570326559707,0.49679988368583794,14692.408570761518,8715600,16777216
0,7,2,20000,1,0.49095570326559707,0.49679988368583794,14692.408570761518,11429900,12582912
0,7,2,20000,0,0.4908359073339147,0.49679988368583794,14616.03223616274,211506700,-87710016
0,8,0,2000,0,0.48269239454835244,0.5,1444.0838393348133,5488700,16777216
0,8,0,2000,1,0.48273485978684977,0.5,1456.692824745071,884300,4194304
0,8,0,2000,2,0.48273485978684977,0.5,1456.692824745071,1316800,4194304
0,8,0,2000,3,0.48273485978684977,0.5,1456.692824745071,991100,4194304
0,8,0,20000,0,0.5020540485667326,0.5,14569.558178748042,41816500,150994944
0,8,0,20000,1,0.5021225518086276,0.5,14598.352433338327,6171800,12582912
0,8,0,20000,2,0.5021225518086276,0.5,14598.352433338327,4947600,12582912
0,8,0,20000,3,0.5021225518086276,0.5,14598.352433338327,4881000,20971520
0,8,1,2000,0,0.9940142610075904,0.9900990099009901,155.28495636500637,5631800,16777216
0,8,1,2000,1,0.9883307605328631,0.9900990099009901,160.52264280452005,765300,0
0,8,1,2000,2,0.9883307605328631,0.9900990099009901,160.52264280452005,967300,4194304
0,8,1,2000,3,0.9883307605328631,0.9900990099009901,160.52264280452005,1369100,8388608
0,8,1,20000,0,0.9892212779561723,0.9900990099009901,1677.1457702232997,40327900,146800640
0,8,1,20000,1,0.9894997999742969,0.9900990099009901,1685.6113367809367,5420400,12582912
0,8,1,20000,2,0.9894997999742969,0.9900990099009901,1685.6113367809367,5035700,16777216
0,8,1,20000,3,0.9894997999742969,0.9900990099009901,1685.6113367809367,4622100,16777216
0,8,2,2000,0,0.47939490624213393,0.49679988368583794,1449.87982541939,21772700,88080384
0,8,2,2000,1,0.47950324208643624,0.49679988368583794,1462.5861475305871,1387400,0
0,8,2,2000,2,0.47950324208643624,0.49679988368583794,1462.5861475305871,1502900,8388608
0,8,2,2000,3,0.47950324208643624,0.49679988368583794,1462.5861475305871,1207400,8388608
0,8,2,20000,0,0.4988243502307123,0.49679988368583794,14627.196372543489,253729400,-143159632
0,8,2,20000,1,0.4988953975209961,0.49679988368583794,14656.079845446724,11210000,12582912
0,8,2,20000,2,0.4988953975209961,0.49679988368583794,14656.079845446724,13288200,16777216
0,8,2,20000,3,0.4988953975209961,0.49679988368583794,14656.079845446724,7619400,16777216
0,9,0,2000,3,0.49666635031027473,0.5,1450.3521038284016,1279100,12582912
0,9,0,2000,2,0.49666635031027473,0.5,1450.3521038284016,984500,4194304
0,9,0,2000,1,0.49666635031027473,0.5,1450.3521038284016,722100,0
0,9,0,2000,0,0.4716203907806936,0.5,1464.1373708970918,5755600,16777216
0,9,0,20000,3,0.5041560938995097,0.5,14663.041923738092,4689400,16777216
0,9,0,20000,2,0.5041560938995097,0.5,14663.041923738092,4704300,16777216
0,9,0,20000,1,0.5041560938995097,0.5,14663.041923738092,5468100,8388608
0,9,0,20000,0,0.5065190278704247,0.5,14669.12078647373,41285500,150994944
0,9,1,2000,3,0.9854936748220935,0.9900990099009901,174.89607995489996,1789900,8388608
0,9,1,2000,2,0.9854936748220935,0.9900990099009901,174.89607995489996,7867600,-1020641088
0,9,1,2000,1,0.9854936748220935,0.9900990099009901,174.89607995489996,944800,0
0,9,1,2000,0,0.9870182888580882,0.9900990099009901,165.0162922346773,6530200,16777216
0,9,1,20000,3,0.9896297781455412,0.9900990099009901,1725.7054386843797,6208500,16777216
0,9,1,20000,2,0.9896297781455412,0.9900990099009901,1725.7054386843797,5982100,16777216
0,9,1,20000,1,0.9896297781455412,0.9900990099009901,1725.7054386843797,6258700,12582912
0,9,1,20000,0,0.9930608106770904,0.9900990099009901,1756.2698087441545,50355800,146800640
0,9,2,2000,3,0.4933511890101795,0.49679988368583794,1456.2280785902194,1757300,12582912
0,9,2,2000,2,0.4933511890101795,0.49679988368583794,1456.2280785902194,1471200,4194304
0,9,2,2000,1,0.4933511890101795,0.49679988368583794,1456.2280785902194,1713200,0
0,9,2,2000,0,0.46829001876902304,0.49679988368583794,1470.030525419808,26719200,92274688
0,9,2,20000,3,0.5009357286686913,0.49679988368583794,14720.63090450909,7202300,16777216
0,9,2,20000,2,0.5009357286686913,0.49679988368583794,14720.63090450909,11140300,16777216
0,9,2,20000,1,0.5009357286686913,0.49679988368583794,14720.63090450909,11377000,12582912
0,9,2,20000,0,0.5032952586641103,0.49679988368583794,14726.313212677622,215201700,-185104736
0,10,0,2000,0,0.5007992623860249,0.5,1485.4648951130741,6702600,16777216
0,10,0,2000,1,0.4994430683276377,0.5,1480.5192759189429,881000,0
0,10,0,2000,2,0.4994430683276377,0.5,1480.5192759189429,1482600,8388608
0,10,0,2000,3,0.4994430683276377,0.5,1480.5192759189429,1321800,8388608
0,10,0,20000,0,0.5015983910154024,0.5,14713.157321505752,52885100,146800640
0,10,0,20000,1,0.5060987438988941,0.5,14708.65215891491,4901100,12582912
0,10,0,20000,2,0.5060987438988941,0.5,14708.65215891491,5044200,16777216
0,10,0,20000,3,0.5060987438988941,0.5,14708.65215891491,5026900,16777216
0,10,1,2000,0,0.9903013371860944,0.9900990099009901,178.1478006481154,5081900,16777216
0,10,1,2000,1,0.983324457521388,0.9900990099009901,173.49889377050863,1406000,0
0,10,1,2000,2,0.983324457521388,0.9900990099009901,173.49889377050863,1280800,4194304
0,10,1,2000,3,0.983324457521388,0.9900990099009901,173.49889377050863,1129100,8388608
0,10,1,20000,0,0.9889319804968447,0.9900990099009901,1698.9101710058749,42769600,146800640
0,10,1,20000,1,0.9869138914406043,0.9900990099009901,1715.5296883813403,6080500,12582912
0,10,1,20000,2,0.9869138914406043,0.9900990099009901,1715.5296883813403,4978100,16777216
0,10,1,20000,3,0.9869138914406043,0.9900990099009901,1715.5296883813403,5430400,16777216
0,10,2,2000,0,0.4976693636246198,0.49679988368583794,1491.02319248563,25185800,92274688
0,10,2,2000,1,0.4963178740451135,0.49679988368583794,1486.1854228918153,1400000,0
0,10,2,2000,2,0.4963178740451135,0.49679988368583794,1486.1854228918153,1483600,4194304
0,10,2,2000,3,0.4963178740451135,0.49679988368583794,1486.1854228918153,1259400,12582912
0,10,2,20000,0,0.49844035910298656,0.49679988368583794,14769.570363451694,230408400,-155664752
0,10,2,20000,1,0.5029245784116216,0.49679988368583794,14765.250292316347,11360400,8388608
0,10,2,20000,2,0.5029245784116216,0.49679988368583794,14765.250292316347,10269500,16777216
0,10,2,20000,3,0.5029245784116216,0.49679988368583794,14765.250292316347,7967000,20971520
0,11,0,2000,3,0.4802872206547506,0.5,1472.2510276388978,1311600,8388608
0,11,0,2000,2,0.4802872206547506,0.5,1472.2510276388978,975700,4194304
0,11,0,2000,1,0.4802872206547506,0.5,1472.2510276388978,734300,0
0,11,0,2000,0,0.48571743857490307,0.5,1486.8150667336088,6060300,16777216
0,11,0,20000,3,0.49348654764743377,0.5,14695.654520391327,6082200,16777216
0,11,0,20000,2,0.49348654764743377,0.5,14695.654520391327,4832100,16777216
0,11,0,20000,1,0.49348654764743377,0.5,14695.654520391327,6329800,12582912
0,11,0,20000,0,0.4991409885849892,0.5,14657.410574216754,42710200,150994944
0,11,1,2000,3,0.9896978626179812,0.9900990099009901,161.9523453112033,1481200,4194304
0,11,1,2000,2,0.9896978626179812,0.9900990099009901,161.9523453112033,1113100,8388608
0,11,1,2000,1,0.9896978626179812,0.9900990099009901,161.9523453112033,898600,0
0,11,1,2000,0,0.98521946041328,0.9900990099009901,163.65431591845342,5631300,16777216
0,11,1,20000,3,0.9890581506676452,0.9900990099009901,1716.755419726194,4755600,16777216
0,11,1,20000,2,0.9890581506676452,0.9900990099009901,1716.755419726194,6391000,12582912
0,11,1,20000,1,0.9890581506676452,0.9900990099009901,1716.755419726194,4882900,12582912
0,11,1,20000,0,0.9916156579252929,0.9900990099009901,1702.7414351630086,48503300,-905568760
0,11,2,2000,3,0.4770859413652119,0.49679988368583794,1478.05167745982,1667500,8388608
0,11,2,2000,2,0.4770859413652119,0.49679988368583794,1478.05167745982,1539300,4194304
0,11,2,2000,1,0.4770859413652119,0.49679988368583794,1478.05167745982,1750600,4194304
0,11,2,2000,0,0.4825757940853951,0.49679988368583794,1492.5265456329385,22711400,88080384
0,11,2,20000,3,0.49029136610380014,0.49679988368583794,14753.392242282232,6953400,20971520
0,11,2,20000,2,0.49029136610380014,0.49679988368583794,14753.392242282232,9673900,16777216
0,11,2,20000,1,0.49029136610380014,0.49679988368583794,14753.392242282232,11038200,8388608
0,11,2,20000,0,0.4959374893580772,0.49679988368583794,14714.51006567145,209414500,872415232
0,12,0,2000,0,0.49813511759031,0.5,1473.1831924065214,6769900,-1041174888
0,12,0,2000,1,0.5070317430908161,0.5,1462.0012251437984,833600,0
0,12,0,2000,2,0.5070317430908161,0.5,1462.0012251437984,1106900,8388608
0,12,0,2000,3,0.5070317430908161,0.5,1462.0012251437984,1014500,4194304
0,12,0,20000,0,0.5013499236854322,0.5,14679.762328490242,45486300,150994944
0,12,0,20000,1,0.4929490854930922,0.5,14631.074696413418,4717500,12582912
0,12,0,20000,2,0.4929490854930922,0.5,14631.074696413418,6067500,16777216
0,12,0,20000,3,0.4929490854930922,0.5,14631.074696413418,4831500,16777216
0,12,1,2000,0,0.9803572359758193,0.9900990099009901,164.9775890906964,4741400,16777216
0,12,1,2000,1,0.9914501706643377,0.9900990099009901,171.73020929036912,858900,0
0,12,1,2000,2,0.9914501706643377,0.9900990099009901,171.73020929036912,1365200,4194304
0,12,1,2000,3,0.9914501706643377,0.9900990099009901,171.73020929036912,1243700,8388608
0,12,1,20000,0,0.9879316226287981,0.9900990099009901,1744.3407072054451,41393500,150994944
0,12,1,20000,1,0.9905025714567005,0.9900990099009901,1682.5478160293187,4927200,12582912
0,12,1,20000,2,0.9905025714567005,0.9900990099009901,1682.5478160293187,5548000,16777216
0,12,1,20000,3,0.9905025714567005,0.9900990099009901,1682.5478160293187,6166600,16777216
0,12,2,2000,0,0.4950223052971806,0.49679988368583794,1478.8408760031086,21279200,92274688
0,12,2,2000,1,0.5038424052121633,0.49679988368583794,1467.7343670952107,1562000,0
0,12,2,2000,2,0.5038424052121633,0.49679988368583794,1467.7343670952107,1938000,4194304
0,12,2,2000,3,0.5038424052121633,0.49679988368583794,1467.7343670952107,1257400,12582912
0,12,2,20000,0,0.49818983414828705,0.49679988368583794,14736.423552717686,216468400,-154595336
0,12,2,20000,1,0.48974987103263234,0.49679988368583794,14688.579380263467,13575600,12582912
0,12,2,20000,2,0.48974987103263234,0.49679988368583794,14688.579380263467,9085900,12582912
0,12,2,20000,3,0.48974987103263234,0.49679988368583794,14688.579380263467,7543000,20971520
0,13,0,2000,3,0.48293012466420276,0.5,1468.4572128728419,2421400,8388608
0,13,0,2000,2,0.48293012466420276,0.5,1468.4572128728419,1581200,4194304
0,13,0,2000,1,0.48293012466420276,0.5,1468.4572128728419,1229700,4194304
0,13,0,2000,0,0.5024286687479678,0.5,1462.0524575721017,6403100,16777216
0,13,0,20000,3,0.49570158331429226,0.5,14630.077796319538,5271800,16777216
0,13,0,20000,2,0.49570158331429226,0.5,14630.077796319538,5531500,16777216
0,13,0,20000,1,0.49570158331429226,0.5,14630.077796319538,5183900,8388608
0,13,0,20000,0,0.5021463289186886,0.5,14659.465824223053,45984200,150994944
0,13,1,2000,3,0.9941820425875064,0.9900990099009901,170.54363181679904,1670700,8388608
0,13,1,2000,2,0.9941820425875064,0.9900990099009901,170.54363181679904,1058300,8388608
0,13,1,2000,1,0.9941820425875064,0.9900990099009901,170.54363181679904,713600,0
0,13,1,2000,0,0.9978278539185064,0.9900990099009901,184.4216769343756,5358900,16777216
0,13,1,20000,3,0.9875964758816912,0.9900990099009901,1702.5571837574914,5951300,16777216
0,13,1,20000,2,0.9875964758816912,0.9900990099009901,1702.5571837574914,4908400,16777216
0,13,1,20000,1,0.9875964758816912,0.9900990099009901,1702.5571837574914,4840000,12582912
0,13,1,20000,0,0.9889606928318996,0.9900990099009901,1725.8286622763599,48475400,146800640
0,13,2,2000,3,0.47978267163017224,0.49679988368583794,1474.1611050989216,1983900,12582912
0,13,2,2000,2,0.47978267163017224,0.49679988368583794,1474.1611050989216,1705000,4194304
0,13,2,2000,1,0.47978267163017224,0.49679988368583794,1474.1611050989216,1396400,0
0,13,2,2000,0,0.49916974072396386,0.49679988368583794,1467.7740151710018,26699300,92274688
0,13,2,20000,3,0.4924926858750603,0.49679988368583794,14687.845400252872,7710800,20971520
0,13,2,20000,2,0.4924926858750603,0.49679988368583794,14687.845400252872,8395200,16777216
0,13,2,20000,1,0.4924926858750603,0.49679988368583794,14687.845400252872,12088300,12582912
0,13,2,20000,0,0.4989636598490881,0.49679988368583794,14716.476074005972,231333100,-155785056
0,14,0,2000,0,0.5009278540434043,0.5,1498.2456996795627,5068100,16777216
0,14,0,2000,1,0.5242932806739056,0.5,1487.7995767311959,925900,0
0,14,0,2000,2,0.5242932806739056,0.5,1487.7995767311959,1392800,4194304
0,14,0,2000,3,0.5242932806739056,0.5,1487.7995767311959,1565600,8388608
0,14,0,20000,0,0.49749127011135025,0.5,14698.714253085695,53021300,-909239104
0,14,0,20000,1,0.5016440482109455,0.5,14693.62257282013,6571800,12582912
0,14,0,20000,2,0.5016440482109455,0.5,14693.62257282013,6451700,16777216
0,14,0,20000,3,0.5016440482109455,0.5,14693.62257282013,5585100,16777216
0,14,1,2000,0,0.9940226997715867,0.9900990099009901,180.10772505126073,4927900,16777216
0,14,1,2000,1,0.9959450040807213,0.9900990099009901,180.81560226917728,794000,0
0,14,1,2000,2,0.9959450040807213,0.9900990099009901,180.81560226917728,967800,4194304
0,14,1,2000,3,0.9959450040807213,0.9900990099009901,180.81560226917728,1013100,8388608
0,14,1,20000,0,0.9917111530775483,0.9900990099009901,1669.880942632134,47303700,150994944
0,14,1,20000,1,0.9902055460165523,0.9900990099009901,1741.5277166601215,4944200,8388608
0,14,1,20000,2,0.9902055460165523,0.9900990099009901,1741.5277166601215,6557500,16777216
0,14,1,20000,3,0.9902055460165523,0.9900990099009901,1741.5277166601215,4815900,16777216
0,14,2,2000,0,0.4979318189432297,0.49679988368583794,1503.8120014759336,22868700,92274688
0,14,2,2000,1,0.5213490849370549,0.49679988368583794,1493.1452410563568,1757300,4194304
0,14,2,2000,2,0.5213490849370549,0.49679988368583794,1493.1452410563568,1555100,4194304
0,14,2,2000,3,0.5213490849370549,0.49679988368583794,1493.1452410563568,1168100,8388608
0,14,2,20000,0,0.4943078597053157,0.49679988368583794,14755.481412720126,212617000,-138494696
0,14,2,20000,1,0.4984536986703756,0.49679988368583794,14750.599874281092,11317000,8388608
0,14,2,20000,2,0.4984536986703756,0.49679988368583794,14750.599874281092,10058800,16777216
0,14,2,20000,3,0.4984536986703756,0.49679988368583794,14750.599874281092,8196800,20971520
0,15,0,2000,3,0.4884171783573331,0.5,1480.4172345813208,1697600,8388608
0,15,0,2000,2,0.4884171783573331,0.5,1480.4172345813208,1200800,4194304
0,15,0,2000,1,0.4884171783573331,0.5,1480.4172345813208,760900,0
0,15,0,2000,0,0.47503982643244114,0.5,1472.7281605523433,6227600,16777216
0,15,0,20000,3,0.4902305936533026,0.5,14675.1946427262,6848500,16777216
0,15,0,20000,2,0.4902305936533026,0.5,14675.1946427262,5799500,16777216
0,15,0,20000,1,0.4902305936533026,0.5,14675.1946427262,4901400,12582912
0,15,0,20000,0,0.4930323958395896,0.5,14690.251333086168,45144300,150994944
0,15,1,2000,3,0.9873804527048898,0.9900990099009901,160.34665603831314,1319500,4194304
0,15,1,2000,2,0.9873804527048898,0.9900990099009901,160.34665603831314,971600,8388608
0,15,1,2000,1,0.9873804527048898,0.9900990099009901,160.34665603831314,676800,0
0,15,1,2000,0,0.9962513322814621,0.9900990099009901,156.912308299333,5110900,16777216
0,15,1,20000,3,0.9902854730087505,0.9900990099009901,1700.1013420565487,5334800,16777216
0,15,1,20000,2,0.9902854730087505,0.9900990099009901,1700.1013420565487,5063400,16777216
0,15,1,20000,1,0.9902854730087505,0.9900990099009901,1700.1013420565487,4661000,8388608
0,15,1,20000,0,0.9911743169904675,0.9900990099009901,1695.3682217769085,48968400,150994944
0,15,2,2000,3,0.48523798029941007,0.49679988368583794,1486.1490991801593,2178100,8388608
0,15,2,2000,2,0.48523798029941007,0.49679988368583794,1486.1490991801593,1578800,8388608
0,15,2,2000,1,0.48523798029941007,0.49679988368583794,1486.1490991801593,1407500,0
0,15,2,2000,0,0.4719088842458651,0.49679988368583794,1478.6320519701235,28360100,83886080
0,15,2,20000,3,0.48703402206443563,0.49679988368583794,14732.921525036749,10439400,16777216
0,15,2,20000,2,0.48703402206443563,0.49679988368583794,14732.921525036749,10396500,16777216
0,15,2,20000,1,0.48703402206443563,0.49679988368583794,14732.921525036749,12857900,12582912
0,15,2,20000,0,0.4898578920067084,0.49679988368583794,14747.788186336475,200240700,-248062144
0,16,0,2000,0,0.48467450946063917,0.5,1457.9404271382957,6126900,16777216
0,16,0,2000,1,0.4777609710492447,0.5,1457.4082246139133,825500,0
0,16,0,2000,2,0.4777609710492447,0.5,1457.4082246139133,1134500,8388608
0,16,0,2000,3,0.4777609710492447,0.5,1457.4082246139133,979000,4194304
0,16,0,20000,0,0.5037359378370045,0.5,14660.161093062661,44624000,150994944
0,16,0,20000,1,0.5002786253869578,0.5,14671.602743942152,5420300,12582912
0,16,0,20000,2,0.5002786253869578,0.5,14671.602743942152,5261700,16777216
0,16,0,20000,3,0.5002786253869578,0.5,14671.602743942152,5063000,16777216
0,16,1,2000,0,0.9931124061350924,0.9900990099009901,152.1011175045047,5680600,16777216
0,16,1,2000,1,0.9837429731374099,0.9900990099009901,160.13074686297213,774700,0
0,16,1,2000,2,0.9837429731374099,0.9900990099009901,160.13074686297213,1121500,4194304
0,16,1,2000,3,0.9837429731374099,0.9900990099009901,160.13074686297213,995100,8388608
0,16,1,20000,0,0.9861736857954427,0.9900990099009901,1716.3760398774773,44116400,-905558160
0,16,1,20000,1,0.9890401716008987,0.9900990099009901,1716.6664136026827,5517700,12582912
0,16,1,20000,2,0.9890401716008987,0.9900990099009901,1716.6664136026827,5178600,12582912
0,16,1,20000,3,0.9890401716008987,0.9900990099009901,1716.6664136026827,5306200,16777216
0,16,2,2000,0,0.4813591872903784,0.49679988368583794,1463.8033834396797,21082800,88080384
0,16,2,2000,1,0.4744807902304395,0.49679988368583794,1463.2449819923884,1356200,0
0,16,2,2000,2,0.4744807902304395,0.49679988368583794,1463.2449819923884,1447400,8388608
0,16,2,2000,3,0.4744807902304395,0.49679988368583794,1463.2449819923884,1182300,8388608
0,16,2,20000,0,0.5005216160541809,0.49679988368583794,14717.024491258904,204489200,868220928
0,16,2,20000,1,0.4970633411533785,0.49679988368583794,14728.64023904477,11110900,12582912
0,16,2,20000,2,0.4970633411533785,0.49679988368583794,14728.64023904477,10220900,12582912
0,16,2,20000,3,0.4970633411533785,0.49679988368583794,14728.64023904477,7890700,-1035102656
0,17,0,2000,3,0.5055888821695033,0.5,1467.6336491322525,1297600,8388608
0,17,0,2000,2,0.5055888821695033,0.5,1467.6336491322525,1120000,4194304
0,17,0,2000,1,0.5055888821695033,0.5,1467.6336491322525,738700,0
0,17,0,2000,0,0.520549220232245,0.5,1475.5378444220771,5708100,16777216
0,17,0,20000,3,0.5025421207921122,0.5,14711.856872111266,4766400,16777216
0,17,0,20000,2,0.5025421207921122,0.5,14711.856872111266,5015000,12582912
0,17,0,20000,1,0.5025421207921122,0.5,14711.856872111266,4879500,12582912
0,17,0,20000,0,0.4895550604983524,0.5,14638.619432578425,41391200,150994944
0,17,1,2000,3,0.9920209561089123,0.9900990099009901,182.52541151529869,1197600,8388608
0,17,1,2000,2,0.9920209561089123,0.9900990099009901,182.52541151529869,883000,4194304
0,17,1,2000,1,0.9920209561089123,0.9900990099009901,182.52541151529869,635900,0
0,17,1,2000,0,0.9916645111767893,0.9900990099009901,170.59237931329238,5052400,16777216
0,17,1,20000,3,0.9909458283664562,0.9900990099009901,1694.7020885945592,5048300,16777216
0,17,1,20000,2,0.9909458283664562,0.9900990099009901,1694.7020885945592,4871000,16777216
0,17,1,20000,1,0.9909458283664562,0.9900990099009901,1694.7020885945592,6801200,8388608
0,17,1,20000,0,0.9864089855914885,0.9900990099009901,1693.7853635558367,45143200,150994944
0,17,2,2000,3,0.5023938067931417,0.49679988368583794,1473.3109356747318,1531600,12582912
0,17,2,2000,2,0.5023938067931417,0.49679988368583794,1473.3109356747318,1750600,4194304
0,17,2,2000,1,0.5023938067931417,0.49679988368583794,1473.3109356747318,1718600,0
0,17,2,2000,0,0.517411708191347,0.49679988368583794,1481.237492445891,20608200,88080384
0,17,2,20000,3,0.49939924257924406,0.49679988368583794,14768.6126713242,7269900,20971520
0,17,2,20000,2,0.49939924257924406,0.49679988368583794,14768.6126713242,9714300,16777216
0,17,2,20000,1,0.49939924257924406,0.49679988368583794,14768.6126713242,10769800,8388608
0,17,2,20000,0,0.4863323514821351,0.49679988368583794,14696.230907100853,212342900,-185398624
0,18,0,2000,0,0.5061213486156743,0.5,1493.493661986064,6268100,16777216
0,18,0,2000,1,0.4982517260753294,0.5,1475.403264656532,820700,0
0,18,0,2000,2,0.4982517260753294,0.5,1475.403264656532,1203800,8388608
0,18,0,2000,3,0.4982517260753294,0.5,1475.403264656532,1102600,4194304
0,18,0,20000,0,0.5009797828932696,0.5,14662.390522147014,42149700,150994944
0,18,0,20000,1,0.5031017356263212,0.5,14685.146555189762,5260100,12582912
0,18,0,20000,2,0.5031017356263212,0.5,14685.146555189762,5994300,16777216
0,18,0,20000,3,0.5031017356263212,0.5,14685.146555189762,5094800,16777216
0,18,1,2000,0,0.9833214290639646,0.9900990099009901,155.48696671229519,6344700,16777216
0,18,1,2000,1,0.9754681125088046,0.9900990099009901,168.7661168337458,1033000,0
0,18,1,2000,2,0.9754681125088046,0.9900990099009901,168.7661168337458,1588700,8388608
0,18,1,2000,3,0.9754681125088046,0.9900990099009901,168.7661168337458,1145300,4194304
0,18,1,20000,0,0.9892730459205408,0.9900990099009901,1642.0611835433592,52088700,150994944
0,18,1,20000,1,0.9882050064761041,0.9900990099009901,1646.6547585074,4649800,12582912
0,18,1,20000,2,0.9882050064761041,0.9900990099009901,1646.6547585074,5333600,16777216
0,18,1,20000,3,0.9882050064761041,0.9900990099009901,1646.6547585074,5004800,16777216
0,18,2,2000,0,0.5031409392709466,0.49679988368583794,1499.0144041271747,20784200,92274688
0,18,2,2000,1,0.4951643659163835,0.49679988368583794,1480.9395541206975,1333800,0
0,18,2,2000,2,0.4951643659163835,0.49679988368583794,1480.9395541206975,1435100,4194304
0,18,2,2000,3,0.4951643659163835,0.49679988368583794,1480.9395541206975,1533600,12582912
0,18,2,20000,0,0.4977717464364417,0.49679988368583794,14719.438855322858,221310300,-155728032
0,18,2,20000,1,0.49993845591006636,0.49679988368583794,14742.070267361183,11031900,8388608
0,18,2,20000,2,0.49993845591006636,0.49679988368583794,14742.070267361183,8203500,16777216
0,18,2,20000,3,0.49993845591006636,0.49679988368583794,14742.070267361183,7291300,20971520
0,19,0,2000,3,0.521693202026616,0.5,1458.3891377925688,1421700,8388608
0,19,0,2000,2,0.521693202026616,0.5,1458.3891377925688,1151200,4194304
0,19,0,2000,1,0.521693202026616,0.5,1458.3891377925688,726000,0
0,19,0,2000,0,0.4899171849881289,0.5,1452.9577231453468,4659100,16777216
0,19,0,20000,3,0.5060118184199248,0.5,14645.673896550561,4629100,16777216
0,19,0,20000,2,0.5060118184199248,0.5,14645.673896550561,4535300,16777216
0,19,0,20000,1,0.5060118184199248,0.5,14645.673896550561,4916800,12582912
0,19,0,20000,0,0.5005759304269202,0.5,14614.113643522578,42141900,-909485352
0,19,1,2000,3,0.9991445952875265,0.9900990099009901,164.27711478599036,1152800,8388608
0,19,1,2000,2,0.9991445952875265,0.9900990099009901,164.27711478599036,909200,4194304
0,19,1,2000,1,0.9991445952875265,0.9900990099009901,164.27711478599036,718900,0
0,19,1,2000,0,0.9881740906602644,0.9900990099009901,155.03934936759086,5302500,16777216
0,19,1,20000,3,0.9910547012159183,0.9900990099009901,1705.7816386607262,4742700,16777216
0,19,1,20000,2,0.9910547012159183,0.9900990099009901,1705.7816386607262,4596600,16777216
0,19,1,20000,1,0.9910547012159183,0.9900990099009901,1705.7816386607262,5204500,12582912
0,19,1,20000,0,0.9926894863680747,0.9900990099009901,1699.9358670845331,39738800,146800640
0,19,2,2000,3,0.5185250687481218,0.49679988368583794,1463.9837404823575,1546200,12582912
0,19,2,2000,2,0.5185250687481218,0.49679988368583794,1463.9837404823575,1237900,4194304
0,19,2,2000,1,0.5185250687481218,0.49679988368583794,1463.9837404823575,1280500,0
0,19,2,2000,0,0.48669386825673955,0.49679988368583794,1458.7923858871163,21850300,88080384
0,19,2,20000,3,0.5028087259492209,0.49679988368583794,14702.825317322902,7457700,20971520
0,19,2,20000,2,0.5028087259492209,0.49679988368583794,14702.825317322902,9949500,16777216
0,19,2,20000,1,0.5028087259492209,0.49679988368583794,14702.825317322902,10874100,12582912
0,19,2,20000,0,0.4973272234214597,0.49679988368583794,14671.868477342208,203898000,-188695240
1,0,0,2000,0,0.49557673317536,0.5,1483.999834413575,35835400,16777216
1,0,0,2000,1,0.50373102734628,0.5,1479.6373190959553,6488600,4194304
1,0,0,2000,2,0.50373102734628,0.5,1479.6373190959553,5874900,0
1,0,0,2000,3,0.50373102734628,0.5,1479.6373190959553,3033400,4194304
1,0,0,20000,0,0.4974411011333865,0.5,14638.115936951406,188006300,-428757080
1,0,0,20000,1,0.507144495168095,0.5,14759.018173396658,15941000,12582912
1,0,0,20000,2,0.507144495168095,0.5,14759.018173396658,20049200,12582912
1,0,0,20000,3,0.507144495168095,0.5,14759.018173396658,24552000,12582912
1,0,1,2000,0,0.9872085553387954,0.9900990099009901,180.7335182491474,15991200,16777216
1,0,1,2000,1,0.9946849294380982,0.9900990099009901,179.5648788857563,1755700,0
1,0,1,2000,2,0.9946849294380982,0.9900990099009901,179.5648788857563,2281100,4194304
1,0,1,2000,3,0.9946849294380982,0.9900990099009901,179.5648788857563,2418800,0
1,0,1,20000,0,0.9861927269593268,0.9900990099009901,1719.6917238360024,84940400,155189248
1,0,1,20000,1,0.9898101136716773,0.9900990099009901,1741.2182190439826,8864500,8388608
1,0,1,20000,2,0.9898101136716773,0.9900990099009901,1741.2182190439826,8757700,12582912
1,0,1,20000,3,0.9898101136716773,0.9900990099009901,1741.2182190439826,8382200,12582912
1,0,2,2000,0,0.49252225446891956,0.49679988368583794,1489.5756833838605,64295500,67108864
1,0,2,2000,1,0.5005747189893939,0.49679988368583794,1485.2885258183135,6293500,0
1,0,2,2000,2,0.5005747189893939,0.49679988368583794,1485.2885258183135,14292100,4194304
1,0,2,2000,3,0.5005747189893939,0.49679988368583794,1485.2885258183135,10360000,0
1,0,2,20000,0,0.4941971903520817,0.49679988368583794,14695.781307608037,230906300,173238744
1,0,2,20000,1,0.5039833445137045,0.49679988368583794,14815.722162872124,18074700,8388608
1,0,2,20000,2,0.5039833445137045,0.49679988368583794,14815.722162872124,18188600,-586203040
1,0,2,20000,3,0.5039833445137045,0.49679988368583794,14815.722162872124,7217800,12582912
1,1,0,2000,3,0.49833476011728506,0.5,1451.651673672513,1361900,4194304
1,1,0,2000,2,0.49833476011728506,0.5,1451.651673672513,1254600,0
1,1,0,2000,1,0.49833476011728506,0.5,1451.651673672513,1020400,4194304
1,1,0,2000,0,0.4998406661460387,0.5,1451.9272145276957,7751400,12582912
1,1,0,20000,3,0.5030571219272437,0.5,14662.854958246624,5062100,12582912
1,1,0,20000,2,0.5030571219272437,0.5,14662.854958246624,6885100,12582912
1,1,0,20000,1,0.5030571219272437,0.5,14662.854958246624,5476900,12582912
1,1,0,20000,0,0.5089465764105521,0.5,14671.025039626962,53264700,150994944
1,1,1,2000,3,0.989352506383413,0.9900990099009901,170.5556728410318,1710500,0
1,1,1,2000,2,0.989352506383413,0.9900990099009901,170.5556728410318,1396600,4194304
1,1,1,2000,1,0.989352506383413,0.9900990099009901,170.5556728410318,780600,0
1,1,1,2000,0,0.9962865683188258,0.9900990099009901,166.90177912867208,5115600,16777216
1,1,1,20000,3,0.9915291897046976,0.9900990099009901,1682.7628196823105,5666000,12582912
1,1,1,20000,2,0.9915291897046976,0.9900990099009901,1682.7628196823105,5434400,12582912
1,1,1,20000,1,0.9915291897046976,0.9900990099009901,1682.7628196823105,4847600,12582912
1,1,1,20000,0,0.9928618822344562,0.9900990099009901,1782.608557052126,37334000,146800640
1,1,2,2000,3,0.495085771379185,0.49679988368583794,1457.493850750301,1838300,4194304
1,1,2,2000,2,0.495085771379185,0.49679988368583794,1457.493850750301,1504600,4194304
1,1,2,2000,1,0.495085771379185,0.49679988368583794,1457.493850750301,1839500,0
1,1,2,2000,0,0.4964610476146426,0.49679988368583794,1457.8451467107996,20640100,79691776
1,1,2,20000,3,0.4998405447301294,0.49679988368583794,14719.953091973313,7687900,12582912
1,1,2,20000,2,0.4998405447301294,0.49679988368583794,14719.953091973313,9822400,12582912
1,1,2,20000,1,0.4998405447301294,0.49679988368583794,14719.953091973313,11615900,12582912
1,1,2,20000,0,0.5057429651415495,0.49679988368583794,14728.06161440678,208180600,175384640
1,2,0,2000,0,0.5012260829982775,0.5,1456.9982430720286,4999400,16777216
1,2,0,2000,1,0.48389318805950415,0.5,1464.6074874231551,865100,0
1,2,0,2000,2,0.48389318805950415,0.5,1464.6074874231551,1152400,4194304
1,2,0,2000,3,0.48389318805950415,0.5,1464.6074874231551,1354800,4194304
1,2,0,20000,0,0.503727998951877,0.5,14688.808691813023,45285100,-679550640
1,2,0,20000,1,0.5008169838184251,0.5,14700.5590809097,4979400,12582912
1,2,0,20000,2,0.5008169838184251,0.5,14700.5590809097,5024900,12582912
1,2,0,20000,3,0.5008169838184251,0.5,14700.5590809097,4886300,16777216
1,2,1,2000,0,0.9965619113212206,0.9900990099009901,176.37080850272946,5704300,16777216
1,2,1,2000,1,0.9900932545964772,0.9900990099009901,171.68286045825948,847600,0
1,2,1,2000,2,0.9900932545964772,0.9900990099009901,171.68286045825948,1137100,4194304
1,2,1,2000,3,0.9900932545964772,0.9900990099009901,171.68286045825948,978200,4194304
1,2,1,20000,0,0.9899446067025445,0.9900990099009901,1670.1393814916107,35820900,150994944
1,2,1,20000,1,0.9892748325019171,0.9900990099009901,1722.9002074836183,5780900,12582912
1,2,1,20000,2,0.9892748325019171,0.9900990099009901,1722.9002074836183,5520400,12582912
1,2,1,20000,3,0.9892748325019171,0.9900990099009901,1722.9002074836183,7218700,12582912
1,2,2,2000,0,0.49799278186561174,0.49679988368583794,1462.7125706126874,20643200,83886080
1,2,2,2000,1,0.4806849236151901,0.49679988368583794,1470.3031944991021,1418100,0
1,2,2,2000,2,0.4806849236151901,0.49679988368583794,1470.3031944991021,1914600,4194304
1,2,2,2000,3,0.4806849236151901,0.49679988368583794,1470.3031944991021,1892500,4194304
1,2,2,20000,0,0.500607411865723,0.49679988368583794,14745.480614113636,187521200,-16483536
1,2,2,20000,1,0.4976693134049015,0.49679988368583794,14757.327665106626,11009100,12582912
1,2,2,20000,2,0.4976693134049015,0.49679988368583794,14757.327665106626,8300400,12582912
1,2,2,20000,3,0.4976693134049015,0.49679988368583794,14757.327665106626,8054400,16777216
1,3,0,2000,3,0.4938623203283447,0.5,1450.4717224325898,1375100,4194304
1,3,0,2000,2,0.4938623203283447,0.5,1450.4717224325898,1030400,4194304
1,3,0,2000,1,0.4938623203283447,0.5,1450.4717224325898,721100,0
1,3,0,2000,0,0.48709671156939677,0.5,1454.4071725622919,5729800,16777216
1,3,0,20000,3,0.5066487870573754,0.5,14624.356586796239,4554400,16777216
1,3,0,20000,2,0.5066487870573754,0.5,14624.356586796239,5629400,12582912
1,3,0,20000,1,0.5066487870573754,0.5,14624.356586796239,4703800,12582912
1,3,0,20000,0,0.5055502988599472,0.5,14615.293744639619,35319200,150994944
1,3,1,2000,3,0.9864508120190085,0.9900990099009901,182.63700413311713,1534200,4194304
1,3,1,2000,2,0.9864508120190085,0.9900990099009901,182.63700413311713,968900,4194304
1,3,1,2000,1,0.9864508120190085,0.9900990099009901,182.63700413311713,693400,0
1,3,1,2000,0,0.9930227174310957,0.9900990099009901,146.65103603829394,7445600,16777216
1,3,1,20000,3,0.9909877794555862,0.9900990099009901,1722.3192044701443,4857200,16777216
1,3,1,20000,2,0.9909877794555862,0.9900990099009901,1722.3192044701443,5084900,12582912
1,3,1,20000,1,0.9909877794555862,0.9900990099009901,1722.3192044701443,6463700,12582912
1,3,1,20000,0,0.9892595126888557,0.9900990099009901,1724.4632191911144,42402300,-679110216
1,3,2,2000,3,0.49052722379375835,0.49679988368583794,1456.4318054639461,1716200,8388608
1,3,2,2000,2,0.49052722379375835,0.49679988368583794,1456.4318054639461,1864000,4194304
1,3,2,2000,1,0.49052722379375835,0.49679988368583794,1456.4318054639461,1519800,0
1,3,2,2000,0,0.48384042104208763,0.49679988368583794,1460.3667412425852,22171000,88080384
1,3,2,20000,3,0.5034216101194066,0.49679988368583794,14681.635280194816,7516200,16777216
1,3,2,20000,2,0.5034216101194066,0.49679988368583794,14681.635280194816,8581300,16777216
1,3,2,20000,1,0.5034216101194066,0.49679988368583794,14681.635280194816,10951400,8388608
1,3,2,20000,0,0.5023344561850873,0.49679988368583794,14672.869900908494,177341900,-29139512
1,4,0,2000,0,0.4750793297089332,0.5,1456.1212755756821,4942900,16777216
1,4,0,2000,1,0.48770681029953755,0.5,1434.8320567258431,856000,0
1,4,0,2000,2,0.48770681029953755,0.5,1434.8320567258431,1209300,4194304
1,4,0,2000,3,0.48770681029953755,0.5,1434.8320567258431,1089700,8388608
1,4,0,20000,0,0.4995829729619067,0.5,14621.668916726909,36221900,146800640
1,4,0,20000,1,0.49882591674706644,0.5,14673.055917989515,5862000,12582912
1,4,0,20000,2,0.49882591674706644,0.5,14673.055917989515,5608200,16777216
1,4,0,20000,3,0.49882591674706644,0.5,14673.055917989515,4730700,16777216
1,4,1,2000,0,0.997638344263847,0.9900990099009901,161.8411738961546,4543500,16777216
1,4,1,2000,1,1.000589170991504,0.9900990099009901,156.60311244966806,710700,0
1,4,1,2000,2,1.000589170991504,0.9900990099009901,156.60311244966806,983400,8388608
1,4,1,2000,3,1.000589170991504,0.9900990099009901,156.60311244966806,1162700,8388608
1,4,1,20000,0,0.9881601831120949,0.9900990099009901,1713.7235235792673,38609800,146800640
1,4,1,20000,1,0.9887359896719448,0.9900990099009901,1706.43878307575,6998000,12582912
1,4,1,20000,2,0.9887359896719448,0.9900990099009901,1706.43878307575,5106800,16777216
1,4,1,20000,3,0.9887359896719448,0.9900990099009901,1706.43878307575,5530800,16777216
1,4,2,2000,0,0.47180748815067747,0.49679988368583794,1461.9893604254576,16983300,75497472
1,4,2,2000,1,0.4843665281518129,0.49679988368583794,1440.9017846973836,1405800,4194304
1,4,2,2000,2,0.4843665281518129,0.49679988368583794,1440.9017846973836,1692900,4194304
1,4,2,2000,3,0.4843665281518129,0.49679988368583794,1440.9017846973836,1374400,8388608
1,4,2,20000,0,0.4963597933154863,0.49679988368583794,14678.883907641679,178383500,-13696400
1,4,2,20000,1,0.4956365781875498,0.49679988368583794,14730.269803869309,10871300,12582912
1,4,2,20000,2,0.4956365781875498,0.49679988368583794,14730.269803869309,8090300,16777216
1,4,2,20000,3,0.4956365781875498,0.49679988368583794,14730.269803869309,7183700,16777216
1,5,0,2000,3,0.5008354866933993,0.5,1472.3978951423828,1391800,8388608
1,5,0,2000,2,0.5008354866933993,0.5,1472.3978951423828,1253000,8388608
1,5,0,2000,1,0.5008354866933993,0.5,1472.3978951423828,774700,0
1,5,0,2000,0,0.47966017417537704,0.5,1452.8180148082347,4718300,16777216
1,5,0,20000,3,0.49512976686040644,0.5,14667.797217072854,4638400,16777216
1,5,0,20000,2,0.49512976686040644,0.5,14667.797217072854,5065600,16777216
1,5,0,20000,1,0.49512976686040644,0.5,14667.797217072854,4734300,12582912
1,5,0,20000,0,0.501306215895723,0.5,14729.47266437527,44079100,-683687392
1,5,1,2000,3,0.9972263218586785,0.9900990099009901,183.89237843767813,1547300,8388608
1,5,1,2000,2,0.9972263218586785,0.9900990099009901,183.89237843767813,1018900,4194304
1,5,1,2000,1,0.9972263218586785,0.9900990099009901,183.89237843767813,784600,0
1,5,1,2000,0,0.987482103140289,0.9900990099009901,155.43901022941662,4282900,16777216
1,5,1,20000,3,0.9909735488635876,0.9900990099009901,1738.7263145545191,6160600,16777216
1,5,1,20000,2,0.9909735488635876,0.9900990099009901,1738.7263145545191,5670100,16777216
1,5,1,20000,1,0.9909735488635876,0.9900990099009901,1738.7263145545191,5712800,12582912
1,5,1,20000,0,0.9890495893954383,0.9900990099009901,1756.563103076253,35625900,150994944
1,5,2,2000,3,0.49773258526997627,0.49679988368583794,1477.9923842285568,1670800,8388608
1,5,2,2000,2,0.49773258526997627,0.49679988368583794,1477.9923842285568,1410500,4194304
1,5,2,2000,1,0.49773258526997627,0.49679988368583794,1477.9923842285568,1338900,4194304
1,5,2,2000,0,0.4764068085636399,0.49679988368583794,1458.623862393163,24300900,83886080
1,5,2,20000,3,0.4919509421068979,0.49679988368583794,14725.439053410066,7134900,16777216
1,5,2,20000,2,0.4919509421068979,0.49679988368583794,14725.439053410066,8132400,16777216
1,5,2,20000,1,0.4919509421068979,0.49679988368583794,14725.439053410066,10802800,12582912
1,5,2,20000,0,0.49816542396578706,0.49679988368583794,14786.307214329958,184243600,-317472
1,6,0,2000,0,0.4792343945841859,0.5,1454.0955956513515,4377500,16777216
1,6,0,2000,1,0.46447483431064196,0.5,1449.9510243115785,790800,4194304
1,6,0,2000,2,0.46447483431064196,0.5,1449.9510243115785,1177300,4194304
1,6,0,2000,3,0.46447483431064196,0.5,1449.9510243115785,1490600,8388608
1,6,0,20000,0,0.5026564357505272,0.5,14663.273921231792,47405600,150994944
1,6,0,20000,1,0.49443744225239905,0.5,14619.464661616867,5532200,8388608
1,6,0,20000,2,0.49443744225239905,0.5,14619.464661616867,5217000,16777216
1,6,0,20000,3,0.49443744225239905,0.5,14619.464661616867,4816000,16777216
1,6,1,2000,0,0.9863562995898857,0.9900990099009901,152.64785483193484,4440400,16777216
1,6,1,2000,1,0.9904144542051464,0.9900990099009901,141.44110365758797,819600,0
1,6,1,2000,2,0.9904144542051464,0.9900990099009901,141.44110365758797,1054100,4194304
1,6,1,2000,3,0.9904144542051464,0.9900990099009901,141.44110365758797,962900,8388608
1,6,1,20000,0,0.9900193805541245,0.9900990099009901,1692.7446478416628,52080400,-678883968
1,6,1,20000,1,0.9891383421084653,0.9900990099009901,1648.31398854902,5386600,12582912
1,6,1,20000,2,0.9891383421084653,0.9900990099009901,1648.31398854902,5134400,16777216
1,6,1,20000,3,0.9891383421084653,0.9900990099009901,1648.31398854902,4759200,16777216
1,6,2,2000,0,0.47585891861563384,0.49679988368583794,1460.0675662706926,20365300,83886080
1,6,2,2000,1,0.4611176040098966,0.49679988368583794,1455.9263776534285,1838600,4194304
1,6,2,2000,2,0.4611176040098966,0.49679988368583794,1455.9263776534285,1454700,4194304
1,6,2,2000,3,0.4611176040098966,0.49679988368583794,1455.9263776534285,1198300,8388608
1,6,2,20000,0,0.4994438740250271,0.49679988368583794,14720.608380261478,199674300,30055552
1,6,2,20000,1,0.49120203099926213,0.49679988368583794,14677.243469196594,11012000,12582912
1,6,2,20000,2,0.49120203099926213,0.49679988368583794,14677.243469196594,9427600,12582912
1,6,2,20000,3,0.49120203099926213,0.49679988368583794,14677.243469196594,7272800,20971520
1,7,0,2000,3,0.5094356466112192,0.5,1466.3240927027625,1380200,8388608
1,7,0,2000,2,0.5094356466112192,0.5,1466.3240927027625,902200,4194304
1,7,0,2000,1,0.5094356466112192,0.5,1466.3240927027625,699300,4194304
1,7,0,2000,0,0.4979739737353776,0.5,1454.6245765501399,4349500,16777216
1,7,0,20000,3,0.4941783627656855,0.5,14634.433967315346,4948100,16777216
1,7,0,20000,2,0.4941783627656855,0.5,14634.433967315346,5001800,12582912
1,7,0,20000,1,0.4941783627656855,0.5,14634.433967315346,4750100,12582912
1,7,0,20000,0,0.4940902211660365,0.5,14558.092632630389,38535300,150994944
1,7,1,2000,3,0.9943296200669566,0.9900990099009901,172.96471085857462,1330600,8388608
1,7,1,2000,2,0.9943296200669566,0.9900990099009901,172.96471085857462,913500,4194304
1,7,1,2000,1,0.9943296200669566,0.9900990099009901,172.96471085857462,708200,4194304
1,7,1,2000,0,0.9956057692666891,0.9900990099009901,169.7211062407909,4560500,12582912
1,7,1,20000,3,0.991653613987985,0.9900990099009901,1709.1985516573006,4616100,20971520
1,7,1,20000,2,0.991653613987985,0.9900990099009901,1709.1985516573006,4770000,12582912
1,7,1,20000,1,0.991653613987985,0.9900990099009901,1709.1985516573006,4586800,12582912
1,7,1,20000,0,0.9936920955732679,0.9900990099009901,1703.954724378269,34301600,150994944
1,7,2,2000,3,0.5061424773979851,0.49679988368583794,1472.1263438264853,1511300,8388608
1,7,2,2000,2,0.5061424773979851,0.49679988368583794,1472.1263438264853,1356700,4194304
1,7,2,2000,1,0.5061424773979851,0.49679988368583794,1472.1263438264853,1352600,4194304
1,7,2,2000,0,0.49464407043562486,0.49679988368583794,1460.4783755959118,19223700,83886080
1,7,2,20000,3,0.49095570326559707,0.49679988368583794,14692.408570761518,6718100,16777216
1,7,2,20000,2,0.49095570326559707,0.49679988368583794,14692.408570761518,7814800,16777216
1,7,2,20000,1,0.49095570326559707,0.49679988368583794,14692.408570761518,10711700,12582912
1,7,2,20000,0,0.4908359073339147,0.49679988368583794,14616.03223616274,173483800,-172929216
1,8,0,2000,0,0.48269239454835244,0.5,1444.0838393348133,4246100,12582912
1,8,0,2000,1,0.48273485978684977,0.5,1456.692824745071,760100,4194304
1,8,0,2000,2,0.48273485978684977,0.5,1456.692824745071,1096200,4194304
1,8,0,2000,3,0.48273485978684977,0.5,1456.692824745071,1302300,4194304
1,8,0,20000,0,0.5020540485667326,0.5,14569.558178748042,34441300,150994944
1,8,0,20000,1,0.5021225518086276,0.5,14598.352433338327,4967000,12582912
1,8,0,20000,2,0.5021225518086276,0.5,14598.352433338327,4771000,12582912
1,8,0,20000,3,0.5021225518086276,0.5,14598.352433338327,12270800,-927162328
1,8,1,2000,0,0.9940142610075904,0.9900990099009901,155.28495636500637,4331400,16777216
1,8,1,2000,1,0.9883307605328631,0.9900990099009901,160.52264280452005,848400,0
1,8,1,2000,2,0.9883307605328631,0.9900990099009901,160.52264280452005,1084400,4194304
1,8,1,2000,3,0.9883307605328631,0.9900990099009901,160.52264280452005,1096100,8388608
1,8,1,20000,0,0.9892212779561723,0.9900990099009901,1677.1457702232997,34516200,146800640
1,8,1,20000,1,0.9894997999742969,0.9900990099009901,1685.6113367809367,4866400,12582912
1,8,1,20000,2,0.9894997999742969,0.9900990099009901,1685.6113367809367,5787300,16777216
1,8,1,20000,3,0.9894997999742969,0.9900990099009901,1685.6113367809367,5024200,16777216
1,8,2,2000,0,0.47939490624213393,0.49679988368583794,1449.87982541939,19066900,83886080
1,8,2,2000,1,0.47950324208643624,0.49679988368583794,1462.5861475305871,1550700,0
1,8,2,2000,2,0.47950324208643624,0.49679988368583794,1462.5861475305871,1410700,8388608
1,8,2,2000,3,0.47950324208643624,0.49679988368583794,1462.5861475305871,1115700,8388608
1,8,2,20000,0,0.4988243502307123,0.49679988368583794,14627.196372543489,188798300,-113724272
1,8,2,20000,1,0.4988953975209961,0.49679988368583794,14656.079845446724,11304800,12582912
1,8,2,20000,2,0.4988953975209961,0.49679988368583794,14656.079845446724,9536900,16777216
1,8,2,20000,3,0.4988953975209961,0.49679988368583794,14656.079845446724,7086600,16777216
1,9,0,2000,3,0.49666635031027473,0.5,1450.3521038284016,1093300,8388608
1,9,0,2000,2,0.49666635031027473,0.5,1450.3521038284016,899900,8388608
1,9,0,2000,1,0.49666635031027473,0.5,1450.3521038284016,666900,0
1,9,0,2000,0,0.4716203907806936,0.5,1464.1373708970918,4219500,16777216
1,9,0,20000,3,0.5041560938995097,0.5,14663.041923738092,4843700,16777216
1,9,0,20000,2,0.5041560938995097,0.5,14663.041923738092,5094300,16777216
1,9,0,20000,1,0.5041560938995097,0.5,14663.041923738092,4762800,12582912
1,9,0,20000,0,0.5065190278704247,0.5,14669.12078647373,35099800,146800640
1,9,1,2000,3,0.9854936748220935,0.9900990099009901,174.89607995489996,1494200,8388608
1,9,1,2000,2,0.9854936748220935,0.9900990099009901,174.89607995489996,898100,8388608
1,9,1,2000,1,0.9854936748220935,0.9900990099009901,174.89607995489996,700800,0
1,9,1,2000,0,0.9870182888580882,0.9900990099009901,165.0162922346773,4640600,16777216
1,9,1,20000,3,0.9896297781455412,0.9900990099009901,1725.7054386843797,5657100,16777216
1,9,1,20000,2,0.9896297781455412,0.9900990099009901,1725.7054386843797,4753600,16777216
1,9,1,20000,1,0.9896297781455412,0.9900990099009901,1725.7054386843797,4784600,12582912
1,9,1,20000,0,0.9930608106770904,0.9900990099009901,1756.2698087441545,36080300,146800640
1,9,2,2000,3,0.4933511890101795,0.49679988368583794,1456.2280785902194,1436300,12582912
1,9,2,2000,2,0.4933511890101795,0.49679988368583794,1456.2280785902194,1283000,4194304
1,9,2,2000,1,0.4933511890101795,0.49679988368583794,1456.2280785902194,1234600,0
1,9,2,2000,0,0.46829001876902304,0.49679988368583794,1470.030525419808,19062900,88080384
1,9,2,20000,3,0.5009357286686913,0.49679988368583794,14720.63090450909,7977200,16777216
1,9,2,20000,2,0.5009357286686913,0.49679988368583794,14720.63090450909,7904300,16777216
1,9,2,20000,1,0.5009357286686913,0.49679988368583794,14720.63090450909,10591900,12582912
1,9,2,20000,0,0.5032952586641103,0.49679988368583794,14726.313212677622,180727000,-147878768
1,10,0,2000,0,0.5007992623860249,0.5,1485.4648951130741,4473300,16777216
1,10,0,2000,1,0.4994430683276377,0.5,1480.5192759189429,767000,0
1,10,0,2000,2,0.4994430683276377,0.5,1480.5192759189429,1116700,8388608
1,10,0,2000,3,0.4994430683276377,0.5,1480.5192759189429,958800,8388608
1,10,0,20000,0,0.5015983910154024,0.5,14713.157321505752,37249300,146800640
1,10,0,20000,1,0.5060987438988941,0.5,14708.65215891491,4968600,12582912
1,10,0,20000,2,0.5060987438988941,0.5,14708.65215891491,4766500,16777216
1,10,0,20000,3,0.5060987438988941,0.5,14708.65215891491,5219100,16777216
1,10,1,2000,0,0.9903013371860944,0.9900990099009901,178.1478006481154,4664500,16777216
1,10,1,2000,1,0.983324457521388,0.9900990099009901,173.49889377050863,728000,0
1,10,1,2000,2,0.983324457521388,0.9900990099009901,173.49889377050863,944300,8388608
1,10,1,2000,3,0.983324457521388,0.9900990099009901,173.49889377050863,2058500,-974154136
1,10,1,20000,0,0.9889319804968447,0.9900990099009901,1698.9101710058749,36766300,150994944
1,10,1,20000,1,0.9869138914406043,0.9900990099009901,1715.5296883813403,5512100,8388608
1,10,1,20000,2,0.9869138914406043,0.9900990099009901,1715.5296883813403,6432200,16777216
1,10,1,20000,3,0.9869138914406043,0.9900990099009901,1715.5296883813403,4559300,16777216
1,10,2,2000,0,0.4976693636246198,0.49679988368583794,1491.02319248563,19939900,88080384
1,10,2,2000,1,0.4963178740451135,0.49679988368583794,1486.1854228918153,1411300,0
1,10,2,2000,2,0.4963178740451135,0.49679988368583794,1486.1854228918153,1306400,8388608
1,10,2,2000,3,0.4963178740451135,0.49679988368583794,1486.1854228918153,1135600,8388608
1,10,2,20000,0,0.49844035910298656,0.49679988368583794,14769.570363451694,180350500,-120927712
1,10,2,20000,1,0.5029245784116216,0.49679988368583794,14765.250292316347,10952400,12582912
1,10,2,20000,2,0.5029245784116216,0.49679988368583794,14765.250292316347,11376900,16777216
1,10,2,20000,3,0.5029245784116216,0.49679988368583794,14765.250292316347,7798300,20971520
1,11,0,2000,3,0.4802872206547506,0.5,1472.2510276388978,1483100,4194304
1,11,0,2000,2,0.4802872206547506,0.5,1472.2510276388978,864800,8388608
1,11,0,2000,1,0.4802872206547506,0.5,1472.2510276388978,865400,0
1,11,0,2000,0,0.48571743857490307,0.5,1486.8150667336088,6338900,16777216
1,11,0,20000,3,0.49348654764743377,0.5,14695.654520391327,4586000,16777216
1,11,0,20000,2,0.49348654764743377,0.5,14695.654520391327,7141100,16777216
1,11,0,20000,1,0.49348654764743377,0.5,14695.654520391327,6284100,8388608
1,11,0,20000,0,0.4991409885849892,0.5,14657.410574216754,34736400,150994944
1,11,1,2000,3,0.9896978626179812,0.9900990099009901,161.9523453112033,1818000,8388608
1,11,1,2000,2,0.9896978626179812,0.9900990099009901,161.9523453112033,1018800,4194304
1,11,1,2000,1,0.9896978626179812,0.9900990099009901,161.9523453112033,703500,4194304
1,11,1,2000,0,0.98521946041328,0.9900990099009901,163.65431591845342,4066300,16777216
1,11,1,20000,3,0.9890581506676452,0.9900990099009901,1716.755419726194,5017800,16777216
1,11,1,20000,2,0.9890581506676452,0.9900990099009901,1716.755419726194,5849500,16777216
1,11,1,20000,1,0.9890581506676452,0.9900990099009901,1716.755419726194,4564600,8388608
1,11,1,20000,0,0.9916156579252929,0.9900990099009901,1702.7414351630086,35098900,150994944
1,11,2,2000,3,0.4770859413652119,0.49679988368583794,1478.05167745982,1641900,12582912
1,11,2,2000,2,0.4770859413652119,0.49679988368583794,1478.05167745982,1378100,4194304
1,11,2,2000,1,0.4770859413652119,0.49679988368583794,1478.05167745982,1286700,0
1,11,2,2000,0,0.4825757940853951,0.49679988368583794,1492.5265456329385,19147500,88080384
1,11,2,20000,3,0.49029136610380014,0.49679988368583794,14753.392242282232,6901800,20971520
1,11,2,20000,2,0.49029136610380014,0.49679988368583794,14753.392242282232,9894000,12582912
1,11,2,20000,1,0.49029136610380014,0.49679988368583794,14753.392242282232,10687900,12582912
1,11,2,20000,0,0.4959374893580772,0.49679988368583794,14714.51006567145,209676000,-147389152
1,12,0,2000,0,0.49813511759031,0.5,1473.1831924065214,4363100,16777216
1,12,0,2000,1,0.5070317430908161,0.5,1462.0012251437984,794900,0
1,12,0,2000,2,0.5070317430908161,0.5,1462.0012251437984,1161600,4194304
1,12,0,2000,3,0.5070317430908161,0.5,1462.0012251437984,979100,8388608
1,12,0,20000,0,0.5013499236854322,0.5,14679.762328490242,36431900,146800640
1,12,0,20000,1,0.4929490854930922,0.5,14631.074696413418,4677700,12582912
1,12,0,20000,2,0.4929490854930922,0.5,14631.074696413418,4693300,16777216
1,12,0,20000,3,0.4929490854930922,0.5,14631.074696413418,5484400,16777216
1,12,1,2000,0,0.9803572359758193,0.9900990099009901,164.9775890906964,4882200,16777216
1,12,1,2000,1,0.9914501706643377,0.9900990099009901,171.73020929036912,754300,0
1,12,1,2000,2,0.9914501706643377,0.9900990099009901,171.73020929036912,939300,8388608
1,12,1,2000,3,0.9914501706643377,0.9900990099009901,171.73020929036912,889800,4194304
1,12,1,20000,0,0.9879316226287981,0.9900990099009901,1744.3407072054451,35353200,-830449424
1,12,1,20000,1,0.9905025714567005,0.9900990099009901,1682.5478160293187,4706600,12582912
1,12,1,20000,2,0.9905025714567005,0.9900990099009901,1682.5478160293187,5318200,16777216
1,12,1,20000,3,0.9905025714567005,0.9900990099009901,1682.5478160293187,4790300,16777216
1,12,2,2000,0,0.4950223052971806,0.49679988368583794,1478.8408760031086,18995600,88080384
1,12,2,2000,1,0.5038424052121633,0.49679988368583794,1467.7343670952107,1288000,0
1,12,2,2000,2,0.5038424052121633,0.49679988368583794,1467.7343670952107,1594800,8388608
1,12,2,2000,3,0.5038424052121633,0.49679988368583794,1467.7343670952107,1159400,8388608
1,12,2,20000,0,0.49818983414828705,0.49679988368583794,14736.423552717686,179855500,-116775312
1,12,2,20000,1,0.48974987103263234,0.49679988368583794,14688.579380263467,10894900,8388608
1,12,2,20000,2,0.48974987103263234,0.49679988368583794,14688.579380263467,8229200,16777216
1,12,2,20000,3,0.48974987103263234,0.49679988368583794,14688.579380263467,6911300,20971520
1,13,0,2000,3,0.48293012466420276,0.5,1468.4572128728419,1068800,8388608
1,13,0,2000,2,0.48293012466420276,0.5,1468.4572128728419,839900,4194304
1,13,0,2000,1,0.48293012466420276,0.5,1468.4572128728419,644500,0
1,13,0,2000,0,0.5024286687479678,0.5,1462.0524575721017,4291800,16777216
1,13,0,20000,3,0.49570158331429226,0.5,14630.077796319538,4525600,16777216
1,13,0,20000,2,0.49570158331429226,0.5,14630.077796319538,4470800,16777216
1,13,0,20000,1,0.49570158331429226,0.5,14630.077796319538,4762300,12582912
1,13,0,20000,0,0.5021463289186886,0.5,14659.465824223053,35828600,146800640
1,13,1,2000,3,0.9941820425875064,0.9900990099009901,170.54363181679904,1384800,8388608
1,13,1,2000,2,0.9941820425875064,0.9900990099009901,170.54363181679904,849600,4194304
1,13,1,2000,1,0.9941820425875064,0.9900990099009901,170.54363181679904,636400,0
1,13,1,2000,0,0.9978278539185064,0.9900990099009901,184.4216769343756,4567700,16777216
1,13,1,20000,3,0.9875964758816912,0.9900990099009901,1702.5571837574914,4816700,16777216
1,13,1,20000,2,0.9875964758816912,0.9900990099009901,1702.5571837574914,4729100,16777216
1,13,1,20000,1,0.9875964758816912,0.9900990099009901,1702.5571837574914,4806700,12582912
1,13,1,20000,0,0.9889606928318996,0.9900990099009901,1725.8286622763599,35574100,146800640
1,13,2,2000,3,0.47978267163017224,0.49679988368583794,1474.1611050989216,1725300,12582912
1,13,2,2000,2,0.47978267163017224,0.49679988368583794,1474.1611050989216,1324800,4194304
1,13,2,2000,1,0.47978267163017224,0.49679988368583794,1474.1611050989216,1235200,4194304
1,13,2,2000,0,0.49916974072396386,0.49679988368583794,1467.7740151710018,21640400,88080384
1,13,2,20000,3,0.4924926858750603,0.49679988368583794,14687.845400252872,6783900,16777216
1,13,2,20000,2,0.4924926858750603,0.49679988368583794,14687.845400252872,9432100,16777216
1,13,2,20000,1,0.4924926858750603,0.49679988368583794,14687.845400252872,12598500,12582912
1,13,2,20000,0,0.4989636598490881,0.49679988368583794,14716.476074005972,181385200,-122248608
1,14,0,2000,0,0.5009278540434043,0.5,1498.2456996795627,5094500,16777216
1,14,0,2000,1,0.5242932806739056,0.5,1487.7995767311959,822500,4194304
1,14,0,2000,2,0.5242932806739056,0.5,1487.7995767311959,1079800,4194304
1,14,0,2000,3,0.5242932806739056,0.5,1487.7995767311959,1209600,4194304
1,14,0,20000,0,0.49749127011135025,0.5,14698.714253085695,34171200,150994944
1,14,0,20000,1,0.5016440482109455,0.5,14693.62257282013,4740100,12582912
1,14,0,20000,2,0.5016440482109455,0.5,14693.62257282013,4656600,16777216
1,14,0,20000,3,0.5016440482109455,0.5,14693.62257282013,5119900,16777216
1,14,1,2000,0,0.9940226997715867,0.9900990099009901,180.10772505126073,4829300,16777216
1,14,1,2000,1,0.9959450040807213,0.9900990099009901,180.81560226917728,721400,0
1,14,1,2000,2,0.9959450040807213,0.9900990099009901,180.81560226917728,1133000,4194304
1,14,1,2000,3,0.9959450040807213,0.9900990099009901,180.81560226917728,959200,8388608
1,14,1,20000,0,0.9917111530775483,0.9900990099009901,1669.880942632134,37783000,-830320560
1,14,1,20000,1,0.9902055460165523,0.9900990099009901,1741.5277166601215,4616600,12582912
1,14,1,20000,2,0.9902055460165523,0.9900990099009901,1741.5277166601215,5816900,16777216
1,14,1,20000,3,0.9902055460165523,0.9900990099009901,1741.5277166601215,4576700,16777216
1,14,2,2000,0,0.4979318189432297,0.49679988368583794,1503.8120014759336,20071800,88080384
1,14,2,2000,1,0.5213490849370549,0.49679988368583794,1493.1452410563568,1788300,4194304
1,14,2,2000,2,0.5213490849370549,0.49679988368583794,1493.1452410563568,1537900,4194304
1,14,2,2000,3,0.5213490849370549,0.49679988368583794,1493.1452410563568,1585100,12582912
1,14,2,20000,0,0.4943078597053157,0.49679988368583794,14755.481412720126,180450400,-108523648
1,14,2,20000,1,0.4984536986703756,0.49679988368583794,14750.599874281092,10841100,12582912
1,14,2,20000,2,0.4984536986703756,0.49679988368583794,14750.599874281092,8156100,16777216
1,14,2,20000,3,0.4984536986703756,0.49679988368583794,14750.599874281092,6927600,16777216
1,15,0,2000,3,0.4884171783573331,0.5,1480.4172345813208,1066200,8388608
1,15,0,2000,2,0.4884171783573331,0.5,1480.4172345813208,824000,8388608
1,15,0,2000,1,0.4884171783573331,0.5,1480.4172345813208,770700,0
1,15,0,2000,0,0.47503982643244114,0.5,1472.7281605523433,4207800,16777216
1,15,0,20000,3,0.4902305936533026,0.5,14675.1946427262,5130600,16777216
1,15,0,20000,2,0.4902305936533026,0.5,14675.1946427262,4496400,16777216
1,15,0,20000,1,0.4902305936533026,0.5,14675.1946427262,4462400,12582912
1,15,0,20000,0,0.4930323958395896,0.5,14690.251333086168,34609900,150994944
1,15,1,2000,3,0.9873804527048898,0.9900990099009901,160.34665603831314,1745300,8388608
1,15,1,2000,2,0.9873804527048898,0.9900990099009901,160.34665603831314,899400,4194304
1,15,1,2000,1,0.9873804527048898,0.9900990099009901,160.34665603831314,800300,0
1,15,1,2000,0,0.9962513322814621,0.9900990099009901,156.912308299333,4823400,16777216
1,15,1,20000,3,0.9902854730087505,0.9900990099009901,1700.1013420565487,4771600,16777216
1,15,1,20000,2,0.9902854730087505,0.9900990099009901,1700.1013420565487,5072300,16777216
1,15,1,20000,1,0.9902854730087505,0.9900990099009901,1700.1013420565487,5186900,8388608
1,15,1,20000,0,0.9911743169904675,0.9900990099009901,1695.3682217769085,50777800,150994944
1,15,2,2000,3,0.48523798029941007,0.49679988368583794,1486.1490991801593,1654200,8388608
1,15,2,2000,2,0.48523798029941007,0.49679988368583794,1486.1490991801593,1274200,8388608
1,15,2,2000,1,0.48523798029941007,0.49679988368583794,1486.1490991801593,1256900,0
1,15,2,2000,0,0.4719088842458651,0.49679988368583794,1478.6320519701235,21950100,79691776
1,15,2,20000,3,0.48703402206443563,0.49679988368583794,14732.921525036749,7053600,20971520
1,15,2,20000,2,0.48703402206443563,0.49679988368583794,14732.921525036749,10785500,16777216
1,15,2,20000,1,0.48703402206443563,0.49679988368583794,14732.921525036749,10862100,8388608
1,15,2,20000,0,0.4898578920067084,0.49679988368583794,14747.788186336475,169737300,-206130176
1,16,0,2000,0,0.48467450946063917,0.5,1457.9404271382957,6150300,16777216
1,16,0,2000,1,0.4777609710492447,0.5,1457.4082246139133,875500,4194304
1,16,0,2000,2,0.4777609710492447,0.5,1457.4082246139133,1076600,4194304
1,16,0,2000,3,0.4777609710492447,0.5,1457.4082246139133,932500,8388608
1,16,0,20000,0,0.5037359378370045,0.5,14660.161093062661,34933700,146800640
1,16,0,20000,1,0.5002786253869578,0.5,14671.602743942152,4590200,12582912
1,16,0,20000,2,0.5002786253869578,0.5,14671.602743942152,4928900,16777216
1,16,0,20000,3,0.5002786253869578,0.5,14671.602743942152,4777500,16777216
1,16,1,2000,0,0.9931124061350924,0.9900990099009901,152.1011175045047,4149600,16777216
1,16,1,2000,1,0.9837429731374099,0.9900990099009901,160.13074686297213,720300,0
1,16,1,2000,2,0.9837429731374099,0.9900990099009901,160.13074686297213,877700,8388608
1,16,1,2000,3,0.9837429731374099,0.9900990099009901,160.13074686297213,886000,8388608
1,16,1,20000,0,0.9861736857954427,0.9900990099009901,1716.3760398774773,35128400,146800640
1,16,1,20000,1,0.9890401716008987,0.9900990099009901,1716.6664136026827,6273900,-968497952
1,16,1,20000,2,0.9890401716008987,0.9900990099009901,1716.6664136026827,5817100,16777216
1,16,1,20000,3,0.9890401716008987,0.9900990099009901,1716.6664136026827,5396700,16777216
1,16,2,2000,0,0.4813591872903784,0.49679988368583794,1463.8033834396797,19656900,83886080
1,16,2,2000,1,0.4744807902304395,0.49679988368583794,1463.2449819923884,1384800,4194304
1,16,2,2000,2,0.4744807902304395,0.49679988368583794,1463.2449819923884,1389700,4194304
1,16,2,2000,3,0.4744807902304395,0.49679988368583794,1463.2449819923884,1111200,8388608
1,16,2,20000,0,0.5005216160541809,0.49679988368583794,14717.024491258904,176740500,830472192
1,16,2,20000,1,0.4970633411533785,0.49679988368583794,14728.64023904477,12143000,-968050544
1,16,2,20000,2,0.4970633411533785,0.49679988368583794,14728.64023904477,10795400,16777216
1,16,2,20000,3,0.4970633411533785,0.49679988368583794,14728.64023904477,7718600,20971520
1,17,0,2000,3,0.5055888821695033,0.5,1467.6336491322525,1074800,4194304
1,17,0,2000,2,0.5055888821695033,0.5,1467.6336491322525,916800,8388608
1,17,0,2000,1,0.5055888821695033,0.5,1467.6336491322525,645900,0
1,17,0,2000,0,0.520549220232245,0.5,1475.5378444220771,5140400,16777216
1,17,0,20000,3,0.5025421207921122,0.5,14711.856872111266,4496900,16777216
1,17,0,20000,2,0.5025421207921122,0.5,14711.856872111266,4682700,16777216
1,17,0,20000,1,0.5025421207921122,0.5,14711.856872111266,4666700,12582912
1,17,0,20000,0,0.4895550604983524,0.5,14638.619432578425,36800100,146800640
1,17,1,2000,3,0.9920209561089123,0.9900990099009901,182.52541151529869,1321600,8388608
1,17,1,2000,2,0.9920209561089123,0.9900990099009901,182.52541151529869,855400,8388608
1,17,1,2000,1,0.9920209561089123,0.9900990099009901,182.52541151529869,620200,0
1,17,1,2000,0,0.9916645111767893,0.9900990099009901,170.59237931329238,4174300,16777216
1,17,1,20000,3,0.9909458283664562,0.9900990099009901,1694.7020885945592,4929600,16777216
1,17,1,20000,2,0.9909458283664562,0.9900990099009901,1694.7020885945592,4727300,16777216
1,17,1,20000,1,0.9909458283664562,0.9900990099009901,1694.7020885945592,5642500,12582912
1,17,1,20000,0,0.9864089855914885,0.9900990099009901,1693.7853635558367,34593200,146800640
1,17,2,2000,3,0.5023938067931417,0.49679988368583794,1473.3109356747318,1760800,12582912
1,17,2,2000,2,0.5023938067931417,0.49679988368583794,1473.3109356747318,1731300,4194304
1,17,2,2000,1,0.5023938067931417,0.49679988368583794,1473.3109356747318,1323300,0
1,17,2,2000,0,0.517411708191347,0.49679988368583794,1481.237492445891,19447800,88080384
1,17,2,20000,3,0.49939924257924406,0.49679988368583794,14768.6126713242,7057700,16777216
1,17,2,20000,2,0.49939924257924406,0.49679988368583794,14768.6126713242,9187400,16777216
1,17,2,20000,1,0.49939924257924406,0.49679988368583794,14768.6126713242,10923400,12582912
1,17,2,20000,0,0.4863323514821351,0.49679988368583794,14696.230907100853,184875900,-151978144
1,18,0,2000,0,0.5061213486156743,0.5,1493.493661986064,4619800,16777216
1,18,0,2000,1,0.4982517260753294,0.5,1475.403264656532,736500,4194304
1,18,0,2000,2,0.4982517260753294,0.5,1475.403264656532,1191000,4194304
1,18,0,2000,3,0.4982517260753294,0.5,1475.403264656532,925800,4194304
1,18,0,20000,0,0.5009797828932696,0.5,14662.390522147014,33828300,150994944
1,18,0,20000,1,0.5031017356263212,0.5,14685.146555189762,4525300,12582912
1,18,0,20000,2,0.5031017356263212,0.5,14685.146555189762,5125200,12582912
1,18,0,20000,3,0.5031017356263212,0.5,14685.146555189762,4890700,16777216
1,18,1,2000,0,0.9833214290639646,0.9900990099009901,155.48696671229519,4746000,16777216
1,18,1,2000,1,0.9754681125088046,0.9900990099009901,168.7661168337458,656800,0
1,18,1,2000,2,0.9754681125088046,0.9900990099009901,168.7661168337458,1021600,4194304
1,18,1,2000,3,0.9754681125088046,0.9900990099009901,168.7661168337458,1170500,8388608
1,18,1,20000,0,0.9892730459205408,0.9900990099009901,1642.0611835433592,38185000,150994944
1,18,1,20000,1,0.9882050064761041,0.9900990099009901,1646.6547585074,4976600,12582912
1,18,1,20000,2,0.9882050064761041,0.9900990099009901,1646.6547585074,5000000,16777216
1,18,1,20000,3,0.9882050064761041,0.9900990099009901,1646.6547585074,4720400,16777216
1,18,2,2000,0,0.5031409392709466,0.49679988368583794,1499.0144041271747,20738200,-893838056
1,18,2,2000,1,0.4951643659163835,0.49679988368583794,1480.9395541206975,1274300,0
1,18,2,2000,2,0.4951643659163835,0.49679988368583794,1480.9395541206975,1268400,8388608
1,18,2,2000,3,0.4951643659163835,0.49679988368583794,1480.9395541206975,1172700,8388608
1,18,2,20000,0,0.4977717464364417,0.49679988368583794,14719.438855322858,176616400,859832320
1,18,2,20000,1,0.49993845591006636,0.49679988368583794,14742.070267361183,10586100,12582912
1,18,2,20000,2,0.49993845591006636,0.49679988368583794,14742.070267361183,9528600,16777216
1,18,2,20000,3,0.49993845591006636,0.49679988368583794,14742.070267361183,6914700,20971520
1,19,0,2000,3,0.521693202026616,0.5,1458.3891377925688,2136700,-969056008
1,19,0,2000,2,0.521693202026616,0.5,1458.3891377925688,871100,4194304
1,19,0,2000,1,0.521693202026616,0.5,1458.3891377925688,687900,0
1,19,0,2000,0,0.4899171849881289,0.5,1452.9577231453468,4689200,16777216
1,19,0,20000,3,0.5060118184199248,0.5,14645.673896550561,4492700,16777216
1,19,0,20000,2,0.5060118184199248,0.5,14645.673896550561,4396000,16777216
1,19,0,20000,1,0.5060118184199248,0.5,14645.673896550561,4802100,12582912
1,19,0,20000,0,0.5005759304269202,0.5,14614.113643522578,35177400,146800640
1,19,1,2000,3,0.9991445952875265,0.9900990099009901,164.27711478599036,1185500,8388608
1,19,1,2000,2,0.9991445952875265,0.9900990099009901,164.27711478599036,882800,8388608
1,19,1,2000,1,0.9991445952875265,0.9900990099009901,164.27711478599036,649500,0
1,19,1,2000,0,0.9881740906602644,0.9900990099009901,155.03934936759086,4461700,16777216
1,19,1,20000,3,0.9910547012159183,0.9900990099009901,1705.7816386607262,4379900,16777216
1,19,1,20000,2,0.9910547012159183,0.9900990099009901,1705.7816386607262,5303100,16777216
1,19,1,20000,1,0.9910547012159183,0.9900990099009901,1705.7816386607262,4580900,12582912
1,19,1,20000,0,0.9926894863680747,0.9900990099009901,1699.9358670845331,34156200,146800640
1,19,2,2000,3,0.5185250687481218,0.49679988368583794,1463.9837404823575,1515500,12582912
1,19,2,2000,2,0.5185250687481218,0.49679988368583794,1463.9837404823575,1391400,4194304
1,19,2,2000,1,0.5185250687481218,0.49679988368583794,1463.9837404823575,1654300,0
1,19,2,2000,0,0.48669386825673955,0.49679988368583794,1458.7923858871163,18696600,88080384
1,19,2,20000,3,0.5028087259492209,0.49679988368583794,14702.825317322902,7082800,16777216
1,19,2,20000,2,0.5028087259492209,0.49679988368583794,14702.825317322902,9494700,16777216
1,19,2,20000,1,0.5028087259492209,0.49679988368583794,14702.825317322902,10819400,12582912
1,19,2,20000,0,0.4973272234214597,0.49679988368583794,14671.868477342208,173571000,-150355760
2,0,0,2000,0,0.49557673317536,0.5,1483.999834413575,34884900,16777216
2,0,0,2000,1,0.50373102734628,0.5,1479.6373190959553,6300900,4194304
2,0,0,2000,2,0.50373102734628,0.5,1479.6373190959553,3641600,0
2,0,0,2000,3,0.50373102734628,0.5,1479.6373190959553,3798300,4194304
2,0,0,20000,0,0.4974411011333865,0.5,14638.115936951406,167769000,155189248
2,0,0,20000,1,0.507144495168095,0.5,14759.018173396658,14192100,12582912
2,0,0,20000,2,0.507144495168095,0.5,14759.018173396658,22286400,12582912
2,0,0,20000,3,0.507144495168095,0.5,14759.018173396658,28813400,12582912
2,0,1,2000,0,0.9872085553387954,0.9900990099009901,180.7335182491474,16297300,16777216
2,0,1,2000,1,0.9946849294380982,0.9900990099009901,179.5648788857563,1632300,0
2,0,1,2000,2,0.9946849294380982,0.9900990099009901,179.5648788857563,2240000,4194304
2,0,1,2000,3,0.9946849294380982,0.9900990099009901,179.5648788857563,2129400,0
2,0,1,20000,0,0.9861927269593268,0.9900990099009901,1719.6917238360024,96143400,-214097032
2,0,1,20000,1,0.9898101136716773,0.9900990099009901,1741.2182190439826,8237300,12582912
2,0,1,20000,2,0.9898101136716773,0.9900990099009901,1741.2182190439826,7831000,12582912
2,0,1,20000,3,0.9898101136716773,0.9900990099009901,1741.2182190439826,7629200,8388608
2,0,2,2000,0,0.49252225446891956,0.49679988368583794,1489.5756833838605,72532000,67108864
2,0,2,2000,1,0.5005747189893939,0.49679988368583794,1485.2885258183135,8011900,4194304
2,0,2,2000,2,0.5005747189893939,0.49679988368583794,1485.2885258183135,21555400,0
2,0,2,2000,3,0.5005747189893939,0.49679988368583794,1485.2885258183135,22058400,4194304
2,0,2,20000,0,0.4941971903520817,0.49679988368583794,14695.781307608037,284714800,232935464
2,0,2,20000,1,0.5039833445137045,0.49679988368583794,14815.722162872124,17717700,8388608
2,0,2,20000,2,0.5039833445137045,0.49679988368583794,14815.722162872124,12391100,12582912
2,0,2,20000,3,0.5039833445137045,0.49679988368583794,14815.722162872124,7537800,12582912
2,1,0,2000,3,0.49833476011728506,0.5,1451.651673672513,1252300,4194304
2,1,0,2000,2,0.49833476011728506,0.5,1451.651673672513,1254400,4194304
2,1,0,2000,1,0.49833476011728506,0.5,1451.651673672513,1077900,0
2,1,0,2000,0,0.4998406661460387,0.5,1451.9272145276957,8964600,16777216
2,1,0,20000,3,0.5030571219272437,0.5,14662.854958246624,5886000,12582912
2,1,0,20000,2,0.5030571219272437,0.5,14662.854958246624,5467300,12582912
2,1,0,20000,1,0.5030571219272437,0.5,14662.854958246624,5450400,12582912
2,1,0,20000,0,0.5089465764105521,0.5,14671.025039626962,55784400,-480766744
2,1,1,2000,3,0.989352506383413,0.9900990099009901,170.5556728410318,1745300,4194304
2,1,1,2000,2,0.989352506383413,0.9900990099009901,170.5556728410318,1297000,0
2,1,1,2000,1,0.989352506383413,0.9900990099009901,170.5556728410318,989900,4194304
2,1,1,2000,0,0.9962865683188258,0.9900990099009901,166.90177912867208,7104300,12582912
2,1,1,20000,3,0.9915291897046976,0.9900990099009901,1682.7628196823105,7495200,16777216
2,1,1,20000,2,0.9915291897046976,0.9900990099009901,1682.7628196823105,6227300,12582912
2,1,1,20000,1,0.9915291897046976,0.9900990099009901,1682.7628196823105,5643100,12582912
2,1,1,20000,0,0.9928618822344562,0.9900990099009901,1782.608557052126,50859200,146800640
2,1,2,2000,3,0.495085771379185,0.49679988368583794,1457.493850750301,1911200,4194304
2,1,2,2000,2,0.495085771379185,0.49679988368583794,1457.493850750301,1351800,4194304
2,1,2,2000,1,0.495085771379185,0.49679988368583794,1457.493850750301,1803700,4194304
2,1,2,2000,0,0.4964610476146426,0.49679988368583794,1457.8451467107996,24827200,75497472
2,1,2,20000,3,0.4998405447301294,0.49679988368583794,14719.953091973313,7935400,16777216
2,1,2,20000,2,0.4998405447301294,0.49679988368583794,14719.953091973313,10247200,12582912
2,1,2,20000,1,0.4998405447301294,0.49679988368583794,14719.953091973313,12775300,12582912
2,1,2,20000,0,0.5057429651415495,0.49679988368583794,14728.06161440678,179373200,-17479088
2,2,0,2000,0,0.5012260829982775,0.5,1456.9982430720286,5437000,12582912
2,2,0,2000,1,0.48389318805950415,0.5,1464.6074874231551,804000,4194304
2,2,0,2000,2,0.48389318805950415,0.5,1464.6074874231551,1185400,4194304
2,2,0,2000,3,0.48389318805950415,0.5,1464.6074874231551,1070900,4194304
2,2,0,20000,0,0.503727998951877,0.5,14688.808691813023,36006100,150994944
2,2,0,20000,1,0.5008169838184251,0.5,14700.5590809097,5722600,8388608
2,2,0,20000,2,0.5008169838184251,0.5,14700.5590809097,6362000,16777216
2,2,0,20000,3,0.5008169838184251,0.5,14700.5590809097,4737800,12582912
2,2,1,2000,0,0.9965619113212206,0.9900990099009901,176.37080850272946,5746100,16777216
2,2,1,2000,1,0.9900932545964772,0.9900990099009901,171.68286045825948,794800,0
2,2,1,2000,2,0.9900932545964772,0.9900990099009901,171.68286045825948,998800,4194304
2,2,1,2000,3,0.9900932545964772,0.9900990099009901,171.68286045825948,1004000,8388608
2,2,1,20000,0,0.9899446067025445,0.9900990099009901,1670.1393814916107,37536000,150994944
2,2,1,20000,1,0.9892748325019171,0.9900990099009901,1722.9002074836183,6682000,8388608
2,2,1,20000,2,0.9892748325019171,0.9900990099009901,1722.9002074836183,10395100,-783623472
2,2,1,20000,3,0.9892748325019171,0.9900990099009901,1722.9002074836183,5191000,16777216
2,2,2,2000,0,0.49799278186561174,0.49679988368583794,1462.7125706126874,19944000,79691776
2,2,2,2000,1,0.4806849236151901,0.49679988368583794,1470.3031944991021,1418400,4194304
2,2,2,2000,2,0.4806849236151901,0.49679988368583794,1470.3031944991021,1484600,4194304
2,2,2,2000,3,0.4806849236151901,0.49679988368583794,1470.3031944991021,1271700,4194304
2,2,2,20000,0,0.500607411865723,0.49679988368583794,14745.480614113636,177254600,11981328
2,2,2,20000,1,0.4976693134049015,0.49679988368583794,14757.327665106626,10934600,12582912
2,2,2,20000,2,0.4976693134049015,0.49679988368583794,14757.327665106626,9005600,16777216
2,2,2,20000,3,0.4976693134049015,0.49679988368583794,14757.327665106626,7098300,16777216
2,3,0,2000,3,0.4938623203283447,0.5,1450.4717224325898,1405100,8388608
2,3,0,2000,2,0.4938623203283447,0.5,1450.4717224325898,1263500,4194304
2,3,0,2000,1,0.4938623203283447,0.5,1450.4717224325898,788300,0
2,3,0,2000,0,0.48709671156939677,0.5,1454.4071725622919,6264400,16777216
2,3,0,20000,3,0.5066487870573754,0.5,14624.356586796239,4942800,16777216
2,3,0,20000,2,0.5066487870573754,0.5,14624.356586796239,5041700,12582912
2,3,0,20000,1,0.5066487870573754,0.5,14624.356586796239,4841100,12582912
2,3,0,20000,0,0.5055502988599472,0.5,14615.293744639619,37594000,150994944
2,3,1,2000,3,0.9864508120190085,0.9900990099009901,182.63700413311713,1703600,4194304
2,3,1,2000,2,0.9864508120190085,0.9900990099009901,182.63700413311713,962300,4194304
2,3,1,2000,1,0.9864508120190085,0.9900990099009901,182.63700413311713,762900,0
2,3,1,2000,0,0.9930227174310957,0.9900990099009901,146.65103603829394,5628700,16777216
2,3,1,20000,3,0.9909877794555862,0.9900990099009901,1722.3192044701443,4761400,16777216
2,3,1,20000,2,0.9909877794555862,0.9900990099009901,1722.3192044701443,5538900,16777216
2,3,1,20000,1,0.9909877794555862,0.9900990099009901,1722.3192044701443,5743800,12582912
2,3,1,20000,0,0.9892595126888557,0.9900990099009901,1724.4632191911144,35649900,150994944
2,3,2,2000,3,0.49052722379375835,0.49679988368583794,1456.4318054639461,1581700,4194304
2,3,2,2000,2,0.49052722379375835,0.49679988368583794,1456.4318054639461,1346700,4194304
2,3,2,2000,1,0.49052722379375835,0.49679988368583794,1456.4318054639461,1777400,4194304
2,3,2,2000,0,0.48384042104208763,0.49679988368583794,1460.3667412425852,24427400,83886080
2,3,2,20000,3,0.5034216101194066,0.49679988368583794,14681.635280194816,7290200,20971520
2,3,2,20000,2,0.5034216101194066,0.49679988368583794,14681.635280194816,9852100,12582912
2,3,2,20000,1,0.5034216101194066,0.49679988368583794,14681.635280194816,10783100,12582912
2,3,2,20000,0,0.5023344561850873,0.49679988368583794,14672.869900908494,179721700,-4928048
2,4,0,2000,0,0.4750793297089332,0.5,1456.1212755756821,4446900,16777216
2,4,0,2000,1,0.48770681029953755,0.5,1434.8320567258431,834800,4194304
2,4,0,2000,2,0.48770681029953755,0.5,1434.8320567258431,1136900,4194304
2,4,0,2000,3,0.48770681029953755,0.5,1434.8320567258431,1580800,4194304
2,4,0,20000,0,0.4995829729619067,0.5,14621.668916726909,37852000,-650305336
2,4,0,20000,1,0.49882591674706644,0.5,14673.055917989515,4770900,12582912
2,4,0,20000,2,0.49882591674706644,0.5,14673.055917989515,5051200,12582912
2,4,0,20000,3,0.49882591674706644,0.5,14673.055917989515,5283200,16777216
2,4,1,2000,0,0.997638344263847,0.9900990099009901,161.8411738961546,4401300,16777216
2,4,1,2000,1,1.000589170991504,0.9900990099009901,156.60311244966806,704700,4194304
2,4,1,2000,2,1.000589170991504,0.9900990099009901,156.60311244966806,1205900,4194304
2,4,1,2000,3,1.000589170991504,0.9900990099009901,156.60311244966806,958500,4194304
2,4,1,20000,0,0.9881601831120949,0.9900990099009901,1713.7235235792673,36178800,150994944
2,4,1,20000,1,0.9887359896719448,0.9900990099009901,1706.43878307575,7235200,12582912
2,4,1,20000,2,0.9887359896719448,0.9900990099009901,1706.43878307575,5080800,12582912
2,4,1,20000,3,0.9887359896719448,0.9900990099009901,1706.43878307575,4772900,20971520
2,4,2,2000,0,0.47180748815067747,0.49679988368583794,1461.9893604254576,17300000,75497472
2,4,2,2000,1,0.4843665281518129,0.49679988368583794,1440.9017846973836,1588200,0
2,4,2,2000,2,0.4843665281518129,0.49679988368583794,1440.9017846973836,1366400,8388608
2,4,2,2000,3,0.4843665281518129,0.49679988368583794,1440.9017846973836,1325800,8388608
2,4,2,20000,0,0.4963597933154863,0.49679988368583794,14678.883907641679,185095200,17253352
2,4,2,20000,1,0.4956365781875498,0.49679988368583794,14730.269803869309,11125400,8388608
2,4,2,20000,2,0.4956365781875498,0.49679988368583794,14730.269803869309,10011800,16777216
2,4,2,20000,3,0.4956365781875498,0.49679988368583794,14730.269803869309,9300600,20971520
2,5,0,2000,3,0.5008354866933993,0.5,1472.3978951423828,1181500,8388608
2,5,0,2000,2,0.5008354866933993,0.5,1472.3978951423828,1020600,4194304
2,5,0,2000,1,0.5008354866933993,0.5,1472.3978951423828,827500,4194304
2,5,0,2000,0,0.47966017417537704,0.5,1452.8180148082347,5099300,12582912
2,5,0,20000,3,0.49512976686040644,0.5,14667.797217072854,5449100,16777216
2,5,0,20000,2,0.49512976686040644,0.5,14667.797217072854,4885500,16777216
2,5,0,20000,1,0.49512976686040644,0.5,14667.797217072854,4657700,12582912
2,5,0,20000,0,0.501306215895723,0.5,14729.47266437527,35488000,150994944
2,5,1,2000,3,0.9972263218586785,0.9900990099009901,183.89237843767813,1293700,4194304
2,5,1,2000,2,0.9972263218586785,0.9900990099009901,183.89237843767813,4323100,-792993152
2,5,1,2000,1,0.9972263218586785,0.9900990099009901,183.89237843767813,928700,0
2,5,1,2000,0,0.987482103140289,0.9900990099009901,155.43901022941662,4332100,16777216
2,5,1,20000,3,0.9909735488635876,0.9900990099009901,1738.7263145545191,5097500,16777216
2,5,1,20000,2,0.9909735488635876,0.9900990099009901,1738.7263145545191,5934300,16777216
2,5,1,20000,1,0.9909735488635876,0.9900990099009901,1738.7263145545191,4849300,12582912
2,5,1,20000,0,0.9890495893954383,0.9900990099009901,1756.563103076253,36108600,150994944
2,5,2,2000,3,0.49773258526997627,0.49679988368583794,1477.9923842285568,1471800,8388608
2,5,2,2000,2,0.49773258526997627,0.49679988368583794,1477.9923842285568,1572400,4194304
2,5,2,2000,1,0.49773258526997627,0.49679988368583794,1477.9923842285568,1323400,4194304
2,5,2,2000,0,0.4764068085636399,0.49679988368583794,1458.623862393163,21595400,83886080
2,5,2,20000,3,0.4919509421068979,0.49679988368583794,14725.439053410066,7035300,20971520
2,5,2,20000,2,0.4919509421068979,0.49679988368583794,14725.439053410066,9676300,12582912
2,5,2,20000,1,0.4919509421068979,0.49679988368583794,14725.439053410066,11113000,12582912
2,5,2,20000,0,0.49816542396578706,0.49679988368583794,14786.307214329958,179700900,29638280
2,6,0,2000,0,0.4792343945841859,0.5,1454.0955956513515,6277000,16777216
2,6,0,2000,1,0.46447483431064196,0.5,1449.9510243115785,1089400,0
2,6,0,2000,2,0.46447483431064196,0.5,1449.9510243115785,1210800,8388608
2,6,0,2000,3,0.46447483431064196,0.5,1449.9510243115785,1041500,8388608
2,6,0,20000,0,0.5026564357505272,0.5,14663.273921231792,50714600,146800640
2,6,0,20000,1,0.49443744225239905,0.5,14619.464661616867,4952700,12582912
2,6,0,20000,2,0.49443744225239905,0.5,14619.464661616867,4958200,16777216
2,6,0,20000,3,0.49443744225239905,0.5,14619.464661616867,5642900,16777216
2,6,1,2000,0,0.9863562995898857,0.9900990099009901,152.64785483193484,4623600,16777216
2,6,1,2000,1,0.9904144542051464,0.9900990099009901,141.44110365758797,818400,0
2,6,1,2000,2,0.9904144542051464,0.9900990099009901,141.44110365758797,1167500,8388608
2,6,1,2000,3,0.9904144542051464,0.9900990099009901,141.44110365758797,1007800,8388608
2,6,1,20000,0,0.9900193805541245,0.9900990099009901,1692.7446478416628,52382100,146800640
2,6,1,20000,1,0.9891383421084653,0.9900990099009901,1648.31398854902,9823200,-788765672
2,6,1,20000,2,0.9891383421084653,0.9900990099009901,1648.31398854902,5064900,16777216
2,6,1,20000,3,0.9891383421084653,0.9900990099009901,1648.31398854902,5126100,16777216
2,6,2,2000,0,0.47585891861563384,0.49679988368583794,1460.0675662706926,20065700,83886080
2,6,2,2000,1,0.4611176040098966,0.49679988368583794,1455.9263776534285,1605100,0
2,6,2,2000,2,0.4611176040098966,0.49679988368583794,1455.9263776534285,1687500,8388608
2,6,2,2000,3,0.4611176040098966,0.49679988368583794,1455.9263776534285,1199500,8388608
2,6,2,20000,0,0.4994438740250271,0.49679988368583794,14720.608380261478,183908100,59329104
2,6,2,20000,1,0.49120203099926213,0.49679988368583794,14677.243469196594,11188400,12582912
2,6,2,20000,2,0.49120203099926213,0.49679988368583794,14677.243469196594,8042900,12582912
2,6,2,20000,3,0.49120203099926213,0.49679988368583794,14677.243469196594,7702600,20971520
2,7,0,2000,3,0.5094356466112192,0.5,1466.3240927027625,1536100,8388608
2,7,0,2000,2,0.5094356466112192,0.5,1466.3240927027625,923100,4194304
2,7,0,2000,1,0.5094356466112192,0.5,1466.3240927027625,715300,4194304
2,7,0,2000,0,0.4979739737353776,0.5,1454.6245765501399,4338900,16777216
2,7,0,20000,3,0.4941783627656855,0.5,14634.433967315346,4814100,12582912
2,7,0,20000,2,0.4941783627656855,0.5,14634.433967315346,4869900,16777216
2,7,0,20000,1,0.4941783627656855,0.5,14634.433967315346,4636300,12582912
2,7,0,20000,0,0.4940902211660365,0.5,14558.092632630389,41177200,150994944
2,7,1,2000,3,0.9943296200669566,0.9900990099009901,172.96471085857462,1348000,8388608
2,7,1,2000,2,0.9943296200669566,0.9900990099009901,172.96471085857462,931900,4194304
2,7,1,2000,1,0.9943296200669566,0.9900990099009901,172.96471085857462,667100,0
2,7,1,2000,0,0.9956057692666891,0.9900990099009901,169.7211062407909,4303300,16777216
2,7,1,20000,3,0.991653613987985,0.9900990099009901,1709.1985516573006,4615200,16777216
2,7,1,20000,2,0.991653613987985,0.9900990099009901,1709.1985516573006,4720300,16777216
2,7,1,20000,1,0.991653613987985,0.9900990099009901,1709.1985516573006,4592600,12582912
2,7,1,20000,0,0.9936920955732679,0.9900990099009901,1703.954724378269,38733800,150994944
2,7,2,2000,3,0.5061424773979851,0.49679988368583794,1472.1263438264853,1547600,8388608
2,7,2,2000,2,0.5061424773979851,0.49679988368583794,1472.1263438264853,1351600,4194304
2,7,2,2000,1,0.5061424773979851,0.49679988368583794,1472.1263438264853,1281400,4194304
2,7,2,2000,0,0.49464407043562486,0.49679988368583794,1460.4783755959118,22671300,-717943984
2,7,2,20000,3,0.49095570326559707,0.49679988368583794,14692.408570761518,6864500,16777216
2,7,2,20000,2,0.49095570326559707,0.49679988368583794,14692.408570761518,9730600,16777216
2,7,2,20000,1,0.49095570326559707,0.49679988368583794,14692.408570761518,11929000,12582912
2,7,2,20000,0,0.4908359073339147,0.49679988368583794,14616.03223616274,168818000,-28386648
2,8,0,2000,0,0.48269239454835244,0.5,1444.0838393348133,4287000,16777216
2,8,0,2000,1,0.48273485978684977,0.5,1456.692824745071,729100,4194304
2,8,0,2000,2,0.48273485978684977,0.5,1456.692824745071,1132000,4194304
2,8,0,2000,3,0.48273485978684977,0.5,1456.692824745071,995800,4194304
2,8,0,20000,0,0.5020540485667326,0.5,14569.558178748042,35501000,150994944
2,8,0,20000,1,0.5021225518086276,0.5,14598.352433338327,4684300,12582912
2,8,0,20000,2,0.5021225518086276,0.5,14598.352433338327,4847200,12582912
2,8,0,20000,3,0.5021225518086276,0.5,14598.352433338327,4705500,20971520
2,8,1,2000,0,0.9940142610075904,0.9900990099009901,155.28495636500637,4218700,16777216
2,8,1,2000,1,0.9883307605328631,0.9900990099009901,160.52264280452005,1146400,0
2,8,1,2000,2,0.9883307605328631,0.9900990099009901,160.52264280452005,983000,4194304
2,8,1,2000,3,0.9883307605328631,0.9900990099009901,160.52264280452005,1180200,8388608
2,8,1,20000,0,0.9892212779561723,0.9900990099009901,1677.1457702232997,35486400,146800640
2,8,1,20000,1,0.9894997999742969,0.9900990099009901,1685.6113367809367,4594100,12582912
2,8,1,20000,2,0.9894997999742969,0.9900990099009901,1685.6113367809367,5362400,16777216
2,8,1,20000,3,0.9894997999742969,0.9900990099009901,1685.6113367809367,5275300,16777216
2,8,2,2000,0,0.47939490624213393,0.49679988368583794,1449.87982541939,18656400,83886080
2,8,2,2000,1,0.47950324208643624,0.49679988368583794,1462.5861475305871,1325800,0
2,8,2,2000,2,0.47950324208643624,0.49679988368583794,1462.5861475305871,1394100,8388608
2,8,2,2000,3,0.47950324208643624,0.49679988368583794,1462.5861475305871,1125400,8388608
2,8,2,20000,0,0.4988243502307123,0.49679988368583794,14627.196372543489,177535200,29110328
2,8,2,20000,1,0.4988953975209961,0.49679988368583794,14656.079845446724,10741300,12582912
2,8,2,20000,2,0.4988953975209961,0.49679988368583794,14656.079845446724,8149200,16777216
2,8,2,20000,3,0.4988953975209961,0.49679988368583794,14656.079845446724,7785900,16777216
2,9,0,2000,3,0.49666635031027473,0.5,1450.3521038284016,997400,8388608
2,9,0,2000,2,0.49666635031027473,0.5,1450.3521038284016,848900,8388608
2,9,0,2000,1,0.49666635031027473,0.5,1450.3521038284016,668600,0
2,9,0,2000,0,0.4716203907806936,0.5,1464.1373708970918,4701300,16777216
2,9,0,20000,3,0.5041560938995097,0.5,14663.041923738092,4324900,16777216
2,9,0,20000,2,0.5041560938995097,0.5,14663.041923738092,4679200,16777216
2,9,0,20000,1,0.5041560938995097,0.5,14663.041923738092,4591700,12582912
2,9,0,20000,0,0.5065190278704247,0.5,14669.12078647373,35622900,-658295840
2,9,1,2000,3,0.9854936748220935,0.9900990099009901,174.89607995489996,1251500,8388608
2,9,1,2000,2,0.9854936748220935,0.9900990099009901,174.89607995489996,893900,4194304
2,9,1,2000,1,0.9854936748220935,0.9900990099009901,174.89607995489996,660300,0
2,9,1,2000,0,0.9870182888580882,0.9900990099009901,165.0162922346773,4180800,16777216
2,9,1,20000,3,0.9896297781455412,0.9900990099009901,1725.7054386843797,4733100,16777216
2,9,1,20000,2,0.9896297781455412,0.9900990099009901,1725.7054386843797,5453600,12582912
2,9,1,20000,1,0.9896297781455412,0.9900990099009901,1725.7054386843797,4521900,12582912
2,9,1,20000,0,0.9930608106770904,0.9900990099009901,1756.2698087441545,34328700,146800640
2,9,2,2000,3,0.4933511890101795,0.49679988368583794,1456.2280785902194,1467900,12582912
2,9,2,2000,2,0.4933511890101795,0.49679988368583794,1456.2280785902194,1672600,4194304
2,9,2,2000,1,0.4933511890101795,0.49679988368583794,1456.2280785902194,1452200,0
2,9,2,2000,0,0.46829001876902304,0.49679988368583794,1470.030525419808,19611600,88080384
2,9,2,20000,3,0.5009357286686913,0.49679988368583794,14720.63090450909,7426100,16777216
2,9,2,20000,2,0.5009357286686913,0.49679988368583794,14720.63090450909,7794800,16777216
2,9,2,20000,1,0.5009357286686913,0.49679988368583794,14720.63090450909,10682400,12582912
2,9,2,20000,0,0.5032952586641103,0.49679988368583794,14726.313212677622,176947300,25038928
2,10,0,2000,0,0.5007992623860249,0.5,1485.4648951130741,4287900,16777216
2,10,0,2000,1,0.4994430683276377,0.5,1480.5192759189429,782200,0
2,10,0,2000,2,0.4994430683276377,0.5,1480.5192759189429,1157800,8388608
2,10,0,2000,3,0.4994430683276377,0.5,1480.5192759189429,970000,8388608
2,10,0,20000,0,0.5015983910154024,0.5,14713.157321505752,34430900,146800640
2,10,0,20000,1,0.5060987438988941,0.5,14708.65215891491,4814800,12582912
2,10,0,20000,2,0.5060987438988941,0.5,14708.65215891491,4676100,16777216
2,10,0,20000,3,0.5060987438988941,0.5,14708.65215891491,5496000,16777216
2,10,1,2000,0,0.9903013371860944,0.9900990099009901,178.1478006481154,4363900,16777216
2,10,1,2000,1,0.983324457521388,0.9900990099009901,173.49889377050863,799800,0
2,10,1,2000,2,0.983324457521388,0.9900990099009901,173.49889377050863,1088600,8388608
2,10,1,2000,3,0.983324457521388,0.9900990099009901,173.49889377050863,953500,8388608
2,10,1,20000,0,0.9889319804968447,0.9900990099009901,1698.9101710058749,38586900,-658414128
2,10,1,20000,1,0.9869138914406043,0.9900990099009901,1715.5296883813403,5599900,12582912
2,10,1,20000,2,0.9869138914406043,0.9900990099009901,1715.5296883813403,6511700,16777216
2,10,1,20000,3,0.9869138914406043,0.9900990099009901,1715.5296883813403,4583800,16777216
2,10,2,2000,0,0.4976693636246198,0.49679988368583794,1491.02319248563,19360500,88080384
2,10,2,2000,1,0.4963178740451135,0.49679988368583794,1486.1854228918153,1303200,4194304
2,10,2,2000,2,0.4963178740451135,0.49679988368583794,1486.1854228918153,1269700,4194304
2,10,2,2000,3,0.4963178740451135,0.49679988368583794,1486.1854228918153,1120400,8388608
2,10,2,20000,0,0.49844035910298656,0.49679988368583794,14769.570363451694,180730700,58867456
2,10,2,20000,1,0.5029245784116216,0.49679988368583794,14765.250292316347,10858000,8388608
2,10,2,20000,2,0.5029245784116216,0.49679988368583794,14765.250292316347,11125900,16777216
2,10,2,20000,3,0.5029245784116216,0.49679988368583794,14765.250292316347,7123900,20971520
2,11,0,2000,3,0.4802872206547506,0.5,1472.2510276388978,1075300,8388608
2,11,0,2000,2,0.4802872206547506,0.5,1472.2510276388978,909600,4194304
2,11,0,2000,1,0.4802872206547506,0.5,1472.2510276388978,888900,0
2,11,0,2000,0,0.48571743857490307,0.5,1486.8150667336088,6316200,16777216
2,11,0,20000,3,0.49348654764743377,0.5,14695.654520391327,5282900,16777216
2,11,0,20000,2,0.49348654764743377,0.5,14695.654520391327,6856400,16777216
2,11,0,20000,1,0.49348654764743377,0.5,14695.654520391327,5765000,12582912
2,11,0,20000,0,0.4991409885849892,0.5,14657.410574216754,39453700,146800640
2,11,1,2000,3,0.9896978626179812,0.9900990099009901,161.9523453112033,1302000,8388608
2,11,1,2000,2,0.9896978626179812,0.9900990099009901,161.9523453112033,902300,8388608
2,11,1,2000,1,0.9896978626179812,0.9900990099009901,161.9523453112033,649200,0
2,11,1,2000,0,0.98521946041328,0.9900990099009901,163.65431591845342,4093400,16777216
2,11,1,20000,3,0.9890581506676452,0.9900990099009901,1716.755419726194,5332900,16777216
2,11,1,20000,2,0.9890581506676452,0.9900990099009901,1716.755419726194,4616500,12582912
2,11,1,20000,1,0.9890581506676452,0.9900990099009901,1716.755419726194,4586000,12582912
2,11,1,20000,0,0.9916156579252929,0.9900990099009901,1702.7414351630086,34349200,150994944
2,11,2,2000,3,0.4770859413652119,0.49679988368583794,1478.05167745982,1586500,8388608
2,11,2,2000,2,0.4770859413652119,0.49679988368583794,1478.05167745982,1506500,8388608
2,11,2,2000,1,0.4770859413652119,0.49679988368583794,1478.05167745982,1285800,0
2,11,2,2000,0,0.4825757940853951,0.49679988368583794,1492.5265456329385,21665700,-717934992
2,11,2,20000,3,0.49029136610380014,0.49679988368583794,14753.392242282232,7050100,16777216
2,11,2,20000,2,0.49029136610380014,0.49679988368583794,14753.392242282232,9673900,16777216
2,11,2,20000,1,0.49029136610380014,0.49679988368583794,14753.392242282232,10786700,12582912
2,11,2,20000,0,0.4959374893580772,0.49679988368583794,14714.51006567145,169930400,30223216
2,12,0,2000,0,0.49813511759031,0.5,1473.1831924065214,4263000,12582912
2,12,0,2000,1,0.5070317430908161,0.5,1462.0012251437984,768100,4194304
2,12,0,2000,2,0.5070317430908161,0.5,1462.0012251437984,1099000,4194304
2,12,0,2000,3,0.5070317430908161,0.5,1462.0012251437984,991800,8388608
2,12,0,20000,0,0.5013499236854322,0.5,14679.762328490242,35413100,146800640
2,12,0,20000,1,0.4929490854930922,0.5,14631.074696413418,4981800,12582912
2,12,0,20000,2,0.4929490854930922,0.5,14631.074696413418,4903100,16777216
2,12,0,20000,3,0.4929490854930922,0.5,14631.074696413418,5441600,16777216
2,12,1,2000,0,0.9803572359758193,0.9900990099009901,164.9775890906964,4761200,16777216
2,12,1,2000,1,0.9914501706643377,0.9900990099009901,171.73020929036912,738000,0
2,12,1,2000,2,0.9914501706643377,0.9900990099009901,171.73020929036912,917100,4194304
2,12,1,2000,3,0.9914501706643377,0.9900990099009901,171.73020929036912,939300,8388608
2,12,1,20000,0,0.9879316226287981,0.9900990099009901,1744.3407072054451,33700500,150994944
2,12,1,20000,1,0.9905025714567005,0.9900990099009901,1682.5478160293187,4595100,12582912
2,12,1,20000,2,0.9905025714567005,0.9900990099009901,1682.5478160293187,4835700,16777216
2,12,1,20000,3,0.9905025714567005,0.9900990099009901,1682.5478160293187,5632800,16777216
2,12,2,2000,0,0.4950223052971806,0.49679988368583794,1478.8408760031086,19130800,88080384
2,12,2,2000,1,0.5038424052121633,0.49679988368583794,1467.7343670952107,1333000,0
2,12,2,2000,2,0.5038424052121633,0.49679988368583794,1467.7343670952107,1435300,4194304
2,12,2,2000,3,0.5038424052121633,0.49679988368583794,1467.7343670952107,1172900,12582912
2,12,2,20000,0,0.49818983414828705,0.49679988368583794,14736.423552717686,178148200,58059328
2,12,2,20000,1,0.48974987103263234,0.49679988368583794,14688.579380263467,10597500,8388608
2,12,2,20000,2,0.48974987103263234,0.49679988368583794,14688.579380263467,9645800,16777216
2,12,2,20000,3,0.48974987103263234,0.49679988368583794,14688.579380263467,8318800,20971520
2,13,0,2000,3,0.48293012466420276,0.5,1468.4572128728419,2282900,-801397072
2,13,0,2000,2,0.48293012466420276,0.5,1468.4572128728419,875800,4194304
2,13,0,2000,1,0.48293012466420276,0.5,1468.4572128728419,645400,4194304
2,13,0,2000,0,0.5024286687479678,0.5,1462.0524575721017,4263900,12582912
2,13,0,20000,3,0.49570158331429226,0.5,14630.077796319538,4677800,16777216
2,13,0,20000,2,0.49570158331429226,0.5,14630.077796319538,5501200,16777216
2,13,0,20000,1,0.49570158331429226,0.5,14630.077796319538,5075400,12582912
2,13,0,20000,0,0.5021463289186886,0.5,14659.465824223053,35431600,150994944
2,13,1,2000,3,0.9941820425875064,0.9900990099009901,170.54363181679904,1323700,4194304
2,13,1,2000,2,0.9941820425875064,0.9900990099009901,170.54363181679904,844900,8388608
2,13,1,2000,1,0.9941820425875064,0.9900990099009901,170.54363181679904,666700,0
2,13,1,2000,0,0.9978278539185064,0.9900990099009901,184.4216769343756,4817100,16777216
2,13,1,20000,3,0.9875964758816912,0.9900990099009901,1702.5571837574914,5155200,16777216
2,13,1,20000,2,0.9875964758816912,0.9900990099009901,1702.5571837574914,4688200,16777216
2,13,1,20000,1,0.9875964758816912,0.9900990099009901,1702.5571837574914,5212100,12582912
2,13,1,20000,0,0.9889606928318996,0.9900990099009901,1725.8286622763599,34757500,150994944
2,13,2,2000,3,0.47978267163017224,0.49679988368583794,1474.1611050989216,1476200,8388608
2,13,2,2000,2,0.47978267163017224,0.49679988368583794,1474.1611050989216,1210900,4194304
2,13,2,2000,1,0.47978267163017224,0.49679988368583794,1474.1611050989216,1248800,4194304
2,13,2,2000,0,0.49916974072396386,0.49679988368583794,1467.7740151710018,19714000,88080384
2,13,2,20000,3,0.4924926858750603,0.49679988368583794,14687.845400252872,6979100,16777216
2,13,2,20000,2,0.4924926858750603,0.49679988368583794,14687.845400252872,8555000,16777216
2,13,2,20000,1,0.4924926858750603,0.49679988368583794,14687.845400252872,11825900,12582912
2,13,2,20000,0,0.4989636598490881,0.49679988368583794,14716.476074005972,185955500,59085424
2,14,0,2000,0,0.5009278540434043,0.5,1498.2456996795627,4469100,16777216
2,14,0,2000,1,0.5242932806739056,0.5,1487.7995767311959,768000,4194304
2,14,0,2000,2,0.5242932806739056,0.5,1487.7995767311959,1118400,4194304
2,14,0,2000,3,0.5242932806739056,0.5,1487.7995767311959,1314200,4194304
2,14,0,20000,0,0.49749127011135025,0.5,14698.714253085695,35324600,-653694632
2,14,0,20000,1,0.5016440482109455,0.5,14693.62257282013,4916300,12582912
2,14,0,20000,2,0.5016440482109455,0.5,14693.62257282013,5295500,16777216
2,14,0,20000,3,0.5016440482109455,0.5,14693.62257282013,5348300,16777216
2,14,1,2000,0,0.9940226997715867,0.9900990099009901,180.10772505126073,5041500,16777216
2,14,1,2000,1,0.9959450040807213,0.9900990099009901,180.81560226917728,892900,0
2,14,1,2000,2,0.9959450040807213,0.9900990099009901,180.81560226917728,951200,4194304
2,14,1,2000,3,0.9959450040807213,0.9900990099009901,180.81560226917728,1081400,8388608
2,14,1,20000,0,0.9917111530775483,0.9900990099009901,1669.880942632134,36367000,150994944
2,14,1,20000,1,0.9902055460165523,0.9900990099009901,1741.5277166601215,7918100,12582912
2,14,1,20000,2,0.9902055460165523,0.9900990099009901,1741.5277166601215,6488900,16777216
2,14,1,20000,3,0.9902055460165523,0.9900990099009901,1741.5277166601215,4587100,16777216
2,14,2,2000,0,0.4979318189432297,0.49679988368583794,1503.8120014759336,30018400,88080384
2,14,2,2000,1,0.5213490849370549,0.49679988368583794,1493.1452410563568,1812900,4194304
2,14,2,2000,2,0.5213490849370549,0.49679988368583794,1493.1452410563568,1755500,4194304
2,14,2,2000,3,0.5213490849370549,0.49679988368583794,1493.1452410563568,1238700,8388608
2,14,2,20000,0,0.4943078597053157,0.49679988368583794,14755.481412720126,177865700,70979360
2,14,2,20000,1,0.4984536986703756,0.49679988368583794,14750.599874281092,10978300,12582912
2,14,2,20000,2,0.4984536986703756,0.49679988368583794,14750.599874281092,9955300,16777216
2,14,2,20000,3,0.4984536986703756,0.49679988368583794,14750.599874281092,7533000,16777216
2,15,0,2000,3,0.4884171783573331,0.5,1480.4172345813208,1117400,8388608
2,15,0,2000,2,0.4884171783573331,0.5,1480.4172345813208,849500,8388608
2,15,0,2000,1,0.4884171783573331,0.5,1480.4172345813208,629300,0
2,15,0,2000,0,0.47503982643244114,0.5,1472.7281605523433,4231100,16777216
2,15,0,20000,3,0.4902305936533026,0.5,14675.1946427262,5020400,16777216
2,15,0,20000,2,0.4902305936533026,0.5,14675.1946427262,5731100,16777216
2,15,0,20000,1,0.4902305936533026,0.5,14675.1946427262,4568700,12582912
2,15,0,20000,0,0.4930323958395896,0.5,14690.251333086168,34359800,150994944
2,15,1,2000,3,0.9873804527048898,0.9900990099009901,160.34665603831314,1735500,4194304
2,15,1,2000,2,0.9873804527048898,0.9900990099009901,160.34665603831314,868300,8388608
2,15,1,2000,1,0.9873804527048898,0.9900990099009901,160.34665603831314,684700,0
2,15,1,2000,0,0.9962513322814621,0.9900990099009901,156.912308299333,4928000,16777216
2,15,1,20000,3,0.9902854730087505,0.9900990099009901,1700.1013420565487,4480200,16777216
2,15,1,20000,2,0.9902854730087505,0.9900990099009901,1700.1013420565487,6008700,-788634784
2,15,1,20000,1,0.9902854730087505,0.9900990099009901,1700.1013420565487,4665400,12582912
2,15,1,20000,0,0.9911743169904675,0.9900990099009901,1695.3682217769085,45761700,150994944
2,15,2,2000,3,0.48523798029941007,0.49679988368583794,1486.1490991801593,1545700,8388608
2,15,2,2000,2,0.48523798029941007,0.49679988368583794,1486.1490991801593,1502200,4194304
2,15,2,2000,1,0.48523798029941007,0.49679988368583794,1486.1490991801593,1315500,4194304
2,15,2,2000,0,0.4719088842458651,0.49679988368583794,1478.6320519701235,20383500,79691776
2,15,2,20000,3,0.48703402206443563,0.49679988368583794,14732.921525036749,7591900,16777216
2,15,2,20000,2,0.48703402206443563,0.49679988368583794,14732.921525036749,8831600,16777216
2,15,2,20000,1,0.48703402206443563,0.49679988368583794,14732.921525036749,13943200,12582912
2,15,2,20000,0,0.4898578920067084,0.49679988368583794,14747.788186336475,219128500,-29088928
2,16,0,2000,0,0.48467450946063917,0.5,1457.9404271382957,4765000,16777216
2,16,0,2000,1,0.4777609710492447,0.5,1457.4082246139133,806400,0
2,16,0,2000,2,0.4777609710492447,0.5,1457.4082246139133,1201100,4194304
2,16,0,2000,3,0.4777609710492447,0.5,1457.4082246139133,976300,8388608
2,16,0,20000,0,0.5037359378370045,0.5,14660.161093062661,48500700,150994944
2,16,0,20000,1,0.5002786253869578,0.5,14671.602743942152,5674800,12582912
2,16,0,20000,2,0.5002786253869578,0.5,14671.602743942152,5330800,12582912
2,16,0,20000,3,0.5002786253869578,0.5,14671.602743942152,4740300,20971520
2,16,1,2000,0,0.9931124061350924,0.9900990099009901,152.1011175045047,4274100,16777216
2,16,1,2000,1,0.9837429731374099,0.9900990099009901,160.13074686297213,871000,0
2,16,1,2000,2,0.9837429731374099,0.9900990099009901,160.13074686297213,1229100,4194304
2,16,1,2000,3,0.9837429731374099,0.9900990099009901,160.13074686297213,965000,8388608
2,16,1,20000,0,0.9861736857954427,0.9900990099009901,1716.3760398774773,36270100,146800640
2,16,1,20000,1,0.9890401716008987,0.9900990099009901,1716.6664136026827,4667700,12582912
2,16,1,20000,2,0.9890401716008987,0.9900990099009901,1716.6664136026827,5310800,16777216
2,16,1,20000,3,0.9890401716008987,0.9900990099009901,1716.6664136026827,5322400,16777216
2,16,2,2000,0,0.4813591872903784,0.49679988368583794,1463.8033834396797,19786000,-721970024
2,16,2,2000,1,0.4744807902304395,0.49679988368583794,1463.2449819923884,1374300,4194304
2,16,2,2000,2,0.4744807902304395,0.49679988368583794,1463.2449819923884,1665900,4194304
2,16,2,2000,3,0.4744807902304395,0.49679988368583794,1463.2449819923884,1185100,8388608
2,16,2,20000,0,0.5005216160541809,0.49679988368583794,14717.024491258904,187527200,26045760
2,16,2,20000,1,0.4970633411533785,0.49679988368583794,14728.64023904477,11865500,12582912
2,16,2,20000,2,0.4970633411533785,0.49679988368583794,14728.64023904477,10781500,16777216
2,16,2,20000,3,0.4970633411533785,0.49679988368583794,14728.64023904477,7842300,20971520
2,17,0,2000,3,0.5055888821695033,0.5,1467.6336491322525,1218500,4194304
2,17,0,2000,2,0.5055888821695033,0.5,1467.6336491322525,955600,8388608
2,17,0,2000,1,0.5055888821695033,0.5,1467.6336491322525,826500,0
2,17,0,2000,0,0.520549220232245,0.5,1475.5378444220771,4773100,16777216
2,17,0,20000,3,0.5025421207921122,0.5,14711.856872111266,5036300,16777216
2,17,0,20000,2,0.5025421207921122,0.5,14711.856872111266,4543400,16777216
2,17,0,20000,1,0.5025421207921122,0.5,14711.856872111266,5608300,8388608
2,17,0,20000,0,0.4895550604983524,0.5,14638.619432578425,35839000,150994944
2,17,1,2000,3,0.9920209561089123,0.9900990099009901,182.52541151529869,1185200,8388608
2,17,1,2000,2,0.9920209561089123,0.9900990099009901,182.52541151529869,872000,4194304
2,17,1,2000,1,0.9920209561089123,0.9900990099009901,182.52541151529869,693600,0
2,17,1,2000,0,0.9916645111767893,0.9900990099009901,170.59237931329238,4175100,16777216
2,17,1,20000,3,0.9909458283664562,0.9900990099009901,1694.7020885945592,6583800,16777216
2,17,1,20000,2,0.9909458283664562,0.9900990099009901,1694.7020885945592,5097100,16777216
2,17,1,20000,1,0.9909458283664562,0.9900990099009901,1694.7020885945592,5597100,12582912
2,17,1,20000,0,0.9864089855914885,0.9900990099009901,1693.7853635558367,37847400,146800640
2,17,2,2000,3,0.5023938067931417,0.49679988368583794,1473.3109356747318,1587500,12582912
2,17,2,2000,2,0.5023938067931417,0.49679988368583794,1473.3109356747318,2053600,4194304
2,17,2,2000,1,0.5023938067931417,0.49679988368583794,1473.3109356747318,1360400,4194304
2,17,2,2000,0,0.517411708191347,0.49679988368583794,1481.237492445891,23555800,83886080
2,17,2,20000,3,0.49939924257924406,0.49679988368583794,14768.6126713242,7516000,16777216
2,17,2,20000,2,0.49939924257924406,0.49679988368583794,14768.6126713242,7956000,16777216
2,17,2,20000,1,0.49939924257924406,0.49679988368583794,14768.6126713242,11182900,12582912
2,17,2,20000,0,0.4863323514821351,0.49679988368583794,14696.230907100853,205162600,28563792
2,18,0,2000,0,0.5061213486156743,0.5,1493.493661986064,5820900,12582912
2,18,0,2000,1,0.4982517260753294,0.5,1475.403264656532,893800,4194304
2,18,0,2000,2,0.4982517260753294,0.5,1475.403264656532,1163900,4194304
2,18,0,2000,3,0.4982517260753294,0.5,1475.403264656532,923200,8388608
2,18,0,20000,0,0.5009797828932696,0.5,14662.390522147014,40285100,-654286272
2,18,0,20000,1,0.5031017356263212,0.5,14685.146555189762,6138600,12582912
2,18,0,20000,2,0.5031017356263212,0.5,14685.146555189762,5301900,12582912
2,18,0,20000,3,0.5031017356263212,0.5,14685.146555189762,5026800,16777216
2,18,1,2000,0,0.9833214290639646,0.9900990099009901,155.48696671229519,6283000,16777216
2,18,1,2000,1,0.9754681125088046,0.9900990099009901,168.7661168337458,890200,0
2,18,1,2000,2,0.9754681125088046,0.9900990099009901,168.7661168337458,1164900,8388608
2,18,1,2000,3,0.9754681125088046,0.9900990099009901,168.7661168337458,1053300,4194304
2,18,1,20000,0,0.9892730459205408,0.9900990099009901,1642.0611835433592,46190400,150994944
2,18,1,20000,1,0.9882050064761041,0.9900990099009901,1646.6547585074,6586700,12582912
2,18,1,20000,2,0.9882050064761041,0.9900990099009901,1646.6547585074,5247500,16777216
2,18,1,20000,3,0.9882050064761041,0.9900990099009901,1646.6547585074,5601100,16777216
2,18,2,2000,0,0.5031409392709466,0.49679988368583794,1499.0144041271747,23922700,88080384
2,18,2,2000,1,0.4951643659163835,0.49679988368583794,1480.9395541206975,1559400,4194304
2,18,2,2000,2,0.4951643659163835,0.49679988368583794,1480.9395541206975,1645100,4194304
2,18,2,2000,3,0.4951643659163835,0.49679988368583794,1480.9395541206975,1426700,8388608
2,18,2,20000,0,0.4977717464364417,0.49679988368583794,14719.438855322858,204333900,58926912
2,18,2,20000,1,0.49993845591006636,0.49679988368583794,14742.070267361183,10735300,8388608
2,18,2,20000,2,0.49993845591006636,0.49679988368583794,14742.070267361183,11548600,16777216
2,18,2,20000,3,0.49993845591006636,0.49679988368583794,14742.070267361183,7827500,20971520
2,19,0,2000,3,0.521693202026616,0.5,1458.3891377925688,1496500,8388608
2,19,0,2000,2,0.521693202026616,0.5,1458.3891377925688,891400,4194304
2,19,0,2000,1,0.521693202026616,0.5,1458.3891377925688,876500,0
2,19,0,2000,0,0.4899171849881289,0.5,1452.9577231453468,5784200,16777216
2,19,0,20000,3,0.5060118184199248,0.5,14645.673896550561,4537900,16777216
2,19,0,20000,2,0.5060118184199248,0.5,14645.673896550561,5035800,16777216
2,19,0,20000,1,0.5060118184199248,0.5,14645.673896550561,4487700,12582912
2,19,0,20000,0,0.5005759304269202,0.5,14614.113643522578,39459900,-657710928
2,19,1,2000,3,0.9991445952875265,0.9900990099009901,164.27711478599036,1401300,8388608
2,19,1,2000,2,0.9991445952875265,0.9900990099009901,164.27711478599036,963300,8388608
2,19,1,2000,1,0.9991445952875265,0.9900990099009901,164.27711478599036,800600,0
2,19,1,2000,0,0.9881740906602644,0.9900990099009901,155.03934936759086,5858300,16777216
2,19,1,20000,3,0.9910547012159183,0.9900990099009901,1705.7816386607262,5150900,16777216
2,19,1,20000,2,0.9910547012159183,0.9900990099009901,1705.7816386607262,6413900,16777216
2,19,1,20000,1,0.9910547012159183,0.9900990099009901,1705.7816386607262,4751400,12582912
2,19,1,20000,0,0.9926894863680747,0.9900990099009901,1699.9358670845331,36493000,146800640
2,19,2,2000,3,0.5185250687481218,0.49679988368583794,1463.9837404823575,1458500,12582912
2,19,2,2000,2,0.5185250687481218,0.49679988368583794,1463.9837404823575,1239200,4194304
2,19,2,2000,1,0.5185250687481218,0.49679988368583794,1463.9837404823575,1257000,0
2,19,2,2000,0,0.48669386825673955,0.49679988368583794,1458.7923858871163,19493800,83886080
2,19,2,20000,3,0.5028087259492209,0.49679988368583794,14702.825317322902,7136000,20971520
2,19,2,20000,2,0.5028087259492209,0.49679988368583794,14702.825317322902,9257000,16777216
2,19,2,20000,1,0.5028087259492209,0.49679988368583794,14702.825317322902,10967900,12582912
2,19,2,20000,0,0.4973272234214597,0.49679988368583794,14671.868477342208,183972100,24625936
